solid OpenSCAD_Model
  facet normal -1 0 0
    outer loop
      vertex 25 -12.5 -19.5
      vertex 25 -12.5 -1.5
      vertex 25 -6.5 -1.5
    endloop
  endfacet
  facet normal 0 0 -1
    outer loop
      vertex 25 -12.5 -19.5
      vertex 25 -6.5 -19.5
      vertex 27 -12.5 -19.5
    endloop
  endfacet
  facet normal -1 0 0
    outer loop
      vertex 25 -12.5 -19.5
      vertex 25 -6.5 -1.5
      vertex 25 -6.5 -19.5
    endloop
  endfacet
  facet normal 0 -1 0
    outer loop
      vertex 25 -12.5 -19.5
      vertex 27 -12.5 -19.5
      vertex 25 -12.5 -1.5
    endloop
  endfacet
  facet normal 0 -1 0
    outer loop
      vertex 25 -12.5 -1.5
      vertex 27 -12.5 -19.5
      vertex 27 -12.5 -1.5
    endloop
  endfacet
  facet normal 0 0 1
    outer loop
      vertex 25 -12.5 -1.5
      vertex 27 -12.5 -1.5
      vertex 25 -6.5 -1.5
    endloop
  endfacet
  facet normal 0 1 0
    outer loop
      vertex 25 -6.5 -19.5
      vertex 25 -6.5 -1.5
      vertex 27 -6.5 -1.5
    endloop
  endfacet
  facet normal 0 0 -1
    outer loop
      vertex 25 -6.5 -19.5
      vertex 27 -6.5 -19.5
      vertex 27 -12.5 -19.5
    endloop
  endfacet
  facet normal 0 1 0
    outer loop
      vertex 25 -6.5 -19.5
      vertex 27 -6.5 -1.5
      vertex 27 -6.5 -19.5
    endloop
  endfacet
  facet normal 0 0 1
    outer loop
      vertex 25 -6.5 -1.5
      vertex 27 -12.5 -1.5
      vertex 27 -6.5 -1.5
    endloop
  endfacet
  facet normal 1 0 0
    outer loop
      vertex 27 -12.5 -19.5
      vertex 27 -6.5 -19.5
      vertex 27 -12.5 -1.5
    endloop
  endfacet
  facet normal 1 0 0
    outer loop
      vertex 27 -12.5 -1.5
      vertex 27 -6.5 -19.5
      vertex 27 -6.5 -1.5
    endloop
  endfacet
  facet normal -1 0 0
    outer loop
      vertex 6.5 25 -19.5
      vertex 6.5 25 -1.5
      vertex 6.5 27 -1.5
    endloop
  endfacet
  facet normal 0 0 -1
    outer loop
      vertex 6.5 25 -19.5
      vertex 6.5 27 -19.5
      vertex 12.5 27 -19.5
    endloop
  endfacet
  facet normal -1 0 0
    outer loop
      vertex 6.5 25 -19.5
      vertex 6.5 27 -1.5
      vertex 6.5 27 -19.5
    endloop
  endfacet
  facet normal 0 -1 0
    outer loop
      vertex 6.5 25 -19.5
      vertex 12.5 25 -19.5
      vertex 6.5 25 -1.5
    endloop
  endfacet
  facet normal 0 0 -1
    outer loop
      vertex 6.5 25 -19.5
      vertex 12.5 27 -19.5
      vertex 12.5 25 -19.5
    endloop
  endfacet
  facet normal 0 -1 0
    outer loop
      vertex 6.5 25 -1.5
      vertex 12.5 25 -19.5
      vertex 12.5 25 -1.5
    endloop
  endfacet
  facet normal 0 0 1
    outer loop
      vertex 6.5 25 -1.5
      vertex 12.5 25 -1.5
      vertex 12.5 27 -1.5
    endloop
  endfacet
  facet normal 0 0 1
    outer loop
      vertex 6.5 25 -1.5
      vertex 12.5 27 -1.5
      vertex 6.5 27 -1.5
    endloop
  endfacet
  facet normal 0 1 0
    outer loop
      vertex 6.5 27 -19.5
      vertex 6.5 27 -1.5
      vertex 12.5 27 -1.5
    endloop
  endfacet
  facet normal 0 1 0
    outer loop
      vertex 6.5 27 -19.5
      vertex 12.5 27 -1.5
      vertex 12.5 27 -19.5
    endloop
  endfacet
  facet normal 1 0 0
    outer loop
      vertex 12.5 25 -19.5
      vertex 12.5 27 -19.5
      vertex 12.5 25 -1.5
    endloop
  endfacet
  facet normal 1 0 0
    outer loop
      vertex 12.5 25 -1.5
      vertex 12.5 27 -19.5
      vertex 12.5 27 -1.5
    endloop
  endfacet
  facet normal -1 0 0
    outer loop
      vertex -27 6.5 -19.5
      vertex -27 6.5 -1.5
      vertex -27 12.5 -1.5
    endloop
  endfacet
  facet normal 0 0 -1
    outer loop
      vertex -27 6.5 -19.5
      vertex -27 12.5 -19.5
      vertex -25 6.5 -19.5
    endloop
  endfacet
  facet normal -1 0 0
    outer loop
      vertex -27 6.5 -19.5
      vertex -27 12.5 -1.5
      vertex -27 12.5 -19.5
    endloop
  endfacet
  facet normal 0 -1 0
    outer loop
      vertex -27 6.5 -19.5
      vertex -25 6.5 -19.5
      vertex -27 6.5 -1.5
    endloop
  endfacet
  facet normal 0 -1 0
    outer loop
      vertex -27 6.5 -1.5
      vertex -25 6.5 -19.5
      vertex -25 6.5 -1.5
    endloop
  endfacet
  facet normal 0 0 1
    outer loop
      vertex -27 6.5 -1.5
      vertex -25 6.5 -1.5
      vertex -27 12.5 -1.5
    endloop
  endfacet
  facet normal 0 1 0
    outer loop
      vertex -27 12.5 -19.5
      vertex -27 12.5 -1.5
      vertex -25 12.5 -1.5
    endloop
  endfacet
  facet normal 0 0 -1
    outer loop
      vertex -27 12.5 -19.5
      vertex -25 12.5 -19.5
      vertex -25 6.5 -19.5
    endloop
  endfacet
  facet normal 0 1 0
    outer loop
      vertex -27 12.5 -19.5
      vertex -25 12.5 -1.5
      vertex -25 12.5 -19.5
    endloop
  endfacet
  facet normal 0 0 1
    outer loop
      vertex -27 12.5 -1.5
      vertex -25 6.5 -1.5
      vertex -25 12.5 -1.5
    endloop
  endfacet
  facet normal 1 0 0
    outer loop
      vertex -25 6.5 -19.5
      vertex -25 12.5 -19.5
      vertex -25 6.5 -1.5
    endloop
  endfacet
  facet normal 1 0 0
    outer loop
      vertex -25 6.5 -1.5
      vertex -25 12.5 -19.5
      vertex -25 12.5 -1.5
    endloop
  endfacet
  facet normal -1 0 0
    outer loop
      vertex -12.5 -27 -19.5
      vertex -12.5 -27 -1.5
      vertex -12.5 -25 -1.5
    endloop
  endfacet
  facet normal 0 0 -1
    outer loop
      vertex -12.5 -27 -19.5
      vertex -12.5 -25 -19.5
      vertex -6.5 -25 -19.5
    endloop
  endfacet
  facet normal -1 0 0
    outer loop
      vertex -12.5 -27 -19.5
      vertex -12.5 -25 -1.5
      vertex -12.5 -25 -19.5
    endloop
  endfacet
  facet normal 0 -1 0
    outer loop
      vertex -12.5 -27 -19.5
      vertex -6.5 -27 -19.5
      vertex -12.5 -27 -1.5
    endloop
  endfacet
  facet normal 0 0 -1
    outer loop
      vertex -12.5 -27 -19.5
      vertex -6.5 -25 -19.5
      vertex -6.5 -27 -19.5
    endloop
  endfacet
  facet normal 0 -1 0
    outer loop
      vertex -12.5 -27 -1.5
      vertex -6.5 -27 -19.5
      vertex -6.5 -27 -1.5
    endloop
  endfacet
  facet normal 0 0 1
    outer loop
      vertex -12.5 -27 -1.5
      vertex -6.5 -27 -1.5
      vertex -6.5 -25 -1.5
    endloop
  endfacet
  facet normal 0 0 1
    outer loop
      vertex -12.5 -27 -1.5
      vertex -6.5 -25 -1.5
      vertex -12.5 -25 -1.5
    endloop
  endfacet
  facet normal 0 1 0
    outer loop
      vertex -12.5 -25 -19.5
      vertex -12.5 -25 -1.5
      vertex -6.5 -25 -1.5
    endloop
  endfacet
  facet normal 0 1 0
    outer loop
      vertex -12.5 -25 -19.5
      vertex -6.5 -25 -1.5
      vertex -6.5 -25 -19.5
    endloop
  endfacet
  facet normal 1 0 0
    outer loop
      vertex -6.5 -27 -19.5
      vertex -6.5 -25 -19.5
      vertex -6.5 -27 -1.5
    endloop
  endfacet
  facet normal 1 0 0
    outer loop
      vertex -6.5 -27 -1.5
      vertex -6.5 -25 -19.5
      vertex -6.5 -25 -1.5
    endloop
  endfacet
  facet normal -1 0 0
    outer loop
      vertex 25 -12.5 -12
      vertex 25 -12.5 -4
      vertex 25 -6.5 -4
    endloop
  endfacet
  facet normal 0 0 -1
    outer loop
      vertex 25 -12.5 -12
      vertex 25 -6.5 -12
      vertex 30 -12.5 -12
    endloop
  endfacet
  facet normal -1 0 0
    outer loop
      vertex 25 -12.5 -12
      vertex 25 -6.5 -4
      vertex 25 -6.5 -12
    endloop
  endfacet
  facet normal 0 -1 0
    outer loop
      vertex 25 -12.5 -12
      vertex 30 -12.5 -12
      vertex 25 -12.5 -4
    endloop
  endfacet
  facet normal 0 -1 0
    outer loop
      vertex 25 -12.5 -4
      vertex 30 -12.5 -12
      vertex 30 -12.5 -4
    endloop
  endfacet
  facet normal 0 0 1
    outer loop
      vertex 25 -12.5 -4
      vertex 30 -12.5 -4
      vertex 25 -6.5 -4
    endloop
  endfacet
  facet normal 0 1 0
    outer loop
      vertex 25 -6.5 -12
      vertex 25 -6.5 -4
      vertex 30 -6.5 -4
    endloop
  endfacet
  facet normal 0 0 -1
    outer loop
      vertex 25 -6.5 -12
      vertex 30 -6.5 -12
      vertex 30 -12.5 -12
    endloop
  endfacet
  facet normal 0 1 0
    outer loop
      vertex 25 -6.5 -12
      vertex 30 -6.5 -4
      vertex 30 -6.5 -12
    endloop
  endfacet
  facet normal 0 0 1
    outer loop
      vertex 25 -6.5 -4
      vertex 30 -12.5 -4
      vertex 30 -6.5 -4
    endloop
  endfacet
  facet normal 1 0 0
    outer loop
      vertex 30 -12.5 -12
      vertex 30 -6.5 -12
      vertex 30 -12.5 -4
    endloop
  endfacet
  facet normal 1 0 0
    outer loop
      vertex 30 -12.5 -4
      vertex 30 -6.5 -12
      vertex 30 -6.5 -4
    endloop
  endfacet
  facet normal -1 0 0
    outer loop
      vertex 6.5 25 -12
      vertex 6.5 25 -4
      vertex 6.5 30 -4
    endloop
  endfacet
  facet normal 0 0 -1
    outer loop
      vertex 6.5 25 -12
      vertex 6.5 30 -12
      vertex 12.5 30 -12
    endloop
  endfacet
  facet normal -1 0 0
    outer loop
      vertex 6.5 25 -12
      vertex 6.5 30 -4
      vertex 6.5 30 -12
    endloop
  endfacet
  facet normal 0 -1 0
    outer loop
      vertex 6.5 25 -12
      vertex 12.5 25 -12
      vertex 6.5 25 -4
    endloop
  endfacet
  facet normal 0 0 -1
    outer loop
      vertex 6.5 25 -12
      vertex 12.5 30 -12
      vertex 12.5 25 -12
    endloop
  endfacet
  facet normal 0 -1 0
    outer loop
      vertex 6.5 25 -4
      vertex 12.5 25 -12
      vertex 12.5 25 -4
    endloop
  endfacet
  facet normal 0 0 1
    outer loop
      vertex 6.5 25 -4
      vertex 12.5 25 -4
      vertex 12.5 30 -4
    endloop
  endfacet
  facet normal 0 0 1
    outer loop
      vertex 6.5 25 -4
      vertex 12.5 30 -4
      vertex 6.5 30 -4
    endloop
  endfacet
  facet normal 0 1 0
    outer loop
      vertex 6.5 30 -12
      vertex 6.5 30 -4
      vertex 12.5 30 -4
    endloop
  endfacet
  facet normal 0 1 0
    outer loop
      vertex 6.5 30 -12
      vertex 12.5 30 -4
      vertex 12.5 30 -12
    endloop
  endfacet
  facet normal 1 0 0
    outer loop
      vertex 12.5 25 -12
      vertex 12.5 30 -12
      vertex 12.5 25 -4
    endloop
  endfacet
  facet normal 1 0 0
    outer loop
      vertex 12.5 25 -4
      vertex 12.5 30 -12
      vertex 12.5 30 -4
    endloop
  endfacet
  facet normal -1 0 0
    outer loop
      vertex -30 6.5 -12
      vertex -30 6.5 -4
      vertex -30 12.5 -4
    endloop
  endfacet
  facet normal 0 0 -1
    outer loop
      vertex -30 6.5 -12
      vertex -30 12.5 -12
      vertex -25 6.5 -12
    endloop
  endfacet
  facet normal -1 0 0
    outer loop
      vertex -30 6.5 -12
      vertex -30 12.5 -4
      vertex -30 12.5 -12
    endloop
  endfacet
  facet normal 0 -1 0
    outer loop
      vertex -30 6.5 -12
      vertex -25 6.5 -12
      vertex -30 6.5 -4
    endloop
  endfacet
  facet normal 0 -1 0
    outer loop
      vertex -30 6.5 -4
      vertex -25 6.5 -12
      vertex -25 6.5 -4
    endloop
  endfacet
  facet normal 0 0 1
    outer loop
      vertex -30 6.5 -4
      vertex -25 6.5 -4
      vertex -30 12.5 -4
    endloop
  endfacet
  facet normal 0 1 0
    outer loop
      vertex -30 12.5 -12
      vertex -30 12.5 -4
      vertex -25 12.5 -4
    endloop
  endfacet
  facet normal 0 0 -1
    outer loop
      vertex -30 12.5 -12
      vertex -25 12.5 -12
      vertex -25 6.5 -12
    endloop
  endfacet
  facet normal 0 1 0
    outer loop
      vertex -30 12.5 -12
      vertex -25 12.5 -4
      vertex -25 12.5 -12
    endloop
  endfacet
  facet normal 0 0 1
    outer loop
      vertex -30 12.5 -4
      vertex -25 6.5 -4
      vertex -25 12.5 -4
    endloop
  endfacet
  facet normal 1 0 0
    outer loop
      vertex -25 6.5 -12
      vertex -25 12.5 -12
      vertex -25 6.5 -4
    endloop
  endfacet
  facet normal 1 0 0
    outer loop
      vertex -25 6.5 -4
      vertex -25 12.5 -12
      vertex -25 12.5 -4
    endloop
  endfacet
  facet normal -1 0 0
    outer loop
      vertex -12.5 -30 -12
      vertex -12.5 -30 -4
      vertex -12.5 -25 -4
    endloop
  endfacet
  facet normal 0 0 -1
    outer loop
      vertex -12.5 -30 -12
      vertex -12.5 -25 -12
      vertex -6.5 -25 -12
    endloop
  endfacet
  facet normal -1 0 0
    outer loop
      vertex -12.5 -30 -12
      vertex -12.5 -25 -4
      vertex -12.5 -25 -12
    endloop
  endfacet
  facet normal 0 -1 0
    outer loop
      vertex -12.5 -30 -12
      vertex -6.5 -30 -12
      vertex -12.5 -30 -4
    endloop
  endfacet
  facet normal 0 0 -1
    outer loop
      vertex -12.5 -30 -12
      vertex -6.5 -25 -12
      vertex -6.5 -30 -12
    endloop
  endfacet
  facet normal 0 -1 0
    outer loop
      vertex -12.5 -30 -4
      vertex -6.5 -30 -12
      vertex -6.5 -30 -4
    endloop
  endfacet
  facet normal 0 0 1
    outer loop
      vertex -12.5 -30 -4
      vertex -6.5 -30 -4
      vertex -6.5 -25 -4
    endloop
  endfacet
  facet normal 0 0 1
    outer loop
      vertex -12.5 -30 -4
      vertex -6.5 -25 -4
      vertex -12.5 -25 -4
    endloop
  endfacet
  facet normal 0 1 0
    outer loop
      vertex -12.5 -25 -12
      vertex -12.5 -25 -4
      vertex -6.5 -25 -4
    endloop
  endfacet
  facet normal 0 1 0
    outer loop
      vertex -12.5 -25 -12
      vertex -6.5 -25 -4
      vertex -6.5 -25 -12
    endloop
  endfacet
  facet normal 1 0 0
    outer loop
      vertex -6.5 -30 -12
      vertex -6.5 -25 -12
      vertex -6.5 -30 -4
    endloop
  endfacet
  facet normal 1 0 0
    outer loop
      vertex -6.5 -30 -4
      vertex -6.5 -25 -12
      vertex -6.5 -25 -4
    endloop
  endfacet
  facet normal -1 0 0
    outer loop
      vertex -30 -38 -6
      vertex -30 -38 0
      vertex -30 38 0
    endloop
  endfacet
  facet normal 0 0 -1
    outer loop
      vertex -30 -38 -6
      vertex -30 38 -6
      vertex -28 38 -6
    endloop
  endfacet
  facet normal -1 0 0
    outer loop
      vertex -30 -38 -6
      vertex -30 38 0
      vertex -30 38 -6
    endloop
  endfacet
  facet normal 0 -1 0
    outer loop
      vertex -30 -38 -6
      vertex -28 -38 -6
      vertex -30 -38 0
    endloop
  endfacet
  facet normal 0 0 -1
    outer loop
      vertex -30 -38 -6
      vertex -28 -32 -6
      vertex -28 -38 -6
    endloop
  endfacet
  facet normal 0 0 -1
    outer loop
      vertex -30 -38 -6
      vertex -28 32 -6
      vertex -28 -32 -6
    endloop
  endfacet
  facet normal 0 0 -1
    outer loop
      vertex -30 -38 -6
      vertex -28 38 -6
      vertex -28 32 -6
    endloop
  endfacet
  facet normal 0 -1 0
    outer loop
      vertex -30 -38 0
      vertex -28 -38 -6
      vertex -28 -38 0
    endloop
  endfacet
  facet normal 0 0 1
    outer loop
      vertex -30 -38 0
      vertex -28 -38 0
      vertex -28 -32 0
    endloop
  endfacet
  facet normal 0 0 1
    outer loop
      vertex -30 -38 0
      vertex -28 -32 0
      vertex -28 32 0
    endloop
  endfacet
  facet normal 0 0 1
    outer loop
      vertex -30 -38 0
      vertex -28 32 0
      vertex -30 38 0
    endloop
  endfacet
  facet normal 0 1 0
    outer loop
      vertex -30 38 -6
      vertex -30 38 0
      vertex -28 38 0
    endloop
  endfacet
  facet normal 0 1 0
    outer loop
      vertex -30 38 -6
      vertex -28 38 0
      vertex -28 38 -6
    endloop
  endfacet
  facet normal 0 0 1
    outer loop
      vertex -30 38 0
      vertex -28 32 0
      vertex -28 38 0
    endloop
  endfacet
  facet normal -1 0 0
    outer loop
      vertex -28 -38 -42
      vertex -28 -38 -6
      vertex -28 -32 -6
    endloop
  endfacet
  facet normal 0 0 -1
    outer loop
      vertex -28 -38 -42
      vertex -28 -32 -42
      vertex -9 -38 -42
    endloop
  endfacet
  facet normal -1 0 0
    outer loop
      vertex -28 -38 -42
      vertex -28 -32 -6
      vertex -28 -32 -42
    endloop
  endfacet
  facet normal 0 -1 0
    outer loop
      vertex -28 -38 -42
      vertex -9 -38 -42
      vertex -9 -38 -34
    endloop
  endfacet
  facet normal 0 -1 0
    outer loop
      vertex -28 -38 -42
      vertex -9 -38 -34
      vertex -28 -38 -6
    endloop
  endfacet
  facet normal 0 -1 0
    outer loop
      vertex -28 -38 -6
      vertex -9 -38 -34
      vertex 9 -38 -34
    endloop
  endfacet
  facet normal 0 -1 0
    outer loop
      vertex -28 -38 -6
      vertex 9 -38 -34
      vertex 28 -38 -42
    endloop
  endfacet
  facet normal 0 -1 0
    outer loop
      vertex -28 -38 -6
      vertex 28 -38 -42
      vertex -28 -38 0
    endloop
  endfacet
  facet normal 0 0 1
    outer loop
      vertex -28 -38 0
      vertex -4.524135262330098 -34.62889645782536 0
      vertex -28 -32 0
    endloop
  endfacet
  facet normal 0 0 1
    outer loop
      vertex -28 -38 0
      vertex -4.381533400219317 -34.908768370508575 0
      vertex -4.524135262330098 -34.62889645782536 0
    endloop
  endfacet
  facet normal 0 0 1
    outer loop
      vertex -28 -38 0
      vertex -4.221639627510075 -35.17913397489498 0
      vertex -4.381533400219317 -34.908768370508575 0
    endloop
  endfacet
  facet normal 0 0 1
    outer loop
      vertex -28 -38 0
      vertex -4.045084971874737 -35.43892626146236 0
      vertex -4.221639627510075 -35.17913397489498 0
    endloop
  endfacet
  facet normal 0 0 1
    outer loop
      vertex -28 -38 0
      vertex -3.852566213878947 -35.68711994874345 0
      vertex -4.045084971874737 -35.43892626146236 0
    endloop
  endfacet
  facet normal 0 0 1
    outer loop
      vertex -28 -38 0
      vertex -3.6448431371070584 -35.92273552964344 0
      vertex -3.852566213878947 -35.68711994874345 0
    endloop
  endfacet
  facet normal 0 0 1
    outer loop
      vertex -28 -38 0
      vertex -3.4227355296434423 -36.14484313710706 0
      vertex -3.6448431371070584 -35.92273552964344 0
    endloop
  endfacet
  facet normal 0 0 1
    outer loop
      vertex -28 -38 0
      vertex -3.1871199487434483 -36.352566213878944 0
      vertex -3.4227355296434423 -36.14484313710706 0
    endloop
  endfacet
  facet normal 0 0 1
    outer loop
      vertex -28 -38 0
      vertex -2.938926261462366 -36.545084971874736 0
      vertex -3.1871199487434483 -36.352566213878944 0
    endloop
  endfacet
  facet normal 0 0 1
    outer loop
      vertex -28 -38 0
      vertex -2.679133974894983 -36.72163962751007 0
      vertex -2.938926261462366 -36.545084971874736 0
    endloop
  endfacet
  facet normal 0 0 1
    outer loop
      vertex -28 -38 0
      vertex -2.408768370508577 -36.88153340021932 0
      vertex -2.679133974894983 -36.72163962751007 0
    endloop
  endfacet
  facet normal 0 0 1
    outer loop
      vertex -28 -38 0
      vertex -2.128896457825362 -37.0241352623301 0
      vertex -2.408768370508577 -36.88153340021932 0
    endloop
  endfacet
  facet normal 0 0 1
    outer loop
      vertex -28 -38 0
      vertex -1.8406227634233894 -37.14888242944126 0
      vertex -2.128896457825362 -37.0241352623301 0
    endloop
  endfacet
  facet normal 0 0 1
    outer loop
      vertex -28 -38 0
      vertex -1.545084971874737 -37.25528258147577 0
      vertex -1.8406227634233894 -37.14888242944126 0
    endloop
  endfacet
  facet normal 0 0 1
    outer loop
      vertex -28 -38 0
      vertex -1.2434494358242743 -37.34291580564316 0
      vertex -1.545084971874737 -37.25528258147577 0
    endloop
  endfacet
  facet normal 0 0 1
    outer loop
      vertex -28 -38 0
      vertex -0.9369065729286241 -37.411436253643444 0
      vertex -1.2434494358242743 -37.34291580564316 0
    endloop
  endfacet
  facet normal 0 0 1
    outer loop
      vertex -28 -38 0
      vertex -0.6266661678215203 -37.46057350657239 0
      vertex -0.9369065729286241 -37.411436253643444 0
    endloop
  endfacet
  facet normal 0 0 1
    outer loop
      vertex -28 -38 0
      vertex -0.3139525976465688 -37.49013364214136 0
      vertex -0.6266661678215203 -37.46057350657239 0
    endloop
  endfacet
  facet normal 0 0 1
    outer loop
      vertex -28 -38 0
      vertex 0 -37.5 0
      vertex -0.3139525976465688 -37.49013364214136 0
    endloop
  endfacet
  facet normal 0 -1 0
    outer loop
      vertex -28 -38 0
      vertex 28 -38 -42
      vertex 28 -38 -6
    endloop
  endfacet
  facet normal 0 -1 0
    outer loop
      vertex -28 -38 0
      vertex 28 -38 -6
      vertex 28 -38 0
    endloop
  endfacet
  facet normal 0 0 1
    outer loop
      vertex -28 -38 0
      vertex 28 -38 0
      vertex 0 -37.5 0
    endloop
  endfacet
  facet normal 0 1 0
    outer loop
      vertex -28 -32 -42
      vertex -28 -32 -6
      vertex -9 -32 -42
    endloop
  endfacet
  facet normal 0 0 -1
    outer loop
      vertex -28 -32 -42
      vertex -9 -32 -42
      vertex -9 -38 -42
    endloop
  endfacet
  facet normal 0 0 -1
    outer loop
      vertex -28 -32 -6
      vertex -28 32 -6
      vertex -24.75 -24.75 -6
    endloop
  endfacet
  facet normal 0 0 -1
    outer loop
      vertex -28 -32 -6
      vertex -24.75 -24.75 -6
      vertex -6.25 -24.75 -6
    endloop
  endfacet
  facet normal 0 1 0
    outer loop
      vertex -28 -32 -6
      vertex -9 -32 -34
      vertex -9 -32 -42
    endloop
  endfacet
  facet normal 0 0 -1
    outer loop
      vertex -28 -32 -6
      vertex -6.25 -30 -6
      vertex -4.524135262330098 -30.371103542174637 -6
    endloop
  endfacet
  facet normal 0 0 -1
    outer loop
      vertex -28 -32 -6
      vertex -6.25 -24.75 -6
      vertex -6.25 -30 -6
    endloop
  endfacet
  facet normal 0 1 0
    outer loop
      vertex -28 -32 -6
      vertex -4.972546984700349 -32 -34
      vertex -9 -32 -34
    endloop
  endfacet
  facet normal 0 1 0
    outer loop
      vertex -28 -32 -6
      vertex -4.972546984700349 -32 -6
      vertex -4.972546984700349 -32 -34
    endloop
  endfacet
  facet normal 0 0 -1
    outer loop
      vertex -28 -32 -6
      vertex -4.9605735065723895 -31.87333383217848 -6
      vertex -4.972546984700349 -32 -6
    endloop
  endfacet
  facet normal 0 0 -1
    outer loop
      vertex -28 -32 -6
      vertex -4.911436253643443 -31.563093427071376 -6
      vertex -4.9605735065723895 -31.87333383217848 -6
    endloop
  endfacet
  facet normal 0 0 -1
    outer loop
      vertex -28 -32 -6
      vertex -4.842915805643155 -31.256550564175726 -6
      vertex -4.911436253643443 -31.563093427071376 -6
    endloop
  endfacet
  facet normal 0 0 -1
    outer loop
      vertex -28 -32 -6
      vertex -4.755282581475767 -30.954915028125264 -6
      vertex -4.842915805643155 -31.256550564175726 -6
    endloop
  endfacet
  facet normal 0 0 -1
    outer loop
      vertex -28 -32 -6
      vertex -4.648882429441257 -30.65937723657661 -6
      vertex -4.755282581475767 -30.954915028125264 -6
    endloop
  endfacet
  facet normal 0 0 -1
    outer loop
      vertex -28 -32 -6
      vertex -4.524135262330098 -30.371103542174637 -6
      vertex -4.648882429441257 -30.65937723657661 -6
    endloop
  endfacet
  facet normal 0 0 1
    outer loop
      vertex -28 -32 0
      vertex -25.263157894736842 32 0
      vertex -28 32 0
    endloop
  endfacet
  facet normal 0 0 1
    outer loop
      vertex -28 -32 0
      vertex -24.75 -24.75 0
      vertex -24.75 24.75 0
    endloop
  endfacet
  facet normal 0 0 1
    outer loop
      vertex -28 -32 0
      vertex -24.75 24.75 0
      vertex -24.75 30 0
    endloop
  endfacet
  facet normal 0 0 1
    outer loop
      vertex -28 -32 0
      vertex -24.75 30 0
      vertex -25.263157894736842 32 0
    endloop
  endfacet
  facet normal 0 0 1
    outer loop
      vertex -28 -32 0
      vertex -6.25 -30 0
      vertex -24.75 -24.75 0
    endloop
  endfacet
  facet normal 0 0 1
    outer loop
      vertex -28 -32 0
      vertex -5 -32.5 0
      vertex -4.990133642141358 -32.18604740235343 0
    endloop
  endfacet
  facet normal 0 0 1
    outer loop
      vertex -28 -32 0
      vertex -4.990133642141358 -32.81395259764657 0
      vertex -5 -32.5 0
    endloop
  endfacet
  facet normal 0 0 1
    outer loop
      vertex -28 -32 0
      vertex -4.990133642141358 -32.18604740235343 0
      vertex -4.972546984700349 -32 0
    endloop
  endfacet
  facet normal 0 0 1
    outer loop
      vertex -28 -32 0
      vertex -4.972546984700349 -32 0
      vertex -4.9605735065723895 -31.87333383217848 0
    endloop
  endfacet
  facet normal 0 0 1
    outer loop
      vertex -28 -32 0
      vertex -4.9605735065723895 -33.12666616782152 0
      vertex -4.990133642141358 -32.81395259764657 0
    endloop
  endfacet
  facet normal 0 0 1
    outer loop
      vertex -28 -32 0
      vertex -4.9605735065723895 -31.87333383217848 0
      vertex -4.911436253643443 -31.563093427071376 0
    endloop
  endfacet
  facet normal 0 0 1
    outer loop
      vertex -28 -32 0
      vertex -4.911436253643443 -33.43690657292862 0
      vertex -4.9605735065723895 -33.12666616782152 0
    endloop
  endfacet
  facet normal 0 0 1
    outer loop
      vertex -28 -32 0
      vertex -4.911436253643443 -31.563093427071376 0
      vertex -4.842915805643155 -31.256550564175726 0
    endloop
  endfacet
  facet normal 0 0 1
    outer loop
      vertex -28 -32 0
      vertex -4.842915805643155 -33.743449435824274 0
      vertex -4.911436253643443 -33.43690657292862 0
    endloop
  endfacet
  facet normal 0 0 1
    outer loop
      vertex -28 -32 0
      vertex -4.842915805643155 -31.256550564175726 0
      vertex -4.755282581475767 -30.954915028125264 0
    endloop
  endfacet
  facet normal 0 0 1
    outer loop
      vertex -28 -32 0
      vertex -4.755282581475767 -34.045084971874736 0
      vertex -4.842915805643155 -33.743449435824274 0
    endloop
  endfacet
  facet normal 0 0 1
    outer loop
      vertex -28 -32 0
      vertex -4.755282581475767 -30.954915028125264 0
      vertex -6.25 -30 0
    endloop
  endfacet
  facet normal 0 0 1
    outer loop
      vertex -28 -32 0
      vertex -4.648882429441257 -34.34062276342339 0
      vertex -4.755282581475767 -34.045084971874736 0
    endloop
  endfacet
  facet normal 0 0 1
    outer loop
      vertex -28 -32 0
      vertex -4.524135262330098 -34.62889645782536 0
      vertex -4.648882429441257 -34.34062276342339 0
    endloop
  endfacet
  facet normal -1 0 0
    outer loop
      vertex -28 32 -42
      vertex -28 32 -6
      vertex -28 38 -6
    endloop
  endfacet
  facet normal 0 0 -1
    outer loop
      vertex -28 32 -42
      vertex -28 38 -42
      vertex -9 32 -42
    endloop
  endfacet
  facet normal -1 0 0
    outer loop
      vertex -28 32 -42
      vertex -28 38 -6
      vertex -28 38 -42
    endloop
  endfacet
  facet normal 0 -1 0
    outer loop
      vertex -28 32 -42
      vertex -9 32 -42
      vertex -9 32 -34
    endloop
  endfacet
  facet normal 0 -1 0
    outer loop
      vertex -28 32 -42
      vertex -9 32 -34
      vertex -28 32 -6
    endloop
  endfacet
  facet normal 0 0 -1
    outer loop
      vertex -28 32 -6
      vertex -24.75 24.75 -6
      vertex -24.75 -24.75 -6
    endloop
  endfacet
  facet normal 0 0 -1
    outer loop
      vertex -28 32 -6
      vertex -24.75 30 -6
      vertex -24.75 24.75 -6
    endloop
  endfacet
  facet normal 0 -1 0
    outer loop
      vertex -28 32 -6
      vertex -9 32 -34
      vertex -4.972546984700349 32 -34
    endloop
  endfacet
  facet normal 0 -1 0
    outer loop
      vertex -28 32 -6
      vertex -4.972546984700349 32 -34
      vertex -4.972546984700349 32 -6
    endloop
  endfacet
  facet normal 0 0 -1
    outer loop
      vertex -28 32 -6
      vertex -4.972546984700349 32 -6
      vertex -4.9605735065723895 31.873333832178478 -6
    endloop
  endfacet
  facet normal 0 0 -1
    outer loop
      vertex -28 32 -6
      vertex -4.9605735065723895 31.873333832178478 -6
      vertex -4.911436253643443 31.563093427071376 -6
    endloop
  endfacet
  facet normal 0 0 -1
    outer loop
      vertex -28 32 -6
      vertex -4.911436253643443 31.563093427071376 -6
      vertex -4.842915805643155 31.256550564175726 -6
    endloop
  endfacet
  facet normal 0 0 -1
    outer loop
      vertex -28 32 -6
      vertex -4.842915805643155 31.256550564175726 -6
      vertex -4.755282581475767 30.954915028125264 -6
    endloop
  endfacet
  facet normal 0 0 -1
    outer loop
      vertex -28 32 -6
      vertex -4.755282581475767 30.954915028125264 -6
      vertex -4.648882429441256 30.65937723657661 -6
    endloop
  endfacet
  facet normal 0 0 -1
    outer loop
      vertex -28 32 -6
      vertex -4.648882429441256 30.65937723657661 -6
      vertex -4.524135262330098 30.371103542174637 -6
    endloop
  endfacet
  facet normal 0 0 -1
    outer loop
      vertex -28 32 -6
      vertex -4.524135262330098 30.371103542174637 -6
      vertex -4.381533400219318 30.091231629491425 -6
    endloop
  endfacet
  facet normal 0 0 -1
    outer loop
      vertex -28 32 -6
      vertex -4.381533400219318 30.091231629491425 -6
      vertex -24.75 30 -6
    endloop
  endfacet
  facet normal 0 0 1
    outer loop
      vertex -28 32 0
      vertex -25.263157894736842 32 0
      vertex -4.990133642141358 32.18604740235343 0
    endloop
  endfacet
  facet normal 0 0 1
    outer loop
      vertex -28 32 0
      vertex -5 32.5 0
      vertex -28 38 0
    endloop
  endfacet
  facet normal 0 0 1
    outer loop
      vertex -28 32 0
      vertex -4.990133642141358 32.18604740235343 0
      vertex -5 32.5 0
    endloop
  endfacet
  facet normal 0 1 0
    outer loop
      vertex -28 38 -42
      vertex -28 38 -6
      vertex 28 38 0
    endloop
  endfacet
  facet normal 0 0 -1
    outer loop
      vertex -28 38 -42
      vertex -9 38 -42
      vertex -9 32 -42
    endloop
  endfacet
  facet normal 0 1 0
    outer loop
      vertex -28 38 -42
      vertex -9 38 -34
      vertex -9 38 -42
    endloop
  endfacet
  facet normal 0 1 0
    outer loop
      vertex -28 38 -42
      vertex 28 38 -6
      vertex -9 38 -34
    endloop
  endfacet
  facet normal 0 1 0
    outer loop
      vertex -28 38 -42
      vertex 28 38 0
      vertex 28 38 -6
    endloop
  endfacet
  facet normal 0 1 0
    outer loop
      vertex -28 38 -6
      vertex -28 38 0
      vertex 28 38 0
    endloop
  endfacet
  facet normal 0 0 1
    outer loop
      vertex -28 38 0
      vertex -5 32.5 0
      vertex -4.990133642141358 32.81395259764657 0
    endloop
  endfacet
  facet normal 0 0 1
    outer loop
      vertex -28 38 0
      vertex -4.990133642141358 32.81395259764657 0
      vertex -4.9605735065723895 33.12666616782152 0
    endloop
  endfacet
  facet normal 0 0 1
    outer loop
      vertex -28 38 0
      vertex -4.9605735065723895 33.12666616782152 0
      vertex -4.911436253643443 33.43690657292862 0
    endloop
  endfacet
  facet normal 0 0 1
    outer loop
      vertex -28 38 0
      vertex -4.911436253643443 33.43690657292862 0
      vertex -4.842915805643156 33.743449435824274 0
    endloop
  endfacet
  facet normal 0 0 1
    outer loop
      vertex -28 38 0
      vertex -4.842915805643156 33.743449435824274 0
      vertex -4.755282581475767 34.045084971874736 0
    endloop
  endfacet
  facet normal 0 0 1
    outer loop
      vertex -28 38 0
      vertex -4.755282581475767 34.045084971874736 0
      vertex -4.648882429441256 34.34062276342339 0
    endloop
  endfacet
  facet normal 0 0 1
    outer loop
      vertex -28 38 0
      vertex -4.648882429441256 34.34062276342339 0
      vertex -4.524135262330098 34.62889645782536 0
    endloop
  endfacet
  facet normal 0 0 1
    outer loop
      vertex -28 38 0
      vertex -4.524135262330098 34.62889645782536 0
      vertex -4.381533400219317 34.908768370508575 0
    endloop
  endfacet
  facet normal 0 0 1
    outer loop
      vertex -28 38 0
      vertex -4.381533400219317 34.908768370508575 0
      vertex -4.2216396275100765 35.17913397489498 0
    endloop
  endfacet
  facet normal 0 0 1
    outer loop
      vertex -28 38 0
      vertex -4.2216396275100765 35.17913397489498 0
      vertex -4.045084971874737 35.43892626146236 0
    endloop
  endfacet
  facet normal 0 0 1
    outer loop
      vertex -28 38 0
      vertex -4.045084971874737 35.43892626146236 0
      vertex -3.852566213878945 35.68711994874345 0
    endloop
  endfacet
  facet normal 0 0 1
    outer loop
      vertex -28 38 0
      vertex -3.852566213878945 35.68711994874345 0
      vertex -3.6448431371070584 35.92273552964344 0
    endloop
  endfacet
  facet normal 0 0 1
    outer loop
      vertex -28 38 0
      vertex -3.6448431371070584 35.92273552964344 0
      vertex -3.4227355296434423 36.14484313710706 0
    endloop
  endfacet
  facet normal 0 0 1
    outer loop
      vertex -28 38 0
      vertex -3.4227355296434423 36.14484313710706 0
      vertex -3.18711994874345 36.352566213878944 0
    endloop
  endfacet
  facet normal 0 0 1
    outer loop
      vertex -28 38 0
      vertex -3.18711994874345 36.352566213878944 0
      vertex -2.938926261462366 36.545084971874736 0
    endloop
  endfacet
  facet normal 0 0 1
    outer loop
      vertex -28 38 0
      vertex -2.938926261462366 36.545084971874736 0
      vertex -2.679133974894981 36.72163962751008 0
    endloop
  endfacet
  facet normal 0 0 1
    outer loop
      vertex -28 38 0
      vertex -2.679133974894981 36.72163962751008 0
      vertex -2.408768370508577 36.88153340021932 0
    endloop
  endfacet
  facet normal 0 0 1
    outer loop
      vertex -28 38 0
      vertex -2.408768370508577 36.88153340021932 0
      vertex -2.128896457825362 37.0241352623301 0
    endloop
  endfacet
  facet normal 0 0 1
    outer loop
      vertex -28 38 0
      vertex -2.128896457825362 37.0241352623301 0
      vertex -1.8406227634233918 37.14888242944126 0
    endloop
  endfacet
  facet normal 0 0 1
    outer loop
      vertex -28 38 0
      vertex -1.8406227634233918 37.14888242944126 0
      vertex -1.545084971874737 37.25528258147577 0
    endloop
  endfacet
  facet normal 0 0 1
    outer loop
      vertex -28 38 0
      vertex -1.545084971874737 37.25528258147577 0
      vertex -1.2434494358242723 37.34291580564316 0
    endloop
  endfacet
  facet normal 0 0 1
    outer loop
      vertex -28 38 0
      vertex -1.2434494358242723 37.34291580564316 0
      vertex -0.9369065729286241 37.411436253643444 0
    endloop
  endfacet
  facet normal 0 0 1
    outer loop
      vertex -28 38 0
      vertex -0.9369065729286241 37.411436253643444 0
      vertex -0.6266661678215203 37.46057350657239 0
    endloop
  endfacet
  facet normal 0 0 1
    outer loop
      vertex -28 38 0
      vertex -0.6266661678215203 37.46057350657239 0
      vertex -0.3139525976465688 37.49013364214136 0
    endloop
  endfacet
  facet normal 0 0 1
    outer loop
      vertex -28 38 0
      vertex -0.3139525976465688 37.49013364214136 0
      vertex 0 37.5 0
    endloop
  endfacet
  facet normal 0 0 1
    outer loop
      vertex -28 38 0
      vertex 0 37.5 0
      vertex 28 38 0
    endloop
  endfacet
  facet normal 0 0 1
    outer loop
      vertex -25.263157894736842 32 0
      vertex -24.75 30 0
      vertex -4.524135262330098 30.371103542174637 0
    endloop
  endfacet
  facet normal 0 0 1
    outer loop
      vertex -25.263157894736842 32 0
      vertex -4.972546984700349 32 0
      vertex -4.990133642141358 32.18604740235343 0
    endloop
  endfacet
  facet normal 0 0 1
    outer loop
      vertex -25.263157894736842 32 0
      vertex -4.9605735065723895 31.873333832178478 0
      vertex -4.972546984700349 32 0
    endloop
  endfacet
  facet normal 0 0 1
    outer loop
      vertex -25.263157894736842 32 0
      vertex -4.911436253643443 31.563093427071376 0
      vertex -4.9605735065723895 31.873333832178478 0
    endloop
  endfacet
  facet normal 0 0 1
    outer loop
      vertex -25.263157894736842 32 0
      vertex -4.842915805643155 31.256550564175726 0
      vertex -4.911436253643443 31.563093427071376 0
    endloop
  endfacet
  facet normal 0 0 1
    outer loop
      vertex -25.263157894736842 32 0
      vertex -4.755282581475767 30.954915028125264 0
      vertex -4.842915805643155 31.256550564175726 0
    endloop
  endfacet
  facet normal 0 0 1
    outer loop
      vertex -25.263157894736842 32 0
      vertex -4.648882429441256 30.65937723657661 0
      vertex -4.755282581475767 30.954915028125264 0
    endloop
  endfacet
  facet normal 0 0 1
    outer loop
      vertex -25.263157894736842 32 0
      vertex -4.524135262330098 30.371103542174637 0
      vertex -4.648882429441256 30.65937723657661 0
    endloop
  endfacet
  facet normal 0 1 0
    outer loop
      vertex -24.75 -24.75 -6
      vertex -24.75 -24.75 0
      vertex -6.25 -24.75 -6
    endloop
  endfacet
  facet normal 1 0 0
    outer loop
      vertex -24.75 -24.75 -6
      vertex -24.75 24.75 -6
      vertex -24.75 24.75 0
    endloop
  endfacet
  facet normal 1 0 0
    outer loop
      vertex -24.75 -24.75 -6
      vertex -24.75 24.75 0
      vertex -24.75 -24.75 0
    endloop
  endfacet
  facet normal 0 0 1
    outer loop
      vertex -24.75 -24.75 0
      vertex -6.25 -30 0
      vertex -6.25 -24.75 0
    endloop
  endfacet
  facet normal 0 1 0
    outer loop
      vertex -24.75 -24.75 0
      vertex -6.25 -24.75 0
      vertex -6.25 -24.75 -6
    endloop
  endfacet
  facet normal 1 0 0
    outer loop
      vertex -24.75 24.75 -6
      vertex -24.75 30 -6
      vertex -24.75 30 0
    endloop
  endfacet
  facet normal 1 0 0
    outer loop
      vertex -24.75 24.75 -6
      vertex -24.75 30 0
      vertex -24.75 24.75 0
    endloop
  endfacet
  facet normal 0 0 -1
    outer loop
      vertex -24.75 30 -6
      vertex -4.381533400219318 30.091231629491425 -6
      vertex -4.327579164942603 30 -6
    endloop
  endfacet
  facet normal 0 -1 0
    outer loop
      vertex -24.75 30 -6
      vertex -4.327579164942603 30 -6
      vertex -4.327579164942603 30 0
    endloop
  endfacet
  facet normal 0 -1 0
    outer loop
      vertex -24.75 30 -6
      vertex -4.327579164942603 30 0
      vertex -24.75 30 0
    endloop
  endfacet
  facet normal 0 0 1
    outer loop
      vertex -24.75 30 0
      vertex -4.381533400219318 30.091231629491425 0
      vertex -4.524135262330098 30.371103542174637 0
    endloop
  endfacet
  facet normal 0 0 1
    outer loop
      vertex -24.75 30 0
      vertex -4.327579164942603 30 0
      vertex -4.381533400219318 30.091231629491425 0
    endloop
  endfacet
  facet normal 1 0 0
    outer loop
      vertex -9 -38 -42
      vertex -9 -32 -42
      vertex -9 -38 -34
    endloop
  endfacet
  facet normal 1 0 0
    outer loop
      vertex -9 -38 -34
      vertex -9 -32 -42
      vertex -9 -32 -34
    endloop
  endfacet
  facet normal 0 0 -1
    outer loop
      vertex -9 -38 -34
      vertex -9 -32 -34
      vertex -4.972546984700349 -32 -34
    endloop
  endfacet
  facet normal 0 0 -1
    outer loop
      vertex -9 -38 -34
      vertex -4.972546984700349 -32 -34
      vertex -3.2096957697792616 -32 -34
    endloop
  endfacet
  facet normal 0 0 -1
    outer loop
      vertex -9 -38 -34
      vertex -3.25 -32.5 -34
      vertex -3.2435868673918824 -32.70406918847027 -34
    endloop
  endfacet
  facet normal 0 0 -1
    outer loop
      vertex -9 -38 -34
      vertex -3.2435868673918824 -32.70406918847027 -34
      vertex -3.224372779272053 -32.90733300908399 -34
    endloop
  endfacet
  facet normal 0 0 -1
    outer loop
      vertex -9 -38 -34
      vertex -3.2435868673918824 -32.29593081152973 -34
      vertex -3.25 -32.5 -34
    endloop
  endfacet
  facet normal 0 0 -1
    outer loop
      vertex -9 -38 -34
      vertex -3.224372779272053 -32.90733300908399 -34
      vertex -3.1924335648682383 -33.108989272403605 -34
    endloop
  endfacet
  facet normal 0 0 -1
    outer loop
      vertex -9 -38 -34
      vertex -3.224372779272053 -32.09266699091601 -34
      vertex -3.2435868673918824 -32.29593081152973 -34
    endloop
  endfacet
  facet normal 0 0 -1
    outer loop
      vertex -9 -38 -34
      vertex -3.2096957697792616 -32 -34
      vertex -3.224372779272053 -32.09266699091601 -34
    endloop
  endfacet
  facet normal 0 0 -1
    outer loop
      vertex -9 -38 -34
      vertex -3.1924335648682383 -33.108989272403605 -34
      vertex -3.147895273668051 -33.30824213328578 -34
    endloop
  endfacet
  facet normal 0 0 -1
    outer loop
      vertex -9 -38 -34
      vertex -3.147895273668051 -33.30824213328578 -34
      vertex -3.090933677959249 -33.504305231718575 -34
    endloop
  endfacet
  facet normal 0 0 -1
    outer loop
      vertex -9 -38 -34
      vertex -3.090933677959249 -33.504305231718575 -34
      vertex -3.0217735791368168 -33.6964047962252 -34
    endloop
  endfacet
  facet normal 0 0 -1
    outer loop
      vertex -9 -38 -34
      vertex -3.0217735791368168 -33.6964047962252 -34
      vertex -2.9406879205145637 -33.88378269758648 -34
    endloop
  endfacet
  facet normal 0 0 -1
    outer loop
      vertex -9 -38 -34
      vertex -2.9406879205145637 -33.88378269758648 -34
      vertex -2.8479967101425565 -34.06569944083058 -34
    endloop
  endfacet
  facet normal 0 0 -1
    outer loop
      vertex -9 -38 -34
      vertex -2.8479967101425565 -34.06569944083058 -34
      vertex -2.744065757881549 -34.24143708368174 -34
    endloop
  endfacet
  facet normal 0 0 -1
    outer loop
      vertex -9 -38 -34
      vertex -2.744065757881549 -34.24143708368174 -34
      vertex -2.629305231718579 -34.41030206995054 -34
    endloop
  endfacet
  facet normal 0 0 -1
    outer loop
      vertex -9 -38 -34
      vertex -2.629305231718579 -34.41030206995054 -34
      vertex -2.5041680390213146 -34.571627966683245 -34
    endloop
  endfacet
  facet normal 0 0 -1
    outer loop
      vertex -9 -38 -34
      vertex -2.5041680390213146 -34.571627966683245 -34
      vertex -2.3691480391195876 -34.72477809426824 -34
    endloop
  endfacet
  facet normal 0 0 -1
    outer loop
      vertex -9 -38 -34
      vertex -2.3691480391195876 -34.72477809426824 -34
      vertex -2.2247780942682382 -34.86914803911959 -34
    endloop
  endfacet
  facet normal 0 0 -1
    outer loop
      vertex -9 -38 -34
      vertex -2.2247780942682382 -34.86914803911959 -34
      vertex -2.071627966683242 -35.004168039021316 -34
    endloop
  endfacet
  facet normal 0 0 -1
    outer loop
      vertex -9 -38 -34
      vertex -2.071627966683242 -35.004168039021316 -34
      vertex -1.9103020699505378 -35.129305231718575 -34
    endloop
  endfacet
  facet normal 0 0 -1
    outer loop
      vertex -9 -38 -34
      vertex -1.9103020699505378 -35.129305231718575 -34
      vertex -1.7414370836817392 -35.24406575788155 -34
    endloop
  endfacet
  facet normal 0 0 -1
    outer loop
      vertex -9 -38 -34
      vertex -1.7414370836817392 -35.24406575788155 -34
      vertex -1.5656994408305744 -35.34799671014255 -34
    endloop
  endfacet
  facet normal 0 0 -1
    outer loop
      vertex -9 -38 -34
      vertex -1.5656994408305744 -35.34799671014255 -34
      vertex -1.3837826975864864 -35.44068792051456 -34
    endloop
  endfacet
  facet normal 0 0 -1
    outer loop
      vertex -9 -38 -34
      vertex -1.3837826975864864 -35.44068792051456 -34
      vertex -1.1964047962252031 -35.52177357913682 -34
    endloop
  endfacet
  facet normal 0 0 -1
    outer loop
      vertex -9 -38 -34
      vertex -1.1964047962252031 -35.52177357913682 -34
      vertex -1.004305231718579 -35.59093367795925 -34
    endloop
  endfacet
  facet normal 0 0 -1
    outer loop
      vertex -9 -38 -34
      vertex -1.004305231718579 -35.59093367795925 -34
      vertex -0.8082421332857783 -35.64789527366805 -34
    endloop
  endfacet
  facet normal 0 0 -1
    outer loop
      vertex -9 -38 -34
      vertex -0.8082421332857783 -35.64789527366805 -34
      vertex 9 -38 -34
    endloop
  endfacet
  facet normal 1 0 0
    outer loop
      vertex -9 32 -42
      vertex -9 38 -42
      vertex -9 32 -34
    endloop
  endfacet
  facet normal 1 0 0
    outer loop
      vertex -9 32 -34
      vertex -9 38 -42
      vertex -9 38 -34
    endloop
  endfacet
  facet normal 0 0 -1
    outer loop
      vertex -9 32 -34
      vertex -9 38 -34
      vertex -4.972546984700349 32 -34
    endloop
  endfacet
  facet normal 0 0 -1
    outer loop
      vertex -9 38 -34
      vertex -2.9406879205145637 33.88378269758648 -34
      vertex -4.972546984700349 32 -34
    endloop
  endfacet
  facet normal 0 0 -1
    outer loop
      vertex -9 38 -34
      vertex -2.8479967101425565 34.06569944083058 -34
      vertex -2.9406879205145637 33.88378269758648 -34
    endloop
  endfacet
  facet normal 0 0 -1
    outer loop
      vertex -9 38 -34
      vertex -2.7440657578815486 34.24143708368174 -34
      vertex -2.8479967101425565 34.06569944083058 -34
    endloop
  endfacet
  facet normal 0 0 -1
    outer loop
      vertex -9 38 -34
      vertex -2.629305231718579 34.41030206995054 -34
      vertex -2.7440657578815486 34.24143708368174 -34
    endloop
  endfacet
  facet normal 0 0 -1
    outer loop
      vertex -9 38 -34
      vertex -2.5041680390213155 34.57162796668324 -34
      vertex -2.629305231718579 34.41030206995054 -34
    endloop
  endfacet
  facet normal 0 0 -1
    outer loop
      vertex -9 38 -34
      vertex -2.369148039119588 34.72477809426824 -34
      vertex -2.5041680390213155 34.57162796668324 -34
    endloop
  endfacet
  facet normal 0 0 -1
    outer loop
      vertex -9 38 -34
      vertex -2.224778094268238 34.86914803911959 -34
      vertex -2.369148039119588 34.72477809426824 -34
    endloop
  endfacet
  facet normal 0 0 -1
    outer loop
      vertex -9 38 -34
      vertex -2.0716279666832413 35.004168039021316 -34
      vertex -2.224778094268238 34.86914803911959 -34
    endloop
  endfacet
  facet normal 0 0 -1
    outer loop
      vertex -9 38 -34
      vertex -1.9103020699505378 35.129305231718575 -34
      vertex -2.0716279666832413 35.004168039021316 -34
    endloop
  endfacet
  facet normal 0 0 -1
    outer loop
      vertex -9 38 -34
      vertex -1.7414370836817392 35.24406575788155 -34
      vertex -1.9103020699505378 35.129305231718575 -34
    endloop
  endfacet
  facet normal 0 0 -1
    outer loop
      vertex -9 38 -34
      vertex -1.5656994408305744 35.34799671014255 -34
      vertex -1.7414370836817392 35.24406575788155 -34
    endloop
  endfacet
  facet normal 0 0 -1
    outer loop
      vertex -9 38 -34
      vertex -1.3837826975864864 35.44068792051456 -34
      vertex -1.5656994408305744 35.34799671014255 -34
    endloop
  endfacet
  facet normal 0 0 -1
    outer loop
      vertex -9 38 -34
      vertex -1.1964047962252031 35.52177357913682 -34
      vertex -1.3837826975864864 35.44068792051456 -34
    endloop
  endfacet
  facet normal 0 0 -1
    outer loop
      vertex -9 38 -34
      vertex -1.004305231718579 35.59093367795925 -34
      vertex -1.1964047962252031 35.52177357913682 -34
    endloop
  endfacet
  facet normal 0 0 -1
    outer loop
      vertex -9 38 -34
      vertex -0.8082421332857783 35.64789527366805 -34
      vertex -1.004305231718579 35.59093367795925 -34
    endloop
  endfacet
  facet normal 0 0 -1
    outer loop
      vertex -9 38 -34
      vertex -0.6089892724036049 35.69243356486824 -34
      vertex -0.8082421332857783 35.64789527366805 -34
    endloop
  endfacet
  facet normal 0 0 -1
    outer loop
      vertex -9 38 -34
      vertex -0.40733300908398895 35.72437277927205 -34
      vertex -0.6089892724036049 35.69243356486824 -34
    endloop
  endfacet
  facet normal 0 0 -1
    outer loop
      vertex -9 38 -34
      vertex -0.20406918847026814 35.74358686739188 -34
      vertex -0.40733300908398895 35.72437277927205 -34
    endloop
  endfacet
  facet normal 0 0 -1
    outer loop
      vertex -9 38 -34
      vertex 0 35.75 -34
      vertex -0.20406918847026814 35.74358686739188 -34
    endloop
  endfacet
  facet normal 0 0 -1
    outer loop
      vertex -9 38 -34
      vertex 0.20406918847026814 35.74358686739188 -34
      vertex 0 35.75 -34
    endloop
  endfacet
  facet normal 0 0 -1
    outer loop
      vertex -9 38 -34
      vertex 0.40733300908398895 35.72437277927205 -34
      vertex 0.20406918847026814 35.74358686739188 -34
    endloop
  endfacet
  facet normal 0 0 -1
    outer loop
      vertex -9 38 -34
      vertex 0.6089892724036049 35.69243356486824 -34
      vertex 0.40733300908398895 35.72437277927205 -34
    endloop
  endfacet
  facet normal 0 0 -1
    outer loop
      vertex -9 38 -34
      vertex 0.8082421332857783 35.64789527366805 -34
      vertex 0.6089892724036049 35.69243356486824 -34
    endloop
  endfacet
  facet normal 0 0 -1
    outer loop
      vertex -9 38 -34
      vertex 9 38 -34
      vertex 0.8082421332857783 35.64789527366805 -34
    endloop
  endfacet
  facet normal 0 1 0
    outer loop
      vertex -9 38 -34
      vertex 28 38 -6
      vertex 9 38 -34
    endloop
  endfacet
  facet normal 0 1 0
    outer loop
      vertex -6.25 -30 -6
      vertex -6.25 -30 0
      vertex -4.327579164942602 -30 -6
    endloop
  endfacet
  facet normal 1 0 0
    outer loop
      vertex -6.25 -30 -6
      vertex -6.25 -24.75 -6
      vertex -6.25 -24.75 0
    endloop
  endfacet
  facet normal 1 0 0
    outer loop
      vertex -6.25 -30 -6
      vertex -6.25 -24.75 0
      vertex -6.25 -30 0
    endloop
  endfacet
  facet normal 0 0 -1
    outer loop
      vertex -6.25 -30 -6
      vertex -4.381533400219317 -30.091231629491425 -6
      vertex -4.524135262330098 -30.371103542174637 -6
    endloop
  endfacet
  facet normal 0 0 -1
    outer loop
      vertex -6.25 -30 -6
      vertex -4.327579164942602 -30 -6
      vertex -4.381533400219317 -30.091231629491425 -6
    endloop
  endfacet
  facet normal 0 0 1
    outer loop
      vertex -6.25 -30 0
      vertex -4.755282581475767 -30.954915028125264 0
      vertex -4.648882429441257 -30.65937723657661 0
    endloop
  endfacet
  facet normal 0 0 1
    outer loop
      vertex -6.25 -30 0
      vertex -4.648882429441257 -30.65937723657661 0
      vertex -4.524135262330098 -30.371103542174637 0
    endloop
  endfacet
  facet normal 0 0 1
    outer loop
      vertex -6.25 -30 0
      vertex -4.524135262330098 -30.371103542174637 0
      vertex -4.381533400219317 -30.091231629491425 0
    endloop
  endfacet
  facet normal 0 0 1
    outer loop
      vertex -6.25 -30 0
      vertex -4.381533400219317 -30.091231629491425 0
      vertex -4.327579164942602 -30 0
    endloop
  endfacet
  facet normal 0 1 0
    outer loop
      vertex -6.25 -30 0
      vertex -4.327579164942602 -30 0
      vertex -4.327579164942602 -30 -6
    endloop
  endfacet
  facet normal 0 0 1
    outer loop
      vertex -5 -32.5 0
      vertex -4.990133642141358 -32.81395259764657 0
      vertex -4.990133642141358 -32.18604740235343 0
    endloop
  endfacet
  facet normal 0 0 1
    outer loop
      vertex -5 32.5 0
      vertex -4.990133642141358 32.18604740235343 0
      vertex -4.990133642141358 32.81395259764657 0
    endloop
  endfacet
  facet normal 0 0 1
    outer loop
      vertex -4.990133642141358 -32.81395259764657 0
      vertex -4.972546984700349 -32 0
      vertex -4.990133642141358 -32.18604740235343 0
    endloop
  endfacet
  facet normal 0 0 1
    outer loop
      vertex -4.990133642141358 -32.81395259764657 0
      vertex -4.9605735065723895 -33.12666616782152 0
      vertex -4.9605735065723895 -31.87333383217848 0
    endloop
  endfacet
  facet normal 0 0 1
    outer loop
      vertex -4.990133642141358 -32.81395259764657 0
      vertex -4.9605735065723895 -31.87333383217848 0
      vertex -4.972546984700349 -32 0
    endloop
  endfacet
  facet normal 0 0 1
    outer loop
      vertex -4.990133642141358 32.18604740235343 0
      vertex -4.972546984700349 32 0
      vertex -4.9605735065723895 33.12666616782152 0
    endloop
  endfacet
  facet normal 0 0 1
    outer loop
      vertex -4.990133642141358 32.18604740235343 0
      vertex -4.9605735065723895 33.12666616782152 0
      vertex -4.990133642141358 32.81395259764657 0
    endloop
  endfacet
  facet normal -0.9955619646030796 0.09410831331851867 0
    outer loop
      vertex -4.972546984700349 -32 -34
      vertex -4.972546984700349 -32 -6
      vertex -4.9605735065723895 -31.87333383217848 -6
    endloop
  endfacet
  facet normal 0 0 -1
    outer loop
      vertex -4.972546984700349 -32 -34
      vertex -4.9605735065723895 -31.87333383217848 -34
      vertex -4.911436253643443 -31.563093427071376 -34
    endloop
  endfacet
  facet normal -0.9955619646030796 0.09410831331851867 -1.4995038127633326e-20
    outer loop
      vertex -4.972546984700349 -32 -34
      vertex -4.9605735065723895 -31.87333383217848 -6
      vertex -4.9605735065723895 -31.87333383217848 -34
    endloop
  endfacet
  facet normal 0 0 -1
    outer loop
      vertex -4.972546984700349 -32 -34
      vertex -4.911436253643443 -31.563093427071376 -34
      vertex -4.842915805643155 -31.256550564175726 -34
    endloop
  endfacet
  facet normal 0 0 -1
    outer loop
      vertex -4.972546984700349 -32 -34
      vertex -4.842915805643155 -31.256550564175726 -34
      vertex -4.755282581475767 -30.954915028125264 -34
    endloop
  endfacet
  facet normal 0 0 -1
    outer loop
      vertex -4.972546984700349 -32 -34
      vertex -4.755282581475767 -30.954915028125264 -34
      vertex -4.648882429441257 -30.65937723657661 -34
    endloop
  endfacet
  facet normal 0 0 -1
    outer loop
      vertex -4.972546984700349 -32 -34
      vertex -4.648882429441257 -30.65937723657661 -34
      vertex -4.524135262330098 -30.371103542174637 -34
    endloop
  endfacet
  facet normal 0 0 -1
    outer loop
      vertex -4.972546984700349 -32 -34
      vertex -4.524135262330098 -30.371103542174637 -34
      vertex -4.381533400219317 -30.091231629491425 -34
    endloop
  endfacet
  facet normal 0 0 -1
    outer loop
      vertex -4.972546984700349 -32 -34
      vertex -4.381533400219317 -30.091231629491425 -34
      vertex -2.0763556789359336 -30 -34
    endloop
  endfacet
  facet normal 0 0 -1
    outer loop
      vertex -4.972546984700349 -32 -34
      vertex -3.192433564868238 -31.891010727596395 -34
      vertex -3.2096957697792616 -32 -34
    endloop
  endfacet
  facet normal 0 0 -1
    outer loop
      vertex -4.972546984700349 -32 -34
      vertex -3.1478952736680514 -31.691757866714223 -34
      vertex -3.192433564868238 -31.891010727596395 -34
    endloop
  endfacet
  facet normal 0 0 -1
    outer loop
      vertex -4.972546984700349 -32 -34
      vertex -3.090933677959249 -31.49569476828142 -34
      vertex -3.1478952736680514 -31.691757866714223 -34
    endloop
  endfacet
  facet normal 0 0 -1
    outer loop
      vertex -4.972546984700349 -32 -34
      vertex -3.0217735791368163 -31.303595203774794 -34
      vertex -3.090933677959249 -31.49569476828142 -34
    endloop
  endfacet
  facet normal 0 0 -1
    outer loop
      vertex -4.972546984700349 -32 -34
      vertex -2.9406879205145637 -31.116217302413514 -34
      vertex -3.0217735791368163 -31.303595203774794 -34
    endloop
  endfacet
  facet normal 0 0 -1
    outer loop
      vertex -4.972546984700349 -32 -34
      vertex -2.8479967101425565 -30.934300559169426 -34
      vertex -2.9406879205145637 -31.116217302413514 -34
    endloop
  endfacet
  facet normal 0 0 -1
    outer loop
      vertex -4.972546984700349 -32 -34
      vertex -2.7440657578815495 -30.75856291631826 -34
      vertex -2.8479967101425565 -30.934300559169426 -34
    endloop
  endfacet
  facet normal 0 0 -1
    outer loop
      vertex -4.972546984700349 -32 -34
      vertex -2.629305231718579 -30.58969793004946 -34
      vertex -2.7440657578815495 -30.75856291631826 -34
    endloop
  endfacet
  facet normal 0 0 -1
    outer loop
      vertex -4.972546984700349 -32 -34
      vertex -2.504168039021314 -30.42837203331676 -34
      vertex -2.629305231718579 -30.58969793004946 -34
    endloop
  endfacet
  facet normal 0 0 -1
    outer loop
      vertex -4.972546984700349 -32 -34
      vertex -2.369148039119588 -30.27522190573176 -34
      vertex -2.504168039021314 -30.42837203331676 -34
    endloop
  endfacet
  facet normal 0 0 -1
    outer loop
      vertex -4.972546984700349 -32 -34
      vertex -2.224778094268238 -30.130851960880413 -34
      vertex -2.369148039119588 -30.27522190573176 -34
    endloop
  endfacet
  facet normal 0 0 -1
    outer loop
      vertex -4.972546984700349 -32 -34
      vertex -2.0763556789359336 -30 -34
      vertex -2.224778094268238 -30.130851960880413 -34
    endloop
  endfacet
  facet normal -0.9955619646030798 -0.09410831331851606 0
    outer loop
      vertex -4.972546984700349 32 -34
      vertex -4.9605735065723895 31.873333832178478 -34
      vertex -4.972546984700349 32 -6
    endloop
  endfacet
  facet normal 0 0 -1
    outer loop
      vertex -4.972546984700349 32 -34
      vertex -3.25 32.5 -34
      vertex -3.2435868673918824 32.29593081152973 -34
    endloop
  endfacet
  facet normal 0 0 -1
    outer loop
      vertex -4.972546984700349 32 -34
      vertex -3.2435868673918824 32.29593081152973 -34
      vertex -3.224372779272053 32.09266699091601 -34
    endloop
  endfacet
  facet normal 0 0 -1
    outer loop
      vertex -4.972546984700349 32 -34
      vertex -3.2435868673918824 32.70406918847027 -34
      vertex -3.25 32.5 -34
    endloop
  endfacet
  facet normal 0 0 -1
    outer loop
      vertex -4.972546984700349 32 -34
      vertex -3.224372779272053 32.09266699091601 -34
      vertex -3.2096957697792616 32 -34
    endloop
  endfacet
  facet normal 0 0 -1
    outer loop
      vertex -4.972546984700349 32 -34
      vertex -3.224372779272053 32.90733300908399 -34
      vertex -3.2435868673918824 32.70406918847027 -34
    endloop
  endfacet
  facet normal 0 0 -1
    outer loop
      vertex -4.972546984700349 32 -34
      vertex -3.2096957697792616 32 -34
      vertex -4.9605735065723895 31.873333832178478 -34
    endloop
  endfacet
  facet normal 0 0 -1
    outer loop
      vertex -4.972546984700349 32 -34
      vertex -3.192433564868238 33.108989272403605 -34
      vertex -3.224372779272053 32.90733300908399 -34
    endloop
  endfacet
  facet normal 0 0 -1
    outer loop
      vertex -4.972546984700349 32 -34
      vertex -3.147895273668051 33.30824213328578 -34
      vertex -3.192433564868238 33.108989272403605 -34
    endloop
  endfacet
  facet normal 0 0 -1
    outer loop
      vertex -4.972546984700349 32 -34
      vertex -3.090933677959249 33.504305231718575 -34
      vertex -3.147895273668051 33.30824213328578 -34
    endloop
  endfacet
  facet normal 0 0 -1
    outer loop
      vertex -4.972546984700349 32 -34
      vertex -3.021773579136817 33.6964047962252 -34
      vertex -3.090933677959249 33.504305231718575 -34
    endloop
  endfacet
  facet normal 0 0 -1
    outer loop
      vertex -4.972546984700349 32 -34
      vertex -2.9406879205145637 33.88378269758648 -34
      vertex -3.021773579136817 33.6964047962252 -34
    endloop
  endfacet
  facet normal -0.9955619646030798 -0.09410831331851606 4.4365098822898896e-21
    outer loop
      vertex -4.972546984700349 32 -6
      vertex -4.9605735065723895 31.873333832178478 -34
      vertex -4.9605735065723895 31.873333832178478 -6
    endloop
  endfacet
  facet normal 0 0 1
    outer loop
      vertex -4.972546984700349 32 0
      vertex -4.9605735065723895 31.873333832178478 0
      vertex -4.9605735065723895 33.12666616782152 0
    endloop
  endfacet
  facet normal 0 0 1
    outer loop
      vertex -4.9605735065723895 -33.12666616782152 0
      vertex -4.911436253643443 -33.43690657292862 0
      vertex -4.911436253643443 -31.563093427071376 0
    endloop
  endfacet
  facet normal 0 0 1
    outer loop
      vertex -4.9605735065723895 -33.12666616782152 0
      vertex -4.911436253643443 -31.563093427071376 0
      vertex -4.9605735065723895 -31.87333383217848 0
    endloop
  endfacet
  facet normal -0.9876883405951378 0.15643446504023056 0
    outer loop
      vertex -4.9605735065723895 -31.87333383217848 -34
      vertex -4.9605735065723895 -31.87333383217848 -6
      vertex -4.911436253643443 -31.563093427071376 -6
    endloop
  endfacet
  facet normal -0.9876883405951378 0.15643446504023056 3.057603108348925e-20
    outer loop
      vertex -4.9605735065723895 -31.87333383217848 -34
      vertex -4.911436253643443 -31.563093427071376 -6
      vertex -4.911436253643443 -31.563093427071376 -34
    endloop
  endfacet
  facet normal -0.9876883405951374 -0.1564344650402323 0
    outer loop
      vertex -4.9605735065723895 31.873333832178478 -34
      vertex -4.911436253643443 31.563093427071376 -34
      vertex -4.9605735065723895 31.873333832178478 -6
    endloop
  endfacet
  facet normal 0 0 -1
    outer loop
      vertex -4.9605735065723895 31.873333832178478 -34
      vertex -3.2096957697792616 32 -34
      vertex -3.192433564868238 31.891010727596395 -34
    endloop
  endfacet
  facet normal 0 0 -1
    outer loop
      vertex -4.9605735065723895 31.873333832178478 -34
      vertex -3.192433564868238 31.891010727596395 -34
      vertex -4.911436253643443 31.563093427071376 -34
    endloop
  endfacet
  facet normal -0.9876883405951374 -0.1564344650402323 9.429508381684785e-20
    outer loop
      vertex -4.9605735065723895 31.873333832178478 -6
      vertex -4.911436253643443 31.563093427071376 -34
      vertex -4.911436253643443 31.563093427071376 -6
    endloop
  endfacet
  facet normal 0 0 1
    outer loop
      vertex -4.9605735065723895 31.873333832178478 0
      vertex -4.911436253643443 31.563093427071376 0
      vertex -4.911436253643443 33.43690657292862 0
    endloop
  endfacet
  facet normal 0 0 1
    outer loop
      vertex -4.9605735065723895 31.873333832178478 0
      vertex -4.911436253643443 33.43690657292862 0
      vertex -4.9605735065723895 33.12666616782152 0
    endloop
  endfacet
  facet normal 0 0 1
    outer loop
      vertex -4.911436253643443 -33.43690657292862 0
      vertex -4.842915805643155 -33.743449435824274 0
      vertex -4.842915805643155 -31.256550564175726 0
    endloop
  endfacet
  facet normal 0 0 1
    outer loop
      vertex -4.911436253643443 -33.43690657292862 0
      vertex -4.842915805643155 -31.256550564175726 0
      vertex -4.911436253643443 -31.563093427071376 0
    endloop
  endfacet
  facet normal -0.9759167619387473 0.2181432413965431 0
    outer loop
      vertex -4.911436253643443 -31.563093427071376 -34
      vertex -4.911436253643443 -31.563093427071376 -6
      vertex -4.842915805643155 -31.256550564175726 -6
    endloop
  endfacet
  facet normal -0.9759167619387473 0.2181432413965431 2.8737719618611015e-20
    outer loop
      vertex -4.911436253643443 -31.563093427071376 -34
      vertex -4.842915805643155 -31.256550564175726 -6
      vertex -4.842915805643155 -31.256550564175726 -34
    endloop
  endfacet
  facet normal -0.9759167619387473 -0.2181432413965431 0
    outer loop
      vertex -4.911436253643443 31.563093427071376 -34
      vertex -4.842915805643155 31.256550564175726 -34
      vertex -4.911436253643443 31.563093427071376 -6
    endloop
  endfacet
  facet normal 0 0 -1
    outer loop
      vertex -4.911436253643443 31.563093427071376 -34
      vertex -3.192433564868238 31.891010727596395 -34
      vertex -3.147895273668051 31.691757866714223 -34
    endloop
  endfacet
  facet normal 0 0 -1
    outer loop
      vertex -4.911436253643443 31.563093427071376 -34
      vertex -3.147895273668051 31.691757866714223 -34
      vertex -3.090933677959249 31.49569476828142 -34
    endloop
  endfacet
  facet normal 0 0 -1
    outer loop
      vertex -4.911436253643443 31.563093427071376 -34
      vertex -3.090933677959249 31.49569476828142 -34
      vertex -4.842915805643155 31.256550564175726 -34
    endloop
  endfacet
  facet normal -0.9759167619387473 -0.2181432413965431 -2.8737719618611015e-20
    outer loop
      vertex -4.911436253643443 31.563093427071376 -6
      vertex -4.842915805643155 31.256550564175726 -34
      vertex -4.842915805643155 31.256550564175726 -6
    endloop
  endfacet
  facet normal 0 0 1
    outer loop
      vertex -4.911436253643443 31.563093427071376 0
      vertex -4.842915805643156 33.743449435824274 0
      vertex -4.911436253643443 33.43690657292862 0
    endloop
  endfacet
  facet normal 0 0 1
    outer loop
      vertex -4.911436253643443 31.563093427071376 0
      vertex -4.842915805643155 31.256550564175726 0
      vertex -4.842915805643156 33.743449435824274 0
    endloop
  endfacet
  facet normal 0 0 1
    outer loop
      vertex -4.842915805643156 33.743449435824274 0
      vertex -4.842915805643155 31.256550564175726 0
      vertex -4.755282581475767 34.045084971874736 0
    endloop
  endfacet
  facet normal 0 0 1
    outer loop
      vertex -4.842915805643155 -33.743449435824274 0
      vertex -4.755282581475767 -34.045084971874736 0
      vertex -4.755282581475767 -30.954915028125264 0
    endloop
  endfacet
  facet normal 0 0 1
    outer loop
      vertex -4.842915805643155 -33.743449435824274 0
      vertex -4.755282581475767 -30.954915028125264 0
      vertex -4.842915805643155 -31.256550564175726 0
    endloop
  endfacet
  facet normal -0.9602936856769425 0.27899110603923133 0
    outer loop
      vertex -4.842915805643155 -31.256550564175726 -34
      vertex -4.842915805643155 -31.256550564175726 -6
      vertex -4.755282581475767 -30.954915028125264 -6
    endloop
  endfacet
  facet normal -0.9602936856769425 0.27899110603923133 -1.5823496291431848e-21
    outer loop
      vertex -4.842915805643155 -31.256550564175726 -34
      vertex -4.755282581475767 -30.954915028125264 -6
      vertex -4.755282581475767 -30.954915028125264 -34
    endloop
  endfacet
  facet normal -0.9602936856769425 -0.27899110603923133 0
    outer loop
      vertex -4.842915805643155 31.256550564175726 -34
      vertex -4.755282581475767 30.954915028125264 -34
      vertex -4.842915805643155 31.256550564175726 -6
    endloop
  endfacet
  facet normal 0 0 -1
    outer loop
      vertex -4.842915805643155 31.256550564175726 -34
      vertex -3.090933677959249 31.49569476828142 -34
      vertex -3.021773579136817 31.303595203774798 -34
    endloop
  endfacet
  facet normal 0 0 -1
    outer loop
      vertex -4.842915805643155 31.256550564175726 -34
      vertex -3.021773579136817 31.303595203774798 -34
      vertex -4.755282581475767 30.954915028125264 -34
    endloop
  endfacet
  facet normal -0.9602936856769425 -0.27899110603923133 1.5823496291431848e-21
    outer loop
      vertex -4.842915805643155 31.256550564175726 -6
      vertex -4.755282581475767 30.954915028125264 -34
      vertex -4.755282581475767 30.954915028125264 -6
    endloop
  endfacet
  facet normal 0 0 1
    outer loop
      vertex -4.842915805643155 31.256550564175726 0
      vertex -4.755282581475767 30.954915028125264 0
      vertex -4.755282581475767 34.045084971874736 0
    endloop
  endfacet
  facet normal 0 0 1
    outer loop
      vertex -4.755282581475767 -34.045084971874736 0
      vertex -4.648882429441257 -34.34062276342339 0
      vertex -4.648882429441257 -30.65937723657661 0
    endloop
  endfacet
  facet normal 0 0 1
    outer loop
      vertex -4.755282581475767 -34.045084971874736 0
      vertex -4.648882429441257 -30.65937723657661 0
      vertex -4.755282581475767 -30.954915028125264 0
    endloop
  endfacet
  facet normal -0.9408807689542265 0.33873792024528837 0
    outer loop
      vertex -4.755282581475767 -30.954915028125264 -34
      vertex -4.755282581475767 -30.954915028125264 -6
      vertex -4.648882429441257 -30.65937723657661 -6
    endloop
  endfacet
  facet normal -0.9408807689542265 0.33873792024528837 -7.457268896078217e-20
    outer loop
      vertex -4.755282581475767 -30.954915028125264 -34
      vertex -4.648882429441257 -30.65937723657661 -6
      vertex -4.648882429441257 -30.65937723657661 -34
    endloop
  endfacet
  facet normal -0.9408807689542257 -0.3387379202452909 0
    outer loop
      vertex -4.755282581475767 30.954915028125264 -34
      vertex -4.648882429441256 30.65937723657661 -34
      vertex -4.755282581475767 30.954915028125264 -6
    endloop
  endfacet
  facet normal 0 0 -1
    outer loop
      vertex -4.755282581475767 30.954915028125264 -34
      vertex -3.021773579136817 31.303595203774798 -34
      vertex -2.9406879205145637 31.116217302413514 -34
    endloop
  endfacet
  facet normal 0 0 -1
    outer loop
      vertex -4.755282581475767 30.954915028125264 -34
      vertex -2.9406879205145637 31.116217302413514 -34
      vertex -4.648882429441256 30.65937723657661 -34
    endloop
  endfacet
  facet normal -0.9408807689542257 -0.3387379202452909 2.0961282488685377e-19
    outer loop
      vertex -4.755282581475767 30.954915028125264 -6
      vertex -4.648882429441256 30.65937723657661 -34
      vertex -4.648882429441256 30.65937723657661 -6
    endloop
  endfacet
  facet normal 0 0 1
    outer loop
      vertex -4.755282581475767 30.954915028125264 0
      vertex -4.648882429441256 30.65937723657661 0
      vertex -4.648882429441256 34.34062276342339 0
    endloop
  endfacet
  facet normal 0 0 1
    outer loop
      vertex -4.755282581475767 30.954915028125264 0
      vertex -4.648882429441256 34.34062276342339 0
      vertex -4.755282581475767 34.045084971874736 0
    endloop
  endfacet
  facet normal 0 0 1
    outer loop
      vertex -4.648882429441257 -34.34062276342339 0
      vertex -4.524135262330098 -34.62889645782536 0
      vertex -4.524135262330098 -30.371103542174637 0
    endloop
  endfacet
  facet normal 0 0 1
    outer loop
      vertex -4.648882429441257 -34.34062276342339 0
      vertex -4.524135262330098 -30.371103542174637 0
      vertex -4.648882429441257 -30.65937723657661 0
    endloop
  endfacet
  facet normal -0.9177546256839813 0.3971478906347802 0
    outer loop
      vertex -4.648882429441257 -30.65937723657661 -34
      vertex -4.648882429441257 -30.65937723657661 -6
      vertex -4.524135262330098 -30.371103542174637 -6
    endloop
  endfacet
  facet normal -0.9177546256839813 0.3971478906347802 -9.747713297604085e-20
    outer loop
      vertex -4.648882429441257 -30.65937723657661 -34
      vertex -4.524135262330098 -30.371103542174637 -6
      vertex -4.524135262330098 -30.371103542174637 -34
    endloop
  endfacet
  facet normal -0.9177546256839824 -0.3971478906347778 0
    outer loop
      vertex -4.648882429441256 30.65937723657661 -34
      vertex -4.524135262330098 30.371103542174637 -34
      vertex -4.648882429441256 30.65937723657661 -6
    endloop
  endfacet
  facet normal 0 0 -1
    outer loop
      vertex -4.648882429441256 30.65937723657661 -34
      vertex -2.9406879205145637 31.116217302413514 -34
      vertex -2.8479967101425565 30.934300559169426 -34
    endloop
  endfacet
  facet normal 0 0 -1
    outer loop
      vertex -4.648882429441256 30.65937723657661 -34
      vertex -2.8479967101425565 30.934300559169426 -34
      vertex -2.7440657578815486 30.75856291631826 -34
    endloop
  endfacet
  facet normal 0 0 -1
    outer loop
      vertex -4.648882429441256 30.65937723657661 -34
      vertex -2.7440657578815486 30.75856291631826 -34
      vertex -4.524135262330098 30.371103542174637 -34
    endloop
  endfacet
  facet normal -0.9177546256839824 -0.3971478906347778 1.7818337019717567e-20
    outer loop
      vertex -4.648882429441256 30.65937723657661 -6
      vertex -4.524135262330098 30.371103542174637 -34
      vertex -4.524135262330098 30.371103542174637 -6
    endloop
  endfacet
  facet normal 0 0 1
    outer loop
      vertex -4.648882429441256 30.65937723657661 0
      vertex -4.524135262330098 30.371103542174637 0
      vertex -4.524135262330098 34.62889645782536 0
    endloop
  endfacet
  facet normal 0 0 1
    outer loop
      vertex -4.648882429441256 30.65937723657661 0
      vertex -4.524135262330098 34.62889645782536 0
      vertex -4.648882429441256 34.34062276342339 0
    endloop
  endfacet
  facet normal 0 0 1
    outer loop
      vertex -4.524135262330098 -34.62889645782536 0
      vertex -4.381533400219317 -34.908768370508575 0
      vertex -4.381533400219317 -30.091231629491425 0
    endloop
  endfacet
  facet normal 0 0 1
    outer loop
      vertex -4.524135262330098 -34.62889645782536 0
      vertex -4.381533400219317 -30.091231629491425 0
      vertex -4.524135262330098 -30.371103542174637 0
    endloop
  endfacet
  facet normal -0.8910065241883659 0.45399049973955075 0
    outer loop
      vertex -4.524135262330098 -30.371103542174637 -34
      vertex -4.524135262330098 -30.371103542174637 -6
      vertex -4.381533400219317 -30.091231629491425 -6
    endloop
  endfacet
  facet normal -0.8910065241883659 0.45399049973955075 -3.4642223626615544e-19
    outer loop
      vertex -4.524135262330098 -30.371103542174637 -34
      vertex -4.381533400219317 -30.091231629491425 -6
      vertex -4.381533400219317 -30.091231629491425 -34
    endloop
  endfacet
  facet normal -0.8910065241883669 -0.45399049973954847 0
    outer loop
      vertex -4.524135262330098 30.371103542174637 -34
      vertex -4.381533400219318 30.091231629491425 -34
      vertex -4.524135262330098 30.371103542174637 -6
    endloop
  endfacet
  facet normal 0 0 -1
    outer loop
      vertex -4.524135262330098 30.371103542174637 -34
      vertex -2.7440657578815486 30.75856291631826 -34
      vertex -2.629305231718579 30.58969793004946 -34
    endloop
  endfacet
  facet normal 0 0 -1
    outer loop
      vertex -4.524135262330098 30.371103542174637 -34
      vertex -2.629305231718579 30.58969793004946 -34
      vertex -4.381533400219318 30.091231629491425 -34
    endloop
  endfacet
  facet normal -0.8910065241883669 -0.45399049973954847 2.0725388267879394e-19
    outer loop
      vertex -4.524135262330098 30.371103542174637 -6
      vertex -4.381533400219318 30.091231629491425 -34
      vertex -4.381533400219318 30.091231629491425 -6
    endloop
  endfacet
  facet normal 0 0 1
    outer loop
      vertex -4.524135262330098 30.371103542174637 0
      vertex -4.381533400219318 30.091231629491425 0
      vertex -4.381533400219317 34.908768370508575 0
    endloop
  endfacet
  facet normal 0 0 1
    outer loop
      vertex -4.524135262330098 30.371103542174637 0
      vertex -4.381533400219317 34.908768370508575 0
      vertex -4.524135262330098 34.62889645782536 0
    endloop
  endfacet
  facet normal -0.8607420270039458 -0.5090414157503678 -1.318375083794649e-19
    outer loop
      vertex -4.381533400219318 30.091231629491425 -34
      vertex -4.327579164942603 30 -34
      vertex -4.327579164942603 30 -6
    endloop
  endfacet
  facet normal -0.8607420270039458 -0.5090414157503678 0
    outer loop
      vertex -4.381533400219318 30.091231629491425 -34
      vertex -4.327579164942603 30 -6
      vertex -4.381533400219318 30.091231629491425 -6
    endloop
  endfacet
  facet normal 0 0 -1
    outer loop
      vertex -4.381533400219318 30.091231629491425 -34
      vertex -2.629305231718579 30.58969793004946 -34
      vertex -2.5041680390213155 30.42837203331676 -34
    endloop
  endfacet
  facet normal 0 0 -1
    outer loop
      vertex -4.381533400219318 30.091231629491425 -34
      vertex -2.5041680390213155 30.42837203331676 -34
      vertex -4.327579164942603 30 -34
    endloop
  endfacet
  facet normal 0 0 1
    outer loop
      vertex -4.381533400219318 30.091231629491425 0
      vertex -4.327579164942603 30 0
      vertex -4.2216396275100765 35.17913397489498 0
    endloop
  endfacet
  facet normal 0 0 1
    outer loop
      vertex -4.381533400219318 30.091231629491425 0
      vertex -4.2216396275100765 35.17913397489498 0
      vertex -4.381533400219317 34.908768370508575 0
    endloop
  endfacet
  facet normal 0 0 1
    outer loop
      vertex -4.381533400219317 -34.908768370508575 0
      vertex -4.327579164942602 -30 0
      vertex -4.381533400219317 -30.091231629491425 0
    endloop
  endfacet
  facet normal 0 0 1
    outer loop
      vertex -4.381533400219317 -34.908768370508575 0
      vertex -4.221639627510075 -35.17913397489498 0
      vertex -4.327579164942602 -30 0
    endloop
  endfacet
  facet normal -0.8607420270039458 0.5090414157503678 0
    outer loop
      vertex -4.381533400219317 -30.091231629491425 -34
      vertex -4.381533400219317 -30.091231629491425 -6
      vertex -4.327579164942602 -30 -34
    endloop
  endfacet
  facet normal 0 0 -1
    outer loop
      vertex -4.381533400219317 -30.091231629491425 -34
      vertex -4.327579164942602 -30 -34
      vertex -2.0763556789359336 -30 -34
    endloop
  endfacet
  facet normal -0.8607420270039458 0.5090414157503678 1.318375083794649e-19
    outer loop
      vertex -4.381533400219317 -30.091231629491425 -6
      vertex -4.327579164942602 -30 -6
      vertex -4.327579164942602 -30 -34
    endloop
  endfacet
  facet normal 0 0 -1
    outer loop
      vertex -4.327579164942603 30 -34
      vertex -2.5041680390213155 30.42837203331676 -34
      vertex -2.369148039119588 30.27522190573176 -34
    endloop
  endfacet
  facet normal 0 0 -1
    outer loop
      vertex -4.327579164942603 30 -34
      vertex -2.369148039119588 30.27522190573176 -34
      vertex -2.224778094268238 30.130851960880413 -34
    endloop
  endfacet
  facet normal 0 0 -1
    outer loop
      vertex -4.327579164942603 30 -34
      vertex -2.224778094268238 30.130851960880413 -34
      vertex -2.0763556789359328 30 -34
    endloop
  endfacet
  facet normal 0 -1 0
    outer loop
      vertex -4.327579164942603 30 -34
      vertex -2.0763556789359328 30 -34
      vertex -4.327579164942603 30 -6
    endloop
  endfacet
  facet normal 0 -1 0
    outer loop
      vertex -4.327579164942603 30 -6
      vertex -2.0763556789359328 30 -34
      vertex -2.0763556789359328 30 0
    endloop
  endfacet
  facet normal 0 -1 0
    outer loop
      vertex -4.327579164942603 30 -6
      vertex -2.0763556789359328 30 0
      vertex -4.327579164942603 30 0
    endloop
  endfacet
  facet normal 0 0 1
    outer loop
      vertex -4.327579164942603 30 0
      vertex -4.045084971874737 35.43892626146236 0
      vertex -4.2216396275100765 35.17913397489498 0
    endloop
  endfacet
  facet normal 0 0 1
    outer loop
      vertex -4.327579164942603 30 0
      vertex -3.852566213878945 35.68711994874345 0
      vertex -4.045084971874737 35.43892626146236 0
    endloop
  endfacet
  facet normal 0 0 1
    outer loop
      vertex -4.327579164942603 30 0
      vertex -3.6448431371070584 35.92273552964344 0
      vertex -3.852566213878945 35.68711994874345 0
    endloop
  endfacet
  facet normal 0 0 1
    outer loop
      vertex -4.327579164942603 30 0
      vertex -3.4227355296434423 36.14484313710706 0
      vertex -3.6448431371070584 35.92273552964344 0
    endloop
  endfacet
  facet normal 0 0 1
    outer loop
      vertex -4.327579164942603 30 0
      vertex -3.25 32.5 0
      vertex -3.18711994874345 36.352566213878944 0
    endloop
  endfacet
  facet normal 0 0 1
    outer loop
      vertex -4.327579164942603 30 0
      vertex -3.2435868673918824 32.29593081152973 0
      vertex -3.25 32.5 0
    endloop
  endfacet
  facet normal 0 0 1
    outer loop
      vertex -4.327579164942603 30 0
      vertex -3.224372779272053 32.09266699091601 0
      vertex -3.2435868673918824 32.29593081152973 0
    endloop
  endfacet
  facet normal 0 0 1
    outer loop
      vertex -4.327579164942603 30 0
      vertex -3.192433564868238 31.891010727596395 0
      vertex -3.224372779272053 32.09266699091601 0
    endloop
  endfacet
  facet normal 0 0 1
    outer loop
      vertex -4.327579164942603 30 0
      vertex -3.18711994874345 36.352566213878944 0
      vertex -3.4227355296434423 36.14484313710706 0
    endloop
  endfacet
  facet normal 0 0 1
    outer loop
      vertex -4.327579164942603 30 0
      vertex -3.147895273668051 31.691757866714223 0
      vertex -3.192433564868238 31.891010727596395 0
    endloop
  endfacet
  facet normal 0 0 1
    outer loop
      vertex -4.327579164942603 30 0
      vertex -3.090933677959249 31.49569476828142 0
      vertex -3.147895273668051 31.691757866714223 0
    endloop
  endfacet
  facet normal 0 0 1
    outer loop
      vertex -4.327579164942603 30 0
      vertex -3.021773579136817 31.303595203774798 0
      vertex -3.090933677959249 31.49569476828142 0
    endloop
  endfacet
  facet normal 0 0 1
    outer loop
      vertex -4.327579164942603 30 0
      vertex -2.9406879205145637 31.116217302413514 0
      vertex -3.021773579136817 31.303595203774798 0
    endloop
  endfacet
  facet normal 0 0 1
    outer loop
      vertex -4.327579164942603 30 0
      vertex -2.8479967101425565 30.934300559169426 0
      vertex -2.9406879205145637 31.116217302413514 0
    endloop
  endfacet
  facet normal 0 0 1
    outer loop
      vertex -4.327579164942603 30 0
      vertex -2.7440657578815486 30.75856291631826 0
      vertex -2.8479967101425565 30.934300559169426 0
    endloop
  endfacet
  facet normal 0 0 1
    outer loop
      vertex -4.327579164942603 30 0
      vertex -2.629305231718579 30.58969793004946 0
      vertex -2.7440657578815486 30.75856291631826 0
    endloop
  endfacet
  facet normal 0 0 1
    outer loop
      vertex -4.327579164942603 30 0
      vertex -2.5041680390213155 30.42837203331676 0
      vertex -2.629305231718579 30.58969793004946 0
    endloop
  endfacet
  facet normal 0 0 1
    outer loop
      vertex -4.327579164942603 30 0
      vertex -2.369148039119588 30.27522190573176 0
      vertex -2.5041680390213155 30.42837203331676 0
    endloop
  endfacet
  facet normal 0 0 1
    outer loop
      vertex -4.327579164942603 30 0
      vertex -2.224778094268238 30.130851960880413 0
      vertex -2.369148039119588 30.27522190573176 0
    endloop
  endfacet
  facet normal 0 0 1
    outer loop
      vertex -4.327579164942603 30 0
      vertex -2.0763556789359328 30 0
      vertex -2.224778094268238 30.130851960880413 0
    endloop
  endfacet
  facet normal 0 1 0
    outer loop
      vertex -4.327579164942602 -30 -34
      vertex -4.327579164942602 -30 -6
      vertex -2.0763556789359336 -30 -34
    endloop
  endfacet
  facet normal 0 1 0
    outer loop
      vertex -4.327579164942602 -30 -6
      vertex -4.327579164942602 -30 0
      vertex -2.0763556789359336 -30 0
    endloop
  endfacet
  facet normal 0 1 0
    outer loop
      vertex -4.327579164942602 -30 -6
      vertex -2.0763556789359336 -30 0
      vertex -2.0763556789359336 -30 -34
    endloop
  endfacet
  facet normal 0 0 1
    outer loop
      vertex -4.327579164942602 -30 0
      vertex -4.221639627510075 -35.17913397489498 0
      vertex -4.045084971874737 -35.43892626146236 0
    endloop
  endfacet
  facet normal 0 0 1
    outer loop
      vertex -4.327579164942602 -30 0
      vertex -4.045084971874737 -35.43892626146236 0
      vertex -3.852566213878947 -35.68711994874345 0
    endloop
  endfacet
  facet normal 0 0 1
    outer loop
      vertex -4.327579164942602 -30 0
      vertex -3.852566213878947 -35.68711994874345 0
      vertex -3.6448431371070584 -35.92273552964344 0
    endloop
  endfacet
  facet normal 0 0 1
    outer loop
      vertex -4.327579164942602 -30 0
      vertex -3.6448431371070584 -35.92273552964344 0
      vertex -3.4227355296434423 -36.14484313710706 0
    endloop
  endfacet
  facet normal 0 0 1
    outer loop
      vertex -4.327579164942602 -30 0
      vertex -3.4227355296434423 -36.14484313710706 0
      vertex -3.2435868673918824 -32.29593081152973 0
    endloop
  endfacet
  facet normal 0 0 1
    outer loop
      vertex -4.327579164942602 -30 0
      vertex -3.2435868673918824 -32.29593081152973 0
      vertex -3.224372779272053 -32.09266699091601 0
    endloop
  endfacet
  facet normal 0 0 1
    outer loop
      vertex -4.327579164942602 -30 0
      vertex -3.224372779272053 -32.09266699091601 0
      vertex -3.192433564868238 -31.891010727596395 0
    endloop
  endfacet
  facet normal 0 0 1
    outer loop
      vertex -4.327579164942602 -30 0
      vertex -3.192433564868238 -31.891010727596395 0
      vertex -3.1478952736680514 -31.691757866714223 0
    endloop
  endfacet
  facet normal 0 0 1
    outer loop
      vertex -4.327579164942602 -30 0
      vertex -3.1478952736680514 -31.691757866714223 0
      vertex -3.090933677959249 -31.49569476828142 0
    endloop
  endfacet
  facet normal 0 0 1
    outer loop
      vertex -4.327579164942602 -30 0
      vertex -3.090933677959249 -31.49569476828142 0
      vertex -3.0217735791368163 -31.303595203774794 0
    endloop
  endfacet
  facet normal 0 0 1
    outer loop
      vertex -4.327579164942602 -30 0
      vertex -3.0217735791368163 -31.303595203774794 0
      vertex -2.9406879205145637 -31.116217302413514 0
    endloop
  endfacet
  facet normal 0 0 1
    outer loop
      vertex -4.327579164942602 -30 0
      vertex -2.9406879205145637 -31.116217302413514 0
      vertex -2.8479967101425565 -30.934300559169426 0
    endloop
  endfacet
  facet normal 0 0 1
    outer loop
      vertex -4.327579164942602 -30 0
      vertex -2.8479967101425565 -30.934300559169426 0
      vertex -2.7440657578815495 -30.75856291631826 0
    endloop
  endfacet
  facet normal 0 0 1
    outer loop
      vertex -4.327579164942602 -30 0
      vertex -2.7440657578815495 -30.75856291631826 0
      vertex -2.629305231718579 -30.58969793004946 0
    endloop
  endfacet
  facet normal 0 0 1
    outer loop
      vertex -4.327579164942602 -30 0
      vertex -2.629305231718579 -30.58969793004946 0
      vertex -2.504168039021314 -30.42837203331676 0
    endloop
  endfacet
  facet normal 0 0 1
    outer loop
      vertex -4.327579164942602 -30 0
      vertex -2.504168039021314 -30.42837203331676 0
      vertex -2.369148039119588 -30.27522190573176 0
    endloop
  endfacet
  facet normal 0 0 1
    outer loop
      vertex -4.327579164942602 -30 0
      vertex -2.369148039119588 -30.27522190573176 0
      vertex -2.224778094268238 -30.130851960880413 0
    endloop
  endfacet
  facet normal 0 0 1
    outer loop
      vertex -4.327579164942602 -30 0
      vertex -2.224778094268238 -30.130851960880413 0
      vertex -2.0763556789359336 -30 0
    endloop
  endfacet
  facet normal 0 0 1
    outer loop
      vertex -3.4227355296434423 -36.14484313710706 0
      vertex -3.25 -32.5 0
      vertex -3.2435868673918824 -32.29593081152973 0
    endloop
  endfacet
  facet normal 0 0 1
    outer loop
      vertex -3.4227355296434423 -36.14484313710706 0
      vertex -3.2435868673918824 -32.70406918847027 0
      vertex -3.25 -32.5 0
    endloop
  endfacet
  facet normal 0 0 1
    outer loop
      vertex -3.4227355296434423 -36.14484313710706 0
      vertex -3.224372779272053 -32.90733300908399 0
      vertex -3.2435868673918824 -32.70406918847027 0
    endloop
  endfacet
  facet normal 0 0 1
    outer loop
      vertex -3.4227355296434423 -36.14484313710706 0
      vertex -3.1924335648682383 -33.108989272403605 0
      vertex -3.224372779272053 -32.90733300908399 0
    endloop
  endfacet
  facet normal 0 0 1
    outer loop
      vertex -3.4227355296434423 -36.14484313710706 0
      vertex -3.1871199487434483 -36.352566213878944 0
      vertex -3.1924335648682383 -33.108989272403605 0
    endloop
  endfacet
  facet normal 0.9995065603657316 0.03141075907812877 0
    outer loop
      vertex -3.25 -32.5 -34
      vertex -3.25 -32.5 0
      vertex -3.2435868673918824 -32.70406918847027 -34
    endloop
  endfacet
  facet normal 0.9995065603657316 -0.03141075907812877 -7.296210796640105e-22
    outer loop
      vertex -3.25 -32.5 -34
      vertex -3.2435868673918824 -32.29593081152973 -34
      vertex -3.2435868673918824 -32.29593081152973 0
    endloop
  endfacet
  facet normal 0.9995065603657316 -0.03141075907812877 0
    outer loop
      vertex -3.25 -32.5 -34
      vertex -3.2435868673918824 -32.29593081152973 0
      vertex -3.25 -32.5 0
    endloop
  endfacet
  facet normal 0.9995065603657316 0.03141075907812877 7.296210796640105e-22
    outer loop
      vertex -3.25 -32.5 0
      vertex -3.2435868673918824 -32.70406918847027 0
      vertex -3.2435868673918824 -32.70406918847027 -34
    endloop
  endfacet
  facet normal 0.9995065603657316 0.03141075907812877 0
    outer loop
      vertex -3.25 32.5 -34
      vertex -3.25 32.5 0
      vertex -3.2435868673918824 32.29593081152973 -34
    endloop
  endfacet
  facet normal 0.9995065603657316 -0.03141075907812877 -7.296210796640105e-22
    outer loop
      vertex -3.25 32.5 -34
      vertex -3.2435868673918824 32.70406918847027 -34
      vertex -3.2435868673918824 32.70406918847027 0
    endloop
  endfacet
  facet normal 0.9995065603657316 -0.03141075907812877 0
    outer loop
      vertex -3.25 32.5 -34
      vertex -3.2435868673918824 32.70406918847027 0
      vertex -3.25 32.5 0
    endloop
  endfacet
  facet normal 0.9995065603657316 0.03141075907812877 7.296210796640105e-22
    outer loop
      vertex -3.25 32.5 0
      vertex -3.2435868673918824 32.29593081152973 0
      vertex -3.2435868673918824 32.29593081152973 -34
    endloop
  endfacet
  facet normal 0 0 1
    outer loop
      vertex -3.25 32.5 0
      vertex -3.2435868673918824 32.70406918847027 0
      vertex -3.18711994874345 36.352566213878944 0
    endloop
  endfacet
  facet normal 0.9955619646030801 0.09410831331851352 0
    outer loop
      vertex -3.2435868673918824 -32.70406918847027 -34
      vertex -3.2435868673918824 -32.70406918847027 0
      vertex -3.224372779272053 -32.90733300908399 -34
    endloop
  endfacet
  facet normal 0.9955619646030801 0.09410831331851352 -5.171434160198055e-21
    outer loop
      vertex -3.2435868673918824 -32.70406918847027 0
      vertex -3.224372779272053 -32.90733300908399 0
      vertex -3.224372779272053 -32.90733300908399 -34
    endloop
  endfacet
  facet normal 0.9955619646030801 -0.09410831331851352 5.171434160198055e-21
    outer loop
      vertex -3.2435868673918824 -32.29593081152973 -34
      vertex -3.224372779272053 -32.09266699091601 -34
      vertex -3.224372779272053 -32.09266699091601 0
    endloop
  endfacet
  facet normal 0.9955619646030801 -0.09410831331851352 0
    outer loop
      vertex -3.2435868673918824 -32.29593081152973 -34
      vertex -3.224372779272053 -32.09266699091601 0
      vertex -3.2435868673918824 -32.29593081152973 0
    endloop
  endfacet
  facet normal 0.9955619646030801 0.09410831331851352 0
    outer loop
      vertex -3.2435868673918824 32.29593081152973 -34
      vertex -3.2435868673918824 32.29593081152973 0
      vertex -3.224372779272053 32.09266699091601 -34
    endloop
  endfacet
  facet normal 0.9955619646030801 0.09410831331851352 -5.171434160198055e-21
    outer loop
      vertex -3.2435868673918824 32.29593081152973 0
      vertex -3.224372779272053 32.09266699091601 0
      vertex -3.224372779272053 32.09266699091601 -34
    endloop
  endfacet
  facet normal 0.9955619646030801 -0.09410831331851352 5.171434160198055e-21
    outer loop
      vertex -3.2435868673918824 32.70406918847027 -34
      vertex -3.224372779272053 32.90733300908399 -34
      vertex -3.224372779272053 32.90733300908399 0
    endloop
  endfacet
  facet normal 0.9955619646030801 -0.09410831331851352 0
    outer loop
      vertex -3.2435868673918824 32.70406918847027 -34
      vertex -3.224372779272053 32.90733300908399 0
      vertex -3.2435868673918824 32.70406918847027 0
    endloop
  endfacet
  facet normal 0 0 1
    outer loop
      vertex -3.2435868673918824 32.70406918847027 0
      vertex -3.224372779272053 32.90733300908399 0
      vertex -3.18711994874345 36.352566213878944 0
    endloop
  endfacet
  facet normal 0.9876883405951374 0.15643446504023284 0
    outer loop
      vertex -3.224372779272053 -32.90733300908399 -34
      vertex -3.224372779272053 -32.90733300908399 0
      vertex -3.1924335648682383 -33.108989272403605 -34
    endloop
  endfacet
  facet normal 0.9876883405951374 0.15643446504023284 3.534765545792722e-20
    outer loop
      vertex -3.224372779272053 -32.90733300908399 0
      vertex -3.1924335648682383 -33.108989272403605 0
      vertex -3.1924335648682383 -33.108989272403605 -34
    endloop
  endfacet
  facet normal 0.987688340595137 -0.15643446504023514 1.1731146897919783e-18
    outer loop
      vertex -3.224372779272053 -32.09266699091601 -34
      vertex -3.2096957697792616 -32 -34
      vertex -3.192433564868238 -31.891010727596395 0
    endloop
  endfacet
  facet normal 0.987688340595137 -0.15643446504023495 0
    outer loop
      vertex -3.224372779272053 -32.09266699091601 -34
      vertex -3.192433564868238 -31.891010727596395 0
      vertex -3.224372779272053 -32.09266699091601 0
    endloop
  endfacet
  facet normal 0.987688340595137 0.15643446504023514 0
    outer loop
      vertex -3.224372779272053 32.09266699091601 -34
      vertex -3.224372779272053 32.09266699091601 0
      vertex -3.2096957697792616 32 -34
    endloop
  endfacet
  facet normal 0.9876883405951371 0.15643446504023478 1.0697137758777945e-18
    outer loop
      vertex -3.224372779272053 32.09266699091601 0
      vertex -3.192433564868238 31.891010727596395 -34
      vertex -3.2096957697792616 32 -34
    endloop
  endfacet
  facet normal 0.987688340595137 0.15643446504023495 4.359681819130532e-21
    outer loop
      vertex -3.224372779272053 32.09266699091601 0
      vertex -3.192433564868238 31.891010727596395 0
      vertex -3.192433564868238 31.891010727596395 -34
    endloop
  endfacet
  facet normal 0.987688340595137 -0.15643446504023495 -4.359681819130532e-21
    outer loop
      vertex -3.224372779272053 32.90733300908399 -34
      vertex -3.192433564868238 33.108989272403605 -34
      vertex -3.192433564868238 33.108989272403605 0
    endloop
  endfacet
  facet normal 0.987688340595137 -0.15643446504023495 0
    outer loop
      vertex -3.224372779272053 32.90733300908399 -34
      vertex -3.192433564868238 33.108989272403605 0
      vertex -3.224372779272053 32.90733300908399 0
    endloop
  endfacet
  facet normal 0 0 1
    outer loop
      vertex -3.224372779272053 32.90733300908399 0
      vertex -3.192433564868238 33.108989272403605 0
      vertex -3.18711994874345 36.352566213878944 0
    endloop
  endfacet
  facet normal 0.9876883405951371 -0.15643446504023478 1.9417188470920898e-20
    outer loop
      vertex -3.2096957697792616 -32 -34
      vertex -3.192433564868238 -31.891010727596395 -34
      vertex -3.192433564868238 -31.891010727596395 0
    endloop
  endfacet
  facet normal 0.9759167619387479 0.21814324139654057 0
    outer loop
      vertex -3.1924335648682383 -33.108989272403605 -34
      vertex -3.1924335648682383 -33.108989272403605 0
      vertex -3.147895273668051 -33.30824213328578 -34
    endloop
  endfacet
  facet normal 0 0 1
    outer loop
      vertex -3.1924335648682383 -33.108989272403605 0
      vertex -3.1871199487434483 -36.352566213878944 0
      vertex -3.147895273668051 -33.30824213328578 0
    endloop
  endfacet
  facet normal 0.9759167619387479 0.21814324139654057 -4.533994126837014e-20
    outer loop
      vertex -3.1924335648682383 -33.108989272403605 0
      vertex -3.147895273668051 -33.30824213328578 0
      vertex -3.147895273668051 -33.30824213328578 -34
    endloop
  endfacet
  facet normal 0.975916761938748 -0.21814324139654012 -1.2607262886211866e-20
    outer loop
      vertex -3.192433564868238 -31.891010727596395 -34
      vertex -3.1478952736680514 -31.691757866714223 -34
      vertex -3.1478952736680514 -31.691757866714223 0
    endloop
  endfacet
  facet normal 0.975916761938748 -0.21814324139654012 0
    outer loop
      vertex -3.192433564868238 -31.891010727596395 -34
      vertex -3.1478952736680514 -31.691757866714223 0
      vertex -3.192433564868238 -31.891010727596395 0
    endloop
  endfacet
  facet normal 0.9759167619387475 0.21814324139654223 0
    outer loop
      vertex -3.192433564868238 31.891010727596395 -34
      vertex -3.192433564868238 31.891010727596395 0
      vertex -3.147895273668051 31.691757866714223 -34
    endloop
  endfacet
  facet normal 0.9759167619387475 0.21814324139654223 1.0425073360269937e-20
    outer loop
      vertex -3.192433564868238 31.891010727596395 0
      vertex -3.147895273668051 31.691757866714223 0
      vertex -3.147895273668051 31.691757866714223 -34
    endloop
  endfacet
  facet normal 0.9759167619387482 -0.21814324139653848 4.315775174220099e-20
    outer loop
      vertex -3.192433564868238 33.108989272403605 -34
      vertex -3.147895273668051 33.30824213328578 -34
      vertex -3.147895273668051 33.30824213328578 0
    endloop
  endfacet
  facet normal 0.9759167619387482 -0.21814324139653848 0
    outer loop
      vertex -3.192433564868238 33.108989272403605 -34
      vertex -3.147895273668051 33.30824213328578 0
      vertex -3.192433564868238 33.108989272403605 0
    endloop
  endfacet
  facet normal 0 0 1
    outer loop
      vertex -3.192433564868238 33.108989272403605 0
      vertex -3.147895273668051 33.30824213328578 0
      vertex -3.18711994874345 36.352566213878944 0
    endloop
  endfacet
  facet normal 0 0 1
    outer loop
      vertex -3.18711994874345 36.352566213878944 0
      vertex -3.147895273668051 33.30824213328578 0
      vertex -3.090933677959249 33.504305231718575 0
    endloop
  endfacet
  facet normal 0 0 1
    outer loop
      vertex -3.18711994874345 36.352566213878944 0
      vertex -3.090933677959249 33.504305231718575 0
      vertex -3.021773579136817 33.6964047962252 0
    endloop
  endfacet
  facet normal 0 0 1
    outer loop
      vertex -3.18711994874345 36.352566213878944 0
      vertex -3.021773579136817 33.6964047962252 0
      vertex -2.938926261462366 36.545084971874736 0
    endloop
  endfacet
  facet normal 0 0 1
    outer loop
      vertex -3.1871199487434483 -36.352566213878944 0
      vertex -3.090933677959249 -33.504305231718575 0
      vertex -3.147895273668051 -33.30824213328578 0
    endloop
  endfacet
  facet normal 0 0 1
    outer loop
      vertex -3.1871199487434483 -36.352566213878944 0
      vertex -3.0217735791368168 -33.6964047962252 0
      vertex -3.090933677959249 -33.504305231718575 0
    endloop
  endfacet
  facet normal 0 0 1
    outer loop
      vertex -3.1871199487434483 -36.352566213878944 0
      vertex -2.9406879205145637 -33.88378269758648 0
      vertex -3.0217735791368168 -33.6964047962252 0
    endloop
  endfacet
  facet normal 0 0 1
    outer loop
      vertex -3.1871199487434483 -36.352566213878944 0
      vertex -2.938926261462366 -36.545084971874736 0
      vertex -2.9406879205145637 -33.88378269758648 0
    endloop
  endfacet
  facet normal 0.9602936856769426 -0.27899110603923033 -1.1250530525005894e-19
    outer loop
      vertex -3.1478952736680514 -31.691757866714223 -34
      vertex -3.090933677959249 -31.49569476828142 -34
      vertex -3.090933677959249 -31.49569476828142 0
    endloop
  endfacet
  facet normal 0.9602936856769426 -0.27899110603923033 0
    outer loop
      vertex -3.1478952736680514 -31.691757866714223 -34
      vertex -3.090933677959249 -31.49569476828142 0
      vertex -3.1478952736680514 -31.691757866714223 0
    endloop
  endfacet
  facet normal 0.9602936856769405 0.27899110603923766 0
    outer loop
      vertex -3.147895273668051 -33.30824213328578 -34
      vertex -3.147895273668051 -33.30824213328578 0
      vertex -3.090933677959249 -33.504305231718575 -34
    endloop
  endfacet
  facet normal 0.9602936856769405 0.27899110603923766 -1.0731171304174582e-20
    outer loop
      vertex -3.147895273668051 -33.30824213328578 0
      vertex -3.090933677959249 -33.504305231718575 0
      vertex -3.090933677959249 -33.504305231718575 -34
    endloop
  endfacet
  facet normal 0.9602936856769434 0.2789911060392284 0
    outer loop
      vertex -3.147895273668051 31.691757866714223 -34
      vertex -3.147895273668051 31.691757866714223 0
      vertex -3.090933677959249 31.49569476828142 -34
    endloop
  endfacet
  facet normal 0.9602936856769434 0.2789911060392284 -8.937249323953169e-20
    outer loop
      vertex -3.147895273668051 31.691757866714223 0
      vertex -3.090933677959249 31.49569476828142 0
      vertex -3.090933677959249 31.49569476828142 -34
    endloop
  endfacet
  facet normal 0.9602936856769405 -0.27899110603923766 1.0731171304174582e-20
    outer loop
      vertex -3.147895273668051 33.30824213328578 -34
      vertex -3.090933677959249 33.504305231718575 -34
      vertex -3.090933677959249 33.504305231718575 0
    endloop
  endfacet
  facet normal 0.9602936856769405 -0.27899110603923766 0
    outer loop
      vertex -3.147895273668051 33.30824213328578 -34
      vertex -3.090933677959249 33.504305231718575 0
      vertex -3.147895273668051 33.30824213328578 0
    endloop
  endfacet
  facet normal 0.940880768954227 0.33873792024528737 0
    outer loop
      vertex -3.090933677959249 -33.504305231718575 -34
      vertex -3.090933677959249 -33.504305231718575 0
      vertex -3.0217735791368168 -33.6964047962252 -34
    endloop
  endfacet
  facet normal 0.940880768954227 0.33873792024528737 -1.678702348794248e-20
    outer loop
      vertex -3.090933677959249 -33.504305231718575 0
      vertex -3.0217735791368168 -33.6964047962252 0
      vertex -3.0217735791368168 -33.6964047962252 -34
    endloop
  endfacet
  facet normal 0.9408807689542262 -0.3387379202452893 6.114071820939024e-20
    outer loop
      vertex -3.090933677959249 -31.49569476828142 -34
      vertex -3.0217735791368163 -31.303595203774794 -34
      vertex -3.0217735791368163 -31.303595203774794 0
    endloop
  endfacet
  facet normal 0.9408807689542262 -0.3387379202452893 0
    outer loop
      vertex -3.090933677959249 -31.49569476828142 -34
      vertex -3.0217735791368163 -31.303595203774794 0
      vertex -3.090933677959249 -31.49569476828142 0
    endloop
  endfacet
  facet normal 0.9408807689542257 0.33873792024529104 0
    outer loop
      vertex -3.090933677959249 31.49569476828142 -34
      vertex -3.090933677959249 31.49569476828142 0
      vertex -3.021773579136817 31.303595203774798 -34
    endloop
  endfacet
  facet normal 0.9408807689542257 0.33873792024529104 -6.242533038239685e-20
    outer loop
      vertex -3.090933677959249 31.49569476828142 0
      vertex -3.021773579136817 31.303595203774798 0
      vertex -3.021773579136817 31.303595203774798 -34
    endloop
  endfacet
  facet normal 0.9408807689542277 -0.3387379202452855 -2.756667123350534e-20
    outer loop
      vertex -3.090933677959249 33.504305231718575 -34
      vertex -3.021773579136817 33.6964047962252 -34
      vertex -3.021773579136817 33.6964047962252 0
    endloop
  endfacet
  facet normal 0.9408807689542277 -0.3387379202452855 0
    outer loop
      vertex -3.090933677959249 33.504305231718575 -34
      vertex -3.021773579136817 33.6964047962252 0
      vertex -3.090933677959249 33.504305231718575 0
    endloop
  endfacet
  facet normal 0.9177546256839824 0.39714789063477796 0
    outer loop
      vertex -3.021773579136817 31.303595203774798 -34
      vertex -3.021773579136817 31.303595203774798 0
      vertex -2.9406879205145637 31.116217302413514 -34
    endloop
  endfacet
  facet normal 0.9177546256839824 0.39714789063477796 -7.179099221012105e-20
    outer loop
      vertex -3.021773579136817 31.303595203774798 0
      vertex -2.9406879205145637 31.116217302413514 0
      vertex -2.9406879205145637 31.116217302413514 -34
    endloop
  endfacet
  facet normal 0.9177546256839796 -0.3971478906347843 5.594036524667586e-20
    outer loop
      vertex -3.021773579136817 33.6964047962252 -34
      vertex -2.9406879205145637 33.88378269758648 -34
      vertex -2.9406879205145637 33.88378269758648 0
    endloop
  endfacet
  facet normal 0.9177546256839796 -0.3971478906347843 0
    outer loop
      vertex -3.021773579136817 33.6964047962252 -34
      vertex -2.9406879205145637 33.88378269758648 0
      vertex -3.021773579136817 33.6964047962252 0
    endloop
  endfacet
  facet normal 0 0 1
    outer loop
      vertex -3.021773579136817 33.6964047962252 0
      vertex -2.9406879205145637 33.88378269758648 0
      vertex -2.938926261462366 36.545084971874736 0
    endloop
  endfacet
  facet normal 0.9177546256839805 0.3971478906347825 0
    outer loop
      vertex -3.0217735791368168 -33.6964047962252 -34
      vertex -3.0217735791368168 -33.6964047962252 0
      vertex -2.9406879205145637 -33.88378269758648 -34
    endloop
  endfacet
  facet normal 0.9177546256839805 0.3971478906347825 -6.375143179138136e-20
    outer loop
      vertex -3.0217735791368168 -33.6964047962252 0
      vertex -2.9406879205145637 -33.88378269758648 0
      vertex -2.9406879205145637 -33.88378269758648 -34
    endloop
  endfacet
  facet normal 0.9177546256839811 -0.3971478906347806 7.156249833608686e-20
    outer loop
      vertex -3.0217735791368163 -31.303595203774794 -34
      vertex -2.9406879205145637 -31.116217302413514 -34
      vertex -2.9406879205145637 -31.116217302413514 0
    endloop
  endfacet
  facet normal 0.9177546256839811 -0.3971478906347806 0
    outer loop
      vertex -3.0217735791368163 -31.303595203774794 -34
      vertex -2.9406879205145637 -31.116217302413514 0
      vertex -3.0217735791368163 -31.303595203774794 0
    endloop
  endfacet
  facet normal 0.8910065241883736 0.45399049973953587 0
    outer loop
      vertex -2.9406879205145637 -33.88378269758648 -34
      vertex -2.9406879205145637 -33.88378269758648 0
      vertex -2.8479967101425565 -34.06569944083058 -34
    endloop
  endfacet
  facet normal 0 0 1
    outer loop
      vertex -2.9406879205145637 -33.88378269758648 0
      vertex -2.938926261462366 -36.545084971874736 0
      vertex -2.8479967101425565 -34.06569944083058 0
    endloop
  endfacet
  facet normal 0.8910065241883736 0.45399049973953587 1.3385418476785808e-19
    outer loop
      vertex -2.9406879205145637 -33.88378269758648 0
      vertex -2.8479967101425565 -34.06569944083058 0
      vertex -2.8479967101425565 -34.06569944083058 -34
    endloop
  endfacet
  facet normal 0.8910065241883663 -0.4539904997395499 -4.9688585509170785e-20
    outer loop
      vertex -2.9406879205145637 -31.116217302413514 -34
      vertex -2.8479967101425565 -30.934300559169426 -34
      vertex -2.8479967101425565 -30.934300559169426 0
    endloop
  endfacet
  facet normal 0.8910065241883663 -0.4539904997395499 0
    outer loop
      vertex -2.9406879205145637 -31.116217302413514 -34
      vertex -2.8479967101425565 -30.934300559169426 0
      vertex -2.9406879205145637 -31.116217302413514 0
    endloop
  endfacet
  facet normal 0.8910065241883663 0.4539904997395499 0
    outer loop
      vertex -2.9406879205145637 31.116217302413514 -34
      vertex -2.9406879205145637 31.116217302413514 0
      vertex -2.8479967101425565 30.934300559169426 -34
    endloop
  endfacet
  facet normal 0.8910065241883663 0.4539904997395499 4.9688585509170785e-20
    outer loop
      vertex -2.9406879205145637 31.116217302413514 0
      vertex -2.8479967101425565 30.934300559169426 0
      vertex -2.8479967101425565 30.934300559169426 -34
    endloop
  endfacet
  facet normal 0.8910065241883736 -0.45399049973953587 -1.3385418476785808e-19
    outer loop
      vertex -2.9406879205145637 33.88378269758648 -34
      vertex -2.8479967101425565 34.06569944083058 -34
      vertex -2.8479967101425565 34.06569944083058 0
    endloop
  endfacet
  facet normal 0.8910065241883736 -0.45399049973953587 0
    outer loop
      vertex -2.9406879205145637 33.88378269758648 -34
      vertex -2.8479967101425565 34.06569944083058 0
      vertex -2.9406879205145637 33.88378269758648 0
    endloop
  endfacet
  facet normal 0 0 1
    outer loop
      vertex -2.9406879205145637 33.88378269758648 0
      vertex -2.8479967101425565 34.06569944083058 0
      vertex -2.938926261462366 36.545084971874736 0
    endloop
  endfacet
  facet normal 0 0 1
    outer loop
      vertex -2.938926261462366 -36.545084971874736 0
      vertex -2.744065757881549 -34.24143708368174 0
      vertex -2.8479967101425565 -34.06569944083058 0
    endloop
  endfacet
  facet normal 0 0 1
    outer loop
      vertex -2.938926261462366 -36.545084971874736 0
      vertex -2.679133974894983 -36.72163962751007 0
      vertex -2.744065757881549 -34.24143708368174 0
    endloop
  endfacet
  facet normal 0 0 1
    outer loop
      vertex -2.938926261462366 36.545084971874736 0
      vertex -2.8479967101425565 34.06569944083058 0
      vertex -2.7440657578815486 34.24143708368174 0
    endloop
  endfacet
  facet normal 0 0 1
    outer loop
      vertex -2.938926261462366 36.545084971874736 0
      vertex -2.7440657578815486 34.24143708368174 0
      vertex -2.679133974894981 36.72163962751008 0
    endloop
  endfacet
  facet normal 0.8607420270039392 0.5090414157503788 0
    outer loop
      vertex -2.8479967101425565 -34.06569944083058 -34
      vertex -2.8479967101425565 -34.06569944083058 0
      vertex -2.744065757881549 -34.24143708368174 -34
    endloop
  endfacet
  facet normal 0.8607420270039392 0.5090414157503788 -8.182214910224549e-20
    outer loop
      vertex -2.8479967101425565 -34.06569944083058 0
      vertex -2.744065757881549 -34.24143708368174 0
      vertex -2.744065757881549 -34.24143708368174 -34
    endloop
  endfacet
  facet normal 0.8607420270039448 -0.5090414157503695 4.7274922330250123e-20
    outer loop
      vertex -2.8479967101425565 -30.934300559169426 -34
      vertex -2.7440657578815495 -30.75856291631826 -34
      vertex -2.7440657578815495 -30.75856291631826 0
    endloop
  endfacet
  facet normal 0.8607420270039448 -0.5090414157503695 0
    outer loop
      vertex -2.8479967101425565 -30.934300559169426 -34
      vertex -2.7440657578815495 -30.75856291631826 0
      vertex -2.8479967101425565 -30.934300559169426 0
    endloop
  endfacet
  facet normal 0.8607420270039429 0.5090414157503728 0
    outer loop
      vertex -2.8479967101425565 30.934300559169426 -34
      vertex -2.8479967101425565 30.934300559169426 0
      vertex -2.7440657578815486 30.75856291631826 -34
    endloop
  endfacet
  facet normal 0.8607420270039429 0.5090414157503728 -4.169552611496126e-20
    outer loop
      vertex -2.8479967101425565 30.934300559169426 0
      vertex -2.7440657578815486 30.75856291631826 0
      vertex -2.7440657578815486 30.75856291631826 -34
    endloop
  endfacet
  facet normal 0.8607420270039382 -0.5090414157503803 -1.7086369043869025e-19
    outer loop
      vertex -2.8479967101425565 34.06569944083058 -34
      vertex -2.7440657578815486 34.24143708368174 -34
      vertex -2.7440657578815486 34.24143708368174 0
    endloop
  endfacet
  facet normal 0.8607420270039382 -0.5090414157503803 0
    outer loop
      vertex -2.8479967101425565 34.06569944083058 -34
      vertex -2.7440657578815486 34.24143708368174 0
      vertex -2.8479967101425565 34.06569944083058 0
    endloop
  endfacet
  facet normal 0.8270805742745639 -0.5620833778521274 7.610361134731939e-20
    outer loop
      vertex -2.7440657578815495 -30.75856291631826 -34
      vertex -2.629305231718579 -30.58969793004946 -34
      vertex -2.629305231718579 -30.58969793004946 0
    endloop
  endfacet
  facet normal 0.8270805742745639 -0.5620833778521274 0
    outer loop
      vertex -2.7440657578815495 -30.75856291631826 -34
      vertex -2.629305231718579 -30.58969793004946 0
      vertex -2.7440657578815495 -30.75856291631826 0
    endloop
  endfacet
  facet normal 0.8270805742745649 0.5620833778521259 0
    outer loop
      vertex -2.744065757881549 -34.24143708368174 -34
      vertex -2.744065757881549 -34.24143708368174 0
      vertex -2.629305231718579 -34.41030206995054 -34
    endloop
  endfacet
  facet normal 0 0 1
    outer loop
      vertex -2.744065757881549 -34.24143708368174 0
      vertex -2.679133974894983 -36.72163962751007 0
      vertex -2.629305231718579 -34.41030206995054 0
    endloop
  endfacet
  facet normal 0.8270805742745649 0.5620833778521259 2.311278223444836e-19
    outer loop
      vertex -2.744065757881549 -34.24143708368174 0
      vertex -2.629305231718579 -34.41030206995054 0
      vertex -2.629305231718579 -34.41030206995054 -34
    endloop
  endfacet
  facet normal 0.827080574274566 0.5620833778521245 0
    outer loop
      vertex -2.7440657578815486 30.75856291631826 -34
      vertex -2.7440657578815486 30.75856291631826 0
      vertex -2.629305231718579 30.58969793004946 -34
    endloop
  endfacet
  facet normal 0.827080574274566 0.5620833778521245 3.856697317017155e-20
    outer loop
      vertex -2.7440657578815486 30.75856291631826 0
      vertex -2.629305231718579 30.58969793004946 0
      vertex -2.629305231718579 30.58969793004946 -34
    endloop
  endfacet
  facet normal 0.827080574274566 -0.5620833778521245 -3.856697317017155e-20
    outer loop
      vertex -2.7440657578815486 34.24143708368174 -34
      vertex -2.629305231718579 34.41030206995054 -34
      vertex -2.629305231718579 34.41030206995054 0
    endloop
  endfacet
  facet normal 0.827080574274566 -0.5620833778521245 0
    outer loop
      vertex -2.7440657578815486 34.24143708368174 -34
      vertex -2.629305231718579 34.41030206995054 0
      vertex -2.7440657578815486 34.24143708368174 0
    endloop
  endfacet
  facet normal 0 0 1
    outer loop
      vertex -2.7440657578815486 34.24143708368174 0
      vertex -2.629305231718579 34.41030206995054 0
      vertex -2.679133974894981 36.72163962751008 0
    endloop
  endfacet
  facet normal 0 0 1
    outer loop
      vertex -2.679133974894983 -36.72163962751007 0
      vertex -2.5041680390213146 -34.571627966683245 0
      vertex -2.629305231718579 -34.41030206995054 0
    endloop
  endfacet
  facet normal 0 0 1
    outer loop
      vertex -2.679133974894983 -36.72163962751007 0
      vertex -2.408768370508577 -36.88153340021932 0
      vertex -2.5041680390213146 -34.571627966683245 0
    endloop
  endfacet
  facet normal 0 0 1
    outer loop
      vertex -2.679133974894981 36.72163962751008 0
      vertex -2.629305231718579 34.41030206995054 0
      vertex -2.5041680390213155 34.57162796668324 0
    endloop
  endfacet
  facet normal 0 0 1
    outer loop
      vertex -2.679133974894981 36.72163962751008 0
      vertex -2.5041680390213155 34.57162796668324 0
      vertex -2.369148039119588 34.72477809426824 0
    endloop
  endfacet
  facet normal 0 0 1
    outer loop
      vertex -2.679133974894981 36.72163962751008 0
      vertex -2.369148039119588 34.72477809426824 0
      vertex -2.408768370508577 36.88153340021932 0
    endloop
  endfacet
  facet normal 0.7901550123756929 0.6129070536529734 0
    outer loop
      vertex -2.629305231718579 -34.41030206995054 -34
      vertex -2.629305231718579 -34.41030206995054 0
      vertex -2.5041680390213146 -34.571627966683245 -34
    endloop
  endfacet
  facet normal 0.7901550123756929 0.6129070536529734 1.0007484660770421e-19
    outer loop
      vertex -2.629305231718579 -34.41030206995054 0
      vertex -2.5041680390213146 -34.571627966683245 0
      vertex -2.5041680390213146 -34.571627966683245 -34
    endloop
  endfacet
  facet normal 0.7901550123756852 -0.6129070536529831 1.544341076019683e-19
    outer loop
      vertex -2.629305231718579 -30.58969793004946 -34
      vertex -2.504168039021314 -30.42837203331676 -34
      vertex -2.504168039021314 -30.42837203331676 0
    endloop
  endfacet
  facet normal 0.7901550123756852 -0.6129070536529831 0
    outer loop
      vertex -2.629305231718579 -30.58969793004946 -34
      vertex -2.504168039021314 -30.42837203331676 0
      vertex -2.629305231718579 -30.58969793004946 0
    endloop
  endfacet
  facet normal 0.7901550123756883 0.612907053652979 0
    outer loop
      vertex -2.629305231718579 30.58969793004946 -34
      vertex -2.629305231718579 30.58969793004946 0
      vertex -2.5041680390213155 30.42837203331676 -34
    endloop
  endfacet
  facet normal 0.7901550123756883 0.612907053652979 -1.7985137133235462e-19
    outer loop
      vertex -2.629305231718579 30.58969793004946 0
      vertex -2.5041680390213155 30.42837203331676 0
      vertex -2.5041680390213155 30.42837203331676 -34
    endloop
  endfacet
  facet normal 0.7901550123756818 -0.6129070536529875 1.0963789154186425e-19
    outer loop
      vertex -2.629305231718579 34.41030206995054 -34
      vertex -2.5041680390213155 34.57162796668324 -34
      vertex -2.5041680390213155 34.57162796668324 0
    endloop
  endfacet
  facet normal 0.7901550123756818 -0.6129070536529875 0
    outer loop
      vertex -2.629305231718579 34.41030206995054 -34
      vertex -2.5041680390213155 34.57162796668324 0
      vertex -2.629305231718579 34.41030206995054 0
    endloop
  endfacet
  facet normal 0.7501110696304605 0.6613118653236508 0
    outer loop
      vertex -2.5041680390213155 30.42837203331676 -34
      vertex -2.5041680390213155 30.42837203331676 0
      vertex -2.369148039119588 30.27522190573176 -34
    endloop
  endfacet
  facet normal 0.7501110696304605 0.6613118653236508 1.0075374614915015e-19
    outer loop
      vertex -2.5041680390213155 30.42837203331676 0
      vertex -2.369148039119588 30.27522190573176 0
      vertex -2.369148039119588 30.27522190573176 -34
    endloop
  endfacet
  facet normal 0.750111069630468 -0.6613118653236422 2.943209739715649e-20
    outer loop
      vertex -2.5041680390213155 34.57162796668324 -34
      vertex -2.369148039119588 34.72477809426824 -34
      vertex -2.369148039119588 34.72477809426824 0
    endloop
  endfacet
  facet normal 0.750111069630468 -0.6613118653236422 0
    outer loop
      vertex -2.5041680390213155 34.57162796668324 -34
      vertex -2.369148039119588 34.72477809426824 0
      vertex -2.5041680390213155 34.57162796668324 0
    endloop
  endfacet
  facet normal 0.7501110696304539 0.6613118653236583 0
    outer loop
      vertex -2.5041680390213146 -34.571627966683245 -34
      vertex -2.5041680390213146 -34.571627966683245 0
      vertex -2.3691480391195876 -34.72477809426824 -34
    endloop
  endfacet
  facet normal 0 0 1
    outer loop
      vertex -2.5041680390213146 -34.571627966683245 0
      vertex -2.408768370508577 -36.88153340021932 0
      vertex -2.3691480391195876 -34.72477809426824 0
    endloop
  endfacet
  facet normal 0.7501110696304539 0.6613118653236583 3.263017390155267e-20
    outer loop
      vertex -2.5041680390213146 -34.571627966683245 0
      vertex -2.3691480391195876 -34.72477809426824 0
      vertex -2.3691480391195876 -34.72477809426824 -34
    endloop
  endfacet
  facet normal 0.7501110696304637 -0.6613118653236472 -5.617781634236968e-21
    outer loop
      vertex -2.504168039021314 -30.42837203331676 -34
      vertex -2.369148039119588 -30.27522190573176 -34
      vertex -2.369148039119588 -30.27522190573176 0
    endloop
  endfacet
  facet normal 0.7501110696304637 -0.6613118653236472 0
    outer loop
      vertex -2.504168039021314 -30.42837203331676 -34
      vertex -2.369148039119588 -30.27522190573176 0
      vertex -2.504168039021314 -30.42837203331676 0
    endloop
  endfacet
  facet normal 0 0 1
    outer loop
      vertex -2.408768370508577 -36.88153340021932 0
      vertex -2.2247780942682382 -34.86914803911959 0
      vertex -2.3691480391195876 -34.72477809426824 0
    endloop
  endfacet
  facet normal 0 0 1
    outer loop
      vertex -2.408768370508577 -36.88153340021932 0
      vertex -2.128896457825362 -37.0241352623301 0
      vertex -2.2247780942682382 -34.86914803911959 0
    endloop
  endfacet
  facet normal 0 0 1
    outer loop
      vertex -2.408768370508577 36.88153340021932 0
      vertex -2.369148039119588 34.72477809426824 0
      vertex -2.224778094268238 34.86914803911959 0
    endloop
  endfacet
  facet normal 0 0 1
    outer loop
      vertex -2.408768370508577 36.88153340021932 0
      vertex -2.224778094268238 34.86914803911959 0
      vertex -2.0716279666832413 35.004168039021316 0
    endloop
  endfacet
  facet normal 0 0 1
    outer loop
      vertex -2.408768370508577 36.88153340021932 0
      vertex -2.0716279666832413 35.004168039021316 0
      vertex -2.128896457825362 37.0241352623301 0
    endloop
  endfacet
  facet normal 0.7071067811865432 -0.7071067811865519 -2.314667851081214e-19
    outer loop
      vertex -2.369148039119588 -30.27522190573176 -34
      vertex -2.224778094268238 -30.130851960880413 -34
      vertex -2.224778094268238 -30.130851960880413 0
    endloop
  endfacet
  facet normal 0.7071067811865432 -0.7071067811865519 0
    outer loop
      vertex -2.369148039119588 -30.27522190573176 -34
      vertex -2.224778094268238 -30.130851960880413 0
      vertex -2.369148039119588 -30.27522190573176 0
    endloop
  endfacet
  facet normal 0.7071067811865432 0.7071067811865519 0
    outer loop
      vertex -2.369148039119588 30.27522190573176 -34
      vertex -2.369148039119588 30.27522190573176 0
      vertex -2.224778094268238 30.130851960880413 -34
    endloop
  endfacet
  facet normal 0.7071067811865432 0.7071067811865519 2.314667851081214e-19
    outer loop
      vertex -2.369148039119588 30.27522190573176 0
      vertex -2.224778094268238 30.130851960880413 0
      vertex -2.224778094268238 30.130851960880413 -34
    endloop
  endfacet
  facet normal 0.7071067811865432 -0.7071067811865519 -2.314667851081214e-19
    outer loop
      vertex -2.369148039119588 34.72477809426824 -34
      vertex -2.224778094268238 34.86914803911959 -34
      vertex -2.224778094268238 34.86914803911959 0
    endloop
  endfacet
  facet normal 0.7071067811865432 -0.7071067811865519 0
    outer loop
      vertex -2.369148039119588 34.72477809426824 -34
      vertex -2.224778094268238 34.86914803911959 0
      vertex -2.369148039119588 34.72477809426824 0
    endloop
  endfacet
  facet normal 0.7071067811865454 0.7071067811865497 0
    outer loop
      vertex -2.3691480391195876 -34.72477809426824 -34
      vertex -2.3691480391195876 -34.72477809426824 0
      vertex -2.2247780942682382 -34.86914803911959 -34
    endloop
  endfacet
  facet normal 0.7071067811865454 0.7071067811865497 2.1082830357657388e-19
    outer loop
      vertex -2.3691480391195876 -34.72477809426824 0
      vertex -2.2247780942682382 -34.86914803911959 0
      vertex -2.2247780942682382 -34.86914803911959 -34
    endloop
  endfacet
  facet normal 0.6613118653236568 0.7501110696304552 0
    outer loop
      vertex -2.2247780942682382 -34.86914803911959 -34
      vertex -2.2247780942682382 -34.86914803911959 0
      vertex -2.071627966683242 -35.004168039021316 -34
    endloop
  endfacet
  facet normal 0 0 1
    outer loop
      vertex -2.2247780942682382 -34.86914803911959 0
      vertex -2.128896457825362 -37.0241352623301 0
      vertex -2.071627966683242 -35.004168039021316 0
    endloop
  endfacet
  facet normal 0.6613118653236568 0.7501110696304552 3.562814475155301e-20
    outer loop
      vertex -2.2247780942682382 -34.86914803911959 0
      vertex -2.071627966683242 -35.004168039021316 0
      vertex -2.071627966683242 -35.004168039021316 -34
    endloop
  endfacet
  facet normal 0.6613118653236595 -0.7501110696304528 -1.9868002681851962e-19
    outer loop
      vertex -2.224778094268238 -30.130851960880413 -34
      vertex -2.0763556789359336 -30 -34
      vertex -2.0763556789359336 -30 0
    endloop
  endfacet
  facet normal 0.6613118653236595 -0.7501110696304528 0
    outer loop
      vertex -2.224778094268238 -30.130851960880413 -34
      vertex -2.0763556789359336 -30 0
      vertex -2.224778094268238 -30.130851960880413 0
    endloop
  endfacet
  facet normal 0.6613118653236573 0.7501110696304548 0
    outer loop
      vertex -2.224778094268238 30.130851960880413 -34
      vertex -2.224778094268238 30.130851960880413 0
      vertex -2.0763556789359328 30 -34
    endloop
  endfacet
  facet normal 0.6613118653236573 0.7501110696304548 -5.819724907953165e-20
    outer loop
      vertex -2.224778094268238 30.130851960880413 0
      vertex -2.0763556789359328 30 0
      vertex -2.0763556789359328 30 -34
    endloop
  endfacet
  facet normal 0.6613118653236568 -0.7501110696304552 -3.562814475155301e-20
    outer loop
      vertex -2.224778094268238 34.86914803911959 -34
      vertex -2.0716279666832413 35.004168039021316 -34
      vertex -2.0716279666832413 35.004168039021316 0
    endloop
  endfacet
  facet normal 0.6613118653236568 -0.7501110696304552 0
    outer loop
      vertex -2.224778094268238 34.86914803911959 -34
      vertex -2.0716279666832413 35.004168039021316 0
      vertex -2.224778094268238 34.86914803911959 0
    endloop
  endfacet
  facet normal 0 0 1
    outer loop
      vertex -2.128896457825362 -37.0241352623301 0
      vertex -1.9103020699505378 -35.129305231718575 0
      vertex -2.071627966683242 -35.004168039021316 0
    endloop
  endfacet
  facet normal 0 0 1
    outer loop
      vertex -2.128896457825362 -37.0241352623301 0
      vertex -1.8406227634233894 -37.14888242944126 0
      vertex -1.9103020699505378 -35.129305231718575 0
    endloop
  endfacet
  facet normal 0 0 1
    outer loop
      vertex -2.128896457825362 37.0241352623301 0
      vertex -2.0716279666832413 35.004168039021316 0
      vertex -1.9103020699505378 35.129305231718575 0
    endloop
  endfacet
  facet normal 0 0 1
    outer loop
      vertex -2.128896457825362 37.0241352623301 0
      vertex -1.9103020699505378 35.129305231718575 0
      vertex -1.7414370836817392 35.24406575788155 0
    endloop
  endfacet
  facet normal 0 0 1
    outer loop
      vertex -2.128896457825362 37.0241352623301 0
      vertex -1.7414370836817392 35.24406575788155 0
      vertex -1.8406227634233918 37.14888242944126 0
    endloop
  endfacet
  facet normal 0.6129070536529622 0.7901550123757015 0
    outer loop
      vertex -2.071627966683242 -35.004168039021316 -34
      vertex -2.071627966683242 -35.004168039021316 0
      vertex -1.9103020699505378 -35.129305231718575 -34
    endloop
  endfacet
  facet normal 0.6129070536529622 0.7901550123757015 2.0419403796161264e-19
    outer loop
      vertex -2.071627966683242 -35.004168039021316 0
      vertex -1.9103020699505378 -35.129305231718575 0
      vertex -1.9103020699505378 -35.129305231718575 -34
    endloop
  endfacet
  facet normal 0.6129070536529632 -0.7901550123757008 -2.1297072293516882e-19
    outer loop
      vertex -2.0716279666832413 35.004168039021316 -34
      vertex -1.9103020699505378 35.129305231718575 -34
      vertex -1.9103020699505378 35.129305231718575 0
    endloop
  endfacet
  facet normal 0.6129070536529632 -0.7901550123757008 0
    outer loop
      vertex -2.0716279666832413 35.004168039021316 -34
      vertex -1.9103020699505378 35.129305231718575 0
      vertex -2.0716279666832413 35.004168039021316 0
    endloop
  endfacet
  facet normal 0.5620833778521479 0.8270805742745501 0
    outer loop
      vertex -1.9103020699505378 -35.129305231718575 -34
      vertex -1.9103020699505378 -35.129305231718575 0
      vertex -1.7414370836817392 -35.24406575788155 -34
    endloop
  endfacet
  facet normal 0 0 1
    outer loop
      vertex -1.9103020699505378 -35.129305231718575 0
      vertex -1.8406227634233894 -37.14888242944126 0
      vertex -1.7414370836817392 -35.24406575788155 0
    endloop
  endfacet
  facet normal 0.5620833778521479 0.8270805742745501 2.4587656879461305e-19
    outer loop
      vertex -1.9103020699505378 -35.129305231718575 0
      vertex -1.7414370836817392 -35.24406575788155 0
      vertex -1.7414370836817392 -35.24406575788155 -34
    endloop
  endfacet
  facet normal 0.5620833778521479 -0.8270805742745501 -2.4587656879461305e-19
    outer loop
      vertex -1.9103020699505378 35.129305231718575 -34
      vertex -1.7414370836817392 35.24406575788155 -34
      vertex -1.7414370836817392 35.24406575788155 0
    endloop
  endfacet
  facet normal 0.5620833778521479 -0.8270805742745501 0
    outer loop
      vertex -1.9103020699505378 35.129305231718575 -34
      vertex -1.7414370836817392 35.24406575788155 0
      vertex -1.9103020699505378 35.129305231718575 0
    endloop
  endfacet
  facet normal 0 0 1
    outer loop
      vertex -1.8406227634233918 37.14888242944126 0
      vertex -1.7414370836817392 35.24406575788155 0
      vertex -1.5656994408305744 35.34799671014255 0
    endloop
  endfacet
  facet normal 0 0 1
    outer loop
      vertex -1.8406227634233918 37.14888242944126 0
      vertex -1.5656994408305744 35.34799671014255 0
      vertex -1.545084971874737 37.25528258147577 0
    endloop
  endfacet
  facet normal 0 0 1
    outer loop
      vertex -1.8406227634233894 -37.14888242944126 0
      vertex -1.5656994408305744 -35.34799671014255 0
      vertex -1.7414370836817392 -35.24406575788155 0
    endloop
  endfacet
  facet normal 0 0 1
    outer loop
      vertex -1.8406227634233894 -37.14888242944126 0
      vertex -1.545084971874737 -37.25528258147577 0
      vertex -1.5656994408305744 -35.34799671014255 0
    endloop
  endfacet
  facet normal 0.509041415750352 0.8607420270039551 0
    outer loop
      vertex -1.7414370836817392 -35.24406575788155 -34
      vertex -1.7414370836817392 -35.24406575788155 0
      vertex -1.5656994408305744 -35.34799671014255 -34
    endloop
  endfacet
  facet normal 0.509041415750352 0.8607420270039551 -5.25527211517271e-20
    outer loop
      vertex -1.7414370836817392 -35.24406575788155 0
      vertex -1.5656994408305744 -35.34799671014255 0
      vertex -1.5656994408305744 -35.34799671014255 -34
    endloop
  endfacet
  facet normal 0.509041415750352 -0.8607420270039551 5.25527211517271e-20
    outer loop
      vertex -1.7414370836817392 35.24406575788155 -34
      vertex -1.5656994408305744 35.34799671014255 -34
      vertex -1.5656994408305744 35.34799671014255 0
    endloop
  endfacet
  facet normal 0.509041415750352 -0.8607420270039551 0
    outer loop
      vertex -1.7414370836817392 35.24406575788155 -34
      vertex -1.5656994408305744 35.34799671014255 0
      vertex -1.7414370836817392 35.24406575788155 0
    endloop
  endfacet
  facet normal 0.4539904997395599 0.8910065241883613 0
    outer loop
      vertex -1.5656994408305744 -35.34799671014255 -34
      vertex -1.5656994408305744 -35.34799671014255 0
      vertex -1.3837826975864864 -35.44068792051456 -34
    endloop
  endfacet
  facet normal 0 0 1
    outer loop
      vertex -1.5656994408305744 -35.34799671014255 0
      vertex -1.545084971874737 -37.25528258147577 0
      vertex -1.3837826975864864 -35.44068792051456 0
    endloop
  endfacet
  facet normal 0.4539904997395599 0.8910065241883613 2.2746656211692723e-19
    outer loop
      vertex -1.5656994408305744 -35.34799671014255 0
      vertex -1.3837826975864864 -35.44068792051456 0
      vertex -1.3837826975864864 -35.44068792051456 -34
    endloop
  endfacet
  facet normal 0.4539904997395599 -0.8910065241883613 -2.2746656211692723e-19
    outer loop
      vertex -1.5656994408305744 35.34799671014255 -34
      vertex -1.3837826975864864 35.44068792051456 -34
      vertex -1.3837826975864864 35.44068792051456 0
    endloop
  endfacet
  facet normal 0.4539904997395599 -0.8910065241883613 0
    outer loop
      vertex -1.5656994408305744 35.34799671014255 -34
      vertex -1.3837826975864864 35.44068792051456 0
      vertex -1.5656994408305744 35.34799671014255 0
    endloop
  endfacet
  facet normal 0 0 1
    outer loop
      vertex -1.5656994408305744 35.34799671014255 0
      vertex -1.3837826975864864 35.44068792051456 0
      vertex -1.545084971874737 37.25528258147577 0
    endloop
  endfacet
  facet normal 0 0 1
    outer loop
      vertex -1.545084971874737 -37.25528258147577 0
      vertex -1.2434494358242743 -37.34291580564316 0
      vertex -1.3837826975864864 -35.44068792051456 0
    endloop
  endfacet
  facet normal 0 0 1
    outer loop
      vertex -1.545084971874737 37.25528258147577 0
      vertex -1.3837826975864864 35.44068792051456 0
      vertex -1.1964047962252031 35.52177357913682 0
    endloop
  endfacet
  facet normal 0 0 1
    outer loop
      vertex -1.545084971874737 37.25528258147577 0
      vertex -1.1964047962252031 35.52177357913682 0
      vertex -1.2434494358242723 37.34291580564316 0
    endloop
  endfacet
  facet normal 0.3971478906347938 0.9177546256839754 0
    outer loop
      vertex -1.3837826975864864 -35.44068792051456 -34
      vertex -1.3837826975864864 -35.44068792051456 0
      vertex -1.1964047962252031 -35.52177357913682 -34
    endloop
  endfacet
  facet normal 0 0 1
    outer loop
      vertex -1.3837826975864864 -35.44068792051456 0
      vertex -1.2434494358242743 -37.34291580564316 0
      vertex -1.1964047962252031 -35.52177357913682 0
    endloop
  endfacet
  facet normal 0.3971478906347938 0.9177546256839754 2.4906550380822566e-20
    outer loop
      vertex -1.3837826975864864 -35.44068792051456 0
      vertex -1.1964047962252031 -35.52177357913682 0
      vertex -1.1964047962252031 -35.52177357913682 -34
    endloop
  endfacet
  facet normal 0.3971478906347938 -0.9177546256839754 -2.4906550380822566e-20
    outer loop
      vertex -1.3837826975864864 35.44068792051456 -34
      vertex -1.1964047962252031 35.52177357913682 -34
      vertex -1.1964047962252031 35.52177357913682 0
    endloop
  endfacet
  facet normal 0.3971478906347938 -0.9177546256839754 0
    outer loop
      vertex -1.3837826975864864 35.44068792051456 -34
      vertex -1.1964047962252031 35.52177357913682 0
      vertex -1.3837826975864864 35.44068792051456 0
    endloop
  endfacet
  facet normal 0 0 1
    outer loop
      vertex -1.2434494358242743 -37.34291580564316 0
      vertex -1.004305231718579 -35.59093367795925 0
      vertex -1.1964047962252031 -35.52177357913682 0
    endloop
  endfacet
  facet normal 0 0 1
    outer loop
      vertex -1.2434494358242743 -37.34291580564316 0
      vertex -0.9369065729286241 -37.411436253643444 0
      vertex -1.004305231718579 -35.59093367795925 0
    endloop
  endfacet
  facet normal 0 0 1
    outer loop
      vertex -1.2434494358242723 37.34291580564316 0
      vertex -1.1964047962252031 35.52177357913682 0
      vertex -1.004305231718579 35.59093367795925 0
    endloop
  endfacet
  facet normal 0 0 1
    outer loop
      vertex -1.2434494358242723 37.34291580564316 0
      vertex -1.004305231718579 35.59093367795925 0
      vertex -0.8082421332857783 35.64789527366805 0
    endloop
  endfacet
  facet normal 0 0 1
    outer loop
      vertex -1.2434494358242723 37.34291580564316 0
      vertex -0.8082421332857783 35.64789527366805 0
      vertex -0.9369065729286241 37.411436253643444 0
    endloop
  endfacet
  facet normal 0.3387379202452803 0.9408807689542295 0
    outer loop
      vertex -1.1964047962252031 -35.52177357913682 -34
      vertex -1.1964047962252031 -35.52177357913682 0
      vertex -1.004305231718579 -35.59093367795925 -34
    endloop
  endfacet
  facet normal 0.3387379202452803 0.9408807689542295 2.0031555131241176e-20
    outer loop
      vertex -1.1964047962252031 -35.52177357913682 0
      vertex -1.004305231718579 -35.59093367795925 0
      vertex -1.004305231718579 -35.59093367795925 -34
    endloop
  endfacet
  facet normal 0.3387379202452803 -0.9408807689542295 -2.0031555131241176e-20
    outer loop
      vertex -1.1964047962252031 35.52177357913682 -34
      vertex -1.004305231718579 35.59093367795925 -34
      vertex -1.004305231718579 35.59093367795925 0
    endloop
  endfacet
  facet normal 0.3387379202452803 -0.9408807689542295 0
    outer loop
      vertex -1.1964047962252031 35.52177357913682 -34
      vertex -1.004305231718579 35.59093367795925 0
      vertex -1.1964047962252031 35.52177357913682 0
    endloop
  endfacet
  facet normal 0.27899110603921606 0.9602936856769468 0
    outer loop
      vertex -1.004305231718579 -35.59093367795925 -34
      vertex -1.004305231718579 -35.59093367795925 0
      vertex -0.8082421332857783 -35.64789527366805 -34
    endloop
  endfacet
  facet normal 0 0 1
    outer loop
      vertex -1.004305231718579 -35.59093367795925 0
      vertex -0.9369065729286241 -37.411436253643444 0
      vertex -0.8082421332857783 -35.64789527366805 0
    endloop
  endfacet
  facet normal 0.27899110603921606 0.9602936856769468 -6.64875304038615e-20
    outer loop
      vertex -1.004305231718579 -35.59093367795925 0
      vertex -0.8082421332857783 -35.64789527366805 0
      vertex -0.8082421332857783 -35.64789527366805 -34
    endloop
  endfacet
  facet normal 0.27899110603921606 -0.9602936856769468 6.64875304038615e-20
    outer loop
      vertex -1.004305231718579 35.59093367795925 -34
      vertex -0.8082421332857783 35.64789527366805 -34
      vertex -0.8082421332857783 35.64789527366805 0
    endloop
  endfacet
  facet normal 0.27899110603921606 -0.9602936856769468 0
    outer loop
      vertex -1.004305231718579 35.59093367795925 -34
      vertex -0.8082421332857783 35.64789527366805 0
      vertex -1.004305231718579 35.59093367795925 0
    endloop
  endfacet
  facet normal 0 0 1
    outer loop
      vertex -0.9369065729286241 -37.411436253643444 0
      vertex -0.6266661678215203 -37.46057350657239 0
      vertex -0.8082421332857783 -35.64789527366805 0
    endloop
  endfacet
  facet normal 0 0 1
    outer loop
      vertex -0.9369065729286241 37.411436253643444 0
      vertex -0.8082421332857783 35.64789527366805 0
      vertex -0.6089892724036049 35.69243356486824 0
    endloop
  endfacet
  facet normal 0 0 1
    outer loop
      vertex -0.9369065729286241 37.411436253643444 0
      vertex -0.6089892724036049 35.69243356486824 0
      vertex -0.6266661678215203 37.46057350657239 0
    endloop
  endfacet
  facet normal 0.21814324139655747 0.975916761938744 0
    outer loop
      vertex -0.8082421332857783 -35.64789527366805 -34
      vertex -0.8082421332857783 -35.64789527366805 0
      vertex -0.6089892724036049 -35.69243356486824 -34
    endloop
  endfacet
  facet normal 0 0 -1
    outer loop
      vertex -0.8082421332857783 -35.64789527366805 -34
      vertex -0.6089892724036049 -35.69243356486824 -34
      vertex 9 -38 -34
    endloop
  endfacet
  facet normal 0 0 1
    outer loop
      vertex -0.8082421332857783 -35.64789527366805 0
      vertex -0.6266661678215203 -37.46057350657239 0
      vertex -0.6089892724036049 -35.69243356486824 0
    endloop
  endfacet
  facet normal 0.21814324139655747 0.975916761938744 -9.573482875491262e-20
    outer loop
      vertex -0.8082421332857783 -35.64789527366805 0
      vertex -0.6089892724036049 -35.69243356486824 0
      vertex -0.6089892724036049 -35.69243356486824 -34
    endloop
  endfacet
  facet normal 0.21814324139655747 -0.975916761938744 9.573482875491262e-20
    outer loop
      vertex -0.8082421332857783 35.64789527366805 -34
      vertex -0.6089892724036049 35.69243356486824 -34
      vertex -0.6089892724036049 35.69243356486824 0
    endloop
  endfacet
  facet normal 0.21814324139655747 -0.975916761938744 0
    outer loop
      vertex -0.8082421332857783 35.64789527366805 -34
      vertex -0.6089892724036049 35.69243356486824 0
      vertex -0.8082421332857783 35.64789527366805 0
    endloop
  endfacet
  facet normal 0 0 1
    outer loop
      vertex -0.6266661678215203 -37.46057350657239 0
      vertex -0.40733300908398895 -35.72437277927205 0
      vertex -0.6089892724036049 -35.69243356486824 0
    endloop
  endfacet
  facet normal 0 0 1
    outer loop
      vertex -0.6266661678215203 -37.46057350657239 0
      vertex -0.3139525976465688 -37.49013364214136 0
      vertex -0.40733300908398895 -35.72437277927205 0
    endloop
  endfacet
  facet normal 0 0 1
    outer loop
      vertex -0.6266661678215203 37.46057350657239 0
      vertex -0.6089892724036049 35.69243356486824 0
      vertex -0.40733300908398895 35.72437277927205 0
    endloop
  endfacet
  facet normal 0 0 1
    outer loop
      vertex -0.6266661678215203 37.46057350657239 0
      vertex -0.40733300908398895 35.72437277927205 0
      vertex -0.20406918847026814 35.74358686739188 0
    endloop
  endfacet
  facet normal 0 0 1
    outer loop
      vertex -0.6266661678215203 37.46057350657239 0
      vertex -0.20406918847026814 35.74358686739188 0
      vertex -0.3139525976465688 37.49013364214136 0
    endloop
  endfacet
  facet normal 0.1564344650402243 0.9876883405951388 0
    outer loop
      vertex -0.6089892724036049 -35.69243356486824 -34
      vertex -0.6089892724036049 -35.69243356486824 0
      vertex -0.40733300908398895 -35.72437277927205 -34
    endloop
  endfacet
  facet normal 0 0 -1
    outer loop
      vertex -0.6089892724036049 -35.69243356486824 -34
      vertex -0.40733300908398895 -35.72437277927205 -34
      vertex 9 -38 -34
    endloop
  endfacet
  facet normal 0.1564344650402243 0.9876883405951388 -3.33344344105217e-20
    outer loop
      vertex -0.6089892724036049 -35.69243356486824 0
      vertex -0.40733300908398895 -35.72437277927205 0
      vertex -0.40733300908398895 -35.72437277927205 -34
    endloop
  endfacet
  facet normal 0.1564344650402243 -0.9876883405951388 3.33344344105217e-20
    outer loop
      vertex -0.6089892724036049 35.69243356486824 -34
      vertex -0.40733300908398895 35.72437277927205 -34
      vertex -0.40733300908398895 35.72437277927205 0
    endloop
  endfacet
  facet normal 0.1564344650402243 -0.9876883405951388 0
    outer loop
      vertex -0.6089892724036049 35.69243356486824 -34
      vertex -0.40733300908398895 35.72437277927205 0
      vertex -0.6089892724036049 35.69243356486824 0
    endloop
  endfacet
  facet normal 0.09410831331852211 0.9955619646030793 0
    outer loop
      vertex -0.40733300908398895 -35.72437277927205 -34
      vertex -0.40733300908398895 -35.72437277927205 0
      vertex -0.20406918847026814 -35.74358686739188 -34
    endloop
  endfacet
  facet normal 0 0 -1
    outer loop
      vertex -0.40733300908398895 -35.72437277927205 -34
      vertex -0.20406918847026814 -35.74358686739188 -34
      vertex 9 -38 -34
    endloop
  endfacet
  facet normal 0 0 1
    outer loop
      vertex -0.40733300908398895 -35.72437277927205 0
      vertex -0.3139525976465688 -37.49013364214136 0
      vertex -0.20406918847026814 -35.74358686739188 0
    endloop
  endfacet
  facet normal 0.09410831331852211 0.9955619646030793 -2.1271877255031164e-20
    outer loop
      vertex -0.40733300908398895 -35.72437277927205 0
      vertex -0.20406918847026814 -35.74358686739188 0
      vertex -0.20406918847026814 -35.74358686739188 -34
    endloop
  endfacet
  facet normal 0.09410831331852211 -0.9955619646030793 2.1271877255031164e-20
    outer loop
      vertex -0.40733300908398895 35.72437277927205 -34
      vertex -0.20406918847026814 35.74358686739188 -34
      vertex -0.20406918847026814 35.74358686739188 0
    endloop
  endfacet
  facet normal 0.09410831331852211 -0.9955619646030793 0
    outer loop
      vertex -0.40733300908398895 35.72437277927205 -34
      vertex -0.20406918847026814 35.74358686739188 0
      vertex -0.40733300908398895 35.72437277927205 0
    endloop
  endfacet
  facet normal 0 0 1
    outer loop
      vertex -0.3139525976465688 -37.49013364214136 0
      vertex 0 -37.5 0
      vertex -0.20406918847026814 -35.74358686739188 0
    endloop
  endfacet
  facet normal 0 0 1
    outer loop
      vertex -0.3139525976465688 37.49013364214136 0
      vertex -0.20406918847026814 35.74358686739188 0
      vertex 0 35.75 0
    endloop
  endfacet
  facet normal 0 0 1
    outer loop
      vertex -0.3139525976465688 37.49013364214136 0
      vertex 0 35.75 0
      vertex 0 37.5 0
    endloop
  endfacet
  facet normal 0.03141075907812486 0.9995065603657316 0
    outer loop
      vertex -0.20406918847026814 -35.74358686739188 -34
      vertex -0.20406918847026814 -35.74358686739188 0
      vertex 0 -35.75 -34
    endloop
  endfacet
  facet normal 0 0 -1
    outer loop
      vertex -0.20406918847026814 -35.74358686739188 -34
      vertex 0 -35.75 -34
      vertex 9 -38 -34
    endloop
  endfacet
  facet normal 0 0 1
    outer loop
      vertex -0.20406918847026814 -35.74358686739188 0
      vertex 0 -37.5 0
      vertex 0 -35.75 0
    endloop
  endfacet
  facet normal 0.03141075907812486 0.9995065603657316 1.3790951439088795e-20
    outer loop
      vertex -0.20406918847026814 -35.74358686739188 0
      vertex 0 -35.75 0
      vertex 0 -35.75 -34
    endloop
  endfacet
  facet normal 0.03141075907812486 -0.9995065603657316 -1.3790951439088795e-20
    outer loop
      vertex -0.20406918847026814 35.74358686739188 -34
      vertex 0 35.75 -34
      vertex 0 35.75 0
    endloop
  endfacet
  facet normal 0.03141075907812486 -0.9995065603657316 0
    outer loop
      vertex -0.20406918847026814 35.74358686739188 -34
      vertex 0 35.75 0
      vertex -0.20406918847026814 35.74358686739188 0
    endloop
  endfacet
  facet normal 0 0 1
    outer loop
      vertex 0 -37.5 0
      vertex 0.3139525976465688 -37.49013364214136 0
      vertex 0 -35.75 0
    endloop
  endfacet
  facet normal 0 0 1
    outer loop
      vertex 0 -37.5 0
      vertex 28 -38 0
      vertex 0.3139525976465688 -37.49013364214136 0
    endloop
  endfacet
  facet normal -0.03141075907812486 0.9995065603657316 0
    outer loop
      vertex 0 -35.75 -34
      vertex 0 -35.75 0
      vertex 0.20406918847026814 -35.74358686739188 -34
    endloop
  endfacet
  facet normal 0 0 -1
    outer loop
      vertex 0 -35.75 -34
      vertex 0.20406918847026814 -35.74358686739188 -34
      vertex 9 -38 -34
    endloop
  endfacet
  facet normal -0.03141075907812486 0.9995065603657316 -1.3790951439088795e-20
    outer loop
      vertex 0 -35.75 0
      vertex 0.20406918847026814 -35.74358686739188 0
      vertex 0.20406918847026814 -35.74358686739188 -34
    endloop
  endfacet
  facet normal 0 0 1
    outer loop
      vertex 0 -35.75 0
      vertex 0.3139525976465688 -37.49013364214136 0
      vertex 0.20406918847026814 -35.74358686739188 0
    endloop
  endfacet
  facet normal -0.03141075907812486 -0.9995065603657316 1.3790951439088795e-20
    outer loop
      vertex 0 35.75 -34
      vertex 0.20406918847026814 35.74358686739188 -34
      vertex 0.20406918847026814 35.74358686739188 0
    endloop
  endfacet
  facet normal -0.03141075907812486 -0.9995065603657316 0
    outer loop
      vertex 0 35.75 -34
      vertex 0.20406918847026814 35.74358686739188 0
      vertex 0 35.75 0
    endloop
  endfacet
  facet normal 0 0 1
    outer loop
      vertex 0 35.75 0
      vertex 0.20406918847026814 35.74358686739188 0
      vertex 0 37.5 0
    endloop
  endfacet
  facet normal 0 0 1
    outer loop
      vertex 0 37.5 0
      vertex 0.20406918847026814 35.74358686739188 0
      vertex 0.3139525976465688 37.49013364214136 0
    endloop
  endfacet
  facet normal 0 0 1
    outer loop
      vertex 0 37.5 0
      vertex 0.3139525976465688 37.49013364214136 0
      vertex 28 38 0
    endloop
  endfacet
  facet normal -0.09410831331852211 0.9955619646030793 0
    outer loop
      vertex 0.20406918847026814 -35.74358686739188 -34
      vertex 0.20406918847026814 -35.74358686739188 0
      vertex 0.40733300908398895 -35.72437277927205 -34
    endloop
  endfacet
  facet normal 0 0 -1
    outer loop
      vertex 0.20406918847026814 -35.74358686739188 -34
      vertex 0.40733300908398895 -35.72437277927205 -34
      vertex 9 -38 -34
    endloop
  endfacet
  facet normal 0 0 1
    outer loop
      vertex 0.20406918847026814 -35.74358686739188 0
      vertex 0.3139525976465688 -37.49013364214136 0
      vertex 0.6266661678215203 -37.46057350657239 0
    endloop
  endfacet
  facet normal -0.09410831331852211 0.9955619646030793 2.1271877255031164e-20
    outer loop
      vertex 0.20406918847026814 -35.74358686739188 0
      vertex 0.40733300908398895 -35.72437277927205 0
      vertex 0.40733300908398895 -35.72437277927205 -34
    endloop
  endfacet
  facet normal 0 0 1
    outer loop
      vertex 0.20406918847026814 -35.74358686739188 0
      vertex 0.6266661678215203 -37.46057350657239 0
      vertex 0.40733300908398895 -35.72437277927205 0
    endloop
  endfacet
  facet normal -0.09410831331852211 -0.9955619646030793 -2.1271877255031164e-20
    outer loop
      vertex 0.20406918847026814 35.74358686739188 -34
      vertex 0.40733300908398895 35.72437277927205 -34
      vertex 0.40733300908398895 35.72437277927205 0
    endloop
  endfacet
  facet normal -0.09410831331852211 -0.9955619646030793 0
    outer loop
      vertex 0.20406918847026814 35.74358686739188 -34
      vertex 0.40733300908398895 35.72437277927205 0
      vertex 0.20406918847026814 35.74358686739188 0
    endloop
  endfacet
  facet normal 0 0 1
    outer loop
      vertex 0.20406918847026814 35.74358686739188 0
      vertex 0.40733300908398895 35.72437277927205 0
      vertex 0.3139525976465688 37.49013364214136 0
    endloop
  endfacet
  facet normal 0 0 1
    outer loop
      vertex 0.3139525976465688 -37.49013364214136 0
      vertex 28 -38 0
      vertex 0.6266661678215203 -37.46057350657239 0
    endloop
  endfacet
  facet normal 0 0 1
    outer loop
      vertex 0.3139525976465688 37.49013364214136 0
      vertex 0.40733300908398895 35.72437277927205 0
      vertex 0.6266661678215203 37.46057350657239 0
    endloop
  endfacet
  facet normal 0 0 1
    outer loop
      vertex 0.3139525976465688 37.49013364214136 0
      vertex 0.6266661678215203 37.46057350657239 0
      vertex 28 38 0
    endloop
  endfacet
  facet normal -0.1564344650402243 0.9876883405951388 0
    outer loop
      vertex 0.40733300908398895 -35.72437277927205 -34
      vertex 0.40733300908398895 -35.72437277927205 0
      vertex 0.6089892724036049 -35.69243356486824 -34
    endloop
  endfacet
  facet normal 0 0 -1
    outer loop
      vertex 0.40733300908398895 -35.72437277927205 -34
      vertex 0.6089892724036049 -35.69243356486824 -34
      vertex 9 -38 -34
    endloop
  endfacet
  facet normal -0.1564344650402243 0.9876883405951388 3.33344344105217e-20
    outer loop
      vertex 0.40733300908398895 -35.72437277927205 0
      vertex 0.6089892724036049 -35.69243356486824 0
      vertex 0.6089892724036049 -35.69243356486824 -34
    endloop
  endfacet
  facet normal 0 0 1
    outer loop
      vertex 0.40733300908398895 -35.72437277927205 0
      vertex 0.6266661678215203 -37.46057350657239 0
      vertex 0.6089892724036049 -35.69243356486824 0
    endloop
  endfacet
  facet normal -0.1564344650402243 -0.9876883405951388 -3.33344344105217e-20
    outer loop
      vertex 0.40733300908398895 35.72437277927205 -34
      vertex 0.6089892724036049 35.69243356486824 -34
      vertex 0.6089892724036049 35.69243356486824 0
    endloop
  endfacet
  facet normal -0.1564344650402243 -0.9876883405951388 0
    outer loop
      vertex 0.40733300908398895 35.72437277927205 -34
      vertex 0.6089892724036049 35.69243356486824 0
      vertex 0.40733300908398895 35.72437277927205 0
    endloop
  endfacet
  facet normal 0 0 1
    outer loop
      vertex 0.40733300908398895 35.72437277927205 0
      vertex 0.6089892724036049 35.69243356486824 0
      vertex 0.6266661678215203 37.46057350657239 0
    endloop
  endfacet
  facet normal -0.21814324139655747 0.975916761938744 0
    outer loop
      vertex 0.6089892724036049 -35.69243356486824 -34
      vertex 0.6089892724036049 -35.69243356486824 0
      vertex 0.8082421332857783 -35.64789527366805 -34
    endloop
  endfacet
  facet normal 0 0 -1
    outer loop
      vertex 0.6089892724036049 -35.69243356486824 -34
      vertex 0.8082421332857783 -35.64789527366805 -34
      vertex 9 -38 -34
    endloop
  endfacet
  facet normal 0 0 1
    outer loop
      vertex 0.6089892724036049 -35.69243356486824 0
      vertex 0.6266661678215203 -37.46057350657239 0
      vertex 0.9369065729286241 -37.411436253643444 0
    endloop
  endfacet
  facet normal -0.21814324139655747 0.975916761938744 9.573482875491262e-20
    outer loop
      vertex 0.6089892724036049 -35.69243356486824 0
      vertex 0.8082421332857783 -35.64789527366805 0
      vertex 0.8082421332857783 -35.64789527366805 -34
    endloop
  endfacet
  facet normal 0 0 1
    outer loop
      vertex 0.6089892724036049 -35.69243356486824 0
      vertex 0.9369065729286241 -37.411436253643444 0
      vertex 0.8082421332857783 -35.64789527366805 0
    endloop
  endfacet
  facet normal -0.21814324139655747 -0.975916761938744 -9.573482875491262e-20
    outer loop
      vertex 0.6089892724036049 35.69243356486824 -34
      vertex 0.8082421332857783 35.64789527366805 -34
      vertex 0.8082421332857783 35.64789527366805 0
    endloop
  endfacet
  facet normal -0.21814324139655747 -0.975916761938744 0
    outer loop
      vertex 0.6089892724036049 35.69243356486824 -34
      vertex 0.8082421332857783 35.64789527366805 0
      vertex 0.6089892724036049 35.69243356486824 0
    endloop
  endfacet
  facet normal 0 0 1
    outer loop
      vertex 0.6089892724036049 35.69243356486824 0
      vertex 0.8082421332857783 35.64789527366805 0
      vertex 0.6266661678215203 37.46057350657239 0
    endloop
  endfacet
  facet normal 0 0 1
    outer loop
      vertex 0.6266661678215203 -37.46057350657239 0
      vertex 28 -38 0
      vertex 0.9369065729286241 -37.411436253643444 0
    endloop
  endfacet
  facet normal 0 0 1
    outer loop
      vertex 0.6266661678215203 37.46057350657239 0
      vertex 0.8082421332857783 35.64789527366805 0
      vertex 0.9369065729286241 37.411436253643444 0
    endloop
  endfacet
  facet normal 0 0 1
    outer loop
      vertex 0.6266661678215203 37.46057350657239 0
      vertex 0.9369065729286241 37.411436253643444 0
      vertex 28 38 0
    endloop
  endfacet
  facet normal -0.27899110603921606 0.9602936856769468 0
    outer loop
      vertex 0.8082421332857783 -35.64789527366805 -34
      vertex 0.8082421332857783 -35.64789527366805 0
      vertex 1.004305231718579 -35.59093367795925 -34
    endloop
  endfacet
  facet normal 0 0 -1
    outer loop
      vertex 0.8082421332857783 -35.64789527366805 -34
      vertex 1.004305231718579 -35.59093367795925 -34
      vertex 9 -38 -34
    endloop
  endfacet
  facet normal 0 0 1
    outer loop
      vertex 0.8082421332857783 -35.64789527366805 0
      vertex 0.9369065729286241 -37.411436253643444 0
      vertex 1.2434494358242723 -37.34291580564316 0
    endloop
  endfacet
  facet normal -0.27899110603921606 0.9602936856769468 6.64875304038615e-20
    outer loop
      vertex 0.8082421332857783 -35.64789527366805 0
      vertex 1.004305231718579 -35.59093367795925 0
      vertex 1.004305231718579 -35.59093367795925 -34
    endloop
  endfacet
  facet normal 0 0 1
    outer loop
      vertex 0.8082421332857783 -35.64789527366805 0
      vertex 1.2434494358242723 -37.34291580564316 0
      vertex 1.004305231718579 -35.59093367795925 0
    endloop
  endfacet
  facet normal -0.27899110603921606 -0.9602936856769468 -6.64875304038615e-20
    outer loop
      vertex 0.8082421332857783 35.64789527366805 -34
      vertex 1.004305231718579 35.59093367795925 -34
      vertex 1.004305231718579 35.59093367795925 0
    endloop
  endfacet
  facet normal -0.27899110603921606 -0.9602936856769468 0
    outer loop
      vertex 0.8082421332857783 35.64789527366805 -34
      vertex 1.004305231718579 35.59093367795925 0
      vertex 0.8082421332857783 35.64789527366805 0
    endloop
  endfacet
  facet normal 0 0 -1
    outer loop
      vertex 0.8082421332857783 35.64789527366805 -34
      vertex 9 38 -34
      vertex 1.004305231718579 35.59093367795925 -34
    endloop
  endfacet
  facet normal 0 0 1
    outer loop
      vertex 0.8082421332857783 35.64789527366805 0
      vertex 1.004305231718579 35.59093367795925 0
      vertex 0.9369065729286241 37.411436253643444 0
    endloop
  endfacet
  facet normal 0 0 1
    outer loop
      vertex 0.9369065729286241 -37.411436253643444 0
      vertex 28 -38 0
      vertex 1.2434494358242723 -37.34291580564316 0
    endloop
  endfacet
  facet normal 0 0 1
    outer loop
      vertex 0.9369065729286241 37.411436253643444 0
      vertex 1.004305231718579 35.59093367795925 0
      vertex 1.2434494358242743 37.34291580564316 0
    endloop
  endfacet
  facet normal 0 0 1
    outer loop
      vertex 0.9369065729286241 37.411436253643444 0
      vertex 1.2434494358242743 37.34291580564316 0
      vertex 28 38 0
    endloop
  endfacet
  facet normal -0.3387379202452803 0.9408807689542295 0
    outer loop
      vertex 1.004305231718579 -35.59093367795925 -34
      vertex 1.004305231718579 -35.59093367795925 0
      vertex 1.1964047962252031 -35.52177357913682 -34
    endloop
  endfacet
  facet normal 0 0 -1
    outer loop
      vertex 1.004305231718579 -35.59093367795925 -34
      vertex 1.1964047962252031 -35.52177357913682 -34
      vertex 9 -38 -34
    endloop
  endfacet
  facet normal -0.3387379202452803 0.9408807689542295 -2.0031555131241176e-20
    outer loop
      vertex 1.004305231718579 -35.59093367795925 0
      vertex 1.1964047962252031 -35.52177357913682 0
      vertex 1.1964047962252031 -35.52177357913682 -34
    endloop
  endfacet
  facet normal 0 0 1
    outer loop
      vertex 1.004305231718579 -35.59093367795925 0
      vertex 1.2434494358242723 -37.34291580564316 0
      vertex 1.1964047962252031 -35.52177357913682 0
    endloop
  endfacet
  facet normal -0.3387379202452803 -0.9408807689542295 2.0031555131241176e-20
    outer loop
      vertex 1.004305231718579 35.59093367795925 -34
      vertex 1.1964047962252031 35.52177357913682 -34
      vertex 1.1964047962252031 35.52177357913682 0
    endloop
  endfacet
  facet normal -0.3387379202452803 -0.9408807689542295 0
    outer loop
      vertex 1.004305231718579 35.59093367795925 -34
      vertex 1.1964047962252031 35.52177357913682 0
      vertex 1.004305231718579 35.59093367795925 0
    endloop
  endfacet
  facet normal 0 0 -1
    outer loop
      vertex 1.004305231718579 35.59093367795925 -34
      vertex 9 38 -34
      vertex 1.1964047962252031 35.52177357913682 -34
    endloop
  endfacet
  facet normal 0 0 1
    outer loop
      vertex 1.004305231718579 35.59093367795925 0
      vertex 1.1964047962252031 35.52177357913682 0
      vertex 1.2434494358242743 37.34291580564316 0
    endloop
  endfacet
  facet normal -0.3971478906347938 0.9177546256839754 0
    outer loop
      vertex 1.1964047962252031 -35.52177357913682 -34
      vertex 1.1964047962252031 -35.52177357913682 0
      vertex 1.3837826975864864 -35.44068792051456 -34
    endloop
  endfacet
  facet normal 0 0 -1
    outer loop
      vertex 1.1964047962252031 -35.52177357913682 -34
      vertex 1.3837826975864864 -35.44068792051456 -34
      vertex 9 -38 -34
    endloop
  endfacet
  facet normal 0 0 1
    outer loop
      vertex 1.1964047962252031 -35.52177357913682 0
      vertex 1.2434494358242723 -37.34291580564316 0
      vertex 1.545084971874737 -37.25528258147577 0
    endloop
  endfacet
  facet normal -0.3971478906347938 0.9177546256839754 -2.4906550380822566e-20
    outer loop
      vertex 1.1964047962252031 -35.52177357913682 0
      vertex 1.3837826975864864 -35.44068792051456 0
      vertex 1.3837826975864864 -35.44068792051456 -34
    endloop
  endfacet
  facet normal 0 0 1
    outer loop
      vertex 1.1964047962252031 -35.52177357913682 0
      vertex 1.545084971874737 -37.25528258147577 0
      vertex 1.3837826975864864 -35.44068792051456 0
    endloop
  endfacet
  facet normal -0.3971478906347938 -0.9177546256839754 2.4906550380822566e-20
    outer loop
      vertex 1.1964047962252031 35.52177357913682 -34
      vertex 1.3837826975864864 35.44068792051456 -34
      vertex 1.3837826975864864 35.44068792051456 0
    endloop
  endfacet
  facet normal -0.3971478906347938 -0.9177546256839754 0
    outer loop
      vertex 1.1964047962252031 35.52177357913682 -34
      vertex 1.3837826975864864 35.44068792051456 0
      vertex 1.1964047962252031 35.52177357913682 0
    endloop
  endfacet
  facet normal 0 0 -1
    outer loop
      vertex 1.1964047962252031 35.52177357913682 -34
      vertex 9 38 -34
      vertex 1.3837826975864864 35.44068792051456 -34
    endloop
  endfacet
  facet normal 0 0 1
    outer loop
      vertex 1.1964047962252031 35.52177357913682 0
      vertex 1.3837826975864864 35.44068792051456 0
      vertex 1.2434494358242743 37.34291580564316 0
    endloop
  endfacet
  facet normal 0 0 1
    outer loop
      vertex 1.2434494358242723 -37.34291580564316 0
      vertex 28 -38 0
      vertex 1.545084971874737 -37.25528258147577 0
    endloop
  endfacet
  facet normal 0 0 1
    outer loop
      vertex 1.2434494358242743 37.34291580564316 0
      vertex 1.3837826975864864 35.44068792051456 0
      vertex 1.545084971874737 37.25528258147577 0
    endloop
  endfacet
  facet normal 0 0 1
    outer loop
      vertex 1.2434494358242743 37.34291580564316 0
      vertex 1.545084971874737 37.25528258147577 0
      vertex 28 38 0
    endloop
  endfacet
  facet normal -0.4539904997395599 0.8910065241883613 0
    outer loop
      vertex 1.3837826975864864 -35.44068792051456 -34
      vertex 1.3837826975864864 -35.44068792051456 0
      vertex 1.5656994408305744 -35.34799671014255 -34
    endloop
  endfacet
  facet normal 0 0 -1
    outer loop
      vertex 1.3837826975864864 -35.44068792051456 -34
      vertex 1.5656994408305744 -35.34799671014255 -34
      vertex 9 -38 -34
    endloop
  endfacet
  facet normal 0 0 1
    outer loop
      vertex 1.3837826975864864 -35.44068792051456 0
      vertex 1.545084971874737 -37.25528258147577 0
      vertex 1.5656994408305744 -35.34799671014255 0
    endloop
  endfacet
  facet normal -0.4539904997395599 0.8910065241883613 -2.2746656211692723e-19
    outer loop
      vertex 1.3837826975864864 -35.44068792051456 0
      vertex 1.5656994408305744 -35.34799671014255 0
      vertex 1.5656994408305744 -35.34799671014255 -34
    endloop
  endfacet
  facet normal -0.4539904997395599 -0.8910065241883613 2.2746656211692723e-19
    outer loop
      vertex 1.3837826975864864 35.44068792051456 -34
      vertex 1.5656994408305744 35.34799671014255 -34
      vertex 1.5656994408305744 35.34799671014255 0
    endloop
  endfacet
  facet normal -0.4539904997395599 -0.8910065241883613 0
    outer loop
      vertex 1.3837826975864864 35.44068792051456 -34
      vertex 1.5656994408305744 35.34799671014255 0
      vertex 1.3837826975864864 35.44068792051456 0
    endloop
  endfacet
  facet normal 0 0 -1
    outer loop
      vertex 1.3837826975864864 35.44068792051456 -34
      vertex 9 38 -34
      vertex 1.5656994408305744 35.34799671014255 -34
    endloop
  endfacet
  facet normal 0 0 1
    outer loop
      vertex 1.3837826975864864 35.44068792051456 0
      vertex 1.5656994408305744 35.34799671014255 0
      vertex 1.545084971874737 37.25528258147577 0
    endloop
  endfacet
  facet normal 0 0 1
    outer loop
      vertex 1.545084971874737 -37.25528258147577 0
      vertex 1.8406227634233918 -37.14888242944126 0
      vertex 1.5656994408305744 -35.34799671014255 0
    endloop
  endfacet
  facet normal 0 0 1
    outer loop
      vertex 1.545084971874737 -37.25528258147577 0
      vertex 28 -38 0
      vertex 1.8406227634233918 -37.14888242944126 0
    endloop
  endfacet
  facet normal 0 0 1
    outer loop
      vertex 1.545084971874737 37.25528258147577 0
      vertex 1.5656994408305744 35.34799671014255 0
      vertex 1.8406227634233894 37.14888242944126 0
    endloop
  endfacet
  facet normal 0 0 1
    outer loop
      vertex 1.545084971874737 37.25528258147577 0
      vertex 1.8406227634233894 37.14888242944126 0
      vertex 28 38 0
    endloop
  endfacet
  facet normal -0.509041415750352 0.8607420270039551 0
    outer loop
      vertex 1.5656994408305744 -35.34799671014255 -34
      vertex 1.5656994408305744 -35.34799671014255 0
      vertex 1.7414370836817392 -35.24406575788155 -34
    endloop
  endfacet
  facet normal 0 0 -1
    outer loop
      vertex 1.5656994408305744 -35.34799671014255 -34
      vertex 1.7414370836817392 -35.24406575788155 -34
      vertex 9 -38 -34
    endloop
  endfacet
  facet normal -0.509041415750352 0.8607420270039551 5.25527211517271e-20
    outer loop
      vertex 1.5656994408305744 -35.34799671014255 0
      vertex 1.7414370836817392 -35.24406575788155 0
      vertex 1.7414370836817392 -35.24406575788155 -34
    endloop
  endfacet
  facet normal 0 0 1
    outer loop
      vertex 1.5656994408305744 -35.34799671014255 0
      vertex 1.8406227634233918 -37.14888242944126 0
      vertex 1.7414370836817392 -35.24406575788155 0
    endloop
  endfacet
  facet normal -0.509041415750352 -0.8607420270039551 -5.25527211517271e-20
    outer loop
      vertex 1.5656994408305744 35.34799671014255 -34
      vertex 1.7414370836817392 35.24406575788155 -34
      vertex 1.7414370836817392 35.24406575788155 0
    endloop
  endfacet
  facet normal -0.509041415750352 -0.8607420270039551 0
    outer loop
      vertex 1.5656994408305744 35.34799671014255 -34
      vertex 1.7414370836817392 35.24406575788155 0
      vertex 1.5656994408305744 35.34799671014255 0
    endloop
  endfacet
  facet normal 0 0 -1
    outer loop
      vertex 1.5656994408305744 35.34799671014255 -34
      vertex 9 38 -34
      vertex 1.7414370836817392 35.24406575788155 -34
    endloop
  endfacet
  facet normal 0 0 1
    outer loop
      vertex 1.5656994408305744 35.34799671014255 0
      vertex 1.7414370836817392 35.24406575788155 0
      vertex 1.8406227634233894 37.14888242944126 0
    endloop
  endfacet
  facet normal -0.5620833778521479 0.8270805742745501 0
    outer loop
      vertex 1.7414370836817392 -35.24406575788155 -34
      vertex 1.7414370836817392 -35.24406575788155 0
      vertex 1.9103020699505378 -35.129305231718575 -34
    endloop
  endfacet
  facet normal 0 0 -1
    outer loop
      vertex 1.7414370836817392 -35.24406575788155 -34
      vertex 1.9103020699505378 -35.129305231718575 -34
      vertex 9 -38 -34
    endloop
  endfacet
  facet normal 0 0 1
    outer loop
      vertex 1.7414370836817392 -35.24406575788155 0
      vertex 1.8406227634233918 -37.14888242944126 0
      vertex 2.128896457825362 -37.0241352623301 0
    endloop
  endfacet
  facet normal -0.5620833778521479 0.8270805742745501 -2.4587656879461305e-19
    outer loop
      vertex 1.7414370836817392 -35.24406575788155 0
      vertex 1.9103020699505378 -35.129305231718575 0
      vertex 1.9103020699505378 -35.129305231718575 -34
    endloop
  endfacet
  facet normal 0 0 1
    outer loop
      vertex 1.7414370836817392 -35.24406575788155 0
      vertex 2.128896457825362 -37.0241352623301 0
      vertex 1.9103020699505378 -35.129305231718575 0
    endloop
  endfacet
  facet normal -0.5620833778521479 -0.8270805742745501 2.4587656879461305e-19
    outer loop
      vertex 1.7414370836817392 35.24406575788155 -34
      vertex 1.9103020699505378 35.129305231718575 -34
      vertex 1.9103020699505378 35.129305231718575 0
    endloop
  endfacet
  facet normal -0.5620833778521479 -0.8270805742745501 0
    outer loop
      vertex 1.7414370836817392 35.24406575788155 -34
      vertex 1.9103020699505378 35.129305231718575 0
      vertex 1.7414370836817392 35.24406575788155 0
    endloop
  endfacet
  facet normal 0 0 -1
    outer loop
      vertex 1.7414370836817392 35.24406575788155 -34
      vertex 9 38 -34
      vertex 1.9103020699505378 35.129305231718575 -34
    endloop
  endfacet
  facet normal 0 0 1
    outer loop
      vertex 1.7414370836817392 35.24406575788155 0
      vertex 1.9103020699505378 35.129305231718575 0
      vertex 1.8406227634233894 37.14888242944126 0
    endloop
  endfacet
  facet normal 0 0 1
    outer loop
      vertex 1.8406227634233894 37.14888242944126 0
      vertex 1.9103020699505378 35.129305231718575 0
      vertex 2.128896457825362 37.0241352623301 0
    endloop
  endfacet
  facet normal 0 0 1
    outer loop
      vertex 1.8406227634233894 37.14888242944126 0
      vertex 2.128896457825362 37.0241352623301 0
      vertex 28 38 0
    endloop
  endfacet
  facet normal 0 0 1
    outer loop
      vertex 1.8406227634233918 -37.14888242944126 0
      vertex 28 -38 0
      vertex 2.128896457825362 -37.0241352623301 0
    endloop
  endfacet
  facet normal -0.6129070536529632 0.7901550123757008 0
    outer loop
      vertex 1.9103020699505378 -35.129305231718575 -34
      vertex 1.9103020699505378 -35.129305231718575 0
      vertex 2.0716279666832413 -35.004168039021316 -34
    endloop
  endfacet
  facet normal 0 0 -1
    outer loop
      vertex 1.9103020699505378 -35.129305231718575 -34
      vertex 2.0716279666832413 -35.004168039021316 -34
      vertex 9 -38 -34
    endloop
  endfacet
  facet normal -0.6129070536529632 0.7901550123757008 -2.1297072293516882e-19
    outer loop
      vertex 1.9103020699505378 -35.129305231718575 0
      vertex 2.0716279666832413 -35.004168039021316 0
      vertex 2.0716279666832413 -35.004168039021316 -34
    endloop
  endfacet
  facet normal 0 0 1
    outer loop
      vertex 1.9103020699505378 -35.129305231718575 0
      vertex 2.128896457825362 -37.0241352623301 0
      vertex 2.0716279666832413 -35.004168039021316 0
    endloop
  endfacet
  facet normal -0.6129070536529622 -0.7901550123757015 2.0419403796161264e-19
    outer loop
      vertex 1.9103020699505378 35.129305231718575 -34
      vertex 2.071627966683242 35.004168039021316 -34
      vertex 2.071627966683242 35.004168039021316 0
    endloop
  endfacet
  facet normal -0.6129070536529622 -0.7901550123757015 0
    outer loop
      vertex 1.9103020699505378 35.129305231718575 -34
      vertex 2.071627966683242 35.004168039021316 0
      vertex 1.9103020699505378 35.129305231718575 0
    endloop
  endfacet
  facet normal 0 0 -1
    outer loop
      vertex 1.9103020699505378 35.129305231718575 -34
      vertex 9 38 -34
      vertex 2.071627966683242 35.004168039021316 -34
    endloop
  endfacet
  facet normal 0 0 1
    outer loop
      vertex 1.9103020699505378 35.129305231718575 0
      vertex 2.071627966683242 35.004168039021316 0
      vertex 2.128896457825362 37.0241352623301 0
    endloop
  endfacet
  facet normal -0.6613118653236568 0.7501110696304552 0
    outer loop
      vertex 2.0716279666832413 -35.004168039021316 -34
      vertex 2.0716279666832413 -35.004168039021316 0
      vertex 2.224778094268238 -34.86914803911959 -34
    endloop
  endfacet
  facet normal 0 0 -1
    outer loop
      vertex 2.0716279666832413 -35.004168039021316 -34
      vertex 2.224778094268238 -34.86914803911959 -34
      vertex 9 -38 -34
    endloop
  endfacet
  facet normal 0 0 1
    outer loop
      vertex 2.0716279666832413 -35.004168039021316 0
      vertex 2.128896457825362 -37.0241352623301 0
      vertex 2.408768370508577 -36.88153340021932 0
    endloop
  endfacet
  facet normal -0.6613118653236568 0.7501110696304552 -3.562814475155301e-20
    outer loop
      vertex 2.0716279666832413 -35.004168039021316 0
      vertex 2.224778094268238 -34.86914803911959 0
      vertex 2.224778094268238 -34.86914803911959 -34
    endloop
  endfacet
  facet normal 0 0 1
    outer loop
      vertex 2.0716279666832413 -35.004168039021316 0
      vertex 2.408768370508577 -36.88153340021932 0
      vertex 2.224778094268238 -34.86914803911959 0
    endloop
  endfacet
  facet normal -0.6613118653236568 -0.7501110696304552 3.562814475155301e-20
    outer loop
      vertex 2.071627966683242 35.004168039021316 -34
      vertex 2.2247780942682382 34.86914803911959 -34
      vertex 2.2247780942682382 34.86914803911959 0
    endloop
  endfacet
  facet normal -0.6613118653236568 -0.7501110696304552 0
    outer loop
      vertex 2.071627966683242 35.004168039021316 -34
      vertex 2.2247780942682382 34.86914803911959 0
      vertex 2.071627966683242 35.004168039021316 0
    endloop
  endfacet
  facet normal 0 0 -1
    outer loop
      vertex 2.071627966683242 35.004168039021316 -34
      vertex 9 38 -34
      vertex 2.2247780942682382 34.86914803911959 -34
    endloop
  endfacet
  facet normal 0 0 1
    outer loop
      vertex 2.071627966683242 35.004168039021316 0
      vertex 2.2247780942682382 34.86914803911959 0
      vertex 2.128896457825362 37.0241352623301 0
    endloop
  endfacet
  facet normal 0 1 0
    outer loop
      vertex 2.0763556789359328 -30 -34
      vertex 2.0763556789359328 -30 0
      vertex 4.327579164942603 -30 -6
    endloop
  endfacet
  facet normal -0.6613118653236573 -0.7501110696304548 -5.819724907953165e-20
    outer loop
      vertex 2.0763556789359328 -30 -34
      vertex 2.224778094268238 -30.130851960880413 -34
      vertex 2.224778094268238 -30.130851960880413 0
    endloop
  endfacet
  facet normal -0.6613118653236573 -0.7501110696304548 0
    outer loop
      vertex 2.0763556789359328 -30 -34
      vertex 2.224778094268238 -30.130851960880413 0
      vertex 2.0763556789359328 -30 0
    endloop
  endfacet
  facet normal 0 0 -1
    outer loop
      vertex 2.0763556789359328 -30 -34
      vertex 4.327579164942603 -30 -34
      vertex 2.224778094268238 -30.130851960880413 -34
    endloop
  endfacet
  facet normal 0 1 0
    outer loop
      vertex 2.0763556789359328 -30 -34
      vertex 4.327579164942603 -30 -6
      vertex 4.327579164942603 -30 -34
    endloop
  endfacet
  facet normal 0 0 1
    outer loop
      vertex 2.0763556789359328 -30 0
      vertex 2.224778094268238 -30.130851960880413 0
      vertex 4.327579164942603 -30 0
    endloop
  endfacet
  facet normal 0 1 0
    outer loop
      vertex 2.0763556789359328 -30 0
      vertex 4.327579164942603 -30 0
      vertex 4.327579164942603 -30 -6
    endloop
  endfacet
  facet normal -0.6613118653236595 0.7501110696304528 0
    outer loop
      vertex 2.0763556789359336 30 -34
      vertex 2.0763556789359336 30 0
      vertex 2.224778094268238 30.130851960880413 -34
    endloop
  endfacet
  facet normal 0 0 -1
    outer loop
      vertex 2.0763556789359336 30 -34
      vertex 2.224778094268238 30.130851960880413 -34
      vertex 4.972546984700349 32 -34
    endloop
  endfacet
  facet normal 0 -1 0
    outer loop
      vertex 2.0763556789359336 30 -34
      vertex 4.327579164942602 30 -34
      vertex 4.327579164942602 30 -6
    endloop
  endfacet
  facet normal 0 -1 0
    outer loop
      vertex 2.0763556789359336 30 -34
      vertex 4.327579164942602 30 -6
      vertex 2.0763556789359336 30 0
    endloop
  endfacet
  facet normal 0 0 -1
    outer loop
      vertex 2.0763556789359336 30 -34
      vertex 4.381533400219317 30.091231629491425 -34
      vertex 4.327579164942602 30 -34
    endloop
  endfacet
  facet normal 0 0 -1
    outer loop
      vertex 2.0763556789359336 30 -34
      vertex 4.972546984700349 32 -34
      vertex 4.381533400219317 30.091231629491425 -34
    endloop
  endfacet
  facet normal -0.6613118653236595 0.7501110696304528 -1.9868002681851962e-19
    outer loop
      vertex 2.0763556789359336 30 0
      vertex 2.224778094268238 30.130851960880413 0
      vertex 2.224778094268238 30.130851960880413 -34
    endloop
  endfacet
  facet normal 0 -1 0
    outer loop
      vertex 2.0763556789359336 30 0
      vertex 4.327579164942602 30 -6
      vertex 4.327579164942602 30 0
    endloop
  endfacet
  facet normal 0 0 1
    outer loop
      vertex 2.0763556789359336 30 0
      vertex 4.327579164942602 30 0
      vertex 2.224778094268238 30.130851960880413 0
    endloop
  endfacet
  facet normal 0 0 1
    outer loop
      vertex 2.128896457825362 -37.0241352623301 0
      vertex 28 -38 0
      vertex 2.408768370508577 -36.88153340021932 0
    endloop
  endfacet
  facet normal 0 0 1
    outer loop
      vertex 2.128896457825362 37.0241352623301 0
      vertex 2.2247780942682382 34.86914803911959 0
      vertex 2.408768370508577 36.88153340021932 0
    endloop
  endfacet
  facet normal 0 0 1
    outer loop
      vertex 2.128896457825362 37.0241352623301 0
      vertex 2.408768370508577 36.88153340021932 0
      vertex 28 38 0
    endloop
  endfacet
  facet normal -0.7071067811865432 0.7071067811865519 0
    outer loop
      vertex 2.224778094268238 -34.86914803911959 -34
      vertex 2.224778094268238 -34.86914803911959 0
      vertex 2.369148039119588 -34.72477809426824 -34
    endloop
  endfacet
  facet normal 0 0 -1
    outer loop
      vertex 2.224778094268238 -34.86914803911959 -34
      vertex 2.369148039119588 -34.72477809426824 -34
      vertex 9 -38 -34
    endloop
  endfacet
  facet normal -0.7071067811865432 0.7071067811865519 -2.314667851081214e-19
    outer loop
      vertex 2.224778094268238 -34.86914803911959 0
      vertex 2.369148039119588 -34.72477809426824 0
      vertex 2.369148039119588 -34.72477809426824 -34
    endloop
  endfacet
  facet normal 0 0 1
    outer loop
      vertex 2.224778094268238 -34.86914803911959 0
      vertex 2.408768370508577 -36.88153340021932 0
      vertex 2.369148039119588 -34.72477809426824 0
    endloop
  endfacet
  facet normal -0.7071067811865432 -0.7071067811865519 2.314667851081214e-19
    outer loop
      vertex 2.224778094268238 -30.130851960880413 -34
      vertex 2.369148039119588 -30.27522190573176 -34
      vertex 2.369148039119588 -30.27522190573176 0
    endloop
  endfacet
  facet normal -0.7071067811865432 -0.7071067811865519 0
    outer loop
      vertex 2.224778094268238 -30.130851960880413 -34
      vertex 2.369148039119588 -30.27522190573176 0
      vertex 2.224778094268238 -30.130851960880413 0
    endloop
  endfacet
  facet normal 0 0 -1
    outer loop
      vertex 2.224778094268238 -30.130851960880413 -34
      vertex 4.327579164942603 -30 -34
      vertex 2.369148039119588 -30.27522190573176 -34
    endloop
  endfacet
  facet normal 0 0 1
    outer loop
      vertex 2.224778094268238 -30.130851960880413 0
      vertex 2.369148039119588 -30.27522190573176 0
      vertex 4.327579164942603 -30 0
    endloop
  endfacet
  facet normal -0.7071067811865432 0.7071067811865519 0
    outer loop
      vertex 2.224778094268238 30.130851960880413 -34
      vertex 2.224778094268238 30.130851960880413 0
      vertex 2.369148039119588 30.27522190573176 -34
    endloop
  endfacet
  facet normal 0 0 -1
    outer loop
      vertex 2.224778094268238 30.130851960880413 -34
      vertex 2.369148039119588 30.27522190573176 -34
      vertex 4.972546984700349 32 -34
    endloop
  endfacet
  facet normal -0.7071067811865432 0.7071067811865519 -2.314667851081214e-19
    outer loop
      vertex 2.224778094268238 30.130851960880413 0
      vertex 2.369148039119588 30.27522190573176 0
      vertex 2.369148039119588 30.27522190573176 -34
    endloop
  endfacet
  facet normal 0 0 1
    outer loop
      vertex 2.224778094268238 30.130851960880413 0
      vertex 4.327579164942602 30 0
      vertex 2.369148039119588 30.27522190573176 0
    endloop
  endfacet
  facet normal -0.7071067811865454 -0.7071067811865497 2.1082830357657388e-19
    outer loop
      vertex 2.2247780942682382 34.86914803911959 -34
      vertex 2.3691480391195876 34.72477809426824 -34
      vertex 2.3691480391195876 34.72477809426824 0
    endloop
  endfacet
  facet normal -0.7071067811865454 -0.7071067811865497 0
    outer loop
      vertex 2.2247780942682382 34.86914803911959 -34
      vertex 2.3691480391195876 34.72477809426824 0
      vertex 2.2247780942682382 34.86914803911959 0
    endloop
  endfacet
  facet normal 0 0 -1
    outer loop
      vertex 2.2247780942682382 34.86914803911959 -34
      vertex 9 38 -34
      vertex 2.3691480391195876 34.72477809426824 -34
    endloop
  endfacet
  facet normal 0 0 1
    outer loop
      vertex 2.2247780942682382 34.86914803911959 0
      vertex 2.3691480391195876 34.72477809426824 0
      vertex 2.408768370508577 36.88153340021932 0
    endloop
  endfacet
  facet normal -0.7501110696304539 -0.6613118653236583 3.263017390155267e-20
    outer loop
      vertex 2.3691480391195876 34.72477809426824 -34
      vertex 2.5041680390213146 34.571627966683245 -34
      vertex 2.5041680390213146 34.571627966683245 0
    endloop
  endfacet
  facet normal -0.7501110696304539 -0.6613118653236583 0
    outer loop
      vertex 2.3691480391195876 34.72477809426824 -34
      vertex 2.5041680390213146 34.571627966683245 0
      vertex 2.3691480391195876 34.72477809426824 0
    endloop
  endfacet
  facet normal 0 0 -1
    outer loop
      vertex 2.3691480391195876 34.72477809426824 -34
      vertex 9 38 -34
      vertex 2.5041680390213146 34.571627966683245 -34
    endloop
  endfacet
  facet normal 0 0 1
    outer loop
      vertex 2.3691480391195876 34.72477809426824 0
      vertex 2.5041680390213146 34.571627966683245 0
      vertex 2.408768370508577 36.88153340021932 0
    endloop
  endfacet
  facet normal -0.750111069630468 0.6613118653236422 0
    outer loop
      vertex 2.369148039119588 -34.72477809426824 -34
      vertex 2.369148039119588 -34.72477809426824 0
      vertex 2.5041680390213155 -34.57162796668324 -34
    endloop
  endfacet
  facet normal 0 0 -1
    outer loop
      vertex 2.369148039119588 -34.72477809426824 -34
      vertex 2.5041680390213155 -34.57162796668324 -34
      vertex 9 -38 -34
    endloop
  endfacet
  facet normal 0 0 1
    outer loop
      vertex 2.369148039119588 -34.72477809426824 0
      vertex 2.408768370508577 -36.88153340021932 0
      vertex 2.679133974894981 -36.72163962751008 0
    endloop
  endfacet
  facet normal -0.750111069630468 0.6613118653236422 2.943209739715649e-20
    outer loop
      vertex 2.369148039119588 -34.72477809426824 0
      vertex 2.5041680390213155 -34.57162796668324 0
      vertex 2.5041680390213155 -34.57162796668324 -34
    endloop
  endfacet
  facet normal 0 0 1
    outer loop
      vertex 2.369148039119588 -34.72477809426824 0
      vertex 2.679133974894981 -36.72163962751008 0
      vertex 2.5041680390213155 -34.57162796668324 0
    endloop
  endfacet
  facet normal -0.7501110696304605 -0.6613118653236508 1.0075374614915015e-19
    outer loop
      vertex 2.369148039119588 -30.27522190573176 -34
      vertex 2.5041680390213155 -30.42837203331676 -34
      vertex 2.5041680390213155 -30.42837203331676 0
    endloop
  endfacet
  facet normal -0.7501110696304605 -0.6613118653236508 0
    outer loop
      vertex 2.369148039119588 -30.27522190573176 -34
      vertex 2.5041680390213155 -30.42837203331676 0
      vertex 2.369148039119588 -30.27522190573176 0
    endloop
  endfacet
  facet normal 0 0 -1
    outer loop
      vertex 2.369148039119588 -30.27522190573176 -34
      vertex 4.327579164942603 -30 -34
      vertex 2.5041680390213155 -30.42837203331676 -34
    endloop
  endfacet
  facet normal 0 0 1
    outer loop
      vertex 2.369148039119588 -30.27522190573176 0
      vertex 2.5041680390213155 -30.42837203331676 0
      vertex 4.327579164942603 -30 0
    endloop
  endfacet
  facet normal -0.7501110696304637 0.6613118653236472 0
    outer loop
      vertex 2.369148039119588 30.27522190573176 -34
      vertex 2.369148039119588 30.27522190573176 0
      vertex 2.504168039021314 30.42837203331676 -34
    endloop
  endfacet
  facet normal 0 0 -1
    outer loop
      vertex 2.369148039119588 30.27522190573176 -34
      vertex 2.504168039021314 30.42837203331676 -34
      vertex 4.972546984700349 32 -34
    endloop
  endfacet
  facet normal -0.7501110696304637 0.6613118653236472 -5.617781634236968e-21
    outer loop
      vertex 2.369148039119588 30.27522190573176 0
      vertex 2.504168039021314 30.42837203331676 0
      vertex 2.504168039021314 30.42837203331676 -34
    endloop
  endfacet
  facet normal 0 0 1
    outer loop
      vertex 2.369148039119588 30.27522190573176 0
      vertex 4.327579164942602 30 0
      vertex 2.504168039021314 30.42837203331676 0
    endloop
  endfacet
  facet normal 0 0 1
    outer loop
      vertex 2.408768370508577 -36.88153340021932 0
      vertex 28 -38 0
      vertex 2.679133974894981 -36.72163962751008 0
    endloop
  endfacet
  facet normal 0 0 1
    outer loop
      vertex 2.408768370508577 36.88153340021932 0
      vertex 2.5041680390213146 34.571627966683245 0
      vertex 2.679133974894983 36.72163962751007 0
    endloop
  endfacet
  facet normal 0 0 1
    outer loop
      vertex 2.408768370508577 36.88153340021932 0
      vertex 2.679133974894983 36.72163962751007 0
      vertex 28 38 0
    endloop
  endfacet
  facet normal -0.7901550123756852 0.6129070536529831 0
    outer loop
      vertex 2.504168039021314 30.42837203331676 -34
      vertex 2.504168039021314 30.42837203331676 0
      vertex 2.629305231718579 30.58969793004946 -34
    endloop
  endfacet
  facet normal 0 0 -1
    outer loop
      vertex 2.504168039021314 30.42837203331676 -34
      vertex 2.629305231718579 30.58969793004946 -34
      vertex 4.972546984700349 32 -34
    endloop
  endfacet
  facet normal -0.7901550123756852 0.6129070536529831 1.544341076019683e-19
    outer loop
      vertex 2.504168039021314 30.42837203331676 0
      vertex 2.629305231718579 30.58969793004946 0
      vertex 2.629305231718579 30.58969793004946 -34
    endloop
  endfacet
  facet normal 0 0 1
    outer loop
      vertex 2.504168039021314 30.42837203331676 0
      vertex 4.327579164942602 30 0
      vertex 2.629305231718579 30.58969793004946 0
    endloop
  endfacet
  facet normal -0.7901550123756929 -0.6129070536529734 1.0007484660770421e-19
    outer loop
      vertex 2.5041680390213146 34.571627966683245 -34
      vertex 2.629305231718579 34.41030206995054 -34
      vertex 2.629305231718579 34.41030206995054 0
    endloop
  endfacet
  facet normal -0.7901550123756929 -0.6129070536529734 0
    outer loop
      vertex 2.5041680390213146 34.571627966683245 -34
      vertex 2.629305231718579 34.41030206995054 0
      vertex 2.5041680390213146 34.571627966683245 0
    endloop
  endfacet
  facet normal 0 0 -1
    outer loop
      vertex 2.5041680390213146 34.571627966683245 -34
      vertex 9 38 -34
      vertex 2.629305231718579 34.41030206995054 -34
    endloop
  endfacet
  facet normal 0 0 1
    outer loop
      vertex 2.5041680390213146 34.571627966683245 0
      vertex 2.629305231718579 34.41030206995054 0
      vertex 2.679133974894983 36.72163962751007 0
    endloop
  endfacet
  facet normal -0.7901550123756818 0.6129070536529875 0
    outer loop
      vertex 2.5041680390213155 -34.57162796668324 -34
      vertex 2.5041680390213155 -34.57162796668324 0
      vertex 2.629305231718579 -34.41030206995054 -34
    endloop
  endfacet
  facet normal 0 0 -1
    outer loop
      vertex 2.5041680390213155 -34.57162796668324 -34
      vertex 2.629305231718579 -34.41030206995054 -34
      vertex 9 -38 -34
    endloop
  endfacet
  facet normal -0.7901550123756818 0.6129070536529875 1.0963789154186425e-19
    outer loop
      vertex 2.5041680390213155 -34.57162796668324 0
      vertex 2.629305231718579 -34.41030206995054 0
      vertex 2.629305231718579 -34.41030206995054 -34
    endloop
  endfacet
  facet normal 0 0 1
    outer loop
      vertex 2.5041680390213155 -34.57162796668324 0
      vertex 2.679133974894981 -36.72163962751008 0
      vertex 2.629305231718579 -34.41030206995054 0
    endloop
  endfacet
  facet normal -0.7901550123756883 -0.612907053652979 -1.7985137133235462e-19
    outer loop
      vertex 2.5041680390213155 -30.42837203331676 -34
      vertex 2.629305231718579 -30.58969793004946 -34
      vertex 2.629305231718579 -30.58969793004946 0
    endloop
  endfacet
  facet normal -0.7901550123756883 -0.612907053652979 0
    outer loop
      vertex 2.5041680390213155 -30.42837203331676 -34
      vertex 2.629305231718579 -30.58969793004946 0
      vertex 2.5041680390213155 -30.42837203331676 0
    endloop
  endfacet
  facet normal 0 0 -1
    outer loop
      vertex 2.5041680390213155 -30.42837203331676 -34
      vertex 4.327579164942603 -30 -34
      vertex 4.381533400219318 -30.091231629491425 -34
    endloop
  endfacet
  facet normal 0 0 -1
    outer loop
      vertex 2.5041680390213155 -30.42837203331676 -34
      vertex 4.381533400219318 -30.091231629491425 -34
      vertex 2.629305231718579 -30.58969793004946 -34
    endloop
  endfacet
  facet normal 0 0 1
    outer loop
      vertex 2.5041680390213155 -30.42837203331676 0
      vertex 2.629305231718579 -30.58969793004946 0
      vertex 4.327579164942603 -30 0
    endloop
  endfacet
  facet normal -0.827080574274566 0.5620833778521245 0
    outer loop
      vertex 2.629305231718579 -34.41030206995054 -34
      vertex 2.629305231718579 -34.41030206995054 0
      vertex 2.7440657578815486 -34.24143708368174 -34
    endloop
  endfacet
  facet normal 0 0 -1
    outer loop
      vertex 2.629305231718579 -34.41030206995054 -34
      vertex 2.7440657578815486 -34.24143708368174 -34
      vertex 9 -38 -34
    endloop
  endfacet
  facet normal 0 0 1
    outer loop
      vertex 2.629305231718579 -34.41030206995054 0
      vertex 2.679133974894981 -36.72163962751008 0
      vertex 2.7440657578815486 -34.24143708368174 0
    endloop
  endfacet
  facet normal -0.827080574274566 0.5620833778521245 -3.856697317017155e-20
    outer loop
      vertex 2.629305231718579 -34.41030206995054 0
      vertex 2.7440657578815486 -34.24143708368174 0
      vertex 2.7440657578815486 -34.24143708368174 -34
    endloop
  endfacet
  facet normal -0.827080574274566 -0.5620833778521245 3.856697317017155e-20
    outer loop
      vertex 2.629305231718579 -30.58969793004946 -34
      vertex 2.7440657578815486 -30.75856291631826 -34
      vertex 2.7440657578815486 -30.75856291631826 0
    endloop
  endfacet
  facet normal -0.827080574274566 -0.5620833778521245 0
    outer loop
      vertex 2.629305231718579 -30.58969793004946 -34
      vertex 2.7440657578815486 -30.75856291631826 0
      vertex 2.629305231718579 -30.58969793004946 0
    endloop
  endfacet
  facet normal 0 0 -1
    outer loop
      vertex 2.629305231718579 -30.58969793004946 -34
      vertex 4.381533400219318 -30.091231629491425 -34
      vertex 4.524135262330098 -30.371103542174637 -34
    endloop
  endfacet
  facet normal 0 0 -1
    outer loop
      vertex 2.629305231718579 -30.58969793004946 -34
      vertex 4.524135262330098 -30.371103542174637 -34
      vertex 2.7440657578815486 -30.75856291631826 -34
    endloop
  endfacet
  facet normal 0 0 1
    outer loop
      vertex 2.629305231718579 -30.58969793004946 0
      vertex 2.7440657578815486 -30.75856291631826 0
      vertex 4.327579164942603 -30 0
    endloop
  endfacet
  facet normal -0.8270805742745639 0.5620833778521274 0
    outer loop
      vertex 2.629305231718579 30.58969793004946 -34
      vertex 2.629305231718579 30.58969793004946 0
      vertex 2.7440657578815495 30.75856291631826 -34
    endloop
  endfacet
  facet normal 0 0 -1
    outer loop
      vertex 2.629305231718579 30.58969793004946 -34
      vertex 2.7440657578815495 30.75856291631826 -34
      vertex 4.972546984700349 32 -34
    endloop
  endfacet
  facet normal -0.8270805742745639 0.5620833778521274 7.610361134731939e-20
    outer loop
      vertex 2.629305231718579 30.58969793004946 0
      vertex 2.7440657578815495 30.75856291631826 0
      vertex 2.7440657578815495 30.75856291631826 -34
    endloop
  endfacet
  facet normal 0 0 1
    outer loop
      vertex 2.629305231718579 30.58969793004946 0
      vertex 4.327579164942602 30 0
      vertex 2.7440657578815495 30.75856291631826 0
    endloop
  endfacet
  facet normal -0.8270805742745649 -0.5620833778521259 2.311278223444836e-19
    outer loop
      vertex 2.629305231718579 34.41030206995054 -34
      vertex 2.744065757881549 34.24143708368174 -34
      vertex 2.744065757881549 34.24143708368174 0
    endloop
  endfacet
  facet normal -0.8270805742745649 -0.5620833778521259 0
    outer loop
      vertex 2.629305231718579 34.41030206995054 -34
      vertex 2.744065757881549 34.24143708368174 0
      vertex 2.629305231718579 34.41030206995054 0
    endloop
  endfacet
  facet normal 0 0 -1
    outer loop
      vertex 2.629305231718579 34.41030206995054 -34
      vertex 9 38 -34
      vertex 2.744065757881549 34.24143708368174 -34
    endloop
  endfacet
  facet normal 0 0 1
    outer loop
      vertex 2.629305231718579 34.41030206995054 0
      vertex 2.744065757881549 34.24143708368174 0
      vertex 2.679133974894983 36.72163962751007 0
    endloop
  endfacet
  facet normal 0 0 1
    outer loop
      vertex 2.679133974894981 -36.72163962751008 0
      vertex 2.938926261462366 -36.545084971874736 0
      vertex 2.7440657578815486 -34.24143708368174 0
    endloop
  endfacet
  facet normal 0 0 1
    outer loop
      vertex 2.679133974894981 -36.72163962751008 0
      vertex 28 -38 0
      vertex 2.938926261462366 -36.545084971874736 0
    endloop
  endfacet
  facet normal 0 0 1
    outer loop
      vertex 2.679133974894983 36.72163962751007 0
      vertex 2.744065757881549 34.24143708368174 0
      vertex 2.938926261462366 36.545084971874736 0
    endloop
  endfacet
  facet normal 0 0 1
    outer loop
      vertex 2.679133974894983 36.72163962751007 0
      vertex 2.938926261462366 36.545084971874736 0
      vertex 28 38 0
    endloop
  endfacet
  facet normal -0.8607420270039382 0.5090414157503803 0
    outer loop
      vertex 2.7440657578815486 -34.24143708368174 -34
      vertex 2.7440657578815486 -34.24143708368174 0
      vertex 2.8479967101425565 -34.06569944083058 -34
    endloop
  endfacet
  facet normal 0 0 -1
    outer loop
      vertex 2.7440657578815486 -34.24143708368174 -34
      vertex 2.8479967101425565 -34.06569944083058 -34
      vertex 9 -38 -34
    endloop
  endfacet
  facet normal -0.8607420270039382 0.5090414157503803 -1.7086369043869025e-19
    outer loop
      vertex 2.7440657578815486 -34.24143708368174 0
      vertex 2.8479967101425565 -34.06569944083058 0
      vertex 2.8479967101425565 -34.06569944083058 -34
    endloop
  endfacet
  facet normal 0 0 1
    outer loop
      vertex 2.7440657578815486 -34.24143708368174 0
      vertex 2.938926261462366 -36.545084971874736 0
      vertex 2.8479967101425565 -34.06569944083058 0
    endloop
  endfacet
  facet normal -0.8607420270039429 -0.5090414157503728 -4.169552611496126e-20
    outer loop
      vertex 2.7440657578815486 -30.75856291631826 -34
      vertex 2.8479967101425565 -30.934300559169426 -34
      vertex 2.8479967101425565 -30.934300559169426 0
    endloop
  endfacet
  facet normal -0.8607420270039429 -0.5090414157503728 0
    outer loop
      vertex 2.7440657578815486 -30.75856291631826 -34
      vertex 2.8479967101425565 -30.934300559169426 0
      vertex 2.7440657578815486 -30.75856291631826 0
    endloop
  endfacet
  facet normal 0 0 -1
    outer loop
      vertex 2.7440657578815486 -30.75856291631826 -34
      vertex 4.524135262330098 -30.371103542174637 -34
      vertex 4.648882429441256 -30.65937723657661 -34
    endloop
  endfacet
  facet normal 0 0 -1
    outer loop
      vertex 2.7440657578815486 -30.75856291631826 -34
      vertex 4.648882429441256 -30.65937723657661 -34
      vertex 2.8479967101425565 -30.934300559169426 -34
    endloop
  endfacet
  facet normal 0 0 1
    outer loop
      vertex 2.7440657578815486 -30.75856291631826 0
      vertex 2.8479967101425565 -30.934300559169426 0
      vertex 4.327579164942603 -30 0
    endloop
  endfacet
  facet normal -0.8607420270039392 -0.5090414157503788 -8.182214910224549e-20
    outer loop
      vertex 2.744065757881549 34.24143708368174 -34
      vertex 2.8479967101425565 34.06569944083058 -34
      vertex 2.8479967101425565 34.06569944083058 0
    endloop
  endfacet
  facet normal -0.8607420270039392 -0.5090414157503788 0
    outer loop
      vertex 2.744065757881549 34.24143708368174 -34
      vertex 2.8479967101425565 34.06569944083058 0
      vertex 2.744065757881549 34.24143708368174 0
    endloop
  endfacet
  facet normal 0 0 -1
    outer loop
      vertex 2.744065757881549 34.24143708368174 -34
      vertex 9 38 -34
      vertex 2.8479967101425565 34.06569944083058 -34
    endloop
  endfacet
  facet normal 0 0 1
    outer loop
      vertex 2.744065757881549 34.24143708368174 0
      vertex 2.8479967101425565 34.06569944083058 0
      vertex 2.938926261462366 36.545084971874736 0
    endloop
  endfacet
  facet normal -0.8607420270039448 0.5090414157503695 0
    outer loop
      vertex 2.7440657578815495 30.75856291631826 -34
      vertex 2.7440657578815495 30.75856291631826 0
      vertex 2.8479967101425565 30.934300559169426 -34
    endloop
  endfacet
  facet normal 0 0 -1
    outer loop
      vertex 2.7440657578815495 30.75856291631826 -34
      vertex 2.8479967101425565 30.934300559169426 -34
      vertex 4.972546984700349 32 -34
    endloop
  endfacet
  facet normal -0.8607420270039448 0.5090414157503695 4.7274922330250123e-20
    outer loop
      vertex 2.7440657578815495 30.75856291631826 0
      vertex 2.8479967101425565 30.934300559169426 0
      vertex 2.8479967101425565 30.934300559169426 -34
    endloop
  endfacet
  facet normal 0 0 1
    outer loop
      vertex 2.7440657578815495 30.75856291631826 0
      vertex 4.327579164942602 30 0
      vertex 2.8479967101425565 30.934300559169426 0
    endloop
  endfacet
  facet normal -0.8910065241883736 0.45399049973953587 0
    outer loop
      vertex 2.8479967101425565 -34.06569944083058 -34
      vertex 2.8479967101425565 -34.06569944083058 0
      vertex 2.9406879205145637 -33.88378269758648 -34
    endloop
  endfacet
  facet normal 0 0 -1
    outer loop
      vertex 2.8479967101425565 -34.06569944083058 -34
      vertex 2.9406879205145637 -33.88378269758648 -34
      vertex 9 -38 -34
    endloop
  endfacet
  facet normal 0 0 1
    outer loop
      vertex 2.8479967101425565 -34.06569944083058 0
      vertex 2.938926261462366 -36.545084971874736 0
      vertex 2.9406879205145637 -33.88378269758648 0
    endloop
  endfacet
  facet normal -0.8910065241883736 0.45399049973953587 -1.3385418476785808e-19
    outer loop
      vertex 2.8479967101425565 -34.06569944083058 0
      vertex 2.9406879205145637 -33.88378269758648 0
      vertex 2.9406879205145637 -33.88378269758648 -34
    endloop
  endfacet
  facet normal -0.8910065241883663 -0.4539904997395499 4.9688585509170785e-20
    outer loop
      vertex 2.8479967101425565 -30.934300559169426 -34
      vertex 2.9406879205145637 -31.116217302413514 -34
      vertex 2.9406879205145637 -31.116217302413514 0
    endloop
  endfacet
  facet normal -0.8910065241883663 -0.4539904997395499 0
    outer loop
      vertex 2.8479967101425565 -30.934300559169426 -34
      vertex 2.9406879205145637 -31.116217302413514 0
      vertex 2.8479967101425565 -30.934300559169426 0
    endloop
  endfacet
  facet normal 0 0 -1
    outer loop
      vertex 2.8479967101425565 -30.934300559169426 -34
      vertex 4.648882429441256 -30.65937723657661 -34
      vertex 2.9406879205145637 -31.116217302413514 -34
    endloop
  endfacet
  facet normal 0 0 1
    outer loop
      vertex 2.8479967101425565 -30.934300559169426 0
      vertex 2.9406879205145637 -31.116217302413514 0
      vertex 4.327579164942603 -30 0
    endloop
  endfacet
  facet normal -0.8910065241883663 0.4539904997395499 0
    outer loop
      vertex 2.8479967101425565 30.934300559169426 -34
      vertex 2.8479967101425565 30.934300559169426 0
      vertex 2.9406879205145637 31.116217302413514 -34
    endloop
  endfacet
  facet normal 0 0 -1
    outer loop
      vertex 2.8479967101425565 30.934300559169426 -34
      vertex 2.9406879205145637 31.116217302413514 -34
      vertex 4.972546984700349 32 -34
    endloop
  endfacet
  facet normal -0.8910065241883663 0.4539904997395499 -4.9688585509170785e-20
    outer loop
      vertex 2.8479967101425565 30.934300559169426 0
      vertex 2.9406879205145637 31.116217302413514 0
      vertex 2.9406879205145637 31.116217302413514 -34
    endloop
  endfacet
  facet normal 0 0 1
    outer loop
      vertex 2.8479967101425565 30.934300559169426 0
      vertex 4.327579164942602 30 0
      vertex 2.9406879205145637 31.116217302413514 0
    endloop
  endfacet
  facet normal -0.8910065241883736 -0.45399049973953587 1.3385418476785808e-19
    outer loop
      vertex 2.8479967101425565 34.06569944083058 -34
      vertex 2.9406879205145637 33.88378269758648 -34
      vertex 2.9406879205145637 33.88378269758648 0
    endloop
  endfacet
  facet normal -0.8910065241883736 -0.45399049973953587 0
    outer loop
      vertex 2.8479967101425565 34.06569944083058 -34
      vertex 2.9406879205145637 33.88378269758648 0
      vertex 2.8479967101425565 34.06569944083058 0
    endloop
  endfacet
  facet normal 0 0 -1
    outer loop
      vertex 2.8479967101425565 34.06569944083058 -34
      vertex 9 38 -34
      vertex 2.9406879205145637 33.88378269758648 -34
    endloop
  endfacet
  facet normal 0 0 1
    outer loop
      vertex 2.8479967101425565 34.06569944083058 0
      vertex 2.9406879205145637 33.88378269758648 0
      vertex 2.938926261462366 36.545084971874736 0
    endloop
  endfacet
  facet normal 0 0 1
    outer loop
      vertex 2.938926261462366 -36.545084971874736 0
      vertex 3.021773579136817 -33.6964047962252 0
      vertex 2.9406879205145637 -33.88378269758648 0
    endloop
  endfacet
  facet normal 0 0 1
    outer loop
      vertex 2.938926261462366 -36.545084971874736 0
      vertex 3.18711994874345 -36.352566213878944 0
      vertex 3.021773579136817 -33.6964047962252 0
    endloop
  endfacet
  facet normal 0 0 1
    outer loop
      vertex 2.938926261462366 -36.545084971874736 0
      vertex 28 -38 0
      vertex 3.18711994874345 -36.352566213878944 0
    endloop
  endfacet
  facet normal 0 0 1
    outer loop
      vertex 2.938926261462366 36.545084971874736 0
      vertex 2.9406879205145637 33.88378269758648 0
      vertex 3.1871199487434483 36.352566213878944 0
    endloop
  endfacet
  facet normal 0 0 1
    outer loop
      vertex 2.938926261462366 36.545084971874736 0
      vertex 3.1871199487434483 36.352566213878944 0
      vertex 28 38 0
    endloop
  endfacet
  facet normal -0.9177546256839796 0.3971478906347843 0
    outer loop
      vertex 2.9406879205145637 -33.88378269758648 -34
      vertex 2.9406879205145637 -33.88378269758648 0
      vertex 3.021773579136817 -33.6964047962252 -34
    endloop
  endfacet
  facet normal 0 0 -1
    outer loop
      vertex 2.9406879205145637 -33.88378269758648 -34
      vertex 3.021773579136817 -33.6964047962252 -34
      vertex 4.972546984700349 -32 -34
    endloop
  endfacet
  facet normal 0 0 -1
    outer loop
      vertex 2.9406879205145637 -33.88378269758648 -34
      vertex 4.972546984700349 -32 -34
      vertex 9 -38 -34
    endloop
  endfacet
  facet normal -0.9177546256839796 0.3971478906347843 5.594036524667586e-20
    outer loop
      vertex 2.9406879205145637 -33.88378269758648 0
      vertex 3.021773579136817 -33.6964047962252 0
      vertex 3.021773579136817 -33.6964047962252 -34
    endloop
  endfacet
  facet normal -0.9177546256839824 -0.39714789063477796 -7.179099221012105e-20
    outer loop
      vertex 2.9406879205145637 -31.116217302413514 -34
      vertex 3.021773579136817 -31.303595203774798 -34
      vertex 3.021773579136817 -31.303595203774798 0
    endloop
  endfacet
  facet normal -0.9177546256839824 -0.39714789063477796 0
    outer loop
      vertex 2.9406879205145637 -31.116217302413514 -34
      vertex 3.021773579136817 -31.303595203774798 0
      vertex 2.9406879205145637 -31.116217302413514 0
    endloop
  endfacet
  facet normal 0 0 -1
    outer loop
      vertex 2.9406879205145637 -31.116217302413514 -34
      vertex 4.648882429441256 -30.65937723657661 -34
      vertex 4.755282581475767 -30.954915028125264 -34
    endloop
  endfacet
  facet normal 0 0 -1
    outer loop
      vertex 2.9406879205145637 -31.116217302413514 -34
      vertex 4.755282581475767 -30.954915028125264 -34
      vertex 3.021773579136817 -31.303595203774798 -34
    endloop
  endfacet
  facet normal 0 0 1
    outer loop
      vertex 2.9406879205145637 -31.116217302413514 0
      vertex 3.021773579136817 -31.303595203774798 0
      vertex 4.327579164942603 -30 0
    endloop
  endfacet
  facet normal -0.9177546256839811 0.3971478906347806 0
    outer loop
      vertex 2.9406879205145637 31.116217302413514 -34
      vertex 2.9406879205145637 31.116217302413514 0
      vertex 3.0217735791368163 31.303595203774794 -34
    endloop
  endfacet
  facet normal 0 0 -1
    outer loop
      vertex 2.9406879205145637 31.116217302413514 -34
      vertex 3.0217735791368163 31.303595203774794 -34
      vertex 4.972546984700349 32 -34
    endloop
  endfacet
  facet normal -0.9177546256839811 0.3971478906347806 7.156249833608686e-20
    outer loop
      vertex 2.9406879205145637 31.116217302413514 0
      vertex 3.0217735791368163 31.303595203774794 0
      vertex 3.0217735791368163 31.303595203774794 -34
    endloop
  endfacet
  facet normal 0 0 1
    outer loop
      vertex 2.9406879205145637 31.116217302413514 0
      vertex 4.327579164942602 30 0
      vertex 3.0217735791368163 31.303595203774794 0
    endloop
  endfacet
  facet normal -0.9177546256839805 -0.3971478906347825 -6.375143179138136e-20
    outer loop
      vertex 2.9406879205145637 33.88378269758648 -34
      vertex 3.0217735791368168 33.6964047962252 -34
      vertex 3.0217735791368168 33.6964047962252 0
    endloop
  endfacet
  facet normal -0.9177546256839805 -0.3971478906347825 0
    outer loop
      vertex 2.9406879205145637 33.88378269758648 -34
      vertex 3.0217735791368168 33.6964047962252 0
      vertex 2.9406879205145637 33.88378269758648 0
    endloop
  endfacet
  facet normal 0 0 -1
    outer loop
      vertex 2.9406879205145637 33.88378269758648 -34
      vertex 9 38 -34
      vertex 3.0217735791368168 33.6964047962252 -34
    endloop
  endfacet
  facet normal 0 0 1
    outer loop
      vertex 2.9406879205145637 33.88378269758648 0
      vertex 3.0217735791368168 33.6964047962252 0
      vertex 3.1871199487434483 36.352566213878944 0
    endloop
  endfacet
  facet normal -0.9408807689542262 0.3387379202452893 0
    outer loop
      vertex 3.0217735791368163 31.303595203774794 -34
      vertex 3.0217735791368163 31.303595203774794 0
      vertex 3.090933677959249 31.49569476828142 -34
    endloop
  endfacet
  facet normal 0 0 -1
    outer loop
      vertex 3.0217735791368163 31.303595203774794 -34
      vertex 3.090933677959249 31.49569476828142 -34
      vertex 4.972546984700349 32 -34
    endloop
  endfacet
  facet normal -0.9408807689542262 0.3387379202452893 6.114071820939024e-20
    outer loop
      vertex 3.0217735791368163 31.303595203774794 0
      vertex 3.090933677959249 31.49569476828142 0
      vertex 3.090933677959249 31.49569476828142 -34
    endloop
  endfacet
  facet normal 0 0 1
    outer loop
      vertex 3.0217735791368163 31.303595203774794 0
      vertex 4.327579164942602 30 0
      vertex 3.090933677959249 31.49569476828142 0
    endloop
  endfacet
  facet normal -0.940880768954227 -0.33873792024528737 -1.678702348794248e-20
    outer loop
      vertex 3.0217735791368168 33.6964047962252 -34
      vertex 3.090933677959249 33.504305231718575 -34
      vertex 3.090933677959249 33.504305231718575 0
    endloop
  endfacet
  facet normal -0.940880768954227 -0.33873792024528737 0
    outer loop
      vertex 3.0217735791368168 33.6964047962252 -34
      vertex 3.090933677959249 33.504305231718575 0
      vertex 3.0217735791368168 33.6964047962252 0
    endloop
  endfacet
  facet normal 0 0 -1
    outer loop
      vertex 3.0217735791368168 33.6964047962252 -34
      vertex 9 38 -34
      vertex 3.090933677959249 33.504305231718575 -34
    endloop
  endfacet
  facet normal 0 0 1
    outer loop
      vertex 3.0217735791368168 33.6964047962252 0
      vertex 3.090933677959249 33.504305231718575 0
      vertex 3.1871199487434483 36.352566213878944 0
    endloop
  endfacet
  facet normal -0.9408807689542277 0.3387379202452855 0
    outer loop
      vertex 3.021773579136817 -33.6964047962252 -34
      vertex 3.021773579136817 -33.6964047962252 0
      vertex 3.090933677959249 -33.504305231718575 -34
    endloop
  endfacet
  facet normal 0 0 -1
    outer loop
      vertex 3.021773579136817 -33.6964047962252 -34
      vertex 3.090933677959249 -33.504305231718575 -34
      vertex 4.972546984700349 -32 -34
    endloop
  endfacet
  facet normal -0.9408807689542277 0.3387379202452855 -2.756667123350534e-20
    outer loop
      vertex 3.021773579136817 -33.6964047962252 0
      vertex 3.090933677959249 -33.504305231718575 0
      vertex 3.090933677959249 -33.504305231718575 -34
    endloop
  endfacet
  facet normal 0 0 1
    outer loop
      vertex 3.021773579136817 -33.6964047962252 0
      vertex 3.18711994874345 -36.352566213878944 0
      vertex 3.090933677959249 -33.504305231718575 0
    endloop
  endfacet
  facet normal -0.9408807689542257 -0.33873792024529104 -6.242533038239685e-20
    outer loop
      vertex 3.021773579136817 -31.303595203774798 -34
      vertex 3.090933677959249 -31.49569476828142 -34
      vertex 3.090933677959249 -31.49569476828142 0
    endloop
  endfacet
  facet normal -0.9408807689542257 -0.33873792024529104 0
    outer loop
      vertex 3.021773579136817 -31.303595203774798 -34
      vertex 3.090933677959249 -31.49569476828142 0
      vertex 3.021773579136817 -31.303595203774798 0
    endloop
  endfacet
  facet normal 0 0 -1
    outer loop
      vertex 3.021773579136817 -31.303595203774798 -34
      vertex 4.755282581475767 -30.954915028125264 -34
      vertex 4.842915805643155 -31.256550564175726 -34
    endloop
  endfacet
  facet normal 0 0 -1
    outer loop
      vertex 3.021773579136817 -31.303595203774798 -34
      vertex 4.842915805643155 -31.256550564175726 -34
      vertex 3.090933677959249 -31.49569476828142 -34
    endloop
  endfacet
  facet normal 0 0 1
    outer loop
      vertex 3.021773579136817 -31.303595203774798 0
      vertex 3.090933677959249 -31.49569476828142 0
      vertex 4.327579164942603 -30 0
    endloop
  endfacet
  facet normal -0.9602936856769405 0.27899110603923766 0
    outer loop
      vertex 3.090933677959249 -33.504305231718575 -34
      vertex 3.090933677959249 -33.504305231718575 0
      vertex 3.147895273668051 -33.30824213328578 -34
    endloop
  endfacet
  facet normal 0 0 -1
    outer loop
      vertex 3.090933677959249 -33.504305231718575 -34
      vertex 3.147895273668051 -33.30824213328578 -34
      vertex 4.972546984700349 -32 -34
    endloop
  endfacet
  facet normal -0.9602936856769405 0.27899110603923766 1.0731171304174582e-20
    outer loop
      vertex 3.090933677959249 -33.504305231718575 0
      vertex 3.147895273668051 -33.30824213328578 0
      vertex 3.147895273668051 -33.30824213328578 -34
    endloop
  endfacet
  facet normal 0 0 1
    outer loop
      vertex 3.090933677959249 -33.504305231718575 0
      vertex 3.18711994874345 -36.352566213878944 0
      vertex 3.147895273668051 -33.30824213328578 0
    endloop
  endfacet
  facet normal -0.9602936856769434 -0.2789911060392284 -8.937249323953169e-20
    outer loop
      vertex 3.090933677959249 -31.49569476828142 -34
      vertex 3.147895273668051 -31.691757866714223 -34
      vertex 3.147895273668051 -31.691757866714223 0
    endloop
  endfacet
  facet normal -0.9602936856769434 -0.2789911060392284 0
    outer loop
      vertex 3.090933677959249 -31.49569476828142 -34
      vertex 3.147895273668051 -31.691757866714223 0
      vertex 3.090933677959249 -31.49569476828142 0
    endloop
  endfacet
  facet normal 0 0 -1
    outer loop
      vertex 3.090933677959249 -31.49569476828142 -34
      vertex 4.842915805643155 -31.256550564175726 -34
      vertex 4.911436253643443 -31.563093427071376 -34
    endloop
  endfacet
  facet normal 0 0 -1
    outer loop
      vertex 3.090933677959249 -31.49569476828142 -34
      vertex 4.911436253643443 -31.563093427071376 -34
      vertex 3.147895273668051 -31.691757866714223 -34
    endloop
  endfacet
  facet normal 0 0 1
    outer loop
      vertex 3.090933677959249 -31.49569476828142 0
      vertex 3.147895273668051 -31.691757866714223 0
      vertex 4.327579164942603 -30 0
    endloop
  endfacet
  facet normal -0.9602936856769426 0.27899110603923033 0
    outer loop
      vertex 3.090933677959249 31.49569476828142 -34
      vertex 3.090933677959249 31.49569476828142 0
      vertex 3.1478952736680514 31.691757866714223 -34
    endloop
  endfacet
  facet normal 0 0 -1
    outer loop
      vertex 3.090933677959249 31.49569476828142 -34
      vertex 3.1478952736680514 31.691757866714223 -34
      vertex 4.972546984700349 32 -34
    endloop
  endfacet
  facet normal -0.9602936856769426 0.27899110603923033 -1.1250530525005894e-19
    outer loop
      vertex 3.090933677959249 31.49569476828142 0
      vertex 3.1478952736680514 31.691757866714223 0
      vertex 3.1478952736680514 31.691757866714223 -34
    endloop
  endfacet
  facet normal 0 0 1
    outer loop
      vertex 3.090933677959249 31.49569476828142 0
      vertex 4.327579164942602 30 0
      vertex 3.1478952736680514 31.691757866714223 0
    endloop
  endfacet
  facet normal -0.9602936856769405 -0.27899110603923766 -1.0731171304174582e-20
    outer loop
      vertex 3.090933677959249 33.504305231718575 -34
      vertex 3.147895273668051 33.30824213328578 -34
      vertex 3.147895273668051 33.30824213328578 0
    endloop
  endfacet
  facet normal -0.9602936856769405 -0.27899110603923766 0
    outer loop
      vertex 3.090933677959249 33.504305231718575 -34
      vertex 3.147895273668051 33.30824213328578 0
      vertex 3.090933677959249 33.504305231718575 0
    endloop
  endfacet
  facet normal 0 0 -1
    outer loop
      vertex 3.090933677959249 33.504305231718575 -34
      vertex 9 38 -34
      vertex 3.147895273668051 33.30824213328578 -34
    endloop
  endfacet
  facet normal 0 0 1
    outer loop
      vertex 3.090933677959249 33.504305231718575 0
      vertex 3.147895273668051 33.30824213328578 0
      vertex 3.1871199487434483 36.352566213878944 0
    endloop
  endfacet
  facet normal -0.9759167619387482 0.21814324139653848 0
    outer loop
      vertex 3.147895273668051 -33.30824213328578 -34
      vertex 3.147895273668051 -33.30824213328578 0
      vertex 3.192433564868238 -33.108989272403605 -34
    endloop
  endfacet
  facet normal 0 0 -1
    outer loop
      vertex 3.147895273668051 -33.30824213328578 -34
      vertex 3.192433564868238 -33.108989272403605 -34
      vertex 4.972546984700349 -32 -34
    endloop
  endfacet
  facet normal 0 0 1
    outer loop
      vertex 3.147895273668051 -33.30824213328578 0
      vertex 3.18711994874345 -36.352566213878944 0
      vertex 3.192433564868238 -33.108989272403605 0
    endloop
  endfacet
  facet normal -0.9759167619387482 0.21814324139653848 4.315775174220099e-20
    outer loop
      vertex 3.147895273668051 -33.30824213328578 0
      vertex 3.192433564868238 -33.108989272403605 0
      vertex 3.192433564868238 -33.108989272403605 -34
    endloop
  endfacet
  facet normal -0.9759167619387475 -0.21814324139654223 1.0425073360269937e-20
    outer loop
      vertex 3.147895273668051 -31.691757866714223 -34
      vertex 3.192433564868238 -31.891010727596395 -34
      vertex 3.192433564868238 -31.891010727596395 0
    endloop
  endfacet
  facet normal -0.9759167619387475 -0.21814324139654223 0
    outer loop
      vertex 3.147895273668051 -31.691757866714223 -34
      vertex 3.192433564868238 -31.891010727596395 0
      vertex 3.147895273668051 -31.691757866714223 0
    endloop
  endfacet
  facet normal 0 0 -1
    outer loop
      vertex 3.147895273668051 -31.691757866714223 -34
      vertex 4.911436253643443 -31.563093427071376 -34
      vertex 3.192433564868238 -31.891010727596395 -34
    endloop
  endfacet
  facet normal 0 0 1
    outer loop
      vertex 3.147895273668051 -31.691757866714223 0
      vertex 3.192433564868238 -31.891010727596395 0
      vertex 4.327579164942603 -30 0
    endloop
  endfacet
  facet normal -0.9759167619387479 -0.21814324139654057 -4.533994126837014e-20
    outer loop
      vertex 3.147895273668051 33.30824213328578 -34
      vertex 3.1924335648682383 33.108989272403605 -34
      vertex 3.1924335648682383 33.108989272403605 0
    endloop
  endfacet
  facet normal -0.9759167619387479 -0.21814324139654057 0
    outer loop
      vertex 3.147895273668051 33.30824213328578 -34
      vertex 3.1924335648682383 33.108989272403605 0
      vertex 3.147895273668051 33.30824213328578 0
    endloop
  endfacet
  facet normal 0 0 -1
    outer loop
      vertex 3.147895273668051 33.30824213328578 -34
      vertex 9 38 -34
      vertex 3.1924335648682383 33.108989272403605 -34
    endloop
  endfacet
  facet normal 0 0 1
    outer loop
      vertex 3.147895273668051 33.30824213328578 0
      vertex 3.1924335648682383 33.108989272403605 0
      vertex 3.1871199487434483 36.352566213878944 0
    endloop
  endfacet
  facet normal -0.975916761938748 0.21814324139654012 0
    outer loop
      vertex 3.1478952736680514 31.691757866714223 -34
      vertex 3.1478952736680514 31.691757866714223 0
      vertex 3.192433564868238 31.891010727596395 -34
    endloop
  endfacet
  facet normal 0 0 -1
    outer loop
      vertex 3.1478952736680514 31.691757866714223 -34
      vertex 3.192433564868238 31.891010727596395 -34
      vertex 4.972546984700349 32 -34
    endloop
  endfacet
  facet normal -0.975916761938748 0.21814324139654012 -1.2607262886211866e-20
    outer loop
      vertex 3.1478952736680514 31.691757866714223 0
      vertex 3.192433564868238 31.891010727596395 0
      vertex 3.192433564868238 31.891010727596395 -34
    endloop
  endfacet
  facet normal 0 0 1
    outer loop
      vertex 3.1478952736680514 31.691757866714223 0
      vertex 4.327579164942602 30 0
      vertex 3.192433564868238 31.891010727596395 0
    endloop
  endfacet
  facet normal 0 0 1
    outer loop
      vertex 3.1871199487434483 36.352566213878944 0
      vertex 3.1924335648682383 33.108989272403605 0
      vertex 3.4227355296434423 36.14484313710706 0
    endloop
  endfacet
  facet normal 0 0 1
    outer loop
      vertex 3.1871199487434483 36.352566213878944 0
      vertex 3.4227355296434423 36.14484313710706 0
      vertex 28 38 0
    endloop
  endfacet
  facet normal 0 0 1
    outer loop
      vertex 3.18711994874345 -36.352566213878944 0
      vertex 3.224372779272053 -32.90733300908399 0
      vertex 3.192433564868238 -33.108989272403605 0
    endloop
  endfacet
  facet normal 0 0 1
    outer loop
      vertex 3.18711994874345 -36.352566213878944 0
      vertex 3.2435868673918824 -32.70406918847027 0
      vertex 3.224372779272053 -32.90733300908399 0
    endloop
  endfacet
  facet normal 0 0 1
    outer loop
      vertex 3.18711994874345 -36.352566213878944 0
      vertex 3.25 -32.5 0
      vertex 3.2435868673918824 -32.70406918847027 0
    endloop
  endfacet
  facet normal 0 0 1
    outer loop
      vertex 3.18711994874345 -36.352566213878944 0
      vertex 3.4227355296434423 -36.14484313710706 0
      vertex 4.327579164942603 -30 0
    endloop
  endfacet
  facet normal 0 0 1
    outer loop
      vertex 3.18711994874345 -36.352566213878944 0
      vertex 4.327579164942603 -30 0
      vertex 3.25 -32.5 0
    endloop
  endfacet
  facet normal 0 0 1
    outer loop
      vertex 3.18711994874345 -36.352566213878944 0
      vertex 28 -38 0
      vertex 3.4227355296434423 -36.14484313710706 0
    endloop
  endfacet
  facet normal -0.987688340595137 0.15643446504023495 0
    outer loop
      vertex 3.192433564868238 -33.108989272403605 -34
      vertex 3.192433564868238 -33.108989272403605 0
      vertex 3.224372779272053 -32.90733300908399 -34
    endloop
  endfacet
  facet normal 0 0 -1
    outer loop
      vertex 3.192433564868238 -33.108989272403605 -34
      vertex 3.224372779272053 -32.90733300908399 -34
      vertex 4.972546984700349 -32 -34
    endloop
  endfacet
  facet normal -0.987688340595137 0.15643446504023495 -4.359681819130532e-21
    outer loop
      vertex 3.192433564868238 -33.108989272403605 0
      vertex 3.224372779272053 -32.90733300908399 0
      vertex 3.224372779272053 -32.90733300908399 -34
    endloop
  endfacet
  facet normal -0.9876883405951371 -0.15643446504023478 1.0054949723994384e-18
    outer loop
      vertex 3.192433564868238 -31.891010727596395 -34
      vertex 3.2096957697792616 -32 -34
      vertex 3.224372779272053 -32.09266699091601 0
    endloop
  endfacet
  facet normal -0.987688340595137 -0.15643446504023495 0
    outer loop
      vertex 3.192433564868238 -31.891010727596395 -34
      vertex 3.224372779272053 -32.09266699091601 0
      vertex 3.192433564868238 -31.891010727596395 0
    endloop
  endfacet
  facet normal 0 0 -1
    outer loop
      vertex 3.192433564868238 -31.891010727596395 -34
      vertex 4.911436253643443 -31.563093427071376 -34
      vertex 4.9605735065723895 -31.873333832178478 -34
    endloop
  endfacet
  facet normal 0 0 -1
    outer loop
      vertex 3.192433564868238 -31.891010727596395 -34
      vertex 4.9605735065723895 -31.873333832178478 -34
      vertex 3.2096957697792616 -32 -34
    endloop
  endfacet
  facet normal 0 0 1
    outer loop
      vertex 3.192433564868238 -31.891010727596395 0
      vertex 3.224372779272053 -32.09266699091601 0
      vertex 4.327579164942603 -30 0
    endloop
  endfacet
  facet normal -0.9876883405951371 0.15643446504023478 0
    outer loop
      vertex 3.192433564868238 31.891010727596395 -34
      vertex 3.192433564868238 31.891010727596395 0
      vertex 3.2096957697792616 32 -34
    endloop
  endfacet
  facet normal 0 0 -1
    outer loop
      vertex 3.192433564868238 31.891010727596395 -34
      vertex 3.2096957697792616 32 -34
      vertex 4.972546984700349 32 -34
    endloop
  endfacet
  facet normal -0.987688340595137 0.15643446504023514 1.2486449362859003e-18
    outer loop
      vertex 3.192433564868238 31.891010727596395 0
      vertex 3.224372779272053 32.09266699091601 -34
      vertex 3.2096957697792616 32 -34
    endloop
  endfacet
  facet normal -0.987688340595137 0.15643446504023495 -4.359681819130532e-21
    outer loop
      vertex 3.192433564868238 31.891010727596395 0
      vertex 3.224372779272053 32.09266699091601 0
      vertex 3.224372779272053 32.09266699091601 -34
    endloop
  endfacet
  facet normal 0 0 1
    outer loop
      vertex 3.192433564868238 31.891010727596395 0
      vertex 4.327579164942602 30 0
      vertex 3.224372779272053 32.09266699091601 0
    endloop
  endfacet
  facet normal -0.9876883405951374 -0.15643446504023284 3.534765545792722e-20
    outer loop
      vertex 3.1924335648682383 33.108989272403605 -34
      vertex 3.224372779272053 32.90733300908399 -34
      vertex 3.224372779272053 32.90733300908399 0
    endloop
  endfacet
  facet normal -0.9876883405951374 -0.15643446504023284 0
    outer loop
      vertex 3.1924335648682383 33.108989272403605 -34
      vertex 3.224372779272053 32.90733300908399 0
      vertex 3.1924335648682383 33.108989272403605 0
    endloop
  endfacet
  facet normal 0 0 -1
    outer loop
      vertex 3.1924335648682383 33.108989272403605 -34
      vertex 9 38 -34
      vertex 3.224372779272053 32.90733300908399 -34
    endloop
  endfacet
  facet normal 0 0 1
    outer loop
      vertex 3.1924335648682383 33.108989272403605 0
      vertex 3.224372779272053 32.90733300908399 0
      vertex 3.4227355296434423 36.14484313710706 0
    endloop
  endfacet
  facet normal -0.987688340595137 -0.15643446504023514 -1.5283164223380406e-20
    outer loop
      vertex 3.2096957697792616 -32 -34
      vertex 3.224372779272053 -32.09266699091601 -34
      vertex 3.224372779272053 -32.09266699091601 0
    endloop
  endfacet
  facet normal 0 0 -1
    outer loop
      vertex 3.2096957697792616 -32 -34
      vertex 4.9605735065723895 -31.873333832178478 -34
      vertex 4.972546984700349 -32 -34
    endloop
  endfacet
  facet normal 0 0 -1
    outer loop
      vertex 3.2096957697792616 -32 -34
      vertex 4.972546984700349 -32 -34
      vertex 3.224372779272053 -32.09266699091601 -34
    endloop
  endfacet
  facet normal 0 0 -1
    outer loop
      vertex 3.2096957697792616 32 -34
      vertex 3.224372779272053 32.09266699091601 -34
      vertex 9 38 -34
    endloop
  endfacet
  facet normal 0 0 -1
    outer loop
      vertex 3.2096957697792616 32 -34
      vertex 9 38 -34
      vertex 4.972546984700349 32 -34
    endloop
  endfacet
  facet normal -0.9955619646030801 0.09410831331851352 0
    outer loop
      vertex 3.224372779272053 -32.90733300908399 -34
      vertex 3.224372779272053 -32.90733300908399 0
      vertex 3.2435868673918824 -32.70406918847027 -34
    endloop
  endfacet
  facet normal 0 0 -1
    outer loop
      vertex 3.224372779272053 -32.90733300908399 -34
      vertex 3.2435868673918824 -32.70406918847027 -34
      vertex 4.972546984700349 -32 -34
    endloop
  endfacet
  facet normal -0.9955619646030801 0.09410831331851352 5.171434160198055e-21
    outer loop
      vertex 3.224372779272053 -32.90733300908399 0
      vertex 3.2435868673918824 -32.70406918847027 0
      vertex 3.2435868673918824 -32.70406918847027 -34
    endloop
  endfacet
  facet normal -0.9955619646030801 -0.09410831331851352 -5.171434160198055e-21
    outer loop
      vertex 3.224372779272053 -32.09266699091601 -34
      vertex 3.2435868673918824 -32.29593081152973 -34
      vertex 3.2435868673918824 -32.29593081152973 0
    endloop
  endfacet
  facet normal -0.9955619646030801 -0.09410831331851352 0
    outer loop
      vertex 3.224372779272053 -32.09266699091601 -34
      vertex 3.2435868673918824 -32.29593081152973 0
      vertex 3.224372779272053 -32.09266699091601 0
    endloop
  endfacet
  facet normal 0 0 -1
    outer loop
      vertex 3.224372779272053 -32.09266699091601 -34
      vertex 4.972546984700349 -32 -34
      vertex 3.2435868673918824 -32.29593081152973 -34
    endloop
  endfacet
  facet normal 0 0 1
    outer loop
      vertex 3.224372779272053 -32.09266699091601 0
      vertex 3.2435868673918824 -32.29593081152973 0
      vertex 4.327579164942603 -30 0
    endloop
  endfacet
  facet normal -0.9955619646030801 0.09410831331851352 0
    outer loop
      vertex 3.224372779272053 32.09266699091601 -34
      vertex 3.224372779272053 32.09266699091601 0
      vertex 3.2435868673918824 32.29593081152973 -34
    endloop
  endfacet
  facet normal 0 0 -1
    outer loop
      vertex 3.224372779272053 32.09266699091601 -34
      vertex 3.2435868673918824 32.29593081152973 -34
      vertex 9 38 -34
    endloop
  endfacet
  facet normal -0.9955619646030801 0.09410831331851352 5.171434160198055e-21
    outer loop
      vertex 3.224372779272053 32.09266699091601 0
      vertex 3.2435868673918824 32.29593081152973 0
      vertex 3.2435868673918824 32.29593081152973 -34
    endloop
  endfacet
  facet normal 0 0 1
    outer loop
      vertex 3.224372779272053 32.09266699091601 0
      vertex 4.327579164942602 30 0
      vertex 3.2435868673918824 32.29593081152973 0
    endloop
  endfacet
  facet normal -0.9955619646030801 -0.09410831331851352 -5.171434160198055e-21
    outer loop
      vertex 3.224372779272053 32.90733300908399 -34
      vertex 3.2435868673918824 32.70406918847027 -34
      vertex 3.2435868673918824 32.70406918847027 0
    endloop
  endfacet
  facet normal -0.9955619646030801 -0.09410831331851352 0
    outer loop
      vertex 3.224372779272053 32.90733300908399 -34
      vertex 3.2435868673918824 32.70406918847027 0
      vertex 3.224372779272053 32.90733300908399 0
    endloop
  endfacet
  facet normal 0 0 -1
    outer loop
      vertex 3.224372779272053 32.90733300908399 -34
      vertex 9 38 -34
      vertex 3.2435868673918824 32.70406918847027 -34
    endloop
  endfacet
  facet normal 0 0 1
    outer loop
      vertex 3.224372779272053 32.90733300908399 0
      vertex 3.2435868673918824 32.70406918847027 0
      vertex 3.4227355296434423 36.14484313710706 0
    endloop
  endfacet
  facet normal -0.9995065603657316 0.03141075907812877 0
    outer loop
      vertex 3.2435868673918824 -32.70406918847027 -34
      vertex 3.2435868673918824 -32.70406918847027 0
      vertex 3.25 -32.5 -34
    endloop
  endfacet
  facet normal 0 0 -1
    outer loop
      vertex 3.2435868673918824 -32.70406918847027 -34
      vertex 3.25 -32.5 -34
      vertex 4.972546984700349 -32 -34
    endloop
  endfacet
  facet normal -0.9995065603657316 0.03141075907812877 -7.296210796640105e-22
    outer loop
      vertex 3.2435868673918824 -32.70406918847027 0
      vertex 3.25 -32.5 0
      vertex 3.25 -32.5 -34
    endloop
  endfacet
  facet normal -0.9995065603657316 -0.03141075907812877 7.296210796640105e-22
    outer loop
      vertex 3.2435868673918824 -32.29593081152973 -34
      vertex 3.25 -32.5 -34
      vertex 3.25 -32.5 0
    endloop
  endfacet
  facet normal -0.9995065603657316 -0.03141075907812877 0
    outer loop
      vertex 3.2435868673918824 -32.29593081152973 -34
      vertex 3.25 -32.5 0
      vertex 3.2435868673918824 -32.29593081152973 0
    endloop
  endfacet
  facet normal 0 0 -1
    outer loop
      vertex 3.2435868673918824 -32.29593081152973 -34
      vertex 4.972546984700349 -32 -34
      vertex 3.25 -32.5 -34
    endloop
  endfacet
  facet normal 0 0 1
    outer loop
      vertex 3.2435868673918824 -32.29593081152973 0
      vertex 3.25 -32.5 0
      vertex 4.327579164942603 -30 0
    endloop
  endfacet
  facet normal -0.9995065603657316 0.03141075907812877 0
    outer loop
      vertex 3.2435868673918824 32.29593081152973 -34
      vertex 3.2435868673918824 32.29593081152973 0
      vertex 3.25 32.5 -34
    endloop
  endfacet
  facet normal 0 0 -1
    outer loop
      vertex 3.2435868673918824 32.29593081152973 -34
      vertex 3.25 32.5 -34
      vertex 9 38 -34
    endloop
  endfacet
  facet normal -0.9995065603657316 0.03141075907812877 -7.296210796640105e-22
    outer loop
      vertex 3.2435868673918824 32.29593081152973 0
      vertex 3.25 32.5 0
      vertex 3.25 32.5 -34
    endloop
  endfacet
  facet normal 0 0 1
    outer loop
      vertex 3.2435868673918824 32.29593081152973 0
      vertex 3.4227355296434423 36.14484313710706 0
      vertex 3.25 32.5 0
    endloop
  endfacet
  facet normal 0 0 1
    outer loop
      vertex 3.2435868673918824 32.29593081152973 0
      vertex 4.327579164942602 30 0
      vertex 3.4227355296434423 36.14484313710706 0
    endloop
  endfacet
  facet normal -0.9995065603657316 -0.03141075907812877 7.296210796640105e-22
    outer loop
      vertex 3.2435868673918824 32.70406918847027 -34
      vertex 3.25 32.5 -34
      vertex 3.25 32.5 0
    endloop
  endfacet
  facet normal -0.9995065603657316 -0.03141075907812877 0
    outer loop
      vertex 3.2435868673918824 32.70406918847027 -34
      vertex 3.25 32.5 0
      vertex 3.2435868673918824 32.70406918847027 0
    endloop
  endfacet
  facet normal 0 0 -1
    outer loop
      vertex 3.2435868673918824 32.70406918847027 -34
      vertex 9 38 -34
      vertex 3.25 32.5 -34
    endloop
  endfacet
  facet normal 0 0 1
    outer loop
      vertex 3.2435868673918824 32.70406918847027 0
      vertex 3.25 32.5 0
      vertex 3.4227355296434423 36.14484313710706 0
    endloop
  endfacet
  facet normal 0 0 1
    outer loop
      vertex 3.4227355296434423 -36.14484313710706 0
      vertex 3.6448431371070584 -35.92273552964344 0
      vertex 4.327579164942603 -30 0
    endloop
  endfacet
  facet normal 0 0 1
    outer loop
      vertex 3.4227355296434423 -36.14484313710706 0
      vertex 28 -38 0
      vertex 3.6448431371070584 -35.92273552964344 0
    endloop
  endfacet
  facet normal 0 0 1
    outer loop
      vertex 3.4227355296434423 36.14484313710706 0
      vertex 3.6448431371070584 35.92273552964344 0
      vertex 28 38 0
    endloop
  endfacet
  facet normal 0 0 1
    outer loop
      vertex 3.4227355296434423 36.14484313710706 0
      vertex 4.327579164942602 30 0
      vertex 3.6448431371070584 35.92273552964344 0
    endloop
  endfacet
  facet normal 0 0 1
    outer loop
      vertex 3.6448431371070584 -35.92273552964344 0
      vertex 3.852566213878945 -35.68711994874345 0
      vertex 4.327579164942603 -30 0
    endloop
  endfacet
  facet normal 0 0 1
    outer loop
      vertex 3.6448431371070584 -35.92273552964344 0
      vertex 28 -38 0
      vertex 3.852566213878945 -35.68711994874345 0
    endloop
  endfacet
  facet normal 0 0 1
    outer loop
      vertex 3.6448431371070584 35.92273552964344 0
      vertex 3.852566213878947 35.68711994874345 0
      vertex 28 38 0
    endloop
  endfacet
  facet normal 0 0 1
    outer loop
      vertex 3.6448431371070584 35.92273552964344 0
      vertex 4.327579164942602 30 0
      vertex 3.852566213878947 35.68711994874345 0
    endloop
  endfacet
  facet normal 0 0 1
    outer loop
      vertex 3.852566213878945 -35.68711994874345 0
      vertex 4.045084971874737 -35.43892626146236 0
      vertex 4.327579164942603 -30 0
    endloop
  endfacet
  facet normal 0 0 1
    outer loop
      vertex 3.852566213878945 -35.68711994874345 0
      vertex 28 -38 0
      vertex 4.045084971874737 -35.43892626146236 0
    endloop
  endfacet
  facet normal 0 0 1
    outer loop
      vertex 3.852566213878947 35.68711994874345 0
      vertex 4.045084971874737 35.43892626146236 0
      vertex 28 38 0
    endloop
  endfacet
  facet normal 0 0 1
    outer loop
      vertex 3.852566213878947 35.68711994874345 0
      vertex 4.327579164942602 30 0
      vertex 4.045084971874737 35.43892626146236 0
    endloop
  endfacet
  facet normal 0 0 1
    outer loop
      vertex 4.045084971874737 -35.43892626146236 0
      vertex 4.2216396275100765 -35.17913397489498 0
      vertex 4.327579164942603 -30 0
    endloop
  endfacet
  facet normal 0 0 1
    outer loop
      vertex 4.045084971874737 -35.43892626146236 0
      vertex 28 -38 0
      vertex 4.2216396275100765 -35.17913397489498 0
    endloop
  endfacet
  facet normal 0 0 1
    outer loop
      vertex 4.045084971874737 35.43892626146236 0
      vertex 4.221639627510075 35.17913397489498 0
      vertex 28 38 0
    endloop
  endfacet
  facet normal 0 0 1
    outer loop
      vertex 4.045084971874737 35.43892626146236 0
      vertex 4.327579164942602 30 0
      vertex 4.221639627510075 35.17913397489498 0
    endloop
  endfacet
  facet normal 0 0 1
    outer loop
      vertex 4.221639627510075 35.17913397489498 0
      vertex 4.327579164942602 30 0
      vertex 4.381533400219317 34.908768370508575 0
    endloop
  endfacet
  facet normal 0 0 1
    outer loop
      vertex 4.221639627510075 35.17913397489498 0
      vertex 4.381533400219317 34.908768370508575 0
      vertex 28 38 0
    endloop
  endfacet
  facet normal 0 0 1
    outer loop
      vertex 4.2216396275100765 -35.17913397489498 0
      vertex 4.381533400219317 -34.908768370508575 0
      vertex 4.381533400219318 -30.091231629491425 0
    endloop
  endfacet
  facet normal 0 0 1
    outer loop
      vertex 4.2216396275100765 -35.17913397489498 0
      vertex 4.381533400219318 -30.091231629491425 0
      vertex 4.327579164942603 -30 0
    endloop
  endfacet
  facet normal 0 0 1
    outer loop
      vertex 4.2216396275100765 -35.17913397489498 0
      vertex 28 -38 0
      vertex 4.381533400219317 -34.908768370508575 0
    endloop
  endfacet
  facet normal 0.8607420270039458 -0.5090414157503678 1.318375083794649e-19
    outer loop
      vertex 4.327579164942602 30 -34
      vertex 4.381533400219317 30.091231629491425 -34
      vertex 4.381533400219317 30.091231629491425 -6
    endloop
  endfacet
  facet normal 0.8607420270039458 -0.5090414157503678 0
    outer loop
      vertex 4.327579164942602 30 -34
      vertex 4.381533400219317 30.091231629491425 -6
      vertex 4.327579164942602 30 -6
    endloop
  endfacet
  facet normal 0 0 -1
    outer loop
      vertex 4.327579164942602 30 -6
      vertex 4.381533400219317 30.091231629491425 -6
      vertex 6.25 30 -6
    endloop
  endfacet
  facet normal 0 -1 0
    outer loop
      vertex 4.327579164942602 30 -6
      vertex 6.25 30 -6
      vertex 6.25 30 0
    endloop
  endfacet
  facet normal 0 -1 0
    outer loop
      vertex 4.327579164942602 30 -6
      vertex 6.25 30 0
      vertex 4.327579164942602 30 0
    endloop
  endfacet
  facet normal 0 0 1
    outer loop
      vertex 4.327579164942602 30 0
      vertex 4.381533400219317 30.091231629491425 0
      vertex 4.381533400219317 34.908768370508575 0
    endloop
  endfacet
  facet normal 0 0 1
    outer loop
      vertex 4.327579164942602 30 0
      vertex 6.25 30 0
      vertex 4.381533400219317 30.091231629491425 0
    endloop
  endfacet
  facet normal 0.8607420270039458 0.5090414157503678 0
    outer loop
      vertex 4.327579164942603 -30 -34
      vertex 4.327579164942603 -30 -6
      vertex 4.381533400219318 -30.091231629491425 -34
    endloop
  endfacet
  facet normal 0 1 0
    outer loop
      vertex 4.327579164942603 -30 -6
      vertex 4.327579164942603 -30 0
      vertex 24.75 -30 -6
    endloop
  endfacet
  facet normal 0.8607420270039458 0.5090414157503678 -1.318375083794649e-19
    outer loop
      vertex 4.327579164942603 -30 -6
      vertex 4.381533400219318 -30.091231629491425 -6
      vertex 4.381533400219318 -30.091231629491425 -34
    endloop
  endfacet
  facet normal 0 0 -1
    outer loop
      vertex 4.327579164942603 -30 -6
      vertex 24.75 -30 -6
      vertex 4.381533400219318 -30.091231629491425 -6
    endloop
  endfacet
  facet normal 0 0 1
    outer loop
      vertex 4.327579164942603 -30 0
      vertex 4.381533400219318 -30.091231629491425 0
      vertex 24.75 -30 0
    endloop
  endfacet
  facet normal 0 1 0
    outer loop
      vertex 4.327579164942603 -30 0
      vertex 24.75 -30 0
      vertex 24.75 -30 -6
    endloop
  endfacet
  facet normal 0 0 1
    outer loop
      vertex 4.381533400219317 -34.908768370508575 0
      vertex 4.524135262330098 -34.62889645782536 0
      vertex 4.524135262330098 -30.371103542174637 0
    endloop
  endfacet
  facet normal 0 0 1
    outer loop
      vertex 4.381533400219317 -34.908768370508575 0
      vertex 4.524135262330098 -30.371103542174637 0
      vertex 4.381533400219318 -30.091231629491425 0
    endloop
  endfacet
  facet normal 0 0 1
    outer loop
      vertex 4.381533400219317 -34.908768370508575 0
      vertex 28 -38 0
      vertex 4.524135262330098 -34.62889645782536 0
    endloop
  endfacet
  facet normal 0.8910065241883659 -0.45399049973955075 0
    outer loop
      vertex 4.381533400219317 30.091231629491425 -34
      vertex 4.524135262330098 30.371103542174637 -34
      vertex 4.381533400219317 30.091231629491425 -6
    endloop
  endfacet
  facet normal 0 0 -1
    outer loop
      vertex 4.381533400219317 30.091231629491425 -34
      vertex 4.972546984700349 32 -34
      vertex 4.524135262330098 30.371103542174637 -34
    endloop
  endfacet
  facet normal 0.8910065241883659 -0.45399049973955075 -3.4642223626615544e-19
    outer loop
      vertex 4.381533400219317 30.091231629491425 -6
      vertex 4.524135262330098 30.371103542174637 -34
      vertex 4.524135262330098 30.371103542174637 -6
    endloop
  endfacet
  facet normal 0 0 -1
    outer loop
      vertex 4.381533400219317 30.091231629491425 -6
      vertex 4.524135262330098 30.371103542174637 -6
      vertex 6.25 30 -6
    endloop
  endfacet
  facet normal 0 0 1
    outer loop
      vertex 4.381533400219317 30.091231629491425 0
      vertex 4.524135262330098 30.371103542174637 0
      vertex 4.524135262330098 34.62889645782536 0
    endloop
  endfacet
  facet normal 0 0 1
    outer loop
      vertex 4.381533400219317 30.091231629491425 0
      vertex 4.524135262330098 34.62889645782536 0
      vertex 4.381533400219317 34.908768370508575 0
    endloop
  endfacet
  facet normal 0 0 1
    outer loop
      vertex 4.381533400219317 30.091231629491425 0
      vertex 6.25 30 0
      vertex 4.524135262330098 30.371103542174637 0
    endloop
  endfacet
  facet normal 0 0 1
    outer loop
      vertex 4.381533400219317 34.908768370508575 0
      vertex 4.524135262330098 34.62889645782536 0
      vertex 28 38 0
    endloop
  endfacet
  facet normal 0.8910065241883669 0.45399049973954847 0
    outer loop
      vertex 4.381533400219318 -30.091231629491425 -34
      vertex 4.381533400219318 -30.091231629491425 -6
      vertex 4.524135262330098 -30.371103542174637 -6
    endloop
  endfacet
  facet normal 0.8910065241883669 0.45399049973954847 2.0725388267879394e-19
    outer loop
      vertex 4.381533400219318 -30.091231629491425 -34
      vertex 4.524135262330098 -30.371103542174637 -6
      vertex 4.524135262330098 -30.371103542174637 -34
    endloop
  endfacet
  facet normal 0 0 -1
    outer loop
      vertex 4.381533400219318 -30.091231629491425 -6
      vertex 24.75 -30 -6
      vertex 28 -32 -6
    endloop
  endfacet
  facet normal 0 0 -1
    outer loop
      vertex 4.381533400219318 -30.091231629491425 -6
      vertex 28 -32 -6
      vertex 4.524135262330098 -30.371103542174637 -6
    endloop
  endfacet
  facet normal 0 0 1
    outer loop
      vertex 4.381533400219318 -30.091231629491425 0
      vertex 4.524135262330098 -30.371103542174637 0
      vertex 24.75 -30 0
    endloop
  endfacet
  facet normal 0 0 1
    outer loop
      vertex 4.524135262330098 -34.62889645782536 0
      vertex 4.648882429441256 -34.34062276342339 0
      vertex 4.648882429441256 -30.65937723657661 0
    endloop
  endfacet
  facet normal 0 0 1
    outer loop
      vertex 4.524135262330098 -34.62889645782536 0
      vertex 4.648882429441256 -30.65937723657661 0
      vertex 4.524135262330098 -30.371103542174637 0
    endloop
  endfacet
  facet normal 0 0 1
    outer loop
      vertex 4.524135262330098 -34.62889645782536 0
      vertex 28 -38 0
      vertex 4.648882429441256 -34.34062276342339 0
    endloop
  endfacet
  facet normal 0.9177546256839824 0.3971478906347778 0
    outer loop
      vertex 4.524135262330098 -30.371103542174637 -34
      vertex 4.524135262330098 -30.371103542174637 -6
      vertex 4.648882429441256 -30.65937723657661 -6
    endloop
  endfacet
  facet normal 0.9177546256839824 0.3971478906347778 1.7818337019717567e-20
    outer loop
      vertex 4.524135262330098 -30.371103542174637 -34
      vertex 4.648882429441256 -30.65937723657661 -6
      vertex 4.648882429441256 -30.65937723657661 -34
    endloop
  endfacet
  facet normal 0 0 -1
    outer loop
      vertex 4.524135262330098 -30.371103542174637 -6
      vertex 28 -32 -6
      vertex 4.648882429441256 -30.65937723657661 -6
    endloop
  endfacet
  facet normal 0 0 1
    outer loop
      vertex 4.524135262330098 -30.371103542174637 0
      vertex 4.648882429441256 -30.65937723657661 0
      vertex 25.263157894736842 -32 0
    endloop
  endfacet
  facet normal 0 0 1
    outer loop
      vertex 4.524135262330098 -30.371103542174637 0
      vertex 25.263157894736842 -32 0
      vertex 24.75 -30 0
    endloop
  endfacet
  facet normal 0.9177546256839813 -0.3971478906347802 0
    outer loop
      vertex 4.524135262330098 30.371103542174637 -34
      vertex 4.648882429441257 30.65937723657661 -34
      vertex 4.524135262330098 30.371103542174637 -6
    endloop
  endfacet
  facet normal 0 0 -1
    outer loop
      vertex 4.524135262330098 30.371103542174637 -34
      vertex 4.972546984700349 32 -34
      vertex 4.648882429441257 30.65937723657661 -34
    endloop
  endfacet
  facet normal 0.9177546256839813 -0.3971478906347802 -9.747713297604085e-20
    outer loop
      vertex 4.524135262330098 30.371103542174637 -6
      vertex 4.648882429441257 30.65937723657661 -34
      vertex 4.648882429441257 30.65937723657661 -6
    endloop
  endfacet
  facet normal 0 0 -1
    outer loop
      vertex 4.524135262330098 30.371103542174637 -6
      vertex 4.648882429441257 30.65937723657661 -6
      vertex 28 32 -6
    endloop
  endfacet
  facet normal 0 0 -1
    outer loop
      vertex 4.524135262330098 30.371103542174637 -6
      vertex 28 32 -6
      vertex 6.25 30 -6
    endloop
  endfacet
  facet normal 0 0 1
    outer loop
      vertex 4.524135262330098 30.371103542174637 0
      vertex 4.648882429441257 30.65937723657661 0
      vertex 4.648882429441257 34.34062276342339 0
    endloop
  endfacet
  facet normal 0 0 1
    outer loop
      vertex 4.524135262330098 30.371103542174637 0
      vertex 4.648882429441257 34.34062276342339 0
      vertex 4.524135262330098 34.62889645782536 0
    endloop
  endfacet
  facet normal 0 0 1
    outer loop
      vertex 4.524135262330098 30.371103542174637 0
      vertex 6.25 30 0
      vertex 4.648882429441257 30.65937723657661 0
    endloop
  endfacet
  facet normal 0 0 1
    outer loop
      vertex 4.524135262330098 34.62889645782536 0
      vertex 4.648882429441257 34.34062276342339 0
      vertex 28 32 0
    endloop
  endfacet
  facet normal 0 0 1
    outer loop
      vertex 4.524135262330098 34.62889645782536 0
      vertex 28 32 0
      vertex 28 38 0
    endloop
  endfacet
  facet normal 0 0 1
    outer loop
      vertex 4.648882429441256 -34.34062276342339 0
      vertex 4.755282581475767 -34.045084971874736 0
      vertex 4.755282581475767 -30.954915028125264 0
    endloop
  endfacet
  facet normal 0 0 1
    outer loop
      vertex 4.648882429441256 -34.34062276342339 0
      vertex 4.755282581475767 -30.954915028125264 0
      vertex 4.648882429441256 -30.65937723657661 0
    endloop
  endfacet
  facet normal 0 0 1
    outer loop
      vertex 4.648882429441256 -34.34062276342339 0
      vertex 28 -38 0
      vertex 4.755282581475767 -34.045084971874736 0
    endloop
  endfacet
  facet normal 0.9408807689542257 0.3387379202452909 0
    outer loop
      vertex 4.648882429441256 -30.65937723657661 -34
      vertex 4.648882429441256 -30.65937723657661 -6
      vertex 4.755282581475767 -30.954915028125264 -6
    endloop
  endfacet
  facet normal 0.9408807689542257 0.3387379202452909 2.0961282488685377e-19
    outer loop
      vertex 4.648882429441256 -30.65937723657661 -34
      vertex 4.755282581475767 -30.954915028125264 -6
      vertex 4.755282581475767 -30.954915028125264 -34
    endloop
  endfacet
  facet normal 0 0 -1
    outer loop
      vertex 4.648882429441256 -30.65937723657661 -6
      vertex 28 -32 -6
      vertex 4.755282581475767 -30.954915028125264 -6
    endloop
  endfacet
  facet normal 0 0 1
    outer loop
      vertex 4.648882429441256 -30.65937723657661 0
      vertex 4.755282581475767 -30.954915028125264 0
      vertex 25.263157894736842 -32 0
    endloop
  endfacet
  facet normal 0.9408807689542265 -0.33873792024528837 0
    outer loop
      vertex 4.648882429441257 30.65937723657661 -34
      vertex 4.755282581475767 30.954915028125264 -34
      vertex 4.648882429441257 30.65937723657661 -6
    endloop
  endfacet
  facet normal 0 0 -1
    outer loop
      vertex 4.648882429441257 30.65937723657661 -34
      vertex 4.972546984700349 32 -34
      vertex 4.755282581475767 30.954915028125264 -34
    endloop
  endfacet
  facet normal 0.9408807689542265 -0.33873792024528837 -7.457268896078217e-20
    outer loop
      vertex 4.648882429441257 30.65937723657661 -6
      vertex 4.755282581475767 30.954915028125264 -34
      vertex 4.755282581475767 30.954915028125264 -6
    endloop
  endfacet
  facet normal 0 0 -1
    outer loop
      vertex 4.648882429441257 30.65937723657661 -6
      vertex 4.755282581475767 30.954915028125264 -6
      vertex 28 32 -6
    endloop
  endfacet
  facet normal 0 0 1
    outer loop
      vertex 4.648882429441257 30.65937723657661 0
      vertex 4.755282581475767 30.954915028125264 0
      vertex 4.755282581475767 34.045084971874736 0
    endloop
  endfacet
  facet normal 0 0 1
    outer loop
      vertex 4.648882429441257 30.65937723657661 0
      vertex 4.755282581475767 34.045084971874736 0
      vertex 4.648882429441257 34.34062276342339 0
    endloop
  endfacet
  facet normal 0 0 1
    outer loop
      vertex 4.648882429441257 30.65937723657661 0
      vertex 6.25 30 0
      vertex 4.755282581475767 30.954915028125264 0
    endloop
  endfacet
  facet normal 0 0 1
    outer loop
      vertex 4.648882429441257 34.34062276342339 0
      vertex 4.755282581475767 34.045084971874736 0
      vertex 28 32 0
    endloop
  endfacet
  facet normal 0 0 1
    outer loop
      vertex 4.755282581475767 -34.045084971874736 0
      vertex 4.842915805643155 -31.256550564175726 0
      vertex 4.755282581475767 -30.954915028125264 0
    endloop
  endfacet
  facet normal 0 0 1
    outer loop
      vertex 4.755282581475767 -34.045084971874736 0
      vertex 4.842915805643156 -33.743449435824274 0
      vertex 4.842915805643155 -31.256550564175726 0
    endloop
  endfacet
  facet normal 0 0 1
    outer loop
      vertex 4.755282581475767 -34.045084971874736 0
      vertex 28 -38 0
      vertex 4.842915805643156 -33.743449435824274 0
    endloop
  endfacet
  facet normal 0.9602936856769425 0.27899110603923133 0
    outer loop
      vertex 4.755282581475767 -30.954915028125264 -34
      vertex 4.755282581475767 -30.954915028125264 -6
      vertex 4.842915805643155 -31.256550564175726 -6
    endloop
  endfacet
  facet normal 0.9602936856769425 0.27899110603923133 1.5823496291431848e-21
    outer loop
      vertex 4.755282581475767 -30.954915028125264 -34
      vertex 4.842915805643155 -31.256550564175726 -6
      vertex 4.842915805643155 -31.256550564175726 -34
    endloop
  endfacet
  facet normal 0 0 -1
    outer loop
      vertex 4.755282581475767 -30.954915028125264 -6
      vertex 28 -32 -6
      vertex 4.842915805643155 -31.256550564175726 -6
    endloop
  endfacet
  facet normal 0 0 1
    outer loop
      vertex 4.755282581475767 -30.954915028125264 0
      vertex 4.842915805643155 -31.256550564175726 0
      vertex 25.263157894736842 -32 0
    endloop
  endfacet
  facet normal 0.9602936856769425 -0.27899110603923133 0
    outer loop
      vertex 4.755282581475767 30.954915028125264 -34
      vertex 4.842915805643155 31.256550564175726 -34
      vertex 4.755282581475767 30.954915028125264 -6
    endloop
  endfacet
  facet normal 0 0 -1
    outer loop
      vertex 4.755282581475767 30.954915028125264 -34
      vertex 4.972546984700349 32 -34
      vertex 4.842915805643155 31.256550564175726 -34
    endloop
  endfacet
  facet normal 0.9602936856769425 -0.27899110603923133 -1.5823496291431848e-21
    outer loop
      vertex 4.755282581475767 30.954915028125264 -6
      vertex 4.842915805643155 31.256550564175726 -34
      vertex 4.842915805643155 31.256550564175726 -6
    endloop
  endfacet
  facet normal 0 0 -1
    outer loop
      vertex 4.755282581475767 30.954915028125264 -6
      vertex 4.842915805643155 31.256550564175726 -6
      vertex 28 32 -6
    endloop
  endfacet
  facet normal 0 0 1
    outer loop
      vertex 4.755282581475767 30.954915028125264 0
      vertex 4.842915805643155 31.256550564175726 0
      vertex 4.842915805643155 33.743449435824274 0
    endloop
  endfacet
  facet normal 0 0 1
    outer loop
      vertex 4.755282581475767 30.954915028125264 0
      vertex 4.842915805643155 33.743449435824274 0
      vertex 4.755282581475767 34.045084971874736 0
    endloop
  endfacet
  facet normal 0 0 1
    outer loop
      vertex 4.755282581475767 30.954915028125264 0
      vertex 6.25 30 0
      vertex 28 32 0
    endloop
  endfacet
  facet normal 0 0 1
    outer loop
      vertex 4.755282581475767 30.954915028125264 0
      vertex 28 32 0
      vertex 4.842915805643155 31.256550564175726 0
    endloop
  endfacet
  facet normal 0 0 1
    outer loop
      vertex 4.755282581475767 34.045084971874736 0
      vertex 4.842915805643155 33.743449435824274 0
      vertex 28 32 0
    endloop
  endfacet
  facet normal 0.9759167619387473 0.2181432413965431 0
    outer loop
      vertex 4.842915805643155 -31.256550564175726 -34
      vertex 4.842915805643155 -31.256550564175726 -6
      vertex 4.911436253643443 -31.563093427071376 -6
    endloop
  endfacet
  facet normal 0.9759167619387473 0.2181432413965431 -2.8737719618611015e-20
    outer loop
      vertex 4.842915805643155 -31.256550564175726 -34
      vertex 4.911436253643443 -31.563093427071376 -6
      vertex 4.911436253643443 -31.563093427071376 -34
    endloop
  endfacet
  facet normal 0 0 -1
    outer loop
      vertex 4.842915805643155 -31.256550564175726 -6
      vertex 28 -32 -6
      vertex 4.911436253643443 -31.563093427071376 -6
    endloop
  endfacet
  facet normal 0 0 1
    outer loop
      vertex 4.842915805643155 -31.256550564175726 0
      vertex 4.842915805643156 -33.743449435824274 0
      vertex 4.911436253643443 -31.563093427071376 0
    endloop
  endfacet
  facet normal 0 0 1
    outer loop
      vertex 4.842915805643155 -31.256550564175726 0
      vertex 4.911436253643443 -31.563093427071376 0
      vertex 25.263157894736842 -32 0
    endloop
  endfacet
  facet normal 0.9759167619387473 -0.2181432413965431 0
    outer loop
      vertex 4.842915805643155 31.256550564175726 -34
      vertex 4.911436253643443 31.563093427071376 -34
      vertex 4.842915805643155 31.256550564175726 -6
    endloop
  endfacet
  facet normal 0 0 -1
    outer loop
      vertex 4.842915805643155 31.256550564175726 -34
      vertex 4.972546984700349 32 -34
      vertex 4.911436253643443 31.563093427071376 -34
    endloop
  endfacet
  facet normal 0.9759167619387473 -0.2181432413965431 2.8737719618611015e-20
    outer loop
      vertex 4.842915805643155 31.256550564175726 -6
      vertex 4.911436253643443 31.563093427071376 -34
      vertex 4.911436253643443 31.563093427071376 -6
    endloop
  endfacet
  facet normal 0 0 -1
    outer loop
      vertex 4.842915805643155 31.256550564175726 -6
      vertex 4.911436253643443 31.563093427071376 -6
      vertex 28 32 -6
    endloop
  endfacet
  facet normal 0 0 1
    outer loop
      vertex 4.842915805643155 31.256550564175726 0
      vertex 4.911436253643443 31.563093427071376 0
      vertex 4.911436253643443 33.43690657292862 0
    endloop
  endfacet
  facet normal 0 0 1
    outer loop
      vertex 4.842915805643155 31.256550564175726 0
      vertex 4.911436253643443 33.43690657292862 0
      vertex 4.842915805643155 33.743449435824274 0
    endloop
  endfacet
  facet normal 0 0 1
    outer loop
      vertex 4.842915805643155 31.256550564175726 0
      vertex 28 32 0
      vertex 4.911436253643443 31.563093427071376 0
    endloop
  endfacet
  facet normal 0 0 1
    outer loop
      vertex 4.842915805643155 33.743449435824274 0
      vertex 4.911436253643443 33.43690657292862 0
      vertex 28 32 0
    endloop
  endfacet
  facet normal 0 0 1
    outer loop
      vertex 4.842915805643156 -33.743449435824274 0
      vertex 4.911436253643443 -33.43690657292862 0
      vertex 4.911436253643443 -31.563093427071376 0
    endloop
  endfacet
  facet normal 0 0 1
    outer loop
      vertex 4.842915805643156 -33.743449435824274 0
      vertex 28 -38 0
      vertex 4.911436253643443 -33.43690657292862 0
    endloop
  endfacet
  facet normal 0 0 1
    outer loop
      vertex 4.911436253643443 -33.43690657292862 0
      vertex 4.9605735065723895 -33.12666616782152 0
      vertex 4.9605735065723895 -31.873333832178478 0
    endloop
  endfacet
  facet normal 0 0 1
    outer loop
      vertex 4.911436253643443 -33.43690657292862 0
      vertex 4.9605735065723895 -31.873333832178478 0
      vertex 4.911436253643443 -31.563093427071376 0
    endloop
  endfacet
  facet normal 0 0 1
    outer loop
      vertex 4.911436253643443 -33.43690657292862 0
      vertex 28 -38 0
      vertex 4.9605735065723895 -33.12666616782152 0
    endloop
  endfacet
  facet normal 0.9876883405951374 0.1564344650402323 0
    outer loop
      vertex 4.911436253643443 -31.563093427071376 -34
      vertex 4.911436253643443 -31.563093427071376 -6
      vertex 4.9605735065723895 -31.873333832178478 -6
    endloop
  endfacet
  facet normal 0.9876883405951374 0.1564344650402323 9.429508381684785e-20
    outer loop
      vertex 4.911436253643443 -31.563093427071376 -34
      vertex 4.9605735065723895 -31.873333832178478 -6
      vertex 4.9605735065723895 -31.873333832178478 -34
    endloop
  endfacet
  facet normal 0 0 -1
    outer loop
      vertex 4.911436253643443 -31.563093427071376 -6
      vertex 28 -32 -6
      vertex 4.9605735065723895 -31.873333832178478 -6
    endloop
  endfacet
  facet normal 0 0 1
    outer loop
      vertex 4.911436253643443 -31.563093427071376 0
      vertex 4.9605735065723895 -31.873333832178478 0
      vertex 25.263157894736842 -32 0
    endloop
  endfacet
  facet normal 0.9876883405951378 -0.15643446504023056 0
    outer loop
      vertex 4.911436253643443 31.563093427071376 -34
      vertex 4.9605735065723895 31.87333383217848 -34
      vertex 4.911436253643443 31.563093427071376 -6
    endloop
  endfacet
  facet normal 0 0 -1
    outer loop
      vertex 4.911436253643443 31.563093427071376 -34
      vertex 4.972546984700349 32 -34
      vertex 4.9605735065723895 31.87333383217848 -34
    endloop
  endfacet
  facet normal 0.9876883405951378 -0.15643446504023056 3.057603108348925e-20
    outer loop
      vertex 4.911436253643443 31.563093427071376 -6
      vertex 4.9605735065723895 31.87333383217848 -34
      vertex 4.9605735065723895 31.87333383217848 -6
    endloop
  endfacet
  facet normal 0 0 -1
    outer loop
      vertex 4.911436253643443 31.563093427071376 -6
      vertex 4.9605735065723895 31.87333383217848 -6
      vertex 28 32 -6
    endloop
  endfacet
  facet normal 0 0 1
    outer loop
      vertex 4.911436253643443 31.563093427071376 0
      vertex 4.9605735065723895 31.87333383217848 0
      vertex 4.9605735065723895 33.12666616782152 0
    endloop
  endfacet
  facet normal 0 0 1
    outer loop
      vertex 4.911436253643443 31.563093427071376 0
      vertex 4.9605735065723895 33.12666616782152 0
      vertex 4.911436253643443 33.43690657292862 0
    endloop
  endfacet
  facet normal 0 0 1
    outer loop
      vertex 4.911436253643443 31.563093427071376 0
      vertex 28 32 0
      vertex 4.9605735065723895 31.87333383217848 0
    endloop
  endfacet
  facet normal 0 0 1
    outer loop
      vertex 4.911436253643443 33.43690657292862 0
      vertex 4.9605735065723895 33.12666616782152 0
      vertex 28 32 0
    endloop
  endfacet
  facet normal 0 0 1
    outer loop
      vertex 4.9605735065723895 -33.12666616782152 0
      vertex 4.972546984700349 -32 0
      vertex 4.9605735065723895 -31.873333832178478 0
    endloop
  endfacet
  facet normal 0 0 1
    outer loop
      vertex 4.9605735065723895 -33.12666616782152 0
      vertex 4.990133642141358 -32.81395259764657 0
      vertex 4.990133642141358 -32.18604740235343 0
    endloop
  endfacet
  facet normal 0 0 1
    outer loop
      vertex 4.9605735065723895 -33.12666616782152 0
      vertex 4.990133642141358 -32.18604740235343 0
      vertex 4.972546984700349 -32 0
    endloop
  endfacet
  facet normal 0 0 1
    outer loop
      vertex 4.9605735065723895 -33.12666616782152 0
      vertex 28 -38 0
      vertex 4.990133642141358 -32.81395259764657 0
    endloop
  endfacet
  facet normal 0.9955619646030798 0.09410831331851606 0
    outer loop
      vertex 4.9605735065723895 -31.873333832178478 -34
      vertex 4.9605735065723895 -31.873333832178478 -6
      vertex 4.972546984700349 -32 -6
    endloop
  endfacet
  facet normal 0.9955619646030798 0.09410831331851606 4.4365098822898896e-21
    outer loop
      vertex 4.9605735065723895 -31.873333832178478 -34
      vertex 4.972546984700349 -32 -6
      vertex 4.972546984700349 -32 -34
    endloop
  endfacet
  facet normal 0 0 -1
    outer loop
      vertex 4.9605735065723895 -31.873333832178478 -6
      vertex 28 -32 -6
      vertex 4.972546984700349 -32 -6
    endloop
  endfacet
  facet normal 0 0 1
    outer loop
      vertex 4.9605735065723895 -31.873333832178478 0
      vertex 4.972546984700349 -32 0
      vertex 25.263157894736842 -32 0
    endloop
  endfacet
  facet normal 0.9955619646030796 -0.09410831331851867 0
    outer loop
      vertex 4.9605735065723895 31.87333383217848 -34
      vertex 4.972546984700349 32 -34
      vertex 4.9605735065723895 31.87333383217848 -6
    endloop
  endfacet
  facet normal 0.9955619646030796 -0.09410831331851867 -1.4995038127633326e-20
    outer loop
      vertex 4.9605735065723895 31.87333383217848 -6
      vertex 4.972546984700349 32 -34
      vertex 4.972546984700349 32 -6
    endloop
  endfacet
  facet normal 0 0 -1
    outer loop
      vertex 4.9605735065723895 31.87333383217848 -6
      vertex 4.972546984700349 32 -6
      vertex 28 32 -6
    endloop
  endfacet
  facet normal 0 0 1
    outer loop
      vertex 4.9605735065723895 31.87333383217848 0
      vertex 4.972546984700349 32 0
      vertex 4.990133642141358 32.81395259764657 0
    endloop
  endfacet
  facet normal 0 0 1
    outer loop
      vertex 4.9605735065723895 31.87333383217848 0
      vertex 4.990133642141358 32.81395259764657 0
      vertex 4.9605735065723895 33.12666616782152 0
    endloop
  endfacet
  facet normal 0 0 1
    outer loop
      vertex 4.9605735065723895 31.87333383217848 0
      vertex 28 32 0
      vertex 4.972546984700349 32 0
    endloop
  endfacet
  facet normal 0 0 1
    outer loop
      vertex 4.9605735065723895 33.12666616782152 0
      vertex 4.990133642141358 32.81395259764657 0
      vertex 28 32 0
    endloop
  endfacet
  facet normal 0 1 0
    outer loop
      vertex 4.972546984700349 -32 -34
      vertex 4.972546984700349 -32 -6
      vertex 28 -32 -6
    endloop
  endfacet
  facet normal 0 0 -1
    outer loop
      vertex 4.972546984700349 -32 -34
      vertex 9 -32 -34
      vertex 9 -38 -34
    endloop
  endfacet
  facet normal 0 1 0
    outer loop
      vertex 4.972546984700349 -32 -34
      vertex 28 -32 -6
      vertex 9 -32 -34
    endloop
  endfacet
  facet normal 0 0 1
    outer loop
      vertex 4.972546984700349 -32 0
      vertex 4.990133642141358 -32.18604740235343 0
      vertex 25.263157894736842 -32 0
    endloop
  endfacet
  facet normal 0 -1 0
    outer loop
      vertex 4.972546984700349 32 -34
      vertex 9 32 -34
      vertex 28 32 -6
    endloop
  endfacet
  facet normal 0 0 -1
    outer loop
      vertex 4.972546984700349 32 -34
      vertex 9 38 -34
      vertex 9 32 -34
    endloop
  endfacet
  facet normal 0 -1 0
    outer loop
      vertex 4.972546984700349 32 -34
      vertex 28 32 -6
      vertex 4.972546984700349 32 -6
    endloop
  endfacet
  facet normal 0 0 1
    outer loop
      vertex 4.972546984700349 32 0
      vertex 4.990133642141358 32.18604740235343 0
      vertex 4.990133642141358 32.81395259764657 0
    endloop
  endfacet
  facet normal 0 0 1
    outer loop
      vertex 4.972546984700349 32 0
      vertex 28 32 0
      vertex 4.990133642141358 32.18604740235343 0
    endloop
  endfacet
  facet normal 0 0 1
    outer loop
      vertex 4.990133642141358 -32.81395259764657 0
      vertex 5 -32.5 0
      vertex 4.990133642141358 -32.18604740235343 0
    endloop
  endfacet
  facet normal 0 0 1
    outer loop
      vertex 4.990133642141358 -32.81395259764657 0
      vertex 28 -38 0
      vertex 5 -32.5 0
    endloop
  endfacet
  facet normal 0 0 1
    outer loop
      vertex 4.990133642141358 -32.18604740235343 0
      vertex 5 -32.5 0
      vertex 28 -32 0
    endloop
  endfacet
  facet normal 0 0 1
    outer loop
      vertex 4.990133642141358 -32.18604740235343 0
      vertex 28 -32 0
      vertex 25.263157894736842 -32 0
    endloop
  endfacet
  facet normal 0 0 1
    outer loop
      vertex 4.990133642141358 32.18604740235343 0
      vertex 5 32.5 0
      vertex 4.990133642141358 32.81395259764657 0
    endloop
  endfacet
  facet normal 0 0 1
    outer loop
      vertex 4.990133642141358 32.18604740235343 0
      vertex 28 32 0
      vertex 5 32.5 0
    endloop
  endfacet
  facet normal 0 0 1
    outer loop
      vertex 4.990133642141358 32.81395259764657 0
      vertex 5 32.5 0
      vertex 28 32 0
    endloop
  endfacet
  facet normal 0 0 1
    outer loop
      vertex 5 -32.5 0
      vertex 28 -38 0
      vertex 28 -32 0
    endloop
  endfacet
  facet normal -1 0 0
    outer loop
      vertex 6.25 24.75 -6
      vertex 6.25 24.75 0
      vertex 6.25 30 -6
    endloop
  endfacet
  facet normal 0 0 -1
    outer loop
      vertex 6.25 24.75 -6
      vertex 6.25 30 -6
      vertex 28 32 -6
    endloop
  endfacet
  facet normal 0 -1 0
    outer loop
      vertex 6.25 24.75 -6
      vertex 24.75 24.75 -6
      vertex 24.75 24.75 0
    endloop
  endfacet
  facet normal 0 -1 0
    outer loop
      vertex 6.25 24.75 -6
      vertex 24.75 24.75 0
      vertex 6.25 24.75 0
    endloop
  endfacet
  facet normal 0 0 -1
    outer loop
      vertex 6.25 24.75 -6
      vertex 28 32 -6
      vertex 24.75 24.75 -6
    endloop
  endfacet
  facet normal -1 0 0
    outer loop
      vertex 6.25 24.75 0
      vertex 6.25 30 0
      vertex 6.25 30 -6
    endloop
  endfacet
  facet normal 0 0 1
    outer loop
      vertex 6.25 24.75 0
      vertex 24.75 24.75 0
      vertex 6.25 30 0
    endloop
  endfacet
  facet normal 0 0 1
    outer loop
      vertex 6.25 30 0
      vertex 24.75 24.75 0
      vertex 28 32 0
    endloop
  endfacet
  facet normal -1 0 0
    outer loop
      vertex 9 -38 -42
      vertex 9 -38 -34
      vertex 9 -32 -34
    endloop
  endfacet
  facet normal 0 0 -1
    outer loop
      vertex 9 -38 -42
      vertex 9 -32 -42
      vertex 28 -38 -42
    endloop
  endfacet
  facet normal -1 0 0
    outer loop
      vertex 9 -38 -42
      vertex 9 -32 -34
      vertex 9 -32 -42
    endloop
  endfacet
  facet normal 0 -1 0
    outer loop
      vertex 9 -38 -42
      vertex 28 -38 -42
      vertex 9 -38 -34
    endloop
  endfacet
  facet normal 0 1 0
    outer loop
      vertex 9 -32 -42
      vertex 9 -32 -34
      vertex 28 -32 -42
    endloop
  endfacet
  facet normal 0 0 -1
    outer loop
      vertex 9 -32 -42
      vertex 28 -32 -42
      vertex 28 -38 -42
    endloop
  endfacet
  facet normal 0 1 0
    outer loop
      vertex 9 -32 -34
      vertex 28 -32 -6
      vertex 28 -32 -42
    endloop
  endfacet
  facet normal -1 0 0
    outer loop
      vertex 9 32 -42
      vertex 9 32 -34
      vertex 9 38 -34
    endloop
  endfacet
  facet normal 0 0 -1
    outer loop
      vertex 9 32 -42
      vertex 9 38 -42
      vertex 28 32 -42
    endloop
  endfacet
  facet normal -1 0 0
    outer loop
      vertex 9 32 -42
      vertex 9 38 -34
      vertex 9 38 -42
    endloop
  endfacet
  facet normal 0 -1 0
    outer loop
      vertex 9 32 -42
      vertex 28 32 -42
      vertex 28 32 -6
    endloop
  endfacet
  facet normal 0 -1 0
    outer loop
      vertex 9 32 -42
      vertex 28 32 -6
      vertex 9 32 -34
    endloop
  endfacet
  facet normal 0 1 0
    outer loop
      vertex 9 38 -42
      vertex 9 38 -34
      vertex 28 38 -42
    endloop
  endfacet
  facet normal 0 0 -1
    outer loop
      vertex 9 38 -42
      vertex 28 38 -42
      vertex 28 32 -42
    endloop
  endfacet
  facet normal 0 1 0
    outer loop
      vertex 9 38 -34
      vertex 28 38 -6
      vertex 28 38 -42
    endloop
  endfacet
  facet normal -1 0 0
    outer loop
      vertex 24.75 -30 -6
      vertex 24.75 -30 0
      vertex 24.75 -24.75 -6
    endloop
  endfacet
  facet normal 0 0 -1
    outer loop
      vertex 24.75 -30 -6
      vertex 24.75 -24.75 -6
      vertex 28 -32 -6
    endloop
  endfacet
  facet normal -1 0 0
    outer loop
      vertex 24.75 -30 0
      vertex 24.75 -24.75 0
      vertex 24.75 -24.75 -6
    endloop
  endfacet
  facet normal 0 0 1
    outer loop
      vertex 24.75 -30 0
      vertex 25.263157894736842 -32 0
      vertex 28 32 0
    endloop
  endfacet
  facet normal 0 0 1
    outer loop
      vertex 24.75 -30 0
      vertex 28 32 0
      vertex 24.75 -24.75 0
    endloop
  endfacet
  facet normal -1 0 0
    outer loop
      vertex 24.75 -24.75 -6
      vertex 24.75 -24.75 0
      vertex 24.75 24.75 -6
    endloop
  endfacet
  facet normal 0 0 -1
    outer loop
      vertex 24.75 -24.75 -6
      vertex 24.75 24.75 -6
      vertex 28 -32 -6
    endloop
  endfacet
  facet normal -1 0 0
    outer loop
      vertex 24.75 -24.75 0
      vertex 24.75 24.75 0
      vertex 24.75 24.75 -6
    endloop
  endfacet
  facet normal 0 0 1
    outer loop
      vertex 24.75 -24.75 0
      vertex 28 32 0
      vertex 24.75 24.75 0
    endloop
  endfacet
  facet normal 0 0 -1
    outer loop
      vertex 24.75 24.75 -6
      vertex 28 32 -6
      vertex 28 -32 -6
    endloop
  endfacet
  facet normal 0 0 1
    outer loop
      vertex 25.263157894736842 -32 0
      vertex 28 -32 0
      vertex 28 32 0
    endloop
  endfacet
  facet normal 1 0 0
    outer loop
      vertex 28 -38 -42
      vertex 28 -32 -42
      vertex 28 -38 -6
    endloop
  endfacet
  facet normal 1 0 0
    outer loop
      vertex 28 -38 -6
      vertex 28 -32 -42
      vertex 28 -32 -6
    endloop
  endfacet
  facet normal 0 0 -1
    outer loop
      vertex 28 -38 -6
      vertex 28 -32 -6
      vertex 30 38 -6
    endloop
  endfacet
  facet normal 0 -1 0
    outer loop
      vertex 28 -38 -6
      vertex 30 -38 -6
      vertex 28 -38 0
    endloop
  endfacet
  facet normal 0 0 -1
    outer loop
      vertex 28 -38 -6
      vertex 30 38 -6
      vertex 30 -38 -6
    endloop
  endfacet
  facet normal 0 -1 0
    outer loop
      vertex 28 -38 0
      vertex 30 -38 -6
      vertex 30 -38 0
    endloop
  endfacet
  facet normal 0 0 1
    outer loop
      vertex 28 -38 0
      vertex 30 -38 0
      vertex 28 -32 0
    endloop
  endfacet
  facet normal 0 0 -1
    outer loop
      vertex 28 -32 -6
      vertex 28 32 -6
      vertex 30 38 -6
    endloop
  endfacet
  facet normal 0 0 1
    outer loop
      vertex 28 -32 0
      vertex 30 -38 0
      vertex 30 38 0
    endloop
  endfacet
  facet normal 0 0 1
    outer loop
      vertex 28 -32 0
      vertex 30 38 0
      vertex 28 32 0
    endloop
  endfacet
  facet normal 1 0 0
    outer loop
      vertex 28 32 -42
      vertex 28 38 -42
      vertex 28 32 -6
    endloop
  endfacet
  facet normal 1 0 0
    outer loop
      vertex 28 32 -6
      vertex 28 38 -42
      vertex 28 38 -6
    endloop
  endfacet
  facet normal 0 0 -1
    outer loop
      vertex 28 32 -6
      vertex 28 38 -6
      vertex 30 38 -6
    endloop
  endfacet
  facet normal 0 0 1
    outer loop
      vertex 28 32 0
      vertex 30 38 0
      vertex 28 38 0
    endloop
  endfacet
  facet normal 0 1 0
    outer loop
      vertex 28 38 -6
      vertex 28 38 0
      vertex 30 38 0
    endloop
  endfacet
  facet normal 0 1 0
    outer loop
      vertex 28 38 -6
      vertex 30 38 0
      vertex 30 38 -6
    endloop
  endfacet
  facet normal 1 0 0
    outer loop
      vertex 30 -38 -6
      vertex 30 38 -6
      vertex 30 -38 0
    endloop
  endfacet
  facet normal 1 0 0
    outer loop
      vertex 30 -38 0
      vertex 30 38 -6
      vertex 30 38 0
    endloop
  endfacet
endsolid OpenSCAD_Model
