ISO-10303-21;
HEADER;
FILE_DESCRIPTION(('FreeCAD Model'),'2;1');
FILE_NAME('Open CASCADE Shape Model','2024-10-09T16:04:56',(''),(''),
  'Open CASCADE STEP processor 7.6','FreeCAD','Unknown');
FILE_SCHEMA(('AUTOMOTIVE_DESIGN { 1 0 10303 214 1 1 1 1 }'));
ENDSEC;
DATA;
#1 = APPLICATION_PROTOCOL_DEFINITION('international standard',
  'automotive_design',2000,#2);
#2 = APPLICATION_CONTEXT(
  'core data for automotive mechanical design processes');
#3 = SHAPE_DEFINITION_REPRESENTATION(#4,#10);
#4 = PRODUCT_DEFINITION_SHAPE('','',#5);
#5 = PRODUCT_DEFINITION('design','',#6,#9);
#6 = PRODUCT_DEFINITION_FORMATION('','',#7);
#7 = PRODUCT('Unnamed','Unnamed','',(#8));
#8 = PRODUCT_CONTEXT('',#2,'mechanical');
#9 = PRODUCT_DEFINITION_CONTEXT('part definition',#2,'design');
#10 = SHAPE_REPRESENTATION('',(#11,#15,#19,#23),#27);
#11 = AXIS2_PLACEMENT_3D('',#12,#13,#14);
#12 = CARTESIAN_POINT('',(0.,0.,0.));
#13 = DIRECTION('',(0.,0.,1.));
#14 = DIRECTION('',(1.,0.,-0.));
#15 = AXIS2_PLACEMENT_3D('',#16,#17,#18);
#16 = CARTESIAN_POINT('',(0.,0.,0.));
#17 = DIRECTION('',(0.,0.,1.));
#18 = DIRECTION('',(1.,0.,0.));
#19 = AXIS2_PLACEMENT_3D('',#20,#21,#22);
#20 = CARTESIAN_POINT('',(0.,0.,0.));
#21 = DIRECTION('',(0.,0.,1.));
#22 = DIRECTION('',(1.,0.,0.));
#23 = AXIS2_PLACEMENT_3D('',#24,#25,#26);
#24 = CARTESIAN_POINT('',(0.,0.,0.));
#25 = DIRECTION('',(0.,0.,1.));
#26 = DIRECTION('',(1.,0.,0.));
#27 = ( GEOMETRIC_REPRESENTATION_CONTEXT(3) 
GLOBAL_UNCERTAINTY_ASSIGNED_CONTEXT((#31)) GLOBAL_UNIT_ASSIGNED_CONTEXT(
(#28,#29,#30)) REPRESENTATION_CONTEXT('Context #1',
  '3D Context with UNIT and UNCERTAINTY') );
#28 = ( LENGTH_UNIT() NAMED_UNIT(*) SI_UNIT(.MILLI.,.METRE.) );
#29 = ( NAMED_UNIT(*) PLANE_ANGLE_UNIT() SI_UNIT($,.RADIAN.) );
#30 = ( NAMED_UNIT(*) SI_UNIT($,.STERADIAN.) SOLID_ANGLE_UNIT() );
#31 = UNCERTAINTY_MEASURE_WITH_UNIT(LENGTH_MEASURE(1.E-07),#28,
  'distance_accuracy_value','confusion accuracy');
#32 = PRODUCT_RELATED_PRODUCT_CATEGORY('part',$,(#7));
#33 = SHAPE_DEFINITION_REPRESENTATION(#34,#40);
#34 = PRODUCT_DEFINITION_SHAPE('','',#35);
#35 = PRODUCT_DEFINITION('design','',#36,#39);
#36 = PRODUCT_DEFINITION_FORMATION('','',#37);
#37 = PRODUCT('Chassis','Chassis','',(#38));
#38 = PRODUCT_CONTEXT('',#2,'mechanical');
#39 = PRODUCT_DEFINITION_CONTEXT('part definition',#2,'design');
#40 = ADVANCED_BREP_SHAPE_REPRESENTATION('',(#11,#41),#5710);
#41 = MANIFOLD_SOLID_BREP('',#42);
#42 = CLOSED_SHELL('',(#43,#84,#116,#140,#171,#202,#266,#298,#322,#347,
    #386,#519,#551,#630,#661,#685,#707,#724,#741,#805,#827,#844,#968,
    #1024,#1112,#1137,#1177,#1202,#1226,#1251,#1371,#1393,#1600,#1693,
    #1740,#1765,#1805,#1823,#1847,#1864,#1886,#1898,#1922,#1946,#1963,
    #1980,#1992,#2009,#2026,#2043,#2066,#2083,#2114,#2138,#2239,#2264,
    #2312,#2361,#2387,#2435,#2460,#2484,#2517,#2548,#2589,#2614,#2647,
    #2664,#2697,#2728,#2750,#2774,#2796,#2813,#2846,#2876,#2893,#2910,
    #2927,#2944,#2956,#2981,#3014,#3036,#3069,#3151,#3236,#3268,#3292,
    #3316,#3341,#3390,#3439,#3471,#3495,#3519,#3544,#3593,#3617,#3659,
    #3683,#3700,#3735,#3784,#3801,#3813,#3830,#3847,#3859,#3881,#3916,
    #3933,#3950,#3969,#3988,#4028,#4053,#4084,#4102,#4127,#4145,#4170,
    #4187,#4204,#4216,#4233,#4250,#4262,#4276,#4318,#4336,#4361,#4403,
    #4421,#4446,#4488,#4506,#4546,#4570,#4587,#4636,#4660,#4702,#4733,
    #4766,#4799,#4823,#4845,#4857,#4869,#4886,#4903,#4915,#4946,#4979,
    #5012,#5036,#5076,#5088,#5105,#5122,#5164,#5181,#5193,#5210,#5227,
    #5239,#5274,#5291,#5326,#5351,#5378,#5395,#5419,#5454,#5494,#5511,
    #5523,#5540,#5565,#5589,#5601,#5618,#5644,#5662,#5674,#5686,#5698));
#43 = ADVANCED_FACE('',(#44),#79,.T.);
#44 = FACE_BOUND('',#45,.F.);
#45 = EDGE_LOOP('',(#46,#57,#65,#73));
#46 = ORIENTED_EDGE('',*,*,#47,.F.);
#47 = EDGE_CURVE('',#48,#50,#52,.T.);
#48 = VERTEX_POINT('',#49);
#49 = CARTESIAN_POINT('',(1.5,2.985,2.2));
#50 = VERTEX_POINT('',#51);
#51 = CARTESIAN_POINT('',(1.5,2.685,2.5));
#52 = CIRCLE('',#53,0.3);
#53 = AXIS2_PLACEMENT_3D('',#54,#55,#56);
#54 = CARTESIAN_POINT('',(1.5,2.685,2.2));
#55 = DIRECTION('',(1.,-2.22044604925E-16,2.22044604925E-16));
#56 = DIRECTION('',(-2.22044604925E-16,-1.,-2.22044604925E-16));
#57 = ORIENTED_EDGE('',*,*,#58,.T.);
#58 = EDGE_CURVE('',#48,#59,#61,.T.);
#59 = VERTEX_POINT('',#60);
#60 = CARTESIAN_POINT('',(1.5,2.635,2.2));
#61 = LINE('',#62,#63);
#62 = CARTESIAN_POINT('',(1.5,2.985,2.2));
#63 = VECTOR('',#64,1.);
#64 = DIRECTION('',(-2.22044604925E-16,-1.,2.22044604925E-16));
#65 = ORIENTED_EDGE('',*,*,#66,.T.);
#66 = EDGE_CURVE('',#59,#67,#69,.T.);
#67 = VERTEX_POINT('',#68);
#68 = CARTESIAN_POINT('',(1.5,2.635,2.5));
#69 = LINE('',#70,#71);
#70 = CARTESIAN_POINT('',(1.5,2.635,2.2));
#71 = VECTOR('',#72,1.);
#72 = DIRECTION('',(0.,2.22044604925E-16,1.));
#73 = ORIENTED_EDGE('',*,*,#74,.F.);
#74 = EDGE_CURVE('',#50,#67,#75,.T.);
#75 = LINE('',#76,#77);
#76 = CARTESIAN_POINT('',(1.5,2.985,2.5));
#77 = VECTOR('',#78,1.);
#78 = DIRECTION('',(-2.22044604925E-16,-1.,2.22044604925E-16));
#79 = PLANE('',#80);
#80 = AXIS2_PLACEMENT_3D('',#81,#82,#83);
#81 = CARTESIAN_POINT('',(1.5,2.985,2.2));
#82 = DIRECTION('',(1.,-2.22044604925E-16,2.22044604925E-16));
#83 = DIRECTION('',(2.22044604925E-16,-2.22044604925E-16,-1.));
#84 = ADVANCED_FACE('',(#85),#111,.T.);
#85 = FACE_BOUND('',#86,.F.);
#86 = EDGE_LOOP('',(#87,#88,#96,#105));
#87 = ORIENTED_EDGE('',*,*,#47,.T.);
#88 = ORIENTED_EDGE('',*,*,#89,.T.);
#89 = EDGE_CURVE('',#50,#90,#92,.T.);
#90 = VERTEX_POINT('',#91);
#91 = CARTESIAN_POINT('',(2.053912595557E-17,2.685,2.5));
#92 = LINE('',#93,#94);
#93 = CARTESIAN_POINT('',(1.5,2.685,2.5));
#94 = VECTOR('',#95,1.);
#95 = DIRECTION('',(-1.,2.22044604925E-16,-2.22044604925E-16));
#96 = ORIENTED_EDGE('',*,*,#97,.F.);
#97 = EDGE_CURVE('',#98,#90,#100,.T.);
#98 = VERTEX_POINT('',#99);
#99 = CARTESIAN_POINT('',(8.715250743308E-17,2.985,2.2));
#100 = CIRCLE('',#101,0.3);
#101 = AXIS2_PLACEMENT_3D('',#102,#103,#104);
#102 = CARTESIAN_POINT('',(0.,2.685,2.2));
#103 = DIRECTION('',(1.,0.,0.));
#104 = DIRECTION('',(0.,-1.,-2.22044604925E-16));
#105 = ORIENTED_EDGE('',*,*,#106,.F.);
#106 = EDGE_CURVE('',#48,#98,#107,.T.);
#107 = LINE('',#108,#109);
#108 = CARTESIAN_POINT('',(1.5,2.985,2.2));
#109 = VECTOR('',#110,1.);
#110 = DIRECTION('',(-1.,2.22044604925E-16,-2.22044604925E-16));
#111 = CYLINDRICAL_SURFACE('',#112,0.3);
#112 = AXIS2_PLACEMENT_3D('',#113,#114,#115);
#113 = CARTESIAN_POINT('',(1.5,2.685,2.2));
#114 = DIRECTION('',(-1.,2.22044604925E-16,-2.22044604925E-16));
#115 = DIRECTION('',(2.22044604925E-16,1.,-1.981009824963E-16));
#116 = ADVANCED_FACE('',(#117),#135,.T.);
#117 = FACE_BOUND('',#118,.F.);
#118 = EDGE_LOOP('',(#119,#120,#121,#129));
#119 = ORIENTED_EDGE('',*,*,#89,.F.);
#120 = ORIENTED_EDGE('',*,*,#74,.T.);
#121 = ORIENTED_EDGE('',*,*,#122,.T.);
#122 = EDGE_CURVE('',#67,#123,#125,.T.);
#123 = VERTEX_POINT('',#124);
#124 = CARTESIAN_POINT('',(1.498801083244E-17,2.635,2.5));
#125 = LINE('',#126,#127);
#126 = CARTESIAN_POINT('',(1.5,2.635,2.5));
#127 = VECTOR('',#128,1.);
#128 = DIRECTION('',(-1.,7.032269844464E-86,-1.428734239103E-101));
#129 = ORIENTED_EDGE('',*,*,#130,.F.);
#130 = EDGE_CURVE('',#90,#123,#131,.T.);
#131 = LINE('',#132,#133);
#132 = CARTESIAN_POINT('',(0.,2.985,2.5));
#133 = VECTOR('',#134,1.);
#134 = DIRECTION('',(0.,-1.,2.22044604925E-16));
#135 = PLANE('',#136);
#136 = AXIS2_PLACEMENT_3D('',#137,#138,#139);
#137 = CARTESIAN_POINT('',(1.5,2.985,2.5));
#138 = DIRECTION('',(-2.22044604925E-16,2.22044604925E-16,1.));
#139 = DIRECTION('',(1.,-2.22044604925E-16,2.22044604925E-16));
#140 = ADVANCED_FACE('',(#141),#166,.T.);
#141 = FACE_BOUND('',#142,.T.);
#142 = EDGE_LOOP('',(#143,#151,#152,#160));
#143 = ORIENTED_EDGE('',*,*,#144,.T.);
#144 = EDGE_CURVE('',#145,#59,#147,.T.);
#145 = VERTEX_POINT('',#146);
#146 = CARTESIAN_POINT('',(1.5,2.5,2.2));
#147 = LINE('',#148,#149);
#148 = CARTESIAN_POINT('',(1.5,2.5,2.2));
#149 = VECTOR('',#150,1.);
#150 = DIRECTION('',(7.032269844464E-86,1.,-2.22044604925E-16));
#151 = ORIENTED_EDGE('',*,*,#66,.T.);
#152 = ORIENTED_EDGE('',*,*,#153,.F.);
#153 = EDGE_CURVE('',#154,#67,#156,.T.);
#154 = VERTEX_POINT('',#155);
#155 = CARTESIAN_POINT('',(1.5,2.5,2.5));
#156 = LINE('',#157,#158);
#157 = CARTESIAN_POINT('',(1.5,2.5,2.5));
#158 = VECTOR('',#159,1.);
#159 = DIRECTION('',(7.032269844464E-86,1.,-2.22044604925E-16));
#160 = ORIENTED_EDGE('',*,*,#161,.F.);
#161 = EDGE_CURVE('',#145,#154,#162,.T.);
#162 = LINE('',#163,#164);
#163 = CARTESIAN_POINT('',(1.5,2.5,2.2));
#164 = VECTOR('',#165,1.);
#165 = DIRECTION('',(0.,2.22044604925E-16,1.));
#166 = PLANE('',#167);
#167 = AXIS2_PLACEMENT_3D('',#168,#169,#170);
#168 = CARTESIAN_POINT('',(1.5,2.5,2.2));
#169 = DIRECTION('',(1.,-7.032269844464E-86,1.428734239103E-101));
#170 = DIRECTION('',(1.327433402375E-102,2.22044604925E-16,1.));
#171 = ADVANCED_FACE('',(#172),#197,.F.);
#172 = FACE_BOUND('',#173,.T.);
#173 = EDGE_LOOP('',(#174,#175,#183,#191));
#174 = ORIENTED_EDGE('',*,*,#58,.T.);
#175 = ORIENTED_EDGE('',*,*,#176,.T.);
#176 = EDGE_CURVE('',#59,#177,#179,.T.);
#177 = VERTEX_POINT('',#178);
#178 = CARTESIAN_POINT('',(2.6,2.635,0.35));
#179 = LINE('',#180,#181);
#180 = CARTESIAN_POINT('',(1.5,2.635,2.2));
#181 = VECTOR('',#182,1.);
#182 = DIRECTION('',(0.511075392877,-3.043368403727E-16,-0.859535888021)
  );
#183 = ORIENTED_EDGE('',*,*,#184,.F.);
#184 = EDGE_CURVE('',#185,#177,#187,.T.);
#185 = VERTEX_POINT('',#186);
#186 = CARTESIAN_POINT('',(2.6,2.985,0.35));
#187 = LINE('',#188,#189);
#188 = CARTESIAN_POINT('',(2.6,2.985,0.35));
#189 = VECTOR('',#190,1.);
#190 = DIRECTION('',(-2.22044604925E-16,-1.,2.22044604925E-16));
#191 = ORIENTED_EDGE('',*,*,#192,.F.);
#192 = EDGE_CURVE('',#48,#185,#193,.T.);
#193 = LINE('',#194,#195);
#194 = CARTESIAN_POINT('',(1.5,2.985,2.2));
#195 = VECTOR('',#196,1.);
#196 = DIRECTION('',(0.511075392877,-3.043368403727E-16,-0.859535888021)
  );
#197 = PLANE('',#198);
#198 = AXIS2_PLACEMENT_3D('',#199,#200,#201);
#199 = CARTESIAN_POINT('',(1.5,2.985,2.2));
#200 = DIRECTION('',(-0.859535888021,7.737377297612E-17,-0.511075392877)
  );
#201 = DIRECTION('',(-0.511075392877,3.043368403727E-16,0.859535888021)
  );
#202 = ADVANCED_FACE('',(#203),#261,.T.);
#203 = FACE_BOUND('',#204,.F.);
#204 = EDGE_LOOP('',(#205,#206,#207,#215,#223,#231,#239,#247,#255));
#205 = ORIENTED_EDGE('',*,*,#192,.F.);
#206 = ORIENTED_EDGE('',*,*,#106,.T.);
#207 = ORIENTED_EDGE('',*,*,#208,.F.);
#208 = EDGE_CURVE('',#209,#98,#211,.T.);
#209 = VERTEX_POINT('',#210);
#210 = CARTESIAN_POINT('',(2.425837308806E-16,2.985,0.8));
#211 = LINE('',#212,#213);
#212 = CARTESIAN_POINT('',(0.,2.985,0.8));
#213 = VECTOR('',#214,1.);
#214 = DIRECTION('',(0.,2.22044604925E-16,1.));
#215 = ORIENTED_EDGE('',*,*,#216,.F.);
#216 = EDGE_CURVE('',#217,#209,#219,.T.);
#217 = VERTEX_POINT('',#218);
#218 = CARTESIAN_POINT('',(1.6,2.985,0.8));
#219 = LINE('',#220,#221);
#220 = CARTESIAN_POINT('',(1.6,2.985,0.8));
#221 = VECTOR('',#222,1.);
#222 = DIRECTION('',(-1.,2.22044604925E-16,-2.22044604925E-16));
#223 = ORIENTED_EDGE('',*,*,#224,.F.);
#224 = EDGE_CURVE('',#225,#217,#227,.T.);
#225 = VERTEX_POINT('',#226);
#226 = CARTESIAN_POINT('',(2.25,2.985,-1.632027846199E-16));
#227 = LINE('',#228,#229);
#228 = CARTESIAN_POINT('',(2.25,2.985,-4.440892098501E-16));
#229 = VECTOR('',#230,1.);
#230 = DIRECTION('',(-0.630592625094,3.123516168403E-16,0.776114000116)
  );
#231 = ORIENTED_EDGE('',*,*,#232,.F.);
#232 = EDGE_CURVE('',#233,#225,#235,.T.);
#233 = VERTEX_POINT('',#234);
#234 = CARTESIAN_POINT('',(2.25,2.985,-0.55));
#235 = LINE('',#236,#237);
#236 = CARTESIAN_POINT('',(2.25,2.985,-0.75));
#237 = VECTOR('',#238,1.);
#238 = DIRECTION('',(-2.22044604925E-16,2.22044604925E-16,1.));
#239 = ORIENTED_EDGE('',*,*,#240,.F.);
#240 = EDGE_CURVE('',#241,#233,#243,.T.);
#241 = VERTEX_POINT('',#242);
#242 = CARTESIAN_POINT('',(2.425,2.985,-0.55));
#243 = LINE('',#244,#245);
#244 = CARTESIAN_POINT('',(2.425,2.985,-0.55));
#245 = VECTOR('',#246,1.);
#246 = DIRECTION('',(-1.,2.22044604925E-16,-2.22044604925E-16));
#247 = ORIENTED_EDGE('',*,*,#248,.F.);
#248 = EDGE_CURVE('',#249,#241,#251,.T.);
#249 = VERTEX_POINT('',#250);
#250 = CARTESIAN_POINT('',(2.6,2.985,-0.55));
#251 = LINE('',#252,#253);
#252 = CARTESIAN_POINT('',(2.6,2.985,-0.55));
#253 = VECTOR('',#254,1.);
#254 = DIRECTION('',(-1.,2.22044604925E-16,-2.22044604925E-16));
#255 = ORIENTED_EDGE('',*,*,#256,.F.);
#256 = EDGE_CURVE('',#185,#249,#257,.T.);
#257 = LINE('',#258,#259);
#258 = CARTESIAN_POINT('',(2.6,2.985,0.35));
#259 = VECTOR('',#260,1.);
#260 = DIRECTION('',(2.22044604925E-16,-2.22044604925E-16,-1.));
#261 = PLANE('',#262);
#262 = AXIS2_PLACEMENT_3D('',#263,#264,#265);
#263 = CARTESIAN_POINT('',(1.397273557117,2.985,1.042895070557));
#264 = DIRECTION('',(1.762601543605E-16,1.,-1.981009824963E-16));
#265 = DIRECTION('',(2.22044604925E-16,-1.981009824963E-16,-1.));
#266 = ADVANCED_FACE('',(#267),#293,.T.);
#267 = FACE_BOUND('',#268,.T.);
#268 = EDGE_LOOP('',(#269,#280,#286,#287));
#269 = ORIENTED_EDGE('',*,*,#270,.T.);
#270 = EDGE_CURVE('',#271,#273,#275,.T.);
#271 = VERTEX_POINT('',#272);
#272 = CARTESIAN_POINT('',(-1.5,2.985,2.2));
#273 = VERTEX_POINT('',#274);
#274 = CARTESIAN_POINT('',(-1.5,2.685,2.5));
#275 = CIRCLE('',#276,0.3);
#276 = AXIS2_PLACEMENT_3D('',#277,#278,#279);
#277 = CARTESIAN_POINT('',(-1.5,2.685,2.2));
#278 = DIRECTION('',(1.,0.,0.));
#279 = DIRECTION('',(0.,-1.,-2.22044604925E-16));
#280 = ORIENTED_EDGE('',*,*,#281,.T.);
#281 = EDGE_CURVE('',#273,#90,#282,.T.);
#282 = LINE('',#283,#284);
#283 = CARTESIAN_POINT('',(-1.5,2.685,2.5));
#284 = VECTOR('',#285,1.);
#285 = DIRECTION('',(1.,0.,0.));
#286 = ORIENTED_EDGE('',*,*,#97,.F.);
#287 = ORIENTED_EDGE('',*,*,#288,.F.);
#288 = EDGE_CURVE('',#271,#98,#289,.T.);
#289 = LINE('',#290,#291);
#290 = CARTESIAN_POINT('',(-1.5,2.985,2.2));
#291 = VECTOR('',#292,1.);
#292 = DIRECTION('',(1.,0.,0.));
#293 = CYLINDRICAL_SURFACE('',#294,0.3);
#294 = AXIS2_PLACEMENT_3D('',#295,#296,#297);
#295 = CARTESIAN_POINT('',(-1.5,2.685,2.2));
#296 = DIRECTION('',(1.,0.,0.));
#297 = DIRECTION('',(0.,1.,-1.981009824963E-16));
#298 = ADVANCED_FACE('',(#299),#317,.T.);
#299 = FACE_BOUND('',#300,.T.);
#300 = EDGE_LOOP('',(#301,#309,#315,#316));
#301 = ORIENTED_EDGE('',*,*,#302,.T.);
#302 = EDGE_CURVE('',#273,#303,#305,.T.);
#303 = VERTEX_POINT('',#304);
#304 = CARTESIAN_POINT('',(-1.5,2.635,2.5));
#305 = LINE('',#306,#307);
#306 = CARTESIAN_POINT('',(-1.5,2.985,2.5));
#307 = VECTOR('',#308,1.);
#308 = DIRECTION('',(0.,-1.,2.22044604925E-16));
#309 = ORIENTED_EDGE('',*,*,#310,.F.);
#310 = EDGE_CURVE('',#123,#303,#311,.T.);
#311 = LINE('',#312,#313);
#312 = CARTESIAN_POINT('',(1.5,2.635,2.5));
#313 = VECTOR('',#314,1.);
#314 = DIRECTION('',(-1.,7.032269844464E-86,-1.428734239103E-101));
#315 = ORIENTED_EDGE('',*,*,#130,.F.);
#316 = ORIENTED_EDGE('',*,*,#281,.F.);
#317 = PLANE('',#318);
#318 = AXIS2_PLACEMENT_3D('',#319,#320,#321);
#319 = CARTESIAN_POINT('',(-1.5,2.985,2.5));
#320 = DIRECTION('',(0.,2.22044604925E-16,1.));
#321 = DIRECTION('',(1.,0.,0.));
#322 = ADVANCED_FACE('',(#323),#342,.T.);
#323 = FACE_BOUND('',#324,.T.);
#324 = EDGE_LOOP('',(#325,#326,#327,#328,#336));
#325 = ORIENTED_EDGE('',*,*,#153,.T.);
#326 = ORIENTED_EDGE('',*,*,#122,.T.);
#327 = ORIENTED_EDGE('',*,*,#310,.T.);
#328 = ORIENTED_EDGE('',*,*,#329,.F.);
#329 = EDGE_CURVE('',#330,#303,#332,.T.);
#330 = VERTEX_POINT('',#331);
#331 = CARTESIAN_POINT('',(-1.5,2.5,2.5));
#332 = LINE('',#333,#334);
#333 = CARTESIAN_POINT('',(-1.5,2.5,2.5));
#334 = VECTOR('',#335,1.);
#335 = DIRECTION('',(7.032269844464E-86,1.,-2.22044604925E-16));
#336 = ORIENTED_EDGE('',*,*,#337,.F.);
#337 = EDGE_CURVE('',#154,#330,#338,.T.);
#338 = LINE('',#339,#340);
#339 = CARTESIAN_POINT('',(1.5,2.5,2.5));
#340 = VECTOR('',#341,1.);
#341 = DIRECTION('',(-1.,7.032269844464E-86,-1.428734239103E-101));
#342 = PLANE('',#343);
#343 = AXIS2_PLACEMENT_3D('',#344,#345,#346);
#344 = CARTESIAN_POINT('',(1.5,2.5,2.5));
#345 = DIRECTION('',(1.327433402375E-102,2.22044604925E-16,1.));
#346 = DIRECTION('',(-1.,7.032269844464E-86,-1.428734239103E-101));
#347 = ADVANCED_FACE('',(#348),#381,.T.);
#348 = FACE_BOUND('',#349,.T.);
#349 = EDGE_LOOP('',(#350,#360,#368,#374,#375));
#350 = ORIENTED_EDGE('',*,*,#351,.T.);
#351 = EDGE_CURVE('',#352,#354,#356,.T.);
#352 = VERTEX_POINT('',#353);
#353 = CARTESIAN_POINT('',(-1.5,2.5,2.2));
#354 = VERTEX_POINT('',#355);
#355 = CARTESIAN_POINT('',(-1.5,2.635,2.2));
#356 = LINE('',#357,#358);
#357 = CARTESIAN_POINT('',(-1.5,2.5,2.2));
#358 = VECTOR('',#359,1.);
#359 = DIRECTION('',(7.032269844464E-86,1.,-2.22044604925E-16));
#360 = ORIENTED_EDGE('',*,*,#361,.T.);
#361 = EDGE_CURVE('',#354,#362,#364,.T.);
#362 = VERTEX_POINT('',#363);
#363 = CARTESIAN_POINT('',(0.,2.635,2.2));
#364 = LINE('',#365,#366);
#365 = CARTESIAN_POINT('',(-1.5,2.635,2.2));
#366 = VECTOR('',#367,1.);
#367 = DIRECTION('',(1.,-7.032269844464E-86,1.428734239103E-101));
#368 = ORIENTED_EDGE('',*,*,#369,.T.);
#369 = EDGE_CURVE('',#362,#59,#370,.T.);
#370 = LINE('',#371,#372);
#371 = CARTESIAN_POINT('',(-1.5,2.635,2.2));
#372 = VECTOR('',#373,1.);
#373 = DIRECTION('',(1.,-7.032269844464E-86,1.428734239103E-101));
#374 = ORIENTED_EDGE('',*,*,#144,.F.);
#375 = ORIENTED_EDGE('',*,*,#376,.F.);
#376 = EDGE_CURVE('',#352,#145,#377,.T.);
#377 = LINE('',#378,#379);
#378 = CARTESIAN_POINT('',(-1.5,2.5,2.2));
#379 = VECTOR('',#380,1.);
#380 = DIRECTION('',(1.,-7.032269844464E-86,1.428734239103E-101));
#381 = PLANE('',#382);
#382 = AXIS2_PLACEMENT_3D('',#383,#384,#385);
#383 = CARTESIAN_POINT('',(-1.5,2.5,2.2));
#384 = DIRECTION('',(-1.327433402375E-102,-2.22044604925E-16,-1.));
#385 = DIRECTION('',(1.,-7.032269844464E-86,1.428734239103E-101));
#386 = ADVANCED_FACE('',(#387),#514,.T.);
#387 = FACE_BOUND('',#388,.T.);
#388 = EDGE_LOOP('',(#389,#397,#398,#406,#415,#423,#432,#440,#449,#457,
    #465,#473,#482,#490,#499,#507));
#389 = ORIENTED_EDGE('',*,*,#390,.F.);
#390 = EDGE_CURVE('',#145,#391,#393,.T.);
#391 = VERTEX_POINT('',#392);
#392 = CARTESIAN_POINT('',(3.35,2.5,2.2));
#393 = LINE('',#394,#395);
#394 = CARTESIAN_POINT('',(-3.35,2.5,2.2));
#395 = VECTOR('',#396,1.);
#396 = DIRECTION('',(1.,0.,0.));
#397 = ORIENTED_EDGE('',*,*,#161,.T.);
#398 = ORIENTED_EDGE('',*,*,#399,.T.);
#399 = EDGE_CURVE('',#154,#400,#402,.T.);
#400 = VERTEX_POINT('',#401);
#401 = CARTESIAN_POINT('',(3.35,2.5,2.5));
#402 = LINE('',#403,#404);
#403 = CARTESIAN_POINT('',(-3.35,2.5,2.5));
#404 = VECTOR('',#405,1.);
#405 = DIRECTION('',(1.,5.887021680754E-32,2.651278864776E-16));
#406 = ORIENTED_EDGE('',*,*,#407,.F.);
#407 = EDGE_CURVE('',#408,#400,#410,.T.);
#408 = VERTEX_POINT('',#409);
#409 = CARTESIAN_POINT('',(3.75,2.5,2.1));
#410 = CIRCLE('',#411,0.4);
#411 = AXIS2_PLACEMENT_3D('',#412,#413,#414);
#412 = CARTESIAN_POINT('',(3.35,2.5,2.1));
#413 = DIRECTION('',(0.,-1.,2.22044604925E-16));
#414 = DIRECTION('',(1.,0.,0.));
#415 = ORIENTED_EDGE('',*,*,#416,.T.);
#416 = EDGE_CURVE('',#408,#417,#419,.T.);
#417 = VERTEX_POINT('',#418);
#418 = CARTESIAN_POINT('',(3.75,2.5,1.093435409427));
#419 = LINE('',#420,#421);
#420 = CARTESIAN_POINT('',(3.75,2.5,2.1));
#421 = VECTOR('',#422,1.);
#422 = DIRECTION('',(0.,-2.22044604925E-16,-1.));
#423 = ORIENTED_EDGE('',*,*,#424,.F.);
#424 = EDGE_CURVE('',#425,#417,#427,.T.);
#425 = VERTEX_POINT('',#426);
#426 = CARTESIAN_POINT('',(3.622799344024,2.5,0.800893928778));
#427 = CIRCLE('',#428,0.4);
#428 = AXIS2_PLACEMENT_3D('',#429,#430,#431);
#429 = CARTESIAN_POINT('',(3.35,2.5,1.093435409427));
#430 = DIRECTION('',(0.,-1.,2.22044604925E-16));
#431 = DIRECTION('',(1.,0.,0.));
#432 = ORIENTED_EDGE('',*,*,#433,.T.);
#433 = EDGE_CURVE('',#425,#434,#436,.T.);
#434 = VERTEX_POINT('',#435);
#435 = CARTESIAN_POINT('',(2.932799344029,2.5,0.157458519352));
#436 = LINE('',#437,#438);
#437 = CARTESIAN_POINT('',(3.622799344024,2.5,0.800893928778));
#438 = VECTOR('',#439,1.);
#439 = DIRECTION('',(-0.731353701621,-1.514340564191E-16,-0.68199836006)
  );
#440 = ORIENTED_EDGE('',*,*,#441,.F.);
#441 = EDGE_CURVE('',#442,#434,#444,.T.);
#442 = VERTEX_POINT('',#443);
#443 = CARTESIAN_POINT('',(2.660000000004,2.5,5.E-02));
#444 = CIRCLE('',#445,0.4);
#445 = AXIS2_PLACEMENT_3D('',#446,#447,#448);
#446 = CARTESIAN_POINT('',(2.660000000004,2.5,0.45));
#447 = DIRECTION('',(0.,-1.,2.22044604925E-16));
#448 = DIRECTION('',(1.,0.,0.));
#449 = ORIENTED_EDGE('',*,*,#450,.T.);
#450 = EDGE_CURVE('',#442,#451,#453,.T.);
#451 = VERTEX_POINT('',#452);
#452 = CARTESIAN_POINT('',(2.6,2.5,5.E-02));
#453 = LINE('',#454,#455);
#454 = CARTESIAN_POINT('',(2.660000000004,2.5,5.E-02));
#455 = VECTOR('',#456,1.);
#456 = DIRECTION('',(-1.,0.,0.));
#457 = ORIENTED_EDGE('',*,*,#458,.F.);
#458 = EDGE_CURVE('',#459,#451,#461,.T.);
#459 = VERTEX_POINT('',#460);
#460 = CARTESIAN_POINT('',(2.6,2.5,0.35));
#461 = LINE('',#462,#463);
#462 = CARTESIAN_POINT('',(2.6,2.5,0.35));
#463 = VECTOR('',#464,1.);
#464 = DIRECTION('',(2.22044604925E-16,-2.22044604925E-16,-1.));
#465 = ORIENTED_EDGE('',*,*,#466,.F.);
#466 = EDGE_CURVE('',#467,#459,#469,.T.);
#467 = VERTEX_POINT('',#468);
#468 = CARTESIAN_POINT('',(2.66,2.5,0.35));
#469 = LINE('',#470,#471);
#470 = CARTESIAN_POINT('',(2.66,2.5,0.35));
#471 = VECTOR('',#472,1.);
#472 = DIRECTION('',(-1.,-4.633816407548E-33,-2.086885384634E-17));
#473 = ORIENTED_EDGE('',*,*,#474,.T.);
#474 = EDGE_CURVE('',#467,#475,#477,.T.);
#475 = VERTEX_POINT('',#476);
#476 = CARTESIAN_POINT('',(2.728199836006,2.5,0.376864629838));
#477 = CIRCLE('',#478,0.1);
#478 = AXIS2_PLACEMENT_3D('',#479,#480,#481);
#479 = CARTESIAN_POINT('',(2.66,2.5,0.45));
#480 = DIRECTION('',(0.,-1.,2.22044604925E-16));
#481 = DIRECTION('',(1.,0.,0.));
#482 = ORIENTED_EDGE('',*,*,#483,.F.);
#483 = EDGE_CURVE('',#484,#475,#486,.T.);
#484 = VERTEX_POINT('',#485);
#485 = CARTESIAN_POINT('',(3.418199836006,2.5,1.020300039273));
#486 = LINE('',#487,#488);
#487 = CARTESIAN_POINT('',(3.418199836006,2.5,1.020300039273));
#488 = VECTOR('',#489,1.);
#489 = DIRECTION('',(-0.731353701619,-1.514340564196E-16,-0.681998360062
    ));
#490 = ORIENTED_EDGE('',*,*,#491,.T.);
#491 = EDGE_CURVE('',#484,#492,#494,.T.);
#492 = VERTEX_POINT('',#493);
#493 = CARTESIAN_POINT('',(3.45,2.5,1.093435409435));
#494 = CIRCLE('',#495,0.1);
#495 = AXIS2_PLACEMENT_3D('',#496,#497,#498);
#496 = CARTESIAN_POINT('',(3.35,2.5,1.093435409435));
#497 = DIRECTION('',(0.,-1.,2.22044604925E-16));
#498 = DIRECTION('',(1.,0.,0.));
#499 = ORIENTED_EDGE('',*,*,#500,.F.);
#500 = EDGE_CURVE('',#501,#492,#503,.T.);
#501 = VERTEX_POINT('',#502);
#502 = CARTESIAN_POINT('',(3.45,2.5,2.1));
#503 = LINE('',#504,#505);
#504 = CARTESIAN_POINT('',(3.45,2.5,2.1));
#505 = VECTOR('',#506,1.);
#506 = DIRECTION('',(-8.823859174318E-16,-2.22044604925E-16,-1.));
#507 = ORIENTED_EDGE('',*,*,#508,.T.);
#508 = EDGE_CURVE('',#501,#391,#509,.T.);
#509 = CIRCLE('',#510,0.1);
#510 = AXIS2_PLACEMENT_3D('',#511,#512,#513);
#511 = CARTESIAN_POINT('',(3.35,2.5,2.1));
#512 = DIRECTION('',(0.,-1.,2.22044604925E-16));
#513 = DIRECTION('',(1.,0.,0.));
#514 = PLANE('',#515);
#515 = AXIS2_PLACEMENT_3D('',#516,#517,#518);
#516 = CARTESIAN_POINT('',(4.912948621536E-13,2.5,1.337340874914));
#517 = DIRECTION('',(7.032269844464E-86,1.,-2.22044604925E-16));
#518 = DIRECTION('',(0.,2.22044604925E-16,1.));
#519 = ADVANCED_FACE('',(#520),#546,.F.);
#520 = FACE_BOUND('',#521,.T.);
#521 = EDGE_LOOP('',(#522,#523,#524,#532,#540));
#522 = ORIENTED_EDGE('',*,*,#256,.F.);
#523 = ORIENTED_EDGE('',*,*,#184,.T.);
#524 = ORIENTED_EDGE('',*,*,#525,.T.);
#525 = EDGE_CURVE('',#177,#526,#528,.T.);
#526 = VERTEX_POINT('',#527);
#527 = CARTESIAN_POINT('',(2.6,2.635,5.E-02));
#528 = LINE('',#529,#530);
#529 = CARTESIAN_POINT('',(2.6,2.635,0.35));
#530 = VECTOR('',#531,1.);
#531 = DIRECTION('',(2.22044604925E-16,-2.22044604925E-16,-1.));
#532 = ORIENTED_EDGE('',*,*,#533,.T.);
#533 = EDGE_CURVE('',#526,#534,#536,.T.);
#534 = VERTEX_POINT('',#535);
#535 = CARTESIAN_POINT('',(2.6,2.635,-0.55));
#536 = LINE('',#537,#538);
#537 = CARTESIAN_POINT('',(2.6,2.635,0.35));
#538 = VECTOR('',#539,1.);
#539 = DIRECTION('',(2.22044604925E-16,-2.22044604925E-16,-1.));
#540 = ORIENTED_EDGE('',*,*,#541,.F.);
#541 = EDGE_CURVE('',#249,#534,#542,.T.);
#542 = LINE('',#543,#544);
#543 = CARTESIAN_POINT('',(2.6,2.985,-0.55));
#544 = VECTOR('',#545,1.);
#545 = DIRECTION('',(-2.22044604925E-16,-1.,2.22044604925E-16));
#546 = PLANE('',#547);
#547 = AXIS2_PLACEMENT_3D('',#548,#549,#550);
#548 = CARTESIAN_POINT('',(2.6,2.985,0.35));
#549 = DIRECTION('',(-1.,2.22044604925E-16,-2.22044604925E-16));
#550 = DIRECTION('',(-2.22044604925E-16,2.22044604925E-16,1.));
#551 = ADVANCED_FACE('',(#552),#625,.F.);
#552 = FACE_BOUND('',#553,.T.);
#553 = EDGE_LOOP('',(#554,#555,#556,#564,#572,#580,#588,#596,#602,#603,
    #611,#619));
#554 = ORIENTED_EDGE('',*,*,#176,.F.);
#555 = ORIENTED_EDGE('',*,*,#369,.F.);
#556 = ORIENTED_EDGE('',*,*,#557,.F.);
#557 = EDGE_CURVE('',#558,#362,#560,.T.);
#558 = VERTEX_POINT('',#559);
#559 = CARTESIAN_POINT('',(2.037259250187E-16,2.635,0.8));
#560 = LINE('',#561,#562);
#561 = CARTESIAN_POINT('',(0.,2.635,0.8));
#562 = VECTOR('',#563,1.);
#563 = DIRECTION('',(0.,2.22044604925E-16,1.));
#564 = ORIENTED_EDGE('',*,*,#565,.F.);
#565 = EDGE_CURVE('',#566,#558,#568,.T.);
#566 = VERTEX_POINT('',#567);
#567 = CARTESIAN_POINT('',(1.6,2.635,0.8));
#568 = LINE('',#569,#570);
#569 = CARTESIAN_POINT('',(1.6,2.635,0.8));
#570 = VECTOR('',#571,1.);
#571 = DIRECTION('',(-1.,2.22044604925E-16,-2.22044604925E-16));
#572 = ORIENTED_EDGE('',*,*,#573,.F.);
#573 = EDGE_CURVE('',#574,#566,#576,.T.);
#574 = VERTEX_POINT('',#575);
#575 = CARTESIAN_POINT('',(2.25,2.635,-8.548717289614E-17));
#576 = LINE('',#577,#578);
#577 = CARTESIAN_POINT('',(2.25,2.635,-4.440892098501E-16));
#578 = VECTOR('',#579,1.);
#579 = DIRECTION('',(-0.630592625094,3.123516168403E-16,0.776114000116)
  );
#580 = ORIENTED_EDGE('',*,*,#581,.F.);
#581 = EDGE_CURVE('',#582,#574,#584,.T.);
#582 = VERTEX_POINT('',#583);
#583 = CARTESIAN_POINT('',(2.25,2.635,-0.55));
#584 = LINE('',#585,#586);
#585 = CARTESIAN_POINT('',(2.25,2.635,-0.75));
#586 = VECTOR('',#587,1.);
#587 = DIRECTION('',(-2.22044604925E-16,2.22044604925E-16,1.));
#588 = ORIENTED_EDGE('',*,*,#589,.F.);
#589 = EDGE_CURVE('',#590,#582,#592,.T.);
#590 = VERTEX_POINT('',#591);
#591 = CARTESIAN_POINT('',(2.425,2.635,-0.55));
#592 = LINE('',#593,#594);
#593 = CARTESIAN_POINT('',(2.425,2.635,-0.55));
#594 = VECTOR('',#595,1.);
#595 = DIRECTION('',(-1.,2.22044604925E-16,-2.22044604925E-16));
#596 = ORIENTED_EDGE('',*,*,#597,.F.);
#597 = EDGE_CURVE('',#534,#590,#598,.T.);
#598 = LINE('',#599,#600);
#599 = CARTESIAN_POINT('',(2.6,2.635,-0.55));
#600 = VECTOR('',#601,1.);
#601 = DIRECTION('',(-1.,2.22044604925E-16,-2.22044604925E-16));
#602 = ORIENTED_EDGE('',*,*,#533,.F.);
#603 = ORIENTED_EDGE('',*,*,#604,.T.);
#604 = EDGE_CURVE('',#526,#605,#607,.T.);
#605 = VERTEX_POINT('',#606);
#606 = CARTESIAN_POINT('',(2.25,2.635,5.E-02));
#607 = LINE('',#608,#609);
#608 = CARTESIAN_POINT('',(2.6,2.635,5.E-02));
#609 = VECTOR('',#610,1.);
#610 = DIRECTION('',(-1.,2.22044604925E-16,-2.22044604925E-16));
#611 = ORIENTED_EDGE('',*,*,#612,.T.);
#612 = EDGE_CURVE('',#605,#613,#615,.T.);
#613 = VERTEX_POINT('',#614);
#614 = CARTESIAN_POINT('',(2.25,2.635,0.35));
#615 = LINE('',#616,#617);
#616 = CARTESIAN_POINT('',(2.25,2.635,5.E-02));
#617 = VECTOR('',#618,1.);
#618 = DIRECTION('',(-2.22044604925E-16,2.22044604925E-16,1.));
#619 = ORIENTED_EDGE('',*,*,#620,.T.);
#620 = EDGE_CURVE('',#613,#177,#621,.T.);
#621 = LINE('',#622,#623);
#622 = CARTESIAN_POINT('',(2.25,2.635,0.35));
#623 = VECTOR('',#624,1.);
#624 = DIRECTION('',(1.,-2.22044604925E-16,2.22044604925E-16));
#625 = PLANE('',#626);
#626 = AXIS2_PLACEMENT_3D('',#627,#628,#629);
#627 = CARTESIAN_POINT('',(1.397273557117,2.635,1.042895070557));
#628 = DIRECTION('',(1.762601543605E-16,1.,-1.981009824963E-16));
#629 = DIRECTION('',(2.22044604925E-16,-1.981009824963E-16,-1.));
#630 = ADVANCED_FACE('',(#631),#656,.F.);
#631 = FACE_BOUND('',#632,.T.);
#632 = EDGE_LOOP('',(#633,#641,#649,#655));
#633 = ORIENTED_EDGE('',*,*,#634,.F.);
#634 = EDGE_CURVE('',#635,#249,#637,.T.);
#635 = VERTEX_POINT('',#636);
#636 = CARTESIAN_POINT('',(2.5,2.885,-0.75));
#637 = LINE('',#638,#639);
#638 = CARTESIAN_POINT('',(2.558333333333,2.943333333333,-0.633333333333
    ));
#639 = VECTOR('',#640,1.);
#640 = DIRECTION('',(0.408248290464,0.408248290464,0.816496580928));
#641 = ORIENTED_EDGE('',*,*,#642,.T.);
#642 = EDGE_CURVE('',#635,#643,#645,.T.);
#643 = VERTEX_POINT('',#644);
#644 = CARTESIAN_POINT('',(2.425,2.885,-0.75));
#645 = LINE('',#646,#647);
#646 = CARTESIAN_POINT('',(2.6,2.885,-0.75));
#647 = VECTOR('',#648,1.);
#648 = DIRECTION('',(-1.,2.22044604925E-16,-2.22044604925E-16));
#649 = ORIENTED_EDGE('',*,*,#650,.T.);
#650 = EDGE_CURVE('',#643,#241,#651,.T.);
#651 = LINE('',#652,#653);
#652 = CARTESIAN_POINT('',(2.425,2.935,-0.65));
#653 = VECTOR('',#654,1.);
#654 = DIRECTION('',(-9.930136612989E-17,0.4472135955,0.894427191));
#655 = ORIENTED_EDGE('',*,*,#248,.F.);
#656 = PLANE('',#657);
#657 = AXIS2_PLACEMENT_3D('',#658,#659,#660);
#658 = CARTESIAN_POINT('',(2.6,2.935,-0.65));
#659 = DIRECTION('',(-2.579954850287E-16,-0.894427191,0.4472135955));
#660 = DIRECTION('',(1.,-1.863492559799E-16,2.041969304525E-16));
#661 = ADVANCED_FACE('',(#662),#680,.F.);
#662 = FACE_BOUND('',#663,.T.);
#663 = EDGE_LOOP('',(#664,#665,#673,#679));
#664 = ORIENTED_EDGE('',*,*,#650,.F.);
#665 = ORIENTED_EDGE('',*,*,#666,.T.);
#666 = EDGE_CURVE('',#643,#667,#669,.T.);
#667 = VERTEX_POINT('',#668);
#668 = CARTESIAN_POINT('',(2.35,2.885,-0.75));
#669 = LINE('',#670,#671);
#670 = CARTESIAN_POINT('',(2.425,2.885,-0.75));
#671 = VECTOR('',#672,1.);
#672 = DIRECTION('',(-1.,2.22044604925E-16,-2.22044604925E-16));
#673 = ORIENTED_EDGE('',*,*,#674,.T.);
#674 = EDGE_CURVE('',#667,#233,#675,.T.);
#675 = LINE('',#676,#677);
#676 = CARTESIAN_POINT('',(2.30625,2.92875,-0.6625));
#677 = VECTOR('',#678,1.);
#678 = DIRECTION('',(-0.408248290464,0.408248290464,0.816496580928));
#679 = ORIENTED_EDGE('',*,*,#240,.F.);
#680 = PLANE('',#681);
#681 = AXIS2_PLACEMENT_3D('',#682,#683,#684);
#682 = CARTESIAN_POINT('',(2.425,2.935,-0.65));
#683 = DIRECTION('',(-2.579954850287E-16,-0.894427191,0.4472135955));
#684 = DIRECTION('',(1.,-1.863492559799E-16,2.041969304525E-16));
#685 = ADVANCED_FACE('',(#686),#702,.F.);
#686 = FACE_BOUND('',#687,.T.);
#687 = EDGE_LOOP('',(#688,#689,#695,#696));
#688 = ORIENTED_EDGE('',*,*,#232,.F.);
#689 = ORIENTED_EDGE('',*,*,#690,.T.);
#690 = EDGE_CURVE('',#233,#582,#691,.T.);
#691 = LINE('',#692,#693);
#692 = CARTESIAN_POINT('',(2.25,2.985,-0.55));
#693 = VECTOR('',#694,1.);
#694 = DIRECTION('',(-2.22044604925E-16,-1.,2.22044604925E-16));
#695 = ORIENTED_EDGE('',*,*,#581,.T.);
#696 = ORIENTED_EDGE('',*,*,#697,.F.);
#697 = EDGE_CURVE('',#225,#574,#698,.T.);
#698 = LINE('',#699,#700);
#699 = CARTESIAN_POINT('',(2.25,2.985,-1.632027846199E-16));
#700 = VECTOR('',#701,1.);
#701 = DIRECTION('',(-2.22044604925E-16,-1.,2.22044604925E-16));
#702 = PLANE('',#703);
#703 = AXIS2_PLACEMENT_3D('',#704,#705,#706);
#704 = CARTESIAN_POINT('',(2.25,2.985,-0.75));
#705 = DIRECTION('',(1.,-2.22044604925E-16,2.22044604925E-16));
#706 = DIRECTION('',(2.22044604925E-16,-2.22044604925E-16,-1.));
#707 = ADVANCED_FACE('',(#708),#719,.F.);
#708 = FACE_BOUND('',#709,.T.);
#709 = EDGE_LOOP('',(#710,#711,#712,#718));
#710 = ORIENTED_EDGE('',*,*,#697,.T.);
#711 = ORIENTED_EDGE('',*,*,#573,.T.);
#712 = ORIENTED_EDGE('',*,*,#713,.F.);
#713 = EDGE_CURVE('',#217,#566,#714,.T.);
#714 = LINE('',#715,#716);
#715 = CARTESIAN_POINT('',(1.6,2.985,0.8));
#716 = VECTOR('',#717,1.);
#717 = DIRECTION('',(-2.22044604925E-16,-1.,2.22044604925E-16));
#718 = ORIENTED_EDGE('',*,*,#224,.F.);
#719 = PLANE('',#720);
#720 = AXIS2_PLACEMENT_3D('',#721,#722,#723);
#721 = CARTESIAN_POINT('',(2.25,2.985,-1.632027846199E-16));
#722 = DIRECTION('',(0.776114000116,-3.231223622486E-17,0.630592625094)
  );
#723 = DIRECTION('',(0.630592625094,-3.123516168403E-16,-0.776114000116)
  );
#724 = ADVANCED_FACE('',(#725),#736,.F.);
#725 = FACE_BOUND('',#726,.T.);
#726 = EDGE_LOOP('',(#727,#728,#729,#735));
#727 = ORIENTED_EDGE('',*,*,#713,.T.);
#728 = ORIENTED_EDGE('',*,*,#565,.T.);
#729 = ORIENTED_EDGE('',*,*,#730,.F.);
#730 = EDGE_CURVE('',#209,#558,#731,.T.);
#731 = LINE('',#732,#733);
#732 = CARTESIAN_POINT('',(0.,2.985,0.8));
#733 = VECTOR('',#734,1.);
#734 = DIRECTION('',(0.,-1.,2.22044604925E-16));
#735 = ORIENTED_EDGE('',*,*,#216,.F.);
#736 = PLANE('',#737);
#737 = AXIS2_PLACEMENT_3D('',#738,#739,#740);
#738 = CARTESIAN_POINT('',(1.6,2.985,0.8));
#739 = DIRECTION('',(-2.22044604925E-16,2.22044604925E-16,1.));
#740 = DIRECTION('',(1.,-2.22044604925E-16,2.22044604925E-16));
#741 = ADVANCED_FACE('',(#742),#800,.T.);
#742 = FACE_BOUND('',#743,.T.);
#743 = EDGE_LOOP('',(#744,#745,#753,#761,#769,#777,#785,#793,#799));
#744 = ORIENTED_EDGE('',*,*,#208,.F.);
#745 = ORIENTED_EDGE('',*,*,#746,.F.);
#746 = EDGE_CURVE('',#747,#209,#749,.T.);
#747 = VERTEX_POINT('',#748);
#748 = CARTESIAN_POINT('',(-1.6,2.985,0.8));
#749 = LINE('',#750,#751);
#750 = CARTESIAN_POINT('',(-1.6,2.985,0.8));
#751 = VECTOR('',#752,1.);
#752 = DIRECTION('',(1.,0.,0.));
#753 = ORIENTED_EDGE('',*,*,#754,.F.);
#754 = EDGE_CURVE('',#755,#747,#757,.T.);
#755 = VERTEX_POINT('',#756);
#756 = CARTESIAN_POINT('',(-2.25,2.985,-6.628031457012E-16));
#757 = LINE('',#758,#759);
#758 = CARTESIAN_POINT('',(-2.25,2.985,-8.881784197001E-16));
#759 = VECTOR('',#760,1.);
#760 = DIRECTION('',(0.630592625094,1.723319265326E-16,0.776114000116));
#761 = ORIENTED_EDGE('',*,*,#762,.F.);
#762 = EDGE_CURVE('',#763,#755,#765,.T.);
#763 = VERTEX_POINT('',#764);
#764 = CARTESIAN_POINT('',(-2.25,2.985,-0.55));
#765 = LINE('',#766,#767);
#766 = CARTESIAN_POINT('',(-2.25,2.985,-0.75));
#767 = VECTOR('',#768,1.);
#768 = DIRECTION('',(0.,2.22044604925E-16,1.));
#769 = ORIENTED_EDGE('',*,*,#770,.F.);
#770 = EDGE_CURVE('',#771,#763,#773,.T.);
#771 = VERTEX_POINT('',#772);
#772 = CARTESIAN_POINT('',(-2.425,2.985,-0.55));
#773 = LINE('',#774,#775);
#774 = CARTESIAN_POINT('',(-2.425,2.985,-0.55));
#775 = VECTOR('',#776,1.);
#776 = DIRECTION('',(1.,0.,0.));
#777 = ORIENTED_EDGE('',*,*,#778,.F.);
#778 = EDGE_CURVE('',#779,#771,#781,.T.);
#779 = VERTEX_POINT('',#780);
#780 = CARTESIAN_POINT('',(-2.6,2.985,-0.55));
#781 = LINE('',#782,#783);
#782 = CARTESIAN_POINT('',(-2.6,2.985,-0.55));
#783 = VECTOR('',#784,1.);
#784 = DIRECTION('',(1.,0.,0.));
#785 = ORIENTED_EDGE('',*,*,#786,.F.);
#786 = EDGE_CURVE('',#787,#779,#789,.T.);
#787 = VERTEX_POINT('',#788);
#788 = CARTESIAN_POINT('',(-2.6,2.985,0.35));
#789 = LINE('',#790,#791);
#790 = CARTESIAN_POINT('',(-2.6,2.985,0.35));
#791 = VECTOR('',#792,1.);
#792 = DIRECTION('',(0.,-2.22044604925E-16,-1.));
#793 = ORIENTED_EDGE('',*,*,#794,.F.);
#794 = EDGE_CURVE('',#271,#787,#795,.T.);
#795 = LINE('',#796,#797);
#796 = CARTESIAN_POINT('',(-1.5,2.985,2.2));
#797 = VECTOR('',#798,1.);
#798 = DIRECTION('',(-0.511075392877,-1.908553066744E-16,-0.859535888021
    ));
#799 = ORIENTED_EDGE('',*,*,#288,.T.);
#800 = PLANE('',#801);
#801 = AXIS2_PLACEMENT_3D('',#802,#803,#804);
#802 = CARTESIAN_POINT('',(-1.397273557117,2.985,1.042895070557));
#803 = DIRECTION('',(4.578445056458E-17,1.,-1.981009824963E-16));
#804 = DIRECTION('',(0.,1.981009824963E-16,1.));
#805 = ADVANCED_FACE('',(#806),#822,.T.);
#806 = FACE_BOUND('',#807,.T.);
#807 = EDGE_LOOP('',(#808,#809,#810,#816));
#808 = ORIENTED_EDGE('',*,*,#302,.F.);
#809 = ORIENTED_EDGE('',*,*,#270,.F.);
#810 = ORIENTED_EDGE('',*,*,#811,.T.);
#811 = EDGE_CURVE('',#271,#354,#812,.T.);
#812 = LINE('',#813,#814);
#813 = CARTESIAN_POINT('',(-1.5,2.985,2.2));
#814 = VECTOR('',#815,1.);
#815 = DIRECTION('',(0.,-1.,2.22044604925E-16));
#816 = ORIENTED_EDGE('',*,*,#817,.F.);
#817 = EDGE_CURVE('',#303,#354,#818,.T.);
#818 = LINE('',#819,#820);
#819 = CARTESIAN_POINT('',(-1.5,2.635,2.5));
#820 = VECTOR('',#821,1.);
#821 = DIRECTION('',(0.,-2.22044604925E-16,-1.));
#822 = PLANE('',#823);
#823 = AXIS2_PLACEMENT_3D('',#824,#825,#826);
#824 = CARTESIAN_POINT('',(-1.5,2.985,2.2));
#825 = DIRECTION('',(-1.,0.,0.));
#826 = DIRECTION('',(0.,2.22044604925E-16,1.));
#827 = ADVANCED_FACE('',(#828),#839,.T.);
#828 = FACE_BOUND('',#829,.T.);
#829 = EDGE_LOOP('',(#830,#831,#832,#833));
#830 = ORIENTED_EDGE('',*,*,#329,.T.);
#831 = ORIENTED_EDGE('',*,*,#817,.T.);
#832 = ORIENTED_EDGE('',*,*,#351,.F.);
#833 = ORIENTED_EDGE('',*,*,#834,.F.);
#834 = EDGE_CURVE('',#330,#352,#835,.T.);
#835 = LINE('',#836,#837);
#836 = CARTESIAN_POINT('',(-1.5,2.5,2.5));
#837 = VECTOR('',#838,1.);
#838 = DIRECTION('',(0.,-2.22044604925E-16,-1.));
#839 = PLANE('',#840);
#840 = AXIS2_PLACEMENT_3D('',#841,#842,#843);
#841 = CARTESIAN_POINT('',(-1.5,2.5,2.5));
#842 = DIRECTION('',(-1.,7.032269844464E-86,-1.428734239103E-101));
#843 = DIRECTION('',(-1.327433402375E-102,-2.22044604925E-16,-1.));
#844 = ADVANCED_FACE('',(#845,#895,#929),#963,.T.);
#845 = FACE_BOUND('',#846,.T.);
#846 = EDGE_LOOP('',(#847,#857,#865,#873,#881,#887,#888,#889));
#847 = ORIENTED_EDGE('',*,*,#848,.T.);
#848 = EDGE_CURVE('',#849,#851,#853,.T.);
#849 = VERTEX_POINT('',#850);
#850 = CARTESIAN_POINT('',(-3.35,2.5,2.5));
#851 = VERTEX_POINT('',#852);
#852 = CARTESIAN_POINT('',(-3.35,-2.5,2.5));
#853 = LINE('',#854,#855);
#854 = CARTESIAN_POINT('',(-3.35,2.5,2.5));
#855 = VECTOR('',#856,1.);
#856 = DIRECTION('',(0.,-1.,2.22044604925E-16));
#857 = ORIENTED_EDGE('',*,*,#858,.T.);
#858 = EDGE_CURVE('',#851,#859,#861,.T.);
#859 = VERTEX_POINT('',#860);
#860 = CARTESIAN_POINT('',(-3.,-2.5,2.5));
#861 = LINE('',#862,#863);
#862 = CARTESIAN_POINT('',(-3.35,-2.5,2.5));
#863 = VECTOR('',#864,1.);
#864 = DIRECTION('',(1.,5.887021680754E-32,2.651278864776E-16));
#865 = ORIENTED_EDGE('',*,*,#866,.T.);
#866 = EDGE_CURVE('',#859,#867,#869,.T.);
#867 = VERTEX_POINT('',#868);
#868 = CARTESIAN_POINT('',(3.,-2.5,2.5));
#869 = LINE('',#870,#871);
#870 = CARTESIAN_POINT('',(-3.,-2.5,2.5));
#871 = VECTOR('',#872,1.);
#872 = DIRECTION('',(1.,-2.22044604925E-16,2.775557561563E-16));
#873 = ORIENTED_EDGE('',*,*,#874,.T.);
#874 = EDGE_CURVE('',#867,#875,#877,.T.);
#875 = VERTEX_POINT('',#876);
#876 = CARTESIAN_POINT('',(3.35,-2.5,2.5));
#877 = LINE('',#878,#879);
#878 = CARTESIAN_POINT('',(-3.35,-2.5,2.5));
#879 = VECTOR('',#880,1.);
#880 = DIRECTION('',(1.,5.887021680754E-32,2.651278864776E-16));
#881 = ORIENTED_EDGE('',*,*,#882,.F.);
#882 = EDGE_CURVE('',#400,#875,#883,.T.);
#883 = LINE('',#884,#885);
#884 = CARTESIAN_POINT('',(3.35,2.5,2.5));
#885 = VECTOR('',#886,1.);
#886 = DIRECTION('',(0.,-1.,2.22044604925E-16));
#887 = ORIENTED_EDGE('',*,*,#399,.F.);
#888 = ORIENTED_EDGE('',*,*,#337,.T.);
#889 = ORIENTED_EDGE('',*,*,#890,.F.);
#890 = EDGE_CURVE('',#849,#330,#891,.T.);
#891 = LINE('',#892,#893);
#892 = CARTESIAN_POINT('',(-3.35,2.5,2.5));
#893 = VECTOR('',#894,1.);
#894 = DIRECTION('',(1.,5.887021680754E-32,2.651278864776E-16));
#895 = FACE_BOUND('',#896,.T.);
#896 = EDGE_LOOP('',(#897,#907,#915,#923));
#897 = ORIENTED_EDGE('',*,*,#898,.T.);
#898 = EDGE_CURVE('',#899,#901,#903,.T.);
#899 = VERTEX_POINT('',#900);
#900 = CARTESIAN_POINT('',(2.1,-1.95,2.5));
#901 = VERTEX_POINT('',#902);
#902 = CARTESIAN_POINT('',(2.1,-1.55,2.5));
#903 = LINE('',#904,#905);
#904 = CARTESIAN_POINT('',(2.1,-1.95,2.5));
#905 = VECTOR('',#906,1.);
#906 = DIRECTION('',(2.22044604925E-16,1.,-2.22044604925E-16));
#907 = ORIENTED_EDGE('',*,*,#908,.T.);
#908 = EDGE_CURVE('',#901,#909,#911,.T.);
#909 = VERTEX_POINT('',#910);
#910 = CARTESIAN_POINT('',(2.7,-1.55,2.5));
#911 = LINE('',#912,#913);
#912 = CARTESIAN_POINT('',(2.1,-1.55,2.5));
#913 = VECTOR('',#914,1.);
#914 = DIRECTION('',(1.,-2.22044604925E-16,2.775557561563E-16));
#915 = ORIENTED_EDGE('',*,*,#916,.F.);
#916 = EDGE_CURVE('',#917,#909,#919,.T.);
#917 = VERTEX_POINT('',#918);
#918 = CARTESIAN_POINT('',(2.7,-1.95,2.5));
#919 = LINE('',#920,#921);
#920 = CARTESIAN_POINT('',(2.7,-1.95,2.5));
#921 = VECTOR('',#922,1.);
#922 = DIRECTION('',(2.22044604925E-16,1.,-2.22044604925E-16));
#923 = ORIENTED_EDGE('',*,*,#924,.F.);
#924 = EDGE_CURVE('',#899,#917,#925,.T.);
#925 = LINE('',#926,#927);
#926 = CARTESIAN_POINT('',(2.1,-1.95,2.5));
#927 = VECTOR('',#928,1.);
#928 = DIRECTION('',(1.,-2.22044604925E-16,2.775557561563E-16));
#929 = FACE_BOUND('',#930,.T.);
#930 = EDGE_LOOP('',(#931,#941,#949,#957));
#931 = ORIENTED_EDGE('',*,*,#932,.F.);
#932 = EDGE_CURVE('',#933,#935,#937,.T.);
#933 = VERTEX_POINT('',#934);
#934 = CARTESIAN_POINT('',(-2.1,-1.55,2.5));
#935 = VERTEX_POINT('',#936);
#936 = CARTESIAN_POINT('',(-2.7,-1.55,2.5));
#937 = LINE('',#938,#939);
#938 = CARTESIAN_POINT('',(-2.1,-1.55,2.5));
#939 = VECTOR('',#940,1.);
#940 = DIRECTION('',(-1.,-1.232595164408E-32,5.551115123126E-17));
#941 = ORIENTED_EDGE('',*,*,#942,.F.);
#942 = EDGE_CURVE('',#943,#933,#945,.T.);
#943 = VERTEX_POINT('',#944);
#944 = CARTESIAN_POINT('',(-2.1,-1.95,2.5));
#945 = LINE('',#946,#947);
#946 = CARTESIAN_POINT('',(-2.1,-1.95,2.5));
#947 = VECTOR('',#948,1.);
#948 = DIRECTION('',(9.860761315263E-32,1.,-2.22044604925E-16));
#949 = ORIENTED_EDGE('',*,*,#950,.T.);
#950 = EDGE_CURVE('',#943,#951,#953,.T.);
#951 = VERTEX_POINT('',#952);
#952 = CARTESIAN_POINT('',(-2.7,-1.95,2.5));
#953 = LINE('',#954,#955);
#954 = CARTESIAN_POINT('',(-2.1,-1.95,2.5));
#955 = VECTOR('',#956,1.);
#956 = DIRECTION('',(-1.,-1.232595164408E-32,5.551115123126E-17));
#957 = ORIENTED_EDGE('',*,*,#958,.T.);
#958 = EDGE_CURVE('',#951,#935,#959,.T.);
#959 = LINE('',#960,#961);
#960 = CARTESIAN_POINT('',(-2.7,-1.95,2.5));
#961 = VECTOR('',#962,1.);
#962 = DIRECTION('',(9.860761315263E-32,1.,-2.22044604925E-16));
#963 = PLANE('',#964);
#964 = AXIS2_PLACEMENT_3D('',#965,#966,#967);
#965 = CARTESIAN_POINT('',(-3.35,2.5,2.5));
#966 = DIRECTION('',(-2.651278864776E-16,2.22044604925E-16,1.));
#967 = DIRECTION('',(1.,5.887021680754E-32,2.651278864776E-16));
#968 = ADVANCED_FACE('',(#969),#1019,.F.);
#969 = FACE_BOUND('',#970,.F.);
#970 = EDGE_LOOP('',(#971,#981,#989,#997,#1005,#1011,#1012,#1013));
#971 = ORIENTED_EDGE('',*,*,#972,.T.);
#972 = EDGE_CURVE('',#973,#975,#977,.T.);
#973 = VERTEX_POINT('',#974);
#974 = CARTESIAN_POINT('',(-3.35,2.5,2.2));
#975 = VERTEX_POINT('',#976);
#976 = CARTESIAN_POINT('',(-3.35,-2.5,2.2));
#977 = LINE('',#978,#979);
#978 = CARTESIAN_POINT('',(-3.35,2.5,2.2));
#979 = VECTOR('',#980,1.);
#980 = DIRECTION('',(0.,-1.,2.22044604925E-16));
#981 = ORIENTED_EDGE('',*,*,#982,.T.);
#982 = EDGE_CURVE('',#975,#983,#985,.T.);
#983 = VERTEX_POINT('',#984);
#984 = CARTESIAN_POINT('',(-3.,-2.5,2.2));
#985 = LINE('',#986,#987);
#986 = CARTESIAN_POINT('',(-3.35,-2.5,2.2));
#987 = VECTOR('',#988,1.);
#988 = DIRECTION('',(1.,0.,0.));
#989 = ORIENTED_EDGE('',*,*,#990,.T.);
#990 = EDGE_CURVE('',#983,#991,#993,.T.);
#991 = VERTEX_POINT('',#992);
#992 = CARTESIAN_POINT('',(3.,-2.5,2.2));
#993 = LINE('',#994,#995);
#994 = CARTESIAN_POINT('',(-3.,-2.5,2.2));
#995 = VECTOR('',#996,1.);
#996 = DIRECTION('',(1.,-2.22044604925E-16,2.775557561563E-16));
#997 = ORIENTED_EDGE('',*,*,#998,.T.);
#998 = EDGE_CURVE('',#991,#999,#1001,.T.);
#999 = VERTEX_POINT('',#1000);
#1000 = CARTESIAN_POINT('',(3.35,-2.5,2.2));
#1001 = LINE('',#1002,#1003);
#1002 = CARTESIAN_POINT('',(-3.35,-2.5,2.2));
#1003 = VECTOR('',#1004,1.);
#1004 = DIRECTION('',(1.,0.,0.));
#1005 = ORIENTED_EDGE('',*,*,#1006,.F.);
#1006 = EDGE_CURVE('',#391,#999,#1007,.T.);
#1007 = LINE('',#1008,#1009);
#1008 = CARTESIAN_POINT('',(3.35,2.5,2.2));
#1009 = VECTOR('',#1010,1.);
#1010 = DIRECTION('',(0.,-1.,2.22044604925E-16));
#1011 = ORIENTED_EDGE('',*,*,#390,.F.);
#1012 = ORIENTED_EDGE('',*,*,#376,.F.);
#1013 = ORIENTED_EDGE('',*,*,#1014,.F.);
#1014 = EDGE_CURVE('',#973,#352,#1015,.T.);
#1015 = LINE('',#1016,#1017);
#1016 = CARTESIAN_POINT('',(-3.35,2.5,2.2));
#1017 = VECTOR('',#1018,1.);
#1018 = DIRECTION('',(1.,0.,0.));
#1019 = PLANE('',#1020);
#1020 = AXIS2_PLACEMENT_3D('',#1021,#1022,#1023);
#1021 = CARTESIAN_POINT('',(-3.35,2.5,2.2));
#1022 = DIRECTION('',(0.,2.22044604925E-16,1.));
#1023 = DIRECTION('',(1.,0.,0.));
#1024 = ADVANCED_FACE('',(#1025),#1107,.F.);
#1025 = FACE_BOUND('',#1026,.F.);
#1026 = EDGE_LOOP('',(#1027,#1037,#1045,#1053,#1061,#1067,#1068,#1069,
    #1077,#1085,#1093,#1101));
#1027 = ORIENTED_EDGE('',*,*,#1028,.F.);
#1028 = EDGE_CURVE('',#1029,#1031,#1033,.T.);
#1029 = VERTEX_POINT('',#1030);
#1030 = CARTESIAN_POINT('',(-2.6,2.635,5.E-02));
#1031 = VERTEX_POINT('',#1032);
#1032 = CARTESIAN_POINT('',(-2.6,2.635,-0.55));
#1033 = LINE('',#1034,#1035);
#1034 = CARTESIAN_POINT('',(-2.6,2.635,0.35));
#1035 = VECTOR('',#1036,1.);
#1036 = DIRECTION('',(0.,-2.22044604925E-16,-1.));
#1037 = ORIENTED_EDGE('',*,*,#1038,.T.);
#1038 = EDGE_CURVE('',#1029,#1039,#1041,.T.);
#1039 = VERTEX_POINT('',#1040);
#1040 = CARTESIAN_POINT('',(-2.25,2.635,5.E-02));
#1041 = LINE('',#1042,#1043);
#1042 = CARTESIAN_POINT('',(-2.6,2.635,5.E-02));
#1043 = VECTOR('',#1044,1.);
#1044 = DIRECTION('',(1.,-7.032269844464E-86,1.428734239103E-101));
#1045 = ORIENTED_EDGE('',*,*,#1046,.T.);
#1046 = EDGE_CURVE('',#1039,#1047,#1049,.T.);
#1047 = VERTEX_POINT('',#1048);
#1048 = CARTESIAN_POINT('',(-2.25,2.635,0.35));
#1049 = LINE('',#1050,#1051);
#1050 = CARTESIAN_POINT('',(-2.25,2.635,5.E-02));
#1051 = VECTOR('',#1052,1.);
#1052 = DIRECTION('',(0.,2.22044604925E-16,1.));
#1053 = ORIENTED_EDGE('',*,*,#1054,.T.);
#1054 = EDGE_CURVE('',#1047,#1055,#1057,.T.);
#1055 = VERTEX_POINT('',#1056);
#1056 = CARTESIAN_POINT('',(-2.6,2.635,0.35));
#1057 = LINE('',#1058,#1059);
#1058 = CARTESIAN_POINT('',(-2.25,2.635,0.35));
#1059 = VECTOR('',#1060,1.);
#1060 = DIRECTION('',(-1.,7.032269844464E-86,-1.428734239103E-101));
#1061 = ORIENTED_EDGE('',*,*,#1062,.F.);
#1062 = EDGE_CURVE('',#354,#1055,#1063,.T.);
#1063 = LINE('',#1064,#1065);
#1064 = CARTESIAN_POINT('',(-1.5,2.635,2.2));
#1065 = VECTOR('',#1066,1.);
#1066 = DIRECTION('',(-0.511075392877,-1.908553066744E-16,
    -0.859535888021));
#1067 = ORIENTED_EDGE('',*,*,#361,.T.);
#1068 = ORIENTED_EDGE('',*,*,#557,.F.);
#1069 = ORIENTED_EDGE('',*,*,#1070,.F.);
#1070 = EDGE_CURVE('',#1071,#558,#1073,.T.);
#1071 = VERTEX_POINT('',#1072);
#1072 = CARTESIAN_POINT('',(-1.6,2.635,0.8));
#1073 = LINE('',#1074,#1075);
#1074 = CARTESIAN_POINT('',(-1.6,2.635,0.8));
#1075 = VECTOR('',#1076,1.);
#1076 = DIRECTION('',(1.,0.,0.));
#1077 = ORIENTED_EDGE('',*,*,#1078,.F.);
#1078 = EDGE_CURVE('',#1079,#1071,#1081,.T.);
#1079 = VERTEX_POINT('',#1080);
#1080 = CARTESIAN_POINT('',(-2.25,2.635,-5.850875339775E-16));
#1081 = LINE('',#1082,#1083);
#1082 = CARTESIAN_POINT('',(-2.25,2.635,-8.881784197001E-16));
#1083 = VECTOR('',#1084,1.);
#1084 = DIRECTION('',(0.630592625094,1.723319265326E-16,0.776114000116)
  );
#1085 = ORIENTED_EDGE('',*,*,#1086,.F.);
#1086 = EDGE_CURVE('',#1087,#1079,#1089,.T.);
#1087 = VERTEX_POINT('',#1088);
#1088 = CARTESIAN_POINT('',(-2.25,2.635,-0.55));
#1089 = LINE('',#1090,#1091);
#1090 = CARTESIAN_POINT('',(-2.25,2.635,-0.75));
#1091 = VECTOR('',#1092,1.);
#1092 = DIRECTION('',(0.,2.22044604925E-16,1.));
#1093 = ORIENTED_EDGE('',*,*,#1094,.F.);
#1094 = EDGE_CURVE('',#1095,#1087,#1097,.T.);
#1095 = VERTEX_POINT('',#1096);
#1096 = CARTESIAN_POINT('',(-2.425,2.635,-0.55));
#1097 = LINE('',#1098,#1099);
#1098 = CARTESIAN_POINT('',(-2.425,2.635,-0.55));
#1099 = VECTOR('',#1100,1.);
#1100 = DIRECTION('',(1.,0.,0.));
#1101 = ORIENTED_EDGE('',*,*,#1102,.F.);
#1102 = EDGE_CURVE('',#1031,#1095,#1103,.T.);
#1103 = LINE('',#1104,#1105);
#1104 = CARTESIAN_POINT('',(-2.6,2.635,-0.55));
#1105 = VECTOR('',#1106,1.);
#1106 = DIRECTION('',(1.,0.,0.));
#1107 = PLANE('',#1108);
#1108 = AXIS2_PLACEMENT_3D('',#1109,#1110,#1111);
#1109 = CARTESIAN_POINT('',(-1.397273557117,2.635,1.042895070557));
#1110 = DIRECTION('',(4.578445056458E-17,1.,-1.981009824963E-16));
#1111 = DIRECTION('',(0.,1.981009824963E-16,1.));
#1112 = ADVANCED_FACE('',(#1113),#1132,.F.);
#1113 = FACE_BOUND('',#1114,.T.);
#1114 = EDGE_LOOP('',(#1115,#1123,#1130,#1131));
#1115 = ORIENTED_EDGE('',*,*,#1116,.T.);
#1116 = EDGE_CURVE('',#501,#1117,#1119,.T.);
#1117 = VERTEX_POINT('',#1118);
#1118 = CARTESIAN_POINT('',(3.45,-2.5,2.1));
#1119 = LINE('',#1120,#1121);
#1120 = CARTESIAN_POINT('',(3.45,2.5,2.1));
#1121 = VECTOR('',#1122,1.);
#1122 = DIRECTION('',(0.,-1.,2.22044604925E-16));
#1123 = ORIENTED_EDGE('',*,*,#1124,.T.);
#1124 = EDGE_CURVE('',#1117,#999,#1125,.T.);
#1125 = CIRCLE('',#1126,0.1);
#1126 = AXIS2_PLACEMENT_3D('',#1127,#1128,#1129);
#1127 = CARTESIAN_POINT('',(3.35,-2.5,2.1));
#1128 = DIRECTION('',(0.,-1.,2.22044604925E-16));
#1129 = DIRECTION('',(1.,0.,0.));
#1130 = ORIENTED_EDGE('',*,*,#1006,.F.);
#1131 = ORIENTED_EDGE('',*,*,#508,.F.);
#1132 = CYLINDRICAL_SURFACE('',#1133,0.1);
#1133 = AXIS2_PLACEMENT_3D('',#1134,#1135,#1136);
#1134 = CARTESIAN_POINT('',(3.35,2.5,2.1));
#1135 = DIRECTION('',(0.,1.,-2.22044604925E-16));
#1136 = DIRECTION('',(1.,0.,0.));
#1137 = ADVANCED_FACE('',(#1138),#1172,.F.);
#1138 = FACE_BOUND('',#1139,.F.);
#1139 = EDGE_LOOP('',(#1140,#1141,#1149,#1157,#1165,#1171));
#1140 = ORIENTED_EDGE('',*,*,#1116,.T.);
#1141 = ORIENTED_EDGE('',*,*,#1142,.T.);
#1142 = EDGE_CURVE('',#1117,#1143,#1145,.T.);
#1143 = VERTEX_POINT('',#1144);
#1144 = CARTESIAN_POINT('',(3.45,-2.5,1.95));
#1145 = LINE('',#1146,#1147);
#1146 = CARTESIAN_POINT('',(3.45,-2.5,2.1));
#1147 = VECTOR('',#1148,1.);
#1148 = DIRECTION('',(-8.823859174318E-16,-2.22044604925E-16,-1.));
#1149 = ORIENTED_EDGE('',*,*,#1150,.F.);
#1150 = EDGE_CURVE('',#1151,#1143,#1153,.T.);
#1151 = VERTEX_POINT('',#1152);
#1152 = CARTESIAN_POINT('',(3.45,-2.5,1.15));
#1153 = LINE('',#1154,#1155);
#1154 = CARTESIAN_POINT('',(3.45,-2.5,1.15));
#1155 = VECTOR('',#1156,1.);
#1156 = DIRECTION('',(-2.22044604925E-16,0.,1.));
#1157 = ORIENTED_EDGE('',*,*,#1158,.T.);
#1158 = EDGE_CURVE('',#1151,#1159,#1161,.T.);
#1159 = VERTEX_POINT('',#1160);
#1160 = CARTESIAN_POINT('',(3.45,-2.5,1.093435409435));
#1161 = LINE('',#1162,#1163);
#1162 = CARTESIAN_POINT('',(3.45,-2.5,2.1));
#1163 = VECTOR('',#1164,1.);
#1164 = DIRECTION('',(-8.823859174318E-16,-2.22044604925E-16,-1.));
#1165 = ORIENTED_EDGE('',*,*,#1166,.F.);
#1166 = EDGE_CURVE('',#492,#1159,#1167,.T.);
#1167 = LINE('',#1168,#1169);
#1168 = CARTESIAN_POINT('',(3.45,2.5,1.093435409435));
#1169 = VECTOR('',#1170,1.);
#1170 = DIRECTION('',(0.,-1.,2.22044604925E-16));
#1171 = ORIENTED_EDGE('',*,*,#500,.F.);
#1172 = PLANE('',#1173);
#1173 = AXIS2_PLACEMENT_3D('',#1174,#1175,#1176);
#1174 = CARTESIAN_POINT('',(3.45,2.5,2.1));
#1175 = DIRECTION('',(1.,-1.959290324276E-31,-8.823859174318E-16));
#1176 = DIRECTION('',(-8.823859174318E-16,-2.22044604925E-16,-1.));
#1177 = ADVANCED_FACE('',(#1178),#1197,.F.);
#1178 = FACE_BOUND('',#1179,.T.);
#1179 = EDGE_LOOP('',(#1180,#1188,#1195,#1196));
#1180 = ORIENTED_EDGE('',*,*,#1181,.T.);
#1181 = EDGE_CURVE('',#484,#1182,#1184,.T.);
#1182 = VERTEX_POINT('',#1183);
#1183 = CARTESIAN_POINT('',(3.418199836006,-2.5,1.020300039273));
#1184 = LINE('',#1185,#1186);
#1185 = CARTESIAN_POINT('',(3.418199836006,2.5,1.020300039273));
#1186 = VECTOR('',#1187,1.);
#1187 = DIRECTION('',(0.,-1.,2.22044604925E-16));
#1188 = ORIENTED_EDGE('',*,*,#1189,.T.);
#1189 = EDGE_CURVE('',#1182,#1159,#1190,.T.);
#1190 = CIRCLE('',#1191,0.1);
#1191 = AXIS2_PLACEMENT_3D('',#1192,#1193,#1194);
#1192 = CARTESIAN_POINT('',(3.35,-2.5,1.093435409435));
#1193 = DIRECTION('',(0.,-1.,2.22044604925E-16));
#1194 = DIRECTION('',(1.,0.,0.));
#1195 = ORIENTED_EDGE('',*,*,#1166,.F.);
#1196 = ORIENTED_EDGE('',*,*,#491,.F.);
#1197 = CYLINDRICAL_SURFACE('',#1198,0.1);
#1198 = AXIS2_PLACEMENT_3D('',#1199,#1200,#1201);
#1199 = CARTESIAN_POINT('',(3.35,2.5,1.093435409435));
#1200 = DIRECTION('',(0.,1.,-2.22044604925E-16));
#1201 = DIRECTION('',(1.,0.,0.));
#1202 = ADVANCED_FACE('',(#1203),#1221,.F.);
#1203 = FACE_BOUND('',#1204,.F.);
#1204 = EDGE_LOOP('',(#1205,#1206,#1214,#1220));
#1205 = ORIENTED_EDGE('',*,*,#1181,.T.);
#1206 = ORIENTED_EDGE('',*,*,#1207,.T.);
#1207 = EDGE_CURVE('',#1182,#1208,#1210,.T.);
#1208 = VERTEX_POINT('',#1209);
#1209 = CARTESIAN_POINT('',(2.728199836006,-2.5,0.376864629838));
#1210 = LINE('',#1211,#1212);
#1211 = CARTESIAN_POINT('',(3.418199836006,-2.5,1.020300039273));
#1212 = VECTOR('',#1213,1.);
#1213 = DIRECTION('',(-0.731353701619,-1.514340564196E-16,
    -0.681998360062));
#1214 = ORIENTED_EDGE('',*,*,#1215,.F.);
#1215 = EDGE_CURVE('',#475,#1208,#1216,.T.);
#1216 = LINE('',#1217,#1218);
#1217 = CARTESIAN_POINT('',(2.728199836006,2.5,0.376864629838));
#1218 = VECTOR('',#1219,1.);
#1219 = DIRECTION('',(0.,-1.,2.22044604925E-16));
#1220 = ORIENTED_EDGE('',*,*,#483,.F.);
#1221 = PLANE('',#1222);
#1222 = AXIS2_PLACEMENT_3D('',#1223,#1224,#1225);
#1223 = CARTESIAN_POINT('',(3.418199836006,2.5,1.020300039273));
#1224 = DIRECTION('',(0.681998360062,-1.623931437365E-16,-0.731353701619
    ));
#1225 = DIRECTION('',(-0.731353701619,-1.514340564196E-16,
    -0.681998360062));
#1226 = ADVANCED_FACE('',(#1227),#1246,.F.);
#1227 = FACE_BOUND('',#1228,.T.);
#1228 = EDGE_LOOP('',(#1229,#1237,#1244,#1245));
#1229 = ORIENTED_EDGE('',*,*,#1230,.T.);
#1230 = EDGE_CURVE('',#467,#1231,#1233,.T.);
#1231 = VERTEX_POINT('',#1232);
#1232 = CARTESIAN_POINT('',(2.66,-2.5,0.35));
#1233 = LINE('',#1234,#1235);
#1234 = CARTESIAN_POINT('',(2.66,2.5,0.35));
#1235 = VECTOR('',#1236,1.);
#1236 = DIRECTION('',(0.,-1.,2.22044604925E-16));
#1237 = ORIENTED_EDGE('',*,*,#1238,.T.);
#1238 = EDGE_CURVE('',#1231,#1208,#1239,.T.);
#1239 = CIRCLE('',#1240,0.1);
#1240 = AXIS2_PLACEMENT_3D('',#1241,#1242,#1243);
#1241 = CARTESIAN_POINT('',(2.66,-2.5,0.45));
#1242 = DIRECTION('',(0.,-1.,2.22044604925E-16));
#1243 = DIRECTION('',(1.,0.,0.));
#1244 = ORIENTED_EDGE('',*,*,#1215,.F.);
#1245 = ORIENTED_EDGE('',*,*,#474,.F.);
#1246 = CYLINDRICAL_SURFACE('',#1247,0.1);
#1247 = AXIS2_PLACEMENT_3D('',#1248,#1249,#1250);
#1248 = CARTESIAN_POINT('',(2.66,2.5,0.45));
#1249 = DIRECTION('',(0.,1.,-2.22044604925E-16));
#1250 = DIRECTION('',(1.,0.,0.));
#1251 = ADVANCED_FACE('',(#1252),#1366,.F.);
#1252 = FACE_BOUND('',#1253,.F.);
#1253 = EDGE_LOOP('',(#1254,#1255,#1256,#1264,#1272,#1280,#1288,#1296,
    #1304,#1312,#1320,#1328,#1336,#1344,#1352,#1360));
#1254 = ORIENTED_EDGE('',*,*,#466,.F.);
#1255 = ORIENTED_EDGE('',*,*,#1230,.T.);
#1256 = ORIENTED_EDGE('',*,*,#1257,.T.);
#1257 = EDGE_CURVE('',#1231,#1258,#1260,.T.);
#1258 = VERTEX_POINT('',#1259);
#1259 = CARTESIAN_POINT('',(2.55,-2.5,0.35));
#1260 = LINE('',#1261,#1262);
#1261 = CARTESIAN_POINT('',(2.66,-2.5,0.35));
#1262 = VECTOR('',#1263,1.);
#1263 = DIRECTION('',(-1.,-4.633816407548E-33,-2.086885384634E-17));
#1264 = ORIENTED_EDGE('',*,*,#1265,.F.);
#1265 = EDGE_CURVE('',#1266,#1258,#1268,.T.);
#1266 = VERTEX_POINT('',#1267);
#1267 = CARTESIAN_POINT('',(5.E-02,-2.5,0.35));
#1268 = LINE('',#1269,#1270);
#1269 = CARTESIAN_POINT('',(5.E-02,-2.5,0.35));
#1270 = VECTOR('',#1271,1.);
#1271 = DIRECTION('',(1.,1.232595164408E-32,-5.551115123126E-17));
#1272 = ORIENTED_EDGE('',*,*,#1273,.T.);
#1273 = EDGE_CURVE('',#1266,#1274,#1276,.T.);
#1274 = VERTEX_POINT('',#1275);
#1275 = CARTESIAN_POINT('',(-5.E-02,-2.5,0.35));
#1276 = LINE('',#1277,#1278);
#1277 = CARTESIAN_POINT('',(2.66,-2.5,0.35));
#1278 = VECTOR('',#1279,1.);
#1279 = DIRECTION('',(-1.,-4.633816407548E-33,-2.086885384634E-17));
#1280 = ORIENTED_EDGE('',*,*,#1281,.T.);
#1281 = EDGE_CURVE('',#1274,#1282,#1284,.T.);
#1282 = VERTEX_POINT('',#1283);
#1283 = CARTESIAN_POINT('',(-2.55,-2.5,0.35));
#1284 = LINE('',#1285,#1286);
#1285 = CARTESIAN_POINT('',(-5.E-02,-2.5,0.35));
#1286 = VECTOR('',#1287,1.);
#1287 = DIRECTION('',(-1.,2.22044604925E-16,-2.775557561563E-16));
#1288 = ORIENTED_EDGE('',*,*,#1289,.T.);
#1289 = EDGE_CURVE('',#1282,#1290,#1292,.T.);
#1290 = VERTEX_POINT('',#1291);
#1291 = CARTESIAN_POINT('',(-2.66,-2.5,0.35));
#1292 = LINE('',#1293,#1294);
#1293 = CARTESIAN_POINT('',(2.66,-2.5,0.35));
#1294 = VECTOR('',#1295,1.);
#1295 = DIRECTION('',(-1.,-4.633816407548E-33,-2.086885384634E-17));
#1296 = ORIENTED_EDGE('',*,*,#1297,.F.);
#1297 = EDGE_CURVE('',#1298,#1290,#1300,.T.);
#1298 = VERTEX_POINT('',#1299);
#1299 = CARTESIAN_POINT('',(-2.66,2.5,0.35));
#1300 = LINE('',#1301,#1302);
#1301 = CARTESIAN_POINT('',(-2.66,2.5,0.35));
#1302 = VECTOR('',#1303,1.);
#1303 = DIRECTION('',(0.,-1.,2.22044604925E-16));
#1304 = ORIENTED_EDGE('',*,*,#1305,.F.);
#1305 = EDGE_CURVE('',#1306,#1298,#1308,.T.);
#1306 = VERTEX_POINT('',#1307);
#1307 = CARTESIAN_POINT('',(-2.6,2.5,0.35));
#1308 = LINE('',#1309,#1310);
#1309 = CARTESIAN_POINT('',(2.66,2.5,0.35));
#1310 = VECTOR('',#1311,1.);
#1311 = DIRECTION('',(-1.,-4.633816407548E-33,-2.086885384634E-17));
#1312 = ORIENTED_EDGE('',*,*,#1313,.F.);
#1313 = EDGE_CURVE('',#1314,#1306,#1316,.T.);
#1314 = VERTEX_POINT('',#1315);
#1315 = CARTESIAN_POINT('',(-2.25,2.5,0.35));
#1316 = LINE('',#1317,#1318);
#1317 = CARTESIAN_POINT('',(-2.25,2.5,0.35));
#1318 = VECTOR('',#1319,1.);
#1319 = DIRECTION('',(-1.,7.032269844464E-86,-1.428734239103E-101));
#1320 = ORIENTED_EDGE('',*,*,#1321,.F.);
#1321 = EDGE_CURVE('',#1322,#1314,#1324,.T.);
#1322 = VERTEX_POINT('',#1323);
#1323 = CARTESIAN_POINT('',(-1.91,2.5,0.35));
#1324 = LINE('',#1325,#1326);
#1325 = CARTESIAN_POINT('',(2.66,2.5,0.35));
#1326 = VECTOR('',#1327,1.);
#1327 = DIRECTION('',(-1.,-4.633816407548E-33,-2.086885384634E-17));
#1328 = ORIENTED_EDGE('',*,*,#1329,.T.);
#1329 = EDGE_CURVE('',#1322,#1330,#1332,.T.);
#1330 = VERTEX_POINT('',#1331);
#1331 = CARTESIAN_POINT('',(-1.91,1.,0.35));
#1332 = LINE('',#1333,#1334);
#1333 = CARTESIAN_POINT('',(-1.91,3.665586,0.35));
#1334 = VECTOR('',#1335,1.);
#1335 = DIRECTION('',(0.,-1.,2.22044604925E-16));
#1336 = ORIENTED_EDGE('',*,*,#1337,.T.);
#1337 = EDGE_CURVE('',#1330,#1338,#1340,.T.);
#1338 = VERTEX_POINT('',#1339);
#1339 = CARTESIAN_POINT('',(1.91,1.,0.35));
#1340 = LINE('',#1341,#1342);
#1341 = CARTESIAN_POINT('',(0.375,1.,0.35));
#1342 = VECTOR('',#1343,1.);
#1343 = DIRECTION('',(1.,1.062868093315E-47,2.086885384634E-17));
#1344 = ORIENTED_EDGE('',*,*,#1345,.T.);
#1345 = EDGE_CURVE('',#1338,#1346,#1348,.T.);
#1346 = VERTEX_POINT('',#1347);
#1347 = CARTESIAN_POINT('',(1.91,2.5,0.35));
#1348 = LINE('',#1349,#1350);
#1349 = CARTESIAN_POINT('',(1.91,1.75,0.35));
#1350 = VECTOR('',#1351,1.);
#1351 = DIRECTION('',(0.,1.,-2.22044604925E-16));
#1352 = ORIENTED_EDGE('',*,*,#1353,.F.);
#1353 = EDGE_CURVE('',#1354,#1346,#1356,.T.);
#1354 = VERTEX_POINT('',#1355);
#1355 = CARTESIAN_POINT('',(2.25,2.5,0.35));
#1356 = LINE('',#1357,#1358);
#1357 = CARTESIAN_POINT('',(2.66,2.5,0.35));
#1358 = VECTOR('',#1359,1.);
#1359 = DIRECTION('',(-1.,-4.633816407548E-33,-2.086885384634E-17));
#1360 = ORIENTED_EDGE('',*,*,#1361,.T.);
#1361 = EDGE_CURVE('',#1354,#459,#1362,.T.);
#1362 = LINE('',#1363,#1364);
#1363 = CARTESIAN_POINT('',(2.25,2.5,0.35));
#1364 = VECTOR('',#1365,1.);
#1365 = DIRECTION('',(1.,-2.22044604925E-16,2.22044604925E-16));
#1366 = PLANE('',#1367);
#1367 = AXIS2_PLACEMENT_3D('',#1368,#1369,#1370);
#1368 = CARTESIAN_POINT('',(2.66,2.5,0.35));
#1369 = DIRECTION('',(2.086885384634E-17,-2.22044604925E-16,-1.));
#1370 = DIRECTION('',(-1.,-4.633816407548E-33,-2.086885384634E-17));
#1371 = ADVANCED_FACE('',(#1372),#1388,.T.);
#1372 = FACE_BOUND('',#1373,.F.);
#1373 = EDGE_LOOP('',(#1374,#1380,#1381,#1387));
#1374 = ORIENTED_EDGE('',*,*,#1375,.T.);
#1375 = EDGE_CURVE('',#459,#177,#1376,.T.);
#1376 = LINE('',#1377,#1378);
#1377 = CARTESIAN_POINT('',(2.6,2.5,0.35));
#1378 = VECTOR('',#1379,1.);
#1379 = DIRECTION('',(2.22044604925E-16,1.,-2.22044604925E-16));
#1380 = ORIENTED_EDGE('',*,*,#525,.T.);
#1381 = ORIENTED_EDGE('',*,*,#1382,.F.);
#1382 = EDGE_CURVE('',#451,#526,#1383,.T.);
#1383 = LINE('',#1384,#1385);
#1384 = CARTESIAN_POINT('',(2.6,2.5,5.E-02));
#1385 = VECTOR('',#1386,1.);
#1386 = DIRECTION('',(2.22044604925E-16,1.,-2.22044604925E-16));
#1387 = ORIENTED_EDGE('',*,*,#458,.F.);
#1388 = PLANE('',#1389);
#1389 = AXIS2_PLACEMENT_3D('',#1390,#1391,#1392);
#1390 = CARTESIAN_POINT('',(2.6,2.5,0.35));
#1391 = DIRECTION('',(1.,-2.22044604925E-16,2.22044604925E-16));
#1392 = DIRECTION('',(-2.22044604925E-16,2.22044604925E-16,1.));
#1393 = ADVANCED_FACE('',(#1394),#1595,.T.);
#1394 = FACE_BOUND('',#1395,.T.);
#1395 = EDGE_LOOP('',(#1396,#1397,#1405,#1413,#1421,#1429,#1437,#1445,
    #1453,#1461,#1469,#1477,#1485,#1493,#1501,#1509,#1517,#1525,#1533,
    #1541,#1549,#1557,#1565,#1573,#1581,#1589));
#1396 = ORIENTED_EDGE('',*,*,#450,.F.);
#1397 = ORIENTED_EDGE('',*,*,#1398,.T.);
#1398 = EDGE_CURVE('',#442,#1399,#1401,.T.);
#1399 = VERTEX_POINT('',#1400);
#1400 = CARTESIAN_POINT('',(2.660000000004,0.1,5.E-02));
#1401 = LINE('',#1402,#1403);
#1402 = CARTESIAN_POINT('',(2.660000000004,2.5,5.E-02));
#1403 = VECTOR('',#1404,1.);
#1404 = DIRECTION('',(0.,-1.,2.22044604925E-16));
#1405 = ORIENTED_EDGE('',*,*,#1406,.T.);
#1406 = EDGE_CURVE('',#1399,#1407,#1409,.T.);
#1407 = VERTEX_POINT('',#1408);
#1408 = CARTESIAN_POINT('',(2.625,0.1,5.E-02));
#1409 = LINE('',#1410,#1411);
#1410 = CARTESIAN_POINT('',(2.717500000002,0.1,5.E-02));
#1411 = VECTOR('',#1412,1.);
#1412 = DIRECTION('',(-1.,0.,0.));
#1413 = ORIENTED_EDGE('',*,*,#1414,.T.);
#1414 = EDGE_CURVE('',#1407,#1415,#1417,.T.);
#1415 = VERTEX_POINT('',#1416);
#1416 = CARTESIAN_POINT('',(2.625,-0.3,5.E-02));
#1417 = LINE('',#1418,#1419);
#1418 = CARTESIAN_POINT('',(2.625,1.3,5.E-02));
#1419 = VECTOR('',#1420,1.);
#1420 = DIRECTION('',(0.,-1.,2.22044604925E-16));
#1421 = ORIENTED_EDGE('',*,*,#1422,.T.);
#1422 = EDGE_CURVE('',#1415,#1423,#1425,.T.);
#1423 = VERTEX_POINT('',#1424);
#1424 = CARTESIAN_POINT('',(2.625,-0.7,5.E-02));
#1425 = LINE('',#1426,#1427);
#1426 = CARTESIAN_POINT('',(2.625,1.1,5.E-02));
#1427 = VECTOR('',#1428,1.);
#1428 = DIRECTION('',(0.,-1.,2.22044604925E-16));
#1429 = ORIENTED_EDGE('',*,*,#1430,.T.);
#1430 = EDGE_CURVE('',#1423,#1431,#1433,.T.);
#1431 = VERTEX_POINT('',#1432);
#1432 = CARTESIAN_POINT('',(2.660000000004,-0.7,5.E-02));
#1433 = LINE('',#1434,#1435);
#1434 = CARTESIAN_POINT('',(2.642500000002,-0.7,5.E-02));
#1435 = VECTOR('',#1436,1.);
#1436 = DIRECTION('',(1.,0.,0.));
#1437 = ORIENTED_EDGE('',*,*,#1438,.T.);
#1438 = EDGE_CURVE('',#1431,#1439,#1441,.T.);
#1439 = VERTEX_POINT('',#1440);
#1440 = CARTESIAN_POINT('',(2.660000000004,-2.5,5.E-02));
#1441 = LINE('',#1442,#1443);
#1442 = CARTESIAN_POINT('',(2.660000000004,2.5,5.E-02));
#1443 = VECTOR('',#1444,1.);
#1444 = DIRECTION('',(0.,-1.,2.22044604925E-16));
#1445 = ORIENTED_EDGE('',*,*,#1446,.T.);
#1446 = EDGE_CURVE('',#1439,#1447,#1449,.T.);
#1447 = VERTEX_POINT('',#1448);
#1448 = CARTESIAN_POINT('',(2.55,-2.5,5.E-02));
#1449 = LINE('',#1450,#1451);
#1450 = CARTESIAN_POINT('',(2.660000000004,-2.5,5.E-02));
#1451 = VECTOR('',#1452,1.);
#1452 = DIRECTION('',(-1.,0.,0.));
#1453 = ORIENTED_EDGE('',*,*,#1454,.F.);
#1454 = EDGE_CURVE('',#1455,#1447,#1457,.T.);
#1455 = VERTEX_POINT('',#1456);
#1456 = CARTESIAN_POINT('',(5.E-02,-2.5,5.E-02));
#1457 = LINE('',#1458,#1459);
#1458 = CARTESIAN_POINT('',(5.E-02,-2.5,5.E-02));
#1459 = VECTOR('',#1460,1.);
#1460 = DIRECTION('',(1.,1.232595164408E-32,-5.551115123126E-17));
#1461 = ORIENTED_EDGE('',*,*,#1462,.T.);
#1462 = EDGE_CURVE('',#1455,#1463,#1465,.T.);
#1463 = VERTEX_POINT('',#1464);
#1464 = CARTESIAN_POINT('',(-5.E-02,-2.5,5.E-02));
#1465 = LINE('',#1466,#1467);
#1466 = CARTESIAN_POINT('',(2.660000000004,-2.5,5.E-02));
#1467 = VECTOR('',#1468,1.);
#1468 = DIRECTION('',(-1.,0.,0.));
#1469 = ORIENTED_EDGE('',*,*,#1470,.T.);
#1470 = EDGE_CURVE('',#1463,#1471,#1473,.T.);
#1471 = VERTEX_POINT('',#1472);
#1472 = CARTESIAN_POINT('',(-2.55,-2.5,5.E-02));
#1473 = LINE('',#1474,#1475);
#1474 = CARTESIAN_POINT('',(-5.E-02,-2.5,5.E-02));
#1475 = VECTOR('',#1476,1.);
#1476 = DIRECTION('',(-1.,2.22044604925E-16,-2.775557561563E-16));
#1477 = ORIENTED_EDGE('',*,*,#1478,.T.);
#1478 = EDGE_CURVE('',#1471,#1479,#1481,.T.);
#1479 = VERTEX_POINT('',#1480);
#1480 = CARTESIAN_POINT('',(-2.66,-2.5,5.E-02));
#1481 = LINE('',#1482,#1483);
#1482 = CARTESIAN_POINT('',(2.660000000004,-2.5,5.E-02));
#1483 = VECTOR('',#1484,1.);
#1484 = DIRECTION('',(-1.,0.,0.));
#1485 = ORIENTED_EDGE('',*,*,#1486,.F.);
#1486 = EDGE_CURVE('',#1487,#1479,#1489,.T.);
#1487 = VERTEX_POINT('',#1488);
#1488 = CARTESIAN_POINT('',(-2.66,-0.7,5.E-02));
#1489 = LINE('',#1490,#1491);
#1490 = CARTESIAN_POINT('',(-2.66,2.5,5.E-02));
#1491 = VECTOR('',#1492,1.);
#1492 = DIRECTION('',(0.,-1.,2.22044604925E-16));
#1493 = ORIENTED_EDGE('',*,*,#1494,.F.);
#1494 = EDGE_CURVE('',#1495,#1487,#1497,.T.);
#1495 = VERTEX_POINT('',#1496);
#1496 = CARTESIAN_POINT('',(-2.625,-0.7,5.E-02));
#1497 = LINE('',#1498,#1499);
#1498 = CARTESIAN_POINT('',(1.750000000244E-02,-0.7,5.E-02));
#1499 = VECTOR('',#1500,1.);
#1500 = DIRECTION('',(-1.,2.22044604925E-16,-4.930380657631E-32));
#1501 = ORIENTED_EDGE('',*,*,#1502,.F.);
#1502 = EDGE_CURVE('',#1503,#1495,#1505,.T.);
#1503 = VERTEX_POINT('',#1504);
#1504 = CARTESIAN_POINT('',(-2.625,-0.3,5.E-02));
#1505 = LINE('',#1506,#1507);
#1506 = CARTESIAN_POINT('',(-2.625,1.1,5.E-02));
#1507 = VECTOR('',#1508,1.);
#1508 = DIRECTION('',(-2.22044604925E-16,-1.,2.22044604925E-16));
#1509 = ORIENTED_EDGE('',*,*,#1510,.F.);
#1510 = EDGE_CURVE('',#1511,#1503,#1513,.T.);
#1511 = VERTEX_POINT('',#1512);
#1512 = CARTESIAN_POINT('',(-2.625,0.1,5.E-02));
#1513 = LINE('',#1514,#1515);
#1514 = CARTESIAN_POINT('',(-2.625,1.3,5.E-02));
#1515 = VECTOR('',#1516,1.);
#1516 = DIRECTION('',(-2.22044604925E-16,-1.,2.22044604925E-16));
#1517 = ORIENTED_EDGE('',*,*,#1518,.F.);
#1518 = EDGE_CURVE('',#1519,#1511,#1521,.T.);
#1519 = VERTEX_POINT('',#1520);
#1520 = CARTESIAN_POINT('',(-2.66,0.1,5.E-02));
#1521 = LINE('',#1522,#1523);
#1522 = CARTESIAN_POINT('',(-5.74999999978E-02,0.1,5.E-02));
#1523 = VECTOR('',#1524,1.);
#1524 = DIRECTION('',(1.,-2.22044604925E-16,4.930380657631E-32));
#1525 = ORIENTED_EDGE('',*,*,#1526,.F.);
#1526 = EDGE_CURVE('',#1527,#1519,#1529,.T.);
#1527 = VERTEX_POINT('',#1528);
#1528 = CARTESIAN_POINT('',(-2.66,2.5,5.E-02));
#1529 = LINE('',#1530,#1531);
#1530 = CARTESIAN_POINT('',(-2.66,2.5,5.E-02));
#1531 = VECTOR('',#1532,1.);
#1532 = DIRECTION('',(0.,-1.,2.22044604925E-16));
#1533 = ORIENTED_EDGE('',*,*,#1534,.F.);
#1534 = EDGE_CURVE('',#1535,#1527,#1537,.T.);
#1535 = VERTEX_POINT('',#1536);
#1536 = CARTESIAN_POINT('',(-2.6,2.5,5.E-02));
#1537 = LINE('',#1538,#1539);
#1538 = CARTESIAN_POINT('',(2.660000000004,2.5,5.E-02));
#1539 = VECTOR('',#1540,1.);
#1540 = DIRECTION('',(-1.,0.,0.));
#1541 = ORIENTED_EDGE('',*,*,#1542,.T.);
#1542 = EDGE_CURVE('',#1535,#1543,#1545,.T.);
#1543 = VERTEX_POINT('',#1544);
#1544 = CARTESIAN_POINT('',(-2.25,2.5,5.E-02));
#1545 = LINE('',#1546,#1547);
#1546 = CARTESIAN_POINT('',(-2.6,2.5,5.E-02));
#1547 = VECTOR('',#1548,1.);
#1548 = DIRECTION('',(1.,-7.032269844464E-86,1.428734239103E-101));
#1549 = ORIENTED_EDGE('',*,*,#1550,.F.);
#1550 = EDGE_CURVE('',#1551,#1543,#1553,.T.);
#1551 = VERTEX_POINT('',#1552);
#1552 = CARTESIAN_POINT('',(-1.91,2.5,5.E-02));
#1553 = LINE('',#1554,#1555);
#1554 = CARTESIAN_POINT('',(2.660000000004,2.5,5.E-02));
#1555 = VECTOR('',#1556,1.);
#1556 = DIRECTION('',(-1.,0.,0.));
#1557 = ORIENTED_EDGE('',*,*,#1558,.T.);
#1558 = EDGE_CURVE('',#1551,#1559,#1561,.T.);
#1559 = VERTEX_POINT('',#1560);
#1560 = CARTESIAN_POINT('',(-1.91,1.,5.E-02));
#1561 = LINE('',#1562,#1563);
#1562 = CARTESIAN_POINT('',(-1.91,3.665586,5.E-02));
#1563 = VECTOR('',#1564,1.);
#1564 = DIRECTION('',(0.,-1.,2.22044604925E-16));
#1565 = ORIENTED_EDGE('',*,*,#1566,.T.);
#1566 = EDGE_CURVE('',#1559,#1567,#1569,.T.);
#1567 = VERTEX_POINT('',#1568);
#1568 = CARTESIAN_POINT('',(1.91,1.,5.E-02));
#1569 = LINE('',#1570,#1571);
#1570 = CARTESIAN_POINT('',(0.375000000002,1.,5.E-02));
#1571 = VECTOR('',#1572,1.);
#1572 = DIRECTION('',(1.,0.,0.));
#1573 = ORIENTED_EDGE('',*,*,#1574,.T.);
#1574 = EDGE_CURVE('',#1567,#1575,#1577,.T.);
#1575 = VERTEX_POINT('',#1576);
#1576 = CARTESIAN_POINT('',(1.91,2.5,5.E-02));
#1577 = LINE('',#1578,#1579);
#1578 = CARTESIAN_POINT('',(1.91,1.75,5.E-02));
#1579 = VECTOR('',#1580,1.);
#1580 = DIRECTION('',(0.,1.,-2.22044604925E-16));
#1581 = ORIENTED_EDGE('',*,*,#1582,.F.);
#1582 = EDGE_CURVE('',#1583,#1575,#1585,.T.);
#1583 = VERTEX_POINT('',#1584);
#1584 = CARTESIAN_POINT('',(2.25,2.5,5.E-02));
#1585 = LINE('',#1586,#1587);
#1586 = CARTESIAN_POINT('',(2.660000000004,2.5,5.E-02));
#1587 = VECTOR('',#1588,1.);
#1588 = DIRECTION('',(-1.,0.,0.));
#1589 = ORIENTED_EDGE('',*,*,#1590,.F.);
#1590 = EDGE_CURVE('',#451,#1583,#1591,.T.);
#1591 = LINE('',#1592,#1593);
#1592 = CARTESIAN_POINT('',(2.6,2.5,5.E-02));
#1593 = VECTOR('',#1594,1.);
#1594 = DIRECTION('',(-1.,2.22044604925E-16,-2.22044604925E-16));
#1595 = PLANE('',#1596);
#1596 = AXIS2_PLACEMENT_3D('',#1597,#1598,#1599);
#1597 = CARTESIAN_POINT('',(2.660000000004,2.5,5.E-02));
#1598 = DIRECTION('',(0.,-2.22044604925E-16,-1.));
#1599 = DIRECTION('',(-1.,0.,0.));
#1600 = ADVANCED_FACE('',(#1601),#1688,.T.);
#1601 = FACE_BOUND('',#1602,.F.);
#1602 = EDGE_LOOP('',(#1603,#1604,#1605,#1614,#1623,#1631,#1638,#1639,
    #1648,#1656,#1665,#1673,#1682));
#1603 = ORIENTED_EDGE('',*,*,#441,.F.);
#1604 = ORIENTED_EDGE('',*,*,#1398,.T.);
#1605 = ORIENTED_EDGE('',*,*,#1606,.F.);
#1606 = EDGE_CURVE('',#1607,#1399,#1609,.T.);
#1607 = VERTEX_POINT('',#1608);
#1608 = CARTESIAN_POINT('',(2.775,0.1,6.688774490887E-02));
#1609 = CIRCLE('',#1610,0.4);
#1610 = AXIS2_PLACEMENT_3D('',#1611,#1612,#1613);
#1611 = CARTESIAN_POINT('',(2.660000000004,0.1,0.45));
#1612 = DIRECTION('',(0.,1.,-2.22044604925E-16));
#1613 = DIRECTION('',(1.,0.,0.));
#1614 = ORIENTED_EDGE('',*,*,#1615,.F.);
#1615 = EDGE_CURVE('',#1616,#1607,#1618,.T.);
#1616 = VERTEX_POINT('',#1617);
#1617 = CARTESIAN_POINT('',(2.925,0.1,0.150375234664));
#1618 = CIRCLE('',#1619,0.4);
#1619 = AXIS2_PLACEMENT_3D('',#1620,#1621,#1622);
#1620 = CARTESIAN_POINT('',(2.660000000004,0.1,0.45));
#1621 = DIRECTION('',(0.,1.,-2.22044604925E-16));
#1622 = DIRECTION('',(1.,0.,0.));
#1623 = ORIENTED_EDGE('',*,*,#1624,.F.);
#1624 = EDGE_CURVE('',#1625,#1616,#1627,.T.);
#1625 = VERTEX_POINT('',#1626);
#1626 = CARTESIAN_POINT('',(2.925,-0.7,0.150375234664));
#1627 = LINE('',#1628,#1629);
#1628 = CARTESIAN_POINT('',(2.925,2.5,0.150375234664));
#1629 = VECTOR('',#1630,1.);
#1630 = DIRECTION('',(0.,1.,-2.22044604925E-16));
#1631 = ORIENTED_EDGE('',*,*,#1632,.T.);
#1632 = EDGE_CURVE('',#1625,#1431,#1633,.T.);
#1633 = CIRCLE('',#1634,0.4);
#1634 = AXIS2_PLACEMENT_3D('',#1635,#1636,#1637);
#1635 = CARTESIAN_POINT('',(2.660000000004,-0.7,0.45));
#1636 = DIRECTION('',(0.,1.,-2.22044604925E-16));
#1637 = DIRECTION('',(1.,0.,0.));
#1638 = ORIENTED_EDGE('',*,*,#1438,.T.);
#1639 = ORIENTED_EDGE('',*,*,#1640,.T.);
#1640 = EDGE_CURVE('',#1439,#1641,#1643,.T.);
#1641 = VERTEX_POINT('',#1642);
#1642 = CARTESIAN_POINT('',(2.932799344029,-2.5,0.157458519352));
#1643 = CIRCLE('',#1644,0.4);
#1644 = AXIS2_PLACEMENT_3D('',#1645,#1646,#1647);
#1645 = CARTESIAN_POINT('',(2.660000000004,-2.5,0.45));
#1646 = DIRECTION('',(0.,-1.,2.22044604925E-16));
#1647 = DIRECTION('',(1.,0.,0.));
#1648 = ORIENTED_EDGE('',*,*,#1649,.F.);
#1649 = EDGE_CURVE('',#1650,#1641,#1652,.T.);
#1650 = VERTEX_POINT('',#1651);
#1651 = CARTESIAN_POINT('',(2.932799344029,1.25,0.157458519352));
#1652 = LINE('',#1653,#1654);
#1653 = CARTESIAN_POINT('',(2.932799344029,2.5,0.157458519352));
#1654 = VECTOR('',#1655,1.);
#1655 = DIRECTION('',(0.,-1.,2.22044604925E-16));
#1656 = ORIENTED_EDGE('',*,*,#1657,.T.);
#1657 = EDGE_CURVE('',#1650,#1658,#1660,.T.);
#1658 = VERTEX_POINT('',#1659);
#1659 = CARTESIAN_POINT('',(2.715684,1.25,5.389484711192E-02));
#1660 = CIRCLE('',#1661,0.4);
#1661 = AXIS2_PLACEMENT_3D('',#1662,#1663,#1664);
#1662 = CARTESIAN_POINT('',(2.660000000004,1.25,0.45));
#1663 = DIRECTION('',(0.,1.,-2.22044604925E-16));
#1664 = DIRECTION('',(1.,0.,0.));
#1665 = ORIENTED_EDGE('',*,*,#1666,.T.);
#1666 = EDGE_CURVE('',#1658,#1667,#1669,.T.);
#1667 = VERTEX_POINT('',#1668);
#1668 = CARTESIAN_POINT('',(2.715684,1.7,5.389484711192E-02));
#1669 = LINE('',#1670,#1671);
#1670 = CARTESIAN_POINT('',(2.715684,2.5,5.389484711192E-02));
#1671 = VECTOR('',#1672,1.);
#1672 = DIRECTION('',(0.,1.,-2.22044604925E-16));
#1673 = ORIENTED_EDGE('',*,*,#1674,.F.);
#1674 = EDGE_CURVE('',#1675,#1667,#1677,.T.);
#1675 = VERTEX_POINT('',#1676);
#1676 = CARTESIAN_POINT('',(2.932799344029,1.7,0.157458519352));
#1677 = CIRCLE('',#1678,0.4);
#1678 = AXIS2_PLACEMENT_3D('',#1679,#1680,#1681);
#1679 = CARTESIAN_POINT('',(2.660000000004,1.7,0.45));
#1680 = DIRECTION('',(0.,1.,-2.22044604925E-16));
#1681 = DIRECTION('',(1.,0.,0.));
#1682 = ORIENTED_EDGE('',*,*,#1683,.F.);
#1683 = EDGE_CURVE('',#434,#1675,#1684,.T.);
#1684 = LINE('',#1685,#1686);
#1685 = CARTESIAN_POINT('',(2.932799344029,2.5,0.157458519352));
#1686 = VECTOR('',#1687,1.);
#1687 = DIRECTION('',(0.,-1.,2.22044604925E-16));
#1688 = CYLINDRICAL_SURFACE('',#1689,0.4);
#1689 = AXIS2_PLACEMENT_3D('',#1690,#1691,#1692);
#1690 = CARTESIAN_POINT('',(2.660000000004,2.5,0.45));
#1691 = DIRECTION('',(0.,1.,-2.22044604925E-16));
#1692 = DIRECTION('',(1.,0.,0.));
#1693 = ADVANCED_FACE('',(#1694),#1735,.T.);
#1694 = FACE_BOUND('',#1695,.T.);
#1695 = EDGE_LOOP('',(#1696,#1697,#1705,#1711,#1712,#1720,#1728,#1734));
#1696 = ORIENTED_EDGE('',*,*,#433,.F.);
#1697 = ORIENTED_EDGE('',*,*,#1698,.T.);
#1698 = EDGE_CURVE('',#425,#1699,#1701,.T.);
#1699 = VERTEX_POINT('',#1700);
#1700 = CARTESIAN_POINT('',(3.622799344024,-2.5,0.800893928778));
#1701 = LINE('',#1702,#1703);
#1702 = CARTESIAN_POINT('',(3.622799344024,2.5,0.800893928778));
#1703 = VECTOR('',#1704,1.);
#1704 = DIRECTION('',(0.,-1.,2.22044604925E-16));
#1705 = ORIENTED_EDGE('',*,*,#1706,.T.);
#1706 = EDGE_CURVE('',#1699,#1641,#1707,.T.);
#1707 = LINE('',#1708,#1709);
#1708 = CARTESIAN_POINT('',(3.622799344024,-2.5,0.800893928778));
#1709 = VECTOR('',#1710,1.);
#1710 = DIRECTION('',(-0.731353701621,-1.514340564191E-16,-0.68199836006
    ));
#1711 = ORIENTED_EDGE('',*,*,#1649,.F.);
#1712 = ORIENTED_EDGE('',*,*,#1713,.T.);
#1713 = EDGE_CURVE('',#1650,#1714,#1716,.T.);
#1714 = VERTEX_POINT('',#1715);
#1715 = CARTESIAN_POINT('',(3.085656367758,1.25,0.3));
#1716 = LINE('',#1717,#1718);
#1717 = CARTESIAN_POINT('',(3.180465468242,1.25,0.388410916504));
#1718 = VECTOR('',#1719,1.);
#1719 = DIRECTION('',(0.731353701621,2.936528251263E-31,0.68199836006));
#1720 = ORIENTED_EDGE('',*,*,#1721,.F.);
#1721 = EDGE_CURVE('',#1722,#1714,#1724,.T.);
#1722 = VERTEX_POINT('',#1723);
#1723 = CARTESIAN_POINT('',(3.085656367758,1.7,0.3));
#1724 = LINE('',#1725,#1726);
#1725 = CARTESIAN_POINT('',(3.085656367758,1.9875,0.3));
#1726 = VECTOR('',#1727,1.);
#1727 = DIRECTION('',(-2.38113686553E-16,-1.,4.437342591868E-31));
#1728 = ORIENTED_EDGE('',*,*,#1729,.T.);
#1729 = EDGE_CURVE('',#1722,#1675,#1730,.T.);
#1730 = LINE('',#1731,#1732);
#1731 = CARTESIAN_POINT('',(3.46912802024,1.7,0.657593101044));
#1732 = VECTOR('',#1733,1.);
#1733 = DIRECTION('',(-0.731353701621,-2.936528251263E-31,-0.68199836006
    ));
#1734 = ORIENTED_EDGE('',*,*,#1683,.F.);
#1735 = PLANE('',#1736);
#1736 = AXIS2_PLACEMENT_3D('',#1737,#1738,#1739);
#1737 = CARTESIAN_POINT('',(3.622799344024,2.5,0.800893928778));
#1738 = DIRECTION('',(0.68199836006,-1.62393143737E-16,-0.731353701621)
  );
#1739 = DIRECTION('',(-0.731353701621,-1.514340564191E-16,-0.68199836006
    ));
#1740 = ADVANCED_FACE('',(#1741),#1760,.T.);
#1741 = FACE_BOUND('',#1742,.F.);
#1742 = EDGE_LOOP('',(#1743,#1744,#1753,#1759));
#1743 = ORIENTED_EDGE('',*,*,#1698,.T.);
#1744 = ORIENTED_EDGE('',*,*,#1745,.T.);
#1745 = EDGE_CURVE('',#1699,#1746,#1748,.T.);
#1746 = VERTEX_POINT('',#1747);
#1747 = CARTESIAN_POINT('',(3.75,-2.5,1.093435409427));
#1748 = CIRCLE('',#1749,0.4);
#1749 = AXIS2_PLACEMENT_3D('',#1750,#1751,#1752);
#1750 = CARTESIAN_POINT('',(3.35,-2.5,1.093435409427));
#1751 = DIRECTION('',(0.,-1.,2.22044604925E-16));
#1752 = DIRECTION('',(1.,0.,0.));
#1753 = ORIENTED_EDGE('',*,*,#1754,.F.);
#1754 = EDGE_CURVE('',#417,#1746,#1755,.T.);
#1755 = LINE('',#1756,#1757);
#1756 = CARTESIAN_POINT('',(3.75,2.5,1.093435409427));
#1757 = VECTOR('',#1758,1.);
#1758 = DIRECTION('',(0.,-1.,2.22044604925E-16));
#1759 = ORIENTED_EDGE('',*,*,#424,.F.);
#1760 = CYLINDRICAL_SURFACE('',#1761,0.4);
#1761 = AXIS2_PLACEMENT_3D('',#1762,#1763,#1764);
#1762 = CARTESIAN_POINT('',(3.35,2.5,1.093435409427));
#1763 = DIRECTION('',(0.,1.,-2.22044604925E-16));
#1764 = DIRECTION('',(1.,0.,0.));
#1765 = ADVANCED_FACE('',(#1766),#1800,.T.);
#1766 = FACE_BOUND('',#1767,.T.);
#1767 = EDGE_LOOP('',(#1768,#1776,#1784,#1792,#1798,#1799));
#1768 = ORIENTED_EDGE('',*,*,#1769,.T.);
#1769 = EDGE_CURVE('',#408,#1770,#1772,.T.);
#1770 = VERTEX_POINT('',#1771);
#1771 = CARTESIAN_POINT('',(3.75,-2.5,2.1));
#1772 = LINE('',#1773,#1774);
#1773 = CARTESIAN_POINT('',(3.75,2.5,2.1));
#1774 = VECTOR('',#1775,1.);
#1775 = DIRECTION('',(0.,-1.,2.22044604925E-16));
#1776 = ORIENTED_EDGE('',*,*,#1777,.T.);
#1777 = EDGE_CURVE('',#1770,#1778,#1780,.T.);
#1778 = VERTEX_POINT('',#1779);
#1779 = CARTESIAN_POINT('',(3.75,-2.5,1.95));
#1780 = LINE('',#1781,#1782);
#1781 = CARTESIAN_POINT('',(3.75,-2.5,2.1));
#1782 = VECTOR('',#1783,1.);
#1783 = DIRECTION('',(0.,-2.22044604925E-16,-1.));
#1784 = ORIENTED_EDGE('',*,*,#1785,.F.);
#1785 = EDGE_CURVE('',#1786,#1778,#1788,.T.);
#1786 = VERTEX_POINT('',#1787);
#1787 = CARTESIAN_POINT('',(3.75,-2.5,1.15));
#1788 = LINE('',#1789,#1790);
#1789 = CARTESIAN_POINT('',(3.75,-2.5,1.15));
#1790 = VECTOR('',#1791,1.);
#1791 = DIRECTION('',(-2.22044604925E-16,0.,1.));
#1792 = ORIENTED_EDGE('',*,*,#1793,.T.);
#1793 = EDGE_CURVE('',#1786,#1746,#1794,.T.);
#1794 = LINE('',#1795,#1796);
#1795 = CARTESIAN_POINT('',(3.75,-2.5,2.1));
#1796 = VECTOR('',#1797,1.);
#1797 = DIRECTION('',(0.,-2.22044604925E-16,-1.));
#1798 = ORIENTED_EDGE('',*,*,#1754,.F.);
#1799 = ORIENTED_EDGE('',*,*,#416,.F.);
#1800 = PLANE('',#1801);
#1801 = AXIS2_PLACEMENT_3D('',#1802,#1803,#1804);
#1802 = CARTESIAN_POINT('',(3.75,2.5,2.1));
#1803 = DIRECTION('',(1.,0.,0.));
#1804 = DIRECTION('',(0.,-2.22044604925E-16,-1.));
#1805 = ADVANCED_FACE('',(#1806),#1818,.T.);
#1806 = FACE_BOUND('',#1807,.F.);
#1807 = EDGE_LOOP('',(#1808,#1809,#1816,#1817));
#1808 = ORIENTED_EDGE('',*,*,#1769,.T.);
#1809 = ORIENTED_EDGE('',*,*,#1810,.T.);
#1810 = EDGE_CURVE('',#1770,#875,#1811,.T.);
#1811 = CIRCLE('',#1812,0.4);
#1812 = AXIS2_PLACEMENT_3D('',#1813,#1814,#1815);
#1813 = CARTESIAN_POINT('',(3.35,-2.5,2.1));
#1814 = DIRECTION('',(0.,-1.,2.22044604925E-16));
#1815 = DIRECTION('',(1.,0.,0.));
#1816 = ORIENTED_EDGE('',*,*,#882,.F.);
#1817 = ORIENTED_EDGE('',*,*,#407,.F.);
#1818 = CYLINDRICAL_SURFACE('',#1819,0.4);
#1819 = AXIS2_PLACEMENT_3D('',#1820,#1821,#1822);
#1820 = CARTESIAN_POINT('',(3.35,2.5,2.1));
#1821 = DIRECTION('',(0.,1.,-2.22044604925E-16));
#1822 = DIRECTION('',(1.,0.,0.));
#1823 = ADVANCED_FACE('',(#1824),#1842,.T.);
#1824 = FACE_BOUND('',#1825,.F.);
#1825 = EDGE_LOOP('',(#1826,#1827,#1835,#1841));
#1826 = ORIENTED_EDGE('',*,*,#634,.F.);
#1827 = ORIENTED_EDGE('',*,*,#1828,.T.);
#1828 = EDGE_CURVE('',#635,#1829,#1831,.T.);
#1829 = VERTEX_POINT('',#1830);
#1830 = CARTESIAN_POINT('',(2.5,2.735,-0.75));
#1831 = LINE('',#1832,#1833);
#1832 = CARTESIAN_POINT('',(2.5,2.985,-0.75));
#1833 = VECTOR('',#1834,1.);
#1834 = DIRECTION('',(-2.22044604925E-16,-1.,2.22044604925E-16));
#1835 = ORIENTED_EDGE('',*,*,#1836,.T.);
#1836 = EDGE_CURVE('',#1829,#534,#1837,.T.);
#1837 = LINE('',#1838,#1839);
#1838 = CARTESIAN_POINT('',(2.529166666667,2.705833333333,
    -0.691666666667));
#1839 = VECTOR('',#1840,1.);
#1840 = DIRECTION('',(0.408248290464,-0.408248290464,0.816496580928));
#1841 = ORIENTED_EDGE('',*,*,#541,.F.);
#1842 = PLANE('',#1843);
#1843 = AXIS2_PLACEMENT_3D('',#1844,#1845,#1846);
#1844 = CARTESIAN_POINT('',(2.55,2.985,-0.65));
#1845 = DIRECTION('',(0.894427191,-2.988444329346E-16,-0.4472135955));
#1846 = DIRECTION('',(2.228856657106E-16,1.,-2.224651353178E-16));
#1847 = ADVANCED_FACE('',(#1848),#1859,.T.);
#1848 = FACE_BOUND('',#1849,.F.);
#1849 = EDGE_LOOP('',(#1850,#1856,#1857,#1858));
#1850 = ORIENTED_EDGE('',*,*,#1851,.T.);
#1851 = EDGE_CURVE('',#1354,#613,#1852,.T.);
#1852 = LINE('',#1853,#1854);
#1853 = CARTESIAN_POINT('',(2.25,2.5,0.35));
#1854 = VECTOR('',#1855,1.);
#1855 = DIRECTION('',(2.22044604925E-16,1.,-2.22044604925E-16));
#1856 = ORIENTED_EDGE('',*,*,#620,.T.);
#1857 = ORIENTED_EDGE('',*,*,#1375,.F.);
#1858 = ORIENTED_EDGE('',*,*,#1361,.F.);
#1859 = PLANE('',#1860);
#1860 = AXIS2_PLACEMENT_3D('',#1861,#1862,#1863);
#1861 = CARTESIAN_POINT('',(2.25,2.5,0.35));
#1862 = DIRECTION('',(-2.22044604925E-16,2.22044604925E-16,1.));
#1863 = DIRECTION('',(-1.,2.22044604925E-16,-2.22044604925E-16));
#1864 = ADVANCED_FACE('',(#1865),#1881,.T.);
#1865 = FACE_BOUND('',#1866,.F.);
#1866 = EDGE_LOOP('',(#1867,#1873,#1874,#1875));
#1867 = ORIENTED_EDGE('',*,*,#1868,.T.);
#1868 = EDGE_CURVE('',#1583,#605,#1869,.T.);
#1869 = LINE('',#1870,#1871);
#1870 = CARTESIAN_POINT('',(2.25,2.5,5.E-02));
#1871 = VECTOR('',#1872,1.);
#1872 = DIRECTION('',(2.22044604925E-16,1.,-2.22044604925E-16));
#1873 = ORIENTED_EDGE('',*,*,#612,.T.);
#1874 = ORIENTED_EDGE('',*,*,#1851,.F.);
#1875 = ORIENTED_EDGE('',*,*,#1876,.F.);
#1876 = EDGE_CURVE('',#1583,#1354,#1877,.T.);
#1877 = LINE('',#1878,#1879);
#1878 = CARTESIAN_POINT('',(2.25,2.5,5.E-02));
#1879 = VECTOR('',#1880,1.);
#1880 = DIRECTION('',(-2.22044604925E-16,2.22044604925E-16,1.));
#1881 = PLANE('',#1882);
#1882 = AXIS2_PLACEMENT_3D('',#1883,#1884,#1885);
#1883 = CARTESIAN_POINT('',(2.25,2.5,5.E-02));
#1884 = DIRECTION('',(-1.,2.22044604925E-16,-2.22044604925E-16));
#1885 = DIRECTION('',(2.22044604925E-16,-2.22044604925E-16,-1.));
#1886 = ADVANCED_FACE('',(#1887),#1893,.T.);
#1887 = FACE_BOUND('',#1888,.F.);
#1888 = EDGE_LOOP('',(#1889,#1890,#1891,#1892));
#1889 = ORIENTED_EDGE('',*,*,#1382,.T.);
#1890 = ORIENTED_EDGE('',*,*,#604,.T.);
#1891 = ORIENTED_EDGE('',*,*,#1868,.F.);
#1892 = ORIENTED_EDGE('',*,*,#1590,.F.);
#1893 = PLANE('',#1894);
#1894 = AXIS2_PLACEMENT_3D('',#1895,#1896,#1897);
#1895 = CARTESIAN_POINT('',(2.6,2.5,5.E-02));
#1896 = DIRECTION('',(2.22044604925E-16,-2.22044604925E-16,-1.));
#1897 = DIRECTION('',(1.,-2.22044604925E-16,2.22044604925E-16));
#1898 = ADVANCED_FACE('',(#1899),#1917,.T.);
#1899 = FACE_BOUND('',#1900,.F.);
#1900 = EDGE_LOOP('',(#1901,#1902,#1910,#1916));
#1901 = ORIENTED_EDGE('',*,*,#1836,.F.);
#1902 = ORIENTED_EDGE('',*,*,#1903,.T.);
#1903 = EDGE_CURVE('',#1829,#1904,#1906,.T.);
#1904 = VERTEX_POINT('',#1905);
#1905 = CARTESIAN_POINT('',(2.425,2.735,-0.75));
#1906 = LINE('',#1907,#1908);
#1907 = CARTESIAN_POINT('',(2.6,2.735,-0.75));
#1908 = VECTOR('',#1909,1.);
#1909 = DIRECTION('',(-1.,2.22044604925E-16,-2.22044604925E-16));
#1910 = ORIENTED_EDGE('',*,*,#1911,.T.);
#1911 = EDGE_CURVE('',#1904,#590,#1912,.T.);
#1912 = LINE('',#1913,#1914);
#1913 = CARTESIAN_POINT('',(2.425,2.685,-0.65));
#1914 = VECTOR('',#1915,1.);
#1915 = DIRECTION('',(-2.979040983897E-16,-0.4472135955,0.894427191));
#1916 = ORIENTED_EDGE('',*,*,#597,.F.);
#1917 = PLANE('',#1918);
#1918 = AXIS2_PLACEMENT_3D('',#1919,#1920,#1921);
#1919 = CARTESIAN_POINT('',(2.6,2.685,-0.65));
#1920 = DIRECTION('',(-5.939275276896E-17,-0.894427191,-0.4472135955));
#1921 = DIRECTION('',(1.,-1.863492559799E-16,2.398922793976E-16));
#1922 = ADVANCED_FACE('',(#1923),#1941,.T.);
#1923 = FACE_BOUND('',#1924,.F.);
#1924 = EDGE_LOOP('',(#1925,#1926,#1934,#1940));
#1925 = ORIENTED_EDGE('',*,*,#1911,.F.);
#1926 = ORIENTED_EDGE('',*,*,#1927,.T.);
#1927 = EDGE_CURVE('',#1904,#1928,#1930,.T.);
#1928 = VERTEX_POINT('',#1929);
#1929 = CARTESIAN_POINT('',(2.35,2.735,-0.75));
#1930 = LINE('',#1931,#1932);
#1931 = CARTESIAN_POINT('',(2.425,2.735,-0.75));
#1932 = VECTOR('',#1933,1.);
#1933 = DIRECTION('',(-1.,2.22044604925E-16,-2.22044604925E-16));
#1934 = ORIENTED_EDGE('',*,*,#1935,.T.);
#1935 = EDGE_CURVE('',#1928,#582,#1936,.T.);
#1936 = LINE('',#1937,#1938);
#1937 = CARTESIAN_POINT('',(2.335416666667,2.720416666667,
    -0.720833333333));
#1938 = VECTOR('',#1939,1.);
#1939 = DIRECTION('',(-0.408248290464,-0.408248290464,0.816496580928));
#1940 = ORIENTED_EDGE('',*,*,#589,.F.);
#1941 = PLANE('',#1942);
#1942 = AXIS2_PLACEMENT_3D('',#1943,#1944,#1945);
#1943 = CARTESIAN_POINT('',(2.425,2.685,-0.65));
#1944 = DIRECTION('',(-5.939275276896E-17,-0.894427191,-0.4472135955));
#1945 = DIRECTION('',(1.,-1.863492559799E-16,2.398922793976E-16));
#1946 = ADVANCED_FACE('',(#1947),#1958,.F.);
#1947 = FACE_BOUND('',#1948,.T.);
#1948 = EDGE_LOOP('',(#1949,#1955,#1956,#1957));
#1949 = ORIENTED_EDGE('',*,*,#1950,.F.);
#1950 = EDGE_CURVE('',#643,#1904,#1951,.T.);
#1951 = LINE('',#1952,#1953);
#1952 = CARTESIAN_POINT('',(2.425,2.985,-0.75));
#1953 = VECTOR('',#1954,1.);
#1954 = DIRECTION('',(-2.22044604925E-16,-1.,2.22044604925E-16));
#1955 = ORIENTED_EDGE('',*,*,#642,.F.);
#1956 = ORIENTED_EDGE('',*,*,#1828,.T.);
#1957 = ORIENTED_EDGE('',*,*,#1903,.T.);
#1958 = PLANE('',#1959);
#1959 = AXIS2_PLACEMENT_3D('',#1960,#1961,#1962);
#1960 = CARTESIAN_POINT('',(2.6,2.985,-0.75));
#1961 = DIRECTION('',(-2.22044604925E-16,2.22044604925E-16,1.));
#1962 = DIRECTION('',(1.,-2.22044604925E-16,2.22044604925E-16));
#1963 = ADVANCED_FACE('',(#1964),#1975,.F.);
#1964 = FACE_BOUND('',#1965,.T.);
#1965 = EDGE_LOOP('',(#1966,#1967,#1968,#1969));
#1966 = ORIENTED_EDGE('',*,*,#666,.F.);
#1967 = ORIENTED_EDGE('',*,*,#1950,.T.);
#1968 = ORIENTED_EDGE('',*,*,#1927,.T.);
#1969 = ORIENTED_EDGE('',*,*,#1970,.F.);
#1970 = EDGE_CURVE('',#667,#1928,#1971,.T.);
#1971 = LINE('',#1972,#1973);
#1972 = CARTESIAN_POINT('',(2.35,2.985,-0.75));
#1973 = VECTOR('',#1974,1.);
#1974 = DIRECTION('',(-2.22044604925E-16,-1.,2.22044604925E-16));
#1975 = PLANE('',#1976);
#1976 = AXIS2_PLACEMENT_3D('',#1977,#1978,#1979);
#1977 = CARTESIAN_POINT('',(2.425,2.985,-0.75));
#1978 = DIRECTION('',(-2.22044604925E-16,2.22044604925E-16,1.));
#1979 = DIRECTION('',(1.,-2.22044604925E-16,2.22044604925E-16));
#1980 = ADVANCED_FACE('',(#1981),#1987,.T.);
#1981 = FACE_BOUND('',#1982,.T.);
#1982 = EDGE_LOOP('',(#1983,#1984,#1985,#1986));
#1983 = ORIENTED_EDGE('',*,*,#674,.F.);
#1984 = ORIENTED_EDGE('',*,*,#1970,.T.);
#1985 = ORIENTED_EDGE('',*,*,#1935,.T.);
#1986 = ORIENTED_EDGE('',*,*,#690,.F.);
#1987 = PLANE('',#1988);
#1988 = AXIS2_PLACEMENT_3D('',#1989,#1990,#1991);
#1989 = CARTESIAN_POINT('',(2.3,2.985,-0.65));
#1990 = DIRECTION('',(-0.894427191,1.000961886877E-16,-0.4472135955));
#1991 = DIRECTION('',(-2.227555158327E-16,-1.,2.216891494712E-16));
#1992 = ADVANCED_FACE('',(#1993),#2004,.F.);
#1993 = FACE_BOUND('',#1994,.F.);
#1994 = EDGE_LOOP('',(#1995,#2001,#2002,#2003));
#1995 = ORIENTED_EDGE('',*,*,#1996,.T.);
#1996 = EDGE_CURVE('',#747,#1071,#1997,.T.);
#1997 = LINE('',#1998,#1999);
#1998 = CARTESIAN_POINT('',(-1.6,2.985,0.8));
#1999 = VECTOR('',#2000,1.);
#2000 = DIRECTION('',(0.,-1.,2.22044604925E-16));
#2001 = ORIENTED_EDGE('',*,*,#1070,.T.);
#2002 = ORIENTED_EDGE('',*,*,#730,.F.);
#2003 = ORIENTED_EDGE('',*,*,#746,.F.);
#2004 = PLANE('',#2005);
#2005 = AXIS2_PLACEMENT_3D('',#2006,#2007,#2008);
#2006 = CARTESIAN_POINT('',(-1.6,2.985,0.8));
#2007 = DIRECTION('',(0.,2.22044604925E-16,1.));
#2008 = DIRECTION('',(1.,0.,0.));
#2009 = ADVANCED_FACE('',(#2010),#2021,.F.);
#2010 = FACE_BOUND('',#2011,.F.);
#2011 = EDGE_LOOP('',(#2012,#2013,#2014,#2020));
#2012 = ORIENTED_EDGE('',*,*,#811,.T.);
#2013 = ORIENTED_EDGE('',*,*,#1062,.T.);
#2014 = ORIENTED_EDGE('',*,*,#2015,.F.);
#2015 = EDGE_CURVE('',#787,#1055,#2016,.T.);
#2016 = LINE('',#2017,#2018);
#2017 = CARTESIAN_POINT('',(-2.6,2.985,0.35));
#2018 = VECTOR('',#2019,1.);
#2019 = DIRECTION('',(0.,-1.,2.22044604925E-16));
#2020 = ORIENTED_EDGE('',*,*,#794,.F.);
#2021 = PLANE('',#2022);
#2022 = AXIS2_PLACEMENT_3D('',#2023,#2024,#2025);
#2023 = CARTESIAN_POINT('',(-1.5,2.985,2.2));
#2024 = DIRECTION('',(0.859535888021,-1.134815336983E-16,-0.511075392877
    ));
#2025 = DIRECTION('',(-0.511075392877,-1.908553066744E-16,
    -0.859535888021));
#2026 = ADVANCED_FACE('',(#2027),#2038,.F.);
#2027 = FACE_BOUND('',#2028,.F.);
#2028 = EDGE_LOOP('',(#2029,#2035,#2036,#2037));
#2029 = ORIENTED_EDGE('',*,*,#2030,.T.);
#2030 = EDGE_CURVE('',#755,#1079,#2031,.T.);
#2031 = LINE('',#2032,#2033);
#2032 = CARTESIAN_POINT('',(-2.25,2.985,-6.628031457012E-16));
#2033 = VECTOR('',#2034,1.);
#2034 = DIRECTION('',(0.,-1.,2.22044604925E-16));
#2035 = ORIENTED_EDGE('',*,*,#1078,.T.);
#2036 = ORIENTED_EDGE('',*,*,#1996,.F.);
#2037 = ORIENTED_EDGE('',*,*,#754,.F.);
#2038 = PLANE('',#2039);
#2039 = AXIS2_PLACEMENT_3D('',#2040,#2041,#2042);
#2040 = CARTESIAN_POINT('',(-2.25,2.985,-6.628031457012E-16));
#2041 = DIRECTION('',(-0.776114000116,1.400196903077E-16,0.630592625094)
  );
#2042 = DIRECTION('',(0.630592625094,1.723319265326E-16,0.776114000116)
  );
#2043 = ADVANCED_FACE('',(#2044),#2061,.F.);
#2044 = FACE_BOUND('',#2045,.F.);
#2045 = EDGE_LOOP('',(#2046,#2047,#2048,#2054,#2055));
#2046 = ORIENTED_EDGE('',*,*,#786,.F.);
#2047 = ORIENTED_EDGE('',*,*,#2015,.T.);
#2048 = ORIENTED_EDGE('',*,*,#2049,.T.);
#2049 = EDGE_CURVE('',#1055,#1029,#2050,.T.);
#2050 = LINE('',#2051,#2052);
#2051 = CARTESIAN_POINT('',(-2.6,2.635,0.35));
#2052 = VECTOR('',#2053,1.);
#2053 = DIRECTION('',(0.,-2.22044604925E-16,-1.));
#2054 = ORIENTED_EDGE('',*,*,#1028,.T.);
#2055 = ORIENTED_EDGE('',*,*,#2056,.F.);
#2056 = EDGE_CURVE('',#779,#1031,#2057,.T.);
#2057 = LINE('',#2058,#2059);
#2058 = CARTESIAN_POINT('',(-2.6,2.985,-0.55));
#2059 = VECTOR('',#2060,1.);
#2060 = DIRECTION('',(0.,-1.,2.22044604925E-16));
#2061 = PLANE('',#2062);
#2062 = AXIS2_PLACEMENT_3D('',#2063,#2064,#2065);
#2063 = CARTESIAN_POINT('',(-2.6,2.985,0.35));
#2064 = DIRECTION('',(1.,0.,0.));
#2065 = DIRECTION('',(0.,-2.22044604925E-16,-1.));
#2066 = ADVANCED_FACE('',(#2067),#2078,.F.);
#2067 = FACE_BOUND('',#2068,.F.);
#2068 = EDGE_LOOP('',(#2069,#2070,#2076,#2077));
#2069 = ORIENTED_EDGE('',*,*,#762,.F.);
#2070 = ORIENTED_EDGE('',*,*,#2071,.T.);
#2071 = EDGE_CURVE('',#763,#1087,#2072,.T.);
#2072 = LINE('',#2073,#2074);
#2073 = CARTESIAN_POINT('',(-2.25,2.985,-0.55));
#2074 = VECTOR('',#2075,1.);
#2075 = DIRECTION('',(0.,-1.,2.22044604925E-16));
#2076 = ORIENTED_EDGE('',*,*,#1086,.T.);
#2077 = ORIENTED_EDGE('',*,*,#2030,.F.);
#2078 = PLANE('',#2079);
#2079 = AXIS2_PLACEMENT_3D('',#2080,#2081,#2082);
#2080 = CARTESIAN_POINT('',(-2.25,2.985,-0.75));
#2081 = DIRECTION('',(-1.,0.,0.));
#2082 = DIRECTION('',(0.,2.22044604925E-16,1.));
#2083 = ADVANCED_FACE('',(#2084),#2109,.F.);
#2084 = FACE_BOUND('',#2085,.F.);
#2085 = EDGE_LOOP('',(#2086,#2094,#2102,#2108));
#2086 = ORIENTED_EDGE('',*,*,#2087,.F.);
#2087 = EDGE_CURVE('',#2088,#779,#2090,.T.);
#2088 = VERTEX_POINT('',#2089);
#2089 = CARTESIAN_POINT('',(-2.5,2.885,-0.75));
#2090 = LINE('',#2091,#2092);
#2091 = CARTESIAN_POINT('',(-2.558333333333,2.943333333333,
    -0.633333333333));
#2092 = VECTOR('',#2093,1.);
#2093 = DIRECTION('',(-0.408248290464,0.408248290464,0.816496580928));
#2094 = ORIENTED_EDGE('',*,*,#2095,.T.);
#2095 = EDGE_CURVE('',#2088,#2096,#2098,.T.);
#2096 = VERTEX_POINT('',#2097);
#2097 = CARTESIAN_POINT('',(-2.425,2.885,-0.75));
#2098 = LINE('',#2099,#2100);
#2099 = CARTESIAN_POINT('',(-2.6,2.885,-0.75));
#2100 = VECTOR('',#2101,1.);
#2101 = DIRECTION('',(1.,0.,0.));
#2102 = ORIENTED_EDGE('',*,*,#2103,.T.);
#2103 = EDGE_CURVE('',#2096,#771,#2104,.T.);
#2104 = LINE('',#2105,#2106);
#2105 = CARTESIAN_POINT('',(-2.425,2.935,-0.65));
#2106 = VECTOR('',#2107,1.);
#2107 = DIRECTION('',(-3.08148791102E-33,0.4472135955,0.894427191));
#2108 = ORIENTED_EDGE('',*,*,#778,.F.);
#2109 = PLANE('',#2110);
#2110 = AXIS2_PLACEMENT_3D('',#2111,#2112,#2113);
#2111 = CARTESIAN_POINT('',(-2.6,2.935,-0.65));
#2112 = DIRECTION('',(-3.990861336093E-17,-0.894427191,0.4472135955));
#2113 = DIRECTION('',(1.,-3.569534894512E-17,1.784767447256E-17));
#2114 = ADVANCED_FACE('',(#2115),#2133,.F.);
#2115 = FACE_BOUND('',#2116,.F.);
#2116 = EDGE_LOOP('',(#2117,#2118,#2126,#2132));
#2117 = ORIENTED_EDGE('',*,*,#2103,.F.);
#2118 = ORIENTED_EDGE('',*,*,#2119,.T.);
#2119 = EDGE_CURVE('',#2096,#2120,#2122,.T.);
#2120 = VERTEX_POINT('',#2121);
#2121 = CARTESIAN_POINT('',(-2.35,2.885,-0.75));
#2122 = LINE('',#2123,#2124);
#2123 = CARTESIAN_POINT('',(-2.425,2.885,-0.75));
#2124 = VECTOR('',#2125,1.);
#2125 = DIRECTION('',(1.,0.,0.));
#2126 = ORIENTED_EDGE('',*,*,#2127,.T.);
#2127 = EDGE_CURVE('',#2120,#763,#2128,.T.);
#2128 = LINE('',#2129,#2130);
#2129 = CARTESIAN_POINT('',(-2.30625,2.92875,-0.6625));
#2130 = VECTOR('',#2131,1.);
#2131 = DIRECTION('',(0.408248290464,0.408248290464,0.816496580928));
#2132 = ORIENTED_EDGE('',*,*,#770,.F.);
#2133 = PLANE('',#2134);
#2134 = AXIS2_PLACEMENT_3D('',#2135,#2136,#2137);
#2135 = CARTESIAN_POINT('',(-2.425,2.935,-0.65));
#2136 = DIRECTION('',(-3.990861336093E-17,-0.894427191,0.4472135955));
#2137 = DIRECTION('',(1.,-3.569534894512E-17,1.784767447256E-17));
#2138 = ADVANCED_FACE('',(#2139),#2234,.T.);
#2139 = FACE_BOUND('',#2140,.T.);
#2140 = EDGE_LOOP('',(#2141,#2152,#2160,#2167,#2168,#2169,#2170,#2179,
    #2187,#2196,#2204,#2211,#2212,#2218,#2219,#2228));
#2141 = ORIENTED_EDGE('',*,*,#2142,.F.);
#2142 = EDGE_CURVE('',#2143,#2145,#2147,.T.);
#2143 = VERTEX_POINT('',#2144);
#2144 = CARTESIAN_POINT('',(-3.75,2.5,1.093435409435));
#2145 = VERTEX_POINT('',#2146);
#2146 = CARTESIAN_POINT('',(-3.622799344025,2.5,0.800893928787));
#2147 = CIRCLE('',#2148,0.4);
#2148 = AXIS2_PLACEMENT_3D('',#2149,#2150,#2151);
#2149 = CARTESIAN_POINT('',(-3.35,2.5,1.093435409435));
#2150 = DIRECTION('',(0.,-1.,2.22044604925E-16));
#2151 = DIRECTION('',(1.,0.,0.));
#2152 = ORIENTED_EDGE('',*,*,#2153,.T.);
#2153 = EDGE_CURVE('',#2143,#2154,#2156,.T.);
#2154 = VERTEX_POINT('',#2155);
#2155 = CARTESIAN_POINT('',(-3.75,2.5,2.1));
#2156 = LINE('',#2157,#2158);
#2157 = CARTESIAN_POINT('',(-3.75,2.5,1.093435409435));
#2158 = VECTOR('',#2159,1.);
#2159 = DIRECTION('',(0.,2.22044604925E-16,1.));
#2160 = ORIENTED_EDGE('',*,*,#2161,.F.);
#2161 = EDGE_CURVE('',#849,#2154,#2162,.T.);
#2162 = CIRCLE('',#2163,0.4);
#2163 = AXIS2_PLACEMENT_3D('',#2164,#2165,#2166);
#2164 = CARTESIAN_POINT('',(-3.35,2.5,2.1));
#2165 = DIRECTION('',(0.,-1.,2.22044604925E-16));
#2166 = DIRECTION('',(1.,0.,0.));
#2167 = ORIENTED_EDGE('',*,*,#890,.T.);
#2168 = ORIENTED_EDGE('',*,*,#834,.T.);
#2169 = ORIENTED_EDGE('',*,*,#1014,.F.);
#2170 = ORIENTED_EDGE('',*,*,#2171,.T.);
#2171 = EDGE_CURVE('',#973,#2172,#2174,.T.);
#2172 = VERTEX_POINT('',#2173);
#2173 = CARTESIAN_POINT('',(-3.45,2.5,2.1));
#2174 = CIRCLE('',#2175,0.1);
#2175 = AXIS2_PLACEMENT_3D('',#2176,#2177,#2178);
#2176 = CARTESIAN_POINT('',(-3.35,2.5,2.1));
#2177 = DIRECTION('',(0.,-1.,2.22044604925E-16));
#2178 = DIRECTION('',(1.,0.,0.));
#2179 = ORIENTED_EDGE('',*,*,#2180,.F.);
#2180 = EDGE_CURVE('',#2181,#2172,#2183,.T.);
#2181 = VERTEX_POINT('',#2182);
#2182 = CARTESIAN_POINT('',(-3.45,2.5,1.093435409435));
#2183 = LINE('',#2184,#2185);
#2184 = CARTESIAN_POINT('',(-3.45,2.5,1.093435409435));
#2185 = VECTOR('',#2186,1.);
#2186 = DIRECTION('',(-4.411929587159E-16,2.22044604925E-16,1.));
#2187 = ORIENTED_EDGE('',*,*,#2188,.T.);
#2188 = EDGE_CURVE('',#2181,#2189,#2191,.T.);
#2189 = VERTEX_POINT('',#2190);
#2190 = CARTESIAN_POINT('',(-3.418199836006,2.5,1.020300039273));
#2191 = CIRCLE('',#2192,0.1);
#2192 = AXIS2_PLACEMENT_3D('',#2193,#2194,#2195);
#2193 = CARTESIAN_POINT('',(-3.35,2.5,1.093435409435));
#2194 = DIRECTION('',(0.,-1.,2.22044604925E-16));
#2195 = DIRECTION('',(1.,0.,0.));
#2196 = ORIENTED_EDGE('',*,*,#2197,.F.);
#2197 = EDGE_CURVE('',#2198,#2189,#2200,.T.);
#2198 = VERTEX_POINT('',#2199);
#2199 = CARTESIAN_POINT('',(-2.728199836006,2.5,0.376864629838));
#2200 = LINE('',#2201,#2202);
#2201 = CARTESIAN_POINT('',(-2.728199836006,2.5,0.376864629838));
#2202 = VECTOR('',#2203,1.);
#2203 = DIRECTION('',(-0.731353701619,1.514340564196E-16,0.681998360062)
  );
#2204 = ORIENTED_EDGE('',*,*,#2205,.T.);
#2205 = EDGE_CURVE('',#2198,#1298,#2206,.T.);
#2206 = CIRCLE('',#2207,0.1);
#2207 = AXIS2_PLACEMENT_3D('',#2208,#2209,#2210);
#2208 = CARTESIAN_POINT('',(-2.66,2.5,0.45));
#2209 = DIRECTION('',(0.,-1.,2.22044604925E-16));
#2210 = DIRECTION('',(1.,0.,0.));
#2211 = ORIENTED_EDGE('',*,*,#1305,.F.);
#2212 = ORIENTED_EDGE('',*,*,#2213,.T.);
#2213 = EDGE_CURVE('',#1306,#1535,#2214,.T.);
#2214 = LINE('',#2215,#2216);
#2215 = CARTESIAN_POINT('',(-2.6,2.5,0.35));
#2216 = VECTOR('',#2217,1.);
#2217 = DIRECTION('',(0.,-2.22044604925E-16,-1.));
#2218 = ORIENTED_EDGE('',*,*,#1534,.T.);
#2219 = ORIENTED_EDGE('',*,*,#2220,.F.);
#2220 = EDGE_CURVE('',#2221,#1527,#2223,.T.);
#2221 = VERTEX_POINT('',#2222);
#2222 = CARTESIAN_POINT('',(-2.932799344025,2.5,0.157458519352));
#2223 = CIRCLE('',#2224,0.4);
#2224 = AXIS2_PLACEMENT_3D('',#2225,#2226,#2227);
#2225 = CARTESIAN_POINT('',(-2.66,2.5,0.45));
#2226 = DIRECTION('',(0.,-1.,2.22044604925E-16));
#2227 = DIRECTION('',(1.,0.,0.));
#2228 = ORIENTED_EDGE('',*,*,#2229,.T.);
#2229 = EDGE_CURVE('',#2221,#2145,#2230,.T.);
#2230 = LINE('',#2231,#2232);
#2231 = CARTESIAN_POINT('',(-2.932799344025,2.5,0.157458519352));
#2232 = VECTOR('',#2233,1.);
#2233 = DIRECTION('',(-0.731353701619,1.514340564196E-16,0.681998360062)
  );
#2234 = PLANE('',#2235);
#2235 = AXIS2_PLACEMENT_3D('',#2236,#2237,#2238);
#2236 = CARTESIAN_POINT('',(4.912948621536E-13,2.5,1.337340874914));
#2237 = DIRECTION('',(7.032269844464E-86,1.,-2.22044604925E-16));
#2238 = DIRECTION('',(0.,2.22044604925E-16,1.));
#2239 = ADVANCED_FACE('',(#2240),#2259,.T.);
#2240 = FACE_BOUND('',#2241,.F.);
#2241 = EDGE_LOOP('',(#2242,#2243,#2252,#2258));
#2242 = ORIENTED_EDGE('',*,*,#848,.T.);
#2243 = ORIENTED_EDGE('',*,*,#2244,.T.);
#2244 = EDGE_CURVE('',#851,#2245,#2247,.T.);
#2245 = VERTEX_POINT('',#2246);
#2246 = CARTESIAN_POINT('',(-3.75,-2.5,2.1));
#2247 = CIRCLE('',#2248,0.4);
#2248 = AXIS2_PLACEMENT_3D('',#2249,#2250,#2251);
#2249 = CARTESIAN_POINT('',(-3.35,-2.5,2.1));
#2250 = DIRECTION('',(0.,-1.,2.22044604925E-16));
#2251 = DIRECTION('',(1.,0.,0.));
#2252 = ORIENTED_EDGE('',*,*,#2253,.F.);
#2253 = EDGE_CURVE('',#2154,#2245,#2254,.T.);
#2254 = LINE('',#2255,#2256);
#2255 = CARTESIAN_POINT('',(-3.75,2.5,2.1));
#2256 = VECTOR('',#2257,1.);
#2257 = DIRECTION('',(0.,-1.,2.22044604925E-16));
#2258 = ORIENTED_EDGE('',*,*,#2161,.F.);
#2259 = CYLINDRICAL_SURFACE('',#2260,0.4);
#2260 = AXIS2_PLACEMENT_3D('',#2261,#2262,#2263);
#2261 = CARTESIAN_POINT('',(-3.35,2.5,2.1));
#2262 = DIRECTION('',(0.,1.,-2.22044604925E-16));
#2263 = DIRECTION('',(1.,0.,0.));
#2264 = ADVANCED_FACE('',(#2265),#2307,.F.);
#2265 = FACE_BOUND('',#2266,.F.);
#2266 = EDGE_LOOP('',(#2267,#2277,#2283,#2284,#2285,#2291,#2292,#2301));
#2267 = ORIENTED_EDGE('',*,*,#2268,.F.);
#2268 = EDGE_CURVE('',#2269,#2271,#2273,.T.);
#2269 = VERTEX_POINT('',#2270);
#2270 = CARTESIAN_POINT('',(-3.75,-2.5,1.95));
#2271 = VERTEX_POINT('',#2272);
#2272 = CARTESIAN_POINT('',(-3.45,-2.5,1.95));
#2273 = LINE('',#2274,#2275);
#2274 = CARTESIAN_POINT('',(-3.75,-2.5,1.95));
#2275 = VECTOR('',#2276,1.);
#2276 = DIRECTION('',(1.,0.,0.));
#2277 = ORIENTED_EDGE('',*,*,#2278,.T.);
#2278 = EDGE_CURVE('',#2269,#2245,#2279,.T.);
#2279 = LINE('',#2280,#2281);
#2280 = CARTESIAN_POINT('',(-3.75,-2.5,1.093435409435));
#2281 = VECTOR('',#2282,1.);
#2282 = DIRECTION('',(0.,2.22044604925E-16,1.));
#2283 = ORIENTED_EDGE('',*,*,#2244,.F.);
#2284 = ORIENTED_EDGE('',*,*,#858,.T.);
#2285 = ORIENTED_EDGE('',*,*,#2286,.T.);
#2286 = EDGE_CURVE('',#859,#983,#2287,.T.);
#2287 = LINE('',#2288,#2289);
#2288 = CARTESIAN_POINT('',(-3.,-2.5,2.5));
#2289 = VECTOR('',#2290,1.);
#2290 = DIRECTION('',(2.22044604925E-16,-2.22044604925E-16,-1.));
#2291 = ORIENTED_EDGE('',*,*,#982,.F.);
#2292 = ORIENTED_EDGE('',*,*,#2293,.T.);
#2293 = EDGE_CURVE('',#975,#2294,#2296,.T.);
#2294 = VERTEX_POINT('',#2295);
#2295 = CARTESIAN_POINT('',(-3.45,-2.5,2.1));
#2296 = CIRCLE('',#2297,0.1);
#2297 = AXIS2_PLACEMENT_3D('',#2298,#2299,#2300);
#2298 = CARTESIAN_POINT('',(-3.35,-2.5,2.1));
#2299 = DIRECTION('',(0.,-1.,2.22044604925E-16));
#2300 = DIRECTION('',(1.,0.,0.));
#2301 = ORIENTED_EDGE('',*,*,#2302,.F.);
#2302 = EDGE_CURVE('',#2271,#2294,#2303,.T.);
#2303 = LINE('',#2304,#2305);
#2304 = CARTESIAN_POINT('',(-3.45,-2.5,1.093435409435));
#2305 = VECTOR('',#2306,1.);
#2306 = DIRECTION('',(-4.411929587159E-16,2.22044604925E-16,1.));
#2307 = PLANE('',#2308);
#2308 = AXIS2_PLACEMENT_3D('',#2309,#2310,#2311);
#2309 = CARTESIAN_POINT('',(4.912948621536E-13,-2.5,1.337340874914));
#2310 = DIRECTION('',(7.032269844464E-86,1.,-2.22044604925E-16));
#2311 = DIRECTION('',(0.,2.22044604925E-16,1.));
#2312 = ADVANCED_FACE('',(#2313),#2356,.F.);
#2313 = FACE_BOUND('',#2314,.F.);
#2314 = EDGE_LOOP('',(#2315,#2325,#2334,#2340,#2341,#2349));
#2315 = ORIENTED_EDGE('',*,*,#2316,.F.);
#2316 = EDGE_CURVE('',#2317,#2319,#2321,.T.);
#2317 = VERTEX_POINT('',#2318);
#2318 = CARTESIAN_POINT('',(-2.9,-2.970739199894,2.77));
#2319 = VERTEX_POINT('',#2320);
#2320 = CARTESIAN_POINT('',(2.9,-2.970739199894,2.77));
#2321 = LINE('',#2322,#2323);
#2322 = CARTESIAN_POINT('',(-3.,-2.970739199894,2.77));
#2323 = VECTOR('',#2324,1.);
#2324 = DIRECTION('',(1.,-2.22044604925E-16,2.775557561563E-16));
#2325 = ORIENTED_EDGE('',*,*,#2326,.T.);
#2326 = EDGE_CURVE('',#2317,#2327,#2329,.T.);
#2327 = VERTEX_POINT('',#2328);
#2328 = CARTESIAN_POINT('',(-3.,-2.883994867033,2.720246399965));
#2329 = CIRCLE('',#2330,0.1);
#2330 = AXIS2_PLACEMENT_3D('',#2331,#2332,#2333);
#2331 = CARTESIAN_POINT('',(-2.9,-2.883994867033,2.720246399965));
#2332 = DIRECTION('',(8.213592656172E-17,-0.497536000354,-0.867443328611
    ));
#2333 = DIRECTION('',(0.,0.867443328611,-0.497536000354));
#2334 = ORIENTED_EDGE('',*,*,#2335,.F.);
#2335 = EDGE_CURVE('',#859,#2327,#2336,.T.);
#2336 = LINE('',#2337,#2338);
#2337 = CARTESIAN_POINT('',(-3.,-2.5,2.5));
#2338 = VECTOR('',#2339,1.);
#2339 = DIRECTION('',(-3.030862958309E-16,-0.867443328611,0.497536000354
    ));
#2340 = ORIENTED_EDGE('',*,*,#866,.T.);
#2341 = ORIENTED_EDGE('',*,*,#2342,.T.);
#2342 = EDGE_CURVE('',#867,#2343,#2345,.T.);
#2343 = VERTEX_POINT('',#2344);
#2344 = CARTESIAN_POINT('',(3.,-2.883994867033,2.720246399965));
#2345 = LINE('',#2346,#2347);
#2346 = CARTESIAN_POINT('',(3.,-2.5,2.5));
#2347 = VECTOR('',#2348,1.);
#2348 = DIRECTION('',(-3.030862958309E-16,-0.867443328611,0.497536000354
    ));
#2349 = ORIENTED_EDGE('',*,*,#2350,.T.);
#2350 = EDGE_CURVE('',#2343,#2319,#2351,.T.);
#2351 = CIRCLE('',#2352,0.1);
#2352 = AXIS2_PLACEMENT_3D('',#2353,#2354,#2355);
#2353 = CARTESIAN_POINT('',(2.9,-2.883994867033,2.720246399965));
#2354 = DIRECTION('',(8.213592656172E-17,-0.497536000354,-0.867443328611
    ));
#2355 = DIRECTION('',(0.,0.867443328611,-0.497536000354));
#2356 = PLANE('',#2357);
#2357 = AXIS2_PLACEMENT_3D('',#2358,#2359,#2360);
#2358 = CARTESIAN_POINT('',(-3.,-2.5,2.5));
#2359 = DIRECTION('',(1.302887043608E-16,-0.497536000354,-0.867443328611
    ));
#2360 = DIRECTION('',(-3.030862958309E-16,-0.867443328611,0.497536000354
    ));
#2361 = ADVANCED_FACE('',(#2362),#2382,.F.);
#2362 = FACE_BOUND('',#2363,.F.);
#2363 = EDGE_LOOP('',(#2364,#2365,#2371,#2372,#2373,#2374,#2380,#2381));
#2364 = ORIENTED_EDGE('',*,*,#1777,.T.);
#2365 = ORIENTED_EDGE('',*,*,#2366,.T.);
#2366 = EDGE_CURVE('',#1778,#1143,#2367,.T.);
#2367 = LINE('',#2368,#2369);
#2368 = CARTESIAN_POINT('',(3.75,-2.5,1.95));
#2369 = VECTOR('',#2370,1.);
#2370 = DIRECTION('',(-1.,2.22044604925E-16,-2.22044604925E-16));
#2371 = ORIENTED_EDGE('',*,*,#1142,.F.);
#2372 = ORIENTED_EDGE('',*,*,#1124,.T.);
#2373 = ORIENTED_EDGE('',*,*,#998,.F.);
#2374 = ORIENTED_EDGE('',*,*,#2375,.F.);
#2375 = EDGE_CURVE('',#867,#991,#2376,.T.);
#2376 = LINE('',#2377,#2378);
#2377 = CARTESIAN_POINT('',(3.,-2.5,2.5));
#2378 = VECTOR('',#2379,1.);
#2379 = DIRECTION('',(2.22044604925E-16,-2.22044604925E-16,-1.));
#2380 = ORIENTED_EDGE('',*,*,#874,.T.);
#2381 = ORIENTED_EDGE('',*,*,#1810,.F.);
#2382 = PLANE('',#2383);
#2383 = AXIS2_PLACEMENT_3D('',#2384,#2385,#2386);
#2384 = CARTESIAN_POINT('',(4.912948621536E-13,-2.5,1.337340874914));
#2385 = DIRECTION('',(7.032269844464E-86,1.,-2.22044604925E-16));
#2386 = DIRECTION('',(0.,2.22044604925E-16,1.));
#2387 = ADVANCED_FACE('',(#2388),#2430,.F.);
#2388 = FACE_BOUND('',#2389,.T.);
#2389 = EDGE_LOOP('',(#2390,#2400,#2408,#2416,#2422,#2423));
#2390 = ORIENTED_EDGE('',*,*,#2391,.T.);
#2391 = EDGE_CURVE('',#2392,#2394,#2396,.T.);
#2392 = VERTEX_POINT('',#2393);
#2393 = CARTESIAN_POINT('',(2.1,-1.863358346949,2.550067806412));
#2394 = VERTEX_POINT('',#2395);
#2395 = CARTESIAN_POINT('',(2.1,-1.690333000001,2.850299));
#2396 = LINE('',#2397,#2398);
#2397 = CARTESIAN_POINT('',(2.1,-1.863358346949,2.550067806412));
#2398 = VECTOR('',#2399,1.);
#2399 = DIRECTION('',(-8.151137423586E-17,0.49932193588,0.866416530515)
  );
#2400 = ORIENTED_EDGE('',*,*,#2401,.T.);
#2401 = EDGE_CURVE('',#2394,#2402,#2404,.T.);
#2402 = VERTEX_POINT('',#2403);
#2403 = CARTESIAN_POINT('',(2.1,-1.466332963341,2.850299));
#2404 = LINE('',#2405,#2406);
#2405 = CARTESIAN_POINT('',(2.1,-1.690333000001,2.850299));
#2406 = VECTOR('',#2407,1.);
#2407 = DIRECTION('',(2.22044604925E-16,1.,-2.22044604925E-16));
#2408 = ORIENTED_EDGE('',*,*,#2409,.T.);
#2409 = EDGE_CURVE('',#2402,#2410,#2412,.T.);
#2410 = VERTEX_POINT('',#2411);
#2411 = CARTESIAN_POINT('',(2.1,-1.377593307617,2.799157712727));
#2412 = LINE('',#2413,#2414);
#2413 = CARTESIAN_POINT('',(2.1,-1.466332963341,2.850299));
#2414 = VECTOR('',#2415,1.);
#2415 = DIRECTION('',(3.032548582015E-16,0.866416530515,-0.49932193588)
  );
#2416 = ORIENTED_EDGE('',*,*,#2417,.T.);
#2417 = EDGE_CURVE('',#2410,#901,#2418,.T.);
#2418 = LINE('',#2419,#2420);
#2419 = CARTESIAN_POINT('',(2.1,-1.377593307617,2.799157712727));
#2420 = VECTOR('',#2421,1.);
#2421 = DIRECTION('',(8.151137423586E-17,-0.49932193588,-0.866416530515)
  );
#2422 = ORIENTED_EDGE('',*,*,#898,.F.);
#2423 = ORIENTED_EDGE('',*,*,#2424,.T.);
#2424 = EDGE_CURVE('',#899,#2392,#2425,.T.);
#2425 = CIRCLE('',#2426,0.1);
#2426 = AXIS2_PLACEMENT_3D('',#2427,#2428,#2429);
#2427 = CARTESIAN_POINT('',(2.1,-1.95,2.6));
#2428 = DIRECTION('',(1.,-2.22044604925E-16,2.22044604925E-16));
#2429 = DIRECTION('',(2.22044604925E-16,1.,-2.22044604925E-16));
#2430 = PLANE('',#2431);
#2431 = AXIS2_PLACEMENT_3D('',#2432,#2433,#2434);
#2432 = CARTESIAN_POINT('',(2.1,-1.65433628932,2.654112637827));
#2433 = DIRECTION('',(1.,-1.435211416274E-30,4.341873084862E-30));
#2434 = DIRECTION('',(-4.341873084862E-30,1.479114197289E-31,1.));
#2435 = ADVANCED_FACE('',(#2436),#2455,.F.);
#2436 = FACE_BOUND('',#2437,.T.);
#2437 = EDGE_LOOP('',(#2438,#2439,#2448,#2454));
#2438 = ORIENTED_EDGE('',*,*,#924,.T.);
#2439 = ORIENTED_EDGE('',*,*,#2440,.T.);
#2440 = EDGE_CURVE('',#917,#2441,#2443,.T.);
#2441 = VERTEX_POINT('',#2442);
#2442 = CARTESIAN_POINT('',(2.7,-1.863358346949,2.550067806412));
#2443 = CIRCLE('',#2444,0.1);
#2444 = AXIS2_PLACEMENT_3D('',#2445,#2446,#2447);
#2445 = CARTESIAN_POINT('',(2.7,-1.95,2.6));
#2446 = DIRECTION('',(1.,-2.22044604925E-16,2.22044604925E-16));
#2447 = DIRECTION('',(2.22044604925E-16,1.,-2.22044604925E-16));
#2448 = ORIENTED_EDGE('',*,*,#2449,.F.);
#2449 = EDGE_CURVE('',#2392,#2441,#2450,.T.);
#2450 = LINE('',#2451,#2452);
#2451 = CARTESIAN_POINT('',(2.1,-1.863358346949,2.550067806412));
#2452 = VECTOR('',#2453,1.);
#2453 = DIRECTION('',(1.,-2.22044604925E-16,2.775557561563E-16));
#2454 = ORIENTED_EDGE('',*,*,#2424,.F.);
#2455 = CYLINDRICAL_SURFACE('',#2456,0.1);
#2456 = AXIS2_PLACEMENT_3D('',#2457,#2458,#2459);
#2457 = CARTESIAN_POINT('',(2.1,-1.95,2.6));
#2458 = DIRECTION('',(-1.,2.22044604925E-16,-2.22044604925E-16));
#2459 = DIRECTION('',(2.22044604925E-16,1.,-2.22044604925E-16));
#2460 = ADVANCED_FACE('',(#2461),#2479,.T.);
#2461 = FACE_BOUND('',#2462,.T.);
#2462 = EDGE_LOOP('',(#2463,#2471,#2477,#2478));
#2463 = ORIENTED_EDGE('',*,*,#2464,.T.);
#2464 = EDGE_CURVE('',#2410,#2465,#2467,.T.);
#2465 = VERTEX_POINT('',#2466);
#2466 = CARTESIAN_POINT('',(2.7,-1.377593307617,2.799157712727));
#2467 = LINE('',#2468,#2469);
#2468 = CARTESIAN_POINT('',(2.1,-1.377593307617,2.799157712727));
#2469 = VECTOR('',#2470,1.);
#2470 = DIRECTION('',(1.,-2.22044604925E-16,2.775557561563E-16));
#2471 = ORIENTED_EDGE('',*,*,#2472,.T.);
#2472 = EDGE_CURVE('',#2465,#909,#2473,.T.);
#2473 = LINE('',#2474,#2475);
#2474 = CARTESIAN_POINT('',(2.7,-1.377593307617,2.799157712727));
#2475 = VECTOR('',#2476,1.);
#2476 = DIRECTION('',(8.151137423586E-17,-0.49932193588,-0.866416530515)
  );
#2477 = ORIENTED_EDGE('',*,*,#908,.F.);
#2478 = ORIENTED_EDGE('',*,*,#2417,.F.);
#2479 = PLANE('',#2480);
#2480 = AXIS2_PLACEMENT_3D('',#2481,#2482,#2483);
#2481 = CARTESIAN_POINT('',(2.1,-1.377593307617,2.799157712727));
#2482 = DIRECTION('',(3.309727936972E-16,0.866416530515,-0.49932193588)
  );
#2483 = DIRECTION('',(8.151137423586E-17,-0.49932193588,-0.866416530515)
  );
#2484 = ADVANCED_FACE('',(#2485),#2512,.T.);
#2485 = FACE_BOUND('',#2486,.F.);
#2486 = EDGE_LOOP('',(#2487,#2495,#2503,#2509,#2510,#2511));
#2487 = ORIENTED_EDGE('',*,*,#2488,.T.);
#2488 = EDGE_CURVE('',#2441,#2489,#2491,.T.);
#2489 = VERTEX_POINT('',#2490);
#2490 = CARTESIAN_POINT('',(2.7,-1.690333000001,2.850299));
#2491 = LINE('',#2492,#2493);
#2492 = CARTESIAN_POINT('',(2.7,-1.863358346949,2.550067806412));
#2493 = VECTOR('',#2494,1.);
#2494 = DIRECTION('',(-8.151137423586E-17,0.49932193588,0.866416530515)
  );
#2495 = ORIENTED_EDGE('',*,*,#2496,.T.);
#2496 = EDGE_CURVE('',#2489,#2497,#2499,.T.);
#2497 = VERTEX_POINT('',#2498);
#2498 = CARTESIAN_POINT('',(2.7,-1.466332963341,2.850299));
#2499 = LINE('',#2500,#2501);
#2500 = CARTESIAN_POINT('',(2.7,-1.690333000001,2.850299));
#2501 = VECTOR('',#2502,1.);
#2502 = DIRECTION('',(2.22044604925E-16,1.,-2.22044604925E-16));
#2503 = ORIENTED_EDGE('',*,*,#2504,.T.);
#2504 = EDGE_CURVE('',#2497,#2465,#2505,.T.);
#2505 = LINE('',#2506,#2507);
#2506 = CARTESIAN_POINT('',(2.7,-1.466332963341,2.850299));
#2507 = VECTOR('',#2508,1.);
#2508 = DIRECTION('',(3.032548582015E-16,0.866416530515,-0.49932193588)
  );
#2509 = ORIENTED_EDGE('',*,*,#2472,.T.);
#2510 = ORIENTED_EDGE('',*,*,#916,.F.);
#2511 = ORIENTED_EDGE('',*,*,#2440,.T.);
#2512 = PLANE('',#2513);
#2513 = AXIS2_PLACEMENT_3D('',#2514,#2515,#2516);
#2514 = CARTESIAN_POINT('',(2.7,-1.65433628932,2.654112637827));
#2515 = DIRECTION('',(1.,-1.435211416274E-30,4.341873084862E-30));
#2516 = DIRECTION('',(-4.341873084862E-30,1.479114197289E-31,1.));
#2517 = ADVANCED_FACE('',(#2518),#2543,.T.);
#2518 = FACE_BOUND('',#2519,.F.);
#2519 = EDGE_LOOP('',(#2520,#2530,#2536,#2537));
#2520 = ORIENTED_EDGE('',*,*,#2521,.T.);
#2521 = EDGE_CURVE('',#2522,#2524,#2526,.T.);
#2522 = VERTEX_POINT('',#2523);
#2523 = CARTESIAN_POINT('',(-2.1,-1.377593307617,2.799157712727));
#2524 = VERTEX_POINT('',#2525);
#2525 = CARTESIAN_POINT('',(-2.7,-1.377593307617,2.799157712727));
#2526 = LINE('',#2527,#2528);
#2527 = CARTESIAN_POINT('',(-2.1,-1.377593307617,2.799157712727));
#2528 = VECTOR('',#2529,1.);
#2529 = DIRECTION('',(-1.,-1.232595164408E-32,5.551115123126E-17));
#2530 = ORIENTED_EDGE('',*,*,#2531,.T.);
#2531 = EDGE_CURVE('',#2524,#935,#2532,.T.);
#2532 = LINE('',#2533,#2534);
#2533 = CARTESIAN_POINT('',(-2.7,-1.377593307617,2.799157712727));
#2534 = VECTOR('',#2535,1.);
#2535 = DIRECTION('',(-4.930380657631E-32,-0.49932193588,-0.866416530515
    ));
#2536 = ORIENTED_EDGE('',*,*,#932,.F.);
#2537 = ORIENTED_EDGE('',*,*,#2538,.F.);
#2538 = EDGE_CURVE('',#2522,#933,#2539,.T.);
#2539 = LINE('',#2540,#2541);
#2540 = CARTESIAN_POINT('',(-2.1,-1.377593307617,2.799157712727));
#2541 = VECTOR('',#2542,1.);
#2542 = DIRECTION('',(-4.930380657631E-32,-0.49932193588,-0.866416530515
    ));
#2543 = PLANE('',#2544);
#2544 = AXIS2_PLACEMENT_3D('',#2545,#2546,#2547);
#2545 = CARTESIAN_POINT('',(-2.1,-1.377593307617,2.799157712727));
#2546 = DIRECTION('',(-2.77179354957E-17,0.866416530515,-0.49932193588)
  );
#2547 = DIRECTION('',(4.930380657631E-32,0.49932193588,0.866416530515));
#2548 = ADVANCED_FACE('',(#2549),#2584,.T.);
#2549 = FACE_BOUND('',#2550,.T.);
#2550 = EDGE_LOOP('',(#2551,#2561,#2569,#2575,#2576,#2577));
#2551 = ORIENTED_EDGE('',*,*,#2552,.T.);
#2552 = EDGE_CURVE('',#2553,#2555,#2557,.T.);
#2553 = VERTEX_POINT('',#2554);
#2554 = CARTESIAN_POINT('',(-2.7,-1.863358346949,2.550067806412));
#2555 = VERTEX_POINT('',#2556);
#2556 = CARTESIAN_POINT('',(-2.7,-1.690333000001,2.850299));
#2557 = LINE('',#2558,#2559);
#2558 = CARTESIAN_POINT('',(-2.7,-1.863358346949,2.550067806412));
#2559 = VECTOR('',#2560,1.);
#2560 = DIRECTION('',(9.860761315263E-32,0.49932193588,0.866416530515));
#2561 = ORIENTED_EDGE('',*,*,#2562,.T.);
#2562 = EDGE_CURVE('',#2555,#2563,#2565,.T.);
#2563 = VERTEX_POINT('',#2564);
#2564 = CARTESIAN_POINT('',(-2.7,-1.466332963341,2.850299));
#2565 = LINE('',#2566,#2567);
#2566 = CARTESIAN_POINT('',(-2.7,-1.690333000001,2.850299));
#2567 = VECTOR('',#2568,1.);
#2568 = DIRECTION('',(9.860761315263E-32,1.,-2.22044604925E-16));
#2569 = ORIENTED_EDGE('',*,*,#2570,.T.);
#2570 = EDGE_CURVE('',#2563,#2524,#2571,.T.);
#2571 = LINE('',#2572,#2573);
#2572 = CARTESIAN_POINT('',(-2.7,-1.466332963341,2.850299));
#2573 = VECTOR('',#2574,1.);
#2574 = DIRECTION('',(4.930380657631E-32,0.866416530515,-0.49932193588)
  );
#2575 = ORIENTED_EDGE('',*,*,#2531,.T.);
#2576 = ORIENTED_EDGE('',*,*,#958,.F.);
#2577 = ORIENTED_EDGE('',*,*,#2578,.T.);
#2578 = EDGE_CURVE('',#951,#2553,#2579,.T.);
#2579 = CIRCLE('',#2580,0.1);
#2580 = AXIS2_PLACEMENT_3D('',#2581,#2582,#2583);
#2581 = CARTESIAN_POINT('',(-2.7,-1.95,2.6));
#2582 = DIRECTION('',(1.,-9.860761315263E-32,-4.930380657631E-32));
#2583 = DIRECTION('',(9.860761315263E-32,1.,-2.22044604925E-16));
#2584 = PLANE('',#2585);
#2585 = AXIS2_PLACEMENT_3D('',#2586,#2587,#2588);
#2586 = CARTESIAN_POINT('',(-2.7,-1.65433628932,2.654112637827));
#2587 = DIRECTION('',(-1.,2.22044604925E-16,-2.22044604925E-16));
#2588 = DIRECTION('',(2.22044604925E-16,-2.465190328816E-32,-1.));
#2589 = ADVANCED_FACE('',(#2590),#2609,.F.);
#2590 = FACE_BOUND('',#2591,.F.);
#2591 = EDGE_LOOP('',(#2592,#2593,#2594,#2602));
#2592 = ORIENTED_EDGE('',*,*,#950,.T.);
#2593 = ORIENTED_EDGE('',*,*,#2578,.T.);
#2594 = ORIENTED_EDGE('',*,*,#2595,.F.);
#2595 = EDGE_CURVE('',#2596,#2553,#2598,.T.);
#2596 = VERTEX_POINT('',#2597);
#2597 = CARTESIAN_POINT('',(-2.1,-1.863358346949,2.550067806412));
#2598 = LINE('',#2599,#2600);
#2599 = CARTESIAN_POINT('',(-2.1,-1.863358346949,2.550067806412));
#2600 = VECTOR('',#2601,1.);
#2601 = DIRECTION('',(-1.,-1.232595164408E-32,5.551115123126E-17));
#2602 = ORIENTED_EDGE('',*,*,#2603,.F.);
#2603 = EDGE_CURVE('',#943,#2596,#2604,.T.);
#2604 = CIRCLE('',#2605,0.1);
#2605 = AXIS2_PLACEMENT_3D('',#2606,#2607,#2608);
#2606 = CARTESIAN_POINT('',(-2.1,-1.95,2.6));
#2607 = DIRECTION('',(1.,-9.860761315263E-32,-4.930380657631E-32));
#2608 = DIRECTION('',(9.860761315263E-32,1.,-2.22044604925E-16));
#2609 = CYLINDRICAL_SURFACE('',#2610,0.1);
#2610 = AXIS2_PLACEMENT_3D('',#2611,#2612,#2613);
#2611 = CARTESIAN_POINT('',(-2.1,-1.95,2.6));
#2612 = DIRECTION('',(1.,-4.930380657631E-32,-4.930380657631E-32));
#2613 = DIRECTION('',(4.930380657631E-32,1.,-2.22044604925E-16));
#2614 = ADVANCED_FACE('',(#2615),#2642,.F.);
#2615 = FACE_BOUND('',#2616,.F.);
#2616 = EDGE_LOOP('',(#2617,#2625,#2633,#2639,#2640,#2641));
#2617 = ORIENTED_EDGE('',*,*,#2618,.T.);
#2618 = EDGE_CURVE('',#2596,#2619,#2621,.T.);
#2619 = VERTEX_POINT('',#2620);
#2620 = CARTESIAN_POINT('',(-2.1,-1.690333000001,2.850299));
#2621 = LINE('',#2622,#2623);
#2622 = CARTESIAN_POINT('',(-2.1,-1.863358346949,2.550067806412));
#2623 = VECTOR('',#2624,1.);
#2624 = DIRECTION('',(9.860761315263E-32,0.49932193588,0.866416530515));
#2625 = ORIENTED_EDGE('',*,*,#2626,.T.);
#2626 = EDGE_CURVE('',#2619,#2627,#2629,.T.);
#2627 = VERTEX_POINT('',#2628);
#2628 = CARTESIAN_POINT('',(-2.1,-1.466332963341,2.850299));
#2629 = LINE('',#2630,#2631);
#2630 = CARTESIAN_POINT('',(-2.1,-1.690333000001,2.850299));
#2631 = VECTOR('',#2632,1.);
#2632 = DIRECTION('',(9.860761315263E-32,1.,-2.22044604925E-16));
#2633 = ORIENTED_EDGE('',*,*,#2634,.T.);
#2634 = EDGE_CURVE('',#2627,#2522,#2635,.T.);
#2635 = LINE('',#2636,#2637);
#2636 = CARTESIAN_POINT('',(-2.1,-1.466332963341,2.850299));
#2637 = VECTOR('',#2638,1.);
#2638 = DIRECTION('',(4.930380657631E-32,0.866416530515,-0.49932193588)
  );
#2639 = ORIENTED_EDGE('',*,*,#2538,.T.);
#2640 = ORIENTED_EDGE('',*,*,#942,.F.);
#2641 = ORIENTED_EDGE('',*,*,#2603,.T.);
#2642 = PLANE('',#2643);
#2643 = AXIS2_PLACEMENT_3D('',#2644,#2645,#2646);
#2644 = CARTESIAN_POINT('',(-2.1,-1.65433628932,2.654112637827));
#2645 = DIRECTION('',(-1.,2.22044604925E-16,-2.22044604925E-16));
#2646 = DIRECTION('',(2.22044604925E-16,-2.465190328816E-32,-1.));
#2647 = ADVANCED_FACE('',(#2648),#2659,.F.);
#2648 = FACE_BOUND('',#2649,.T.);
#2649 = EDGE_LOOP('',(#2650,#2651,#2652,#2658));
#2650 = ORIENTED_EDGE('',*,*,#972,.T.);
#2651 = ORIENTED_EDGE('',*,*,#2293,.T.);
#2652 = ORIENTED_EDGE('',*,*,#2653,.F.);
#2653 = EDGE_CURVE('',#2172,#2294,#2654,.T.);
#2654 = LINE('',#2655,#2656);
#2655 = CARTESIAN_POINT('',(-3.45,2.5,2.1));
#2656 = VECTOR('',#2657,1.);
#2657 = DIRECTION('',(0.,-1.,2.22044604925E-16));
#2658 = ORIENTED_EDGE('',*,*,#2171,.F.);
#2659 = CYLINDRICAL_SURFACE('',#2660,0.1);
#2660 = AXIS2_PLACEMENT_3D('',#2661,#2662,#2663);
#2661 = CARTESIAN_POINT('',(-3.35,2.5,2.1));
#2662 = DIRECTION('',(0.,1.,-2.22044604925E-16));
#2663 = DIRECTION('',(1.,0.,0.));
#2664 = ADVANCED_FACE('',(#2665),#2692,.T.);
#2665 = FACE_BOUND('',#2666,.F.);
#2666 = EDGE_LOOP('',(#2667,#2677,#2684,#2685));
#2667 = ORIENTED_EDGE('',*,*,#2668,.T.);
#2668 = EDGE_CURVE('',#2669,#2671,#2673,.T.);
#2669 = VERTEX_POINT('',#2670);
#2670 = CARTESIAN_POINT('',(-3.,-2.649260800106,2.239767001417));
#2671 = VERTEX_POINT('',#2672);
#2672 = CARTESIAN_POINT('',(3.,-2.649260800106,2.239767001417));
#2673 = LINE('',#2674,#2675);
#2674 = CARTESIAN_POINT('',(-3.,-2.649260800106,2.239767001417));
#2675 = VECTOR('',#2676,1.);
#2676 = DIRECTION('',(1.,-2.22044604925E-16,2.775557561563E-16));
#2677 = ORIENTED_EDGE('',*,*,#2678,.T.);
#2678 = EDGE_CURVE('',#2671,#991,#2679,.T.);
#2679 = CIRCLE('',#2680,0.3);
#2680 = AXIS2_PLACEMENT_3D('',#2681,#2682,#2683);
#2681 = CARTESIAN_POINT('',(3.,-2.5,2.5));
#2682 = DIRECTION('',(1.,-2.22044604925E-16,2.22044604925E-16));
#2683 = DIRECTION('',(2.22044604925E-16,1.,-2.22044604925E-16));
#2684 = ORIENTED_EDGE('',*,*,#990,.F.);
#2685 = ORIENTED_EDGE('',*,*,#2686,.F.);
#2686 = EDGE_CURVE('',#2669,#983,#2687,.T.);
#2687 = CIRCLE('',#2688,0.3);
#2688 = AXIS2_PLACEMENT_3D('',#2689,#2690,#2691);
#2689 = CARTESIAN_POINT('',(-3.,-2.5,2.5));
#2690 = DIRECTION('',(1.,-2.22044604925E-16,2.22044604925E-16));
#2691 = DIRECTION('',(2.22044604925E-16,1.,-2.22044604925E-16));
#2692 = CYLINDRICAL_SURFACE('',#2693,0.3);
#2693 = AXIS2_PLACEMENT_3D('',#2694,#2695,#2696);
#2694 = CARTESIAN_POINT('',(-3.,-2.5,2.5));
#2695 = DIRECTION('',(-1.,2.22044604925E-16,-2.22044604925E-16));
#2696 = DIRECTION('',(2.22044604925E-16,1.,-2.22044604925E-16));
#2697 = ADVANCED_FACE('',(#2698),#2723,.T.);
#2698 = FACE_BOUND('',#2699,.T.);
#2699 = EDGE_LOOP('',(#2700,#2708,#2716,#2722));
#2700 = ORIENTED_EDGE('',*,*,#2701,.F.);
#2701 = EDGE_CURVE('',#2702,#1031,#2704,.T.);
#2702 = VERTEX_POINT('',#2703);
#2703 = CARTESIAN_POINT('',(-2.5,2.735,-0.75));
#2704 = LINE('',#2705,#2706);
#2705 = CARTESIAN_POINT('',(-2.529166666667,2.705833333333,
    -0.691666666667));
#2706 = VECTOR('',#2707,1.);
#2707 = DIRECTION('',(-0.408248290464,-0.408248290464,0.816496580928));
#2708 = ORIENTED_EDGE('',*,*,#2709,.T.);
#2709 = EDGE_CURVE('',#2702,#2710,#2712,.T.);
#2710 = VERTEX_POINT('',#2711);
#2711 = CARTESIAN_POINT('',(-2.425,2.735,-0.75));
#2712 = LINE('',#2713,#2714);
#2713 = CARTESIAN_POINT('',(-2.6,2.735,-0.75));
#2714 = VECTOR('',#2715,1.);
#2715 = DIRECTION('',(1.,0.,0.));
#2716 = ORIENTED_EDGE('',*,*,#2717,.T.);
#2717 = EDGE_CURVE('',#2710,#1095,#2718,.T.);
#2718 = LINE('',#2719,#2720);
#2719 = CARTESIAN_POINT('',(-2.425,2.685,-0.65));
#2720 = VECTOR('',#2721,1.);
#2721 = DIRECTION('',(3.08148791102E-33,-0.4472135955,0.894427191));
#2722 = ORIENTED_EDGE('',*,*,#1102,.F.);
#2723 = PLANE('',#2724);
#2724 = AXIS2_PLACEMENT_3D('',#2725,#2726,#2727);
#2725 = CARTESIAN_POINT('',(-2.6,2.685,-0.65));
#2726 = DIRECTION('',(-3.990861336093E-17,-0.894427191,-0.4472135955));
#2727 = DIRECTION('',(1.,-3.569534894512E-17,-1.784767447256E-17));
#2728 = ADVANCED_FACE('',(#2729),#2745,.T.);
#2729 = FACE_BOUND('',#2730,.T.);
#2730 = EDGE_LOOP('',(#2731,#2737,#2738,#2744));
#2731 = ORIENTED_EDGE('',*,*,#2732,.T.);
#2732 = EDGE_CURVE('',#1535,#1029,#2733,.T.);
#2733 = LINE('',#2734,#2735);
#2734 = CARTESIAN_POINT('',(-2.6,2.5,5.E-02));
#2735 = VECTOR('',#2736,1.);
#2736 = DIRECTION('',(7.032269844464E-86,1.,-2.22044604925E-16));
#2737 = ORIENTED_EDGE('',*,*,#1038,.T.);
#2738 = ORIENTED_EDGE('',*,*,#2739,.F.);
#2739 = EDGE_CURVE('',#1543,#1039,#2740,.T.);
#2740 = LINE('',#2741,#2742);
#2741 = CARTESIAN_POINT('',(-2.25,2.5,5.E-02));
#2742 = VECTOR('',#2743,1.);
#2743 = DIRECTION('',(7.032269844464E-86,1.,-2.22044604925E-16));
#2744 = ORIENTED_EDGE('',*,*,#1542,.F.);
#2745 = PLANE('',#2746);
#2746 = AXIS2_PLACEMENT_3D('',#2747,#2748,#2749);
#2747 = CARTESIAN_POINT('',(-2.6,2.5,5.E-02));
#2748 = DIRECTION('',(-1.327433402375E-102,-2.22044604925E-16,-1.));
#2749 = DIRECTION('',(1.,-7.032269844464E-86,1.428734239103E-101));
#2750 = ADVANCED_FACE('',(#2751),#2769,.T.);
#2751 = FACE_BOUND('',#2752,.T.);
#2752 = EDGE_LOOP('',(#2753,#2754,#2762,#2768));
#2753 = ORIENTED_EDGE('',*,*,#2717,.F.);
#2754 = ORIENTED_EDGE('',*,*,#2755,.T.);
#2755 = EDGE_CURVE('',#2710,#2756,#2758,.T.);
#2756 = VERTEX_POINT('',#2757);
#2757 = CARTESIAN_POINT('',(-2.35,2.735,-0.75));
#2758 = LINE('',#2759,#2760);
#2759 = CARTESIAN_POINT('',(-2.425,2.735,-0.75));
#2760 = VECTOR('',#2761,1.);
#2761 = DIRECTION('',(1.,0.,0.));
#2762 = ORIENTED_EDGE('',*,*,#2763,.T.);
#2763 = EDGE_CURVE('',#2756,#1087,#2764,.T.);
#2764 = LINE('',#2765,#2766);
#2765 = CARTESIAN_POINT('',(-2.335416666667,2.720416666667,
    -0.720833333333));
#2766 = VECTOR('',#2767,1.);
#2767 = DIRECTION('',(0.408248290464,-0.408248290464,0.816496580928));
#2768 = ORIENTED_EDGE('',*,*,#1094,.F.);
#2769 = PLANE('',#2770);
#2770 = AXIS2_PLACEMENT_3D('',#2771,#2772,#2773);
#2771 = CARTESIAN_POINT('',(-2.425,2.685,-0.65));
#2772 = DIRECTION('',(-3.990861336093E-17,-0.894427191,-0.4472135955));
#2773 = DIRECTION('',(1.,-3.569534894512E-17,-1.784767447256E-17));
#2774 = ADVANCED_FACE('',(#2775),#2791,.T.);
#2775 = FACE_BOUND('',#2776,.T.);
#2776 = EDGE_LOOP('',(#2777,#2778,#2779,#2785));
#2777 = ORIENTED_EDGE('',*,*,#2739,.T.);
#2778 = ORIENTED_EDGE('',*,*,#1046,.T.);
#2779 = ORIENTED_EDGE('',*,*,#2780,.F.);
#2780 = EDGE_CURVE('',#1314,#1047,#2781,.T.);
#2781 = LINE('',#2782,#2783);
#2782 = CARTESIAN_POINT('',(-2.25,2.5,0.35));
#2783 = VECTOR('',#2784,1.);
#2784 = DIRECTION('',(7.032269844464E-86,1.,-2.22044604925E-16));
#2785 = ORIENTED_EDGE('',*,*,#2786,.F.);
#2786 = EDGE_CURVE('',#1543,#1314,#2787,.T.);
#2787 = LINE('',#2788,#2789);
#2788 = CARTESIAN_POINT('',(-2.25,2.5,5.E-02));
#2789 = VECTOR('',#2790,1.);
#2790 = DIRECTION('',(0.,2.22044604925E-16,1.));
#2791 = PLANE('',#2792);
#2792 = AXIS2_PLACEMENT_3D('',#2793,#2794,#2795);
#2793 = CARTESIAN_POINT('',(-2.25,2.5,5.E-02));
#2794 = DIRECTION('',(1.,-7.032269844464E-86,1.428734239103E-101));
#2795 = DIRECTION('',(1.327433402375E-102,2.22044604925E-16,1.));
#2796 = ADVANCED_FACE('',(#2797),#2808,.T.);
#2797 = FACE_BOUND('',#2798,.T.);
#2798 = EDGE_LOOP('',(#2799,#2800,#2801,#2807));
#2799 = ORIENTED_EDGE('',*,*,#2780,.T.);
#2800 = ORIENTED_EDGE('',*,*,#1054,.T.);
#2801 = ORIENTED_EDGE('',*,*,#2802,.F.);
#2802 = EDGE_CURVE('',#1306,#1055,#2803,.T.);
#2803 = LINE('',#2804,#2805);
#2804 = CARTESIAN_POINT('',(-2.6,2.5,0.35));
#2805 = VECTOR('',#2806,1.);
#2806 = DIRECTION('',(7.032269844464E-86,1.,-2.22044604925E-16));
#2807 = ORIENTED_EDGE('',*,*,#1313,.F.);
#2808 = PLANE('',#2809);
#2809 = AXIS2_PLACEMENT_3D('',#2810,#2811,#2812);
#2810 = CARTESIAN_POINT('',(-2.25,2.5,0.35));
#2811 = DIRECTION('',(1.327433402375E-102,2.22044604925E-16,1.));
#2812 = DIRECTION('',(-1.,7.032269844464E-86,-1.428734239103E-101));
#2813 = ADVANCED_FACE('',(#2814),#2841,.T.);
#2814 = FACE_BOUND('',#2815,.T.);
#2815 = EDGE_LOOP('',(#2816,#2826,#2833,#2834));
#2816 = ORIENTED_EDGE('',*,*,#2817,.T.);
#2817 = EDGE_CURVE('',#2818,#2820,#2822,.T.);
#2818 = VERTEX_POINT('',#2819);
#2819 = CARTESIAN_POINT('',(3.489767001417,-2.649260800106,1.15));
#2820 = VERTEX_POINT('',#2821);
#2821 = CARTESIAN_POINT('',(3.489767001417,-2.649260800106,1.95));
#2822 = LINE('',#2823,#2824);
#2823 = CARTESIAN_POINT('',(3.489767001417,-2.649260800106,1.15));
#2824 = VECTOR('',#2825,1.);
#2825 = DIRECTION('',(-2.22044604925E-16,0.,1.));
#2826 = ORIENTED_EDGE('',*,*,#2827,.T.);
#2827 = EDGE_CURVE('',#2820,#1143,#2828,.T.);
#2828 = CIRCLE('',#2829,0.3);
#2829 = AXIS2_PLACEMENT_3D('',#2830,#2831,#2832);
#2830 = CARTESIAN_POINT('',(3.75,-2.5,1.95));
#2831 = DIRECTION('',(2.22044604925E-16,-2.465190328816E-32,-1.));
#2832 = DIRECTION('',(-1.,2.22044604925E-16,-2.22044604925E-16));
#2833 = ORIENTED_EDGE('',*,*,#1150,.F.);
#2834 = ORIENTED_EDGE('',*,*,#2835,.F.);
#2835 = EDGE_CURVE('',#2818,#1151,#2836,.T.);
#2836 = CIRCLE('',#2837,0.3);
#2837 = AXIS2_PLACEMENT_3D('',#2838,#2839,#2840);
#2838 = CARTESIAN_POINT('',(3.75,-2.5,1.15));
#2839 = DIRECTION('',(2.22044604925E-16,-2.465190328816E-32,-1.));
#2840 = DIRECTION('',(-1.,2.22044604925E-16,-2.22044604925E-16));
#2841 = CYLINDRICAL_SURFACE('',#2842,0.3);
#2842 = AXIS2_PLACEMENT_3D('',#2843,#2844,#2845);
#2843 = CARTESIAN_POINT('',(3.75,-2.5,1.15));
#2844 = DIRECTION('',(2.22044604925E-16,0.,-1.));
#2845 = DIRECTION('',(-1.,2.22044604925E-16,-2.22044604925E-16));
#2846 = ADVANCED_FACE('',(#2847),#2871,.F.);
#2847 = FACE_BOUND('',#2848,.F.);
#2848 = EDGE_LOOP('',(#2849,#2850,#2851,#2857,#2858,#2859,#2860,#2861,
    #2862,#2868,#2869,#2870));
#2849 = ORIENTED_EDGE('',*,*,#1640,.F.);
#2850 = ORIENTED_EDGE('',*,*,#1446,.T.);
#2851 = ORIENTED_EDGE('',*,*,#2852,.F.);
#2852 = EDGE_CURVE('',#1258,#1447,#2853,.T.);
#2853 = LINE('',#2854,#2855);
#2854 = CARTESIAN_POINT('',(2.55,-2.5,0.35));
#2855 = VECTOR('',#2856,1.);
#2856 = DIRECTION('',(-4.930380657631E-32,-2.22044604925E-16,-1.));
#2857 = ORIENTED_EDGE('',*,*,#1257,.F.);
#2858 = ORIENTED_EDGE('',*,*,#1238,.T.);
#2859 = ORIENTED_EDGE('',*,*,#1207,.F.);
#2860 = ORIENTED_EDGE('',*,*,#1189,.T.);
#2861 = ORIENTED_EDGE('',*,*,#1158,.F.);
#2862 = ORIENTED_EDGE('',*,*,#2863,.F.);
#2863 = EDGE_CURVE('',#1786,#1151,#2864,.T.);
#2864 = LINE('',#2865,#2866);
#2865 = CARTESIAN_POINT('',(3.75,-2.5,1.15));
#2866 = VECTOR('',#2867,1.);
#2867 = DIRECTION('',(-1.,2.22044604925E-16,-2.22044604925E-16));
#2868 = ORIENTED_EDGE('',*,*,#1793,.T.);
#2869 = ORIENTED_EDGE('',*,*,#1745,.F.);
#2870 = ORIENTED_EDGE('',*,*,#1706,.T.);
#2871 = PLANE('',#2872);
#2872 = AXIS2_PLACEMENT_3D('',#2873,#2874,#2875);
#2873 = CARTESIAN_POINT('',(4.912948621536E-13,-2.5,1.337340874914));
#2874 = DIRECTION('',(7.032269844464E-86,1.,-2.22044604925E-16));
#2875 = DIRECTION('',(0.,2.22044604925E-16,1.));
#2876 = ADVANCED_FACE('',(#2877),#2888,.T.);
#2877 = FACE_BOUND('',#2878,.T.);
#2878 = EDGE_LOOP('',(#2879,#2880,#2881,#2882));
#2879 = ORIENTED_EDGE('',*,*,#1353,.F.);
#2880 = ORIENTED_EDGE('',*,*,#1876,.F.);
#2881 = ORIENTED_EDGE('',*,*,#1582,.T.);
#2882 = ORIENTED_EDGE('',*,*,#2883,.T.);
#2883 = EDGE_CURVE('',#1575,#1346,#2884,.T.);
#2884 = LINE('',#2885,#2886);
#2885 = CARTESIAN_POINT('',(1.91,2.5,0.668670437457));
#2886 = VECTOR('',#2887,1.);
#2887 = DIRECTION('',(0.,2.22044604925E-16,1.));
#2888 = PLANE('',#2889);
#2889 = AXIS2_PLACEMENT_3D('',#2890,#2891,#2892);
#2890 = CARTESIAN_POINT('',(4.912948621536E-13,2.5,1.337340874914));
#2891 = DIRECTION('',(7.032269844464E-86,1.,-2.22044604925E-16));
#2892 = DIRECTION('',(0.,2.22044604925E-16,1.));
#2893 = ADVANCED_FACE('',(#2894),#2905,.T.);
#2894 = FACE_BOUND('',#2895,.T.);
#2895 = EDGE_LOOP('',(#2896,#2897,#2903,#2904));
#2896 = ORIENTED_EDGE('',*,*,#1574,.F.);
#2897 = ORIENTED_EDGE('',*,*,#2898,.T.);
#2898 = EDGE_CURVE('',#1567,#1338,#2899,.T.);
#2899 = LINE('',#2900,#2901);
#2900 = CARTESIAN_POINT('',(1.91,1.,-4.930380657631E-31));
#2901 = VECTOR('',#2902,1.);
#2902 = DIRECTION('',(0.,4.930380657631E-31,1.));
#2903 = ORIENTED_EDGE('',*,*,#1345,.T.);
#2904 = ORIENTED_EDGE('',*,*,#2883,.F.);
#2905 = PLANE('',#2906);
#2906 = AXIS2_PLACEMENT_3D('',#2907,#2908,#2909);
#2907 = CARTESIAN_POINT('',(1.91,1.,-4.930380657631E-31));
#2908 = DIRECTION('',(-1.,0.,0.));
#2909 = DIRECTION('',(0.,1.,-4.930380657631E-31));
#2910 = ADVANCED_FACE('',(#2911),#2922,.T.);
#2911 = FACE_BOUND('',#2912,.T.);
#2912 = EDGE_LOOP('',(#2913,#2914,#2920,#2921));
#2913 = ORIENTED_EDGE('',*,*,#1566,.F.);
#2914 = ORIENTED_EDGE('',*,*,#2915,.T.);
#2915 = EDGE_CURVE('',#1559,#1330,#2916,.T.);
#2916 = LINE('',#2917,#2918);
#2917 = CARTESIAN_POINT('',(-1.91,1.,-4.930380657631E-31));
#2918 = VECTOR('',#2919,1.);
#2919 = DIRECTION('',(0.,4.930380657631E-31,1.));
#2920 = ORIENTED_EDGE('',*,*,#1337,.T.);
#2921 = ORIENTED_EDGE('',*,*,#2898,.F.);
#2922 = PLANE('',#2923);
#2923 = AXIS2_PLACEMENT_3D('',#2924,#2925,#2926);
#2924 = CARTESIAN_POINT('',(-1.91,1.,-4.930380657631E-31));
#2925 = DIRECTION('',(0.,1.,-4.930380657631E-31));
#2926 = DIRECTION('',(1.,0.,0.));
#2927 = ADVANCED_FACE('',(#2928),#2939,.T.);
#2928 = FACE_BOUND('',#2929,.T.);
#2929 = EDGE_LOOP('',(#2930,#2931,#2932,#2938));
#2930 = ORIENTED_EDGE('',*,*,#2915,.F.);
#2931 = ORIENTED_EDGE('',*,*,#1558,.F.);
#2932 = ORIENTED_EDGE('',*,*,#2933,.F.);
#2933 = EDGE_CURVE('',#1322,#1551,#2934,.T.);
#2934 = LINE('',#2935,#2936);
#2935 = CARTESIAN_POINT('',(-1.91,2.5,0.668670437457));
#2936 = VECTOR('',#2937,1.);
#2937 = DIRECTION('',(0.,-2.22044604925E-16,-1.));
#2938 = ORIENTED_EDGE('',*,*,#1329,.T.);
#2939 = PLANE('',#2940);
#2940 = AXIS2_PLACEMENT_3D('',#2941,#2942,#2943);
#2941 = CARTESIAN_POINT('',(-1.91,4.831172,-2.340971754729E-30));
#2942 = DIRECTION('',(1.,0.,0.));
#2943 = DIRECTION('',(0.,-1.,4.930380657631E-31));
#2944 = ADVANCED_FACE('',(#2945),#2951,.T.);
#2945 = FACE_BOUND('',#2946,.T.);
#2946 = EDGE_LOOP('',(#2947,#2948,#2949,#2950));
#2947 = ORIENTED_EDGE('',*,*,#1550,.T.);
#2948 = ORIENTED_EDGE('',*,*,#2786,.T.);
#2949 = ORIENTED_EDGE('',*,*,#1321,.F.);
#2950 = ORIENTED_EDGE('',*,*,#2933,.T.);
#2951 = PLANE('',#2952);
#2952 = AXIS2_PLACEMENT_3D('',#2953,#2954,#2955);
#2953 = CARTESIAN_POINT('',(4.912948621536E-13,2.5,1.337340874914));
#2954 = DIRECTION('',(7.032269844464E-86,1.,-2.22044604925E-16));
#2955 = DIRECTION('',(0.,2.22044604925E-16,1.));
#2956 = ADVANCED_FACE('',(#2957),#2976,.F.);
#2957 = FACE_BOUND('',#2958,.T.);
#2958 = EDGE_LOOP('',(#2959,#2967,#2974,#2975));
#2959 = ORIENTED_EDGE('',*,*,#2960,.T.);
#2960 = EDGE_CURVE('',#2198,#2961,#2963,.T.);
#2961 = VERTEX_POINT('',#2962);
#2962 = CARTESIAN_POINT('',(-2.728199836006,-2.5,0.376864629838));
#2963 = LINE('',#2964,#2965);
#2964 = CARTESIAN_POINT('',(-2.728199836006,2.5,0.376864629838));
#2965 = VECTOR('',#2966,1.);
#2966 = DIRECTION('',(0.,-1.,2.22044604925E-16));
#2967 = ORIENTED_EDGE('',*,*,#2968,.T.);
#2968 = EDGE_CURVE('',#2961,#1290,#2969,.T.);
#2969 = CIRCLE('',#2970,0.1);
#2970 = AXIS2_PLACEMENT_3D('',#2971,#2972,#2973);
#2971 = CARTESIAN_POINT('',(-2.66,-2.5,0.45));
#2972 = DIRECTION('',(0.,-1.,2.22044604925E-16));
#2973 = DIRECTION('',(1.,0.,0.));
#2974 = ORIENTED_EDGE('',*,*,#1297,.F.);
#2975 = ORIENTED_EDGE('',*,*,#2205,.F.);
#2976 = CYLINDRICAL_SURFACE('',#2977,0.1);
#2977 = AXIS2_PLACEMENT_3D('',#2978,#2979,#2980);
#2978 = CARTESIAN_POINT('',(-2.66,2.5,0.45));
#2979 = DIRECTION('',(0.,1.,-2.22044604925E-16));
#2980 = DIRECTION('',(1.,0.,0.));
#2981 = ADVANCED_FACE('',(#2982),#3009,.T.);
#2982 = FACE_BOUND('',#2983,.F.);
#2983 = EDGE_LOOP('',(#2984,#2985,#2994,#3002));
#2984 = ORIENTED_EDGE('',*,*,#1265,.T.);
#2985 = ORIENTED_EDGE('',*,*,#2986,.T.);
#2986 = EDGE_CURVE('',#1258,#2987,#2989,.T.);
#2987 = VERTEX_POINT('',#2988);
#2988 = CARTESIAN_POINT('',(2.55,-2.649260800106,0.310232998583));
#2989 = CIRCLE('',#2990,0.3);
#2990 = AXIS2_PLACEMENT_3D('',#2991,#2992,#2993);
#2991 = CARTESIAN_POINT('',(2.55,-2.5,5.E-02));
#2992 = DIRECTION('',(1.,-9.860761315263E-32,-4.930380657631E-32));
#2993 = DIRECTION('',(9.860761315263E-32,1.,-2.22044604925E-16));
#2994 = ORIENTED_EDGE('',*,*,#2995,.F.);
#2995 = EDGE_CURVE('',#2996,#2987,#2998,.T.);
#2996 = VERTEX_POINT('',#2997);
#2997 = CARTESIAN_POINT('',(5.E-02,-2.649260800106,0.310232998583));
#2998 = LINE('',#2999,#3000);
#2999 = CARTESIAN_POINT('',(5.E-02,-2.649260800106,0.310232998583));
#3000 = VECTOR('',#3001,1.);
#3001 = DIRECTION('',(1.,1.232595164408E-32,-5.551115123126E-17));
#3002 = ORIENTED_EDGE('',*,*,#3003,.F.);
#3003 = EDGE_CURVE('',#1266,#2996,#3004,.T.);
#3004 = CIRCLE('',#3005,0.3);
#3005 = AXIS2_PLACEMENT_3D('',#3006,#3007,#3008);
#3006 = CARTESIAN_POINT('',(5.E-02,-2.5,5.E-02));
#3007 = DIRECTION('',(1.,-9.860761315263E-32,-4.930380657631E-32));
#3008 = DIRECTION('',(9.860761315263E-32,1.,-2.22044604925E-16));
#3009 = CYLINDRICAL_SURFACE('',#3010,0.3);
#3010 = AXIS2_PLACEMENT_3D('',#3011,#3012,#3013);
#3011 = CARTESIAN_POINT('',(5.E-02,-2.5,5.E-02));
#3012 = DIRECTION('',(-1.,4.930380657631E-32,4.930380657631E-32));
#3013 = DIRECTION('',(4.930380657631E-32,1.,-2.22044604925E-16));
#3014 = ADVANCED_FACE('',(#3015),#3031,.F.);
#3015 = FACE_BOUND('',#3016,.F.);
#3016 = EDGE_LOOP('',(#3017,#3023,#3024,#3030));
#3017 = ORIENTED_EDGE('',*,*,#3018,.T.);
#3018 = EDGE_CURVE('',#1266,#1455,#3019,.T.);
#3019 = LINE('',#3020,#3021);
#3020 = CARTESIAN_POINT('',(5.E-02,-2.5,0.35));
#3021 = VECTOR('',#3022,1.);
#3022 = DIRECTION('',(-4.930380657631E-32,-2.22044604925E-16,-1.));
#3023 = ORIENTED_EDGE('',*,*,#1462,.T.);
#3024 = ORIENTED_EDGE('',*,*,#3025,.F.);
#3025 = EDGE_CURVE('',#1274,#1463,#3026,.T.);
#3026 = LINE('',#3027,#3028);
#3027 = CARTESIAN_POINT('',(-5.E-02,-2.5,0.35));
#3028 = VECTOR('',#3029,1.);
#3029 = DIRECTION('',(2.22044604925E-16,-2.22044604925E-16,-1.));
#3030 = ORIENTED_EDGE('',*,*,#1273,.F.);
#3031 = PLANE('',#3032);
#3032 = AXIS2_PLACEMENT_3D('',#3033,#3034,#3035);
#3033 = CARTESIAN_POINT('',(4.912948621536E-13,-2.5,1.337340874914));
#3034 = DIRECTION('',(7.032269844464E-86,1.,-2.22044604925E-16));
#3035 = DIRECTION('',(0.,2.22044604925E-16,1.));
#3036 = ADVANCED_FACE('',(#3037),#3064,.T.);
#3037 = FACE_BOUND('',#3038,.T.);
#3038 = EDGE_LOOP('',(#3039,#3040,#3049,#3057));
#3039 = ORIENTED_EDGE('',*,*,#1281,.T.);
#3040 = ORIENTED_EDGE('',*,*,#3041,.T.);
#3041 = EDGE_CURVE('',#1282,#3042,#3044,.T.);
#3042 = VERTEX_POINT('',#3043);
#3043 = CARTESIAN_POINT('',(-2.55,-2.649260800106,0.310232998583));
#3044 = CIRCLE('',#3045,0.3);
#3045 = AXIS2_PLACEMENT_3D('',#3046,#3047,#3048);
#3046 = CARTESIAN_POINT('',(-2.55,-2.5,5.E-02));
#3047 = DIRECTION('',(1.,-2.22044604925E-16,2.22044604925E-16));
#3048 = DIRECTION('',(2.22044604925E-16,1.,-2.22044604925E-16));
#3049 = ORIENTED_EDGE('',*,*,#3050,.F.);
#3050 = EDGE_CURVE('',#3051,#3042,#3053,.T.);
#3051 = VERTEX_POINT('',#3052);
#3052 = CARTESIAN_POINT('',(-5.E-02,-2.649260800106,0.310232998583));
#3053 = LINE('',#3054,#3055);
#3054 = CARTESIAN_POINT('',(-5.E-02,-2.649260800106,0.310232998583));
#3055 = VECTOR('',#3056,1.);
#3056 = DIRECTION('',(-1.,2.22044604925E-16,-2.775557561563E-16));
#3057 = ORIENTED_EDGE('',*,*,#3058,.F.);
#3058 = EDGE_CURVE('',#1274,#3051,#3059,.T.);
#3059 = CIRCLE('',#3060,0.3);
#3060 = AXIS2_PLACEMENT_3D('',#3061,#3062,#3063);
#3061 = CARTESIAN_POINT('',(-5.E-02,-2.5,5.E-02));
#3062 = DIRECTION('',(1.,-2.22044604925E-16,2.22044604925E-16));
#3063 = DIRECTION('',(2.22044604925E-16,1.,-2.22044604925E-16));
#3064 = CYLINDRICAL_SURFACE('',#3065,0.3);
#3065 = AXIS2_PLACEMENT_3D('',#3066,#3067,#3068);
#3066 = CARTESIAN_POINT('',(-5.E-02,-2.5,5.E-02));
#3067 = DIRECTION('',(1.,-2.22044604925E-16,2.22044604925E-16));
#3068 = DIRECTION('',(2.22044604925E-16,1.,-2.22044604925E-16));
#3069 = ADVANCED_FACE('',(#3070),#3146,.F.);
#3070 = FACE_BOUND('',#3071,.F.);
#3071 = EDGE_LOOP('',(#3072,#3083,#3091,#3099,#3107,#3116,#3122,#3123,
    #3124,#3130,#3131,#3140));
#3072 = ORIENTED_EDGE('',*,*,#3073,.F.);
#3073 = EDGE_CURVE('',#3074,#3076,#3078,.T.);
#3074 = VERTEX_POINT('',#3075);
#3075 = CARTESIAN_POINT('',(-3.75,-2.5,1.093435409435));
#3076 = VERTEX_POINT('',#3077);
#3077 = CARTESIAN_POINT('',(-3.622799344025,-2.5,0.800893928787));
#3078 = CIRCLE('',#3079,0.4);
#3079 = AXIS2_PLACEMENT_3D('',#3080,#3081,#3082);
#3080 = CARTESIAN_POINT('',(-3.35,-2.5,1.093435409435));
#3081 = DIRECTION('',(0.,-1.,2.22044604925E-16));
#3082 = DIRECTION('',(1.,0.,0.));
#3083 = ORIENTED_EDGE('',*,*,#3084,.T.);
#3084 = EDGE_CURVE('',#3074,#3085,#3087,.T.);
#3085 = VERTEX_POINT('',#3086);
#3086 = CARTESIAN_POINT('',(-3.75,-2.5,1.15));
#3087 = LINE('',#3088,#3089);
#3088 = CARTESIAN_POINT('',(-3.75,-2.5,1.093435409435));
#3089 = VECTOR('',#3090,1.);
#3090 = DIRECTION('',(0.,2.22044604925E-16,1.));
#3091 = ORIENTED_EDGE('',*,*,#3092,.T.);
#3092 = EDGE_CURVE('',#3085,#3093,#3095,.T.);
#3093 = VERTEX_POINT('',#3094);
#3094 = CARTESIAN_POINT('',(-3.45,-2.5,1.15));
#3095 = LINE('',#3096,#3097);
#3096 = CARTESIAN_POINT('',(-3.75,-2.5,1.15));
#3097 = VECTOR('',#3098,1.);
#3098 = DIRECTION('',(1.,0.,0.));
#3099 = ORIENTED_EDGE('',*,*,#3100,.F.);
#3100 = EDGE_CURVE('',#3101,#3093,#3103,.T.);
#3101 = VERTEX_POINT('',#3102);
#3102 = CARTESIAN_POINT('',(-3.45,-2.5,1.093435409435));
#3103 = LINE('',#3104,#3105);
#3104 = CARTESIAN_POINT('',(-3.45,-2.5,1.093435409435));
#3105 = VECTOR('',#3106,1.);
#3106 = DIRECTION('',(-4.411929587159E-16,2.22044604925E-16,1.));
#3107 = ORIENTED_EDGE('',*,*,#3108,.T.);
#3108 = EDGE_CURVE('',#3101,#3109,#3111,.T.);
#3109 = VERTEX_POINT('',#3110);
#3110 = CARTESIAN_POINT('',(-3.418199836006,-2.5,1.020300039273));
#3111 = CIRCLE('',#3112,0.1);
#3112 = AXIS2_PLACEMENT_3D('',#3113,#3114,#3115);
#3113 = CARTESIAN_POINT('',(-3.35,-2.5,1.093435409435));
#3114 = DIRECTION('',(0.,-1.,2.22044604925E-16));
#3115 = DIRECTION('',(1.,0.,0.));
#3116 = ORIENTED_EDGE('',*,*,#3117,.F.);
#3117 = EDGE_CURVE('',#2961,#3109,#3118,.T.);
#3118 = LINE('',#3119,#3120);
#3119 = CARTESIAN_POINT('',(-2.728199836006,-2.5,0.376864629838));
#3120 = VECTOR('',#3121,1.);
#3121 = DIRECTION('',(-0.731353701619,1.514340564196E-16,0.681998360062)
  );
#3122 = ORIENTED_EDGE('',*,*,#2968,.T.);
#3123 = ORIENTED_EDGE('',*,*,#1289,.F.);
#3124 = ORIENTED_EDGE('',*,*,#3125,.T.);
#3125 = EDGE_CURVE('',#1282,#1471,#3126,.T.);
#3126 = LINE('',#3127,#3128);
#3127 = CARTESIAN_POINT('',(-2.55,-2.5,0.35));
#3128 = VECTOR('',#3129,1.);
#3129 = DIRECTION('',(2.22044604925E-16,-2.22044604925E-16,-1.));
#3130 = ORIENTED_EDGE('',*,*,#1478,.T.);
#3131 = ORIENTED_EDGE('',*,*,#3132,.F.);
#3132 = EDGE_CURVE('',#3133,#1479,#3135,.T.);
#3133 = VERTEX_POINT('',#3134);
#3134 = CARTESIAN_POINT('',(-2.932799344025,-2.5,0.157458519352));
#3135 = CIRCLE('',#3136,0.4);
#3136 = AXIS2_PLACEMENT_3D('',#3137,#3138,#3139);
#3137 = CARTESIAN_POINT('',(-2.66,-2.5,0.45));
#3138 = DIRECTION('',(0.,-1.,2.22044604925E-16));
#3139 = DIRECTION('',(1.,0.,0.));
#3140 = ORIENTED_EDGE('',*,*,#3141,.T.);
#3141 = EDGE_CURVE('',#3133,#3076,#3142,.T.);
#3142 = LINE('',#3143,#3144);
#3143 = CARTESIAN_POINT('',(-2.932799344025,-2.5,0.157458519352));
#3144 = VECTOR('',#3145,1.);
#3145 = DIRECTION('',(-0.731353701619,1.514340564196E-16,0.681998360062)
  );
#3146 = PLANE('',#3147);
#3147 = AXIS2_PLACEMENT_3D('',#3148,#3149,#3150);
#3148 = CARTESIAN_POINT('',(4.912948621536E-13,-2.5,1.337340874914));
#3149 = DIRECTION('',(7.032269844464E-86,1.,-2.22044604925E-16));
#3150 = DIRECTION('',(0.,2.22044604925E-16,1.));
#3151 = ADVANCED_FACE('',(#3152),#3231,.T.);
#3152 = FACE_BOUND('',#3153,.F.);
#3153 = EDGE_LOOP('',(#3154,#3155,#3163,#3172,#3180,#3189,#3195,#3196,
    #3197,#3206,#3214,#3223,#3230));
#3154 = ORIENTED_EDGE('',*,*,#2220,.F.);
#3155 = ORIENTED_EDGE('',*,*,#3156,.T.);
#3156 = EDGE_CURVE('',#2221,#3157,#3159,.T.);
#3157 = VERTEX_POINT('',#3158);
#3158 = CARTESIAN_POINT('',(-2.932799344025,1.7,0.157458519352));
#3159 = LINE('',#3160,#3161);
#3160 = CARTESIAN_POINT('',(-2.932799344025,2.5,0.157458519352));
#3161 = VECTOR('',#3162,1.);
#3162 = DIRECTION('',(0.,-1.,2.22044604925E-16));
#3163 = ORIENTED_EDGE('',*,*,#3164,.F.);
#3164 = EDGE_CURVE('',#3165,#3157,#3167,.T.);
#3165 = VERTEX_POINT('',#3166);
#3166 = CARTESIAN_POINT('',(-2.715684,1.7,5.389484711254E-02));
#3167 = CIRCLE('',#3168,0.4);
#3168 = AXIS2_PLACEMENT_3D('',#3169,#3170,#3171);
#3169 = CARTESIAN_POINT('',(-2.66,1.7,0.45));
#3170 = DIRECTION('',(0.,1.,-2.22044604925E-16));
#3171 = DIRECTION('',(1.,0.,0.));
#3172 = ORIENTED_EDGE('',*,*,#3173,.F.);
#3173 = EDGE_CURVE('',#3174,#3165,#3176,.T.);
#3174 = VERTEX_POINT('',#3175);
#3175 = CARTESIAN_POINT('',(-2.715684,1.25,5.389484711254E-02));
#3176 = LINE('',#3177,#3178);
#3177 = CARTESIAN_POINT('',(-2.715684,2.5,5.389484711254E-02));
#3178 = VECTOR('',#3179,1.);
#3179 = DIRECTION('',(0.,1.,-2.22044604925E-16));
#3180 = ORIENTED_EDGE('',*,*,#3181,.T.);
#3181 = EDGE_CURVE('',#3174,#3182,#3184,.T.);
#3182 = VERTEX_POINT('',#3183);
#3183 = CARTESIAN_POINT('',(-2.932799344025,1.25,0.157458519352));
#3184 = CIRCLE('',#3185,0.4);
#3185 = AXIS2_PLACEMENT_3D('',#3186,#3187,#3188);
#3186 = CARTESIAN_POINT('',(-2.66,1.25,0.45));
#3187 = DIRECTION('',(0.,1.,-2.22044604925E-16));
#3188 = DIRECTION('',(1.,0.,0.));
#3189 = ORIENTED_EDGE('',*,*,#3190,.T.);
#3190 = EDGE_CURVE('',#3182,#3133,#3191,.T.);
#3191 = LINE('',#3192,#3193);
#3192 = CARTESIAN_POINT('',(-2.932799344025,2.5,0.157458519352));
#3193 = VECTOR('',#3194,1.);
#3194 = DIRECTION('',(0.,-1.,2.22044604925E-16));
#3195 = ORIENTED_EDGE('',*,*,#3132,.T.);
#3196 = ORIENTED_EDGE('',*,*,#1486,.F.);
#3197 = ORIENTED_EDGE('',*,*,#3198,.F.);
#3198 = EDGE_CURVE('',#3199,#1487,#3201,.T.);
#3199 = VERTEX_POINT('',#3200);
#3200 = CARTESIAN_POINT('',(-2.925,-0.7,0.150375234664));
#3201 = CIRCLE('',#3202,0.4);
#3202 = AXIS2_PLACEMENT_3D('',#3203,#3204,#3205);
#3203 = CARTESIAN_POINT('',(-2.660000000004,-0.7,0.45));
#3204 = DIRECTION('',(-2.22044604925E-16,-1.,2.22044604925E-16));
#3205 = DIRECTION('',(-1.,2.22044604925E-16,-2.22044604925E-16));
#3206 = ORIENTED_EDGE('',*,*,#3207,.T.);
#3207 = EDGE_CURVE('',#3199,#3208,#3210,.T.);
#3208 = VERTEX_POINT('',#3209);
#3209 = CARTESIAN_POINT('',(-2.925,0.1,0.150375234664));
#3210 = LINE('',#3211,#3212);
#3211 = CARTESIAN_POINT('',(-2.925,2.5,0.150375234664));
#3212 = VECTOR('',#3213,1.);
#3213 = DIRECTION('',(2.22044604925E-16,1.,-2.22044604925E-16));
#3214 = ORIENTED_EDGE('',*,*,#3215,.T.);
#3215 = EDGE_CURVE('',#3208,#3216,#3218,.T.);
#3216 = VERTEX_POINT('',#3217);
#3217 = CARTESIAN_POINT('',(-2.775,0.1,6.688774490887E-02));
#3218 = CIRCLE('',#3219,0.4);
#3219 = AXIS2_PLACEMENT_3D('',#3220,#3221,#3222);
#3220 = CARTESIAN_POINT('',(-2.660000000004,0.1,0.45));
#3221 = DIRECTION('',(-2.22044604925E-16,-1.,2.22044604925E-16));
#3222 = DIRECTION('',(-1.,2.22044604925E-16,-2.22044604925E-16));
#3223 = ORIENTED_EDGE('',*,*,#3224,.T.);
#3224 = EDGE_CURVE('',#3216,#1519,#3225,.T.);
#3225 = CIRCLE('',#3226,0.4);
#3226 = AXIS2_PLACEMENT_3D('',#3227,#3228,#3229);
#3227 = CARTESIAN_POINT('',(-2.660000000004,0.1,0.45));
#3228 = DIRECTION('',(-2.22044604925E-16,-1.,2.22044604925E-16));
#3229 = DIRECTION('',(-1.,2.22044604925E-16,-2.22044604925E-16));
#3230 = ORIENTED_EDGE('',*,*,#1526,.F.);
#3231 = CYLINDRICAL_SURFACE('',#3232,0.4);
#3232 = AXIS2_PLACEMENT_3D('',#3233,#3234,#3235);
#3233 = CARTESIAN_POINT('',(-2.66,2.5,0.45));
#3234 = DIRECTION('',(0.,1.,-2.22044604925E-16));
#3235 = DIRECTION('',(1.,0.,0.));
#3236 = ADVANCED_FACE('',(#3237),#3263,.F.);
#3237 = FACE_BOUND('',#3238,.T.);
#3238 = EDGE_LOOP('',(#3239,#3249,#3255,#3256,#3257));
#3239 = ORIENTED_EDGE('',*,*,#3240,.F.);
#3240 = EDGE_CURVE('',#3241,#3243,#3245,.T.);
#3241 = VERTEX_POINT('',#3242);
#3242 = CARTESIAN_POINT('',(-2.775,0.1,-6.16173778667E-16));
#3243 = VERTEX_POINT('',#3244);
#3244 = CARTESIAN_POINT('',(-2.625,0.1,-5.828670879281E-16));
#3245 = LINE('',#3246,#3247);
#3246 = CARTESIAN_POINT('',(-2.775,0.1,-6.16173778667E-16));
#3247 = VECTOR('',#3248,1.);
#3248 = DIRECTION('',(1.,-2.22044604925E-16,2.22044604925E-16));
#3249 = ORIENTED_EDGE('',*,*,#3250,.T.);
#3250 = EDGE_CURVE('',#3241,#3216,#3251,.T.);
#3251 = LINE('',#3252,#3253);
#3252 = CARTESIAN_POINT('',(-2.775,0.1,-6.16173778667E-16));
#3253 = VECTOR('',#3254,1.);
#3254 = DIRECTION('',(-2.22044604925E-16,0.,1.));
#3255 = ORIENTED_EDGE('',*,*,#3224,.T.);
#3256 = ORIENTED_EDGE('',*,*,#1518,.T.);
#3257 = ORIENTED_EDGE('',*,*,#3258,.F.);
#3258 = EDGE_CURVE('',#3243,#1511,#3259,.T.);
#3259 = LINE('',#3260,#3261);
#3260 = CARTESIAN_POINT('',(-2.625,0.1,-5.828670879281E-16));
#3261 = VECTOR('',#3262,1.);
#3262 = DIRECTION('',(-2.22044604925E-16,0.,1.));
#3263 = PLANE('',#3264);
#3264 = AXIS2_PLACEMENT_3D('',#3265,#3266,#3267);
#3265 = CARTESIAN_POINT('',(-2.775,0.1,-6.16173778667E-16));
#3266 = DIRECTION('',(-2.22044604925E-16,-1.,-2.465190328816E-32));
#3267 = DIRECTION('',(-1.,2.22044604925E-16,-2.22044604925E-16));
#3268 = ADVANCED_FACE('',(#3269),#3287,.F.);
#3269 = FACE_BOUND('',#3270,.T.);
#3270 = EDGE_LOOP('',(#3271,#3279,#3280,#3281));
#3271 = ORIENTED_EDGE('',*,*,#3272,.F.);
#3272 = EDGE_CURVE('',#3243,#3273,#3275,.T.);
#3273 = VERTEX_POINT('',#3274);
#3274 = CARTESIAN_POINT('',(-2.625,-0.3,-5.828670879281E-16));
#3275 = LINE('',#3276,#3277);
#3276 = CARTESIAN_POINT('',(-2.625,0.1,-5.828670879281E-16));
#3277 = VECTOR('',#3278,1.);
#3278 = DIRECTION('',(-2.22044604925E-16,-1.,-2.465190328816E-32));
#3279 = ORIENTED_EDGE('',*,*,#3258,.T.);
#3280 = ORIENTED_EDGE('',*,*,#1510,.T.);
#3281 = ORIENTED_EDGE('',*,*,#3282,.F.);
#3282 = EDGE_CURVE('',#3273,#1503,#3283,.T.);
#3283 = LINE('',#3284,#3285);
#3284 = CARTESIAN_POINT('',(-2.625,-0.3,-5.828670879281E-16));
#3285 = VECTOR('',#3286,1.);
#3286 = DIRECTION('',(-2.22044604925E-16,0.,1.));
#3287 = PLANE('',#3288);
#3288 = AXIS2_PLACEMENT_3D('',#3289,#3290,#3291);
#3289 = CARTESIAN_POINT('',(-2.625,0.1,-5.828670879281E-16));
#3290 = DIRECTION('',(-1.,2.22044604925E-16,-2.22044604925E-16));
#3291 = DIRECTION('',(2.22044604925E-16,1.,2.465190328816E-32));
#3292 = ADVANCED_FACE('',(#3293),#3311,.F.);
#3293 = FACE_BOUND('',#3294,.T.);
#3294 = EDGE_LOOP('',(#3295,#3303,#3304,#3305));
#3295 = ORIENTED_EDGE('',*,*,#3296,.F.);
#3296 = EDGE_CURVE('',#3273,#3297,#3299,.T.);
#3297 = VERTEX_POINT('',#3298);
#3298 = CARTESIAN_POINT('',(-2.625,-0.7,-5.828670879281E-16));
#3299 = LINE('',#3300,#3301);
#3300 = CARTESIAN_POINT('',(-2.625,-0.3,-5.828670879281E-16));
#3301 = VECTOR('',#3302,1.);
#3302 = DIRECTION('',(-2.22044604925E-16,-1.,-2.465190328816E-32));
#3303 = ORIENTED_EDGE('',*,*,#3282,.T.);
#3304 = ORIENTED_EDGE('',*,*,#1502,.T.);
#3305 = ORIENTED_EDGE('',*,*,#3306,.F.);
#3306 = EDGE_CURVE('',#3297,#1495,#3307,.T.);
#3307 = LINE('',#3308,#3309);
#3308 = CARTESIAN_POINT('',(-2.625,-0.7,-5.828670879281E-16));
#3309 = VECTOR('',#3310,1.);
#3310 = DIRECTION('',(-2.22044604925E-16,0.,1.));
#3311 = PLANE('',#3312);
#3312 = AXIS2_PLACEMENT_3D('',#3313,#3314,#3315);
#3313 = CARTESIAN_POINT('',(-2.625,-0.3,-5.828670879281E-16));
#3314 = DIRECTION('',(-1.,2.22044604925E-16,-2.22044604925E-16));
#3315 = DIRECTION('',(2.22044604925E-16,1.,2.465190328816E-32));
#3316 = ADVANCED_FACE('',(#3317),#3336,.F.);
#3317 = FACE_BOUND('',#3318,.T.);
#3318 = EDGE_LOOP('',(#3319,#3327,#3328,#3329,#3330));
#3319 = ORIENTED_EDGE('',*,*,#3320,.F.);
#3320 = EDGE_CURVE('',#3297,#3321,#3323,.T.);
#3321 = VERTEX_POINT('',#3322);
#3322 = CARTESIAN_POINT('',(-2.925,-0.7,-6.494804694056E-16));
#3323 = LINE('',#3324,#3325);
#3324 = CARTESIAN_POINT('',(-2.625,-0.7,-5.828670879281E-16));
#3325 = VECTOR('',#3326,1.);
#3326 = DIRECTION('',(-1.,2.22044604925E-16,-2.22044604925E-16));
#3327 = ORIENTED_EDGE('',*,*,#3306,.T.);
#3328 = ORIENTED_EDGE('',*,*,#1494,.T.);
#3329 = ORIENTED_EDGE('',*,*,#3198,.F.);
#3330 = ORIENTED_EDGE('',*,*,#3331,.F.);
#3331 = EDGE_CURVE('',#3321,#3199,#3332,.T.);
#3332 = LINE('',#3333,#3334);
#3333 = CARTESIAN_POINT('',(-2.925,-0.7,-6.494804694056E-16));
#3334 = VECTOR('',#3335,1.);
#3335 = DIRECTION('',(-2.22044604925E-16,0.,1.));
#3336 = PLANE('',#3337);
#3337 = AXIS2_PLACEMENT_3D('',#3338,#3339,#3340);
#3338 = CARTESIAN_POINT('',(-2.625,-0.7,-5.828670879281E-16));
#3339 = DIRECTION('',(2.22044604925E-16,1.,2.465190328816E-32));
#3340 = DIRECTION('',(1.,-2.22044604925E-16,2.22044604925E-16));
#3341 = ADVANCED_FACE('',(#3342),#3385,.F.);
#3342 = FACE_BOUND('',#3343,.F.);
#3343 = EDGE_LOOP('',(#3344,#3354,#3363,#3369,#3370,#3378));
#3344 = ORIENTED_EDGE('',*,*,#3345,.F.);
#3345 = EDGE_CURVE('',#3346,#3348,#3350,.T.);
#3346 = VERTEX_POINT('',#3347);
#3347 = CARTESIAN_POINT('',(-0.15,-2.970739199894,-0.22));
#3348 = VERTEX_POINT('',#3349);
#3349 = CARTESIAN_POINT('',(-2.45,-2.970739199894,-0.22));
#3350 = LINE('',#3351,#3352);
#3351 = CARTESIAN_POINT('',(-5.E-02,-2.970739199894,-0.22));
#3352 = VECTOR('',#3353,1.);
#3353 = DIRECTION('',(-1.,2.22044604925E-16,-2.775557561563E-16));
#3354 = ORIENTED_EDGE('',*,*,#3355,.F.);
#3355 = EDGE_CURVE('',#3356,#3346,#3358,.T.);
#3356 = VERTEX_POINT('',#3357);
#3357 = CARTESIAN_POINT('',(-5.E-02,-2.883994867033,-0.170246399965));
#3358 = CIRCLE('',#3359,0.1);
#3359 = AXIS2_PLACEMENT_3D('',#3360,#3361,#3362);
#3360 = CARTESIAN_POINT('',(-0.15,-2.883994867033,-0.170246399965));
#3361 = DIRECTION('',(3.030862958309E-16,0.497536000354,-0.867443328611)
  );
#3362 = DIRECTION('',(0.,0.867443328611,0.497536000354));
#3363 = ORIENTED_EDGE('',*,*,#3364,.F.);
#3364 = EDGE_CURVE('',#1463,#3356,#3365,.T.);
#3365 = LINE('',#3366,#3367);
#3366 = CARTESIAN_POINT('',(-5.E-02,-2.5,5.E-02));
#3367 = VECTOR('',#3368,1.);
#3368 = DIRECTION('',(-8.213592656172E-17,-0.867443328611,
    -0.497536000354));
#3369 = ORIENTED_EDGE('',*,*,#1470,.T.);
#3370 = ORIENTED_EDGE('',*,*,#3371,.T.);
#3371 = EDGE_CURVE('',#1471,#3372,#3374,.T.);
#3372 = VERTEX_POINT('',#3373);
#3373 = CARTESIAN_POINT('',(-2.55,-2.883994867033,-0.170246399965));
#3374 = LINE('',#3375,#3376);
#3375 = CARTESIAN_POINT('',(-2.55,-2.5,5.E-02));
#3376 = VECTOR('',#3377,1.);
#3377 = DIRECTION('',(-8.213592656172E-17,-0.867443328611,
    -0.497536000354));
#3378 = ORIENTED_EDGE('',*,*,#3379,.F.);
#3379 = EDGE_CURVE('',#3348,#3372,#3380,.T.);
#3380 = CIRCLE('',#3381,0.1);
#3381 = AXIS2_PLACEMENT_3D('',#3382,#3383,#3384);
#3382 = CARTESIAN_POINT('',(-2.45,-2.883994867033,-0.170246399965));
#3383 = DIRECTION('',(3.030862958309E-16,0.497536000354,-0.867443328611)
  );
#3384 = DIRECTION('',(0.,0.867443328611,0.497536000354));
#3385 = PLANE('',#3386);
#3386 = AXIS2_PLACEMENT_3D('',#3387,#3388,#3389);
#3387 = CARTESIAN_POINT('',(-5.E-02,-2.5,5.E-02));
#3388 = DIRECTION('',(-3.512390736299E-16,-0.497536000354,0.867443328611
    ));
#3389 = DIRECTION('',(-8.213592656172E-17,-0.867443328611,
    -0.497536000354));
#3390 = ADVANCED_FACE('',(#3391),#3434,.F.);
#3391 = FACE_BOUND('',#3392,.T.);
#3392 = EDGE_LOOP('',(#3393,#3401,#3402,#3410,#3419,#3427));
#3393 = ORIENTED_EDGE('',*,*,#3394,.F.);
#3394 = EDGE_CURVE('',#1455,#3395,#3397,.T.);
#3395 = VERTEX_POINT('',#3396);
#3396 = CARTESIAN_POINT('',(5.E-02,-2.883994867033,-0.170246399965));
#3397 = LINE('',#3398,#3399);
#3398 = CARTESIAN_POINT('',(5.E-02,-2.5,5.E-02));
#3399 = VECTOR('',#3400,1.);
#3400 = DIRECTION('',(-1.972152263053E-31,-0.867443328611,
    -0.497536000354));
#3401 = ORIENTED_EDGE('',*,*,#1454,.T.);
#3402 = ORIENTED_EDGE('',*,*,#3403,.T.);
#3403 = EDGE_CURVE('',#1447,#3404,#3406,.T.);
#3404 = VERTEX_POINT('',#3405);
#3405 = CARTESIAN_POINT('',(2.55,-2.883994867033,-0.170246399965));
#3406 = LINE('',#3407,#3408);
#3407 = CARTESIAN_POINT('',(2.55,-2.5,5.E-02));
#3408 = VECTOR('',#3409,1.);
#3409 = DIRECTION('',(-1.972152263053E-31,-0.867443328611,
    -0.497536000354));
#3410 = ORIENTED_EDGE('',*,*,#3411,.F.);
#3411 = EDGE_CURVE('',#3412,#3404,#3414,.T.);
#3412 = VERTEX_POINT('',#3413);
#3413 = CARTESIAN_POINT('',(2.45,-2.970739199894,-0.22));
#3414 = CIRCLE('',#3415,0.1);
#3415 = AXIS2_PLACEMENT_3D('',#3416,#3417,#3418);
#3416 = CARTESIAN_POINT('',(2.45,-2.883994867033,-0.170246399965));
#3417 = DIRECTION('',(-1.848892746612E-32,-0.497536000354,0.867443328611
    ));
#3418 = DIRECTION('',(8.213592656172E-17,0.867443328611,0.497536000354)
  );
#3419 = ORIENTED_EDGE('',*,*,#3420,.F.);
#3420 = EDGE_CURVE('',#3421,#3412,#3423,.T.);
#3421 = VERTEX_POINT('',#3422);
#3422 = CARTESIAN_POINT('',(0.15,-2.970739199894,-0.22));
#3423 = LINE('',#3424,#3425);
#3424 = CARTESIAN_POINT('',(5.E-02,-2.970739199894,-0.22));
#3425 = VECTOR('',#3426,1.);
#3426 = DIRECTION('',(1.,1.232595164408E-32,-5.551115123126E-17));
#3427 = ORIENTED_EDGE('',*,*,#3428,.F.);
#3428 = EDGE_CURVE('',#3395,#3421,#3429,.T.);
#3429 = CIRCLE('',#3430,0.1);
#3430 = AXIS2_PLACEMENT_3D('',#3431,#3432,#3433);
#3431 = CARTESIAN_POINT('',(0.15,-2.883994867033,-0.170246399965));
#3432 = DIRECTION('',(-1.848892746612E-32,-0.497536000354,0.867443328611
    ));
#3433 = DIRECTION('',(8.213592656172E-17,0.867443328611,0.497536000354)
  );
#3434 = PLANE('',#3435);
#3435 = AXIS2_PLACEMENT_3D('',#3436,#3437,#3438);
#3436 = CARTESIAN_POINT('',(5.E-02,-2.5,5.E-02));
#3437 = DIRECTION('',(4.815277779907E-17,-0.497536000354,0.867443328611)
  );
#3438 = DIRECTION('',(2.465190328816E-32,0.867443328611,0.497536000354)
  );
#3439 = ADVANCED_FACE('',(#3440),#3466,.F.);
#3440 = FACE_BOUND('',#3441,.F.);
#3441 = EDGE_LOOP('',(#3442,#3452,#3458,#3459,#3460));
#3442 = ORIENTED_EDGE('',*,*,#3443,.F.);
#3443 = EDGE_CURVE('',#3444,#3446,#3448,.T.);
#3444 = VERTEX_POINT('',#3445);
#3445 = CARTESIAN_POINT('',(2.625,-0.7,2.958228394579E-31));
#3446 = VERTEX_POINT('',#3447);
#3447 = CARTESIAN_POINT('',(2.925,-0.7,2.958228394579E-31));
#3448 = LINE('',#3449,#3450);
#3449 = CARTESIAN_POINT('',(2.625,-0.7,2.711709361697E-31));
#3450 = VECTOR('',#3451,1.);
#3451 = DIRECTION('',(1.,0.,0.));
#3452 = ORIENTED_EDGE('',*,*,#3453,.T.);
#3453 = EDGE_CURVE('',#3444,#1423,#3454,.T.);
#3454 = LINE('',#3455,#3456);
#3455 = CARTESIAN_POINT('',(2.625,-0.7,2.662405555121E-31));
#3456 = VECTOR('',#3457,1.);
#3457 = DIRECTION('',(0.,3.944304526105E-31,1.));
#3458 = ORIENTED_EDGE('',*,*,#1430,.T.);
#3459 = ORIENTED_EDGE('',*,*,#1632,.F.);
#3460 = ORIENTED_EDGE('',*,*,#3461,.F.);
#3461 = EDGE_CURVE('',#3446,#1625,#3462,.T.);
#3462 = LINE('',#3463,#3464);
#3463 = CARTESIAN_POINT('',(2.925,-0.7,2.662405555121E-31));
#3464 = VECTOR('',#3465,1.);
#3465 = DIRECTION('',(0.,3.944304526105E-31,1.));
#3466 = PLANE('',#3467);
#3467 = AXIS2_PLACEMENT_3D('',#3468,#3469,#3470);
#3468 = CARTESIAN_POINT('',(2.625,-0.7,2.662405555121E-31));
#3469 = DIRECTION('',(0.,1.,-3.944304526105E-31));
#3470 = DIRECTION('',(1.,0.,0.));
#3471 = ADVANCED_FACE('',(#3472),#3490,.F.);
#3472 = FACE_BOUND('',#3473,.F.);
#3473 = EDGE_LOOP('',(#3474,#3482,#3488,#3489));
#3474 = ORIENTED_EDGE('',*,*,#3475,.F.);
#3475 = EDGE_CURVE('',#3476,#3444,#3478,.T.);
#3476 = VERTEX_POINT('',#3477);
#3477 = CARTESIAN_POINT('',(2.625,-0.3,1.109335647967E-31));
#3478 = LINE('',#3479,#3480);
#3479 = CARTESIAN_POINT('',(2.625,-0.3,1.109335647967E-31));
#3480 = VECTOR('',#3481,1.);
#3481 = DIRECTION('',(0.,-1.,3.944304526105E-31));
#3482 = ORIENTED_EDGE('',*,*,#3483,.T.);
#3483 = EDGE_CURVE('',#3476,#1415,#3484,.T.);
#3484 = LINE('',#3485,#3486);
#3485 = CARTESIAN_POINT('',(2.625,-0.3,1.158639454543E-31));
#3486 = VECTOR('',#3487,1.);
#3487 = DIRECTION('',(0.,3.944304526105E-31,1.));
#3488 = ORIENTED_EDGE('',*,*,#1422,.T.);
#3489 = ORIENTED_EDGE('',*,*,#3453,.F.);
#3490 = PLANE('',#3491);
#3491 = AXIS2_PLACEMENT_3D('',#3492,#3493,#3494);
#3492 = CARTESIAN_POINT('',(2.625,-0.3,1.158639454543E-31));
#3493 = DIRECTION('',(1.,0.,0.));
#3494 = DIRECTION('',(0.,-1.,3.944304526105E-31));
#3495 = ADVANCED_FACE('',(#3496),#3514,.F.);
#3496 = FACE_BOUND('',#3497,.F.);
#3497 = EDGE_LOOP('',(#3498,#3506,#3512,#3513));
#3498 = ORIENTED_EDGE('',*,*,#3499,.F.);
#3499 = EDGE_CURVE('',#3500,#3476,#3502,.T.);
#3500 = VERTEX_POINT('',#3501);
#3501 = CARTESIAN_POINT('',(2.625,0.1,-3.697785493223E-32));
#3502 = LINE('',#3503,#3504);
#3503 = CARTESIAN_POINT('',(2.625,0.1,-4.005934284325E-32));
#3504 = VECTOR('',#3505,1.);
#3505 = DIRECTION('',(0.,-1.,3.944304526105E-31));
#3506 = ORIENTED_EDGE('',*,*,#3507,.T.);
#3507 = EDGE_CURVE('',#3500,#1407,#3508,.T.);
#3508 = LINE('',#3509,#3510);
#3509 = CARTESIAN_POINT('',(2.625,0.1,-4.067564042546E-32));
#3510 = VECTOR('',#3511,1.);
#3511 = DIRECTION('',(0.,3.944304526105E-31,1.));
#3512 = ORIENTED_EDGE('',*,*,#1414,.T.);
#3513 = ORIENTED_EDGE('',*,*,#3483,.F.);
#3514 = PLANE('',#3515);
#3515 = AXIS2_PLACEMENT_3D('',#3516,#3517,#3518);
#3516 = CARTESIAN_POINT('',(2.625,0.1,-4.067564042546E-32));
#3517 = DIRECTION('',(1.,0.,0.));
#3518 = DIRECTION('',(0.,-1.,3.944304526105E-31));
#3519 = ADVANCED_FACE('',(#3520),#3539,.F.);
#3520 = FACE_BOUND('',#3521,.F.);
#3521 = EDGE_LOOP('',(#3522,#3530,#3536,#3537,#3538));
#3522 = ORIENTED_EDGE('',*,*,#3523,.F.);
#3523 = EDGE_CURVE('',#3524,#3500,#3526,.T.);
#3524 = VERTEX_POINT('',#3525);
#3525 = CARTESIAN_POINT('',(2.775,0.1,-3.697785493223E-32));
#3526 = LINE('',#3527,#3528);
#3527 = CARTESIAN_POINT('',(2.775,0.1,-4.005934284325E-32));
#3528 = VECTOR('',#3529,1.);
#3529 = DIRECTION('',(-1.,0.,0.));
#3530 = ORIENTED_EDGE('',*,*,#3531,.T.);
#3531 = EDGE_CURVE('',#3524,#1607,#3532,.T.);
#3532 = LINE('',#3533,#3534);
#3533 = CARTESIAN_POINT('',(2.775,0.1,-4.067564042546E-32));
#3534 = VECTOR('',#3535,1.);
#3535 = DIRECTION('',(0.,3.944304526105E-31,1.));
#3536 = ORIENTED_EDGE('',*,*,#1606,.T.);
#3537 = ORIENTED_EDGE('',*,*,#1406,.T.);
#3538 = ORIENTED_EDGE('',*,*,#3507,.F.);
#3539 = PLANE('',#3540);
#3540 = AXIS2_PLACEMENT_3D('',#3541,#3542,#3543);
#3541 = CARTESIAN_POINT('',(2.775,0.1,-4.067564042546E-32));
#3542 = DIRECTION('',(0.,-1.,3.944304526105E-31));
#3543 = DIRECTION('',(-1.,0.,0.));
#3544 = ADVANCED_FACE('',(#3545),#3588,.F.);
#3545 = FACE_BOUND('',#3546,.F.);
#3546 = EDGE_LOOP('',(#3547,#3557,#3565,#3571,#3572,#3573,#3581));
#3547 = ORIENTED_EDGE('',*,*,#3548,.F.);
#3548 = EDGE_CURVE('',#3549,#3551,#3553,.T.);
#3549 = VERTEX_POINT('',#3550);
#3550 = CARTESIAN_POINT('',(3.695042,1.7,-7.395570986447E-31));
#3551 = VERTEX_POINT('',#3552);
#3552 = CARTESIAN_POINT('',(2.765684,1.7,-4.163336342345E-18));
#3553 = LINE('',#3554,#3555);
#3554 = CARTESIAN_POINT('',(3.795042,1.7,-7.88860905221E-31));
#3555 = VECTOR('',#3556,1.);
#3556 = DIRECTION('',(-1.,0.,0.));
#3557 = ORIENTED_EDGE('',*,*,#3558,.T.);
#3558 = EDGE_CURVE('',#3549,#3559,#3561,.T.);
#3559 = VERTEX_POINT('',#3560);
#3560 = CARTESIAN_POINT('',(3.695042,1.7,0.3));
#3561 = LINE('',#3562,#3563);
#3562 = CARTESIAN_POINT('',(3.695042,1.7,-7.4941785996E-31));
#3563 = VECTOR('',#3564,1.);
#3564 = DIRECTION('',(0.,4.437342591868E-31,1.));
#3565 = ORIENTED_EDGE('',*,*,#3566,.T.);
#3566 = EDGE_CURVE('',#3559,#1722,#3567,.T.);
#3567 = LINE('',#3568,#3569);
#3568 = CARTESIAN_POINT('',(3.795042,1.7,0.3));
#3569 = VECTOR('',#3570,1.);
#3570 = DIRECTION('',(-1.,0.,0.));
#3571 = ORIENTED_EDGE('',*,*,#1729,.T.);
#3572 = ORIENTED_EDGE('',*,*,#1674,.T.);
#3573 = ORIENTED_EDGE('',*,*,#3574,.F.);
#3574 = EDGE_CURVE('',#3575,#1667,#3577,.T.);
#3575 = VERTEX_POINT('',#3576);
#3576 = CARTESIAN_POINT('',(2.715684,1.7,5.E-02));
#3577 = LINE('',#3578,#3579);
#3578 = CARTESIAN_POINT('',(2.715684,1.7,-7.691393825905E-31));
#3579 = VECTOR('',#3580,1.);
#3580 = DIRECTION('',(0.,4.437342591868E-31,1.));
#3581 = ORIENTED_EDGE('',*,*,#3582,.F.);
#3582 = EDGE_CURVE('',#3551,#3575,#3583,.T.);
#3583 = CIRCLE('',#3584,5.E-02);
#3584 = AXIS2_PLACEMENT_3D('',#3585,#3586,#3587);
#3585 = CARTESIAN_POINT('',(2.765684,1.7,5.E-02));
#3586 = DIRECTION('',(0.,1.,-4.437342591868E-31));
#3587 = DIRECTION('',(0.,-4.437342591868E-31,-1.));
#3588 = PLANE('',#3589);
#3589 = AXIS2_PLACEMENT_3D('',#3590,#3591,#3592);
#3590 = CARTESIAN_POINT('',(3.795042,1.7,-7.691393825905E-31));
#3591 = DIRECTION('',(0.,-1.,4.437342591868E-31));
#3592 = DIRECTION('',(-1.,0.,0.));
#3593 = ADVANCED_FACE('',(#3594),#3612,.F.);
#3594 = FACE_BOUND('',#3595,.F.);
#3595 = EDGE_LOOP('',(#3596,#3604,#3610,#3611));
#3596 = ORIENTED_EDGE('',*,*,#3597,.F.);
#3597 = EDGE_CURVE('',#3598,#1658,#3600,.T.);
#3598 = VERTEX_POINT('',#3599);
#3599 = CARTESIAN_POINT('',(2.715684,1.25,5.E-02));
#3600 = LINE('',#3601,#3602);
#3601 = CARTESIAN_POINT('',(2.715684,1.25,-5.423418723394E-31));
#3602 = VECTOR('',#3603,1.);
#3603 = DIRECTION('',(0.,4.437342591868E-31,1.));
#3604 = ORIENTED_EDGE('',*,*,#3605,.F.);
#3605 = EDGE_CURVE('',#3575,#3598,#3606,.T.);
#3606 = LINE('',#3607,#3608);
#3607 = CARTESIAN_POINT('',(2.715684,1.7,5.E-02));
#3608 = VECTOR('',#3609,1.);
#3609 = DIRECTION('',(0.,-1.,4.437342591868E-31));
#3610 = ORIENTED_EDGE('',*,*,#3574,.T.);
#3611 = ORIENTED_EDGE('',*,*,#1666,.F.);
#3612 = PLANE('',#3613);
#3613 = AXIS2_PLACEMENT_3D('',#3614,#3615,#3616);
#3614 = CARTESIAN_POINT('',(2.715684,1.7,-7.691393825905E-31));
#3615 = DIRECTION('',(1.,0.,0.));
#3616 = DIRECTION('',(0.,-1.,4.437342591868E-31));
#3617 = ADVANCED_FACE('',(#3618),#3654,.F.);
#3618 = FACE_BOUND('',#3619,.F.);
#3619 = EDGE_LOOP('',(#3620,#3630,#3637,#3638,#3639,#3640,#3648));
#3620 = ORIENTED_EDGE('',*,*,#3621,.F.);
#3621 = EDGE_CURVE('',#3622,#3624,#3626,.T.);
#3622 = VERTEX_POINT('',#3623);
#3623 = CARTESIAN_POINT('',(2.765684,1.25,-6.938893903908E-18));
#3624 = VERTEX_POINT('',#3625);
#3625 = CARTESIAN_POINT('',(3.695042,1.25,-5.916456789158E-31));
#3626 = LINE('',#3627,#3628);
#3627 = CARTESIAN_POINT('',(2.715684,1.25,-5.423418723394E-31));
#3628 = VECTOR('',#3629,1.);
#3629 = DIRECTION('',(1.,0.,0.));
#3630 = ORIENTED_EDGE('',*,*,#3631,.T.);
#3631 = EDGE_CURVE('',#3622,#3598,#3632,.T.);
#3632 = CIRCLE('',#3633,5.E-02);
#3633 = AXIS2_PLACEMENT_3D('',#3634,#3635,#3636);
#3634 = CARTESIAN_POINT('',(2.765684,1.25,5.E-02));
#3635 = DIRECTION('',(0.,1.,-4.437342591868E-31));
#3636 = DIRECTION('',(0.,-4.437342591868E-31,-1.));
#3637 = ORIENTED_EDGE('',*,*,#3597,.T.);
#3638 = ORIENTED_EDGE('',*,*,#1657,.F.);
#3639 = ORIENTED_EDGE('',*,*,#1713,.T.);
#3640 = ORIENTED_EDGE('',*,*,#3641,.T.);
#3641 = EDGE_CURVE('',#1714,#3642,#3644,.T.);
#3642 = VERTEX_POINT('',#3643);
#3643 = CARTESIAN_POINT('',(3.695042,1.25,0.3));
#3644 = LINE('',#3645,#3646);
#3645 = CARTESIAN_POINT('',(2.715684,1.25,0.3));
#3646 = VECTOR('',#3647,1.);
#3647 = DIRECTION('',(1.,0.,0.));
#3648 = ORIENTED_EDGE('',*,*,#3649,.F.);
#3649 = EDGE_CURVE('',#3624,#3642,#3650,.T.);
#3650 = LINE('',#3651,#3652);
#3651 = CARTESIAN_POINT('',(3.695042,1.25,-5.669937756276E-31));
#3652 = VECTOR('',#3653,1.);
#3653 = DIRECTION('',(0.,4.437342591868E-31,1.));
#3654 = PLANE('',#3655);
#3655 = AXIS2_PLACEMENT_3D('',#3656,#3657,#3658);
#3656 = CARTESIAN_POINT('',(2.715684,1.25,-5.423418723394E-31));
#3657 = DIRECTION('',(0.,1.,-4.437342591868E-31));
#3658 = DIRECTION('',(1.,0.,0.));
#3659 = ADVANCED_FACE('',(#3660),#3678,.F.);
#3660 = FACE_BOUND('',#3661,.F.);
#3661 = EDGE_LOOP('',(#3662,#3670,#3671,#3672));
#3662 = ORIENTED_EDGE('',*,*,#3663,.F.);
#3663 = EDGE_CURVE('',#3446,#3664,#3666,.T.);
#3664 = VERTEX_POINT('',#3665);
#3665 = CARTESIAN_POINT('',(2.925,0.1,-3.697785493223E-32));
#3666 = LINE('',#3667,#3668);
#3667 = CARTESIAN_POINT('',(2.925,-0.7,2.711709361697E-31));
#3668 = VECTOR('',#3669,1.);
#3669 = DIRECTION('',(0.,1.,-3.944304526105E-31));
#3670 = ORIENTED_EDGE('',*,*,#3461,.T.);
#3671 = ORIENTED_EDGE('',*,*,#1624,.T.);
#3672 = ORIENTED_EDGE('',*,*,#3673,.F.);
#3673 = EDGE_CURVE('',#3664,#1616,#3674,.T.);
#3674 = LINE('',#3675,#3676);
#3675 = CARTESIAN_POINT('',(2.925,0.1,-4.067564042546E-32));
#3676 = VECTOR('',#3677,1.);
#3677 = DIRECTION('',(0.,3.944304526105E-31,1.));
#3678 = PLANE('',#3679);
#3679 = AXIS2_PLACEMENT_3D('',#3680,#3681,#3682);
#3680 = CARTESIAN_POINT('',(2.925,-0.7,2.662405555121E-31));
#3681 = DIRECTION('',(-1.,0.,0.));
#3682 = DIRECTION('',(0.,1.,-3.944304526105E-31));
#3683 = ADVANCED_FACE('',(#3684),#3695,.F.);
#3684 = FACE_BOUND('',#3685,.F.);
#3685 = EDGE_LOOP('',(#3686,#3692,#3693,#3694));
#3686 = ORIENTED_EDGE('',*,*,#3687,.F.);
#3687 = EDGE_CURVE('',#3664,#3524,#3688,.T.);
#3688 = LINE('',#3689,#3690);
#3689 = CARTESIAN_POINT('',(2.925,0.1,-4.005934284325E-32));
#3690 = VECTOR('',#3691,1.);
#3691 = DIRECTION('',(-1.,0.,0.));
#3692 = ORIENTED_EDGE('',*,*,#3673,.T.);
#3693 = ORIENTED_EDGE('',*,*,#1615,.T.);
#3694 = ORIENTED_EDGE('',*,*,#3531,.F.);
#3695 = PLANE('',#3696);
#3696 = AXIS2_PLACEMENT_3D('',#3697,#3698,#3699);
#3697 = CARTESIAN_POINT('',(2.925,0.1,-4.067564042546E-32));
#3698 = DIRECTION('',(0.,-1.,3.944304526105E-31));
#3699 = DIRECTION('',(-1.,0.,0.));
#3700 = ADVANCED_FACE('',(#3701),#3730,.T.);
#3701 = FACE_BOUND('',#3702,.T.);
#3702 = EDGE_LOOP('',(#3703,#3713,#3720,#3721,#3722,#3723));
#3703 = ORIENTED_EDGE('',*,*,#3704,.T.);
#3704 = EDGE_CURVE('',#3705,#3707,#3709,.T.);
#3705 = VERTEX_POINT('',#3706);
#3706 = CARTESIAN_POINT('',(3.795042,1.35,0.3));
#3707 = VERTEX_POINT('',#3708);
#3708 = CARTESIAN_POINT('',(3.795042,1.6,0.3));
#3709 = LINE('',#3710,#3711);
#3710 = CARTESIAN_POINT('',(3.795042,1.25,0.3));
#3711 = VECTOR('',#3712,1.);
#3712 = DIRECTION('',(0.,1.,-4.437342591868E-31));
#3713 = ORIENTED_EDGE('',*,*,#3714,.F.);
#3714 = EDGE_CURVE('',#3559,#3707,#3715,.T.);
#3715 = CIRCLE('',#3716,0.1);
#3716 = AXIS2_PLACEMENT_3D('',#3717,#3718,#3719);
#3717 = CARTESIAN_POINT('',(3.695042,1.6,0.3));
#3718 = DIRECTION('',(-0.,-4.437342591868E-31,-1.));
#3719 = DIRECTION('',(0.,-1.,4.437342591868E-31));
#3720 = ORIENTED_EDGE('',*,*,#3566,.T.);
#3721 = ORIENTED_EDGE('',*,*,#1721,.T.);
#3722 = ORIENTED_EDGE('',*,*,#3641,.T.);
#3723 = ORIENTED_EDGE('',*,*,#3724,.T.);
#3724 = EDGE_CURVE('',#3642,#3705,#3725,.T.);
#3725 = CIRCLE('',#3726,0.1);
#3726 = AXIS2_PLACEMENT_3D('',#3727,#3728,#3729);
#3727 = CARTESIAN_POINT('',(3.695042,1.35,0.3));
#3728 = DIRECTION('',(-0.,4.437342591868E-31,1.));
#3729 = DIRECTION('',(0.,-1.,4.437342591868E-31));
#3730 = PLANE('',#3731);
#3731 = AXIS2_PLACEMENT_3D('',#3732,#3733,#3734);
#3732 = CARTESIAN_POINT('',(3.255363,1.475,0.3));
#3733 = DIRECTION('',(0.,4.437342591868E-31,1.));
#3734 = DIRECTION('',(1.,0.,0.));
#3735 = ADVANCED_FACE('',(#3736),#3779,.F.);
#3736 = FACE_BOUND('',#3737,.T.);
#3737 = EDGE_LOOP('',(#3738,#3746,#3747,#3755,#3764,#3772));
#3738 = ORIENTED_EDGE('',*,*,#3739,.F.);
#3739 = EDGE_CURVE('',#1786,#3740,#3742,.T.);
#3740 = VERTEX_POINT('',#3741);
#3741 = CARTESIAN_POINT('',(3.970246399965,-2.883994867033,1.15));
#3742 = LINE('',#3743,#3744);
#3743 = CARTESIAN_POINT('',(3.75,-2.5,1.15));
#3744 = VECTOR('',#3745,1.);
#3745 = DIRECTION('',(0.497536000354,-0.867443328611,1.104751846346E-16)
  );
#3746 = ORIENTED_EDGE('',*,*,#1785,.T.);
#3747 = ORIENTED_EDGE('',*,*,#3748,.T.);
#3748 = EDGE_CURVE('',#1778,#3749,#3751,.T.);
#3749 = VERTEX_POINT('',#3750);
#3750 = CARTESIAN_POINT('',(3.970246399965,-2.883994867033,1.95));
#3751 = LINE('',#3752,#3753);
#3752 = CARTESIAN_POINT('',(3.75,-2.5,1.95));
#3753 = VECTOR('',#3754,1.);
#3754 = DIRECTION('',(0.497536000354,-0.867443328611,1.104751846346E-16)
  );
#3755 = ORIENTED_EDGE('',*,*,#3756,.T.);
#3756 = EDGE_CURVE('',#3749,#3757,#3759,.T.);
#3757 = VERTEX_POINT('',#3758);
#3758 = CARTESIAN_POINT('',(4.02,-2.970739199894,1.85));
#3759 = CIRCLE('',#3760,0.1);
#3760 = AXIS2_PLACEMENT_3D('',#3761,#3762,#3763);
#3761 = CARTESIAN_POINT('',(3.970246399965,-2.883994867033,1.85));
#3762 = DIRECTION('',(0.867443328611,0.497536000354,1.926111111963E-16)
  );
#3763 = DIRECTION('',(0.497536000354,-0.867443328611,-8.213592656172E-17
    ));
#3764 = ORIENTED_EDGE('',*,*,#3765,.F.);
#3765 = EDGE_CURVE('',#3766,#3757,#3768,.T.);
#3766 = VERTEX_POINT('',#3767);
#3767 = CARTESIAN_POINT('',(4.02,-2.970739199894,1.25));
#3768 = LINE('',#3769,#3770);
#3769 = CARTESIAN_POINT('',(4.02,-2.970739199894,1.15));
#3770 = VECTOR('',#3771,1.);
#3771 = DIRECTION('',(-2.22044604925E-16,0.,1.));
#3772 = ORIENTED_EDGE('',*,*,#3773,.F.);
#3773 = EDGE_CURVE('',#3740,#3766,#3774,.T.);
#3774 = CIRCLE('',#3775,0.1);
#3775 = AXIS2_PLACEMENT_3D('',#3776,#3777,#3778);
#3776 = CARTESIAN_POINT('',(3.970246399965,-2.883994867033,1.25));
#3777 = DIRECTION('',(-0.867443328611,-0.497536000354,
    -1.926111111963E-16));
#3778 = DIRECTION('',(0.497536000354,-0.867443328611,-8.213592656172E-17
    ));
#3779 = PLANE('',#3780);
#3780 = AXIS2_PLACEMENT_3D('',#3781,#3782,#3783);
#3781 = CARTESIAN_POINT('',(3.75,-2.5,1.15));
#3782 = DIRECTION('',(-0.867443328611,-0.497536000354,
    -1.926111111963E-16));
#3783 = DIRECTION('',(-0.497536000354,0.867443328611,-1.104751846346E-16
    ));
#3784 = ADVANCED_FACE('',(#3785),#3796,.T.);
#3785 = FACE_BOUND('',#3786,.T.);
#3786 = EDGE_LOOP('',(#3787,#3788,#3794,#3795));
#3787 = ORIENTED_EDGE('',*,*,#2087,.F.);
#3788 = ORIENTED_EDGE('',*,*,#3789,.T.);
#3789 = EDGE_CURVE('',#2088,#2702,#3790,.T.);
#3790 = LINE('',#3791,#3792);
#3791 = CARTESIAN_POINT('',(-2.5,2.985,-0.75));
#3792 = VECTOR('',#3793,1.);
#3793 = DIRECTION('',(0.,-1.,2.22044604925E-16));
#3794 = ORIENTED_EDGE('',*,*,#2701,.T.);
#3795 = ORIENTED_EDGE('',*,*,#2056,.F.);
#3796 = PLANE('',#3797);
#3797 = AXIS2_PLACEMENT_3D('',#3798,#3799,#3800);
#3798 = CARTESIAN_POINT('',(-2.55,2.985,-0.65));
#3799 = DIRECTION('',(-0.894427191,-1.002417006748E-16,-0.4472135955));
#3800 = DIRECTION('',(8.410607855778E-19,-1.,2.224651353178E-16));
#3801 = ADVANCED_FACE('',(#3802),#3808,.T.);
#3802 = FACE_BOUND('',#3803,.T.);
#3803 = EDGE_LOOP('',(#3804,#3805,#3806,#3807));
#3804 = ORIENTED_EDGE('',*,*,#2802,.T.);
#3805 = ORIENTED_EDGE('',*,*,#2049,.T.);
#3806 = ORIENTED_EDGE('',*,*,#2732,.F.);
#3807 = ORIENTED_EDGE('',*,*,#2213,.F.);
#3808 = PLANE('',#3809);
#3809 = AXIS2_PLACEMENT_3D('',#3810,#3811,#3812);
#3810 = CARTESIAN_POINT('',(-2.6,2.5,0.35));
#3811 = DIRECTION('',(-1.,7.032269844464E-86,-1.428734239103E-101));
#3812 = DIRECTION('',(-1.327433402375E-102,-2.22044604925E-16,-1.));
#3813 = ADVANCED_FACE('',(#3814),#3825,.T.);
#3814 = FACE_BOUND('',#3815,.F.);
#3815 = EDGE_LOOP('',(#3816,#3817,#3823,#3824));
#3816 = ORIENTED_EDGE('',*,*,#2127,.F.);
#3817 = ORIENTED_EDGE('',*,*,#3818,.T.);
#3818 = EDGE_CURVE('',#2120,#2756,#3819,.T.);
#3819 = LINE('',#3820,#3821);
#3820 = CARTESIAN_POINT('',(-2.35,2.985,-0.75));
#3821 = VECTOR('',#3822,1.);
#3822 = DIRECTION('',(0.,-1.,2.22044604925E-16));
#3823 = ORIENTED_EDGE('',*,*,#2763,.T.);
#3824 = ORIENTED_EDGE('',*,*,#2071,.F.);
#3825 = PLANE('',#3826);
#3826 = AXIS2_PLACEMENT_3D('',#3827,#3828,#3829);
#3827 = CARTESIAN_POINT('',(-2.3,2.985,-0.65));
#3828 = DIRECTION('',(0.894427191,-9.850654357212E-17,-0.4472135955));
#3829 = DIRECTION('',(-7.109109076884E-19,1.,-2.216891494712E-16));
#3830 = ADVANCED_FACE('',(#3831),#3842,.F.);
#3831 = FACE_BOUND('',#3832,.F.);
#3832 = EDGE_LOOP('',(#3833,#3839,#3840,#3841));
#3833 = ORIENTED_EDGE('',*,*,#3834,.F.);
#3834 = EDGE_CURVE('',#2096,#2710,#3835,.T.);
#3835 = LINE('',#3836,#3837);
#3836 = CARTESIAN_POINT('',(-2.425,2.985,-0.75));
#3837 = VECTOR('',#3838,1.);
#3838 = DIRECTION('',(0.,-1.,2.22044604925E-16));
#3839 = ORIENTED_EDGE('',*,*,#2095,.F.);
#3840 = ORIENTED_EDGE('',*,*,#3789,.T.);
#3841 = ORIENTED_EDGE('',*,*,#2709,.T.);
#3842 = PLANE('',#3843);
#3843 = AXIS2_PLACEMENT_3D('',#3844,#3845,#3846);
#3844 = CARTESIAN_POINT('',(-2.6,2.985,-0.75));
#3845 = DIRECTION('',(0.,2.22044604925E-16,1.));
#3846 = DIRECTION('',(1.,0.,0.));
#3847 = ADVANCED_FACE('',(#3848),#3854,.F.);
#3848 = FACE_BOUND('',#3849,.F.);
#3849 = EDGE_LOOP('',(#3850,#3851,#3852,#3853));
#3850 = ORIENTED_EDGE('',*,*,#3834,.T.);
#3851 = ORIENTED_EDGE('',*,*,#2755,.T.);
#3852 = ORIENTED_EDGE('',*,*,#3818,.F.);
#3853 = ORIENTED_EDGE('',*,*,#2119,.F.);
#3854 = PLANE('',#3855);
#3855 = AXIS2_PLACEMENT_3D('',#3856,#3857,#3858);
#3856 = CARTESIAN_POINT('',(-2.425,2.985,-0.75));
#3857 = DIRECTION('',(0.,2.22044604925E-16,1.));
#3858 = DIRECTION('',(1.,0.,0.));
#3859 = ADVANCED_FACE('',(#3860),#3876,.T.);
#3860 = FACE_BOUND('',#3861,.F.);
#3861 = EDGE_LOOP('',(#3862,#3868,#3869,#3875));
#3862 = ORIENTED_EDGE('',*,*,#3863,.T.);
#3863 = EDGE_CURVE('',#2143,#3074,#3864,.T.);
#3864 = LINE('',#3865,#3866);
#3865 = CARTESIAN_POINT('',(-3.75,2.5,1.093435409435));
#3866 = VECTOR('',#3867,1.);
#3867 = DIRECTION('',(0.,-1.,2.22044604925E-16));
#3868 = ORIENTED_EDGE('',*,*,#3073,.T.);
#3869 = ORIENTED_EDGE('',*,*,#3870,.F.);
#3870 = EDGE_CURVE('',#2145,#3076,#3871,.T.);
#3871 = LINE('',#3872,#3873);
#3872 = CARTESIAN_POINT('',(-3.622799344025,2.5,0.800893928787));
#3873 = VECTOR('',#3874,1.);
#3874 = DIRECTION('',(0.,-1.,2.22044604925E-16));
#3875 = ORIENTED_EDGE('',*,*,#2142,.F.);
#3876 = CYLINDRICAL_SURFACE('',#3877,0.4);
#3877 = AXIS2_PLACEMENT_3D('',#3878,#3879,#3880);
#3878 = CARTESIAN_POINT('',(-3.35,2.5,1.093435409435));
#3879 = DIRECTION('',(0.,1.,-2.22044604925E-16));
#3880 = DIRECTION('',(1.,0.,0.));
#3881 = ADVANCED_FACE('',(#3882),#3911,.T.);
#3882 = FACE_BOUND('',#3883,.T.);
#3883 = EDGE_LOOP('',(#3884,#3885,#3886,#3894,#3902,#3908,#3909,#3910));
#3884 = ORIENTED_EDGE('',*,*,#2229,.F.);
#3885 = ORIENTED_EDGE('',*,*,#3156,.T.);
#3886 = ORIENTED_EDGE('',*,*,#3887,.F.);
#3887 = EDGE_CURVE('',#3888,#3157,#3890,.T.);
#3888 = VERTEX_POINT('',#3889);
#3889 = CARTESIAN_POINT('',(-3.085656367752,1.7,0.3));
#3890 = LINE('',#3891,#3892);
#3891 = CARTESIAN_POINT('',(-3.124128020239,1.7,0.335875396332));
#3892 = VECTOR('',#3893,1.);
#3893 = DIRECTION('',(0.731353701619,-1.623931437365E-16,-0.681998360062
    ));
#3894 = ORIENTED_EDGE('',*,*,#3895,.T.);
#3895 = EDGE_CURVE('',#3888,#3896,#3898,.T.);
#3896 = VERTEX_POINT('',#3897);
#3897 = CARTESIAN_POINT('',(-3.085656367752,1.25,0.3));
#3898 = LINE('',#3899,#3900);
#3899 = CARTESIAN_POINT('',(-3.085656367752,1.9875,0.3));
#3900 = VECTOR('',#3901,1.);
#3901 = DIRECTION('',(2.381136865514E-16,-1.,9.860761315263E-32));
#3902 = ORIENTED_EDGE('',*,*,#3903,.F.);
#3903 = EDGE_CURVE('',#3182,#3896,#3904,.T.);
#3904 = LINE('',#3905,#3906);
#3905 = CARTESIAN_POINT('',(-2.835465468242,1.25,6.669321179221E-02));
#3906 = VECTOR('',#3907,1.);
#3907 = DIRECTION('',(-0.731353701619,1.623931437365E-16,0.681998360062)
  );
#3908 = ORIENTED_EDGE('',*,*,#3190,.T.);
#3909 = ORIENTED_EDGE('',*,*,#3141,.T.);
#3910 = ORIENTED_EDGE('',*,*,#3870,.F.);
#3911 = PLANE('',#3912);
#3912 = AXIS2_PLACEMENT_3D('',#3913,#3914,#3915);
#3913 = CARTESIAN_POINT('',(-2.932799344025,2.5,0.157458519352));
#3914 = DIRECTION('',(-0.681998360062,-1.623931437365E-16,
    -0.731353701619));
#3915 = DIRECTION('',(-0.731353701619,1.514340564196E-16,0.681998360062)
  );
#3916 = ADVANCED_FACE('',(#3917),#3928,.F.);
#3917 = FACE_BOUND('',#3918,.F.);
#3918 = EDGE_LOOP('',(#3919,#3920,#3921,#3927));
#3919 = ORIENTED_EDGE('',*,*,#2960,.T.);
#3920 = ORIENTED_EDGE('',*,*,#3117,.T.);
#3921 = ORIENTED_EDGE('',*,*,#3922,.F.);
#3922 = EDGE_CURVE('',#2189,#3109,#3923,.T.);
#3923 = LINE('',#3924,#3925);
#3924 = CARTESIAN_POINT('',(-3.418199836006,2.5,1.020300039273));
#3925 = VECTOR('',#3926,1.);
#3926 = DIRECTION('',(0.,-1.,2.22044604925E-16));
#3927 = ORIENTED_EDGE('',*,*,#2197,.F.);
#3928 = PLANE('',#3929);
#3929 = AXIS2_PLACEMENT_3D('',#3930,#3931,#3932);
#3930 = CARTESIAN_POINT('',(-2.728199836006,2.5,0.376864629838));
#3931 = DIRECTION('',(-0.681998360062,-1.623931437365E-16,
    -0.731353701619));
#3932 = DIRECTION('',(-0.731353701619,1.514340564196E-16,0.681998360062)
  );
#3933 = ADVANCED_FACE('',(#3934),#3945,.F.);
#3934 = FACE_BOUND('',#3935,.T.);
#3935 = EDGE_LOOP('',(#3936,#3942,#3943,#3944));
#3936 = ORIENTED_EDGE('',*,*,#3937,.T.);
#3937 = EDGE_CURVE('',#2181,#3101,#3938,.T.);
#3938 = LINE('',#3939,#3940);
#3939 = CARTESIAN_POINT('',(-3.45,2.5,1.093435409435));
#3940 = VECTOR('',#3941,1.);
#3941 = DIRECTION('',(0.,-1.,2.22044604925E-16));
#3942 = ORIENTED_EDGE('',*,*,#3108,.T.);
#3943 = ORIENTED_EDGE('',*,*,#3922,.F.);
#3944 = ORIENTED_EDGE('',*,*,#2188,.F.);
#3945 = CYLINDRICAL_SURFACE('',#3946,0.1);
#3946 = AXIS2_PLACEMENT_3D('',#3947,#3948,#3949);
#3947 = CARTESIAN_POINT('',(-3.35,2.5,1.093435409435));
#3948 = DIRECTION('',(0.,1.,-2.22044604925E-16));
#3949 = DIRECTION('',(1.,0.,0.));
#3950 = ADVANCED_FACE('',(#3951),#3964,.F.);
#3951 = FACE_BOUND('',#3952,.F.);
#3952 = EDGE_LOOP('',(#3953,#3954,#3955,#3961,#3962,#3963));
#3953 = ORIENTED_EDGE('',*,*,#3937,.T.);
#3954 = ORIENTED_EDGE('',*,*,#3100,.T.);
#3955 = ORIENTED_EDGE('',*,*,#3956,.T.);
#3956 = EDGE_CURVE('',#3093,#2271,#3957,.T.);
#3957 = LINE('',#3958,#3959);
#3958 = CARTESIAN_POINT('',(-3.45,-2.5,1.15));
#3959 = VECTOR('',#3960,1.);
#3960 = DIRECTION('',(0.,1.972152263053E-31,1.));
#3961 = ORIENTED_EDGE('',*,*,#2302,.T.);
#3962 = ORIENTED_EDGE('',*,*,#2653,.F.);
#3963 = ORIENTED_EDGE('',*,*,#2180,.F.);
#3964 = PLANE('',#3965);
#3965 = AXIS2_PLACEMENT_3D('',#3966,#3967,#3968);
#3966 = CARTESIAN_POINT('',(-3.45,2.5,1.093435409435));
#3967 = DIRECTION('',(-1.,-9.796451621378E-32,-4.411929587159E-16));
#3968 = DIRECTION('',(-4.411929587159E-16,2.22044604925E-16,1.));
#3969 = ADVANCED_FACE('',(#3970),#3983,.T.);
#3970 = FACE_BOUND('',#3971,.T.);
#3971 = EDGE_LOOP('',(#3972,#3973,#3974,#3980,#3981,#3982));
#3972 = ORIENTED_EDGE('',*,*,#3863,.T.);
#3973 = ORIENTED_EDGE('',*,*,#3084,.T.);
#3974 = ORIENTED_EDGE('',*,*,#3975,.T.);
#3975 = EDGE_CURVE('',#3085,#2269,#3976,.T.);
#3976 = LINE('',#3977,#3978);
#3977 = CARTESIAN_POINT('',(-3.75,-2.5,1.15));
#3978 = VECTOR('',#3979,1.);
#3979 = DIRECTION('',(0.,1.972152263053E-31,1.));
#3980 = ORIENTED_EDGE('',*,*,#2278,.T.);
#3981 = ORIENTED_EDGE('',*,*,#2253,.F.);
#3982 = ORIENTED_EDGE('',*,*,#2153,.F.);
#3983 = PLANE('',#3984);
#3984 = AXIS2_PLACEMENT_3D('',#3985,#3986,#3987);
#3985 = CARTESIAN_POINT('',(-3.75,2.5,1.093435409435));
#3986 = DIRECTION('',(-1.,0.,0.));
#3987 = DIRECTION('',(0.,2.22044604925E-16,1.));
#3988 = ADVANCED_FACE('',(#3989),#4023,.T.);
#3989 = FACE_BOUND('',#3990,.T.);
#3990 = EDGE_LOOP('',(#3991,#3999,#4007,#4015,#4022));
#3991 = ORIENTED_EDGE('',*,*,#3992,.T.);
#3992 = EDGE_CURVE('',#2269,#3993,#3995,.T.);
#3993 = VERTEX_POINT('',#3994);
#3994 = CARTESIAN_POINT('',(-3.970246399965,-2.883994867033,1.95));
#3995 = LINE('',#3996,#3997);
#3996 = CARTESIAN_POINT('',(-3.75,-2.5,1.95));
#3997 = VECTOR('',#3998,1.);
#3998 = DIRECTION('',(-0.497536000354,-0.867443328611,1.725633230171E-31
    ));
#3999 = ORIENTED_EDGE('',*,*,#4000,.T.);
#4000 = EDGE_CURVE('',#3993,#4001,#4003,.T.);
#4001 = VERTEX_POINT('',#4002);
#4002 = CARTESIAN_POINT('',(-3.710013401381,-3.033255667139,1.95));
#4003 = LINE('',#4004,#4005);
#4004 = CARTESIAN_POINT('',(-3.970246399965,-2.883994867033,1.95));
#4005 = VECTOR('',#4006,1.);
#4006 = DIRECTION('',(0.867443328611,-0.497536000354,9.824315946677E-32)
  );
#4007 = ORIENTED_EDGE('',*,*,#4008,.F.);
#4008 = EDGE_CURVE('',#4009,#4001,#4011,.T.);
#4009 = VERTEX_POINT('',#4010);
#4010 = CARTESIAN_POINT('',(-3.489767001417,-2.649260800106,1.95));
#4011 = LINE('',#4012,#4013);
#4012 = CARTESIAN_POINT('',(-3.489767001417,-2.649260800106,1.95));
#4013 = VECTOR('',#4014,1.);
#4014 = DIRECTION('',(-0.497536000354,-0.867443328611,1.725633230171E-31
    ));
#4015 = ORIENTED_EDGE('',*,*,#4016,.T.);
#4016 = EDGE_CURVE('',#4009,#2271,#4017,.T.);
#4017 = CIRCLE('',#4018,0.3);
#4018 = AXIS2_PLACEMENT_3D('',#4019,#4020,#4021);
#4019 = CARTESIAN_POINT('',(-3.75,-2.5,1.95));
#4020 = DIRECTION('',(-0.,1.972152263053E-31,1.));
#4021 = DIRECTION('',(1.,0.,0.));
#4022 = ORIENTED_EDGE('',*,*,#2268,.F.);
#4023 = PLANE('',#4024);
#4024 = AXIS2_PLACEMENT_3D('',#4025,#4026,#4027);
#4025 = CARTESIAN_POINT('',(-3.727004010835,-2.778027529422,1.95));
#4026 = DIRECTION('',(0.,1.972152263053E-31,1.));
#4027 = DIRECTION('',(1.,0.,0.));
#4028 = ADVANCED_FACE('',(#4029),#4048,.F.);
#4029 = FACE_BOUND('',#4030,.F.);
#4030 = EDGE_LOOP('',(#4031,#4032,#4040,#4046,#4047));
#4031 = ORIENTED_EDGE('',*,*,#2335,.T.);
#4032 = ORIENTED_EDGE('',*,*,#4033,.T.);
#4033 = EDGE_CURVE('',#2327,#4034,#4036,.T.);
#4034 = VERTEX_POINT('',#4035);
#4035 = CARTESIAN_POINT('',(-3.,-3.033255667139,2.460013401381));
#4036 = LINE('',#4037,#4038);
#4037 = CARTESIAN_POINT('',(-3.,-2.883994867033,2.720246399965));
#4038 = VECTOR('',#4039,1.);
#4039 = DIRECTION('',(8.213592656172E-17,-0.497536000354,-0.867443328611
    ));
#4040 = ORIENTED_EDGE('',*,*,#4041,.F.);
#4041 = EDGE_CURVE('',#2669,#4034,#4042,.T.);
#4042 = LINE('',#4043,#4044);
#4043 = CARTESIAN_POINT('',(-3.,-2.649260800106,2.239767001417));
#4044 = VECTOR('',#4045,1.);
#4045 = DIRECTION('',(-3.030862958309E-16,-0.867443328611,0.497536000354
    ));
#4046 = ORIENTED_EDGE('',*,*,#2686,.T.);
#4047 = ORIENTED_EDGE('',*,*,#2286,.F.);
#4048 = PLANE('',#4049);
#4049 = AXIS2_PLACEMENT_3D('',#4050,#4051,#4052);
#4050 = CARTESIAN_POINT('',(-3.,-2.778027529422,2.477004010835));
#4051 = DIRECTION('',(1.,-2.22044604925E-16,2.22044604925E-16));
#4052 = DIRECTION('',(-2.22044604925E-16,2.958228394579E-31,1.));
#4053 = ADVANCED_FACE('',(#4054),#4079,.F.);
#4054 = FACE_BOUND('',#4055,.F.);
#4055 = EDGE_LOOP('',(#4056,#4057,#4065,#4073));
#4056 = ORIENTED_EDGE('',*,*,#2316,.T.);
#4057 = ORIENTED_EDGE('',*,*,#4058,.T.);
#4058 = EDGE_CURVE('',#2319,#4059,#4061,.T.);
#4059 = VERTEX_POINT('',#4060);
#4060 = CARTESIAN_POINT('',(2.9,-3.12,2.509767001417));
#4061 = LINE('',#4062,#4063);
#4062 = CARTESIAN_POINT('',(2.9,-2.970739199894,2.77));
#4063 = VECTOR('',#4064,1.);
#4064 = DIRECTION('',(8.213592656172E-17,-0.497536000354,-0.867443328611
    ));
#4065 = ORIENTED_EDGE('',*,*,#4066,.F.);
#4066 = EDGE_CURVE('',#4067,#4059,#4069,.T.);
#4067 = VERTEX_POINT('',#4068);
#4068 = CARTESIAN_POINT('',(-2.9,-3.12,2.509767001417));
#4069 = LINE('',#4070,#4071);
#4070 = CARTESIAN_POINT('',(-3.,-3.12,2.509767001417));
#4071 = VECTOR('',#4072,1.);
#4072 = DIRECTION('',(1.,-2.22044604925E-16,2.775557561563E-16));
#4073 = ORIENTED_EDGE('',*,*,#4074,.F.);
#4074 = EDGE_CURVE('',#2317,#4067,#4075,.T.);
#4075 = LINE('',#4076,#4077);
#4076 = CARTESIAN_POINT('',(-2.9,-2.970739199894,2.77));
#4077 = VECTOR('',#4078,1.);
#4078 = DIRECTION('',(8.213592656172E-17,-0.497536000354,-0.867443328611
    ));
#4079 = PLANE('',#4080);
#4080 = AXIS2_PLACEMENT_3D('',#4081,#4082,#4083);
#4081 = CARTESIAN_POINT('',(-3.,-2.970739199894,2.77));
#4082 = DIRECTION('',(3.307050919895E-16,0.867443328611,-0.497536000354)
  );
#4083 = DIRECTION('',(8.213592656172E-17,-0.497536000354,-0.867443328611
    ));
#4084 = ADVANCED_FACE('',(#4085),#4097,.T.);
#4085 = FACE_BOUND('',#4086,.T.);
#4086 = EDGE_LOOP('',(#4087,#4088,#4089,#4096));
#4087 = ORIENTED_EDGE('',*,*,#2326,.T.);
#4088 = ORIENTED_EDGE('',*,*,#4033,.T.);
#4089 = ORIENTED_EDGE('',*,*,#4090,.F.);
#4090 = EDGE_CURVE('',#4067,#4034,#4091,.T.);
#4091 = CIRCLE('',#4092,0.1);
#4092 = AXIS2_PLACEMENT_3D('',#4093,#4094,#4095);
#4093 = CARTESIAN_POINT('',(-2.9,-3.033255667139,2.460013401381));
#4094 = DIRECTION('',(8.213592656172E-17,-0.497536000354,-0.867443328611
    ));
#4095 = DIRECTION('',(0.,0.867443328611,-0.497536000354));
#4096 = ORIENTED_EDGE('',*,*,#4074,.F.);
#4097 = CYLINDRICAL_SURFACE('',#4098,0.1);
#4098 = AXIS2_PLACEMENT_3D('',#4099,#4100,#4101);
#4099 = CARTESIAN_POINT('',(-2.9,-2.883994867033,2.720246399965));
#4100 = DIRECTION('',(8.213592656172E-17,-0.497536000354,-0.867443328611
    ));
#4101 = DIRECTION('',(-3.307050919895E-16,-0.867443328611,0.497536000354
    ));
#4102 = ADVANCED_FACE('',(#4103),#4122,.T.);
#4103 = FACE_BOUND('',#4104,.T.);
#4104 = EDGE_LOOP('',(#4105,#4106,#4107,#4116));
#4105 = ORIENTED_EDGE('',*,*,#2350,.T.);
#4106 = ORIENTED_EDGE('',*,*,#4058,.T.);
#4107 = ORIENTED_EDGE('',*,*,#4108,.F.);
#4108 = EDGE_CURVE('',#4109,#4059,#4111,.T.);
#4109 = VERTEX_POINT('',#4110);
#4110 = CARTESIAN_POINT('',(3.,-3.033255667139,2.460013401381));
#4111 = CIRCLE('',#4112,0.1);
#4112 = AXIS2_PLACEMENT_3D('',#4113,#4114,#4115);
#4113 = CARTESIAN_POINT('',(2.9,-3.033255667139,2.460013401381));
#4114 = DIRECTION('',(8.213592656172E-17,-0.497536000354,-0.867443328611
    ));
#4115 = DIRECTION('',(0.,0.867443328611,-0.497536000354));
#4116 = ORIENTED_EDGE('',*,*,#4117,.F.);
#4117 = EDGE_CURVE('',#2343,#4109,#4118,.T.);
#4118 = LINE('',#4119,#4120);
#4119 = CARTESIAN_POINT('',(3.,-2.883994867033,2.720246399965));
#4120 = VECTOR('',#4121,1.);
#4121 = DIRECTION('',(8.213592656172E-17,-0.497536000354,-0.867443328611
    ));
#4122 = CYLINDRICAL_SURFACE('',#4123,0.1);
#4123 = AXIS2_PLACEMENT_3D('',#4124,#4125,#4126);
#4124 = CARTESIAN_POINT('',(2.9,-2.883994867033,2.720246399965));
#4125 = DIRECTION('',(8.213592656172E-17,-0.497536000354,-0.867443328611
    ));
#4126 = DIRECTION('',(1.,-2.22044604925E-16,2.22044604925E-16));
#4127 = ADVANCED_FACE('',(#4128),#4140,.T.);
#4128 = FACE_BOUND('',#4129,.T.);
#4129 = EDGE_LOOP('',(#4130,#4131,#4132,#4138,#4139));
#4130 = ORIENTED_EDGE('',*,*,#2342,.T.);
#4131 = ORIENTED_EDGE('',*,*,#4117,.T.);
#4132 = ORIENTED_EDGE('',*,*,#4133,.F.);
#4133 = EDGE_CURVE('',#2671,#4109,#4134,.T.);
#4134 = LINE('',#4135,#4136);
#4135 = CARTESIAN_POINT('',(3.,-2.649260800106,2.239767001417));
#4136 = VECTOR('',#4137,1.);
#4137 = DIRECTION('',(-3.030862958309E-16,-0.867443328611,0.497536000354
    ));
#4138 = ORIENTED_EDGE('',*,*,#2678,.T.);
#4139 = ORIENTED_EDGE('',*,*,#2375,.F.);
#4140 = PLANE('',#4141);
#4141 = AXIS2_PLACEMENT_3D('',#4142,#4143,#4144);
#4142 = CARTESIAN_POINT('',(3.,-2.778027529422,2.477004010835));
#4143 = DIRECTION('',(1.,-2.22044604925E-16,2.22044604925E-16));
#4144 = DIRECTION('',(-2.22044604925E-16,2.958228394579E-31,1.));
#4145 = ADVANCED_FACE('',(#4146),#4165,.T.);
#4146 = FACE_BOUND('',#4147,.F.);
#4147 = EDGE_LOOP('',(#4148,#4149,#4150,#4158,#4164));
#4148 = ORIENTED_EDGE('',*,*,#2366,.F.);
#4149 = ORIENTED_EDGE('',*,*,#3748,.T.);
#4150 = ORIENTED_EDGE('',*,*,#4151,.T.);
#4151 = EDGE_CURVE('',#3749,#4152,#4154,.T.);
#4152 = VERTEX_POINT('',#4153);
#4153 = CARTESIAN_POINT('',(3.710013401381,-3.033255667139,1.95));
#4154 = LINE('',#4155,#4156);
#4155 = CARTESIAN_POINT('',(3.970246399965,-2.883994867033,1.95));
#4156 = VECTOR('',#4157,1.);
#4157 = DIRECTION('',(-0.867443328611,-0.497536000354,
    -1.926111111963E-16));
#4158 = ORIENTED_EDGE('',*,*,#4159,.F.);
#4159 = EDGE_CURVE('',#2820,#4152,#4160,.T.);
#4160 = LINE('',#4161,#4162);
#4161 = CARTESIAN_POINT('',(3.489767001417,-2.649260800106,1.95));
#4162 = VECTOR('',#4163,1.);
#4163 = DIRECTION('',(0.497536000354,-0.867443328611,1.104751846346E-16)
  );
#4164 = ORIENTED_EDGE('',*,*,#2827,.T.);
#4165 = PLANE('',#4166);
#4166 = AXIS2_PLACEMENT_3D('',#4167,#4168,#4169);
#4167 = CARTESIAN_POINT('',(3.727004010835,-2.778027529422,1.95));
#4168 = DIRECTION('',(-2.22044604925E-16,2.465190328816E-32,1.));
#4169 = DIRECTION('',(1.,-2.22044604925E-16,2.22044604925E-16));
#4170 = ADVANCED_FACE('',(#4171),#4182,.T.);
#4171 = FACE_BOUND('',#4172,.T.);
#4172 = EDGE_LOOP('',(#4173,#4174,#4175,#4181));
#4173 = ORIENTED_EDGE('',*,*,#2449,.T.);
#4174 = ORIENTED_EDGE('',*,*,#2488,.T.);
#4175 = ORIENTED_EDGE('',*,*,#4176,.F.);
#4176 = EDGE_CURVE('',#2394,#2489,#4177,.T.);
#4177 = LINE('',#4178,#4179);
#4178 = CARTESIAN_POINT('',(2.1,-1.690333000001,2.850299));
#4179 = VECTOR('',#4180,1.);
#4180 = DIRECTION('',(1.,-2.22044604925E-16,2.775557561563E-16));
#4181 = ORIENTED_EDGE('',*,*,#2391,.F.);
#4182 = PLANE('',#4183);
#4183 = AXIS2_PLACEMENT_3D('',#4184,#4185,#4186);
#4184 = CARTESIAN_POINT('',(2.1,-1.863358346949,2.550067806412));
#4185 = DIRECTION('',(-3.309727936972E-16,-0.866416530515,0.49932193588)
  );
#4186 = DIRECTION('',(-8.151137423586E-17,0.49932193588,0.866416530515)
  );
#4187 = ADVANCED_FACE('',(#4188),#4199,.T.);
#4188 = FACE_BOUND('',#4189,.T.);
#4189 = EDGE_LOOP('',(#4190,#4191,#4192,#4198));
#4190 = ORIENTED_EDGE('',*,*,#4176,.T.);
#4191 = ORIENTED_EDGE('',*,*,#2496,.T.);
#4192 = ORIENTED_EDGE('',*,*,#4193,.F.);
#4193 = EDGE_CURVE('',#2402,#2497,#4194,.T.);
#4194 = LINE('',#4195,#4196);
#4195 = CARTESIAN_POINT('',(2.1,-1.466332963341,2.850299));
#4196 = VECTOR('',#4197,1.);
#4197 = DIRECTION('',(1.,-2.22044604925E-16,2.775557561563E-16));
#4198 = ORIENTED_EDGE('',*,*,#2401,.F.);
#4199 = PLANE('',#4200);
#4200 = AXIS2_PLACEMENT_3D('',#4201,#4202,#4203);
#4201 = CARTESIAN_POINT('',(2.1,-1.690333000001,2.850299));
#4202 = DIRECTION('',(-2.775557561563E-16,2.22044604925E-16,1.));
#4203 = DIRECTION('',(2.22044604925E-16,1.,-2.22044604925E-16));
#4204 = ADVANCED_FACE('',(#4205),#4211,.T.);
#4205 = FACE_BOUND('',#4206,.T.);
#4206 = EDGE_LOOP('',(#4207,#4208,#4209,#4210));
#4207 = ORIENTED_EDGE('',*,*,#4193,.T.);
#4208 = ORIENTED_EDGE('',*,*,#2504,.T.);
#4209 = ORIENTED_EDGE('',*,*,#2464,.F.);
#4210 = ORIENTED_EDGE('',*,*,#2409,.F.);
#4211 = PLANE('',#4212);
#4212 = AXIS2_PLACEMENT_3D('',#4213,#4214,#4215);
#4213 = CARTESIAN_POINT('',(2.1,-1.466332963341,2.850299));
#4214 = DIRECTION('',(-1.296071532905E-16,0.49932193588,0.866416530515)
  );
#4215 = DIRECTION('',(3.032548582015E-16,0.866416530515,-0.49932193588)
  );
#4216 = ADVANCED_FACE('',(#4217),#4228,.T.);
#4217 = FACE_BOUND('',#4218,.F.);
#4218 = EDGE_LOOP('',(#4219,#4225,#4226,#4227));
#4219 = ORIENTED_EDGE('',*,*,#4220,.T.);
#4220 = EDGE_CURVE('',#2627,#2563,#4221,.T.);
#4221 = LINE('',#4222,#4223);
#4222 = CARTESIAN_POINT('',(-2.1,-1.466332963341,2.850299));
#4223 = VECTOR('',#4224,1.);
#4224 = DIRECTION('',(-1.,-1.232595164408E-32,5.551115123126E-17));
#4225 = ORIENTED_EDGE('',*,*,#2570,.T.);
#4226 = ORIENTED_EDGE('',*,*,#2521,.F.);
#4227 = ORIENTED_EDGE('',*,*,#2634,.F.);
#4228 = PLANE('',#4229);
#4229 = AXIS2_PLACEMENT_3D('',#4230,#4231,#4232);
#4230 = CARTESIAN_POINT('',(-2.1,-1.466332963341,2.850299));
#4231 = DIRECTION('',(4.809577905467E-17,0.49932193588,0.866416530515));
#4232 = DIRECTION('',(-2.465190328816E-32,-0.866416530515,0.49932193588)
  );
#4233 = ADVANCED_FACE('',(#4234),#4245,.T.);
#4234 = FACE_BOUND('',#4235,.F.);
#4235 = EDGE_LOOP('',(#4236,#4237,#4238,#4244));
#4236 = ORIENTED_EDGE('',*,*,#2595,.T.);
#4237 = ORIENTED_EDGE('',*,*,#2552,.T.);
#4238 = ORIENTED_EDGE('',*,*,#4239,.F.);
#4239 = EDGE_CURVE('',#2619,#2555,#4240,.T.);
#4240 = LINE('',#4241,#4242);
#4241 = CARTESIAN_POINT('',(-2.1,-1.690333000001,2.850299));
#4242 = VECTOR('',#4243,1.);
#4243 = DIRECTION('',(-1.,-1.232595164408E-32,5.551115123126E-17));
#4244 = ORIENTED_EDGE('',*,*,#2618,.F.);
#4245 = PLANE('',#4246);
#4246 = AXIS2_PLACEMENT_3D('',#4247,#4248,#4249);
#4247 = CARTESIAN_POINT('',(-2.1,-1.863358346949,2.550067806412));
#4248 = DIRECTION('',(2.77179354957E-17,-0.866416530515,0.49932193588));
#4249 = DIRECTION('',(-2.465190328816E-32,-0.49932193588,-0.866416530515
    ));
#4250 = ADVANCED_FACE('',(#4251),#4257,.T.);
#4251 = FACE_BOUND('',#4252,.F.);
#4252 = EDGE_LOOP('',(#4253,#4254,#4255,#4256));
#4253 = ORIENTED_EDGE('',*,*,#4239,.T.);
#4254 = ORIENTED_EDGE('',*,*,#2562,.T.);
#4255 = ORIENTED_EDGE('',*,*,#4220,.F.);
#4256 = ORIENTED_EDGE('',*,*,#2626,.F.);
#4257 = PLANE('',#4258);
#4258 = AXIS2_PLACEMENT_3D('',#4259,#4260,#4261);
#4259 = CARTESIAN_POINT('',(-2.1,-1.690333000001,2.850299));
#4260 = DIRECTION('',(5.551115123126E-17,2.22044604925E-16,1.));
#4261 = DIRECTION('',(-4.930380657631E-32,-1.,2.22044604925E-16));
#4262 = ADVANCED_FACE('',(#4263),#4271,.T.);
#4263 = FACE_BOUND('',#4264,.T.);
#4264 = EDGE_LOOP('',(#4265,#4266,#4267,#4268,#4269,#4270));
#4265 = ORIENTED_EDGE('',*,*,#4066,.F.);
#4266 = ORIENTED_EDGE('',*,*,#4090,.T.);
#4267 = ORIENTED_EDGE('',*,*,#4041,.F.);
#4268 = ORIENTED_EDGE('',*,*,#2668,.T.);
#4269 = ORIENTED_EDGE('',*,*,#4133,.T.);
#4270 = ORIENTED_EDGE('',*,*,#4108,.T.);
#4271 = PLANE('',#4272);
#4272 = AXIS2_PLACEMENT_3D('',#4273,#4274,#4275);
#4273 = CARTESIAN_POINT('',(-3.,-2.649260800106,2.239767001417));
#4274 = DIRECTION('',(1.302887043608E-16,-0.497536000354,-0.867443328611
    ));
#4275 = DIRECTION('',(-3.030862958309E-16,-0.867443328611,0.497536000354
    ));
#4276 = ADVANCED_FACE('',(#4277),#4313,.T.);
#4277 = FACE_BOUND('',#4278,.F.);
#4278 = EDGE_LOOP('',(#4279,#4287,#4288,#4289,#4298,#4306));
#4279 = ORIENTED_EDGE('',*,*,#4280,.F.);
#4280 = EDGE_CURVE('',#2818,#4281,#4283,.T.);
#4281 = VERTEX_POINT('',#4282);
#4282 = CARTESIAN_POINT('',(3.710013401381,-3.033255667139,1.15));
#4283 = LINE('',#4284,#4285);
#4284 = CARTESIAN_POINT('',(3.489767001417,-2.649260800106,1.15));
#4285 = VECTOR('',#4286,1.);
#4286 = DIRECTION('',(0.497536000354,-0.867443328611,1.104751846346E-16)
  );
#4287 = ORIENTED_EDGE('',*,*,#2817,.T.);
#4288 = ORIENTED_EDGE('',*,*,#4159,.T.);
#4289 = ORIENTED_EDGE('',*,*,#4290,.T.);
#4290 = EDGE_CURVE('',#4152,#4291,#4293,.T.);
#4291 = VERTEX_POINT('',#4292);
#4292 = CARTESIAN_POINT('',(3.759767001417,-3.12,1.85));
#4293 = CIRCLE('',#4294,0.1);
#4294 = AXIS2_PLACEMENT_3D('',#4295,#4296,#4297);
#4295 = CARTESIAN_POINT('',(3.710013401381,-3.033255667139,1.85));
#4296 = DIRECTION('',(0.867443328611,0.497536000354,1.926111111963E-16)
  );
#4297 = DIRECTION('',(0.497536000354,-0.867443328611,-8.213592656172E-17
    ));
#4298 = ORIENTED_EDGE('',*,*,#4299,.F.);
#4299 = EDGE_CURVE('',#4300,#4291,#4302,.T.);
#4300 = VERTEX_POINT('',#4301);
#4301 = CARTESIAN_POINT('',(3.759767001417,-3.12,1.25));
#4302 = LINE('',#4303,#4304);
#4303 = CARTESIAN_POINT('',(3.759767001417,-3.12,1.15));
#4304 = VECTOR('',#4305,1.);
#4305 = DIRECTION('',(-2.22044604925E-16,0.,1.));
#4306 = ORIENTED_EDGE('',*,*,#4307,.F.);
#4307 = EDGE_CURVE('',#4281,#4300,#4308,.T.);
#4308 = CIRCLE('',#4309,0.1);
#4309 = AXIS2_PLACEMENT_3D('',#4310,#4311,#4312);
#4310 = CARTESIAN_POINT('',(3.710013401381,-3.033255667139,1.25));
#4311 = DIRECTION('',(-0.867443328611,-0.497536000354,
    -1.926111111963E-16));
#4312 = DIRECTION('',(0.497536000354,-0.867443328611,-8.213592656172E-17
    ));
#4313 = PLANE('',#4314);
#4314 = AXIS2_PLACEMENT_3D('',#4315,#4316,#4317);
#4315 = CARTESIAN_POINT('',(3.489767001417,-2.649260800106,1.15));
#4316 = DIRECTION('',(-0.867443328611,-0.497536000354,
    -1.926111111963E-16));
#4317 = DIRECTION('',(-0.497536000354,0.867443328611,-1.104751846346E-16
    ));
#4318 = ADVANCED_FACE('',(#4319),#4331,.F.);
#4319 = FACE_BOUND('',#4320,.T.);
#4320 = EDGE_LOOP('',(#4321,#4322,#4323,#4329,#4330));
#4321 = ORIENTED_EDGE('',*,*,#2863,.F.);
#4322 = ORIENTED_EDGE('',*,*,#3739,.T.);
#4323 = ORIENTED_EDGE('',*,*,#4324,.T.);
#4324 = EDGE_CURVE('',#3740,#4281,#4325,.T.);
#4325 = LINE('',#4326,#4327);
#4326 = CARTESIAN_POINT('',(3.970246399965,-2.883994867033,1.15));
#4327 = VECTOR('',#4328,1.);
#4328 = DIRECTION('',(-0.867443328611,-0.497536000354,
    -1.926111111963E-16));
#4329 = ORIENTED_EDGE('',*,*,#4280,.F.);
#4330 = ORIENTED_EDGE('',*,*,#2835,.T.);
#4331 = PLANE('',#4332);
#4332 = AXIS2_PLACEMENT_3D('',#4333,#4334,#4335);
#4333 = CARTESIAN_POINT('',(3.727004010835,-2.778027529422,1.15));
#4334 = DIRECTION('',(-2.22044604925E-16,2.465190328816E-32,1.));
#4335 = DIRECTION('',(1.,-2.22044604925E-16,2.22044604925E-16));
#4336 = ADVANCED_FACE('',(#4337),#4356,.F.);
#4337 = FACE_BOUND('',#4338,.T.);
#4338 = EDGE_LOOP('',(#4339,#4340,#4341,#4349,#4355));
#4339 = ORIENTED_EDGE('',*,*,#2852,.F.);
#4340 = ORIENTED_EDGE('',*,*,#2986,.T.);
#4341 = ORIENTED_EDGE('',*,*,#4342,.F.);
#4342 = EDGE_CURVE('',#4343,#2987,#4345,.T.);
#4343 = VERTEX_POINT('',#4344);
#4344 = CARTESIAN_POINT('',(2.55,-3.033255667139,8.998659861871E-02));
#4345 = LINE('',#4346,#4347);
#4346 = CARTESIAN_POINT('',(2.55,-3.12,4.023299858331E-02));
#4347 = VECTOR('',#4348,1.);
#4348 = DIRECTION('',(1.972152263053E-31,0.867443328611,0.497536000354)
  );
#4349 = ORIENTED_EDGE('',*,*,#4350,.T.);
#4350 = EDGE_CURVE('',#4343,#3404,#4351,.T.);
#4351 = LINE('',#4352,#4353);
#4352 = CARTESIAN_POINT('',(2.55,-3.033255667139,8.998659861871E-02));
#4353 = VECTOR('',#4354,1.);
#4354 = DIRECTION('',(0.,0.497536000354,-0.867443328611));
#4355 = ORIENTED_EDGE('',*,*,#3403,.F.);
#4356 = PLANE('',#4357);
#4357 = AXIS2_PLACEMENT_3D('',#4358,#4359,#4360);
#4358 = CARTESIAN_POINT('',(2.55,-2.778027529422,7.299598916482E-02));
#4359 = DIRECTION('',(-1.,5.167621420721E-18,-2.125490911281E-18));
#4360 = DIRECTION('',(2.125490911281E-18,2.465190328816E-32,-1.));
#4361 = ADVANCED_FACE('',(#4362),#4398,.F.);
#4362 = FACE_BOUND('',#4363,.T.);
#4363 = EDGE_LOOP('',(#4364,#4375,#4383,#4390,#4391,#4392));
#4364 = ORIENTED_EDGE('',*,*,#4365,.T.);
#4365 = EDGE_CURVE('',#4366,#4368,#4370,.T.);
#4366 = VERTEX_POINT('',#4367);
#4367 = CARTESIAN_POINT('',(5.E-02,-3.033255667139,8.998659861871E-02));
#4368 = VERTEX_POINT('',#4369);
#4369 = CARTESIAN_POINT('',(0.15,-3.12,4.023299858331E-02));
#4370 = CIRCLE('',#4371,0.1);
#4371 = AXIS2_PLACEMENT_3D('',#4372,#4373,#4374);
#4372 = CARTESIAN_POINT('',(0.15,-3.033255667139,8.998659861871E-02));
#4373 = DIRECTION('',(-1.848892746612E-32,-0.497536000354,0.867443328611
    ));
#4374 = DIRECTION('',(8.213592656172E-17,0.867443328611,0.497536000354)
  );
#4375 = ORIENTED_EDGE('',*,*,#4376,.T.);
#4376 = EDGE_CURVE('',#4368,#4377,#4379,.T.);
#4377 = VERTEX_POINT('',#4378);
#4378 = CARTESIAN_POINT('',(2.45,-3.12,4.023299858331E-02));
#4379 = LINE('',#4380,#4381);
#4380 = CARTESIAN_POINT('',(5.E-02,-3.12,4.023299858331E-02));
#4381 = VECTOR('',#4382,1.);
#4382 = DIRECTION('',(1.,1.232595164408E-32,-5.551115123126E-17));
#4383 = ORIENTED_EDGE('',*,*,#4384,.T.);
#4384 = EDGE_CURVE('',#4377,#4343,#4385,.T.);
#4385 = CIRCLE('',#4386,0.1);
#4386 = AXIS2_PLACEMENT_3D('',#4387,#4388,#4389);
#4387 = CARTESIAN_POINT('',(2.45,-3.033255667139,8.998659861871E-02));
#4388 = DIRECTION('',(-1.848892746612E-32,-0.497536000354,0.867443328611
    ));
#4389 = DIRECTION('',(8.213592656172E-17,0.867443328611,0.497536000354)
  );
#4390 = ORIENTED_EDGE('',*,*,#4342,.T.);
#4391 = ORIENTED_EDGE('',*,*,#2995,.F.);
#4392 = ORIENTED_EDGE('',*,*,#4393,.F.);
#4393 = EDGE_CURVE('',#4366,#2996,#4394,.T.);
#4394 = LINE('',#4395,#4396);
#4395 = CARTESIAN_POINT('',(5.E-02,-3.12,4.023299858331E-02));
#4396 = VECTOR('',#4397,1.);
#4397 = DIRECTION('',(1.972152263053E-31,0.867443328611,0.497536000354)
  );
#4398 = PLANE('',#4399);
#4399 = AXIS2_PLACEMENT_3D('',#4400,#4401,#4402);
#4400 = CARTESIAN_POINT('',(5.E-02,-3.12,4.023299858331E-02));
#4401 = DIRECTION('',(-4.815277779907E-17,0.497536000354,-0.867443328611
    ));
#4402 = DIRECTION('',(-4.930380657631E-32,-0.867443328611,
    -0.497536000354));
#4403 = ADVANCED_FACE('',(#4404),#4416,.T.);
#4404 = FACE_BOUND('',#4405,.F.);
#4405 = EDGE_LOOP('',(#4406,#4407,#4408,#4409,#4415));
#4406 = ORIENTED_EDGE('',*,*,#3018,.F.);
#4407 = ORIENTED_EDGE('',*,*,#3003,.T.);
#4408 = ORIENTED_EDGE('',*,*,#4393,.F.);
#4409 = ORIENTED_EDGE('',*,*,#4410,.T.);
#4410 = EDGE_CURVE('',#4366,#3395,#4411,.T.);
#4411 = LINE('',#4412,#4413);
#4412 = CARTESIAN_POINT('',(5.E-02,-3.033255667139,8.998659861871E-02));
#4413 = VECTOR('',#4414,1.);
#4414 = DIRECTION('',(0.,0.497536000354,-0.867443328611));
#4415 = ORIENTED_EDGE('',*,*,#3394,.F.);
#4416 = PLANE('',#4417);
#4417 = AXIS2_PLACEMENT_3D('',#4418,#4419,#4420);
#4418 = CARTESIAN_POINT('',(5.E-02,-2.778027529422,7.299598916482E-02));
#4419 = DIRECTION('',(-1.,5.167621420721E-18,-2.125490911281E-18));
#4420 = DIRECTION('',(2.125490911281E-18,2.465190328816E-32,-1.));
#4421 = ADVANCED_FACE('',(#4422),#4441,.T.);
#4422 = FACE_BOUND('',#4423,.T.);
#4423 = EDGE_LOOP('',(#4424,#4425,#4426,#4427,#4435));
#4424 = ORIENTED_EDGE('',*,*,#3364,.F.);
#4425 = ORIENTED_EDGE('',*,*,#3025,.F.);
#4426 = ORIENTED_EDGE('',*,*,#3058,.T.);
#4427 = ORIENTED_EDGE('',*,*,#4428,.F.);
#4428 = EDGE_CURVE('',#4429,#3051,#4431,.T.);
#4429 = VERTEX_POINT('',#4430);
#4430 = CARTESIAN_POINT('',(-5.E-02,-3.033255667139,8.998659861871E-02)
  );
#4431 = LINE('',#4432,#4433);
#4432 = CARTESIAN_POINT('',(-5.E-02,-3.12,4.023299858331E-02));
#4433 = VECTOR('',#4434,1.);
#4434 = DIRECTION('',(8.213592656172E-17,0.867443328611,0.497536000354)
  );
#4435 = ORIENTED_EDGE('',*,*,#4436,.T.);
#4436 = EDGE_CURVE('',#4429,#3356,#4437,.T.);
#4437 = LINE('',#4438,#4439);
#4438 = CARTESIAN_POINT('',(-5.E-02,-3.033255667139,8.998659861871E-02)
  );
#4439 = VECTOR('',#4440,1.);
#4440 = DIRECTION('',(3.030862958309E-16,0.497536000354,-0.867443328611)
  );
#4441 = PLANE('',#4442);
#4442 = AXIS2_PLACEMENT_3D('',#4443,#4444,#4445);
#4443 = CARTESIAN_POINT('',(-5.E-02,-2.778027529422,7.299598916482E-02)
  );
#4444 = DIRECTION('',(1.,-2.168769835043E-16,2.199191140138E-16));
#4445 = DIRECTION('',(-2.199191140138E-16,2.465190328816E-31,1.));
#4446 = ADVANCED_FACE('',(#4447),#4483,.F.);
#4447 = FACE_BOUND('',#4448,.F.);
#4448 = EDGE_LOOP('',(#4449,#4459,#4468,#4474,#4475,#4476));
#4449 = ORIENTED_EDGE('',*,*,#4450,.T.);
#4450 = EDGE_CURVE('',#4451,#4453,#4455,.T.);
#4451 = VERTEX_POINT('',#4452);
#4452 = CARTESIAN_POINT('',(-0.15,-3.12,4.023299858331E-02));
#4453 = VERTEX_POINT('',#4454);
#4454 = CARTESIAN_POINT('',(-2.45,-3.12,4.023299858331E-02));
#4455 = LINE('',#4456,#4457);
#4456 = CARTESIAN_POINT('',(-5.E-02,-3.12,4.023299858331E-02));
#4457 = VECTOR('',#4458,1.);
#4458 = DIRECTION('',(-1.,2.22044604925E-16,-2.775557561563E-16));
#4459 = ORIENTED_EDGE('',*,*,#4460,.T.);
#4460 = EDGE_CURVE('',#4453,#4461,#4463,.T.);
#4461 = VERTEX_POINT('',#4462);
#4462 = CARTESIAN_POINT('',(-2.55,-3.033255667139,8.998659861871E-02));
#4463 = CIRCLE('',#4464,0.1);
#4464 = AXIS2_PLACEMENT_3D('',#4465,#4466,#4467);
#4465 = CARTESIAN_POINT('',(-2.45,-3.033255667139,8.998659861871E-02));
#4466 = DIRECTION('',(3.030862958309E-16,0.497536000354,-0.867443328611)
  );
#4467 = DIRECTION('',(0.,0.867443328611,0.497536000354));
#4468 = ORIENTED_EDGE('',*,*,#4469,.T.);
#4469 = EDGE_CURVE('',#4461,#3042,#4470,.T.);
#4470 = LINE('',#4471,#4472);
#4471 = CARTESIAN_POINT('',(-2.55,-3.12,4.023299858331E-02));
#4472 = VECTOR('',#4473,1.);
#4473 = DIRECTION('',(8.213592656172E-17,0.867443328611,0.497536000354)
  );
#4474 = ORIENTED_EDGE('',*,*,#3050,.F.);
#4475 = ORIENTED_EDGE('',*,*,#4428,.F.);
#4476 = ORIENTED_EDGE('',*,*,#4477,.T.);
#4477 = EDGE_CURVE('',#4429,#4451,#4478,.T.);
#4478 = CIRCLE('',#4479,0.1);
#4479 = AXIS2_PLACEMENT_3D('',#4480,#4481,#4482);
#4480 = CARTESIAN_POINT('',(-0.15,-3.033255667139,8.998659861871E-02));
#4481 = DIRECTION('',(3.030862958309E-16,0.497536000354,-0.867443328611)
  );
#4482 = DIRECTION('',(0.,0.867443328611,0.497536000354));
#4483 = PLANE('',#4484);
#4484 = AXIS2_PLACEMENT_3D('',#4485,#4486,#4487);
#4485 = CARTESIAN_POINT('',(-5.E-02,-3.12,4.023299858331E-02));
#4486 = DIRECTION('',(3.512390736299E-16,0.497536000354,-0.867443328611)
  );
#4487 = DIRECTION('',(8.213592656172E-17,0.867443328611,0.497536000354)
  );
#4488 = ADVANCED_FACE('',(#4489),#4501,.F.);
#4489 = FACE_BOUND('',#4490,.F.);
#4490 = EDGE_LOOP('',(#4491,#4492,#4493,#4494,#4495));
#4491 = ORIENTED_EDGE('',*,*,#3371,.F.);
#4492 = ORIENTED_EDGE('',*,*,#3125,.F.);
#4493 = ORIENTED_EDGE('',*,*,#3041,.T.);
#4494 = ORIENTED_EDGE('',*,*,#4469,.F.);
#4495 = ORIENTED_EDGE('',*,*,#4496,.T.);
#4496 = EDGE_CURVE('',#4461,#3372,#4497,.T.);
#4497 = LINE('',#4498,#4499);
#4498 = CARTESIAN_POINT('',(-2.55,-3.033255667139,8.998659861871E-02));
#4499 = VECTOR('',#4500,1.);
#4500 = DIRECTION('',(3.030862958309E-16,0.497536000354,-0.867443328611)
  );
#4501 = PLANE('',#4502);
#4502 = AXIS2_PLACEMENT_3D('',#4503,#4504,#4505);
#4503 = CARTESIAN_POINT('',(-2.55,-2.778027529422,7.299598916482E-02));
#4504 = DIRECTION('',(1.,-2.168769835043E-16,2.199191140138E-16));
#4505 = DIRECTION('',(-2.199191140138E-16,2.465190328816E-31,1.));
#4506 = ADVANCED_FACE('',(#4507),#4541,.F.);
#4507 = FACE_BOUND('',#4508,.F.);
#4508 = EDGE_LOOP('',(#4509,#4517,#4525,#4533,#4540));
#4509 = ORIENTED_EDGE('',*,*,#4510,.T.);
#4510 = EDGE_CURVE('',#3085,#4511,#4513,.T.);
#4511 = VERTEX_POINT('',#4512);
#4512 = CARTESIAN_POINT('',(-3.970246399965,-2.883994867033,1.15));
#4513 = LINE('',#4514,#4515);
#4514 = CARTESIAN_POINT('',(-3.75,-2.5,1.15));
#4515 = VECTOR('',#4516,1.);
#4516 = DIRECTION('',(-0.497536000354,-0.867443328611,1.725633230171E-31
    ));
#4517 = ORIENTED_EDGE('',*,*,#4518,.T.);
#4518 = EDGE_CURVE('',#4511,#4519,#4521,.T.);
#4519 = VERTEX_POINT('',#4520);
#4520 = CARTESIAN_POINT('',(-3.710013401381,-3.033255667139,1.15));
#4521 = LINE('',#4522,#4523);
#4522 = CARTESIAN_POINT('',(-3.970246399965,-2.883994867033,1.15));
#4523 = VECTOR('',#4524,1.);
#4524 = DIRECTION('',(0.867443328611,-0.497536000354,9.824315946677E-32)
  );
#4525 = ORIENTED_EDGE('',*,*,#4526,.F.);
#4526 = EDGE_CURVE('',#4527,#4519,#4529,.T.);
#4527 = VERTEX_POINT('',#4528);
#4528 = CARTESIAN_POINT('',(-3.489767001417,-2.649260800106,1.15));
#4529 = LINE('',#4530,#4531);
#4530 = CARTESIAN_POINT('',(-3.489767001417,-2.649260800106,1.15));
#4531 = VECTOR('',#4532,1.);
#4532 = DIRECTION('',(-0.497536000354,-0.867443328611,1.725633230171E-31
    ));
#4533 = ORIENTED_EDGE('',*,*,#4534,.T.);
#4534 = EDGE_CURVE('',#4527,#3093,#4535,.T.);
#4535 = CIRCLE('',#4536,0.3);
#4536 = AXIS2_PLACEMENT_3D('',#4537,#4538,#4539);
#4537 = CARTESIAN_POINT('',(-3.75,-2.5,1.15));
#4538 = DIRECTION('',(-0.,1.972152263053E-31,1.));
#4539 = DIRECTION('',(1.,0.,0.));
#4540 = ORIENTED_EDGE('',*,*,#3092,.F.);
#4541 = PLANE('',#4542);
#4542 = AXIS2_PLACEMENT_3D('',#4543,#4544,#4545);
#4543 = CARTESIAN_POINT('',(-3.727004010835,-2.778027529422,1.15));
#4544 = DIRECTION('',(0.,1.972152263053E-31,1.));
#4545 = DIRECTION('',(1.,0.,0.));
#4546 = ADVANCED_FACE('',(#4547),#4565,.F.);
#4547 = FACE_BOUND('',#4548,.T.);
#4548 = EDGE_LOOP('',(#4549,#4557,#4563,#4564));
#4549 = ORIENTED_EDGE('',*,*,#4550,.F.);
#4550 = EDGE_CURVE('',#4551,#3241,#4553,.T.);
#4551 = VERTEX_POINT('',#4552);
#4552 = CARTESIAN_POINT('',(-2.925,0.1,-6.494804694056E-16));
#4553 = LINE('',#4554,#4555);
#4554 = CARTESIAN_POINT('',(-2.925,0.1,-6.494804694056E-16));
#4555 = VECTOR('',#4556,1.);
#4556 = DIRECTION('',(1.,-2.22044604925E-16,2.22044604925E-16));
#4557 = ORIENTED_EDGE('',*,*,#4558,.T.);
#4558 = EDGE_CURVE('',#4551,#3208,#4559,.T.);
#4559 = LINE('',#4560,#4561);
#4560 = CARTESIAN_POINT('',(-2.925,0.1,-6.494804694056E-16));
#4561 = VECTOR('',#4562,1.);
#4562 = DIRECTION('',(-2.22044604925E-16,0.,1.));
#4563 = ORIENTED_EDGE('',*,*,#3215,.T.);
#4564 = ORIENTED_EDGE('',*,*,#3250,.F.);
#4565 = PLANE('',#4566);
#4566 = AXIS2_PLACEMENT_3D('',#4567,#4568,#4569);
#4567 = CARTESIAN_POINT('',(-2.925,0.1,-6.494804694056E-16));
#4568 = DIRECTION('',(-2.22044604925E-16,-1.,-2.465190328816E-32));
#4569 = DIRECTION('',(-1.,2.22044604925E-16,-2.22044604925E-16));
#4570 = ADVANCED_FACE('',(#4571),#4582,.F.);
#4571 = FACE_BOUND('',#4572,.T.);
#4572 = EDGE_LOOP('',(#4573,#4579,#4580,#4581));
#4573 = ORIENTED_EDGE('',*,*,#4574,.F.);
#4574 = EDGE_CURVE('',#3321,#4551,#4575,.T.);
#4575 = LINE('',#4576,#4577);
#4576 = CARTESIAN_POINT('',(-2.925,-0.7,-6.494804694056E-16));
#4577 = VECTOR('',#4578,1.);
#4578 = DIRECTION('',(2.22044604925E-16,1.,2.465190328816E-32));
#4579 = ORIENTED_EDGE('',*,*,#3331,.T.);
#4580 = ORIENTED_EDGE('',*,*,#3207,.T.);
#4581 = ORIENTED_EDGE('',*,*,#4558,.F.);
#4582 = PLANE('',#4583);
#4583 = AXIS2_PLACEMENT_3D('',#4584,#4585,#4586);
#4584 = CARTESIAN_POINT('',(-2.925,-0.7,-6.494804694056E-16));
#4585 = DIRECTION('',(1.,-2.22044604925E-16,2.22044604925E-16));
#4586 = DIRECTION('',(-2.22044604925E-16,-1.,-2.465190328816E-32));
#4587 = ADVANCED_FACE('',(#4588),#4631,.F.);
#4588 = FACE_BOUND('',#4589,.T.);
#4589 = EDGE_LOOP('',(#4590,#4600,#4609,#4615,#4616,#4617,#4625));
#4590 = ORIENTED_EDGE('',*,*,#4591,.F.);
#4591 = EDGE_CURVE('',#4592,#4594,#4596,.T.);
#4592 = VERTEX_POINT('',#4593);
#4593 = CARTESIAN_POINT('',(-2.765684,1.25,-6.210441050314E-16));
#4594 = VERTEX_POINT('',#4595);
#4595 = CARTESIAN_POINT('',(-3.695042,1.25,-8.204641410714E-16));
#4596 = LINE('',#4597,#4598);
#4597 = CARTESIAN_POINT('',(-2.715684,1.25,-6.030029808812E-16));
#4598 = VECTOR('',#4599,1.);
#4599 = DIRECTION('',(-1.,2.22044604925E-16,-2.22044604925E-16));
#4600 = ORIENTED_EDGE('',*,*,#4601,.T.);
#4601 = EDGE_CURVE('',#4592,#4602,#4604,.T.);
#4602 = VERTEX_POINT('',#4603);
#4603 = CARTESIAN_POINT('',(-2.715684,1.25,5.E-02));
#4604 = CIRCLE('',#4605,5.E-02);
#4605 = AXIS2_PLACEMENT_3D('',#4606,#4607,#4608);
#4606 = CARTESIAN_POINT('',(-2.765684,1.25,5.E-02));
#4607 = DIRECTION('',(-2.22044604925E-16,-1.,4.930380657631E-32));
#4608 = DIRECTION('',(2.22044604925E-16,-9.860761315263E-32,-1.));
#4609 = ORIENTED_EDGE('',*,*,#4610,.T.);
#4610 = EDGE_CURVE('',#4602,#3174,#4611,.T.);
#4611 = LINE('',#4612,#4613);
#4612 = CARTESIAN_POINT('',(-2.715684,1.25,-6.030029808812E-16));
#4613 = VECTOR('',#4614,1.);
#4614 = DIRECTION('',(-2.22044604925E-16,0.,1.));
#4615 = ORIENTED_EDGE('',*,*,#3181,.T.);
#4616 = ORIENTED_EDGE('',*,*,#3903,.T.);
#4617 = ORIENTED_EDGE('',*,*,#4618,.T.);
#4618 = EDGE_CURVE('',#3896,#4619,#4621,.T.);
#4619 = VERTEX_POINT('',#4620);
#4620 = CARTESIAN_POINT('',(-3.695042,1.25,0.3));
#4621 = LINE('',#4622,#4623);
#4622 = CARTESIAN_POINT('',(-2.715684,1.25,0.3));
#4623 = VECTOR('',#4624,1.);
#4624 = DIRECTION('',(-1.,2.22044604925E-16,-2.22044604925E-16));
#4625 = ORIENTED_EDGE('',*,*,#4626,.F.);
#4626 = EDGE_CURVE('',#4594,#4619,#4627,.T.);
#4627 = LINE('',#4628,#4629);
#4628 = CARTESIAN_POINT('',(-3.695042,1.25,-8.204641410714E-16));
#4629 = VECTOR('',#4630,1.);
#4630 = DIRECTION('',(-2.22044604925E-16,9.860761315263E-32,1.));
#4631 = PLANE('',#4632);
#4632 = AXIS2_PLACEMENT_3D('',#4633,#4634,#4635);
#4633 = CARTESIAN_POINT('',(-2.715684,1.25,-6.030029808812E-16));
#4634 = DIRECTION('',(2.22044604925E-16,1.,2.465190328816E-32));
#4635 = DIRECTION('',(1.,-2.22044604925E-16,2.22044604925E-16));
#4636 = ADVANCED_FACE('',(#4637),#4655,.F.);
#4637 = FACE_BOUND('',#4638,.T.);
#4638 = EDGE_LOOP('',(#4639,#4647,#4653,#4654));
#4639 = ORIENTED_EDGE('',*,*,#4640,.F.);
#4640 = EDGE_CURVE('',#4641,#4602,#4643,.T.);
#4641 = VERTEX_POINT('',#4642);
#4642 = CARTESIAN_POINT('',(-2.715684,1.7,5.E-02));
#4643 = LINE('',#4644,#4645);
#4644 = CARTESIAN_POINT('',(-2.715684,1.7,5.E-02));
#4645 = VECTOR('',#4646,1.);
#4646 = DIRECTION('',(-2.22044604925E-16,-1.,9.860761315263E-32));
#4647 = ORIENTED_EDGE('',*,*,#4648,.T.);
#4648 = EDGE_CURVE('',#4641,#3165,#4649,.T.);
#4649 = LINE('',#4650,#4651);
#4650 = CARTESIAN_POINT('',(-2.715684,1.7,-6.030029808812E-16));
#4651 = VECTOR('',#4652,1.);
#4652 = DIRECTION('',(-2.22044604925E-16,0.,1.));
#4653 = ORIENTED_EDGE('',*,*,#3173,.F.);
#4654 = ORIENTED_EDGE('',*,*,#4610,.F.);
#4655 = PLANE('',#4656);
#4656 = AXIS2_PLACEMENT_3D('',#4657,#4658,#4659);
#4657 = CARTESIAN_POINT('',(-2.715684,1.7,-6.030029808812E-16));
#4658 = DIRECTION('',(-1.,2.22044604925E-16,-2.22044604925E-16));
#4659 = DIRECTION('',(2.22044604925E-16,1.,2.465190328816E-32));
#4660 = ADVANCED_FACE('',(#4661),#4697,.F.);
#4661 = FACE_BOUND('',#4662,.T.);
#4662 = EDGE_LOOP('',(#4663,#4673,#4681,#4687,#4688,#4689,#4690));
#4663 = ORIENTED_EDGE('',*,*,#4664,.F.);
#4664 = EDGE_CURVE('',#4665,#4667,#4669,.T.);
#4665 = VERTEX_POINT('',#4666);
#4666 = CARTESIAN_POINT('',(-3.695042,1.7,-8.204641410714E-16));
#4667 = VERTEX_POINT('',#4668);
#4668 = CARTESIAN_POINT('',(-2.765684,1.7,-6.182685474698E-16));
#4669 = LINE('',#4670,#4671);
#4670 = CARTESIAN_POINT('',(-3.795042,1.7,-8.426686015639E-16));
#4671 = VECTOR('',#4672,1.);
#4672 = DIRECTION('',(1.,-2.22044604925E-16,2.22044604925E-16));
#4673 = ORIENTED_EDGE('',*,*,#4674,.T.);
#4674 = EDGE_CURVE('',#4665,#4675,#4677,.T.);
#4675 = VERTEX_POINT('',#4676);
#4676 = CARTESIAN_POINT('',(-3.695042,1.7,0.3));
#4677 = LINE('',#4678,#4679);
#4678 = CARTESIAN_POINT('',(-3.695042,1.7,-8.204641410714E-16));
#4679 = VECTOR('',#4680,1.);
#4680 = DIRECTION('',(-2.22044604925E-16,9.860761315263E-32,1.));
#4681 = ORIENTED_EDGE('',*,*,#4682,.T.);
#4682 = EDGE_CURVE('',#4675,#3888,#4683,.T.);
#4683 = LINE('',#4684,#4685);
#4684 = CARTESIAN_POINT('',(-3.795042,1.7,0.3));
#4685 = VECTOR('',#4686,1.);
#4686 = DIRECTION('',(1.,-2.22044604925E-16,2.22044604925E-16));
#4687 = ORIENTED_EDGE('',*,*,#3887,.T.);
#4688 = ORIENTED_EDGE('',*,*,#3164,.F.);
#4689 = ORIENTED_EDGE('',*,*,#4648,.F.);
#4690 = ORIENTED_EDGE('',*,*,#4691,.F.);
#4691 = EDGE_CURVE('',#4667,#4641,#4692,.T.);
#4692 = CIRCLE('',#4693,5.E-02);
#4693 = AXIS2_PLACEMENT_3D('',#4694,#4695,#4696);
#4694 = CARTESIAN_POINT('',(-2.765684,1.7,5.E-02));
#4695 = DIRECTION('',(-2.22044604925E-16,-1.,4.930380657631E-32));
#4696 = DIRECTION('',(2.22044604925E-16,-9.860761315263E-32,-1.));
#4697 = PLANE('',#4698);
#4698 = AXIS2_PLACEMENT_3D('',#4699,#4700,#4701);
#4699 = CARTESIAN_POINT('',(-3.795042,1.7,-8.426686015639E-16));
#4700 = DIRECTION('',(-2.22044604925E-16,-1.,-2.465190328816E-32));
#4701 = DIRECTION('',(-1.,2.22044604925E-16,-2.22044604925E-16));
#4702 = ADVANCED_FACE('',(#4703),#4728,.T.);
#4703 = FACE_BOUND('',#4704,.F.);
#4704 = EDGE_LOOP('',(#4705,#4706,#4714,#4722));
#4705 = ORIENTED_EDGE('',*,*,#3240,.F.);
#4706 = ORIENTED_EDGE('',*,*,#4707,.T.);
#4707 = EDGE_CURVE('',#3241,#4708,#4710,.T.);
#4708 = VERTEX_POINT('',#4709);
#4709 = CARTESIAN_POINT('',(-2.775,0.1,-0.65));
#4710 = LINE('',#4711,#4712);
#4711 = CARTESIAN_POINT('',(-2.775,0.1,-6.16173778667E-16));
#4712 = VECTOR('',#4713,1.);
#4713 = DIRECTION('',(2.22044604925E-16,0.,-1.));
#4714 = ORIENTED_EDGE('',*,*,#4715,.T.);
#4715 = EDGE_CURVE('',#4708,#4716,#4718,.T.);
#4716 = VERTEX_POINT('',#4717);
#4717 = CARTESIAN_POINT('',(-2.625,0.1,-0.65));
#4718 = LINE('',#4719,#4720);
#4719 = CARTESIAN_POINT('',(-2.775,0.1,-0.65));
#4720 = VECTOR('',#4721,1.);
#4721 = DIRECTION('',(1.,-2.22044604925E-16,2.22044604925E-16));
#4722 = ORIENTED_EDGE('',*,*,#4723,.F.);
#4723 = EDGE_CURVE('',#3243,#4716,#4724,.T.);
#4724 = LINE('',#4725,#4726);
#4725 = CARTESIAN_POINT('',(-2.625,0.1,-5.828670879281E-16));
#4726 = VECTOR('',#4727,1.);
#4727 = DIRECTION('',(2.22044604925E-16,0.,-1.));
#4728 = PLANE('',#4729);
#4729 = AXIS2_PLACEMENT_3D('',#4730,#4731,#4732);
#4730 = CARTESIAN_POINT('',(-2.775,0.1,-6.16173778667E-16));
#4731 = DIRECTION('',(2.22044604925E-16,1.,2.465190328816E-32));
#4732 = DIRECTION('',(-1.,2.22044604925E-16,-2.22044604925E-16));
#4733 = ADVANCED_FACE('',(#4734),#4761,.T.);
#4734 = FACE_BOUND('',#4735,.F.);
#4735 = EDGE_LOOP('',(#4736,#4737,#4738,#4747,#4755));
#4736 = ORIENTED_EDGE('',*,*,#3272,.F.);
#4737 = ORIENTED_EDGE('',*,*,#4723,.T.);
#4738 = ORIENTED_EDGE('',*,*,#4739,.T.);
#4739 = EDGE_CURVE('',#4716,#4740,#4742,.T.);
#4740 = VERTEX_POINT('',#4741);
#4741 = CARTESIAN_POINT('',(-2.625,7.888304663564E-16,-0.75));
#4742 = CIRCLE('',#4743,0.1);
#4743 = AXIS2_PLACEMENT_3D('',#4744,#4745,#4746);
#4744 = CARTESIAN_POINT('',(-2.625,7.827072323606E-16,-0.65));
#4745 = DIRECTION('',(-1.,2.22044604925E-16,-2.22044604925E-16));
#4746 = DIRECTION('',(2.22044604925E-16,1.,2.22044604925E-16));
#4747 = ORIENTED_EDGE('',*,*,#4748,.T.);
#4748 = EDGE_CURVE('',#4740,#4749,#4751,.T.);
#4749 = VERTEX_POINT('',#4750);
#4750 = CARTESIAN_POINT('',(-2.625,-0.3,-0.75));
#4751 = LINE('',#4752,#4753);
#4752 = CARTESIAN_POINT('',(-2.625,0.1,-0.75));
#4753 = VECTOR('',#4754,1.);
#4754 = DIRECTION('',(-2.22044604925E-16,-1.,-2.465190328816E-32));
#4755 = ORIENTED_EDGE('',*,*,#4756,.F.);
#4756 = EDGE_CURVE('',#3273,#4749,#4757,.T.);
#4757 = LINE('',#4758,#4759);
#4758 = CARTESIAN_POINT('',(-2.625,-0.3,-5.828670879281E-16));
#4759 = VECTOR('',#4760,1.);
#4760 = DIRECTION('',(2.22044604925E-16,0.,-1.));
#4761 = PLANE('',#4762);
#4762 = AXIS2_PLACEMENT_3D('',#4763,#4764,#4765);
#4763 = CARTESIAN_POINT('',(-2.625,0.1,-5.828670879281E-16));
#4764 = DIRECTION('',(1.,-2.22044604925E-16,2.22044604925E-16));
#4765 = DIRECTION('',(2.22044604925E-16,1.,2.465190328816E-32));
#4766 = ADVANCED_FACE('',(#4767),#4794,.T.);
#4767 = FACE_BOUND('',#4768,.F.);
#4768 = EDGE_LOOP('',(#4769,#4770,#4771,#4779,#4788));
#4769 = ORIENTED_EDGE('',*,*,#3296,.F.);
#4770 = ORIENTED_EDGE('',*,*,#4756,.T.);
#4771 = ORIENTED_EDGE('',*,*,#4772,.T.);
#4772 = EDGE_CURVE('',#4749,#4773,#4775,.T.);
#4773 = VERTEX_POINT('',#4774);
#4774 = CARTESIAN_POINT('',(-2.625,-0.6,-0.75));
#4775 = LINE('',#4776,#4777);
#4776 = CARTESIAN_POINT('',(-2.625,-0.3,-0.75));
#4777 = VECTOR('',#4778,1.);
#4778 = DIRECTION('',(-2.22044604925E-16,-1.,-2.465190328816E-32));
#4779 = ORIENTED_EDGE('',*,*,#4780,.F.);
#4780 = EDGE_CURVE('',#4781,#4773,#4783,.T.);
#4781 = VERTEX_POINT('',#4782);
#4782 = CARTESIAN_POINT('',(-2.625,-0.7,-0.65));
#4783 = CIRCLE('',#4784,0.1);
#4784 = AXIS2_PLACEMENT_3D('',#4785,#4786,#4787);
#4785 = CARTESIAN_POINT('',(-2.625,-0.6,-0.65));
#4786 = DIRECTION('',(1.,-2.22044604925E-16,2.22044604925E-16));
#4787 = DIRECTION('',(-2.22044604925E-16,-1.,-2.22044604925E-16));
#4788 = ORIENTED_EDGE('',*,*,#4789,.F.);
#4789 = EDGE_CURVE('',#3297,#4781,#4790,.T.);
#4790 = LINE('',#4791,#4792);
#4791 = CARTESIAN_POINT('',(-2.625,-0.7,-5.828670879281E-16));
#4792 = VECTOR('',#4793,1.);
#4793 = DIRECTION('',(2.22044604925E-16,0.,-1.));
#4794 = PLANE('',#4795);
#4795 = AXIS2_PLACEMENT_3D('',#4796,#4797,#4798);
#4796 = CARTESIAN_POINT('',(-2.625,-0.3,-5.828670879281E-16));
#4797 = DIRECTION('',(1.,-2.22044604925E-16,2.22044604925E-16));
#4798 = DIRECTION('',(2.22044604925E-16,1.,2.465190328816E-32));
#4799 = ADVANCED_FACE('',(#4800),#4818,.T.);
#4800 = FACE_BOUND('',#4801,.F.);
#4801 = EDGE_LOOP('',(#4802,#4803,#4804,#4812));
#4802 = ORIENTED_EDGE('',*,*,#3320,.F.);
#4803 = ORIENTED_EDGE('',*,*,#4789,.T.);
#4804 = ORIENTED_EDGE('',*,*,#4805,.T.);
#4805 = EDGE_CURVE('',#4781,#4806,#4808,.T.);
#4806 = VERTEX_POINT('',#4807);
#4807 = CARTESIAN_POINT('',(-2.925,-0.7,-0.65));
#4808 = LINE('',#4809,#4810);
#4809 = CARTESIAN_POINT('',(-2.625,-0.7,-0.65));
#4810 = VECTOR('',#4811,1.);
#4811 = DIRECTION('',(-1.,2.22044604925E-16,-2.22044604925E-16));
#4812 = ORIENTED_EDGE('',*,*,#4813,.F.);
#4813 = EDGE_CURVE('',#3321,#4806,#4814,.T.);
#4814 = LINE('',#4815,#4816);
#4815 = CARTESIAN_POINT('',(-2.925,-0.7,-6.494804694056E-16));
#4816 = VECTOR('',#4817,1.);
#4817 = DIRECTION('',(2.22044604925E-16,0.,-1.));
#4818 = PLANE('',#4819);
#4819 = AXIS2_PLACEMENT_3D('',#4820,#4821,#4822);
#4820 = CARTESIAN_POINT('',(-2.625,-0.7,-5.828670879281E-16));
#4821 = DIRECTION('',(-2.22044604925E-16,-1.,-2.465190328816E-32));
#4822 = DIRECTION('',(1.,-2.22044604925E-16,2.22044604925E-16));
#4823 = ADVANCED_FACE('',(#4824),#4840,.T.);
#4824 = FACE_BOUND('',#4825,.T.);
#4825 = EDGE_LOOP('',(#4826,#4827,#4833,#4834));
#4826 = ORIENTED_EDGE('',*,*,#4450,.T.);
#4827 = ORIENTED_EDGE('',*,*,#4828,.T.);
#4828 = EDGE_CURVE('',#4453,#3348,#4829,.T.);
#4829 = LINE('',#4830,#4831);
#4830 = CARTESIAN_POINT('',(-2.45,-3.12,4.023299858331E-02));
#4831 = VECTOR('',#4832,1.);
#4832 = DIRECTION('',(3.030862958309E-16,0.497536000354,-0.867443328611)
  );
#4833 = ORIENTED_EDGE('',*,*,#3345,.F.);
#4834 = ORIENTED_EDGE('',*,*,#4835,.F.);
#4835 = EDGE_CURVE('',#4451,#3346,#4836,.T.);
#4836 = LINE('',#4837,#4838);
#4837 = CARTESIAN_POINT('',(-0.15,-3.12,4.023299858331E-02));
#4838 = VECTOR('',#4839,1.);
#4839 = DIRECTION('',(3.030862958309E-16,0.497536000354,-0.867443328611)
  );
#4840 = PLANE('',#4841);
#4841 = AXIS2_PLACEMENT_3D('',#4842,#4843,#4844);
#4842 = CARTESIAN_POINT('',(-5.E-02,-3.12,4.023299858331E-02));
#4843 = DIRECTION('',(-5.451713040308E-17,-0.867443328611,
    -0.497536000354));
#4844 = DIRECTION('',(3.030862958309E-16,0.497536000354,-0.867443328611)
  );
#4845 = ADVANCED_FACE('',(#4846),#4852,.T.);
#4846 = FACE_BOUND('',#4847,.T.);
#4847 = EDGE_LOOP('',(#4848,#4849,#4850,#4851));
#4848 = ORIENTED_EDGE('',*,*,#4477,.T.);
#4849 = ORIENTED_EDGE('',*,*,#4835,.T.);
#4850 = ORIENTED_EDGE('',*,*,#3355,.F.);
#4851 = ORIENTED_EDGE('',*,*,#4436,.F.);
#4852 = CYLINDRICAL_SURFACE('',#4853,0.1);
#4853 = AXIS2_PLACEMENT_3D('',#4854,#4855,#4856);
#4854 = CARTESIAN_POINT('',(-0.15,-3.033255667139,8.998659861871E-02));
#4855 = DIRECTION('',(3.030862958309E-16,0.497536000354,-0.867443328611)
  );
#4856 = DIRECTION('',(1.,-2.190735156899E-16,2.237487206937E-16));
#4857 = ADVANCED_FACE('',(#4858),#4864,.T.);
#4858 = FACE_BOUND('',#4859,.T.);
#4859 = EDGE_LOOP('',(#4860,#4861,#4862,#4863));
#4860 = ORIENTED_EDGE('',*,*,#4460,.T.);
#4861 = ORIENTED_EDGE('',*,*,#4496,.T.);
#4862 = ORIENTED_EDGE('',*,*,#3379,.F.);
#4863 = ORIENTED_EDGE('',*,*,#4828,.F.);
#4864 = CYLINDRICAL_SURFACE('',#4865,0.1);
#4865 = AXIS2_PLACEMENT_3D('',#4866,#4867,#4868);
#4866 = CARTESIAN_POINT('',(-2.45,-3.033255667139,8.998659861871E-02));
#4867 = DIRECTION('',(3.030862958309E-16,0.497536000354,-0.867443328611)
  );
#4868 = DIRECTION('',(-5.451713040308E-17,-0.867443328611,
    -0.497536000354));
#4869 = ADVANCED_FACE('',(#4870),#4881,.T.);
#4870 = FACE_BOUND('',#4871,.F.);
#4871 = EDGE_LOOP('',(#4872,#4873,#4879,#4880));
#4872 = ORIENTED_EDGE('',*,*,#4365,.T.);
#4873 = ORIENTED_EDGE('',*,*,#4874,.T.);
#4874 = EDGE_CURVE('',#4368,#3421,#4875,.T.);
#4875 = LINE('',#4876,#4877);
#4876 = CARTESIAN_POINT('',(0.15,-3.12,4.023299858331E-02));
#4877 = VECTOR('',#4878,1.);
#4878 = DIRECTION('',(0.,0.497536000354,-0.867443328611));
#4879 = ORIENTED_EDGE('',*,*,#3428,.F.);
#4880 = ORIENTED_EDGE('',*,*,#4410,.F.);
#4881 = CYLINDRICAL_SURFACE('',#4882,0.1);
#4882 = AXIS2_PLACEMENT_3D('',#4883,#4884,#4885);
#4883 = CARTESIAN_POINT('',(0.15,-3.033255667139,8.998659861871E-02));
#4884 = DIRECTION('',(0.,0.497536000354,-0.867443328611));
#4885 = DIRECTION('',(-1.,2.971089235115E-18,1.704115768693E-18));
#4886 = ADVANCED_FACE('',(#4887),#4898,.T.);
#4887 = FACE_BOUND('',#4888,.F.);
#4888 = EDGE_LOOP('',(#4889,#4890,#4891,#4897));
#4889 = ORIENTED_EDGE('',*,*,#4874,.F.);
#4890 = ORIENTED_EDGE('',*,*,#4376,.T.);
#4891 = ORIENTED_EDGE('',*,*,#4892,.T.);
#4892 = EDGE_CURVE('',#4377,#3412,#4893,.T.);
#4893 = LINE('',#4894,#4895);
#4894 = CARTESIAN_POINT('',(2.45,-3.12,4.023299858331E-02));
#4895 = VECTOR('',#4896,1.);
#4896 = DIRECTION('',(0.,0.497536000354,-0.867443328611));
#4897 = ORIENTED_EDGE('',*,*,#3420,.F.);
#4898 = PLANE('',#4899);
#4899 = AXIS2_PLACEMENT_3D('',#4900,#4901,#4902);
#4900 = CARTESIAN_POINT('',(5.E-02,-3.12,4.023299858331E-02));
#4901 = DIRECTION('',(-2.761879615864E-17,-0.867443328611,
    -0.497536000354));
#4902 = DIRECTION('',(0.,-0.497536000354,0.867443328611));
#4903 = ADVANCED_FACE('',(#4904),#4910,.T.);
#4904 = FACE_BOUND('',#4905,.F.);
#4905 = EDGE_LOOP('',(#4906,#4907,#4908,#4909));
#4906 = ORIENTED_EDGE('',*,*,#4384,.T.);
#4907 = ORIENTED_EDGE('',*,*,#4350,.T.);
#4908 = ORIENTED_EDGE('',*,*,#3411,.F.);
#4909 = ORIENTED_EDGE('',*,*,#4892,.F.);
#4910 = CYLINDRICAL_SURFACE('',#4911,0.1);
#4911 = AXIS2_PLACEMENT_3D('',#4912,#4913,#4914);
#4912 = CARTESIAN_POINT('',(2.45,-3.033255667139,8.998659861871E-02));
#4913 = DIRECTION('',(0.,0.497536000354,-0.867443328611));
#4914 = DIRECTION('',(-2.761879615864E-17,-0.867443328611,
    -0.497536000354));
#4915 = ADVANCED_FACE('',(#4916),#4941,.T.);
#4916 = FACE_BOUND('',#4917,.T.);
#4917 = EDGE_LOOP('',(#4918,#4926,#4934,#4940));
#4918 = ORIENTED_EDGE('',*,*,#4919,.T.);
#4919 = EDGE_CURVE('',#3444,#4920,#4922,.T.);
#4920 = VERTEX_POINT('',#4921);
#4921 = CARTESIAN_POINT('',(2.625,-0.7,-0.65));
#4922 = LINE('',#4923,#4924);
#4923 = CARTESIAN_POINT('',(2.625,-0.7,2.317278909087E-31));
#4924 = VECTOR('',#4925,1.);
#4925 = DIRECTION('',(0.,-3.451266460342E-31,-1.));
#4926 = ORIENTED_EDGE('',*,*,#4927,.T.);
#4927 = EDGE_CURVE('',#4920,#4928,#4930,.T.);
#4928 = VERTEX_POINT('',#4929);
#4929 = CARTESIAN_POINT('',(2.925,-0.7,-0.65));
#4930 = LINE('',#4931,#4932);
#4931 = CARTESIAN_POINT('',(2.625,-0.7,-0.65));
#4932 = VECTOR('',#4933,1.);
#4933 = DIRECTION('',(1.,0.,0.));
#4934 = ORIENTED_EDGE('',*,*,#4935,.F.);
#4935 = EDGE_CURVE('',#3446,#4928,#4936,.T.);
#4936 = LINE('',#4937,#4938);
#4937 = CARTESIAN_POINT('',(2.925,-0.7,2.317278909087E-31));
#4938 = VECTOR('',#4939,1.);
#4939 = DIRECTION('',(0.,-3.451266460342E-31,-1.));
#4940 = ORIENTED_EDGE('',*,*,#3443,.F.);
#4941 = PLANE('',#4942);
#4942 = AXIS2_PLACEMENT_3D('',#4943,#4944,#4945);
#4943 = CARTESIAN_POINT('',(2.625,-0.7,2.317278909087E-31));
#4944 = DIRECTION('',(0.,-1.,3.451266460342E-31));
#4945 = DIRECTION('',(1.,0.,0.));
#4946 = ADVANCED_FACE('',(#4947),#4974,.T.);
#4947 = FACE_BOUND('',#4948,.T.);
#4948 = EDGE_LOOP('',(#4949,#4950,#4951,#4959,#4967));
#4949 = ORIENTED_EDGE('',*,*,#4919,.F.);
#4950 = ORIENTED_EDGE('',*,*,#3475,.F.);
#4951 = ORIENTED_EDGE('',*,*,#4952,.T.);
#4952 = EDGE_CURVE('',#3476,#4953,#4955,.T.);
#4953 = VERTEX_POINT('',#4954);
#4954 = CARTESIAN_POINT('',(2.625,-0.3,-0.75));
#4955 = LINE('',#4956,#4957);
#4956 = CARTESIAN_POINT('',(2.625,-0.3,1.010728034814E-31));
#4957 = VECTOR('',#4958,1.);
#4958 = DIRECTION('',(0.,-3.451266460342E-31,-1.));
#4959 = ORIENTED_EDGE('',*,*,#4960,.T.);
#4960 = EDGE_CURVE('',#4953,#4961,#4963,.T.);
#4961 = VERTEX_POINT('',#4962);
#4962 = CARTESIAN_POINT('',(2.625,-0.6,-0.75));
#4963 = LINE('',#4964,#4965);
#4964 = CARTESIAN_POINT('',(2.625,-0.3,-0.75));
#4965 = VECTOR('',#4966,1.);
#4966 = DIRECTION('',(0.,-1.,3.451266460342E-31));
#4967 = ORIENTED_EDGE('',*,*,#4968,.F.);
#4968 = EDGE_CURVE('',#4920,#4961,#4969,.T.);
#4969 = CIRCLE('',#4970,0.1);
#4970 = AXIS2_PLACEMENT_3D('',#4971,#4972,#4973);
#4971 = CARTESIAN_POINT('',(2.625,-0.6,-0.65));
#4972 = DIRECTION('',(1.,0.,0.));
#4973 = DIRECTION('',(0.,-1.,-2.22044604925E-16));
#4974 = PLANE('',#4975);
#4975 = AXIS2_PLACEMENT_3D('',#4976,#4977,#4978);
#4976 = CARTESIAN_POINT('',(2.625,-0.3,1.010728034814E-31));
#4977 = DIRECTION('',(-1.,0.,0.));
#4978 = DIRECTION('',(0.,-1.,3.451266460342E-31));
#4979 = ADVANCED_FACE('',(#4980),#5007,.T.);
#4980 = FACE_BOUND('',#4981,.T.);
#4981 = EDGE_LOOP('',(#4982,#4990,#4999,#5005,#5006));
#4982 = ORIENTED_EDGE('',*,*,#4983,.T.);
#4983 = EDGE_CURVE('',#3500,#4984,#4986,.T.);
#4984 = VERTEX_POINT('',#4985);
#4985 = CARTESIAN_POINT('',(2.625,0.1,-0.65));
#4986 = LINE('',#4987,#4988);
#4987 = CARTESIAN_POINT('',(2.625,0.1,-3.574525976783E-32));
#4988 = VECTOR('',#4989,1.);
#4989 = DIRECTION('',(0.,-3.451266460342E-31,-1.));
#4990 = ORIENTED_EDGE('',*,*,#4991,.T.);
#4991 = EDGE_CURVE('',#4984,#4992,#4994,.T.);
#4992 = VERTEX_POINT('',#4993);
#4993 = CARTESIAN_POINT('',(2.625,2.059633784283E-16,-0.75));
#4994 = CIRCLE('',#4995,0.1);
#4995 = AXIS2_PLACEMENT_3D('',#4996,#4997,#4998);
#4996 = CARTESIAN_POINT('',(2.625,1.998401444325E-16,-0.65));
#4997 = DIRECTION('',(-1.,0.,0.));
#4998 = DIRECTION('',(0.,1.,2.22044604925E-16));
#4999 = ORIENTED_EDGE('',*,*,#5000,.T.);
#5000 = EDGE_CURVE('',#4992,#4953,#5001,.T.);
#5001 = LINE('',#5002,#5003);
#5002 = CARTESIAN_POINT('',(2.625,0.1,-0.75));
#5003 = VECTOR('',#5004,1.);
#5004 = DIRECTION('',(0.,-1.,3.451266460342E-31));
#5005 = ORIENTED_EDGE('',*,*,#4952,.F.);
#5006 = ORIENTED_EDGE('',*,*,#3499,.F.);
#5007 = PLANE('',#5008);
#5008 = AXIS2_PLACEMENT_3D('',#5009,#5010,#5011);
#5009 = CARTESIAN_POINT('',(2.625,0.1,-3.574525976783E-32));
#5010 = DIRECTION('',(-1.,0.,0.));
#5011 = DIRECTION('',(0.,-1.,3.451266460342E-31));
#5012 = ADVANCED_FACE('',(#5013),#5031,.T.);
#5013 = FACE_BOUND('',#5014,.T.);
#5014 = EDGE_LOOP('',(#5015,#5023,#5029,#5030));
#5015 = ORIENTED_EDGE('',*,*,#5016,.T.);
#5016 = EDGE_CURVE('',#3524,#5017,#5019,.T.);
#5017 = VERTEX_POINT('',#5018);
#5018 = CARTESIAN_POINT('',(2.775,0.1,-0.65));
#5019 = LINE('',#5020,#5021);
#5020 = CARTESIAN_POINT('',(2.775,0.1,-3.574525976783E-32));
#5021 = VECTOR('',#5022,1.);
#5022 = DIRECTION('',(0.,-3.451266460342E-31,-1.));
#5023 = ORIENTED_EDGE('',*,*,#5024,.T.);
#5024 = EDGE_CURVE('',#5017,#4984,#5025,.T.);
#5025 = LINE('',#5026,#5027);
#5026 = CARTESIAN_POINT('',(2.775,0.1,-0.65));
#5027 = VECTOR('',#5028,1.);
#5028 = DIRECTION('',(-1.,0.,0.));
#5029 = ORIENTED_EDGE('',*,*,#4983,.F.);
#5030 = ORIENTED_EDGE('',*,*,#3523,.F.);
#5031 = PLANE('',#5032);
#5032 = AXIS2_PLACEMENT_3D('',#5033,#5034,#5035);
#5033 = CARTESIAN_POINT('',(2.775,0.1,-3.574525976783E-32));
#5034 = DIRECTION('',(0.,1.,-3.451266460342E-31));
#5035 = DIRECTION('',(-1.,0.,0.));
#5036 = ADVANCED_FACE('',(#5037),#5071,.F.);
#5037 = FACE_BOUND('',#5038,.F.);
#5038 = EDGE_LOOP('',(#5039,#5040,#5046,#5047,#5056,#5064));
#5039 = ORIENTED_EDGE('',*,*,#3548,.T.);
#5040 = ORIENTED_EDGE('',*,*,#5041,.T.);
#5041 = EDGE_CURVE('',#3551,#3622,#5042,.T.);
#5042 = LINE('',#5043,#5044);
#5043 = CARTESIAN_POINT('',(2.765684,1.7,-4.163336342345E-18));
#5044 = VECTOR('',#5045,1.);
#5045 = DIRECTION('',(0.,-1.,4.437342591868E-31));
#5046 = ORIENTED_EDGE('',*,*,#3621,.T.);
#5047 = ORIENTED_EDGE('',*,*,#5048,.T.);
#5048 = EDGE_CURVE('',#3624,#5049,#5051,.T.);
#5049 = VERTEX_POINT('',#5050);
#5050 = CARTESIAN_POINT('',(3.795042,1.35,-5.916456789158E-31));
#5051 = CIRCLE('',#5052,0.1);
#5052 = AXIS2_PLACEMENT_3D('',#5053,#5054,#5055);
#5053 = CARTESIAN_POINT('',(3.695042,1.35,-5.965760595734E-31));
#5054 = DIRECTION('',(-0.,4.437342591868E-31,1.));
#5055 = DIRECTION('',(0.,-1.,4.437342591868E-31));
#5056 = ORIENTED_EDGE('',*,*,#5057,.T.);
#5057 = EDGE_CURVE('',#5049,#5058,#5060,.T.);
#5058 = VERTEX_POINT('',#5059);
#5059 = CARTESIAN_POINT('',(3.795042,1.6,-6.902532920684E-31));
#5060 = LINE('',#5061,#5062);
#5061 = CARTESIAN_POINT('',(3.795042,1.25,-5.423418723394E-31));
#5062 = VECTOR('',#5063,1.);
#5063 = DIRECTION('',(0.,1.,-4.437342591868E-31));
#5064 = ORIENTED_EDGE('',*,*,#5065,.F.);
#5065 = EDGE_CURVE('',#3549,#5058,#5066,.T.);
#5066 = CIRCLE('',#5067,0.1);
#5067 = AXIS2_PLACEMENT_3D('',#5068,#5069,#5070);
#5068 = CARTESIAN_POINT('',(3.695042,1.6,-7.198355760142E-31));
#5069 = DIRECTION('',(-0.,-4.437342591868E-31,-1.));
#5070 = DIRECTION('',(0.,-1.,4.437342591868E-31));
#5071 = PLANE('',#5072);
#5072 = AXIS2_PLACEMENT_3D('',#5073,#5074,#5075);
#5073 = CARTESIAN_POINT('',(3.255363,1.475,-6.409494854921E-31));
#5074 = DIRECTION('',(0.,4.437342591868E-31,1.));
#5075 = DIRECTION('',(1.,0.,0.));
#5076 = ADVANCED_FACE('',(#5077),#5083,.T.);
#5077 = FACE_BOUND('',#5078,.F.);
#5078 = EDGE_LOOP('',(#5079,#5080,#5081,#5082));
#5079 = ORIENTED_EDGE('',*,*,#3582,.T.);
#5080 = ORIENTED_EDGE('',*,*,#3605,.T.);
#5081 = ORIENTED_EDGE('',*,*,#3631,.F.);
#5082 = ORIENTED_EDGE('',*,*,#5041,.F.);
#5083 = CYLINDRICAL_SURFACE('',#5084,5.E-02);
#5084 = AXIS2_PLACEMENT_3D('',#5085,#5086,#5087);
#5085 = CARTESIAN_POINT('',(2.765684,1.7,5.E-02));
#5086 = DIRECTION('',(0.,-1.,4.437342591868E-31));
#5087 = DIRECTION('',(0.,-4.437342591868E-31,-1.));
#5088 = ADVANCED_FACE('',(#5089),#5100,.T.);
#5089 = FACE_BOUND('',#5090,.F.);
#5090 = EDGE_LOOP('',(#5091,#5092,#5098,#5099));
#5091 = ORIENTED_EDGE('',*,*,#5065,.T.);
#5092 = ORIENTED_EDGE('',*,*,#5093,.T.);
#5093 = EDGE_CURVE('',#5058,#3707,#5094,.T.);
#5094 = LINE('',#5095,#5096);
#5095 = CARTESIAN_POINT('',(3.795042,1.6,-7.198355760142E-31));
#5096 = VECTOR('',#5097,1.);
#5097 = DIRECTION('',(0.,4.437342591868E-31,1.));
#5098 = ORIENTED_EDGE('',*,*,#3714,.F.);
#5099 = ORIENTED_EDGE('',*,*,#3558,.F.);
#5100 = CYLINDRICAL_SURFACE('',#5101,0.1);
#5101 = AXIS2_PLACEMENT_3D('',#5102,#5103,#5104);
#5102 = CARTESIAN_POINT('',(3.695042,1.6,-7.198355760142E-31));
#5103 = DIRECTION('',(0.,4.437342591868E-31,1.));
#5104 = DIRECTION('',(0.,1.,-4.437342591868E-31));
#5105 = ADVANCED_FACE('',(#5106),#5117,.T.);
#5106 = FACE_BOUND('',#5107,.T.);
#5107 = EDGE_LOOP('',(#5108,#5109,#5115,#5116));
#5108 = ORIENTED_EDGE('',*,*,#5048,.T.);
#5109 = ORIENTED_EDGE('',*,*,#5110,.T.);
#5110 = EDGE_CURVE('',#5049,#3705,#5111,.T.);
#5111 = LINE('',#5112,#5113);
#5112 = CARTESIAN_POINT('',(3.795042,1.35,-5.965760595734E-31));
#5113 = VECTOR('',#5114,1.);
#5114 = DIRECTION('',(0.,4.437342591868E-31,1.));
#5115 = ORIENTED_EDGE('',*,*,#3724,.F.);
#5116 = ORIENTED_EDGE('',*,*,#3649,.F.);
#5117 = CYLINDRICAL_SURFACE('',#5118,0.1);
#5118 = AXIS2_PLACEMENT_3D('',#5119,#5120,#5121);
#5119 = CARTESIAN_POINT('',(3.695042,1.35,-5.965760595734E-31));
#5120 = DIRECTION('',(0.,4.437342591868E-31,1.));
#5121 = DIRECTION('',(0.,-1.,4.437342591868E-31));
#5122 = ADVANCED_FACE('',(#5123),#5159,.T.);
#5123 = FACE_BOUND('',#5124,.T.);
#5124 = EDGE_LOOP('',(#5125,#5126,#5135,#5143,#5152,#5158));
#5125 = ORIENTED_EDGE('',*,*,#4935,.T.);
#5126 = ORIENTED_EDGE('',*,*,#5127,.T.);
#5127 = EDGE_CURVE('',#4928,#5128,#5130,.T.);
#5128 = VERTEX_POINT('',#5129);
#5129 = CARTESIAN_POINT('',(2.925,-0.6,-0.75));
#5130 = CIRCLE('',#5131,0.1);
#5131 = AXIS2_PLACEMENT_3D('',#5132,#5133,#5134);
#5132 = CARTESIAN_POINT('',(2.925,-0.6,-0.65));
#5133 = DIRECTION('',(1.,0.,0.));
#5134 = DIRECTION('',(0.,-1.,-2.22044604925E-16));
#5135 = ORIENTED_EDGE('',*,*,#5136,.T.);
#5136 = EDGE_CURVE('',#5128,#5137,#5139,.T.);
#5137 = VERTEX_POINT('',#5138);
#5138 = CARTESIAN_POINT('',(2.925,2.059633784283E-16,-0.75));
#5139 = LINE('',#5140,#5141);
#5140 = CARTESIAN_POINT('',(2.925,-0.7,-0.75));
#5141 = VECTOR('',#5142,1.);
#5142 = DIRECTION('',(0.,1.,-3.451266460342E-31));
#5143 = ORIENTED_EDGE('',*,*,#5144,.F.);
#5144 = EDGE_CURVE('',#5145,#5137,#5147,.T.);
#5145 = VERTEX_POINT('',#5146);
#5146 = CARTESIAN_POINT('',(2.925,0.1,-0.65));
#5147 = CIRCLE('',#5148,0.1);
#5148 = AXIS2_PLACEMENT_3D('',#5149,#5150,#5151);
#5149 = CARTESIAN_POINT('',(2.925,1.998401444325E-16,-0.65));
#5150 = DIRECTION('',(-1.,0.,0.));
#5151 = DIRECTION('',(0.,1.,2.22044604925E-16));
#5152 = ORIENTED_EDGE('',*,*,#5153,.F.);
#5153 = EDGE_CURVE('',#3664,#5145,#5154,.T.);
#5154 = LINE('',#5155,#5156);
#5155 = CARTESIAN_POINT('',(2.925,0.1,-3.574525976783E-32));
#5156 = VECTOR('',#5157,1.);
#5157 = DIRECTION('',(0.,-3.451266460342E-31,-1.));
#5158 = ORIENTED_EDGE('',*,*,#3663,.F.);
#5159 = PLANE('',#5160);
#5160 = AXIS2_PLACEMENT_3D('',#5161,#5162,#5163);
#5161 = CARTESIAN_POINT('',(2.925,-0.7,2.317278909087E-31));
#5162 = DIRECTION('',(1.,0.,0.));
#5163 = DIRECTION('',(0.,1.,-3.451266460342E-31));
#5164 = ADVANCED_FACE('',(#5165),#5176,.T.);
#5165 = FACE_BOUND('',#5166,.T.);
#5166 = EDGE_LOOP('',(#5167,#5168,#5174,#5175));
#5167 = ORIENTED_EDGE('',*,*,#5153,.T.);
#5168 = ORIENTED_EDGE('',*,*,#5169,.T.);
#5169 = EDGE_CURVE('',#5145,#5017,#5170,.T.);
#5170 = LINE('',#5171,#5172);
#5171 = CARTESIAN_POINT('',(2.925,0.1,-0.65));
#5172 = VECTOR('',#5173,1.);
#5173 = DIRECTION('',(-1.,0.,0.));
#5174 = ORIENTED_EDGE('',*,*,#5016,.F.);
#5175 = ORIENTED_EDGE('',*,*,#3687,.F.);
#5176 = PLANE('',#5177);
#5177 = AXIS2_PLACEMENT_3D('',#5178,#5179,#5180);
#5178 = CARTESIAN_POINT('',(2.925,0.1,-3.574525976783E-32));
#5179 = DIRECTION('',(0.,1.,-3.451266460342E-31));
#5180 = DIRECTION('',(-1.,0.,0.));
#5181 = ADVANCED_FACE('',(#5182),#5188,.F.);
#5182 = FACE_BOUND('',#5183,.F.);
#5183 = EDGE_LOOP('',(#5184,#5185,#5186,#5187));
#5184 = ORIENTED_EDGE('',*,*,#5057,.F.);
#5185 = ORIENTED_EDGE('',*,*,#5110,.T.);
#5186 = ORIENTED_EDGE('',*,*,#3704,.T.);
#5187 = ORIENTED_EDGE('',*,*,#5093,.F.);
#5188 = PLANE('',#5189);
#5189 = AXIS2_PLACEMENT_3D('',#5190,#5191,#5192);
#5190 = CARTESIAN_POINT('',(3.795042,1.25,-5.423418723394E-31));
#5191 = DIRECTION('',(-1.,0.,0.));
#5192 = DIRECTION('',(0.,1.,-4.437342591868E-31));
#5193 = ADVANCED_FACE('',(#5194),#5205,.T.);
#5194 = FACE_BOUND('',#5195,.T.);
#5195 = EDGE_LOOP('',(#5196,#5197,#5203,#5204));
#5196 = ORIENTED_EDGE('',*,*,#3773,.T.);
#5197 = ORIENTED_EDGE('',*,*,#5198,.T.);
#5198 = EDGE_CURVE('',#3766,#4300,#5199,.T.);
#5199 = LINE('',#5200,#5201);
#5200 = CARTESIAN_POINT('',(4.02,-2.970739199894,1.25));
#5201 = VECTOR('',#5202,1.);
#5202 = DIRECTION('',(-0.867443328611,-0.497536000354,
    -1.926111111963E-16));
#5203 = ORIENTED_EDGE('',*,*,#4307,.F.);
#5204 = ORIENTED_EDGE('',*,*,#4324,.F.);
#5205 = CYLINDRICAL_SURFACE('',#5206,0.1);
#5206 = AXIS2_PLACEMENT_3D('',#5207,#5208,#5209);
#5207 = CARTESIAN_POINT('',(3.970246399965,-2.883994867033,1.25));
#5208 = DIRECTION('',(-0.867443328611,-0.497536000354,
    -1.926111111963E-16));
#5209 = DIRECTION('',(2.22044604925E-16,0.,-1.));
#5210 = ADVANCED_FACE('',(#5211),#5222,.F.);
#5211 = FACE_BOUND('',#5212,.T.);
#5212 = EDGE_LOOP('',(#5213,#5214,#5215,#5221));
#5213 = ORIENTED_EDGE('',*,*,#5198,.F.);
#5214 = ORIENTED_EDGE('',*,*,#3765,.T.);
#5215 = ORIENTED_EDGE('',*,*,#5216,.T.);
#5216 = EDGE_CURVE('',#3757,#4291,#5217,.T.);
#5217 = LINE('',#5218,#5219);
#5218 = CARTESIAN_POINT('',(4.02,-2.970739199894,1.85));
#5219 = VECTOR('',#5220,1.);
#5220 = DIRECTION('',(-0.867443328611,-0.497536000354,
    -1.926111111963E-16));
#5221 = ORIENTED_EDGE('',*,*,#4299,.F.);
#5222 = PLANE('',#5223);
#5223 = AXIS2_PLACEMENT_3D('',#5224,#5225,#5226);
#5224 = CARTESIAN_POINT('',(4.02,-2.970739199894,1.15));
#5225 = DIRECTION('',(-0.497536000354,0.867443328611,-1.104751846346E-16
    ));
#5226 = DIRECTION('',(0.867443328611,0.497536000354,1.926111111963E-16)
  );
#5227 = ADVANCED_FACE('',(#5228),#5234,.T.);
#5228 = FACE_BOUND('',#5229,.F.);
#5229 = EDGE_LOOP('',(#5230,#5231,#5232,#5233));
#5230 = ORIENTED_EDGE('',*,*,#3756,.T.);
#5231 = ORIENTED_EDGE('',*,*,#5216,.T.);
#5232 = ORIENTED_EDGE('',*,*,#4290,.F.);
#5233 = ORIENTED_EDGE('',*,*,#4151,.F.);
#5234 = CYLINDRICAL_SURFACE('',#5235,0.1);
#5235 = AXIS2_PLACEMENT_3D('',#5236,#5237,#5238);
#5236 = CARTESIAN_POINT('',(3.970246399965,-2.883994867033,1.85));
#5237 = DIRECTION('',(-0.867443328611,-0.497536000354,
    -1.926111111963E-16));
#5238 = DIRECTION('',(-2.22044604925E-16,0.,1.));
#5239 = ADVANCED_FACE('',(#5240),#5269,.T.);
#5240 = FACE_BOUND('',#5241,.F.);
#5241 = EDGE_LOOP('',(#5242,#5251,#5259,#5266,#5267,#5268));
#5242 = ORIENTED_EDGE('',*,*,#5243,.T.);
#5243 = EDGE_CURVE('',#4619,#5244,#5246,.T.);
#5244 = VERTEX_POINT('',#5245);
#5245 = CARTESIAN_POINT('',(-3.795042,1.35,0.3));
#5246 = CIRCLE('',#5247,0.1);
#5247 = AXIS2_PLACEMENT_3D('',#5248,#5249,#5250);
#5248 = CARTESIAN_POINT('',(-3.695042,1.35,0.3));
#5249 = DIRECTION('',(2.22044604925E-16,-1.479114197289E-31,-1.));
#5250 = DIRECTION('',(-2.22044604925E-16,-1.,9.860761315263E-32));
#5251 = ORIENTED_EDGE('',*,*,#5252,.T.);
#5252 = EDGE_CURVE('',#5244,#5253,#5255,.T.);
#5253 = VERTEX_POINT('',#5254);
#5254 = CARTESIAN_POINT('',(-3.795042,1.6,0.3));
#5255 = LINE('',#5256,#5257);
#5256 = CARTESIAN_POINT('',(-3.795042,1.25,0.3));
#5257 = VECTOR('',#5258,1.);
#5258 = DIRECTION('',(2.22044604925E-16,1.,2.465190328816E-32));
#5259 = ORIENTED_EDGE('',*,*,#5260,.F.);
#5260 = EDGE_CURVE('',#4675,#5253,#5261,.T.);
#5261 = CIRCLE('',#5262,0.1);
#5262 = AXIS2_PLACEMENT_3D('',#5263,#5264,#5265);
#5263 = CARTESIAN_POINT('',(-3.695042,1.6,0.3));
#5264 = DIRECTION('',(-2.22044604925E-16,1.479114197289E-31,1.));
#5265 = DIRECTION('',(-2.22044604925E-16,-1.,9.860761315263E-32));
#5266 = ORIENTED_EDGE('',*,*,#4682,.T.);
#5267 = ORIENTED_EDGE('',*,*,#3895,.T.);
#5268 = ORIENTED_EDGE('',*,*,#4618,.T.);
#5269 = PLANE('',#5270);
#5270 = AXIS2_PLACEMENT_3D('',#5271,#5272,#5273);
#5271 = CARTESIAN_POINT('',(-3.255363,1.475,0.3));
#5272 = DIRECTION('',(-2.22044604925E-16,2.465190328816E-32,1.));
#5273 = DIRECTION('',(1.,-2.22044604925E-16,2.22044604925E-16));
#5274 = ADVANCED_FACE('',(#5275),#5286,.T.);
#5275 = FACE_BOUND('',#5276,.F.);
#5276 = EDGE_LOOP('',(#5277,#5283,#5284,#5285));
#5277 = ORIENTED_EDGE('',*,*,#5278,.T.);
#5278 = EDGE_CURVE('',#4527,#4009,#5279,.T.);
#5279 = LINE('',#5280,#5281);
#5280 = CARTESIAN_POINT('',(-3.489767001417,-2.649260800106,1.15));
#5281 = VECTOR('',#5282,1.);
#5282 = DIRECTION('',(0.,1.972152263053E-31,1.));
#5283 = ORIENTED_EDGE('',*,*,#4016,.T.);
#5284 = ORIENTED_EDGE('',*,*,#3956,.F.);
#5285 = ORIENTED_EDGE('',*,*,#4534,.F.);
#5286 = CYLINDRICAL_SURFACE('',#5287,0.3);
#5287 = AXIS2_PLACEMENT_3D('',#5288,#5289,#5290);
#5288 = CARTESIAN_POINT('',(-3.75,-2.5,1.15));
#5289 = DIRECTION('',(0.,-1.972152263053E-31,-1.));
#5290 = DIRECTION('',(1.,0.,0.));
#5291 = ADVANCED_FACE('',(#5292),#5321,.F.);
#5292 = FACE_BOUND('',#5293,.F.);
#5293 = EDGE_LOOP('',(#5294,#5304,#5311,#5312,#5313,#5314));
#5294 = ORIENTED_EDGE('',*,*,#5295,.F.);
#5295 = EDGE_CURVE('',#5296,#5298,#5300,.T.);
#5296 = VERTEX_POINT('',#5297);
#5297 = CARTESIAN_POINT('',(-4.02,-2.970739199894,1.25));
#5298 = VERTEX_POINT('',#5299);
#5299 = CARTESIAN_POINT('',(-4.02,-2.970739199894,1.85));
#5300 = LINE('',#5301,#5302);
#5301 = CARTESIAN_POINT('',(-4.02,-2.970739199894,1.15));
#5302 = VECTOR('',#5303,1.);
#5303 = DIRECTION('',(0.,1.972152263053E-31,1.));
#5304 = ORIENTED_EDGE('',*,*,#5305,.F.);
#5305 = EDGE_CURVE('',#4511,#5296,#5306,.T.);
#5306 = CIRCLE('',#5307,0.1);
#5307 = AXIS2_PLACEMENT_3D('',#5308,#5309,#5310);
#5308 = CARTESIAN_POINT('',(-3.970246399965,-2.883994867033,1.25));
#5309 = DIRECTION('',(-0.867443328611,0.497536000354,-1.109335647967E-31
    ));
#5310 = DIRECTION('',(-0.497536000354,-0.867443328611,
    -1.926111111963E-16));
#5311 = ORIENTED_EDGE('',*,*,#4510,.F.);
#5312 = ORIENTED_EDGE('',*,*,#3975,.T.);
#5313 = ORIENTED_EDGE('',*,*,#3992,.T.);
#5314 = ORIENTED_EDGE('',*,*,#5315,.T.);
#5315 = EDGE_CURVE('',#3993,#5298,#5316,.T.);
#5316 = CIRCLE('',#5317,0.1);
#5317 = AXIS2_PLACEMENT_3D('',#5318,#5319,#5320);
#5318 = CARTESIAN_POINT('',(-3.970246399965,-2.883994867033,1.85));
#5319 = DIRECTION('',(0.867443328611,-0.497536000354,1.109335647967E-31)
  );
#5320 = DIRECTION('',(-0.497536000354,-0.867443328611,
    -1.926111111963E-16));
#5321 = PLANE('',#5322);
#5322 = AXIS2_PLACEMENT_3D('',#5323,#5324,#5325);
#5323 = CARTESIAN_POINT('',(-3.75,-2.5,1.15));
#5324 = DIRECTION('',(0.867443328611,-0.497536000354,9.824315946677E-32)
  );
#5325 = DIRECTION('',(-0.497536000354,-0.867443328611,1.776085808456E-31
    ));
#5326 = ADVANCED_FACE('',(#5327),#5346,.T.);
#5327 = FACE_BOUND('',#5328,.T.);
#5328 = EDGE_LOOP('',(#5329,#5330,#5338,#5345));
#5329 = ORIENTED_EDGE('',*,*,#5315,.T.);
#5330 = ORIENTED_EDGE('',*,*,#5331,.T.);
#5331 = EDGE_CURVE('',#5298,#5332,#5334,.T.);
#5332 = VERTEX_POINT('',#5333);
#5333 = CARTESIAN_POINT('',(-3.759767001417,-3.12,1.85));
#5334 = LINE('',#5335,#5336);
#5335 = CARTESIAN_POINT('',(-4.02,-2.970739199894,1.85));
#5336 = VECTOR('',#5337,1.);
#5337 = DIRECTION('',(0.867443328611,-0.497536000354,9.824315946677E-32)
  );
#5338 = ORIENTED_EDGE('',*,*,#5339,.F.);
#5339 = EDGE_CURVE('',#4001,#5332,#5340,.T.);
#5340 = CIRCLE('',#5341,0.1);
#5341 = AXIS2_PLACEMENT_3D('',#5342,#5343,#5344);
#5342 = CARTESIAN_POINT('',(-3.710013401381,-3.033255667139,1.85));
#5343 = DIRECTION('',(0.867443328611,-0.497536000354,1.109335647967E-31)
  );
#5344 = DIRECTION('',(-0.497536000354,-0.867443328611,
    -1.926111111963E-16));
#5345 = ORIENTED_EDGE('',*,*,#4000,.F.);
#5346 = CYLINDRICAL_SURFACE('',#5347,0.1);
#5347 = AXIS2_PLACEMENT_3D('',#5348,#5349,#5350);
#5348 = CARTESIAN_POINT('',(-3.970246399965,-2.883994867033,1.85));
#5349 = DIRECTION('',(0.867443328611,-0.497536000354,9.824315946677E-32)
  );
#5350 = DIRECTION('',(0.,1.972152263053E-31,1.));
#5351 = ADVANCED_FACE('',(#5352),#5373,.T.);
#5352 = FACE_BOUND('',#5353,.T.);
#5353 = EDGE_LOOP('',(#5354,#5362,#5369,#5370,#5371,#5372));
#5354 = ORIENTED_EDGE('',*,*,#5355,.F.);
#5355 = EDGE_CURVE('',#5356,#5332,#5358,.T.);
#5356 = VERTEX_POINT('',#5357);
#5357 = CARTESIAN_POINT('',(-3.759767001417,-3.12,1.25));
#5358 = LINE('',#5359,#5360);
#5359 = CARTESIAN_POINT('',(-3.759767001417,-3.12,1.15));
#5360 = VECTOR('',#5361,1.);
#5361 = DIRECTION('',(0.,1.972152263053E-31,1.));
#5362 = ORIENTED_EDGE('',*,*,#5363,.F.);
#5363 = EDGE_CURVE('',#4519,#5356,#5364,.T.);
#5364 = CIRCLE('',#5365,0.1);
#5365 = AXIS2_PLACEMENT_3D('',#5366,#5367,#5368);
#5366 = CARTESIAN_POINT('',(-3.710013401381,-3.033255667139,1.25));
#5367 = DIRECTION('',(-0.867443328611,0.497536000354,-1.109335647967E-31
    ));
#5368 = DIRECTION('',(-0.497536000354,-0.867443328611,
    -1.926111111963E-16));
#5369 = ORIENTED_EDGE('',*,*,#4526,.F.);
#5370 = ORIENTED_EDGE('',*,*,#5278,.T.);
#5371 = ORIENTED_EDGE('',*,*,#4008,.T.);
#5372 = ORIENTED_EDGE('',*,*,#5339,.T.);
#5373 = PLANE('',#5374);
#5374 = AXIS2_PLACEMENT_3D('',#5375,#5376,#5377);
#5375 = CARTESIAN_POINT('',(-3.489767001417,-2.649260800106,1.15));
#5376 = DIRECTION('',(0.867443328611,-0.497536000354,9.824315946677E-32)
  );
#5377 = DIRECTION('',(-0.497536000354,-0.867443328611,1.776085808456E-31
    ));
#5378 = ADVANCED_FACE('',(#5379),#5390,.T.);
#5379 = FACE_BOUND('',#5380,.F.);
#5380 = EDGE_LOOP('',(#5381,#5382,#5388,#5389));
#5381 = ORIENTED_EDGE('',*,*,#5305,.T.);
#5382 = ORIENTED_EDGE('',*,*,#5383,.T.);
#5383 = EDGE_CURVE('',#5296,#5356,#5384,.T.);
#5384 = LINE('',#5385,#5386);
#5385 = CARTESIAN_POINT('',(-4.02,-2.970739199894,1.25));
#5386 = VECTOR('',#5387,1.);
#5387 = DIRECTION('',(0.867443328611,-0.497536000354,9.824315946677E-32)
  );
#5388 = ORIENTED_EDGE('',*,*,#5363,.F.);
#5389 = ORIENTED_EDGE('',*,*,#4518,.F.);
#5390 = CYLINDRICAL_SURFACE('',#5391,0.1);
#5391 = AXIS2_PLACEMENT_3D('',#5392,#5393,#5394);
#5392 = CARTESIAN_POINT('',(-3.970246399965,-2.883994867033,1.25));
#5393 = DIRECTION('',(0.867443328611,-0.497536000354,9.824315946677E-32)
  );
#5394 = DIRECTION('',(0.,-1.972152263053E-31,-1.));
#5395 = ADVANCED_FACE('',(#5396),#5414,.T.);
#5396 = FACE_BOUND('',#5397,.F.);
#5397 = EDGE_LOOP('',(#5398,#5399,#5407,#5413));
#5398 = ORIENTED_EDGE('',*,*,#4550,.F.);
#5399 = ORIENTED_EDGE('',*,*,#5400,.T.);
#5400 = EDGE_CURVE('',#4551,#5401,#5403,.T.);
#5401 = VERTEX_POINT('',#5402);
#5402 = CARTESIAN_POINT('',(-2.925,0.1,-0.65));
#5403 = LINE('',#5404,#5405);
#5404 = CARTESIAN_POINT('',(-2.925,0.1,-6.494804694056E-16));
#5405 = VECTOR('',#5406,1.);
#5406 = DIRECTION('',(2.22044604925E-16,0.,-1.));
#5407 = ORIENTED_EDGE('',*,*,#5408,.T.);
#5408 = EDGE_CURVE('',#5401,#4708,#5409,.T.);
#5409 = LINE('',#5410,#5411);
#5410 = CARTESIAN_POINT('',(-2.925,0.1,-0.65));
#5411 = VECTOR('',#5412,1.);
#5412 = DIRECTION('',(1.,-2.22044604925E-16,2.22044604925E-16));
#5413 = ORIENTED_EDGE('',*,*,#4707,.F.);
#5414 = PLANE('',#5415);
#5415 = AXIS2_PLACEMENT_3D('',#5416,#5417,#5418);
#5416 = CARTESIAN_POINT('',(-2.925,0.1,-6.494804694056E-16));
#5417 = DIRECTION('',(2.22044604925E-16,1.,2.465190328816E-32));
#5418 = DIRECTION('',(-1.,2.22044604925E-16,-2.22044604925E-16));
#5419 = ADVANCED_FACE('',(#5420),#5449,.T.);
#5420 = FACE_BOUND('',#5421,.F.);
#5421 = EDGE_LOOP('',(#5422,#5423,#5424,#5433,#5441,#5448));
#5422 = ORIENTED_EDGE('',*,*,#4574,.F.);
#5423 = ORIENTED_EDGE('',*,*,#4813,.T.);
#5424 = ORIENTED_EDGE('',*,*,#5425,.T.);
#5425 = EDGE_CURVE('',#4806,#5426,#5428,.T.);
#5426 = VERTEX_POINT('',#5427);
#5427 = CARTESIAN_POINT('',(-2.925,-0.6,-0.75));
#5428 = CIRCLE('',#5429,0.1);
#5429 = AXIS2_PLACEMENT_3D('',#5430,#5431,#5432);
#5430 = CARTESIAN_POINT('',(-2.925,-0.6,-0.65));
#5431 = DIRECTION('',(1.,-2.22044604925E-16,2.22044604925E-16));
#5432 = DIRECTION('',(-2.22044604925E-16,-1.,-2.22044604925E-16));
#5433 = ORIENTED_EDGE('',*,*,#5434,.T.);
#5434 = EDGE_CURVE('',#5426,#5435,#5437,.T.);
#5435 = VERTEX_POINT('',#5436);
#5436 = CARTESIAN_POINT('',(-2.925,8.554438478339E-16,-0.75));
#5437 = LINE('',#5438,#5439);
#5438 = CARTESIAN_POINT('',(-2.925,-0.7,-0.75));
#5439 = VECTOR('',#5440,1.);
#5440 = DIRECTION('',(2.22044604925E-16,1.,2.465190328816E-32));
#5441 = ORIENTED_EDGE('',*,*,#5442,.F.);
#5442 = EDGE_CURVE('',#5401,#5435,#5443,.T.);
#5443 = CIRCLE('',#5444,0.1);
#5444 = AXIS2_PLACEMENT_3D('',#5445,#5446,#5447);
#5445 = CARTESIAN_POINT('',(-2.925,8.493206138381E-16,-0.65));
#5446 = DIRECTION('',(-1.,2.22044604925E-16,-2.22044604925E-16));
#5447 = DIRECTION('',(2.22044604925E-16,1.,2.22044604925E-16));
#5448 = ORIENTED_EDGE('',*,*,#5400,.F.);
#5449 = PLANE('',#5450);
#5450 = AXIS2_PLACEMENT_3D('',#5451,#5452,#5453);
#5451 = CARTESIAN_POINT('',(-2.925,-0.7,-6.494804694056E-16));
#5452 = DIRECTION('',(-1.,2.22044604925E-16,-2.22044604925E-16));
#5453 = DIRECTION('',(-2.22044604925E-16,-1.,-2.465190328816E-32));
#5454 = ADVANCED_FACE('',(#5455),#5489,.F.);
#5455 = FACE_BOUND('',#5456,.T.);
#5456 = EDGE_LOOP('',(#5457,#5466,#5467,#5473,#5474,#5483));
#5457 = ORIENTED_EDGE('',*,*,#5458,.F.);
#5458 = EDGE_CURVE('',#4665,#5459,#5461,.T.);
#5459 = VERTEX_POINT('',#5460);
#5460 = CARTESIAN_POINT('',(-3.795042,1.6,-8.426686015639E-16));
#5461 = CIRCLE('',#5462,0.1);
#5462 = AXIS2_PLACEMENT_3D('',#5463,#5464,#5465);
#5463 = CARTESIAN_POINT('',(-3.695042,1.6,-8.204641410714E-16));
#5464 = DIRECTION('',(-2.22044604925E-16,1.479114197289E-31,1.));
#5465 = DIRECTION('',(-2.22044604925E-16,-1.,9.860761315263E-32));
#5466 = ORIENTED_EDGE('',*,*,#4664,.T.);
#5467 = ORIENTED_EDGE('',*,*,#5468,.T.);
#5468 = EDGE_CURVE('',#4667,#4592,#5469,.T.);
#5469 = LINE('',#5470,#5471);
#5470 = CARTESIAN_POINT('',(-2.765684,1.7,-6.182685474698E-16));
#5471 = VECTOR('',#5472,1.);
#5472 = DIRECTION('',(-2.22044604925E-16,-1.,9.860761315263E-32));
#5473 = ORIENTED_EDGE('',*,*,#4591,.T.);
#5474 = ORIENTED_EDGE('',*,*,#5475,.T.);
#5475 = EDGE_CURVE('',#4594,#5476,#5478,.T.);
#5476 = VERTEX_POINT('',#5477);
#5477 = CARTESIAN_POINT('',(-3.795042,1.35,-8.426686015639E-16));
#5478 = CIRCLE('',#5479,0.1);
#5479 = AXIS2_PLACEMENT_3D('',#5480,#5481,#5482);
#5480 = CARTESIAN_POINT('',(-3.695042,1.35,-8.204641410714E-16));
#5481 = DIRECTION('',(2.22044604925E-16,-1.479114197289E-31,-1.));
#5482 = DIRECTION('',(-2.22044604925E-16,-1.,9.860761315263E-32));
#5483 = ORIENTED_EDGE('',*,*,#5484,.T.);
#5484 = EDGE_CURVE('',#5476,#5459,#5485,.T.);
#5485 = LINE('',#5486,#5487);
#5486 = CARTESIAN_POINT('',(-3.795042,1.25,-8.426686015639E-16));
#5487 = VECTOR('',#5488,1.);
#5488 = DIRECTION('',(2.22044604925E-16,1.,2.465190328816E-32));
#5489 = PLANE('',#5490);
#5490 = AXIS2_PLACEMENT_3D('',#5491,#5492,#5493);
#5491 = CARTESIAN_POINT('',(-3.255363,1.475,-7.228357912226E-16));
#5492 = DIRECTION('',(-2.22044604925E-16,2.465190328816E-32,1.));
#5493 = DIRECTION('',(1.,-2.22044604925E-16,2.22044604925E-16));
#5494 = ADVANCED_FACE('',(#5495),#5506,.T.);
#5495 = FACE_BOUND('',#5496,.F.);
#5496 = EDGE_LOOP('',(#5497,#5498,#5504,#5505));
#5497 = ORIENTED_EDGE('',*,*,#5475,.T.);
#5498 = ORIENTED_EDGE('',*,*,#5499,.T.);
#5499 = EDGE_CURVE('',#5476,#5244,#5500,.T.);
#5500 = LINE('',#5501,#5502);
#5501 = CARTESIAN_POINT('',(-3.795042,1.35,-8.426686015639E-16));
#5502 = VECTOR('',#5503,1.);
#5503 = DIRECTION('',(-2.22044604925E-16,9.860761315263E-32,1.));
#5504 = ORIENTED_EDGE('',*,*,#5243,.F.);
#5505 = ORIENTED_EDGE('',*,*,#4626,.F.);
#5506 = CYLINDRICAL_SURFACE('',#5507,0.1);
#5507 = AXIS2_PLACEMENT_3D('',#5508,#5509,#5510);
#5508 = CARTESIAN_POINT('',(-3.695042,1.35,-8.204641410714E-16));
#5509 = DIRECTION('',(-2.22044604925E-16,9.860761315263E-32,1.));
#5510 = DIRECTION('',(-2.22044604925E-16,-1.,9.860761315263E-32));
#5511 = ADVANCED_FACE('',(#5512),#5518,.T.);
#5512 = FACE_BOUND('',#5513,.T.);
#5513 = EDGE_LOOP('',(#5514,#5515,#5516,#5517));
#5514 = ORIENTED_EDGE('',*,*,#4691,.T.);
#5515 = ORIENTED_EDGE('',*,*,#4640,.T.);
#5516 = ORIENTED_EDGE('',*,*,#4601,.F.);
#5517 = ORIENTED_EDGE('',*,*,#5468,.F.);
#5518 = CYLINDRICAL_SURFACE('',#5519,5.E-02);
#5519 = AXIS2_PLACEMENT_3D('',#5520,#5521,#5522);
#5520 = CARTESIAN_POINT('',(-2.765684,1.7,5.E-02));
#5521 = DIRECTION('',(-2.22044604925E-16,-1.,9.860761315263E-32));
#5522 = DIRECTION('',(2.22044604925E-16,-9.860761315263E-32,-1.));
#5523 = ADVANCED_FACE('',(#5524),#5535,.T.);
#5524 = FACE_BOUND('',#5525,.T.);
#5525 = EDGE_LOOP('',(#5526,#5527,#5533,#5534));
#5526 = ORIENTED_EDGE('',*,*,#5458,.T.);
#5527 = ORIENTED_EDGE('',*,*,#5528,.T.);
#5528 = EDGE_CURVE('',#5459,#5253,#5529,.T.);
#5529 = LINE('',#5530,#5531);
#5530 = CARTESIAN_POINT('',(-3.795042,1.6,-8.426686015639E-16));
#5531 = VECTOR('',#5532,1.);
#5532 = DIRECTION('',(-2.22044604925E-16,9.860761315263E-32,1.));
#5533 = ORIENTED_EDGE('',*,*,#5260,.F.);
#5534 = ORIENTED_EDGE('',*,*,#4674,.F.);
#5535 = CYLINDRICAL_SURFACE('',#5536,0.1);
#5536 = AXIS2_PLACEMENT_3D('',#5537,#5538,#5539);
#5537 = CARTESIAN_POINT('',(-3.695042,1.6,-8.204641410714E-16));
#5538 = DIRECTION('',(-2.22044604925E-16,9.860761315263E-32,1.));
#5539 = DIRECTION('',(2.22044604925E-16,1.,-9.860761315263E-32));
#5540 = ADVANCED_FACE('',(#5541),#5560,.T.);
#5541 = FACE_BOUND('',#5542,.F.);
#5542 = EDGE_LOOP('',(#5543,#5552,#5558,#5559));
#5543 = ORIENTED_EDGE('',*,*,#5544,.T.);
#5544 = EDGE_CURVE('',#4708,#5545,#5547,.T.);
#5545 = VERTEX_POINT('',#5546);
#5546 = CARTESIAN_POINT('',(-2.775,8.221371570952E-16,-0.75));
#5547 = CIRCLE('',#5548,0.1);
#5548 = AXIS2_PLACEMENT_3D('',#5549,#5550,#5551);
#5549 = CARTESIAN_POINT('',(-2.775,8.160139230995E-16,-0.65));
#5550 = DIRECTION('',(-1.,2.22044604925E-16,-2.22044604925E-16));
#5551 = DIRECTION('',(2.22044604925E-16,1.,2.465190328816E-32));
#5552 = ORIENTED_EDGE('',*,*,#5553,.T.);
#5553 = EDGE_CURVE('',#5545,#4740,#5554,.T.);
#5554 = LINE('',#5555,#5556);
#5555 = CARTESIAN_POINT('',(-2.775,8.221371570952E-16,-0.75));
#5556 = VECTOR('',#5557,1.);
#5557 = DIRECTION('',(1.,-2.22044604925E-16,2.22044604925E-16));
#5558 = ORIENTED_EDGE('',*,*,#4739,.F.);
#5559 = ORIENTED_EDGE('',*,*,#4715,.F.);
#5560 = CYLINDRICAL_SURFACE('',#5561,0.1);
#5561 = AXIS2_PLACEMENT_3D('',#5562,#5563,#5564);
#5562 = CARTESIAN_POINT('',(-2.775,8.160139230995E-16,-0.65));
#5563 = DIRECTION('',(1.,-2.22044604925E-16,2.22044604925E-16));
#5564 = DIRECTION('',(2.22044604925E-16,1.,2.465190328816E-32));
#5565 = ADVANCED_FACE('',(#5566),#5584,.F.);
#5566 = FACE_BOUND('',#5567,.T.);
#5567 = EDGE_LOOP('',(#5568,#5569,#5575,#5576,#5582,#5583));
#5568 = ORIENTED_EDGE('',*,*,#4772,.T.);
#5569 = ORIENTED_EDGE('',*,*,#5570,.T.);
#5570 = EDGE_CURVE('',#4773,#5426,#5571,.T.);
#5571 = LINE('',#5572,#5573);
#5572 = CARTESIAN_POINT('',(-2.625,-0.6,-0.75));
#5573 = VECTOR('',#5574,1.);
#5574 = DIRECTION('',(-1.,2.22044604925E-16,-2.22044604925E-16));
#5575 = ORIENTED_EDGE('',*,*,#5434,.T.);
#5576 = ORIENTED_EDGE('',*,*,#5577,.T.);
#5577 = EDGE_CURVE('',#5435,#5545,#5578,.T.);
#5578 = LINE('',#5579,#5580);
#5579 = CARTESIAN_POINT('',(-2.925,8.554438478339E-16,-0.75));
#5580 = VECTOR('',#5581,1.);
#5581 = DIRECTION('',(1.,-2.22044604925E-16,2.22044604925E-16));
#5582 = ORIENTED_EDGE('',*,*,#5553,.T.);
#5583 = ORIENTED_EDGE('',*,*,#4748,.T.);
#5584 = PLANE('',#5585);
#5585 = AXIS2_PLACEMENT_3D('',#5586,#5587,#5588);
#5586 = CARTESIAN_POINT('',(-2.775,-0.3,-0.75));
#5587 = DIRECTION('',(-2.22044604925E-16,2.465190328816E-32,1.));
#5588 = DIRECTION('',(1.,-2.22044604925E-16,2.22044604925E-16));
#5589 = ADVANCED_FACE('',(#5590),#5596,.T.);
#5590 = FACE_BOUND('',#5591,.F.);
#5591 = EDGE_LOOP('',(#5592,#5593,#5594,#5595));
#5592 = ORIENTED_EDGE('',*,*,#4780,.T.);
#5593 = ORIENTED_EDGE('',*,*,#5570,.T.);
#5594 = ORIENTED_EDGE('',*,*,#5425,.F.);
#5595 = ORIENTED_EDGE('',*,*,#4805,.F.);
#5596 = CYLINDRICAL_SURFACE('',#5597,0.1);
#5597 = AXIS2_PLACEMENT_3D('',#5598,#5599,#5600);
#5598 = CARTESIAN_POINT('',(-2.625,-0.6,-0.65));
#5599 = DIRECTION('',(-1.,2.22044604925E-16,-2.22044604925E-16));
#5600 = DIRECTION('',(-2.22044604925E-16,-1.,-2.465190328816E-32));
#5601 = ADVANCED_FACE('',(#5602),#5613,.T.);
#5602 = FACE_BOUND('',#5603,.T.);
#5603 = EDGE_LOOP('',(#5604,#5605,#5611,#5612));
#5604 = ORIENTED_EDGE('',*,*,#4968,.T.);
#5605 = ORIENTED_EDGE('',*,*,#5606,.T.);
#5606 = EDGE_CURVE('',#4961,#5128,#5607,.T.);
#5607 = LINE('',#5608,#5609);
#5608 = CARTESIAN_POINT('',(2.625,-0.6,-0.75));
#5609 = VECTOR('',#5610,1.);
#5610 = DIRECTION('',(1.,0.,0.));
#5611 = ORIENTED_EDGE('',*,*,#5127,.F.);
#5612 = ORIENTED_EDGE('',*,*,#4927,.F.);
#5613 = CYLINDRICAL_SURFACE('',#5614,0.1);
#5614 = AXIS2_PLACEMENT_3D('',#5615,#5616,#5617);
#5615 = CARTESIAN_POINT('',(2.625,-0.6,-0.65));
#5616 = DIRECTION('',(1.,0.,0.));
#5617 = DIRECTION('',(0.,-1.,3.451266460342E-31));
#5618 = ADVANCED_FACE('',(#5619),#5639,.F.);
#5619 = FACE_BOUND('',#5620,.F.);
#5620 = EDGE_LOOP('',(#5621,#5622,#5630,#5636,#5637,#5638));
#5621 = ORIENTED_EDGE('',*,*,#5136,.T.);
#5622 = ORIENTED_EDGE('',*,*,#5623,.T.);
#5623 = EDGE_CURVE('',#5137,#5624,#5626,.T.);
#5624 = VERTEX_POINT('',#5625);
#5625 = CARTESIAN_POINT('',(2.775,2.059633784283E-16,-0.75));
#5626 = LINE('',#5627,#5628);
#5627 = CARTESIAN_POINT('',(2.925,2.059633784283E-16,-0.75));
#5628 = VECTOR('',#5629,1.);
#5629 = DIRECTION('',(-1.,0.,0.));
#5630 = ORIENTED_EDGE('',*,*,#5631,.T.);
#5631 = EDGE_CURVE('',#5624,#4992,#5632,.T.);
#5632 = LINE('',#5633,#5634);
#5633 = CARTESIAN_POINT('',(2.775,2.059633784283E-16,-0.75));
#5634 = VECTOR('',#5635,1.);
#5635 = DIRECTION('',(-1.,0.,0.));
#5636 = ORIENTED_EDGE('',*,*,#5000,.T.);
#5637 = ORIENTED_EDGE('',*,*,#4960,.T.);
#5638 = ORIENTED_EDGE('',*,*,#5606,.T.);
#5639 = PLANE('',#5640);
#5640 = AXIS2_PLACEMENT_3D('',#5641,#5642,#5643);
#5641 = CARTESIAN_POINT('',(2.775,-0.3,-0.75));
#5642 = DIRECTION('',(0.,3.451266460342E-31,1.));
#5643 = DIRECTION('',(1.,0.,0.));
#5644 = ADVANCED_FACE('',(#5645),#5657,.T.);
#5645 = FACE_BOUND('',#5646,.T.);
#5646 = EDGE_LOOP('',(#5647,#5654,#5655,#5656));
#5647 = ORIENTED_EDGE('',*,*,#5648,.T.);
#5648 = EDGE_CURVE('',#5017,#5624,#5649,.T.);
#5649 = CIRCLE('',#5650,0.1);
#5650 = AXIS2_PLACEMENT_3D('',#5651,#5652,#5653);
#5651 = CARTESIAN_POINT('',(2.775,1.998401444325E-16,-0.65));
#5652 = DIRECTION('',(-1.,0.,-0.));
#5653 = DIRECTION('',(0.,1.,-3.451266460342E-31));
#5654 = ORIENTED_EDGE('',*,*,#5631,.T.);
#5655 = ORIENTED_EDGE('',*,*,#4991,.F.);
#5656 = ORIENTED_EDGE('',*,*,#5024,.F.);
#5657 = CYLINDRICAL_SURFACE('',#5658,0.1);
#5658 = AXIS2_PLACEMENT_3D('',#5659,#5660,#5661);
#5659 = CARTESIAN_POINT('',(2.775,1.998401444325E-16,-0.65));
#5660 = DIRECTION('',(-1.,0.,0.));
#5661 = DIRECTION('',(0.,1.,-3.451266460342E-31));
#5662 = ADVANCED_FACE('',(#5663),#5669,.T.);
#5663 = FACE_BOUND('',#5664,.T.);
#5664 = EDGE_LOOP('',(#5665,#5666,#5667,#5668));
#5665 = ORIENTED_EDGE('',*,*,#5144,.T.);
#5666 = ORIENTED_EDGE('',*,*,#5623,.T.);
#5667 = ORIENTED_EDGE('',*,*,#5648,.F.);
#5668 = ORIENTED_EDGE('',*,*,#5169,.F.);
#5669 = CYLINDRICAL_SURFACE('',#5670,0.1);
#5670 = AXIS2_PLACEMENT_3D('',#5671,#5672,#5673);
#5671 = CARTESIAN_POINT('',(2.925,1.998401444325E-16,-0.65));
#5672 = DIRECTION('',(-1.,0.,0.));
#5673 = DIRECTION('',(0.,1.,-3.451266460342E-31));
#5674 = ADVANCED_FACE('',(#5675),#5681,.F.);
#5675 = FACE_BOUND('',#5676,.T.);
#5676 = EDGE_LOOP('',(#5677,#5678,#5679,#5680));
#5677 = ORIENTED_EDGE('',*,*,#5484,.F.);
#5678 = ORIENTED_EDGE('',*,*,#5499,.T.);
#5679 = ORIENTED_EDGE('',*,*,#5252,.T.);
#5680 = ORIENTED_EDGE('',*,*,#5528,.F.);
#5681 = PLANE('',#5682);
#5682 = AXIS2_PLACEMENT_3D('',#5683,#5684,#5685);
#5683 = CARTESIAN_POINT('',(-3.795042,1.25,-8.426686015639E-16));
#5684 = DIRECTION('',(1.,-2.22044604925E-16,2.22044604925E-16));
#5685 = DIRECTION('',(-2.22044604925E-16,-1.,-2.465190328816E-32));
#5686 = ADVANCED_FACE('',(#5687),#5693,.F.);
#5687 = FACE_BOUND('',#5688,.F.);
#5688 = EDGE_LOOP('',(#5689,#5690,#5691,#5692));
#5689 = ORIENTED_EDGE('',*,*,#5295,.T.);
#5690 = ORIENTED_EDGE('',*,*,#5331,.T.);
#5691 = ORIENTED_EDGE('',*,*,#5355,.F.);
#5692 = ORIENTED_EDGE('',*,*,#5383,.F.);
#5693 = PLANE('',#5694);
#5694 = AXIS2_PLACEMENT_3D('',#5695,#5696,#5697);
#5695 = CARTESIAN_POINT('',(-4.02,-2.970739199894,1.15));
#5696 = DIRECTION('',(0.497536000354,0.867443328611,-1.776085808456E-31)
  );
#5697 = DIRECTION('',(0.867443328611,-0.497536000354,9.824315946677E-32)
  );
#5698 = ADVANCED_FACE('',(#5699),#5705,.T.);
#5699 = FACE_BOUND('',#5700,.F.);
#5700 = EDGE_LOOP('',(#5701,#5702,#5703,#5704));
#5701 = ORIENTED_EDGE('',*,*,#5442,.T.);
#5702 = ORIENTED_EDGE('',*,*,#5577,.T.);
#5703 = ORIENTED_EDGE('',*,*,#5544,.F.);
#5704 = ORIENTED_EDGE('',*,*,#5408,.F.);
#5705 = CYLINDRICAL_SURFACE('',#5706,0.1);
#5706 = AXIS2_PLACEMENT_3D('',#5707,#5708,#5709);
#5707 = CARTESIAN_POINT('',(-2.925,8.493206138381E-16,-0.65));
#5708 = DIRECTION('',(1.,-2.22044604925E-16,2.22044604925E-16));
#5709 = DIRECTION('',(2.22044604925E-16,1.,2.465190328816E-32));
#5710 = ( GEOMETRIC_REPRESENTATION_CONTEXT(3) 
GLOBAL_UNCERTAINTY_ASSIGNED_CONTEXT((#5714)) 
GLOBAL_UNIT_ASSIGNED_CONTEXT((#5711,#5712,#5713)) REPRESENTATION_CONTEXT
('Context #1','3D Context with UNIT and UNCERTAINTY') );
#5711 = ( LENGTH_UNIT() NAMED_UNIT(*) SI_UNIT(.MILLI.,.METRE.) );
#5712 = ( NAMED_UNIT(*) PLANE_ANGLE_UNIT() SI_UNIT($,.RADIAN.) );
#5713 = ( NAMED_UNIT(*) SI_UNIT($,.STERADIAN.) SOLID_ANGLE_UNIT() );
#5714 = UNCERTAINTY_MEASURE_WITH_UNIT(LENGTH_MEASURE(1.E-07),#5711,
  'distance_accuracy_value','confusion accuracy');
#5715 = CONTEXT_DEPENDENT_SHAPE_REPRESENTATION(#5716,#5718);
#5716 = ( REPRESENTATION_RELATIONSHIP('','',#40,#10) 
REPRESENTATION_RELATIONSHIP_WITH_TRANSFORMATION(#5717) 
SHAPE_REPRESENTATION_RELATIONSHIP() );
#5717 = ITEM_DEFINED_TRANSFORMATION('','',#11,#15);
#5718 = PRODUCT_DEFINITION_SHAPE('Placement','Placement of an item',
  #5719);
#5719 = NEXT_ASSEMBLY_USAGE_OCCURRENCE('4','Chassis','',#5,#35,$);
#5720 = PRODUCT_RELATED_PRODUCT_CATEGORY('part',$,(#37));
#5721 = SHAPE_DEFINITION_REPRESENTATION(#5722,#5728);
#5722 = PRODUCT_DEFINITION_SHAPE('','',#5723);
#5723 = PRODUCT_DEFINITION('design','',#5724,#5727);
#5724 = PRODUCT_DEFINITION_FORMATION('','',#5725);
#5725 = PRODUCT('Contacts','Contacts','',(#5726));
#5726 = PRODUCT_CONTEXT('',#2,'mechanical');
#5727 = PRODUCT_DEFINITION_CONTEXT('part definition',#2,'design');
#5728 = ADVANCED_BREP_SHAPE_REPRESENTATION('',(#11,#5729),#7341);
#5729 = MANIFOLD_SOLID_BREP('',#5730);
#5730 = CLOSED_SHELL('',(#5731,#5796,#5827,#5852,#5891,#5922,#5954,#5978
    ,#5995,#6015,#6062,#6095,#6151,#6191,#6231,#6248,#6287,#6309,#6349,
    #6381,#6421,#6438,#6470,#6494,#6511,#6543,#6560,#6600,#6639,#6679,
    #6721,#6745,#6785,#6802,#6856,#6873,#6885,#6905,#6922,#6976,#6993,
    #7005,#7022,#7039,#7051,#7082,#7117,#7141,#7167,#7209,#7233,#7266,
    #7283,#7300,#7312,#7329));
#5731 = ADVANCED_FACE('',(#5732),#5791,.T.);
#5732 = FACE_BOUND('',#5733,.T.);
#5733 = EDGE_LOOP('',(#5734,#5744,#5753,#5761,#5769,#5777,#5785));
#5734 = ORIENTED_EDGE('',*,*,#5735,.F.);
#5735 = EDGE_CURVE('',#5736,#5738,#5740,.T.);
#5736 = VERTEX_POINT('',#5737);
#5737 = CARTESIAN_POINT('',(0.125,1.8,7.E-02));
#5738 = VERTEX_POINT('',#5739);
#5739 = CARTESIAN_POINT('',(0.125,1.8,8.E-02));
#5740 = LINE('',#5741,#5742);
#5741 = CARTESIAN_POINT('',(0.125,1.8,-4.E-02));
#5742 = VECTOR('',#5743,1.);
#5743 = DIRECTION('',(0.,0.,1.));
#5744 = ORIENTED_EDGE('',*,*,#5745,.T.);
#5745 = EDGE_CURVE('',#5736,#5746,#5748,.T.);
#5746 = VERTEX_POINT('',#5747);
#5747 = CARTESIAN_POINT('',(0.125,1.91,-4.E-02));
#5748 = CIRCLE('',#5749,0.11);
#5749 = AXIS2_PLACEMENT_3D('',#5750,#5751,#5752);
#5750 = CARTESIAN_POINT('',(0.125,1.91,7.E-02));
#5751 = DIRECTION('',(1.,-0.,0.));
#5752 = DIRECTION('',(0.,0.,-1.));
#5753 = ORIENTED_EDGE('',*,*,#5754,.F.);
#5754 = EDGE_CURVE('',#5755,#5746,#5757,.T.);
#5755 = VERTEX_POINT('',#5756);
#5756 = CARTESIAN_POINT('',(0.125,2.45,-4.E-02));
#5757 = LINE('',#5758,#5759);
#5758 = CARTESIAN_POINT('',(0.125,2.45,-4.E-02));
#5759 = VECTOR('',#5760,1.);
#5760 = DIRECTION('',(0.,-1.,0.));
#5761 = ORIENTED_EDGE('',*,*,#5762,.T.);
#5762 = EDGE_CURVE('',#5755,#5763,#5765,.T.);
#5763 = VERTEX_POINT('',#5764);
#5764 = CARTESIAN_POINT('',(0.125,2.45,8.E-02));
#5765 = LINE('',#5766,#5767);
#5766 = CARTESIAN_POINT('',(0.125,2.45,-4.E-02));
#5767 = VECTOR('',#5768,1.);
#5768 = DIRECTION('',(0.,0.,1.));
#5769 = ORIENTED_EDGE('',*,*,#5770,.T.);
#5770 = EDGE_CURVE('',#5763,#5771,#5773,.T.);
#5771 = VERTEX_POINT('',#5772);
#5772 = CARTESIAN_POINT('',(0.125,1.90306,8.E-02));
#5773 = LINE('',#5774,#5775);
#5774 = CARTESIAN_POINT('',(0.125,2.45,8.E-02));
#5775 = VECTOR('',#5776,1.);
#5776 = DIRECTION('',(0.,-1.,0.));
#5777 = ORIENTED_EDGE('',*,*,#5778,.T.);
#5778 = EDGE_CURVE('',#5771,#5779,#5781,.T.);
#5779 = VERTEX_POINT('',#5780);
#5780 = CARTESIAN_POINT('',(0.125,1.841165,8.E-02));
#5781 = LINE('',#5782,#5783);
#5782 = CARTESIAN_POINT('',(0.125,2.45,8.E-02));
#5783 = VECTOR('',#5784,1.);
#5784 = DIRECTION('',(0.,-1.,0.));
#5785 = ORIENTED_EDGE('',*,*,#5786,.T.);
#5786 = EDGE_CURVE('',#5779,#5738,#5787,.T.);
#5787 = LINE('',#5788,#5789);
#5788 = CARTESIAN_POINT('',(0.125,2.45,8.E-02));
#5789 = VECTOR('',#5790,1.);
#5790 = DIRECTION('',(0.,-1.,0.));
#5791 = PLANE('',#5792);
#5792 = AXIS2_PLACEMENT_3D('',#5793,#5794,#5795);
#5793 = CARTESIAN_POINT('',(0.125,2.45,-4.E-02));
#5794 = DIRECTION('',(1.,0.,0.));
#5795 = DIRECTION('',(0.,-1.,0.));
#5796 = ADVANCED_FACE('',(#5797),#5822,.T.);
#5797 = FACE_BOUND('',#5798,.T.);
#5798 = EDGE_LOOP('',(#5799,#5800,#5808,#5816));
#5799 = ORIENTED_EDGE('',*,*,#5735,.T.);
#5800 = ORIENTED_EDGE('',*,*,#5801,.T.);
#5801 = EDGE_CURVE('',#5738,#5802,#5804,.T.);
#5802 = VERTEX_POINT('',#5803);
#5803 = CARTESIAN_POINT('',(-0.125,1.8,8.E-02));
#5804 = LINE('',#5805,#5806);
#5805 = CARTESIAN_POINT('',(0.125,1.8,8.E-02));
#5806 = VECTOR('',#5807,1.);
#5807 = DIRECTION('',(-1.,0.,0.));
#5808 = ORIENTED_EDGE('',*,*,#5809,.F.);
#5809 = EDGE_CURVE('',#5810,#5802,#5812,.T.);
#5810 = VERTEX_POINT('',#5811);
#5811 = CARTESIAN_POINT('',(-0.125,1.8,7.E-02));
#5812 = LINE('',#5813,#5814);
#5813 = CARTESIAN_POINT('',(-0.125,1.8,-4.E-02));
#5814 = VECTOR('',#5815,1.);
#5815 = DIRECTION('',(0.,0.,1.));
#5816 = ORIENTED_EDGE('',*,*,#5817,.F.);
#5817 = EDGE_CURVE('',#5736,#5810,#5818,.T.);
#5818 = LINE('',#5819,#5820);
#5819 = CARTESIAN_POINT('',(0.125,1.8,7.E-02));
#5820 = VECTOR('',#5821,1.);
#5821 = DIRECTION('',(-1.,0.,0.));
#5822 = PLANE('',#5823);
#5823 = AXIS2_PLACEMENT_3D('',#5824,#5825,#5826);
#5824 = CARTESIAN_POINT('',(0.125,1.8,-4.E-02));
#5825 = DIRECTION('',(0.,-1.,0.));
#5826 = DIRECTION('',(-1.,0.,0.));
#5827 = ADVANCED_FACE('',(#5828),#5847,.T.);
#5828 = FACE_BOUND('',#5829,.F.);
#5829 = EDGE_LOOP('',(#5830,#5831,#5839,#5846));
#5830 = ORIENTED_EDGE('',*,*,#5745,.T.);
#5831 = ORIENTED_EDGE('',*,*,#5832,.T.);
#5832 = EDGE_CURVE('',#5746,#5833,#5835,.T.);
#5833 = VERTEX_POINT('',#5834);
#5834 = CARTESIAN_POINT('',(-0.125,1.91,-4.E-02));
#5835 = LINE('',#5836,#5837);
#5836 = CARTESIAN_POINT('',(0.125,1.91,-4.E-02));
#5837 = VECTOR('',#5838,1.);
#5838 = DIRECTION('',(-1.,0.,0.));
#5839 = ORIENTED_EDGE('',*,*,#5840,.F.);
#5840 = EDGE_CURVE('',#5810,#5833,#5841,.T.);
#5841 = CIRCLE('',#5842,0.11);
#5842 = AXIS2_PLACEMENT_3D('',#5843,#5844,#5845);
#5843 = CARTESIAN_POINT('',(-0.125,1.91,7.E-02));
#5844 = DIRECTION('',(1.,-0.,0.));
#5845 = DIRECTION('',(0.,0.,-1.));
#5846 = ORIENTED_EDGE('',*,*,#5817,.F.);
#5847 = CYLINDRICAL_SURFACE('',#5848,0.11);
#5848 = AXIS2_PLACEMENT_3D('',#5849,#5850,#5851);
#5849 = CARTESIAN_POINT('',(0.125,1.91,7.E-02));
#5850 = DIRECTION('',(-1.,0.,0.));
#5851 = DIRECTION('',(0.,-1.,0.));
#5852 = ADVANCED_FACE('',(#5853),#5886,.T.);
#5853 = FACE_BOUND('',#5854,.T.);
#5854 = EDGE_LOOP('',(#5855,#5863,#5871,#5879,#5885));
#5855 = ORIENTED_EDGE('',*,*,#5856,.F.);
#5856 = EDGE_CURVE('',#5857,#5763,#5859,.T.);
#5857 = VERTEX_POINT('',#5858);
#5858 = CARTESIAN_POINT('',(-0.125,2.45,8.E-02));
#5859 = LINE('',#5860,#5861);
#5860 = CARTESIAN_POINT('',(-0.125,2.45,8.E-02));
#5861 = VECTOR('',#5862,1.);
#5862 = DIRECTION('',(1.,0.,0.));
#5863 = ORIENTED_EDGE('',*,*,#5864,.F.);
#5864 = EDGE_CURVE('',#5865,#5857,#5867,.T.);
#5865 = VERTEX_POINT('',#5866);
#5866 = CARTESIAN_POINT('',(-0.125,1.90306,8.E-02));
#5867 = LINE('',#5868,#5869);
#5868 = CARTESIAN_POINT('',(-0.125,1.8,8.E-02));
#5869 = VECTOR('',#5870,1.);
#5870 = DIRECTION('',(0.,1.,0.));
#5871 = ORIENTED_EDGE('',*,*,#5872,.T.);
#5872 = EDGE_CURVE('',#5865,#5873,#5875,.T.);
#5873 = VERTEX_POINT('',#5874);
#5874 = CARTESIAN_POINT('',(0.,1.90306,8.E-02));
#5875 = LINE('',#5876,#5877);
#5876 = CARTESIAN_POINT('',(-0.65,1.90306,8.E-02));
#5877 = VECTOR('',#5878,1.);
#5878 = DIRECTION('',(1.,0.,0.));
#5879 = ORIENTED_EDGE('',*,*,#5880,.T.);
#5880 = EDGE_CURVE('',#5873,#5771,#5881,.T.);
#5881 = LINE('',#5882,#5883);
#5882 = CARTESIAN_POINT('',(-0.65,1.90306,8.E-02));
#5883 = VECTOR('',#5884,1.);
#5884 = DIRECTION('',(1.,0.,0.));
#5885 = ORIENTED_EDGE('',*,*,#5770,.F.);
#5886 = PLANE('',#5887);
#5887 = AXIS2_PLACEMENT_3D('',#5888,#5889,#5890);
#5888 = CARTESIAN_POINT('',(0.,2.125,8.E-02));
#5889 = DIRECTION('',(0.,0.,1.));
#5890 = DIRECTION('',(1.,0.,0.));
#5891 = ADVANCED_FACE('',(#5892),#5917,.F.);
#5892 = FACE_BOUND('',#5893,.F.);
#5893 = EDGE_LOOP('',(#5894,#5902,#5903,#5911));
#5894 = ORIENTED_EDGE('',*,*,#5895,.F.);
#5895 = EDGE_CURVE('',#5771,#5896,#5898,.T.);
#5896 = VERTEX_POINT('',#5897);
#5897 = CARTESIAN_POINT('',(0.525,1.90306,8.E-02));
#5898 = LINE('',#5899,#5900);
#5899 = CARTESIAN_POINT('',(-0.65,1.90306,8.E-02));
#5900 = VECTOR('',#5901,1.);
#5901 = DIRECTION('',(1.,0.,0.));
#5902 = ORIENTED_EDGE('',*,*,#5778,.T.);
#5903 = ORIENTED_EDGE('',*,*,#5904,.F.);
#5904 = EDGE_CURVE('',#5905,#5779,#5907,.T.);
#5905 = VERTEX_POINT('',#5906);
#5906 = CARTESIAN_POINT('',(0.525,1.841165,8.E-02));
#5907 = LINE('',#5908,#5909);
#5908 = CARTESIAN_POINT('',(0.65,1.841165,8.E-02));
#5909 = VECTOR('',#5910,1.);
#5910 = DIRECTION('',(-1.,0.,0.));
#5911 = ORIENTED_EDGE('',*,*,#5912,.T.);
#5912 = EDGE_CURVE('',#5905,#5896,#5913,.T.);
#5913 = LINE('',#5914,#5915);
#5914 = CARTESIAN_POINT('',(0.525,1.8,8.E-02));
#5915 = VECTOR('',#5916,1.);
#5916 = DIRECTION('',(0.,1.,0.));
#5917 = PLANE('',#5918);
#5918 = AXIS2_PLACEMENT_3D('',#5919,#5920,#5921);
#5919 = CARTESIAN_POINT('',(-5.095028547654E-18,1.8721125,8.E-02));
#5920 = DIRECTION('',(-9.918046738399E-50,-1.61958167833E-30,1.));
#5921 = DIRECTION('',(0.,1.,1.61958167833E-30));
#5922 = ADVANCED_FACE('',(#5923),#5949,.T.);
#5923 = FACE_BOUND('',#5924,.T.);
#5924 = EDGE_LOOP('',(#5925,#5933,#5941,#5947,#5948));
#5925 = ORIENTED_EDGE('',*,*,#5926,.T.);
#5926 = EDGE_CURVE('',#5779,#5927,#5929,.T.);
#5927 = VERTEX_POINT('',#5928);
#5928 = CARTESIAN_POINT('',(0.,1.841165,8.E-02));
#5929 = LINE('',#5930,#5931);
#5930 = CARTESIAN_POINT('',(0.65,1.841165,8.E-02));
#5931 = VECTOR('',#5932,1.);
#5932 = DIRECTION('',(-1.,0.,0.));
#5933 = ORIENTED_EDGE('',*,*,#5934,.T.);
#5934 = EDGE_CURVE('',#5927,#5935,#5937,.T.);
#5935 = VERTEX_POINT('',#5936);
#5936 = CARTESIAN_POINT('',(-0.125,1.841165,8.E-02));
#5937 = LINE('',#5938,#5939);
#5938 = CARTESIAN_POINT('',(0.65,1.841165,8.E-02));
#5939 = VECTOR('',#5940,1.);
#5940 = DIRECTION('',(-1.,0.,0.));
#5941 = ORIENTED_EDGE('',*,*,#5942,.F.);
#5942 = EDGE_CURVE('',#5802,#5935,#5943,.T.);
#5943 = LINE('',#5944,#5945);
#5944 = CARTESIAN_POINT('',(-0.125,1.8,8.E-02));
#5945 = VECTOR('',#5946,1.);
#5946 = DIRECTION('',(0.,1.,0.));
#5947 = ORIENTED_EDGE('',*,*,#5801,.F.);
#5948 = ORIENTED_EDGE('',*,*,#5786,.F.);
#5949 = PLANE('',#5950);
#5950 = AXIS2_PLACEMENT_3D('',#5951,#5952,#5953);
#5951 = CARTESIAN_POINT('',(0.,2.125,8.E-02));
#5952 = DIRECTION('',(0.,0.,1.));
#5953 = DIRECTION('',(1.,0.,0.));
#5954 = ADVANCED_FACE('',(#5955),#5973,.F.);
#5955 = FACE_BOUND('',#5956,.F.);
#5956 = EDGE_LOOP('',(#5957,#5958,#5966,#5972));
#5957 = ORIENTED_EDGE('',*,*,#5754,.F.);
#5958 = ORIENTED_EDGE('',*,*,#5959,.F.);
#5959 = EDGE_CURVE('',#5960,#5755,#5962,.T.);
#5960 = VERTEX_POINT('',#5961);
#5961 = CARTESIAN_POINT('',(-0.125,2.45,-4.E-02));
#5962 = LINE('',#5963,#5964);
#5963 = CARTESIAN_POINT('',(-0.125,2.45,-4.E-02));
#5964 = VECTOR('',#5965,1.);
#5965 = DIRECTION('',(1.,0.,0.));
#5966 = ORIENTED_EDGE('',*,*,#5967,.F.);
#5967 = EDGE_CURVE('',#5833,#5960,#5968,.T.);
#5968 = LINE('',#5969,#5970);
#5969 = CARTESIAN_POINT('',(-0.125,1.8,-4.E-02));
#5970 = VECTOR('',#5971,1.);
#5971 = DIRECTION('',(0.,1.,0.));
#5972 = ORIENTED_EDGE('',*,*,#5832,.F.);
#5973 = PLANE('',#5974);
#5974 = AXIS2_PLACEMENT_3D('',#5975,#5976,#5977);
#5975 = CARTESIAN_POINT('',(0.,2.125,-4.E-02));
#5976 = DIRECTION('',(0.,0.,1.));
#5977 = DIRECTION('',(1.,0.,0.));
#5978 = ADVANCED_FACE('',(#5979),#5990,.T.);
#5979 = FACE_BOUND('',#5980,.T.);
#5980 = EDGE_LOOP('',(#5981,#5987,#5988,#5989));
#5981 = ORIENTED_EDGE('',*,*,#5982,.T.);
#5982 = EDGE_CURVE('',#5960,#5857,#5983,.T.);
#5983 = LINE('',#5984,#5985);
#5984 = CARTESIAN_POINT('',(-0.125,2.45,-4.E-02));
#5985 = VECTOR('',#5986,1.);
#5986 = DIRECTION('',(0.,0.,1.));
#5987 = ORIENTED_EDGE('',*,*,#5856,.T.);
#5988 = ORIENTED_EDGE('',*,*,#5762,.F.);
#5989 = ORIENTED_EDGE('',*,*,#5959,.F.);
#5990 = PLANE('',#5991);
#5991 = AXIS2_PLACEMENT_3D('',#5992,#5993,#5994);
#5992 = CARTESIAN_POINT('',(-0.125,2.45,-4.E-02));
#5993 = DIRECTION('',(0.,1.,0.));
#5994 = DIRECTION('',(1.,0.,0.));
#5995 = ADVANCED_FACE('',(#5996),#6010,.T.);
#5996 = FACE_BOUND('',#5997,.T.);
#5997 = EDGE_LOOP('',(#5998,#5999,#6000,#6006,#6007,#6008,#6009));
#5998 = ORIENTED_EDGE('',*,*,#5809,.T.);
#5999 = ORIENTED_EDGE('',*,*,#5942,.T.);
#6000 = ORIENTED_EDGE('',*,*,#6001,.T.);
#6001 = EDGE_CURVE('',#5935,#5865,#6002,.T.);
#6002 = LINE('',#6003,#6004);
#6003 = CARTESIAN_POINT('',(-0.125,1.8,8.E-02));
#6004 = VECTOR('',#6005,1.);
#6005 = DIRECTION('',(0.,1.,0.));
#6006 = ORIENTED_EDGE('',*,*,#5864,.T.);
#6007 = ORIENTED_EDGE('',*,*,#5982,.F.);
#6008 = ORIENTED_EDGE('',*,*,#5967,.F.);
#6009 = ORIENTED_EDGE('',*,*,#5840,.F.);
#6010 = PLANE('',#6011);
#6011 = AXIS2_PLACEMENT_3D('',#6012,#6013,#6014);
#6012 = CARTESIAN_POINT('',(-0.125,1.8,-4.E-02));
#6013 = DIRECTION('',(-1.,0.,0.));
#6014 = DIRECTION('',(0.,1.,0.));
#6015 = ADVANCED_FACE('',(#6016),#6057,.T.);
#6016 = FACE_BOUND('',#6017,.T.);
#6017 = EDGE_LOOP('',(#6018,#6028,#6036,#6044,#6050,#6051));
#6018 = ORIENTED_EDGE('',*,*,#6019,.F.);
#6019 = EDGE_CURVE('',#6020,#6022,#6024,.T.);
#6020 = VERTEX_POINT('',#6021);
#6021 = CARTESIAN_POINT('',(-0.65,1.90306,8.E-02));
#6022 = VERTEX_POINT('',#6023);
#6023 = CARTESIAN_POINT('',(-0.525,1.90306,8.E-02));
#6024 = LINE('',#6025,#6026);
#6025 = CARTESIAN_POINT('',(-0.65,1.90306,8.E-02));
#6026 = VECTOR('',#6027,1.);
#6027 = DIRECTION('',(1.,0.,0.));
#6028 = ORIENTED_EDGE('',*,*,#6029,.T.);
#6029 = EDGE_CURVE('',#6020,#6030,#6032,.T.);
#6030 = VERTEX_POINT('',#6031);
#6031 = CARTESIAN_POINT('',(-0.65,1.90306,9.E-02));
#6032 = LINE('',#6033,#6034);
#6033 = CARTESIAN_POINT('',(-0.65,1.90306,8.E-02));
#6034 = VECTOR('',#6035,1.);
#6035 = DIRECTION('',(0.,0.,1.));
#6036 = ORIENTED_EDGE('',*,*,#6037,.T.);
#6037 = EDGE_CURVE('',#6030,#6038,#6040,.T.);
#6038 = VERTEX_POINT('',#6039);
#6039 = CARTESIAN_POINT('',(0.,1.90306,9.E-02));
#6040 = LINE('',#6041,#6042);
#6041 = CARTESIAN_POINT('',(-0.65,1.90306,9.E-02));
#6042 = VECTOR('',#6043,1.);
#6043 = DIRECTION('',(1.,0.,0.));
#6044 = ORIENTED_EDGE('',*,*,#6045,.F.);
#6045 = EDGE_CURVE('',#5873,#6038,#6046,.T.);
#6046 = LINE('',#6047,#6048);
#6047 = CARTESIAN_POINT('',(0.,1.90306,8.E-02));
#6048 = VECTOR('',#6049,1.);
#6049 = DIRECTION('',(0.,0.,1.));
#6050 = ORIENTED_EDGE('',*,*,#5872,.F.);
#6051 = ORIENTED_EDGE('',*,*,#6052,.F.);
#6052 = EDGE_CURVE('',#6022,#5865,#6053,.T.);
#6053 = LINE('',#6054,#6055);
#6054 = CARTESIAN_POINT('',(-0.65,1.90306,8.E-02));
#6055 = VECTOR('',#6056,1.);
#6056 = DIRECTION('',(1.,0.,0.));
#6057 = PLANE('',#6058);
#6058 = AXIS2_PLACEMENT_3D('',#6059,#6060,#6061);
#6059 = CARTESIAN_POINT('',(-0.65,1.90306,8.E-02));
#6060 = DIRECTION('',(0.,1.,0.));
#6061 = DIRECTION('',(1.,0.,0.));
#6062 = ADVANCED_FACE('',(#6063),#6090,.T.);
#6063 = FACE_BOUND('',#6064,.T.);
#6064 = EDGE_LOOP('',(#6065,#6066,#6074,#6082,#6088,#6089));
#6065 = ORIENTED_EDGE('',*,*,#6045,.T.);
#6066 = ORIENTED_EDGE('',*,*,#6067,.T.);
#6067 = EDGE_CURVE('',#6038,#6068,#6070,.T.);
#6068 = VERTEX_POINT('',#6069);
#6069 = CARTESIAN_POINT('',(0.65,1.90306,9.E-02));
#6070 = LINE('',#6071,#6072);
#6071 = CARTESIAN_POINT('',(-0.65,1.90306,9.E-02));
#6072 = VECTOR('',#6073,1.);
#6073 = DIRECTION('',(1.,0.,0.));
#6074 = ORIENTED_EDGE('',*,*,#6075,.F.);
#6075 = EDGE_CURVE('',#6076,#6068,#6078,.T.);
#6076 = VERTEX_POINT('',#6077);
#6077 = CARTESIAN_POINT('',(0.65,1.90306,8.E-02));
#6078 = LINE('',#6079,#6080);
#6079 = CARTESIAN_POINT('',(0.65,1.90306,8.E-02));
#6080 = VECTOR('',#6081,1.);
#6081 = DIRECTION('',(0.,0.,1.));
#6082 = ORIENTED_EDGE('',*,*,#6083,.F.);
#6083 = EDGE_CURVE('',#5896,#6076,#6084,.T.);
#6084 = LINE('',#6085,#6086);
#6085 = CARTESIAN_POINT('',(-0.65,1.90306,8.E-02));
#6086 = VECTOR('',#6087,1.);
#6087 = DIRECTION('',(1.,0.,0.));
#6088 = ORIENTED_EDGE('',*,*,#5895,.F.);
#6089 = ORIENTED_EDGE('',*,*,#5880,.F.);
#6090 = PLANE('',#6091);
#6091 = AXIS2_PLACEMENT_3D('',#6092,#6093,#6094);
#6092 = CARTESIAN_POINT('',(-0.65,1.90306,8.E-02));
#6093 = DIRECTION('',(0.,1.,0.));
#6094 = DIRECTION('',(1.,0.,0.));
#6095 = ADVANCED_FACE('',(#6096),#6146,.T.);
#6096 = FACE_BOUND('',#6097,.T.);
#6097 = EDGE_LOOP('',(#6098,#6109,#6117,#6123,#6124,#6132,#6140));
#6098 = ORIENTED_EDGE('',*,*,#6099,.F.);
#6099 = EDGE_CURVE('',#6100,#6102,#6104,.T.);
#6100 = VERTEX_POINT('',#6101);
#6101 = CARTESIAN_POINT('',(0.525,1.8,7.E-02));
#6102 = VERTEX_POINT('',#6103);
#6103 = CARTESIAN_POINT('',(0.525,1.91,-4.E-02));
#6104 = CIRCLE('',#6105,0.11);
#6105 = AXIS2_PLACEMENT_3D('',#6106,#6107,#6108);
#6106 = CARTESIAN_POINT('',(0.525,1.91,7.E-02));
#6107 = DIRECTION('',(1.,-0.,0.));
#6108 = DIRECTION('',(0.,0.,-1.));
#6109 = ORIENTED_EDGE('',*,*,#6110,.T.);
#6110 = EDGE_CURVE('',#6100,#6111,#6113,.T.);
#6111 = VERTEX_POINT('',#6112);
#6112 = CARTESIAN_POINT('',(0.525,1.8,8.E-02));
#6113 = LINE('',#6114,#6115);
#6114 = CARTESIAN_POINT('',(0.525,1.8,-4.E-02));
#6115 = VECTOR('',#6116,1.);
#6116 = DIRECTION('',(0.,0.,1.));
#6117 = ORIENTED_EDGE('',*,*,#6118,.T.);
#6118 = EDGE_CURVE('',#6111,#5905,#6119,.T.);
#6119 = LINE('',#6120,#6121);
#6120 = CARTESIAN_POINT('',(0.525,1.8,8.E-02));
#6121 = VECTOR('',#6122,1.);
#6122 = DIRECTION('',(0.,1.,0.));
#6123 = ORIENTED_EDGE('',*,*,#5912,.T.);
#6124 = ORIENTED_EDGE('',*,*,#6125,.T.);
#6125 = EDGE_CURVE('',#5896,#6126,#6128,.T.);
#6126 = VERTEX_POINT('',#6127);
#6127 = CARTESIAN_POINT('',(0.525,2.45,8.E-02));
#6128 = LINE('',#6129,#6130);
#6129 = CARTESIAN_POINT('',(0.525,1.8,8.E-02));
#6130 = VECTOR('',#6131,1.);
#6131 = DIRECTION('',(0.,1.,0.));
#6132 = ORIENTED_EDGE('',*,*,#6133,.F.);
#6133 = EDGE_CURVE('',#6134,#6126,#6136,.T.);
#6134 = VERTEX_POINT('',#6135);
#6135 = CARTESIAN_POINT('',(0.525,2.45,-4.E-02));
#6136 = LINE('',#6137,#6138);
#6137 = CARTESIAN_POINT('',(0.525,2.45,-4.E-02));
#6138 = VECTOR('',#6139,1.);
#6139 = DIRECTION('',(0.,0.,1.));
#6140 = ORIENTED_EDGE('',*,*,#6141,.F.);
#6141 = EDGE_CURVE('',#6102,#6134,#6142,.T.);
#6142 = LINE('',#6143,#6144);
#6143 = CARTESIAN_POINT('',(0.525,1.8,-4.E-02));
#6144 = VECTOR('',#6145,1.);
#6145 = DIRECTION('',(0.,1.,0.));
#6146 = PLANE('',#6147);
#6147 = AXIS2_PLACEMENT_3D('',#6148,#6149,#6150);
#6148 = CARTESIAN_POINT('',(0.525,1.8,-4.E-02));
#6149 = DIRECTION('',(-1.,0.,0.));
#6150 = DIRECTION('',(0.,1.,0.));
#6151 = ADVANCED_FACE('',(#6152),#6186,.T.);
#6152 = FACE_BOUND('',#6153,.T.);
#6153 = EDGE_LOOP('',(#6154,#6162,#6170,#6178,#6184,#6185));
#6154 = ORIENTED_EDGE('',*,*,#6155,.F.);
#6155 = EDGE_CURVE('',#6156,#5905,#6158,.T.);
#6156 = VERTEX_POINT('',#6157);
#6157 = CARTESIAN_POINT('',(0.65,1.841165,8.E-02));
#6158 = LINE('',#6159,#6160);
#6159 = CARTESIAN_POINT('',(0.65,1.841165,8.E-02));
#6160 = VECTOR('',#6161,1.);
#6161 = DIRECTION('',(-1.,0.,0.));
#6162 = ORIENTED_EDGE('',*,*,#6163,.T.);
#6163 = EDGE_CURVE('',#6156,#6164,#6166,.T.);
#6164 = VERTEX_POINT('',#6165);
#6165 = CARTESIAN_POINT('',(0.65,1.841165,9.E-02));
#6166 = LINE('',#6167,#6168);
#6167 = CARTESIAN_POINT('',(0.65,1.841165,8.E-02));
#6168 = VECTOR('',#6169,1.);
#6169 = DIRECTION('',(0.,0.,1.));
#6170 = ORIENTED_EDGE('',*,*,#6171,.T.);
#6171 = EDGE_CURVE('',#6164,#6172,#6174,.T.);
#6172 = VERTEX_POINT('',#6173);
#6173 = CARTESIAN_POINT('',(0.,1.841165,9.E-02));
#6174 = LINE('',#6175,#6176);
#6175 = CARTESIAN_POINT('',(0.65,1.841165,9.E-02));
#6176 = VECTOR('',#6177,1.);
#6177 = DIRECTION('',(-1.,0.,0.));
#6178 = ORIENTED_EDGE('',*,*,#6179,.F.);
#6179 = EDGE_CURVE('',#5927,#6172,#6180,.T.);
#6180 = LINE('',#6181,#6182);
#6181 = CARTESIAN_POINT('',(0.,1.841165,8.E-02));
#6182 = VECTOR('',#6183,1.);
#6183 = DIRECTION('',(0.,0.,1.));
#6184 = ORIENTED_EDGE('',*,*,#5926,.F.);
#6185 = ORIENTED_EDGE('',*,*,#5904,.F.);
#6186 = PLANE('',#6187);
#6187 = AXIS2_PLACEMENT_3D('',#6188,#6189,#6190);
#6188 = CARTESIAN_POINT('',(0.65,1.841165,8.E-02));
#6189 = DIRECTION('',(0.,-1.,0.));
#6190 = DIRECTION('',(-1.,0.,0.));
#6191 = ADVANCED_FACE('',(#6192),#6226,.T.);
#6192 = FACE_BOUND('',#6193,.T.);
#6193 = EDGE_LOOP('',(#6194,#6195,#6203,#6211,#6219,#6225));
#6194 = ORIENTED_EDGE('',*,*,#6179,.T.);
#6195 = ORIENTED_EDGE('',*,*,#6196,.T.);
#6196 = EDGE_CURVE('',#6172,#6197,#6199,.T.);
#6197 = VERTEX_POINT('',#6198);
#6198 = CARTESIAN_POINT('',(-0.65,1.841165,9.E-02));
#6199 = LINE('',#6200,#6201);
#6200 = CARTESIAN_POINT('',(0.65,1.841165,9.E-02));
#6201 = VECTOR('',#6202,1.);
#6202 = DIRECTION('',(-1.,0.,0.));
#6203 = ORIENTED_EDGE('',*,*,#6204,.F.);
#6204 = EDGE_CURVE('',#6205,#6197,#6207,.T.);
#6205 = VERTEX_POINT('',#6206);
#6206 = CARTESIAN_POINT('',(-0.65,1.841165,8.E-02));
#6207 = LINE('',#6208,#6209);
#6208 = CARTESIAN_POINT('',(-0.65,1.841165,8.E-02));
#6209 = VECTOR('',#6210,1.);
#6210 = DIRECTION('',(0.,0.,1.));
#6211 = ORIENTED_EDGE('',*,*,#6212,.F.);
#6212 = EDGE_CURVE('',#6213,#6205,#6215,.T.);
#6213 = VERTEX_POINT('',#6214);
#6214 = CARTESIAN_POINT('',(-0.525,1.841165,8.E-02));
#6215 = LINE('',#6216,#6217);
#6216 = CARTESIAN_POINT('',(0.65,1.841165,8.E-02));
#6217 = VECTOR('',#6218,1.);
#6218 = DIRECTION('',(-1.,0.,0.));
#6219 = ORIENTED_EDGE('',*,*,#6220,.F.);
#6220 = EDGE_CURVE('',#5935,#6213,#6221,.T.);
#6221 = LINE('',#6222,#6223);
#6222 = CARTESIAN_POINT('',(0.65,1.841165,8.E-02));
#6223 = VECTOR('',#6224,1.);
#6224 = DIRECTION('',(-1.,0.,0.));
#6225 = ORIENTED_EDGE('',*,*,#5934,.F.);
#6226 = PLANE('',#6227);
#6227 = AXIS2_PLACEMENT_3D('',#6228,#6229,#6230);
#6228 = CARTESIAN_POINT('',(0.65,1.841165,8.E-02));
#6229 = DIRECTION('',(0.,-1.,0.));
#6230 = DIRECTION('',(-1.,0.,0.));
#6231 = ADVANCED_FACE('',(#6232),#6243,.F.);
#6232 = FACE_BOUND('',#6233,.F.);
#6233 = EDGE_LOOP('',(#6234,#6235,#6241,#6242));
#6234 = ORIENTED_EDGE('',*,*,#6052,.F.);
#6235 = ORIENTED_EDGE('',*,*,#6236,.T.);
#6236 = EDGE_CURVE('',#6022,#6213,#6237,.T.);
#6237 = LINE('',#6238,#6239);
#6238 = CARTESIAN_POINT('',(-0.525,2.45,8.E-02));
#6239 = VECTOR('',#6240,1.);
#6240 = DIRECTION('',(0.,-1.,0.));
#6241 = ORIENTED_EDGE('',*,*,#6220,.F.);
#6242 = ORIENTED_EDGE('',*,*,#6001,.T.);
#6243 = PLANE('',#6244);
#6244 = AXIS2_PLACEMENT_3D('',#6245,#6246,#6247);
#6245 = CARTESIAN_POINT('',(-5.095028547654E-18,1.8721125,8.E-02));
#6246 = DIRECTION('',(-9.918046738399E-50,-1.61958167833E-30,1.));
#6247 = DIRECTION('',(0.,1.,1.61958167833E-30));
#6248 = ADVANCED_FACE('',(#6249),#6282,.T.);
#6249 = FACE_BOUND('',#6250,.T.);
#6250 = EDGE_LOOP('',(#6251,#6261,#6269,#6275,#6276));
#6251 = ORIENTED_EDGE('',*,*,#6252,.F.);
#6252 = EDGE_CURVE('',#6253,#6255,#6257,.T.);
#6253 = VERTEX_POINT('',#6254);
#6254 = CARTESIAN_POINT('',(-0.775,2.45,8.E-02));
#6255 = VERTEX_POINT('',#6256);
#6256 = CARTESIAN_POINT('',(-0.525,2.45,8.E-02));
#6257 = LINE('',#6258,#6259);
#6258 = CARTESIAN_POINT('',(-0.775,2.45,8.E-02));
#6259 = VECTOR('',#6260,1.);
#6260 = DIRECTION('',(1.,0.,0.));
#6261 = ORIENTED_EDGE('',*,*,#6262,.F.);
#6262 = EDGE_CURVE('',#6263,#6253,#6265,.T.);
#6263 = VERTEX_POINT('',#6264);
#6264 = CARTESIAN_POINT('',(-0.775,1.90306,8.E-02));
#6265 = LINE('',#6266,#6267);
#6266 = CARTESIAN_POINT('',(-0.775,1.8,8.E-02));
#6267 = VECTOR('',#6268,1.);
#6268 = DIRECTION('',(0.,1.,0.));
#6269 = ORIENTED_EDGE('',*,*,#6270,.T.);
#6270 = EDGE_CURVE('',#6263,#6020,#6271,.T.);
#6271 = LINE('',#6272,#6273);
#6272 = CARTESIAN_POINT('',(-1.3,1.90306,8.E-02));
#6273 = VECTOR('',#6274,1.);
#6274 = DIRECTION('',(1.,0.,0.));
#6275 = ORIENTED_EDGE('',*,*,#6019,.T.);
#6276 = ORIENTED_EDGE('',*,*,#6277,.F.);
#6277 = EDGE_CURVE('',#6255,#6022,#6278,.T.);
#6278 = LINE('',#6279,#6280);
#6279 = CARTESIAN_POINT('',(-0.525,2.45,8.E-02));
#6280 = VECTOR('',#6281,1.);
#6281 = DIRECTION('',(0.,-1.,0.));
#6282 = PLANE('',#6283);
#6283 = AXIS2_PLACEMENT_3D('',#6284,#6285,#6286);
#6284 = CARTESIAN_POINT('',(-0.65,2.125,8.E-02));
#6285 = DIRECTION('',(0.,0.,1.));
#6286 = DIRECTION('',(1.,0.,0.));
#6287 = ADVANCED_FACE('',(#6288),#6304,.T.);
#6288 = FACE_BOUND('',#6289,.T.);
#6289 = EDGE_LOOP('',(#6290,#6291,#6297,#6298));
#6290 = ORIENTED_EDGE('',*,*,#6037,.F.);
#6291 = ORIENTED_EDGE('',*,*,#6292,.F.);
#6292 = EDGE_CURVE('',#6197,#6030,#6293,.T.);
#6293 = LINE('',#6294,#6295);
#6294 = CARTESIAN_POINT('',(-0.65,1.841165,9.E-02));
#6295 = VECTOR('',#6296,1.);
#6296 = DIRECTION('',(0.,1.,0.));
#6297 = ORIENTED_EDGE('',*,*,#6196,.F.);
#6298 = ORIENTED_EDGE('',*,*,#6299,.T.);
#6299 = EDGE_CURVE('',#6172,#6038,#6300,.T.);
#6300 = LINE('',#6301,#6302);
#6301 = CARTESIAN_POINT('',(0.,1.841165,9.E-02));
#6302 = VECTOR('',#6303,1.);
#6303 = DIRECTION('',(0.,1.,0.));
#6304 = PLANE('',#6305);
#6305 = AXIS2_PLACEMENT_3D('',#6306,#6307,#6308);
#6306 = CARTESIAN_POINT('',(-5.095028547654E-18,1.8721125,9.E-02));
#6307 = DIRECTION('',(-9.918046738399E-50,-1.61958167833E-30,1.));
#6308 = DIRECTION('',(0.,1.,1.61958167833E-30));
#6309 = ADVANCED_FACE('',(#6310),#6344,.T.);
#6310 = FACE_BOUND('',#6311,.T.);
#6311 = EDGE_LOOP('',(#6312,#6322,#6330,#6336,#6337,#6338));
#6312 = ORIENTED_EDGE('',*,*,#6313,.F.);
#6313 = EDGE_CURVE('',#6314,#6316,#6318,.T.);
#6314 = VERTEX_POINT('',#6315);
#6315 = CARTESIAN_POINT('',(-1.3,1.90306,8.E-02));
#6316 = VERTEX_POINT('',#6317);
#6317 = CARTESIAN_POINT('',(-1.175,1.90306,8.E-02));
#6318 = LINE('',#6319,#6320);
#6319 = CARTESIAN_POINT('',(-1.3,1.90306,8.E-02));
#6320 = VECTOR('',#6321,1.);
#6321 = DIRECTION('',(1.,0.,0.));
#6322 = ORIENTED_EDGE('',*,*,#6323,.T.);
#6323 = EDGE_CURVE('',#6314,#6324,#6326,.T.);
#6324 = VERTEX_POINT('',#6325);
#6325 = CARTESIAN_POINT('',(-1.3,1.90306,9.E-02));
#6326 = LINE('',#6327,#6328);
#6327 = CARTESIAN_POINT('',(-1.3,1.90306,8.E-02));
#6328 = VECTOR('',#6329,1.);
#6329 = DIRECTION('',(0.,0.,1.));
#6330 = ORIENTED_EDGE('',*,*,#6331,.T.);
#6331 = EDGE_CURVE('',#6324,#6030,#6332,.T.);
#6332 = LINE('',#6333,#6334);
#6333 = CARTESIAN_POINT('',(-1.3,1.90306,9.E-02));
#6334 = VECTOR('',#6335,1.);
#6335 = DIRECTION('',(1.,0.,0.));
#6336 = ORIENTED_EDGE('',*,*,#6029,.F.);
#6337 = ORIENTED_EDGE('',*,*,#6270,.F.);
#6338 = ORIENTED_EDGE('',*,*,#6339,.F.);
#6339 = EDGE_CURVE('',#6316,#6263,#6340,.T.);
#6340 = LINE('',#6341,#6342);
#6341 = CARTESIAN_POINT('',(-1.3,1.90306,8.E-02));
#6342 = VECTOR('',#6343,1.);
#6343 = DIRECTION('',(1.,0.,0.));
#6344 = PLANE('',#6345);
#6345 = AXIS2_PLACEMENT_3D('',#6346,#6347,#6348);
#6346 = CARTESIAN_POINT('',(-1.3,1.90306,8.E-02));
#6347 = DIRECTION('',(0.,1.,0.));
#6348 = DIRECTION('',(1.,0.,0.));
#6349 = ADVANCED_FACE('',(#6350),#6376,.T.);
#6350 = FACE_BOUND('',#6351,.T.);
#6351 = EDGE_LOOP('',(#6352,#6360,#6361,#6362,#6370));
#6352 = ORIENTED_EDGE('',*,*,#6353,.F.);
#6353 = EDGE_CURVE('',#6126,#6354,#6356,.T.);
#6354 = VERTEX_POINT('',#6355);
#6355 = CARTESIAN_POINT('',(0.775,2.45,8.E-02));
#6356 = LINE('',#6357,#6358);
#6357 = CARTESIAN_POINT('',(0.525,2.45,8.E-02));
#6358 = VECTOR('',#6359,1.);
#6359 = DIRECTION('',(1.,0.,0.));
#6360 = ORIENTED_EDGE('',*,*,#6125,.F.);
#6361 = ORIENTED_EDGE('',*,*,#6083,.T.);
#6362 = ORIENTED_EDGE('',*,*,#6363,.T.);
#6363 = EDGE_CURVE('',#6076,#6364,#6366,.T.);
#6364 = VERTEX_POINT('',#6365);
#6365 = CARTESIAN_POINT('',(0.775,1.90306,8.E-02));
#6366 = LINE('',#6367,#6368);
#6367 = CARTESIAN_POINT('',(0.,1.90306,8.E-02));
#6368 = VECTOR('',#6369,1.);
#6369 = DIRECTION('',(1.,0.,0.));
#6370 = ORIENTED_EDGE('',*,*,#6371,.F.);
#6371 = EDGE_CURVE('',#6354,#6364,#6372,.T.);
#6372 = LINE('',#6373,#6374);
#6373 = CARTESIAN_POINT('',(0.775,2.45,8.E-02));
#6374 = VECTOR('',#6375,1.);
#6375 = DIRECTION('',(0.,-1.,0.));
#6376 = PLANE('',#6377);
#6377 = AXIS2_PLACEMENT_3D('',#6378,#6379,#6380);
#6378 = CARTESIAN_POINT('',(0.65,2.125,8.E-02));
#6379 = DIRECTION('',(0.,0.,1.));
#6380 = DIRECTION('',(1.,0.,0.));
#6381 = ADVANCED_FACE('',(#6382),#6416,.T.);
#6382 = FACE_BOUND('',#6383,.T.);
#6383 = EDGE_LOOP('',(#6384,#6385,#6393,#6401,#6409,#6415));
#6384 = ORIENTED_EDGE('',*,*,#6075,.T.);
#6385 = ORIENTED_EDGE('',*,*,#6386,.T.);
#6386 = EDGE_CURVE('',#6068,#6387,#6389,.T.);
#6387 = VERTEX_POINT('',#6388);
#6388 = CARTESIAN_POINT('',(1.3,1.90306,9.E-02));
#6389 = LINE('',#6390,#6391);
#6390 = CARTESIAN_POINT('',(0.,1.90306,9.E-02));
#6391 = VECTOR('',#6392,1.);
#6392 = DIRECTION('',(1.,0.,0.));
#6393 = ORIENTED_EDGE('',*,*,#6394,.F.);
#6394 = EDGE_CURVE('',#6395,#6387,#6397,.T.);
#6395 = VERTEX_POINT('',#6396);
#6396 = CARTESIAN_POINT('',(1.3,1.90306,8.E-02));
#6397 = LINE('',#6398,#6399);
#6398 = CARTESIAN_POINT('',(1.3,1.90306,8.E-02));
#6399 = VECTOR('',#6400,1.);
#6400 = DIRECTION('',(0.,0.,1.));
#6401 = ORIENTED_EDGE('',*,*,#6402,.F.);
#6402 = EDGE_CURVE('',#6403,#6395,#6405,.T.);
#6403 = VERTEX_POINT('',#6404);
#6404 = CARTESIAN_POINT('',(1.175,1.90306,8.E-02));
#6405 = LINE('',#6406,#6407);
#6406 = CARTESIAN_POINT('',(0.,1.90306,8.E-02));
#6407 = VECTOR('',#6408,1.);
#6408 = DIRECTION('',(1.,0.,0.));
#6409 = ORIENTED_EDGE('',*,*,#6410,.F.);
#6410 = EDGE_CURVE('',#6364,#6403,#6411,.T.);
#6411 = LINE('',#6412,#6413);
#6412 = CARTESIAN_POINT('',(0.,1.90306,8.E-02));
#6413 = VECTOR('',#6414,1.);
#6414 = DIRECTION('',(1.,0.,0.));
#6415 = ORIENTED_EDGE('',*,*,#6363,.F.);
#6416 = PLANE('',#6417);
#6417 = AXIS2_PLACEMENT_3D('',#6418,#6419,#6420);
#6418 = CARTESIAN_POINT('',(0.,1.90306,8.E-02));
#6419 = DIRECTION('',(0.,1.,0.));
#6420 = DIRECTION('',(1.,0.,0.));
#6421 = ADVANCED_FACE('',(#6422),#6433,.T.);
#6422 = FACE_BOUND('',#6423,.T.);
#6423 = EDGE_LOOP('',(#6424,#6425,#6426,#6427));
#6424 = ORIENTED_EDGE('',*,*,#6067,.F.);
#6425 = ORIENTED_EDGE('',*,*,#6299,.F.);
#6426 = ORIENTED_EDGE('',*,*,#6171,.F.);
#6427 = ORIENTED_EDGE('',*,*,#6428,.F.);
#6428 = EDGE_CURVE('',#6068,#6164,#6429,.T.);
#6429 = LINE('',#6430,#6431);
#6430 = CARTESIAN_POINT('',(0.65,1.90306,9.E-02));
#6431 = VECTOR('',#6432,1.);
#6432 = DIRECTION('',(0.,-1.,0.));
#6433 = PLANE('',#6434);
#6434 = AXIS2_PLACEMENT_3D('',#6435,#6436,#6437);
#6435 = CARTESIAN_POINT('',(-5.095028547654E-18,1.8721125,9.E-02));
#6436 = DIRECTION('',(-9.918046738399E-50,-1.61958167833E-30,1.));
#6437 = DIRECTION('',(0.,1.,1.61958167833E-30));
#6438 = ADVANCED_FACE('',(#6439),#6465,.T.);
#6439 = FACE_BOUND('',#6440,.F.);
#6440 = EDGE_LOOP('',(#6441,#6452,#6458,#6459));
#6441 = ORIENTED_EDGE('',*,*,#6442,.T.);
#6442 = EDGE_CURVE('',#6443,#6445,#6447,.T.);
#6443 = VERTEX_POINT('',#6444);
#6444 = CARTESIAN_POINT('',(0.775,1.8,7.E-02));
#6445 = VERTEX_POINT('',#6446);
#6446 = CARTESIAN_POINT('',(0.775,1.91,-4.E-02));
#6447 = CIRCLE('',#6448,0.11);
#6448 = AXIS2_PLACEMENT_3D('',#6449,#6450,#6451);
#6449 = CARTESIAN_POINT('',(0.775,1.91,7.E-02));
#6450 = DIRECTION('',(1.,-0.,0.));
#6451 = DIRECTION('',(0.,0.,-1.));
#6452 = ORIENTED_EDGE('',*,*,#6453,.T.);
#6453 = EDGE_CURVE('',#6445,#6102,#6454,.T.);
#6454 = LINE('',#6455,#6456);
#6455 = CARTESIAN_POINT('',(0.775,1.91,-4.E-02));
#6456 = VECTOR('',#6457,1.);
#6457 = DIRECTION('',(-1.,0.,0.));
#6458 = ORIENTED_EDGE('',*,*,#6099,.F.);
#6459 = ORIENTED_EDGE('',*,*,#6460,.F.);
#6460 = EDGE_CURVE('',#6443,#6100,#6461,.T.);
#6461 = LINE('',#6462,#6463);
#6462 = CARTESIAN_POINT('',(0.775,1.8,7.E-02));
#6463 = VECTOR('',#6464,1.);
#6464 = DIRECTION('',(-1.,0.,0.));
#6465 = CYLINDRICAL_SURFACE('',#6466,0.11);
#6466 = AXIS2_PLACEMENT_3D('',#6467,#6468,#6469);
#6467 = CARTESIAN_POINT('',(0.775,1.91,7.E-02));
#6468 = DIRECTION('',(-1.,0.,0.));
#6469 = DIRECTION('',(0.,-1.,0.));
#6470 = ADVANCED_FACE('',(#6471),#6489,.F.);
#6471 = FACE_BOUND('',#6472,.F.);
#6472 = EDGE_LOOP('',(#6473,#6481,#6482,#6483));
#6473 = ORIENTED_EDGE('',*,*,#6474,.F.);
#6474 = EDGE_CURVE('',#6134,#6475,#6477,.T.);
#6475 = VERTEX_POINT('',#6476);
#6476 = CARTESIAN_POINT('',(0.775,2.45,-4.E-02));
#6477 = LINE('',#6478,#6479);
#6478 = CARTESIAN_POINT('',(0.525,2.45,-4.E-02));
#6479 = VECTOR('',#6480,1.);
#6480 = DIRECTION('',(1.,0.,0.));
#6481 = ORIENTED_EDGE('',*,*,#6141,.F.);
#6482 = ORIENTED_EDGE('',*,*,#6453,.F.);
#6483 = ORIENTED_EDGE('',*,*,#6484,.F.);
#6484 = EDGE_CURVE('',#6475,#6445,#6485,.T.);
#6485 = LINE('',#6486,#6487);
#6486 = CARTESIAN_POINT('',(0.775,2.45,-4.E-02));
#6487 = VECTOR('',#6488,1.);
#6488 = DIRECTION('',(0.,-1.,0.));
#6489 = PLANE('',#6490);
#6490 = AXIS2_PLACEMENT_3D('',#6491,#6492,#6493);
#6491 = CARTESIAN_POINT('',(0.65,2.125,-4.E-02));
#6492 = DIRECTION('',(0.,0.,1.));
#6493 = DIRECTION('',(1.,0.,0.));
#6494 = ADVANCED_FACE('',(#6495),#6506,.T.);
#6495 = FACE_BOUND('',#6496,.T.);
#6496 = EDGE_LOOP('',(#6497,#6498,#6499,#6505));
#6497 = ORIENTED_EDGE('',*,*,#6133,.T.);
#6498 = ORIENTED_EDGE('',*,*,#6353,.T.);
#6499 = ORIENTED_EDGE('',*,*,#6500,.F.);
#6500 = EDGE_CURVE('',#6475,#6354,#6501,.T.);
#6501 = LINE('',#6502,#6503);
#6502 = CARTESIAN_POINT('',(0.775,2.45,-4.E-02));
#6503 = VECTOR('',#6504,1.);
#6504 = DIRECTION('',(0.,0.,1.));
#6505 = ORIENTED_EDGE('',*,*,#6474,.F.);
#6506 = PLANE('',#6507);
#6507 = AXIS2_PLACEMENT_3D('',#6508,#6509,#6510);
#6508 = CARTESIAN_POINT('',(0.525,2.45,-4.E-02));
#6509 = DIRECTION('',(0.,1.,0.));
#6510 = DIRECTION('',(1.,0.,0.));
#6511 = ADVANCED_FACE('',(#6512),#6538,.T.);
#6512 = FACE_BOUND('',#6513,.T.);
#6513 = EDGE_LOOP('',(#6514,#6515,#6516,#6524,#6532));
#6514 = ORIENTED_EDGE('',*,*,#6155,.T.);
#6515 = ORIENTED_EDGE('',*,*,#6118,.F.);
#6516 = ORIENTED_EDGE('',*,*,#6517,.F.);
#6517 = EDGE_CURVE('',#6518,#6111,#6520,.T.);
#6518 = VERTEX_POINT('',#6519);
#6519 = CARTESIAN_POINT('',(0.775,1.8,8.E-02));
#6520 = LINE('',#6521,#6522);
#6521 = CARTESIAN_POINT('',(0.775,1.8,8.E-02));
#6522 = VECTOR('',#6523,1.);
#6523 = DIRECTION('',(-1.,0.,0.));
#6524 = ORIENTED_EDGE('',*,*,#6525,.F.);
#6525 = EDGE_CURVE('',#6526,#6518,#6528,.T.);
#6526 = VERTEX_POINT('',#6527);
#6527 = CARTESIAN_POINT('',(0.775,1.841165,8.E-02));
#6528 = LINE('',#6529,#6530);
#6529 = CARTESIAN_POINT('',(0.775,2.45,8.E-02));
#6530 = VECTOR('',#6531,1.);
#6531 = DIRECTION('',(0.,-1.,0.));
#6532 = ORIENTED_EDGE('',*,*,#6533,.T.);
#6533 = EDGE_CURVE('',#6526,#6156,#6534,.T.);
#6534 = LINE('',#6535,#6536);
#6535 = CARTESIAN_POINT('',(1.3,1.841165,8.E-02));
#6536 = VECTOR('',#6537,1.);
#6537 = DIRECTION('',(-1.,0.,0.));
#6538 = PLANE('',#6539);
#6539 = AXIS2_PLACEMENT_3D('',#6540,#6541,#6542);
#6540 = CARTESIAN_POINT('',(0.65,2.125,8.E-02));
#6541 = DIRECTION('',(0.,0.,1.));
#6542 = DIRECTION('',(1.,0.,0.));
#6543 = ADVANCED_FACE('',(#6544),#6555,.T.);
#6544 = FACE_BOUND('',#6545,.T.);
#6545 = EDGE_LOOP('',(#6546,#6547,#6553,#6554));
#6546 = ORIENTED_EDGE('',*,*,#6460,.F.);
#6547 = ORIENTED_EDGE('',*,*,#6548,.T.);
#6548 = EDGE_CURVE('',#6443,#6518,#6549,.T.);
#6549 = LINE('',#6550,#6551);
#6550 = CARTESIAN_POINT('',(0.775,1.8,-4.E-02));
#6551 = VECTOR('',#6552,1.);
#6552 = DIRECTION('',(0.,0.,1.));
#6553 = ORIENTED_EDGE('',*,*,#6517,.T.);
#6554 = ORIENTED_EDGE('',*,*,#6110,.F.);
#6555 = PLANE('',#6556);
#6556 = AXIS2_PLACEMENT_3D('',#6557,#6558,#6559);
#6557 = CARTESIAN_POINT('',(0.775,1.8,-4.E-02));
#6558 = DIRECTION('',(0.,-1.,0.));
#6559 = DIRECTION('',(-1.,0.,0.));
#6560 = ADVANCED_FACE('',(#6561),#6595,.T.);
#6561 = FACE_BOUND('',#6562,.T.);
#6562 = EDGE_LOOP('',(#6563,#6573,#6581,#6587,#6588,#6589));
#6563 = ORIENTED_EDGE('',*,*,#6564,.F.);
#6564 = EDGE_CURVE('',#6565,#6567,#6569,.T.);
#6565 = VERTEX_POINT('',#6566);
#6566 = CARTESIAN_POINT('',(1.3,1.841165,8.E-02));
#6567 = VERTEX_POINT('',#6568);
#6568 = CARTESIAN_POINT('',(1.175,1.841165,8.E-02));
#6569 = LINE('',#6570,#6571);
#6570 = CARTESIAN_POINT('',(1.3,1.841165,8.E-02));
#6571 = VECTOR('',#6572,1.);
#6572 = DIRECTION('',(-1.,0.,0.));
#6573 = ORIENTED_EDGE('',*,*,#6574,.T.);
#6574 = EDGE_CURVE('',#6565,#6575,#6577,.T.);
#6575 = VERTEX_POINT('',#6576);
#6576 = CARTESIAN_POINT('',(1.3,1.841165,9.E-02));
#6577 = LINE('',#6578,#6579);
#6578 = CARTESIAN_POINT('',(1.3,1.841165,8.E-02));
#6579 = VECTOR('',#6580,1.);
#6580 = DIRECTION('',(0.,0.,1.));
#6581 = ORIENTED_EDGE('',*,*,#6582,.T.);
#6582 = EDGE_CURVE('',#6575,#6164,#6583,.T.);
#6583 = LINE('',#6584,#6585);
#6584 = CARTESIAN_POINT('',(1.3,1.841165,9.E-02));
#6585 = VECTOR('',#6586,1.);
#6586 = DIRECTION('',(-1.,0.,0.));
#6587 = ORIENTED_EDGE('',*,*,#6163,.F.);
#6588 = ORIENTED_EDGE('',*,*,#6533,.F.);
#6589 = ORIENTED_EDGE('',*,*,#6590,.F.);
#6590 = EDGE_CURVE('',#6567,#6526,#6591,.T.);
#6591 = LINE('',#6592,#6593);
#6592 = CARTESIAN_POINT('',(1.3,1.841165,8.E-02));
#6593 = VECTOR('',#6594,1.);
#6594 = DIRECTION('',(-1.,0.,0.));
#6595 = PLANE('',#6596);
#6596 = AXIS2_PLACEMENT_3D('',#6597,#6598,#6599);
#6597 = CARTESIAN_POINT('',(1.3,1.841165,8.E-02));
#6598 = DIRECTION('',(0.,-1.,0.));
#6599 = DIRECTION('',(-1.,0.,0.));
#6600 = ADVANCED_FACE('',(#6601),#6634,.T.);
#6601 = FACE_BOUND('',#6602,.T.);
#6602 = EDGE_LOOP('',(#6603,#6611,#6619,#6627,#6633));
#6603 = ORIENTED_EDGE('',*,*,#6604,.T.);
#6604 = EDGE_CURVE('',#6205,#6605,#6607,.T.);
#6605 = VERTEX_POINT('',#6606);
#6606 = CARTESIAN_POINT('',(-0.775,1.841165,8.E-02));
#6607 = LINE('',#6608,#6609);
#6608 = CARTESIAN_POINT('',(0.,1.841165,8.E-02));
#6609 = VECTOR('',#6610,1.);
#6610 = DIRECTION('',(-1.,0.,0.));
#6611 = ORIENTED_EDGE('',*,*,#6612,.F.);
#6612 = EDGE_CURVE('',#6613,#6605,#6615,.T.);
#6613 = VERTEX_POINT('',#6614);
#6614 = CARTESIAN_POINT('',(-0.775,1.8,8.E-02));
#6615 = LINE('',#6616,#6617);
#6616 = CARTESIAN_POINT('',(-0.775,1.8,8.E-02));
#6617 = VECTOR('',#6618,1.);
#6618 = DIRECTION('',(0.,1.,0.));
#6619 = ORIENTED_EDGE('',*,*,#6620,.F.);
#6620 = EDGE_CURVE('',#6621,#6613,#6623,.T.);
#6621 = VERTEX_POINT('',#6622);
#6622 = CARTESIAN_POINT('',(-0.525,1.8,8.E-02));
#6623 = LINE('',#6624,#6625);
#6624 = CARTESIAN_POINT('',(-0.525,1.8,8.E-02));
#6625 = VECTOR('',#6626,1.);
#6626 = DIRECTION('',(-1.,0.,0.));
#6627 = ORIENTED_EDGE('',*,*,#6628,.F.);
#6628 = EDGE_CURVE('',#6213,#6621,#6629,.T.);
#6629 = LINE('',#6630,#6631);
#6630 = CARTESIAN_POINT('',(-0.525,2.45,8.E-02));
#6631 = VECTOR('',#6632,1.);
#6632 = DIRECTION('',(0.,-1.,0.));
#6633 = ORIENTED_EDGE('',*,*,#6212,.T.);
#6634 = PLANE('',#6635);
#6635 = AXIS2_PLACEMENT_3D('',#6636,#6637,#6638);
#6636 = CARTESIAN_POINT('',(-0.65,2.125,8.E-02));
#6637 = DIRECTION('',(0.,0.,1.));
#6638 = DIRECTION('',(1.,0.,0.));
#6639 = ADVANCED_FACE('',(#6640),#6674,.T.);
#6640 = FACE_BOUND('',#6641,.T.);
#6641 = EDGE_LOOP('',(#6642,#6643,#6651,#6659,#6667,#6673));
#6642 = ORIENTED_EDGE('',*,*,#6204,.T.);
#6643 = ORIENTED_EDGE('',*,*,#6644,.T.);
#6644 = EDGE_CURVE('',#6197,#6645,#6647,.T.);
#6645 = VERTEX_POINT('',#6646);
#6646 = CARTESIAN_POINT('',(-1.3,1.841165,9.E-02));
#6647 = LINE('',#6648,#6649);
#6648 = CARTESIAN_POINT('',(0.,1.841165,9.E-02));
#6649 = VECTOR('',#6650,1.);
#6650 = DIRECTION('',(-1.,0.,0.));
#6651 = ORIENTED_EDGE('',*,*,#6652,.F.);
#6652 = EDGE_CURVE('',#6653,#6645,#6655,.T.);
#6653 = VERTEX_POINT('',#6654);
#6654 = CARTESIAN_POINT('',(-1.3,1.841165,8.E-02));
#6655 = LINE('',#6656,#6657);
#6656 = CARTESIAN_POINT('',(-1.3,1.841165,8.E-02));
#6657 = VECTOR('',#6658,1.);
#6658 = DIRECTION('',(0.,0.,1.));
#6659 = ORIENTED_EDGE('',*,*,#6660,.F.);
#6660 = EDGE_CURVE('',#6661,#6653,#6663,.T.);
#6661 = VERTEX_POINT('',#6662);
#6662 = CARTESIAN_POINT('',(-1.175,1.841165,8.E-02));
#6663 = LINE('',#6664,#6665);
#6664 = CARTESIAN_POINT('',(0.,1.841165,8.E-02));
#6665 = VECTOR('',#6666,1.);
#6666 = DIRECTION('',(-1.,0.,0.));
#6667 = ORIENTED_EDGE('',*,*,#6668,.F.);
#6668 = EDGE_CURVE('',#6605,#6661,#6669,.T.);
#6669 = LINE('',#6670,#6671);
#6670 = CARTESIAN_POINT('',(0.,1.841165,8.E-02));
#6671 = VECTOR('',#6672,1.);
#6672 = DIRECTION('',(-1.,0.,0.));
#6673 = ORIENTED_EDGE('',*,*,#6604,.F.);
#6674 = PLANE('',#6675);
#6675 = AXIS2_PLACEMENT_3D('',#6676,#6677,#6678);
#6676 = CARTESIAN_POINT('',(0.,1.841165,8.E-02));
#6677 = DIRECTION('',(0.,-1.,0.));
#6678 = DIRECTION('',(-1.,0.,0.));
#6679 = ADVANCED_FACE('',(#6680),#6716,.T.);
#6680 = FACE_BOUND('',#6681,.T.);
#6681 = EDGE_LOOP('',(#6682,#6692,#6698,#6699,#6700,#6701,#6709));
#6682 = ORIENTED_EDGE('',*,*,#6683,.F.);
#6683 = EDGE_CURVE('',#6684,#6686,#6688,.T.);
#6684 = VERTEX_POINT('',#6685);
#6685 = CARTESIAN_POINT('',(-0.525,2.45,-4.E-02));
#6686 = VERTEX_POINT('',#6687);
#6687 = CARTESIAN_POINT('',(-0.525,1.91,-4.E-02));
#6688 = LINE('',#6689,#6690);
#6689 = CARTESIAN_POINT('',(-0.525,2.45,-4.E-02));
#6690 = VECTOR('',#6691,1.);
#6691 = DIRECTION('',(0.,-1.,0.));
#6692 = ORIENTED_EDGE('',*,*,#6693,.T.);
#6693 = EDGE_CURVE('',#6684,#6255,#6694,.T.);
#6694 = LINE('',#6695,#6696);
#6695 = CARTESIAN_POINT('',(-0.525,2.45,-4.E-02));
#6696 = VECTOR('',#6697,1.);
#6697 = DIRECTION('',(0.,0.,1.));
#6698 = ORIENTED_EDGE('',*,*,#6277,.T.);
#6699 = ORIENTED_EDGE('',*,*,#6236,.T.);
#6700 = ORIENTED_EDGE('',*,*,#6628,.T.);
#6701 = ORIENTED_EDGE('',*,*,#6702,.F.);
#6702 = EDGE_CURVE('',#6703,#6621,#6705,.T.);
#6703 = VERTEX_POINT('',#6704);
#6704 = CARTESIAN_POINT('',(-0.525,1.8,7.E-02));
#6705 = LINE('',#6706,#6707);
#6706 = CARTESIAN_POINT('',(-0.525,1.8,-4.E-02));
#6707 = VECTOR('',#6708,1.);
#6708 = DIRECTION('',(0.,0.,1.));
#6709 = ORIENTED_EDGE('',*,*,#6710,.T.);
#6710 = EDGE_CURVE('',#6703,#6686,#6711,.T.);
#6711 = CIRCLE('',#6712,0.11);
#6712 = AXIS2_PLACEMENT_3D('',#6713,#6714,#6715);
#6713 = CARTESIAN_POINT('',(-0.525,1.91,7.E-02));
#6714 = DIRECTION('',(1.,-0.,0.));
#6715 = DIRECTION('',(0.,0.,-1.));
#6716 = PLANE('',#6717);
#6717 = AXIS2_PLACEMENT_3D('',#6718,#6719,#6720);
#6718 = CARTESIAN_POINT('',(-0.525,2.45,-4.E-02));
#6719 = DIRECTION('',(1.,0.,0.));
#6720 = DIRECTION('',(0.,-1.,0.));
#6721 = ADVANCED_FACE('',(#6722),#6740,.T.);
#6722 = FACE_BOUND('',#6723,.T.);
#6723 = EDGE_LOOP('',(#6724,#6732,#6733,#6734));
#6724 = ORIENTED_EDGE('',*,*,#6725,.T.);
#6725 = EDGE_CURVE('',#6726,#6253,#6728,.T.);
#6726 = VERTEX_POINT('',#6727);
#6727 = CARTESIAN_POINT('',(-0.775,2.45,-4.E-02));
#6728 = LINE('',#6729,#6730);
#6729 = CARTESIAN_POINT('',(-0.775,2.45,-4.E-02));
#6730 = VECTOR('',#6731,1.);
#6731 = DIRECTION('',(0.,0.,1.));
#6732 = ORIENTED_EDGE('',*,*,#6252,.T.);
#6733 = ORIENTED_EDGE('',*,*,#6693,.F.);
#6734 = ORIENTED_EDGE('',*,*,#6735,.F.);
#6735 = EDGE_CURVE('',#6726,#6684,#6736,.T.);
#6736 = LINE('',#6737,#6738);
#6737 = CARTESIAN_POINT('',(-0.775,2.45,-4.E-02));
#6738 = VECTOR('',#6739,1.);
#6739 = DIRECTION('',(1.,0.,0.));
#6740 = PLANE('',#6741);
#6741 = AXIS2_PLACEMENT_3D('',#6742,#6743,#6744);
#6742 = CARTESIAN_POINT('',(-0.775,2.45,-4.E-02));
#6743 = DIRECTION('',(0.,1.,0.));
#6744 = DIRECTION('',(1.,0.,0.));
#6745 = ADVANCED_FACE('',(#6746),#6780,.T.);
#6746 = FACE_BOUND('',#6747,.T.);
#6747 = EDGE_LOOP('',(#6748,#6759,#6765,#6766,#6772,#6773,#6774));
#6748 = ORIENTED_EDGE('',*,*,#6749,.F.);
#6749 = EDGE_CURVE('',#6750,#6752,#6754,.T.);
#6750 = VERTEX_POINT('',#6751);
#6751 = CARTESIAN_POINT('',(-0.775,1.8,7.E-02));
#6752 = VERTEX_POINT('',#6753);
#6753 = CARTESIAN_POINT('',(-0.775,1.91,-4.E-02));
#6754 = CIRCLE('',#6755,0.11);
#6755 = AXIS2_PLACEMENT_3D('',#6756,#6757,#6758);
#6756 = CARTESIAN_POINT('',(-0.775,1.91,7.E-02));
#6757 = DIRECTION('',(1.,-0.,0.));
#6758 = DIRECTION('',(0.,0.,-1.));
#6759 = ORIENTED_EDGE('',*,*,#6760,.T.);
#6760 = EDGE_CURVE('',#6750,#6613,#6761,.T.);
#6761 = LINE('',#6762,#6763);
#6762 = CARTESIAN_POINT('',(-0.775,1.8,-4.E-02));
#6763 = VECTOR('',#6764,1.);
#6764 = DIRECTION('',(0.,0.,1.));
#6765 = ORIENTED_EDGE('',*,*,#6612,.T.);
#6766 = ORIENTED_EDGE('',*,*,#6767,.T.);
#6767 = EDGE_CURVE('',#6605,#6263,#6768,.T.);
#6768 = LINE('',#6769,#6770);
#6769 = CARTESIAN_POINT('',(-0.775,1.8,8.E-02));
#6770 = VECTOR('',#6771,1.);
#6771 = DIRECTION('',(0.,1.,0.));
#6772 = ORIENTED_EDGE('',*,*,#6262,.T.);
#6773 = ORIENTED_EDGE('',*,*,#6725,.F.);
#6774 = ORIENTED_EDGE('',*,*,#6775,.F.);
#6775 = EDGE_CURVE('',#6752,#6726,#6776,.T.);
#6776 = LINE('',#6777,#6778);
#6777 = CARTESIAN_POINT('',(-0.775,1.8,-4.E-02));
#6778 = VECTOR('',#6779,1.);
#6779 = DIRECTION('',(0.,1.,0.));
#6780 = PLANE('',#6781);
#6781 = AXIS2_PLACEMENT_3D('',#6782,#6783,#6784);
#6782 = CARTESIAN_POINT('',(-0.775,1.8,-4.E-02));
#6783 = DIRECTION('',(-1.,0.,0.));
#6784 = DIRECTION('',(0.,1.,0.));
#6785 = ADVANCED_FACE('',(#6786),#6797,.T.);
#6786 = FACE_BOUND('',#6787,.T.);
#6787 = EDGE_LOOP('',(#6788,#6789,#6795,#6796));
#6788 = ORIENTED_EDGE('',*,*,#6331,.F.);
#6789 = ORIENTED_EDGE('',*,*,#6790,.F.);
#6790 = EDGE_CURVE('',#6645,#6324,#6791,.T.);
#6791 = LINE('',#6792,#6793);
#6792 = CARTESIAN_POINT('',(-1.3,1.841165,9.E-02));
#6793 = VECTOR('',#6794,1.);
#6794 = DIRECTION('',(0.,1.,0.));
#6795 = ORIENTED_EDGE('',*,*,#6644,.F.);
#6796 = ORIENTED_EDGE('',*,*,#6292,.T.);
#6797 = PLANE('',#6798);
#6798 = AXIS2_PLACEMENT_3D('',#6799,#6800,#6801);
#6799 = CARTESIAN_POINT('',(-0.65,1.8721125,9.E-02));
#6800 = DIRECTION('',(-9.918046738399E-50,-1.61958167833E-30,1.));
#6801 = DIRECTION('',(0.,1.,1.61958167833E-30));
#6802 = ADVANCED_FACE('',(#6803),#6851,.T.);
#6803 = FACE_BOUND('',#6804,.T.);
#6804 = EDGE_LOOP('',(#6805,#6815,#6823,#6831,#6837,#6838,#6844,#6845));
#6805 = ORIENTED_EDGE('',*,*,#6806,.F.);
#6806 = EDGE_CURVE('',#6807,#6809,#6811,.T.);
#6807 = VERTEX_POINT('',#6808);
#6808 = CARTESIAN_POINT('',(-1.425,2.45,8.E-02));
#6809 = VERTEX_POINT('',#6810);
#6810 = CARTESIAN_POINT('',(-1.175,2.45,8.E-02));
#6811 = LINE('',#6812,#6813);
#6812 = CARTESIAN_POINT('',(-1.425,2.45,8.E-02));
#6813 = VECTOR('',#6814,1.);
#6814 = DIRECTION('',(1.,0.,0.));
#6815 = ORIENTED_EDGE('',*,*,#6816,.F.);
#6816 = EDGE_CURVE('',#6817,#6807,#6819,.T.);
#6817 = VERTEX_POINT('',#6818);
#6818 = CARTESIAN_POINT('',(-1.425,1.8,8.E-02));
#6819 = LINE('',#6820,#6821);
#6820 = CARTESIAN_POINT('',(-1.425,1.8,8.E-02));
#6821 = VECTOR('',#6822,1.);
#6822 = DIRECTION('',(0.,1.,0.));
#6823 = ORIENTED_EDGE('',*,*,#6824,.F.);
#6824 = EDGE_CURVE('',#6825,#6817,#6827,.T.);
#6825 = VERTEX_POINT('',#6826);
#6826 = CARTESIAN_POINT('',(-1.175,1.8,8.E-02));
#6827 = LINE('',#6828,#6829);
#6828 = CARTESIAN_POINT('',(-1.175,1.8,8.E-02));
#6829 = VECTOR('',#6830,1.);
#6830 = DIRECTION('',(-1.,0.,0.));
#6831 = ORIENTED_EDGE('',*,*,#6832,.F.);
#6832 = EDGE_CURVE('',#6661,#6825,#6833,.T.);
#6833 = LINE('',#6834,#6835);
#6834 = CARTESIAN_POINT('',(-1.175,2.45,8.E-02));
#6835 = VECTOR('',#6836,1.);
#6836 = DIRECTION('',(0.,-1.,0.));
#6837 = ORIENTED_EDGE('',*,*,#6660,.T.);
#6838 = ORIENTED_EDGE('',*,*,#6839,.T.);
#6839 = EDGE_CURVE('',#6653,#6314,#6840,.T.);
#6840 = LINE('',#6841,#6842);
#6841 = CARTESIAN_POINT('',(-1.3,1.841165,8.E-02));
#6842 = VECTOR('',#6843,1.);
#6843 = DIRECTION('',(0.,1.,0.));
#6844 = ORIENTED_EDGE('',*,*,#6313,.T.);
#6845 = ORIENTED_EDGE('',*,*,#6846,.F.);
#6846 = EDGE_CURVE('',#6809,#6316,#6847,.T.);
#6847 = LINE('',#6848,#6849);
#6848 = CARTESIAN_POINT('',(-1.175,2.45,8.E-02));
#6849 = VECTOR('',#6850,1.);
#6850 = DIRECTION('',(0.,-1.,0.));
#6851 = PLANE('',#6852);
#6852 = AXIS2_PLACEMENT_3D('',#6853,#6854,#6855);
#6853 = CARTESIAN_POINT('',(-1.3,2.125,8.E-02));
#6854 = DIRECTION('',(0.,0.,1.));
#6855 = DIRECTION('',(1.,0.,0.));
#6856 = ADVANCED_FACE('',(#6857),#6868,.F.);
#6857 = FACE_BOUND('',#6858,.F.);
#6858 = EDGE_LOOP('',(#6859,#6860,#6866,#6867));
#6859 = ORIENTED_EDGE('',*,*,#6339,.F.);
#6860 = ORIENTED_EDGE('',*,*,#6861,.T.);
#6861 = EDGE_CURVE('',#6316,#6661,#6862,.T.);
#6862 = LINE('',#6863,#6864);
#6863 = CARTESIAN_POINT('',(-1.175,2.45,8.E-02));
#6864 = VECTOR('',#6865,1.);
#6865 = DIRECTION('',(0.,-1.,0.));
#6866 = ORIENTED_EDGE('',*,*,#6668,.F.);
#6867 = ORIENTED_EDGE('',*,*,#6767,.T.);
#6868 = PLANE('',#6869);
#6869 = AXIS2_PLACEMENT_3D('',#6870,#6871,#6872);
#6870 = CARTESIAN_POINT('',(-0.65,1.8721125,8.E-02));
#6871 = DIRECTION('',(-9.918046738399E-50,-1.61958167833E-30,1.));
#6872 = DIRECTION('',(0.,1.,1.61958167833E-30));
#6873 = ADVANCED_FACE('',(#6874),#6880,.T.);
#6874 = FACE_BOUND('',#6875,.T.);
#6875 = EDGE_LOOP('',(#6876,#6877,#6878,#6879));
#6876 = ORIENTED_EDGE('',*,*,#6652,.T.);
#6877 = ORIENTED_EDGE('',*,*,#6790,.T.);
#6878 = ORIENTED_EDGE('',*,*,#6323,.F.);
#6879 = ORIENTED_EDGE('',*,*,#6839,.F.);
#6880 = PLANE('',#6881);
#6881 = AXIS2_PLACEMENT_3D('',#6882,#6883,#6884);
#6882 = CARTESIAN_POINT('',(-1.3,1.841165,8.E-02));
#6883 = DIRECTION('',(-1.,0.,0.));
#6884 = DIRECTION('',(0.,1.,0.));
#6885 = ADVANCED_FACE('',(#6886),#6900,.T.);
#6886 = FACE_BOUND('',#6887,.T.);
#6887 = EDGE_LOOP('',(#6888,#6889,#6890,#6891,#6897,#6898,#6899));
#6888 = ORIENTED_EDGE('',*,*,#6484,.F.);
#6889 = ORIENTED_EDGE('',*,*,#6500,.T.);
#6890 = ORIENTED_EDGE('',*,*,#6371,.T.);
#6891 = ORIENTED_EDGE('',*,*,#6892,.T.);
#6892 = EDGE_CURVE('',#6364,#6526,#6893,.T.);
#6893 = LINE('',#6894,#6895);
#6894 = CARTESIAN_POINT('',(0.775,2.45,8.E-02));
#6895 = VECTOR('',#6896,1.);
#6896 = DIRECTION('',(0.,-1.,0.));
#6897 = ORIENTED_EDGE('',*,*,#6525,.T.);
#6898 = ORIENTED_EDGE('',*,*,#6548,.F.);
#6899 = ORIENTED_EDGE('',*,*,#6442,.T.);
#6900 = PLANE('',#6901);
#6901 = AXIS2_PLACEMENT_3D('',#6902,#6903,#6904);
#6902 = CARTESIAN_POINT('',(0.775,2.45,-4.E-02));
#6903 = DIRECTION('',(1.,0.,0.));
#6904 = DIRECTION('',(0.,-1.,0.));
#6905 = ADVANCED_FACE('',(#6906),#6917,.F.);
#6906 = FACE_BOUND('',#6907,.F.);
#6907 = EDGE_LOOP('',(#6908,#6909,#6910,#6911));
#6908 = ORIENTED_EDGE('',*,*,#6410,.F.);
#6909 = ORIENTED_EDGE('',*,*,#6892,.T.);
#6910 = ORIENTED_EDGE('',*,*,#6590,.F.);
#6911 = ORIENTED_EDGE('',*,*,#6912,.T.);
#6912 = EDGE_CURVE('',#6567,#6403,#6913,.T.);
#6913 = LINE('',#6914,#6915);
#6914 = CARTESIAN_POINT('',(1.175,1.8,8.E-02));
#6915 = VECTOR('',#6916,1.);
#6916 = DIRECTION('',(0.,1.,0.));
#6917 = PLANE('',#6918);
#6918 = AXIS2_PLACEMENT_3D('',#6919,#6920,#6921);
#6919 = CARTESIAN_POINT('',(0.65,1.8721125,8.E-02));
#6920 = DIRECTION('',(-9.918046738399E-50,-1.61958167833E-30,1.));
#6921 = DIRECTION('',(0.,1.,1.61958167833E-30));
#6922 = ADVANCED_FACE('',(#6923),#6971,.T.);
#6923 = FACE_BOUND('',#6924,.T.);
#6924 = EDGE_LOOP('',(#6925,#6935,#6941,#6942,#6948,#6949,#6957,#6965));
#6925 = ORIENTED_EDGE('',*,*,#6926,.F.);
#6926 = EDGE_CURVE('',#6927,#6929,#6931,.T.);
#6927 = VERTEX_POINT('',#6928);
#6928 = CARTESIAN_POINT('',(1.175,2.45,8.E-02));
#6929 = VERTEX_POINT('',#6930);
#6930 = CARTESIAN_POINT('',(1.425,2.45,8.E-02));
#6931 = LINE('',#6932,#6933);
#6932 = CARTESIAN_POINT('',(1.175,2.45,8.E-02));
#6933 = VECTOR('',#6934,1.);
#6934 = DIRECTION('',(1.,0.,0.));
#6935 = ORIENTED_EDGE('',*,*,#6936,.F.);
#6936 = EDGE_CURVE('',#6403,#6927,#6937,.T.);
#6937 = LINE('',#6938,#6939);
#6938 = CARTESIAN_POINT('',(1.175,1.8,8.E-02));
#6939 = VECTOR('',#6940,1.);
#6940 = DIRECTION('',(0.,1.,0.));
#6941 = ORIENTED_EDGE('',*,*,#6402,.T.);
#6942 = ORIENTED_EDGE('',*,*,#6943,.T.);
#6943 = EDGE_CURVE('',#6395,#6565,#6944,.T.);
#6944 = LINE('',#6945,#6946);
#6945 = CARTESIAN_POINT('',(1.3,1.90306,8.E-02));
#6946 = VECTOR('',#6947,1.);
#6947 = DIRECTION('',(0.,-1.,0.));
#6948 = ORIENTED_EDGE('',*,*,#6564,.T.);
#6949 = ORIENTED_EDGE('',*,*,#6950,.F.);
#6950 = EDGE_CURVE('',#6951,#6567,#6953,.T.);
#6951 = VERTEX_POINT('',#6952);
#6952 = CARTESIAN_POINT('',(1.175,1.8,8.E-02));
#6953 = LINE('',#6954,#6955);
#6954 = CARTESIAN_POINT('',(1.175,1.8,8.E-02));
#6955 = VECTOR('',#6956,1.);
#6956 = DIRECTION('',(0.,1.,0.));
#6957 = ORIENTED_EDGE('',*,*,#6958,.F.);
#6958 = EDGE_CURVE('',#6959,#6951,#6961,.T.);
#6959 = VERTEX_POINT('',#6960);
#6960 = CARTESIAN_POINT('',(1.425,1.8,8.E-02));
#6961 = LINE('',#6962,#6963);
#6962 = CARTESIAN_POINT('',(1.425,1.8,8.E-02));
#6963 = VECTOR('',#6964,1.);
#6964 = DIRECTION('',(-1.,0.,0.));
#6965 = ORIENTED_EDGE('',*,*,#6966,.F.);
#6966 = EDGE_CURVE('',#6929,#6959,#6967,.T.);
#6967 = LINE('',#6968,#6969);
#6968 = CARTESIAN_POINT('',(1.425,2.45,8.E-02));
#6969 = VECTOR('',#6970,1.);
#6970 = DIRECTION('',(0.,-1.,0.));
#6971 = PLANE('',#6972);
#6972 = AXIS2_PLACEMENT_3D('',#6973,#6974,#6975);
#6973 = CARTESIAN_POINT('',(1.3,2.125,8.E-02));
#6974 = DIRECTION('',(0.,0.,1.));
#6975 = DIRECTION('',(1.,0.,0.));
#6976 = ADVANCED_FACE('',(#6977),#6988,.T.);
#6977 = FACE_BOUND('',#6978,.T.);
#6978 = EDGE_LOOP('',(#6979,#6980,#6986,#6987));
#6979 = ORIENTED_EDGE('',*,*,#6394,.T.);
#6980 = ORIENTED_EDGE('',*,*,#6981,.T.);
#6981 = EDGE_CURVE('',#6387,#6575,#6982,.T.);
#6982 = LINE('',#6983,#6984);
#6983 = CARTESIAN_POINT('',(1.3,1.90306,9.E-02));
#6984 = VECTOR('',#6985,1.);
#6985 = DIRECTION('',(0.,-1.,0.));
#6986 = ORIENTED_EDGE('',*,*,#6574,.F.);
#6987 = ORIENTED_EDGE('',*,*,#6943,.F.);
#6988 = PLANE('',#6989);
#6989 = AXIS2_PLACEMENT_3D('',#6990,#6991,#6992);
#6990 = CARTESIAN_POINT('',(1.3,1.90306,8.E-02));
#6991 = DIRECTION('',(1.,0.,0.));
#6992 = DIRECTION('',(0.,-1.,0.));
#6993 = ADVANCED_FACE('',(#6994),#7000,.T.);
#6994 = FACE_BOUND('',#6995,.T.);
#6995 = EDGE_LOOP('',(#6996,#6997,#6998,#6999));
#6996 = ORIENTED_EDGE('',*,*,#6386,.F.);
#6997 = ORIENTED_EDGE('',*,*,#6428,.T.);
#6998 = ORIENTED_EDGE('',*,*,#6582,.F.);
#6999 = ORIENTED_EDGE('',*,*,#6981,.F.);
#7000 = PLANE('',#7001);
#7001 = AXIS2_PLACEMENT_3D('',#7002,#7003,#7004);
#7002 = CARTESIAN_POINT('',(0.65,1.8721125,9.E-02));
#7003 = DIRECTION('',(-9.918046738399E-50,-1.61958167833E-30,1.));
#7004 = DIRECTION('',(0.,1.,1.61958167833E-30));
#7005 = ADVANCED_FACE('',(#7006),#7017,.T.);
#7006 = FACE_BOUND('',#7007,.T.);
#7007 = EDGE_LOOP('',(#7008,#7014,#7015,#7016));
#7008 = ORIENTED_EDGE('',*,*,#7009,.F.);
#7009 = EDGE_CURVE('',#6703,#6750,#7010,.T.);
#7010 = LINE('',#7011,#7012);
#7011 = CARTESIAN_POINT('',(-0.525,1.8,7.E-02));
#7012 = VECTOR('',#7013,1.);
#7013 = DIRECTION('',(-1.,0.,0.));
#7014 = ORIENTED_EDGE('',*,*,#6702,.T.);
#7015 = ORIENTED_EDGE('',*,*,#6620,.T.);
#7016 = ORIENTED_EDGE('',*,*,#6760,.F.);
#7017 = PLANE('',#7018);
#7018 = AXIS2_PLACEMENT_3D('',#7019,#7020,#7021);
#7019 = CARTESIAN_POINT('',(-0.525,1.8,-4.E-02));
#7020 = DIRECTION('',(0.,-1.,0.));
#7021 = DIRECTION('',(-1.,0.,0.));
#7022 = ADVANCED_FACE('',(#7023),#7034,.F.);
#7023 = FACE_BOUND('',#7024,.F.);
#7024 = EDGE_LOOP('',(#7025,#7026,#7027,#7033));
#7025 = ORIENTED_EDGE('',*,*,#6735,.F.);
#7026 = ORIENTED_EDGE('',*,*,#6775,.F.);
#7027 = ORIENTED_EDGE('',*,*,#7028,.F.);
#7028 = EDGE_CURVE('',#6686,#6752,#7029,.T.);
#7029 = LINE('',#7030,#7031);
#7030 = CARTESIAN_POINT('',(-0.525,1.91,-4.E-02));
#7031 = VECTOR('',#7032,1.);
#7032 = DIRECTION('',(-1.,0.,0.));
#7033 = ORIENTED_EDGE('',*,*,#6683,.F.);
#7034 = PLANE('',#7035);
#7035 = AXIS2_PLACEMENT_3D('',#7036,#7037,#7038);
#7036 = CARTESIAN_POINT('',(-0.65,2.125,-4.E-02));
#7037 = DIRECTION('',(0.,0.,1.));
#7038 = DIRECTION('',(1.,0.,0.));
#7039 = ADVANCED_FACE('',(#7040),#7046,.T.);
#7040 = FACE_BOUND('',#7041,.F.);
#7041 = EDGE_LOOP('',(#7042,#7043,#7044,#7045));
#7042 = ORIENTED_EDGE('',*,*,#6710,.T.);
#7043 = ORIENTED_EDGE('',*,*,#7028,.T.);
#7044 = ORIENTED_EDGE('',*,*,#6749,.F.);
#7045 = ORIENTED_EDGE('',*,*,#7009,.F.);
#7046 = CYLINDRICAL_SURFACE('',#7047,0.11);
#7047 = AXIS2_PLACEMENT_3D('',#7048,#7049,#7050);
#7048 = CARTESIAN_POINT('',(-0.525,1.91,7.E-02));
#7049 = DIRECTION('',(-1.,0.,0.));
#7050 = DIRECTION('',(0.,-1.,0.));
#7051 = ADVANCED_FACE('',(#7052),#7077,.T.);
#7052 = FACE_BOUND('',#7053,.T.);
#7053 = EDGE_LOOP('',(#7054,#7062,#7063,#7071));
#7054 = ORIENTED_EDGE('',*,*,#7055,.T.);
#7055 = EDGE_CURVE('',#7056,#6807,#7058,.T.);
#7056 = VERTEX_POINT('',#7057);
#7057 = CARTESIAN_POINT('',(-1.425,2.45,-4.E-02));
#7058 = LINE('',#7059,#7060);
#7059 = CARTESIAN_POINT('',(-1.425,2.45,-4.E-02));
#7060 = VECTOR('',#7061,1.);
#7061 = DIRECTION('',(0.,0.,1.));
#7062 = ORIENTED_EDGE('',*,*,#6806,.T.);
#7063 = ORIENTED_EDGE('',*,*,#7064,.F.);
#7064 = EDGE_CURVE('',#7065,#6809,#7067,.T.);
#7065 = VERTEX_POINT('',#7066);
#7066 = CARTESIAN_POINT('',(-1.175,2.45,-4.E-02));
#7067 = LINE('',#7068,#7069);
#7068 = CARTESIAN_POINT('',(-1.175,2.45,-4.E-02));
#7069 = VECTOR('',#7070,1.);
#7070 = DIRECTION('',(0.,0.,1.));
#7071 = ORIENTED_EDGE('',*,*,#7072,.F.);
#7072 = EDGE_CURVE('',#7056,#7065,#7073,.T.);
#7073 = LINE('',#7074,#7075);
#7074 = CARTESIAN_POINT('',(-1.425,2.45,-4.E-02));
#7075 = VECTOR('',#7076,1.);
#7076 = DIRECTION('',(1.,0.,0.));
#7077 = PLANE('',#7078);
#7078 = AXIS2_PLACEMENT_3D('',#7079,#7080,#7081);
#7079 = CARTESIAN_POINT('',(-1.425,2.45,-4.E-02));
#7080 = DIRECTION('',(0.,1.,0.));
#7081 = DIRECTION('',(1.,0.,0.));
#7082 = ADVANCED_FACE('',(#7083),#7112,.T.);
#7083 = FACE_BOUND('',#7084,.T.);
#7084 = EDGE_LOOP('',(#7085,#7093,#7094,#7095,#7096,#7097,#7105));
#7085 = ORIENTED_EDGE('',*,*,#7086,.F.);
#7086 = EDGE_CURVE('',#7065,#7087,#7089,.T.);
#7087 = VERTEX_POINT('',#7088);
#7088 = CARTESIAN_POINT('',(-1.175,1.91,-4.E-02));
#7089 = LINE('',#7090,#7091);
#7090 = CARTESIAN_POINT('',(-1.175,2.45,-4.E-02));
#7091 = VECTOR('',#7092,1.);
#7092 = DIRECTION('',(0.,-1.,0.));
#7093 = ORIENTED_EDGE('',*,*,#7064,.T.);
#7094 = ORIENTED_EDGE('',*,*,#6846,.T.);
#7095 = ORIENTED_EDGE('',*,*,#6861,.T.);
#7096 = ORIENTED_EDGE('',*,*,#6832,.T.);
#7097 = ORIENTED_EDGE('',*,*,#7098,.F.);
#7098 = EDGE_CURVE('',#7099,#6825,#7101,.T.);
#7099 = VERTEX_POINT('',#7100);
#7100 = CARTESIAN_POINT('',(-1.175,1.8,7.E-02));
#7101 = LINE('',#7102,#7103);
#7102 = CARTESIAN_POINT('',(-1.175,1.8,-4.E-02));
#7103 = VECTOR('',#7104,1.);
#7104 = DIRECTION('',(0.,0.,1.));
#7105 = ORIENTED_EDGE('',*,*,#7106,.T.);
#7106 = EDGE_CURVE('',#7099,#7087,#7107,.T.);
#7107 = CIRCLE('',#7108,0.11);
#7108 = AXIS2_PLACEMENT_3D('',#7109,#7110,#7111);
#7109 = CARTESIAN_POINT('',(-1.175,1.91,7.E-02));
#7110 = DIRECTION('',(1.,-0.,0.));
#7111 = DIRECTION('',(0.,0.,-1.));
#7112 = PLANE('',#7113);
#7113 = AXIS2_PLACEMENT_3D('',#7114,#7115,#7116);
#7114 = CARTESIAN_POINT('',(-1.175,2.45,-4.E-02));
#7115 = DIRECTION('',(1.,0.,0.));
#7116 = DIRECTION('',(0.,-1.,0.));
#7117 = ADVANCED_FACE('',(#7118),#7136,.T.);
#7118 = FACE_BOUND('',#7119,.T.);
#7119 = EDGE_LOOP('',(#7120,#7128,#7129,#7130));
#7120 = ORIENTED_EDGE('',*,*,#7121,.F.);
#7121 = EDGE_CURVE('',#7099,#7122,#7124,.T.);
#7122 = VERTEX_POINT('',#7123);
#7123 = CARTESIAN_POINT('',(-1.425,1.8,7.E-02));
#7124 = LINE('',#7125,#7126);
#7125 = CARTESIAN_POINT('',(-1.175,1.8,7.E-02));
#7126 = VECTOR('',#7127,1.);
#7127 = DIRECTION('',(-1.,0.,0.));
#7128 = ORIENTED_EDGE('',*,*,#7098,.T.);
#7129 = ORIENTED_EDGE('',*,*,#6824,.T.);
#7130 = ORIENTED_EDGE('',*,*,#7131,.F.);
#7131 = EDGE_CURVE('',#7122,#6817,#7132,.T.);
#7132 = LINE('',#7133,#7134);
#7133 = CARTESIAN_POINT('',(-1.425,1.8,-4.E-02));
#7134 = VECTOR('',#7135,1.);
#7135 = DIRECTION('',(0.,0.,1.));
#7136 = PLANE('',#7137);
#7137 = AXIS2_PLACEMENT_3D('',#7138,#7139,#7140);
#7138 = CARTESIAN_POINT('',(-1.175,1.8,-4.E-02));
#7139 = DIRECTION('',(0.,-1.,0.));
#7140 = DIRECTION('',(-1.,0.,0.));
#7141 = ADVANCED_FACE('',(#7142),#7162,.T.);
#7142 = FACE_BOUND('',#7143,.T.);
#7143 = EDGE_LOOP('',(#7144,#7153,#7154,#7155,#7156));
#7144 = ORIENTED_EDGE('',*,*,#7145,.F.);
#7145 = EDGE_CURVE('',#7122,#7146,#7148,.T.);
#7146 = VERTEX_POINT('',#7147);
#7147 = CARTESIAN_POINT('',(-1.425,1.91,-4.E-02));
#7148 = CIRCLE('',#7149,0.11);
#7149 = AXIS2_PLACEMENT_3D('',#7150,#7151,#7152);
#7150 = CARTESIAN_POINT('',(-1.425,1.91,7.E-02));
#7151 = DIRECTION('',(1.,-0.,0.));
#7152 = DIRECTION('',(0.,0.,-1.));
#7153 = ORIENTED_EDGE('',*,*,#7131,.T.);
#7154 = ORIENTED_EDGE('',*,*,#6816,.T.);
#7155 = ORIENTED_EDGE('',*,*,#7055,.F.);
#7156 = ORIENTED_EDGE('',*,*,#7157,.F.);
#7157 = EDGE_CURVE('',#7146,#7056,#7158,.T.);
#7158 = LINE('',#7159,#7160);
#7159 = CARTESIAN_POINT('',(-1.425,1.8,-4.E-02));
#7160 = VECTOR('',#7161,1.);
#7161 = DIRECTION('',(0.,1.,0.));
#7162 = PLANE('',#7163);
#7163 = AXIS2_PLACEMENT_3D('',#7164,#7165,#7166);
#7164 = CARTESIAN_POINT('',(-1.425,1.8,-4.E-02));
#7165 = DIRECTION('',(-1.,0.,0.));
#7166 = DIRECTION('',(0.,1.,0.));
#7167 = ADVANCED_FACE('',(#7168),#7204,.T.);
#7168 = FACE_BOUND('',#7169,.T.);
#7169 = EDGE_LOOP('',(#7170,#7181,#7187,#7188,#7189,#7190,#7198));
#7170 = ORIENTED_EDGE('',*,*,#7171,.F.);
#7171 = EDGE_CURVE('',#7172,#7174,#7176,.T.);
#7172 = VERTEX_POINT('',#7173);
#7173 = CARTESIAN_POINT('',(1.175,1.8,7.E-02));
#7174 = VERTEX_POINT('',#7175);
#7175 = CARTESIAN_POINT('',(1.175,1.91,-4.E-02));
#7176 = CIRCLE('',#7177,0.11);
#7177 = AXIS2_PLACEMENT_3D('',#7178,#7179,#7180);
#7178 = CARTESIAN_POINT('',(1.175,1.91,7.E-02));
#7179 = DIRECTION('',(1.,-0.,0.));
#7180 = DIRECTION('',(0.,0.,-1.));
#7181 = ORIENTED_EDGE('',*,*,#7182,.T.);
#7182 = EDGE_CURVE('',#7172,#6951,#7183,.T.);
#7183 = LINE('',#7184,#7185);
#7184 = CARTESIAN_POINT('',(1.175,1.8,-4.E-02));
#7185 = VECTOR('',#7186,1.);
#7186 = DIRECTION('',(0.,0.,1.));
#7187 = ORIENTED_EDGE('',*,*,#6950,.T.);
#7188 = ORIENTED_EDGE('',*,*,#6912,.T.);
#7189 = ORIENTED_EDGE('',*,*,#6936,.T.);
#7190 = ORIENTED_EDGE('',*,*,#7191,.F.);
#7191 = EDGE_CURVE('',#7192,#6927,#7194,.T.);
#7192 = VERTEX_POINT('',#7193);
#7193 = CARTESIAN_POINT('',(1.175,2.45,-4.E-02));
#7194 = LINE('',#7195,#7196);
#7195 = CARTESIAN_POINT('',(1.175,2.45,-4.E-02));
#7196 = VECTOR('',#7197,1.);
#7197 = DIRECTION('',(0.,0.,1.));
#7198 = ORIENTED_EDGE('',*,*,#7199,.F.);
#7199 = EDGE_CURVE('',#7174,#7192,#7200,.T.);
#7200 = LINE('',#7201,#7202);
#7201 = CARTESIAN_POINT('',(1.175,1.8,-4.E-02));
#7202 = VECTOR('',#7203,1.);
#7203 = DIRECTION('',(0.,1.,0.));
#7204 = PLANE('',#7205);
#7205 = AXIS2_PLACEMENT_3D('',#7206,#7207,#7208);
#7206 = CARTESIAN_POINT('',(1.175,1.8,-4.E-02));
#7207 = DIRECTION('',(-1.,0.,0.));
#7208 = DIRECTION('',(0.,1.,0.));
#7209 = ADVANCED_FACE('',(#7210),#7228,.T.);
#7210 = FACE_BOUND('',#7211,.T.);
#7211 = EDGE_LOOP('',(#7212,#7213,#7214,#7222));
#7212 = ORIENTED_EDGE('',*,*,#7191,.T.);
#7213 = ORIENTED_EDGE('',*,*,#6926,.T.);
#7214 = ORIENTED_EDGE('',*,*,#7215,.F.);
#7215 = EDGE_CURVE('',#7216,#6929,#7218,.T.);
#7216 = VERTEX_POINT('',#7217);
#7217 = CARTESIAN_POINT('',(1.425,2.45,-4.E-02));
#7218 = LINE('',#7219,#7220);
#7219 = CARTESIAN_POINT('',(1.425,2.45,-4.E-02));
#7220 = VECTOR('',#7221,1.);
#7221 = DIRECTION('',(0.,0.,1.));
#7222 = ORIENTED_EDGE('',*,*,#7223,.F.);
#7223 = EDGE_CURVE('',#7192,#7216,#7224,.T.);
#7224 = LINE('',#7225,#7226);
#7225 = CARTESIAN_POINT('',(1.175,2.45,-4.E-02));
#7226 = VECTOR('',#7227,1.);
#7227 = DIRECTION('',(1.,0.,0.));
#7228 = PLANE('',#7229);
#7229 = AXIS2_PLACEMENT_3D('',#7230,#7231,#7232);
#7230 = CARTESIAN_POINT('',(1.175,2.45,-4.E-02));
#7231 = DIRECTION('',(0.,1.,0.));
#7232 = DIRECTION('',(1.,0.,0.));
#7233 = ADVANCED_FACE('',(#7234),#7261,.T.);
#7234 = FACE_BOUND('',#7235,.T.);
#7235 = EDGE_LOOP('',(#7236,#7244,#7245,#7246,#7254));
#7236 = ORIENTED_EDGE('',*,*,#7237,.F.);
#7237 = EDGE_CURVE('',#7216,#7238,#7240,.T.);
#7238 = VERTEX_POINT('',#7239);
#7239 = CARTESIAN_POINT('',(1.425,1.91,-4.E-02));
#7240 = LINE('',#7241,#7242);
#7241 = CARTESIAN_POINT('',(1.425,2.45,-4.E-02));
#7242 = VECTOR('',#7243,1.);
#7243 = DIRECTION('',(0.,-1.,0.));
#7244 = ORIENTED_EDGE('',*,*,#7215,.T.);
#7245 = ORIENTED_EDGE('',*,*,#6966,.T.);
#7246 = ORIENTED_EDGE('',*,*,#7247,.F.);
#7247 = EDGE_CURVE('',#7248,#6959,#7250,.T.);
#7248 = VERTEX_POINT('',#7249);
#7249 = CARTESIAN_POINT('',(1.425,1.8,7.E-02));
#7250 = LINE('',#7251,#7252);
#7251 = CARTESIAN_POINT('',(1.425,1.8,-4.E-02));
#7252 = VECTOR('',#7253,1.);
#7253 = DIRECTION('',(0.,0.,1.));
#7254 = ORIENTED_EDGE('',*,*,#7255,.T.);
#7255 = EDGE_CURVE('',#7248,#7238,#7256,.T.);
#7256 = CIRCLE('',#7257,0.11);
#7257 = AXIS2_PLACEMENT_3D('',#7258,#7259,#7260);
#7258 = CARTESIAN_POINT('',(1.425,1.91,7.E-02));
#7259 = DIRECTION('',(1.,-0.,0.));
#7260 = DIRECTION('',(0.,0.,-1.));
#7261 = PLANE('',#7262);
#7262 = AXIS2_PLACEMENT_3D('',#7263,#7264,#7265);
#7263 = CARTESIAN_POINT('',(1.425,2.45,-4.E-02));
#7264 = DIRECTION('',(1.,0.,0.));
#7265 = DIRECTION('',(0.,-1.,0.));
#7266 = ADVANCED_FACE('',(#7267),#7278,.T.);
#7267 = FACE_BOUND('',#7268,.T.);
#7268 = EDGE_LOOP('',(#7269,#7275,#7276,#7277));
#7269 = ORIENTED_EDGE('',*,*,#7270,.F.);
#7270 = EDGE_CURVE('',#7248,#7172,#7271,.T.);
#7271 = LINE('',#7272,#7273);
#7272 = CARTESIAN_POINT('',(1.425,1.8,7.E-02));
#7273 = VECTOR('',#7274,1.);
#7274 = DIRECTION('',(-1.,0.,0.));
#7275 = ORIENTED_EDGE('',*,*,#7247,.T.);
#7276 = ORIENTED_EDGE('',*,*,#6958,.T.);
#7277 = ORIENTED_EDGE('',*,*,#7182,.F.);
#7278 = PLANE('',#7279);
#7279 = AXIS2_PLACEMENT_3D('',#7280,#7281,#7282);
#7280 = CARTESIAN_POINT('',(1.425,1.8,-4.E-02));
#7281 = DIRECTION('',(0.,-1.,0.));
#7282 = DIRECTION('',(-1.,0.,0.));
#7283 = ADVANCED_FACE('',(#7284),#7295,.F.);
#7284 = FACE_BOUND('',#7285,.F.);
#7285 = EDGE_LOOP('',(#7286,#7287,#7288,#7294));
#7286 = ORIENTED_EDGE('',*,*,#7072,.F.);
#7287 = ORIENTED_EDGE('',*,*,#7157,.F.);
#7288 = ORIENTED_EDGE('',*,*,#7289,.F.);
#7289 = EDGE_CURVE('',#7087,#7146,#7290,.T.);
#7290 = LINE('',#7291,#7292);
#7291 = CARTESIAN_POINT('',(-1.175,1.91,-4.E-02));
#7292 = VECTOR('',#7293,1.);
#7293 = DIRECTION('',(-1.,0.,0.));
#7294 = ORIENTED_EDGE('',*,*,#7086,.F.);
#7295 = PLANE('',#7296);
#7296 = AXIS2_PLACEMENT_3D('',#7297,#7298,#7299);
#7297 = CARTESIAN_POINT('',(-1.3,2.125,-4.E-02));
#7298 = DIRECTION('',(0.,0.,1.));
#7299 = DIRECTION('',(1.,0.,0.));
#7300 = ADVANCED_FACE('',(#7301),#7307,.T.);
#7301 = FACE_BOUND('',#7302,.F.);
#7302 = EDGE_LOOP('',(#7303,#7304,#7305,#7306));
#7303 = ORIENTED_EDGE('',*,*,#7106,.T.);
#7304 = ORIENTED_EDGE('',*,*,#7289,.T.);
#7305 = ORIENTED_EDGE('',*,*,#7145,.F.);
#7306 = ORIENTED_EDGE('',*,*,#7121,.F.);
#7307 = CYLINDRICAL_SURFACE('',#7308,0.11);
#7308 = AXIS2_PLACEMENT_3D('',#7309,#7310,#7311);
#7309 = CARTESIAN_POINT('',(-1.175,1.91,7.E-02));
#7310 = DIRECTION('',(-1.,0.,0.));
#7311 = DIRECTION('',(0.,-1.,0.));
#7312 = ADVANCED_FACE('',(#7313),#7324,.T.);
#7313 = FACE_BOUND('',#7314,.F.);
#7314 = EDGE_LOOP('',(#7315,#7316,#7322,#7323));
#7315 = ORIENTED_EDGE('',*,*,#7255,.T.);
#7316 = ORIENTED_EDGE('',*,*,#7317,.T.);
#7317 = EDGE_CURVE('',#7238,#7174,#7318,.T.);
#7318 = LINE('',#7319,#7320);
#7319 = CARTESIAN_POINT('',(1.425,1.91,-4.E-02));
#7320 = VECTOR('',#7321,1.);
#7321 = DIRECTION('',(-1.,0.,0.));
#7322 = ORIENTED_EDGE('',*,*,#7171,.F.);
#7323 = ORIENTED_EDGE('',*,*,#7270,.F.);
#7324 = CYLINDRICAL_SURFACE('',#7325,0.11);
#7325 = AXIS2_PLACEMENT_3D('',#7326,#7327,#7328);
#7326 = CARTESIAN_POINT('',(1.425,1.91,7.E-02));
#7327 = DIRECTION('',(-1.,0.,0.));
#7328 = DIRECTION('',(0.,-1.,0.));
#7329 = ADVANCED_FACE('',(#7330),#7336,.F.);
#7330 = FACE_BOUND('',#7331,.F.);
#7331 = EDGE_LOOP('',(#7332,#7333,#7334,#7335));
#7332 = ORIENTED_EDGE('',*,*,#7223,.F.);
#7333 = ORIENTED_EDGE('',*,*,#7199,.F.);
#7334 = ORIENTED_EDGE('',*,*,#7317,.F.);
#7335 = ORIENTED_EDGE('',*,*,#7237,.F.);
#7336 = PLANE('',#7337);
#7337 = AXIS2_PLACEMENT_3D('',#7338,#7339,#7340);
#7338 = CARTESIAN_POINT('',(1.3,2.125,-4.E-02));
#7339 = DIRECTION('',(0.,0.,1.));
#7340 = DIRECTION('',(1.,0.,0.));
#7341 = ( GEOMETRIC_REPRESENTATION_CONTEXT(3) 
GLOBAL_UNCERTAINTY_ASSIGNED_CONTEXT((#7345)) 
GLOBAL_UNIT_ASSIGNED_CONTEXT((#7342,#7343,#7344)) REPRESENTATION_CONTEXT
('Context #1','3D Context with UNIT and UNCERTAINTY') );
#7342 = ( LENGTH_UNIT() NAMED_UNIT(*) SI_UNIT(.MILLI.,.METRE.) );
#7343 = ( NAMED_UNIT(*) PLANE_ANGLE_UNIT() SI_UNIT($,.RADIAN.) );
#7344 = ( NAMED_UNIT(*) SI_UNIT($,.STERADIAN.) SOLID_ANGLE_UNIT() );
#7345 = UNCERTAINTY_MEASURE_WITH_UNIT(LENGTH_MEASURE(1.E-07),#7342,
  'distance_accuracy_value','confusion accuracy');
#7346 = CONTEXT_DEPENDENT_SHAPE_REPRESENTATION(#7347,#7349);
#7347 = ( REPRESENTATION_RELATIONSHIP('','',#5728,#10) 
REPRESENTATION_RELATIONSHIP_WITH_TRANSFORMATION(#7348) 
SHAPE_REPRESENTATION_RELATIONSHIP() );
#7348 = ITEM_DEFINED_TRANSFORMATION('','',#11,#19);
#7349 = PRODUCT_DEFINITION_SHAPE('Placement','Placement of an item',
  #7350);
#7350 = NEXT_ASSEMBLY_USAGE_OCCURRENCE('5','Contacts','',#5,#5723,$);
#7351 = PRODUCT_RELATED_PRODUCT_CATEGORY('part',$,(#5725));
#7352 = SHAPE_DEFINITION_REPRESENTATION(#7353,#7359);
#7353 = PRODUCT_DEFINITION_SHAPE('','',#7354);
#7354 = PRODUCT_DEFINITION('design','',#7355,#7358);
#7355 = PRODUCT_DEFINITION_FORMATION('','',#7356);
#7356 = PRODUCT('Back','Back','',(#7357));
#7357 = PRODUCT_CONTEXT('',#2,'mechanical');
#7358 = PRODUCT_DEFINITION_CONTEXT('part definition',#2,'design');
#7359 = ADVANCED_BREP_SHAPE_REPRESENTATION('',(#11,#7360),#8384);
#7360 = MANIFOLD_SOLID_BREP('',#7361);
#7361 = CLOSED_SHELL('',(#7362,#7402,#7435,#7468,#7663,#7688,#7705,#7729
    ,#7778,#7796,#7827,#7851,#7875,#7900,#7924,#7948,#7972,#7997,#8022,
    #8046,#8070,#8095,#8120,#8144,#8168,#8186,#8210,#8235,#8259,#8277,
    #8295,#8319,#8337,#8349,#8373));
#7362 = ADVANCED_FACE('',(#7363),#7397,.T.);
#7363 = FACE_BOUND('',#7364,.T.);
#7364 = EDGE_LOOP('',(#7365,#7375,#7383,#7391));
#7365 = ORIENTED_EDGE('',*,*,#7366,.T.);
#7366 = EDGE_CURVE('',#7367,#7369,#7371,.T.);
#7367 = VERTEX_POINT('',#7368);
#7368 = CARTESIAN_POINT('',(-1.75,1.,1.38));
#7369 = VERTEX_POINT('',#7370);
#7370 = CARTESIAN_POINT('',(-1.75,-1.55,1.38));
#7371 = LINE('',#7372,#7373);
#7372 = CARTESIAN_POINT('',(-1.75,1.,1.38));
#7373 = VECTOR('',#7374,1.);
#7374 = DIRECTION('',(-1.810458089176E-32,-1.,2.22044604925E-16));
#7375 = ORIENTED_EDGE('',*,*,#7376,.T.);
#7376 = EDGE_CURVE('',#7369,#7377,#7379,.T.);
#7377 = VERTEX_POINT('',#7378);
#7378 = CARTESIAN_POINT('',(-1.75,-1.55,1.68));
#7379 = LINE('',#7380,#7381);
#7380 = CARTESIAN_POINT('',(-1.75,-1.55,1.38));
#7381 = VECTOR('',#7382,1.);
#7382 = DIRECTION('',(1.283113448309E-48,2.22044604925E-16,1.));
#7383 = ORIENTED_EDGE('',*,*,#7384,.F.);
#7384 = EDGE_CURVE('',#7385,#7377,#7387,.T.);
#7385 = VERTEX_POINT('',#7386);
#7386 = CARTESIAN_POINT('',(-1.75,1.,1.68));
#7387 = LINE('',#7388,#7389);
#7388 = CARTESIAN_POINT('',(-1.75,1.,1.68));
#7389 = VECTOR('',#7390,1.);
#7390 = DIRECTION('',(-1.810458089176E-32,-1.,2.22044604925E-16));
#7391 = ORIENTED_EDGE('',*,*,#7392,.F.);
#7392 = EDGE_CURVE('',#7367,#7385,#7393,.T.);
#7393 = LINE('',#7394,#7395);
#7394 = CARTESIAN_POINT('',(-1.75,1.,1.38));
#7395 = VECTOR('',#7396,1.);
#7396 = DIRECTION('',(0.,2.22044604925E-16,1.));
#7397 = PLANE('',#7398);
#7398 = AXIS2_PLACEMENT_3D('',#7399,#7400,#7401);
#7399 = CARTESIAN_POINT('',(-1.75,1.,1.38));
#7400 = DIRECTION('',(-1.,1.810458089176E-32,-2.736911063134E-48));
#7401 = DIRECTION('',(1.283113448309E-48,2.22044604925E-16,1.));
#7402 = ADVANCED_FACE('',(#7403),#7430,.T.);
#7403 = FACE_BOUND('',#7404,.F.);
#7404 = EDGE_LOOP('',(#7405,#7406,#7415,#7423));
#7405 = ORIENTED_EDGE('',*,*,#7366,.T.);
#7406 = ORIENTED_EDGE('',*,*,#7407,.F.);
#7407 = EDGE_CURVE('',#7408,#7369,#7410,.T.);
#7408 = VERTEX_POINT('',#7409);
#7409 = CARTESIAN_POINT('',(-1.65,-1.55,1.28));
#7410 = CIRCLE('',#7411,0.1);
#7411 = AXIS2_PLACEMENT_3D('',#7412,#7413,#7414);
#7412 = CARTESIAN_POINT('',(-1.65,-1.55,1.38));
#7413 = DIRECTION('',(-1.251707073818E-32,1.,-3.830753280924E-16));
#7414 = DIRECTION('',(-1.251707073818E-32,-3.830753280924E-16,-1.));
#7415 = ORIENTED_EDGE('',*,*,#7416,.F.);
#7416 = EDGE_CURVE('',#7417,#7408,#7419,.T.);
#7417 = VERTEX_POINT('',#7418);
#7418 = CARTESIAN_POINT('',(-1.65,1.,1.28));
#7419 = LINE('',#7420,#7421);
#7420 = CARTESIAN_POINT('',(-1.65,1.,1.28));
#7421 = VECTOR('',#7422,1.);
#7422 = DIRECTION('',(-1.810458089176E-32,-1.,2.22044604925E-16));
#7423 = ORIENTED_EDGE('',*,*,#7424,.F.);
#7424 = EDGE_CURVE('',#7367,#7417,#7425,.T.);
#7425 = CIRCLE('',#7426,0.1);
#7426 = AXIS2_PLACEMENT_3D('',#7427,#7428,#7429);
#7427 = CARTESIAN_POINT('',(-1.65,1.,1.38));
#7428 = DIRECTION('',(-1.810458089176E-32,-1.,2.22044604925E-16));
#7429 = DIRECTION('',(1.,-1.810458089176E-32,2.736911063134E-48));
#7430 = CYLINDRICAL_SURFACE('',#7431,0.1);
#7431 = AXIS2_PLACEMENT_3D('',#7432,#7433,#7434);
#7432 = CARTESIAN_POINT('',(-1.65,1.,1.38));
#7433 = DIRECTION('',(1.810458089176E-32,1.,-2.22044604925E-16));
#7434 = DIRECTION('',(1.,-1.810458089176E-32,2.736911063134E-48));
#7435 = ADVANCED_FACE('',(#7436),#7463,.T.);
#7436 = FACE_BOUND('',#7437,.T.);
#7437 = EDGE_LOOP('',(#7438,#7447,#7455,#7462));
#7438 = ORIENTED_EDGE('',*,*,#7439,.T.);
#7439 = EDGE_CURVE('',#7369,#7440,#7442,.T.);
#7440 = VERTEX_POINT('',#7441);
#7441 = CARTESIAN_POINT('',(-1.65,-1.65,1.38));
#7442 = CIRCLE('',#7443,0.1);
#7443 = AXIS2_PLACEMENT_3D('',#7444,#7445,#7446);
#7444 = CARTESIAN_POINT('',(-1.65,-1.55,1.38));
#7445 = DIRECTION('',(1.283113448309E-48,2.22044604925E-16,1.));
#7446 = DIRECTION('',(-1.,1.810458089176E-32,-2.736911063134E-48));
#7447 = ORIENTED_EDGE('',*,*,#7448,.T.);
#7448 = EDGE_CURVE('',#7440,#7449,#7451,.T.);
#7449 = VERTEX_POINT('',#7450);
#7450 = CARTESIAN_POINT('',(-1.65,-1.65,1.68));
#7451 = LINE('',#7452,#7453);
#7452 = CARTESIAN_POINT('',(-1.65,-1.65,1.38));
#7453 = VECTOR('',#7454,1.);
#7454 = DIRECTION('',(1.283113448309E-48,2.22044604925E-16,1.));
#7455 = ORIENTED_EDGE('',*,*,#7456,.F.);
#7456 = EDGE_CURVE('',#7377,#7449,#7457,.T.);
#7457 = CIRCLE('',#7458,0.1);
#7458 = AXIS2_PLACEMENT_3D('',#7459,#7460,#7461);
#7459 = CARTESIAN_POINT('',(-1.65,-1.55,1.68));
#7460 = DIRECTION('',(1.283113448309E-48,2.22044604925E-16,1.));
#7461 = DIRECTION('',(-1.,1.810458089176E-32,-2.736911063134E-48));
#7462 = ORIENTED_EDGE('',*,*,#7376,.F.);
#7463 = CYLINDRICAL_SURFACE('',#7464,0.1);
#7464 = AXIS2_PLACEMENT_3D('',#7465,#7466,#7467);
#7465 = CARTESIAN_POINT('',(-1.65,-1.55,1.38));
#7466 = DIRECTION('',(1.283113448309E-48,2.22044604925E-16,1.));
#7467 = DIRECTION('',(-1.,1.810458089176E-32,-2.736911063134E-48));
#7468 = ADVANCED_FACE('',(#7469,#7605),#7658,.F.);
#7469 = FACE_BOUND('',#7470,.F.);
#7470 = EDGE_LOOP('',(#7471,#7481,#7489,#7498,#7506,#7515,#7523,#7532,
    #7540,#7549,#7557,#7566,#7574,#7583,#7591,#7599));
#7471 = ORIENTED_EDGE('',*,*,#7472,.F.);
#7472 = EDGE_CURVE('',#7473,#7475,#7477,.T.);
#7473 = VERTEX_POINT('',#7474);
#7474 = CARTESIAN_POINT('',(-1.91,1.,0.35));
#7475 = VERTEX_POINT('',#7476);
#7476 = CARTESIAN_POINT('',(-1.91,1.,5.E-02));
#7477 = LINE('',#7478,#7479);
#7478 = CARTESIAN_POINT('',(-1.91,1.,0.35));
#7479 = VECTOR('',#7480,1.);
#7480 = DIRECTION('',(-3.700743415417E-15,-2.22044604925E-16,-1.));
#7481 = ORIENTED_EDGE('',*,*,#7482,.T.);
#7482 = EDGE_CURVE('',#7473,#7483,#7485,.T.);
#7483 = VERTEX_POINT('',#7484);
#7484 = CARTESIAN_POINT('',(-2.66,1.,0.35));
#7485 = LINE('',#7486,#7487);
#7486 = CARTESIAN_POINT('',(-1.91,1.,0.35));
#7487 = VECTOR('',#7488,1.);
#7488 = DIRECTION('',(-1.,2.991097598963E-30,1.347070603212E-14));
#7489 = ORIENTED_EDGE('',*,*,#7490,.F.);
#7490 = EDGE_CURVE('',#7491,#7483,#7493,.T.);
#7491 = VERTEX_POINT('',#7492);
#7492 = CARTESIAN_POINT('',(-2.728199836006,1.,0.376864629838));
#7493 = CIRCLE('',#7494,9.999999999988E-02);
#7494 = AXIS2_PLACEMENT_3D('',#7495,#7496,#7497);
#7495 = CARTESIAN_POINT('',(-2.66,1.,0.45));
#7496 = DIRECTION('',(0.,-1.,2.22044604925E-16));
#7497 = DIRECTION('',(1.,0.,0.));
#7498 = ORIENTED_EDGE('',*,*,#7499,.F.);
#7499 = EDGE_CURVE('',#7500,#7491,#7502,.T.);
#7500 = VERTEX_POINT('',#7501);
#7501 = CARTESIAN_POINT('',(-3.418199836006,1.,1.020300039273));
#7502 = LINE('',#7503,#7504);
#7503 = CARTESIAN_POINT('',(-3.418199836006,1.,1.020300039273));
#7504 = VECTOR('',#7505,1.);
#7505 = DIRECTION('',(0.731353701619,-1.514340564196E-16,-0.681998360062
    ));
#7506 = ORIENTED_EDGE('',*,*,#7507,.F.);
#7507 = EDGE_CURVE('',#7508,#7500,#7510,.T.);
#7508 = VERTEX_POINT('',#7509);
#7509 = CARTESIAN_POINT('',(-3.45,1.,1.093435409435));
#7510 = CIRCLE('',#7511,9.99999999999E-02);
#7511 = AXIS2_PLACEMENT_3D('',#7512,#7513,#7514);
#7512 = CARTESIAN_POINT('',(-3.35,1.,1.093435409435));
#7513 = DIRECTION('',(0.,-1.,2.22044604925E-16));
#7514 = DIRECTION('',(1.,0.,0.));
#7515 = ORIENTED_EDGE('',*,*,#7516,.F.);
#7516 = EDGE_CURVE('',#7517,#7508,#7519,.T.);
#7517 = VERTEX_POINT('',#7518);
#7518 = CARTESIAN_POINT('',(-3.45,1.,2.1));
#7519 = LINE('',#7520,#7521);
#7520 = CARTESIAN_POINT('',(-3.45,1.,2.1));
#7521 = VECTOR('',#7522,1.);
#7522 = DIRECTION('',(3.088350711011E-15,-2.22044604925E-16,-1.));
#7523 = ORIENTED_EDGE('',*,*,#7524,.F.);
#7524 = EDGE_CURVE('',#7525,#7517,#7527,.T.);
#7525 = VERTEX_POINT('',#7526);
#7526 = CARTESIAN_POINT('',(-3.35,1.,2.2));
#7527 = CIRCLE('',#7528,9.999999999998E-02);
#7528 = AXIS2_PLACEMENT_3D('',#7529,#7530,#7531);
#7529 = CARTESIAN_POINT('',(-3.35,1.,2.1));
#7530 = DIRECTION('',(0.,-1.,2.22044604925E-16));
#7531 = DIRECTION('',(1.,0.,0.));
#7532 = ORIENTED_EDGE('',*,*,#7533,.F.);
#7533 = EDGE_CURVE('',#7534,#7525,#7536,.T.);
#7534 = VERTEX_POINT('',#7535);
#7535 = CARTESIAN_POINT('',(3.35,1.,2.2));
#7536 = LINE('',#7537,#7538);
#7537 = CARTESIAN_POINT('',(3.35,1.,2.2));
#7538 = VECTOR('',#7539,1.);
#7539 = DIRECTION('',(-1.,-1.471755420188E-32,-6.628197161941E-17));
#7540 = ORIENTED_EDGE('',*,*,#7541,.F.);
#7541 = EDGE_CURVE('',#7542,#7534,#7544,.T.);
#7542 = VERTEX_POINT('',#7543);
#7543 = CARTESIAN_POINT('',(3.45,1.,2.1));
#7544 = CIRCLE('',#7545,9.999999999998E-02);
#7545 = AXIS2_PLACEMENT_3D('',#7546,#7547,#7548);
#7546 = CARTESIAN_POINT('',(3.35,1.,2.1));
#7547 = DIRECTION('',(0.,-1.,2.22044604925E-16));
#7548 = DIRECTION('',(1.,0.,0.));
#7549 = ORIENTED_EDGE('',*,*,#7550,.F.);
#7550 = EDGE_CURVE('',#7551,#7542,#7553,.T.);
#7551 = VERTEX_POINT('',#7552);
#7552 = CARTESIAN_POINT('',(3.45,1.,1.093435409435));
#7553 = LINE('',#7554,#7555);
#7554 = CARTESIAN_POINT('',(3.45,1.,1.093435409435));
#7555 = VECTOR('',#7556,1.);
#7556 = DIRECTION('',(5.294315504591E-15,2.22044604925E-16,1.));
#7557 = ORIENTED_EDGE('',*,*,#7558,.F.);
#7558 = EDGE_CURVE('',#7559,#7551,#7561,.T.);
#7559 = VERTEX_POINT('',#7560);
#7560 = CARTESIAN_POINT('',(3.418199836006,1.,1.020300039273));
#7561 = CIRCLE('',#7562,9.999999999988E-02);
#7562 = AXIS2_PLACEMENT_3D('',#7563,#7564,#7565);
#7563 = CARTESIAN_POINT('',(3.35,1.,1.093435409435));
#7564 = DIRECTION('',(0.,-1.,2.22044604925E-16));
#7565 = DIRECTION('',(1.,0.,0.));
#7566 = ORIENTED_EDGE('',*,*,#7567,.F.);
#7567 = EDGE_CURVE('',#7568,#7559,#7570,.T.);
#7568 = VERTEX_POINT('',#7569);
#7569 = CARTESIAN_POINT('',(2.728199836006,1.,0.376864629838));
#7570 = LINE('',#7571,#7572);
#7571 = CARTESIAN_POINT('',(2.728199836006,1.,0.376864629838));
#7572 = VECTOR('',#7573,1.);
#7573 = DIRECTION('',(0.731353701619,1.514340564196E-16,0.681998360062)
  );
#7574 = ORIENTED_EDGE('',*,*,#7575,.F.);
#7575 = EDGE_CURVE('',#7576,#7568,#7578,.T.);
#7576 = VERTEX_POINT('',#7577);
#7577 = CARTESIAN_POINT('',(2.66,1.,0.35));
#7578 = CIRCLE('',#7579,9.999999999986E-02);
#7579 = AXIS2_PLACEMENT_3D('',#7580,#7581,#7582);
#7580 = CARTESIAN_POINT('',(2.66,1.,0.45));
#7581 = DIRECTION('',(0.,-1.,2.22044604925E-16));
#7582 = DIRECTION('',(1.,0.,0.));
#7583 = ORIENTED_EDGE('',*,*,#7584,.F.);
#7584 = EDGE_CURVE('',#7585,#7576,#7587,.T.);
#7585 = VERTEX_POINT('',#7586);
#7586 = CARTESIAN_POINT('',(1.91,1.,0.35));
#7587 = LINE('',#7588,#7589);
#7588 = CARTESIAN_POINT('',(1.91,1.,0.35));
#7589 = VECTOR('',#7590,1.);
#7590 = DIRECTION('',(1.,2.908924588002E-30,1.310063169058E-14));
#7591 = ORIENTED_EDGE('',*,*,#7592,.T.);
#7592 = EDGE_CURVE('',#7585,#7593,#7595,.T.);
#7593 = VERTEX_POINT('',#7594);
#7594 = CARTESIAN_POINT('',(1.91,1.,5.E-02));
#7595 = LINE('',#7596,#7597);
#7596 = CARTESIAN_POINT('',(1.91,1.,0.35));
#7597 = VECTOR('',#7598,1.);
#7598 = DIRECTION('',(-7.401486830834E-16,-2.22044604925E-16,-1.));
#7599 = ORIENTED_EDGE('',*,*,#7600,.F.);
#7600 = EDGE_CURVE('',#7475,#7593,#7601,.T.);
#7601 = LINE('',#7602,#7603);
#7602 = CARTESIAN_POINT('',(-1.91,1.,5.E-02));
#7603 = VECTOR('',#7604,1.);
#7604 = DIRECTION('',(1.,0.,0.));
#7605 = FACE_BOUND('',#7606,.F.);
#7606 = EDGE_LOOP('',(#7607,#7608,#7609,#7617,#7626,#7634,#7643,#7651));
#7607 = ORIENTED_EDGE('',*,*,#7392,.F.);
#7608 = ORIENTED_EDGE('',*,*,#7424,.T.);
#7609 = ORIENTED_EDGE('',*,*,#7610,.F.);
#7610 = EDGE_CURVE('',#7611,#7417,#7613,.T.);
#7611 = VERTEX_POINT('',#7612);
#7612 = CARTESIAN_POINT('',(1.65,1.,1.28));
#7613 = LINE('',#7614,#7615);
#7614 = CARTESIAN_POINT('',(1.65,1.,1.28));
#7615 = VECTOR('',#7616,1.);
#7616 = DIRECTION('',(-1.,1.810458089176E-32,-2.736911063134E-48));
#7617 = ORIENTED_EDGE('',*,*,#7618,.T.);
#7618 = EDGE_CURVE('',#7611,#7619,#7621,.T.);
#7619 = VERTEX_POINT('',#7620);
#7620 = CARTESIAN_POINT('',(1.75,1.,1.38));
#7621 = CIRCLE('',#7622,0.1);
#7622 = AXIS2_PLACEMENT_3D('',#7623,#7624,#7625);
#7623 = CARTESIAN_POINT('',(1.65,1.,1.38));
#7624 = DIRECTION('',(-1.810458089176E-32,-1.,2.22044604925E-16));
#7625 = DIRECTION('',(1.,-1.810458089176E-32,2.736911063134E-48));
#7626 = ORIENTED_EDGE('',*,*,#7627,.F.);
#7627 = EDGE_CURVE('',#7628,#7619,#7630,.T.);
#7628 = VERTEX_POINT('',#7629);
#7629 = CARTESIAN_POINT('',(1.75,1.,1.68));
#7630 = LINE('',#7631,#7632);
#7631 = CARTESIAN_POINT('',(1.75,1.,1.68));
#7632 = VECTOR('',#7633,1.);
#7633 = DIRECTION('',(0.,-2.22044604925E-16,-1.));
#7634 = ORIENTED_EDGE('',*,*,#7635,.T.);
#7635 = EDGE_CURVE('',#7628,#7636,#7638,.T.);
#7636 = VERTEX_POINT('',#7637);
#7637 = CARTESIAN_POINT('',(1.55,1.,1.88));
#7638 = CIRCLE('',#7639,0.2);
#7639 = AXIS2_PLACEMENT_3D('',#7640,#7641,#7642);
#7640 = CARTESIAN_POINT('',(1.55,1.,1.68));
#7641 = DIRECTION('',(-1.810458089176E-32,-1.,2.22044604925E-16));
#7642 = DIRECTION('',(1.,-1.810458089176E-32,2.736911063134E-48));
#7643 = ORIENTED_EDGE('',*,*,#7644,.F.);
#7644 = EDGE_CURVE('',#7645,#7636,#7647,.T.);
#7645 = VERTEX_POINT('',#7646);
#7646 = CARTESIAN_POINT('',(-1.55,1.,1.88));
#7647 = LINE('',#7648,#7649);
#7648 = CARTESIAN_POINT('',(-1.55,1.,1.88));
#7649 = VECTOR('',#7650,1.);
#7650 = DIRECTION('',(1.,-3.400903462605E-32,-7.16272919113E-17));
#7651 = ORIENTED_EDGE('',*,*,#7652,.T.);
#7652 = EDGE_CURVE('',#7645,#7385,#7653,.T.);
#7653 = CIRCLE('',#7654,0.2);
#7654 = AXIS2_PLACEMENT_3D('',#7655,#7656,#7657);
#7655 = CARTESIAN_POINT('',(-1.55,1.,1.68));
#7656 = DIRECTION('',(-1.810458089176E-32,-1.,2.22044604925E-16));
#7657 = DIRECTION('',(1.,-1.810458089176E-32,2.736911063134E-48));
#7658 = PLANE('',#7659);
#7659 = AXIS2_PLACEMENT_3D('',#7660,#7661,#7662);
#7660 = CARTESIAN_POINT('',(2.590365606937E-16,1.,1.225304242245));
#7661 = DIRECTION('',(1.810458089176E-32,1.,-2.128319924145E-16));
#7662 = DIRECTION('',(0.,2.128319924145E-16,1.));
#7663 = ADVANCED_FACE('',(#7664),#7683,.T.);
#7664 = FACE_BOUND('',#7665,.F.);
#7665 = EDGE_LOOP('',(#7666,#7674,#7681,#7682));
#7666 = ORIENTED_EDGE('',*,*,#7667,.T.);
#7667 = EDGE_CURVE('',#7645,#7668,#7670,.T.);
#7668 = VERTEX_POINT('',#7669);
#7669 = CARTESIAN_POINT('',(-1.55,-1.55,1.88));
#7670 = LINE('',#7671,#7672);
#7671 = CARTESIAN_POINT('',(-1.55,1.,1.88));
#7672 = VECTOR('',#7673,1.);
#7673 = DIRECTION('',(-1.810458089176E-32,-1.,2.22044604925E-16));
#7674 = ORIENTED_EDGE('',*,*,#7675,.F.);
#7675 = EDGE_CURVE('',#7377,#7668,#7676,.T.);
#7676 = CIRCLE('',#7677,0.2);
#7677 = AXIS2_PLACEMENT_3D('',#7678,#7679,#7680);
#7678 = CARTESIAN_POINT('',(-1.55,-1.55,1.68));
#7679 = DIRECTION('',(-1.251707073818E-32,1.,-3.830753280924E-16));
#7680 = DIRECTION('',(-1.,-9.79018428004E-31,-2.523006015759E-15));
#7681 = ORIENTED_EDGE('',*,*,#7384,.F.);
#7682 = ORIENTED_EDGE('',*,*,#7652,.F.);
#7683 = CYLINDRICAL_SURFACE('',#7684,0.2);
#7684 = AXIS2_PLACEMENT_3D('',#7685,#7686,#7687);
#7685 = CARTESIAN_POINT('',(-1.55,1.,1.68));
#7686 = DIRECTION('',(1.810458089176E-32,1.,-2.22044604925E-16));
#7687 = DIRECTION('',(1.,-1.810458089176E-32,2.736911063134E-48));
#7688 = ADVANCED_FACE('',(#7689),#7700,.T.);
#7689 = FACE_BOUND('',#7690,.F.);
#7690 = EDGE_LOOP('',(#7691,#7698,#7699));
#7691 = ORIENTED_EDGE('',*,*,#7692,.F.);
#7692 = EDGE_CURVE('',#7408,#7440,#7693,.T.);
#7693 = CIRCLE('',#7694,0.1);
#7694 = AXIS2_PLACEMENT_3D('',#7695,#7696,#7697);
#7695 = CARTESIAN_POINT('',(-1.65,-1.55,1.38));
#7696 = DIRECTION('',(-1.,1.810458089176E-32,-2.736911063134E-48));
#7697 = DIRECTION('',(-1.283113448309E-48,-2.22044604925E-16,-1.));
#7698 = ORIENTED_EDGE('',*,*,#7407,.T.);
#7699 = ORIENTED_EDGE('',*,*,#7439,.T.);
#7700 = SPHERICAL_SURFACE('',#7701,0.1);
#7701 = AXIS2_PLACEMENT_3D('',#7702,#7703,#7704);
#7702 = CARTESIAN_POINT('',(-1.65,-1.55,1.38));
#7703 = DIRECTION('',(1.251707073818E-32,-1.,3.830753280924E-16));
#7704 = DIRECTION('',(-1.251707073818E-32,-3.830753280924E-16,-1.));
#7705 = ADVANCED_FACE('',(#7706),#7724,.T.);
#7706 = FACE_BOUND('',#7707,.T.);
#7707 = EDGE_LOOP('',(#7708,#7716,#7722,#7723));
#7708 = ORIENTED_EDGE('',*,*,#7709,.T.);
#7709 = EDGE_CURVE('',#7611,#7710,#7712,.T.);
#7710 = VERTEX_POINT('',#7711);
#7711 = CARTESIAN_POINT('',(1.65,-1.55,1.28));
#7712 = LINE('',#7713,#7714);
#7713 = CARTESIAN_POINT('',(1.65,1.,1.28));
#7714 = VECTOR('',#7715,1.);
#7715 = DIRECTION('',(-1.810458089176E-32,-1.,2.22044604925E-16));
#7716 = ORIENTED_EDGE('',*,*,#7717,.T.);
#7717 = EDGE_CURVE('',#7710,#7408,#7718,.T.);
#7718 = LINE('',#7719,#7720);
#7719 = CARTESIAN_POINT('',(1.65,-1.55,1.28));
#7720 = VECTOR('',#7721,1.);
#7721 = DIRECTION('',(-1.,1.810458089176E-32,-2.736911063134E-48));
#7722 = ORIENTED_EDGE('',*,*,#7416,.F.);
#7723 = ORIENTED_EDGE('',*,*,#7610,.F.);
#7724 = PLANE('',#7725);
#7725 = AXIS2_PLACEMENT_3D('',#7726,#7727,#7728);
#7726 = CARTESIAN_POINT('',(1.65,1.,1.28));
#7727 = DIRECTION('',(-1.283113448309E-48,-2.22044604925E-16,-1.));
#7728 = DIRECTION('',(-1.,1.810458089176E-32,-2.736911063134E-48));
#7729 = ADVANCED_FACE('',(#7730),#7773,.F.);
#7730 = FACE_BOUND('',#7731,.F.);
#7731 = EDGE_LOOP('',(#7732,#7733,#7742,#7750,#7759,#7767));
#7732 = ORIENTED_EDGE('',*,*,#7448,.T.);
#7733 = ORIENTED_EDGE('',*,*,#7734,.T.);
#7734 = EDGE_CURVE('',#7449,#7735,#7737,.T.);
#7735 = VERTEX_POINT('',#7736);
#7736 = CARTESIAN_POINT('',(-1.55,-1.65,1.78));
#7737 = CIRCLE('',#7738,0.1);
#7738 = AXIS2_PLACEMENT_3D('',#7739,#7740,#7741);
#7739 = CARTESIAN_POINT('',(-1.55,-1.65,1.68));
#7740 = DIRECTION('',(-1.251707073818E-32,1.,-3.830753280924E-16));
#7741 = DIRECTION('',(-1.,-9.79018428004E-31,-2.523006015759E-15));
#7742 = ORIENTED_EDGE('',*,*,#7743,.T.);
#7743 = EDGE_CURVE('',#7735,#7744,#7746,.T.);
#7744 = VERTEX_POINT('',#7745);
#7745 = CARTESIAN_POINT('',(1.55,-1.65,1.78));
#7746 = LINE('',#7747,#7748);
#7747 = CARTESIAN_POINT('',(-1.55,-1.65,1.78));
#7748 = VECTOR('',#7749,1.);
#7749 = DIRECTION('',(1.,-3.400903462605E-32,-7.16272919113E-17));
#7750 = ORIENTED_EDGE('',*,*,#7751,.T.);
#7751 = EDGE_CURVE('',#7744,#7752,#7754,.T.);
#7752 = VERTEX_POINT('',#7753);
#7753 = CARTESIAN_POINT('',(1.65,-1.65,1.68));
#7754 = CIRCLE('',#7755,0.1);
#7755 = AXIS2_PLACEMENT_3D('',#7756,#7757,#7758);
#7756 = CARTESIAN_POINT('',(1.55,-1.65,1.68));
#7757 = DIRECTION('',(-1.251707073818E-32,1.,-3.830753280924E-16));
#7758 = DIRECTION('',(1.110223024625E-15,3.830753280924E-16,1.));
#7759 = ORIENTED_EDGE('',*,*,#7760,.T.);
#7760 = EDGE_CURVE('',#7752,#7761,#7763,.T.);
#7761 = VERTEX_POINT('',#7762);
#7762 = CARTESIAN_POINT('',(1.65,-1.65,1.38));
#7763 = LINE('',#7764,#7765);
#7764 = CARTESIAN_POINT('',(1.65,-1.65,1.68));
#7765 = VECTOR('',#7766,1.);
#7766 = DIRECTION('',(-1.283113448309E-48,-2.22044604925E-16,-1.));
#7767 = ORIENTED_EDGE('',*,*,#7768,.T.);
#7768 = EDGE_CURVE('',#7761,#7440,#7769,.T.);
#7769 = LINE('',#7770,#7771);
#7770 = CARTESIAN_POINT('',(1.65,-1.65,1.38));
#7771 = VECTOR('',#7772,1.);
#7772 = DIRECTION('',(-1.,1.810458089176E-32,-2.736911063134E-48));
#7773 = PLANE('',#7774);
#7774 = AXIS2_PLACEMENT_3D('',#7775,#7776,#7777);
#7775 = CARTESIAN_POINT('',(-1.558938592107E-15,-1.65,1.575959976521));
#7776 = DIRECTION('',(-1.251707073818E-32,1.,-3.830753280924E-16));
#7777 = DIRECTION('',(0.,3.830753280924E-16,1.));
#7778 = ADVANCED_FACE('',(#7779),#7791,.T.);
#7779 = FACE_BOUND('',#7780,.F.);
#7780 = EDGE_LOOP('',(#7781,#7782,#7783,#7790));
#7781 = ORIENTED_EDGE('',*,*,#7456,.F.);
#7782 = ORIENTED_EDGE('',*,*,#7675,.T.);
#7783 = ORIENTED_EDGE('',*,*,#7784,.T.);
#7784 = EDGE_CURVE('',#7668,#7735,#7785,.T.);
#7785 = CIRCLE('',#7786,0.1);
#7786 = AXIS2_PLACEMENT_3D('',#7787,#7788,#7789);
#7787 = CARTESIAN_POINT('',(-1.55,-1.55,1.78));
#7788 = DIRECTION('',(1.,1.087534836606E-30,2.806282960641E-15));
#7789 = DIRECTION('',(-2.806282960641E-15,3.830753280924E-16,1.));
#7790 = ORIENTED_EDGE('',*,*,#7734,.F.);
#7791 = TOROIDAL_SURFACE('',#7792,0.1,0.1);
#7792 = AXIS2_PLACEMENT_3D('',#7793,#7794,#7795);
#7793 = CARTESIAN_POINT('',(-1.55,-1.55,1.68));
#7794 = DIRECTION('',(1.251707073818E-32,-1.,3.830753280924E-16));
#7795 = DIRECTION('',(-1.,-9.79018428004E-31,-2.523006015759E-15));
#7796 = ADVANCED_FACE('',(#7797),#7822,.F.);
#7797 = FACE_BOUND('',#7798,.F.);
#7798 = EDGE_LOOP('',(#7799,#7807,#7808,#7816));
#7799 = ORIENTED_EDGE('',*,*,#7800,.T.);
#7800 = EDGE_CURVE('',#7801,#7473,#7803,.T.);
#7801 = VERTEX_POINT('',#7802);
#7802 = CARTESIAN_POINT('',(-1.91,2.,0.35));
#7803 = LINE('',#7804,#7805);
#7804 = CARTESIAN_POINT('',(-1.91,2.,0.35));
#7805 = VECTOR('',#7806,1.);
#7806 = DIRECTION('',(0.,-1.,2.22044604925E-16));
#7807 = ORIENTED_EDGE('',*,*,#7472,.T.);
#7808 = ORIENTED_EDGE('',*,*,#7809,.F.);
#7809 = EDGE_CURVE('',#7810,#7475,#7812,.T.);
#7810 = VERTEX_POINT('',#7811);
#7811 = CARTESIAN_POINT('',(-1.91,2.,5.E-02));
#7812 = LINE('',#7813,#7814);
#7813 = CARTESIAN_POINT('',(-1.91,2.,5.E-02));
#7814 = VECTOR('',#7815,1.);
#7815 = DIRECTION('',(0.,-1.,2.22044604925E-16));
#7816 = ORIENTED_EDGE('',*,*,#7817,.F.);
#7817 = EDGE_CURVE('',#7801,#7810,#7818,.T.);
#7818 = LINE('',#7819,#7820);
#7819 = CARTESIAN_POINT('',(-1.91,2.,0.35));
#7820 = VECTOR('',#7821,1.);
#7821 = DIRECTION('',(-3.700743415417E-15,-2.22044604925E-16,-1.));
#7822 = PLANE('',#7823);
#7823 = AXIS2_PLACEMENT_3D('',#7824,#7825,#7826);
#7824 = CARTESIAN_POINT('',(-1.91,2.,0.35));
#7825 = DIRECTION('',(1.,-8.217301096052E-31,-3.700743415417E-15));
#7826 = DIRECTION('',(-3.700743415417E-15,-2.22044604925E-16,-1.));
#7827 = ADVANCED_FACE('',(#7828),#7846,.T.);
#7828 = FACE_BOUND('',#7829,.T.);
#7829 = EDGE_LOOP('',(#7830,#7831,#7832,#7840));
#7830 = ORIENTED_EDGE('',*,*,#7800,.T.);
#7831 = ORIENTED_EDGE('',*,*,#7482,.T.);
#7832 = ORIENTED_EDGE('',*,*,#7833,.F.);
#7833 = EDGE_CURVE('',#7834,#7483,#7836,.T.);
#7834 = VERTEX_POINT('',#7835);
#7835 = CARTESIAN_POINT('',(-2.66,2.,0.35));
#7836 = LINE('',#7837,#7838);
#7837 = CARTESIAN_POINT('',(-2.66,2.,0.35));
#7838 = VECTOR('',#7839,1.);
#7839 = DIRECTION('',(0.,-1.,2.22044604925E-16));
#7840 = ORIENTED_EDGE('',*,*,#7841,.F.);
#7841 = EDGE_CURVE('',#7801,#7834,#7842,.T.);
#7842 = LINE('',#7843,#7844);
#7843 = CARTESIAN_POINT('',(-1.91,2.,0.35));
#7844 = VECTOR('',#7845,1.);
#7845 = DIRECTION('',(-1.,2.991097598963E-30,1.347070603212E-14));
#7846 = PLANE('',#7847);
#7847 = AXIS2_PLACEMENT_3D('',#7848,#7849,#7850);
#7848 = CARTESIAN_POINT('',(-1.91,2.,0.35));
#7849 = DIRECTION('',(-1.347070603212E-14,-2.22044604925E-16,-1.));
#7850 = DIRECTION('',(-1.,2.991097598963E-30,1.347070603212E-14));
#7851 = ADVANCED_FACE('',(#7852),#7870,.F.);
#7852 = FACE_BOUND('',#7853,.F.);
#7853 = EDGE_LOOP('',(#7854,#7855,#7856,#7864));
#7854 = ORIENTED_EDGE('',*,*,#7809,.T.);
#7855 = ORIENTED_EDGE('',*,*,#7600,.T.);
#7856 = ORIENTED_EDGE('',*,*,#7857,.F.);
#7857 = EDGE_CURVE('',#7858,#7593,#7860,.T.);
#7858 = VERTEX_POINT('',#7859);
#7859 = CARTESIAN_POINT('',(1.91,2.,5.E-02));
#7860 = LINE('',#7861,#7862);
#7861 = CARTESIAN_POINT('',(1.91,2.,5.E-02));
#7862 = VECTOR('',#7863,1.);
#7863 = DIRECTION('',(0.,-1.,2.22044604925E-16));
#7864 = ORIENTED_EDGE('',*,*,#7865,.F.);
#7865 = EDGE_CURVE('',#7810,#7858,#7866,.T.);
#7866 = LINE('',#7867,#7868);
#7867 = CARTESIAN_POINT('',(-1.91,2.,5.E-02));
#7868 = VECTOR('',#7869,1.);
#7869 = DIRECTION('',(1.,0.,0.));
#7870 = PLANE('',#7871);
#7871 = AXIS2_PLACEMENT_3D('',#7872,#7873,#7874);
#7872 = CARTESIAN_POINT('',(-1.91,2.,5.E-02));
#7873 = DIRECTION('',(0.,2.22044604925E-16,1.));
#7874 = DIRECTION('',(1.,0.,0.));
#7875 = ADVANCED_FACE('',(#7876),#7895,.T.);
#7876 = FACE_BOUND('',#7877,.F.);
#7877 = EDGE_LOOP('',(#7878,#7886,#7887,#7888));
#7878 = ORIENTED_EDGE('',*,*,#7879,.T.);
#7879 = EDGE_CURVE('',#7880,#7491,#7882,.T.);
#7880 = VERTEX_POINT('',#7881);
#7881 = CARTESIAN_POINT('',(-2.728199836006,2.,0.376864629838));
#7882 = LINE('',#7883,#7884);
#7883 = CARTESIAN_POINT('',(-2.728199836006,2.,0.376864629838));
#7884 = VECTOR('',#7885,1.);
#7885 = DIRECTION('',(0.,-1.,2.22044604925E-16));
#7886 = ORIENTED_EDGE('',*,*,#7490,.T.);
#7887 = ORIENTED_EDGE('',*,*,#7833,.F.);
#7888 = ORIENTED_EDGE('',*,*,#7889,.F.);
#7889 = EDGE_CURVE('',#7880,#7834,#7890,.T.);
#7890 = CIRCLE('',#7891,9.999999999988E-02);
#7891 = AXIS2_PLACEMENT_3D('',#7892,#7893,#7894);
#7892 = CARTESIAN_POINT('',(-2.66,2.,0.45));
#7893 = DIRECTION('',(0.,-1.,2.22044604925E-16));
#7894 = DIRECTION('',(1.,0.,0.));
#7895 = CYLINDRICAL_SURFACE('',#7896,9.999999999988E-02);
#7896 = AXIS2_PLACEMENT_3D('',#7897,#7898,#7899);
#7897 = CARTESIAN_POINT('',(-2.66,2.,0.45));
#7898 = DIRECTION('',(0.,1.,-2.22044604925E-16));
#7899 = DIRECTION('',(1.,0.,0.));
#7900 = ADVANCED_FACE('',(#7901),#7919,.T.);
#7901 = FACE_BOUND('',#7902,.T.);
#7902 = EDGE_LOOP('',(#7903,#7911,#7912,#7913));
#7903 = ORIENTED_EDGE('',*,*,#7904,.T.);
#7904 = EDGE_CURVE('',#7905,#7585,#7907,.T.);
#7905 = VERTEX_POINT('',#7906);
#7906 = CARTESIAN_POINT('',(1.91,2.,0.35));
#7907 = LINE('',#7908,#7909);
#7908 = CARTESIAN_POINT('',(1.91,2.,0.35));
#7909 = VECTOR('',#7910,1.);
#7910 = DIRECTION('',(0.,-1.,2.22044604925E-16));
#7911 = ORIENTED_EDGE('',*,*,#7592,.T.);
#7912 = ORIENTED_EDGE('',*,*,#7857,.F.);
#7913 = ORIENTED_EDGE('',*,*,#7914,.F.);
#7914 = EDGE_CURVE('',#7905,#7858,#7915,.T.);
#7915 = LINE('',#7916,#7917);
#7916 = CARTESIAN_POINT('',(1.91,2.,0.35));
#7917 = VECTOR('',#7918,1.);
#7918 = DIRECTION('',(-7.401486830834E-16,-2.22044604925E-16,-1.));
#7919 = PLANE('',#7920);
#7920 = AXIS2_PLACEMENT_3D('',#7921,#7922,#7923);
#7921 = CARTESIAN_POINT('',(1.91,2.,0.35));
#7922 = DIRECTION('',(1.,-1.64346021921E-31,-7.401486830834E-16));
#7923 = DIRECTION('',(-7.401486830834E-16,-2.22044604925E-16,-1.));
#7924 = ADVANCED_FACE('',(#7925),#7943,.F.);
#7925 = FACE_BOUND('',#7926,.F.);
#7926 = EDGE_LOOP('',(#7927,#7935,#7936,#7937));
#7927 = ORIENTED_EDGE('',*,*,#7928,.T.);
#7928 = EDGE_CURVE('',#7929,#7500,#7931,.T.);
#7929 = VERTEX_POINT('',#7930);
#7930 = CARTESIAN_POINT('',(-3.418199836006,2.,1.020300039273));
#7931 = LINE('',#7932,#7933);
#7932 = CARTESIAN_POINT('',(-3.418199836006,2.,1.020300039273));
#7933 = VECTOR('',#7934,1.);
#7934 = DIRECTION('',(0.,-1.,2.22044604925E-16));
#7935 = ORIENTED_EDGE('',*,*,#7499,.T.);
#7936 = ORIENTED_EDGE('',*,*,#7879,.F.);
#7937 = ORIENTED_EDGE('',*,*,#7938,.F.);
#7938 = EDGE_CURVE('',#7929,#7880,#7939,.T.);
#7939 = LINE('',#7940,#7941);
#7940 = CARTESIAN_POINT('',(-3.418199836006,2.,1.020300039273));
#7941 = VECTOR('',#7942,1.);
#7942 = DIRECTION('',(0.731353701619,-1.514340564196E-16,-0.681998360062
    ));
#7943 = PLANE('',#7944);
#7944 = AXIS2_PLACEMENT_3D('',#7945,#7946,#7947);
#7945 = CARTESIAN_POINT('',(-3.418199836006,2.,1.020300039273));
#7946 = DIRECTION('',(0.681998360062,1.623931437365E-16,0.731353701619)
  );
#7947 = DIRECTION('',(0.731353701619,-1.514340564196E-16,-0.681998360062
    ));
#7948 = ADVANCED_FACE('',(#7949),#7967,.F.);
#7949 = FACE_BOUND('',#7950,.F.);
#7950 = EDGE_LOOP('',(#7951,#7952,#7953,#7961));
#7951 = ORIENTED_EDGE('',*,*,#7904,.T.);
#7952 = ORIENTED_EDGE('',*,*,#7584,.T.);
#7953 = ORIENTED_EDGE('',*,*,#7954,.F.);
#7954 = EDGE_CURVE('',#7955,#7576,#7957,.T.);
#7955 = VERTEX_POINT('',#7956);
#7956 = CARTESIAN_POINT('',(2.66,2.,0.35));
#7957 = LINE('',#7958,#7959);
#7958 = CARTESIAN_POINT('',(2.66,2.,0.35));
#7959 = VECTOR('',#7960,1.);
#7960 = DIRECTION('',(0.,-1.,2.22044604925E-16));
#7961 = ORIENTED_EDGE('',*,*,#7962,.F.);
#7962 = EDGE_CURVE('',#7905,#7955,#7963,.T.);
#7963 = LINE('',#7964,#7965);
#7964 = CARTESIAN_POINT('',(1.91,2.,0.35));
#7965 = VECTOR('',#7966,1.);
#7966 = DIRECTION('',(1.,2.908924588002E-30,1.310063169058E-14));
#7967 = PLANE('',#7968);
#7968 = AXIS2_PLACEMENT_3D('',#7969,#7970,#7971);
#7969 = CARTESIAN_POINT('',(1.91,2.,0.35));
#7970 = DIRECTION('',(-1.310063169058E-14,2.22044604925E-16,1.));
#7971 = DIRECTION('',(1.,2.908924588002E-30,1.310063169058E-14));
#7972 = ADVANCED_FACE('',(#7973),#7992,.T.);
#7973 = FACE_BOUND('',#7974,.F.);
#7974 = EDGE_LOOP('',(#7975,#7983,#7984,#7985));
#7975 = ORIENTED_EDGE('',*,*,#7976,.T.);
#7976 = EDGE_CURVE('',#7977,#7508,#7979,.T.);
#7977 = VERTEX_POINT('',#7978);
#7978 = CARTESIAN_POINT('',(-3.45,2.,1.093435409435));
#7979 = LINE('',#7980,#7981);
#7980 = CARTESIAN_POINT('',(-3.45,2.,1.093435409435));
#7981 = VECTOR('',#7982,1.);
#7982 = DIRECTION('',(0.,-1.,2.22044604925E-16));
#7983 = ORIENTED_EDGE('',*,*,#7507,.T.);
#7984 = ORIENTED_EDGE('',*,*,#7928,.F.);
#7985 = ORIENTED_EDGE('',*,*,#7986,.F.);
#7986 = EDGE_CURVE('',#7977,#7929,#7987,.T.);
#7987 = CIRCLE('',#7988,9.99999999999E-02);
#7988 = AXIS2_PLACEMENT_3D('',#7989,#7990,#7991);
#7989 = CARTESIAN_POINT('',(-3.35,2.,1.093435409435));
#7990 = DIRECTION('',(0.,-1.,2.22044604925E-16));
#7991 = DIRECTION('',(1.,0.,0.));
#7992 = CYLINDRICAL_SURFACE('',#7993,9.99999999999E-02);
#7993 = AXIS2_PLACEMENT_3D('',#7994,#7995,#7996);
#7994 = CARTESIAN_POINT('',(-3.35,2.,1.093435409435));
#7995 = DIRECTION('',(0.,1.,-2.22044604925E-16));
#7996 = DIRECTION('',(1.,0.,0.));
#7997 = ADVANCED_FACE('',(#7998),#8017,.T.);
#7998 = FACE_BOUND('',#7999,.F.);
#7999 = EDGE_LOOP('',(#8000,#8001,#8002,#8010));
#8000 = ORIENTED_EDGE('',*,*,#7954,.T.);
#8001 = ORIENTED_EDGE('',*,*,#7575,.T.);
#8002 = ORIENTED_EDGE('',*,*,#8003,.F.);
#8003 = EDGE_CURVE('',#8004,#7568,#8006,.T.);
#8004 = VERTEX_POINT('',#8005);
#8005 = CARTESIAN_POINT('',(2.728199836006,2.,0.376864629838));
#8006 = LINE('',#8007,#8008);
#8007 = CARTESIAN_POINT('',(2.728199836006,2.,0.376864629838));
#8008 = VECTOR('',#8009,1.);
#8009 = DIRECTION('',(0.,-1.,2.22044604925E-16));
#8010 = ORIENTED_EDGE('',*,*,#8011,.F.);
#8011 = EDGE_CURVE('',#7955,#8004,#8012,.T.);
#8012 = CIRCLE('',#8013,9.999999999986E-02);
#8013 = AXIS2_PLACEMENT_3D('',#8014,#8015,#8016);
#8014 = CARTESIAN_POINT('',(2.66,2.,0.45));
#8015 = DIRECTION('',(0.,-1.,2.22044604925E-16));
#8016 = DIRECTION('',(1.,0.,0.));
#8017 = CYLINDRICAL_SURFACE('',#8018,9.999999999986E-02);
#8018 = AXIS2_PLACEMENT_3D('',#8019,#8020,#8021);
#8019 = CARTESIAN_POINT('',(2.66,2.,0.45));
#8020 = DIRECTION('',(0.,1.,-2.22044604925E-16));
#8021 = DIRECTION('',(1.,0.,0.));
#8022 = ADVANCED_FACE('',(#8023),#8041,.F.);
#8023 = FACE_BOUND('',#8024,.F.);
#8024 = EDGE_LOOP('',(#8025,#8033,#8034,#8035));
#8025 = ORIENTED_EDGE('',*,*,#8026,.T.);
#8026 = EDGE_CURVE('',#8027,#7517,#8029,.T.);
#8027 = VERTEX_POINT('',#8028);
#8028 = CARTESIAN_POINT('',(-3.45,2.,2.1));
#8029 = LINE('',#8030,#8031);
#8030 = CARTESIAN_POINT('',(-3.45,2.,2.1));
#8031 = VECTOR('',#8032,1.);
#8032 = DIRECTION('',(0.,-1.,2.22044604925E-16));
#8033 = ORIENTED_EDGE('',*,*,#7516,.T.);
#8034 = ORIENTED_EDGE('',*,*,#7976,.F.);
#8035 = ORIENTED_EDGE('',*,*,#8036,.F.);
#8036 = EDGE_CURVE('',#8027,#7977,#8037,.T.);
#8037 = LINE('',#8038,#8039);
#8038 = CARTESIAN_POINT('',(-3.45,2.,2.1));
#8039 = VECTOR('',#8040,1.);
#8040 = DIRECTION('',(3.088350711011E-15,-2.22044604925E-16,-1.));
#8041 = PLANE('',#8042);
#8042 = AXIS2_PLACEMENT_3D('',#8043,#8044,#8045);
#8043 = CARTESIAN_POINT('',(-3.45,2.,2.1));
#8044 = DIRECTION('',(1.,6.857516134964E-31,3.088350711011E-15));
#8045 = DIRECTION('',(3.088350711011E-15,-2.22044604925E-16,-1.));
#8046 = ADVANCED_FACE('',(#8047),#8065,.F.);
#8047 = FACE_BOUND('',#8048,.F.);
#8048 = EDGE_LOOP('',(#8049,#8050,#8051,#8059));
#8049 = ORIENTED_EDGE('',*,*,#8003,.T.);
#8050 = ORIENTED_EDGE('',*,*,#7567,.T.);
#8051 = ORIENTED_EDGE('',*,*,#8052,.F.);
#8052 = EDGE_CURVE('',#8053,#7559,#8055,.T.);
#8053 = VERTEX_POINT('',#8054);
#8054 = CARTESIAN_POINT('',(3.418199836006,2.,1.020300039273));
#8055 = LINE('',#8056,#8057);
#8056 = CARTESIAN_POINT('',(3.418199836006,2.,1.020300039273));
#8057 = VECTOR('',#8058,1.);
#8058 = DIRECTION('',(0.,-1.,2.22044604925E-16));
#8059 = ORIENTED_EDGE('',*,*,#8060,.F.);
#8060 = EDGE_CURVE('',#8004,#8053,#8061,.T.);
#8061 = LINE('',#8062,#8063);
#8062 = CARTESIAN_POINT('',(2.728199836006,2.,0.376864629838));
#8063 = VECTOR('',#8064,1.);
#8064 = DIRECTION('',(0.731353701619,1.514340564196E-16,0.681998360062)
  );
#8065 = PLANE('',#8066);
#8066 = AXIS2_PLACEMENT_3D('',#8067,#8068,#8069);
#8067 = CARTESIAN_POINT('',(2.728199836006,2.,0.376864629838));
#8068 = DIRECTION('',(-0.681998360062,1.623931437365E-16,0.731353701619)
  );
#8069 = DIRECTION('',(0.731353701619,1.514340564196E-16,0.681998360062)
  );
#8070 = ADVANCED_FACE('',(#8071),#8090,.T.);
#8071 = FACE_BOUND('',#8072,.F.);
#8072 = EDGE_LOOP('',(#8073,#8081,#8082,#8083));
#8073 = ORIENTED_EDGE('',*,*,#8074,.T.);
#8074 = EDGE_CURVE('',#8075,#7525,#8077,.T.);
#8075 = VERTEX_POINT('',#8076);
#8076 = CARTESIAN_POINT('',(-3.35,2.,2.2));
#8077 = LINE('',#8078,#8079);
#8078 = CARTESIAN_POINT('',(-3.35,2.,2.2));
#8079 = VECTOR('',#8080,1.);
#8080 = DIRECTION('',(0.,-1.,2.22044604925E-16));
#8081 = ORIENTED_EDGE('',*,*,#7524,.T.);
#8082 = ORIENTED_EDGE('',*,*,#8026,.F.);
#8083 = ORIENTED_EDGE('',*,*,#8084,.F.);
#8084 = EDGE_CURVE('',#8075,#8027,#8085,.T.);
#8085 = CIRCLE('',#8086,9.999999999998E-02);
#8086 = AXIS2_PLACEMENT_3D('',#8087,#8088,#8089);
#8087 = CARTESIAN_POINT('',(-3.35,2.,2.1));
#8088 = DIRECTION('',(0.,-1.,2.22044604925E-16));
#8089 = DIRECTION('',(1.,0.,0.));
#8090 = CYLINDRICAL_SURFACE('',#8091,9.999999999998E-02);
#8091 = AXIS2_PLACEMENT_3D('',#8092,#8093,#8094);
#8092 = CARTESIAN_POINT('',(-3.35,2.,2.1));
#8093 = DIRECTION('',(0.,1.,-2.22044604925E-16));
#8094 = DIRECTION('',(1.,0.,0.));
#8095 = ADVANCED_FACE('',(#8096),#8115,.T.);
#8096 = FACE_BOUND('',#8097,.F.);
#8097 = EDGE_LOOP('',(#8098,#8099,#8100,#8108));
#8098 = ORIENTED_EDGE('',*,*,#8052,.T.);
#8099 = ORIENTED_EDGE('',*,*,#7558,.T.);
#8100 = ORIENTED_EDGE('',*,*,#8101,.F.);
#8101 = EDGE_CURVE('',#8102,#7551,#8104,.T.);
#8102 = VERTEX_POINT('',#8103);
#8103 = CARTESIAN_POINT('',(3.45,2.,1.093435409435));
#8104 = LINE('',#8105,#8106);
#8105 = CARTESIAN_POINT('',(3.45,2.,1.093435409435));
#8106 = VECTOR('',#8107,1.);
#8107 = DIRECTION('',(0.,-1.,2.22044604925E-16));
#8108 = ORIENTED_EDGE('',*,*,#8109,.F.);
#8109 = EDGE_CURVE('',#8053,#8102,#8110,.T.);
#8110 = CIRCLE('',#8111,9.999999999988E-02);
#8111 = AXIS2_PLACEMENT_3D('',#8112,#8113,#8114);
#8112 = CARTESIAN_POINT('',(3.35,2.,1.093435409435));
#8113 = DIRECTION('',(0.,-1.,2.22044604925E-16));
#8114 = DIRECTION('',(1.,0.,0.));
#8115 = CYLINDRICAL_SURFACE('',#8116,9.999999999988E-02);
#8116 = AXIS2_PLACEMENT_3D('',#8117,#8118,#8119);
#8117 = CARTESIAN_POINT('',(3.35,2.,1.093435409435));
#8118 = DIRECTION('',(0.,1.,-2.22044604925E-16));
#8119 = DIRECTION('',(1.,0.,0.));
#8120 = ADVANCED_FACE('',(#8121),#8139,.F.);
#8121 = FACE_BOUND('',#8122,.F.);
#8122 = EDGE_LOOP('',(#8123,#8131,#8132,#8133));
#8123 = ORIENTED_EDGE('',*,*,#8124,.T.);
#8124 = EDGE_CURVE('',#8125,#7534,#8127,.T.);
#8125 = VERTEX_POINT('',#8126);
#8126 = CARTESIAN_POINT('',(3.35,2.,2.2));
#8127 = LINE('',#8128,#8129);
#8128 = CARTESIAN_POINT('',(3.35,2.,2.2));
#8129 = VECTOR('',#8130,1.);
#8130 = DIRECTION('',(0.,-1.,2.22044604925E-16));
#8131 = ORIENTED_EDGE('',*,*,#7533,.T.);
#8132 = ORIENTED_EDGE('',*,*,#8074,.F.);
#8133 = ORIENTED_EDGE('',*,*,#8134,.F.);
#8134 = EDGE_CURVE('',#8125,#8075,#8135,.T.);
#8135 = LINE('',#8136,#8137);
#8136 = CARTESIAN_POINT('',(3.35,2.,2.2));
#8137 = VECTOR('',#8138,1.);
#8138 = DIRECTION('',(-1.,-1.471755420188E-32,-6.628197161941E-17));
#8139 = PLANE('',#8140);
#8140 = AXIS2_PLACEMENT_3D('',#8141,#8142,#8143);
#8141 = CARTESIAN_POINT('',(3.35,2.,2.2));
#8142 = DIRECTION('',(6.628197161941E-17,-2.22044604925E-16,-1.));
#8143 = DIRECTION('',(-1.,-1.471755420188E-32,-6.628197161941E-17));
#8144 = ADVANCED_FACE('',(#8145),#8163,.F.);
#8145 = FACE_BOUND('',#8146,.F.);
#8146 = EDGE_LOOP('',(#8147,#8148,#8149,#8157));
#8147 = ORIENTED_EDGE('',*,*,#8101,.T.);
#8148 = ORIENTED_EDGE('',*,*,#7550,.T.);
#8149 = ORIENTED_EDGE('',*,*,#8150,.F.);
#8150 = EDGE_CURVE('',#8151,#7542,#8153,.T.);
#8151 = VERTEX_POINT('',#8152);
#8152 = CARTESIAN_POINT('',(3.45,2.,2.1));
#8153 = LINE('',#8154,#8155);
#8154 = CARTESIAN_POINT('',(3.45,2.,2.1));
#8155 = VECTOR('',#8156,1.);
#8156 = DIRECTION('',(0.,-1.,2.22044604925E-16));
#8157 = ORIENTED_EDGE('',*,*,#8158,.F.);
#8158 = EDGE_CURVE('',#8102,#8151,#8159,.T.);
#8159 = LINE('',#8160,#8161);
#8160 = CARTESIAN_POINT('',(3.45,2.,1.093435409435));
#8161 = VECTOR('',#8162,1.);
#8162 = DIRECTION('',(5.294315504591E-15,2.22044604925E-16,1.));
#8163 = PLANE('',#8164);
#8164 = AXIS2_PLACEMENT_3D('',#8165,#8166,#8167);
#8165 = CARTESIAN_POINT('',(3.45,2.,1.093435409435));
#8166 = DIRECTION('',(-1.,1.175574194565E-30,5.294315504591E-15));
#8167 = DIRECTION('',(5.294315504591E-15,2.22044604925E-16,1.));
#8168 = ADVANCED_FACE('',(#8169),#8181,.T.);
#8169 = FACE_BOUND('',#8170,.F.);
#8170 = EDGE_LOOP('',(#8171,#8172,#8173,#8174));
#8171 = ORIENTED_EDGE('',*,*,#8150,.T.);
#8172 = ORIENTED_EDGE('',*,*,#7541,.T.);
#8173 = ORIENTED_EDGE('',*,*,#8124,.F.);
#8174 = ORIENTED_EDGE('',*,*,#8175,.F.);
#8175 = EDGE_CURVE('',#8151,#8125,#8176,.T.);
#8176 = CIRCLE('',#8177,9.999999999998E-02);
#8177 = AXIS2_PLACEMENT_3D('',#8178,#8179,#8180);
#8178 = CARTESIAN_POINT('',(3.35,2.,2.1));
#8179 = DIRECTION('',(0.,-1.,2.22044604925E-16));
#8180 = DIRECTION('',(1.,0.,0.));
#8181 = CYLINDRICAL_SURFACE('',#8182,9.999999999998E-02);
#8182 = AXIS2_PLACEMENT_3D('',#8183,#8184,#8185);
#8183 = CARTESIAN_POINT('',(3.35,2.,2.1));
#8184 = DIRECTION('',(0.,1.,-2.22044604925E-16));
#8185 = DIRECTION('',(1.,0.,0.));
#8186 = ADVANCED_FACE('',(#8187),#8205,.T.);
#8187 = FACE_BOUND('',#8188,.T.);
#8188 = EDGE_LOOP('',(#8189,#8190,#8198,#8204));
#8189 = ORIENTED_EDGE('',*,*,#7667,.T.);
#8190 = ORIENTED_EDGE('',*,*,#8191,.T.);
#8191 = EDGE_CURVE('',#7668,#8192,#8194,.T.);
#8192 = VERTEX_POINT('',#8193);
#8193 = CARTESIAN_POINT('',(1.55,-1.55,1.88));
#8194 = LINE('',#8195,#8196);
#8195 = CARTESIAN_POINT('',(-1.55,-1.55,1.88));
#8196 = VECTOR('',#8197,1.);
#8197 = DIRECTION('',(1.,-3.400903462605E-32,-7.16272919113E-17));
#8198 = ORIENTED_EDGE('',*,*,#8199,.F.);
#8199 = EDGE_CURVE('',#7636,#8192,#8200,.T.);
#8200 = LINE('',#8201,#8202);
#8201 = CARTESIAN_POINT('',(1.55,1.,1.88));
#8202 = VECTOR('',#8203,1.);
#8203 = DIRECTION('',(-1.810458089176E-32,-1.,2.22044604925E-16));
#8204 = ORIENTED_EDGE('',*,*,#7644,.F.);
#8205 = PLANE('',#8206);
#8206 = AXIS2_PLACEMENT_3D('',#8207,#8208,#8209);
#8207 = CARTESIAN_POINT('',(-1.55,1.,1.88));
#8208 = DIRECTION('',(7.16272919113E-17,2.22044604925E-16,1.));
#8209 = DIRECTION('',(1.,-3.400903462605E-32,-7.16272919113E-17));
#8210 = ADVANCED_FACE('',(#8211),#8230,.T.);
#8211 = FACE_BOUND('',#8212,.F.);
#8212 = EDGE_LOOP('',(#8213,#8221,#8228,#8229));
#8213 = ORIENTED_EDGE('',*,*,#8214,.T.);
#8214 = EDGE_CURVE('',#7628,#8215,#8217,.T.);
#8215 = VERTEX_POINT('',#8216);
#8216 = CARTESIAN_POINT('',(1.75,-1.55,1.68));
#8217 = LINE('',#8218,#8219);
#8218 = CARTESIAN_POINT('',(1.75,1.,1.68));
#8219 = VECTOR('',#8220,1.);
#8220 = DIRECTION('',(-1.810458089176E-32,-1.,2.22044604925E-16));
#8221 = ORIENTED_EDGE('',*,*,#8222,.F.);
#8222 = EDGE_CURVE('',#8192,#8215,#8223,.T.);
#8223 = CIRCLE('',#8224,0.2);
#8224 = AXIS2_PLACEMENT_3D('',#8225,#8226,#8227);
#8225 = CARTESIAN_POINT('',(1.55,-1.55,1.68));
#8226 = DIRECTION('',(-1.251707073818E-32,1.,-3.830753280924E-16));
#8227 = DIRECTION('',(1.110223024625E-15,3.830753280924E-16,1.));
#8228 = ORIENTED_EDGE('',*,*,#8199,.F.);
#8229 = ORIENTED_EDGE('',*,*,#7635,.F.);
#8230 = CYLINDRICAL_SURFACE('',#8231,0.2);
#8231 = AXIS2_PLACEMENT_3D('',#8232,#8233,#8234);
#8232 = CARTESIAN_POINT('',(1.55,1.,1.68));
#8233 = DIRECTION('',(1.810458089176E-32,1.,-2.22044604925E-16));
#8234 = DIRECTION('',(1.,-1.810458089176E-32,2.736911063134E-48));
#8235 = ADVANCED_FACE('',(#8236),#8254,.T.);
#8236 = FACE_BOUND('',#8237,.T.);
#8237 = EDGE_LOOP('',(#8238,#8239,#8247,#8253));
#8238 = ORIENTED_EDGE('',*,*,#8214,.T.);
#8239 = ORIENTED_EDGE('',*,*,#8240,.T.);
#8240 = EDGE_CURVE('',#8215,#8241,#8243,.T.);
#8241 = VERTEX_POINT('',#8242);
#8242 = CARTESIAN_POINT('',(1.75,-1.55,1.38));
#8243 = LINE('',#8244,#8245);
#8244 = CARTESIAN_POINT('',(1.75,-1.55,1.68));
#8245 = VECTOR('',#8246,1.);
#8246 = DIRECTION('',(-1.283113448309E-48,-2.22044604925E-16,-1.));
#8247 = ORIENTED_EDGE('',*,*,#8248,.F.);
#8248 = EDGE_CURVE('',#7619,#8241,#8249,.T.);
#8249 = LINE('',#8250,#8251);
#8250 = CARTESIAN_POINT('',(1.75,1.,1.38));
#8251 = VECTOR('',#8252,1.);
#8252 = DIRECTION('',(-1.810458089176E-32,-1.,2.22044604925E-16));
#8253 = ORIENTED_EDGE('',*,*,#7627,.F.);
#8254 = PLANE('',#8255);
#8255 = AXIS2_PLACEMENT_3D('',#8256,#8257,#8258);
#8256 = CARTESIAN_POINT('',(1.75,1.,1.68));
#8257 = DIRECTION('',(1.,-1.810458089176E-32,2.736911063134E-48));
#8258 = DIRECTION('',(-1.283113448309E-48,-2.22044604925E-16,-1.));
#8259 = ADVANCED_FACE('',(#8260),#8272,.T.);
#8260 = FACE_BOUND('',#8261,.F.);
#8261 = EDGE_LOOP('',(#8262,#8263,#8270,#8271));
#8262 = ORIENTED_EDGE('',*,*,#7709,.T.);
#8263 = ORIENTED_EDGE('',*,*,#8264,.F.);
#8264 = EDGE_CURVE('',#8241,#7710,#8265,.T.);
#8265 = CIRCLE('',#8266,0.1);
#8266 = AXIS2_PLACEMENT_3D('',#8267,#8268,#8269);
#8267 = CARTESIAN_POINT('',(1.65,-1.55,1.38));
#8268 = DIRECTION('',(-1.251707073818E-32,1.,-3.830753280924E-16));
#8269 = DIRECTION('',(1.,-1.920485643794E-30,-5.046012031518E-15));
#8270 = ORIENTED_EDGE('',*,*,#8248,.F.);
#8271 = ORIENTED_EDGE('',*,*,#7618,.F.);
#8272 = CYLINDRICAL_SURFACE('',#8273,0.1);
#8273 = AXIS2_PLACEMENT_3D('',#8274,#8275,#8276);
#8274 = CARTESIAN_POINT('',(1.65,1.,1.38));
#8275 = DIRECTION('',(1.810458089176E-32,1.,-2.22044604925E-16));
#8276 = DIRECTION('',(1.,-1.810458089176E-32,2.736911063134E-48));
#8277 = ADVANCED_FACE('',(#8278),#8290,.T.);
#8278 = FACE_BOUND('',#8279,.T.);
#8279 = EDGE_LOOP('',(#8280,#8287,#8288,#8289));
#8280 = ORIENTED_EDGE('',*,*,#8281,.T.);
#8281 = EDGE_CURVE('',#7710,#7761,#8282,.T.);
#8282 = CIRCLE('',#8283,0.1);
#8283 = AXIS2_PLACEMENT_3D('',#8284,#8285,#8286);
#8284 = CARTESIAN_POINT('',(1.65,-1.55,1.38));
#8285 = DIRECTION('',(-1.,1.897029045074E-30,4.984779691561E-15));
#8286 = DIRECTION('',(-4.984779691561E-15,-3.830753280924E-16,-1.));
#8287 = ORIENTED_EDGE('',*,*,#7768,.T.);
#8288 = ORIENTED_EDGE('',*,*,#7692,.F.);
#8289 = ORIENTED_EDGE('',*,*,#7717,.F.);
#8290 = CYLINDRICAL_SURFACE('',#8291,0.1);
#8291 = AXIS2_PLACEMENT_3D('',#8292,#8293,#8294);
#8292 = CARTESIAN_POINT('',(1.65,-1.55,1.38));
#8293 = DIRECTION('',(-1.,1.810458089176E-32,-2.736911063134E-48));
#8294 = DIRECTION('',(-1.283113448309E-48,-2.22044604925E-16,-1.));
#8295 = ADVANCED_FACE('',(#8296),#8314,.T.);
#8296 = FACE_BOUND('',#8297,.T.);
#8297 = EDGE_LOOP('',(#8298,#8305,#8306,#8313));
#8298 = ORIENTED_EDGE('',*,*,#8299,.T.);
#8299 = EDGE_CURVE('',#8215,#7752,#8300,.T.);
#8300 = CIRCLE('',#8301,0.1);
#8301 = AXIS2_PLACEMENT_3D('',#8302,#8303,#8304);
#8302 = CARTESIAN_POINT('',(1.65,-1.55,1.68));
#8303 = DIRECTION('',(6.123233995736E-17,-3.830753280924E-16,-1.));
#8304 = DIRECTION('',(1.,3.597366945721E-32,6.123233995736E-17));
#8305 = ORIENTED_EDGE('',*,*,#7760,.T.);
#8306 = ORIENTED_EDGE('',*,*,#8307,.F.);
#8307 = EDGE_CURVE('',#8241,#7761,#8308,.T.);
#8308 = CIRCLE('',#8309,0.1);
#8309 = AXIS2_PLACEMENT_3D('',#8310,#8311,#8312);
#8310 = CARTESIAN_POINT('',(1.65,-1.55,1.38));
#8311 = DIRECTION('',(-1.283113448309E-48,-2.22044604925E-16,-1.));
#8312 = DIRECTION('',(1.,-1.810458089176E-32,2.736911063134E-48));
#8313 = ORIENTED_EDGE('',*,*,#8240,.F.);
#8314 = CYLINDRICAL_SURFACE('',#8315,0.1);
#8315 = AXIS2_PLACEMENT_3D('',#8316,#8317,#8318);
#8316 = CARTESIAN_POINT('',(1.65,-1.55,1.68));
#8317 = DIRECTION('',(-1.283113448309E-48,-2.22044604925E-16,-1.));
#8318 = DIRECTION('',(1.,-1.810458089176E-32,2.736911063134E-48));
#8319 = ADVANCED_FACE('',(#8320),#8332,.T.);
#8320 = FACE_BOUND('',#8321,.T.);
#8321 = EDGE_LOOP('',(#8322,#8323,#8324,#8331));
#8322 = ORIENTED_EDGE('',*,*,#7784,.T.);
#8323 = ORIENTED_EDGE('',*,*,#7743,.T.);
#8324 = ORIENTED_EDGE('',*,*,#8325,.F.);
#8325 = EDGE_CURVE('',#8192,#7744,#8326,.T.);
#8326 = CIRCLE('',#8327,0.1);
#8327 = AXIS2_PLACEMENT_3D('',#8328,#8329,#8330);
#8328 = CARTESIAN_POINT('',(1.55,-1.55,1.78));
#8329 = DIRECTION('',(1.,-3.400903462605E-32,-7.16272919113E-17));
#8330 = DIRECTION('',(7.16272919113E-17,2.22044604925E-16,1.));
#8331 = ORIENTED_EDGE('',*,*,#8191,.F.);
#8332 = CYLINDRICAL_SURFACE('',#8333,0.1);
#8333 = AXIS2_PLACEMENT_3D('',#8334,#8335,#8336);
#8334 = CARTESIAN_POINT('',(-1.55,-1.55,1.78));
#8335 = DIRECTION('',(1.,-3.400903462605E-32,-7.16272919113E-17));
#8336 = DIRECTION('',(7.16272919113E-17,2.22044604925E-16,1.));
#8337 = ADVANCED_FACE('',(#8338),#8344,.T.);
#8338 = FACE_BOUND('',#8339,.F.);
#8339 = EDGE_LOOP('',(#8340,#8341,#8342,#8343));
#8340 = ORIENTED_EDGE('',*,*,#8325,.F.);
#8341 = ORIENTED_EDGE('',*,*,#8222,.T.);
#8342 = ORIENTED_EDGE('',*,*,#8299,.T.);
#8343 = ORIENTED_EDGE('',*,*,#7751,.F.);
#8344 = TOROIDAL_SURFACE('',#8345,0.1,0.1);
#8345 = AXIS2_PLACEMENT_3D('',#8346,#8347,#8348);
#8346 = CARTESIAN_POINT('',(1.55,-1.55,1.68));
#8347 = DIRECTION('',(1.251707073818E-32,-1.,3.830753280924E-16));
#8348 = DIRECTION('',(1.110223024625E-15,3.830753280924E-16,1.));
#8349 = ADVANCED_FACE('',(#8350),#8368,.T.);
#8350 = FACE_BOUND('',#8351,.F.);
#8351 = EDGE_LOOP('',(#8352,#8353,#8354,#8355,#8356,#8357,#8358,#8359,
    #8360,#8361,#8362,#8363,#8364,#8365,#8366,#8367));
#8352 = ORIENTED_EDGE('',*,*,#7817,.T.);
#8353 = ORIENTED_EDGE('',*,*,#7865,.T.);
#8354 = ORIENTED_EDGE('',*,*,#7914,.F.);
#8355 = ORIENTED_EDGE('',*,*,#7962,.T.);
#8356 = ORIENTED_EDGE('',*,*,#8011,.T.);
#8357 = ORIENTED_EDGE('',*,*,#8060,.T.);
#8358 = ORIENTED_EDGE('',*,*,#8109,.T.);
#8359 = ORIENTED_EDGE('',*,*,#8158,.T.);
#8360 = ORIENTED_EDGE('',*,*,#8175,.T.);
#8361 = ORIENTED_EDGE('',*,*,#8134,.T.);
#8362 = ORIENTED_EDGE('',*,*,#8084,.T.);
#8363 = ORIENTED_EDGE('',*,*,#8036,.T.);
#8364 = ORIENTED_EDGE('',*,*,#7986,.T.);
#8365 = ORIENTED_EDGE('',*,*,#7938,.T.);
#8366 = ORIENTED_EDGE('',*,*,#7889,.T.);
#8367 = ORIENTED_EDGE('',*,*,#7841,.F.);
#8368 = PLANE('',#8369);
#8369 = AXIS2_PLACEMENT_3D('',#8370,#8371,#8372);
#8370 = CARTESIAN_POINT('',(2.590365606937E-16,2.,1.225304242245));
#8371 = DIRECTION('',(1.810458089176E-32,1.,-2.128319924145E-16));
#8372 = DIRECTION('',(0.,2.128319924145E-16,1.));
#8373 = ADVANCED_FACE('',(#8374),#8379,.T.);
#8374 = FACE_BOUND('',#8375,.F.);
#8375 = EDGE_LOOP('',(#8376,#8377,#8378));
#8376 = ORIENTED_EDGE('',*,*,#8307,.F.);
#8377 = ORIENTED_EDGE('',*,*,#8264,.T.);
#8378 = ORIENTED_EDGE('',*,*,#8281,.T.);
#8379 = SPHERICAL_SURFACE('',#8380,0.1);
#8380 = AXIS2_PLACEMENT_3D('',#8381,#8382,#8383);
#8381 = CARTESIAN_POINT('',(1.65,-1.55,1.38));
#8382 = DIRECTION('',(1.251707073818E-32,-1.,3.830753280924E-16));
#8383 = DIRECTION('',(1.,-1.920485643794E-30,-5.046012031518E-15));
#8384 = ( GEOMETRIC_REPRESENTATION_CONTEXT(3) 
GLOBAL_UNCERTAINTY_ASSIGNED_CONTEXT((#8388)) 
GLOBAL_UNIT_ASSIGNED_CONTEXT((#8385,#8386,#8387)) REPRESENTATION_CONTEXT
('Context #1','3D Context with UNIT and UNCERTAINTY') );
#8385 = ( LENGTH_UNIT() NAMED_UNIT(*) SI_UNIT(.MILLI.,.METRE.) );
#8386 = ( NAMED_UNIT(*) PLANE_ANGLE_UNIT() SI_UNIT($,.RADIAN.) );
#8387 = ( NAMED_UNIT(*) SI_UNIT($,.STERADIAN.) SOLID_ANGLE_UNIT() );
#8388 = UNCERTAINTY_MEASURE_WITH_UNIT(LENGTH_MEASURE(1.E-07),#8385,
  'distance_accuracy_value','confusion accuracy');
#8389 = CONTEXT_DEPENDENT_SHAPE_REPRESENTATION(#8390,#8392);
#8390 = ( REPRESENTATION_RELATIONSHIP('','',#7359,#10) 
REPRESENTATION_RELATIONSHIP_WITH_TRANSFORMATION(#8391) 
SHAPE_REPRESENTATION_RELATIONSHIP() );
#8391 = ITEM_DEFINED_TRANSFORMATION('','',#11,#23);
#8392 = PRODUCT_DEFINITION_SHAPE('Placement','Placement of an item',
  #8393);
#8393 = NEXT_ASSEMBLY_USAGE_OCCURRENCE('6','Back','',#5,#7354,$);
#8394 = PRODUCT_RELATED_PRODUCT_CATEGORY('part',$,(#7356));
#8395 = MECHANICAL_DESIGN_GEOMETRIC_PRESENTATION_REPRESENTATION('',(
    #8396),#7341);
#8396 = STYLED_ITEM('color',(#8397),#5729);
#8397 = PRESENTATION_STYLE_ASSIGNMENT((#8398,#8404));
#8398 = SURFACE_STYLE_USAGE(.BOTH.,#8399);
#8399 = SURFACE_SIDE_STYLE('',(#8400));
#8400 = SURFACE_STYLE_FILL_AREA(#8401);
#8401 = FILL_AREA_STYLE('',(#8402));
#8402 = FILL_AREA_STYLE_COLOUR('',#8403);
#8403 = COLOUR_RGB('',0.933333342953,0.933333342953,0.933333342953);
#8404 = CURVE_STYLE('',#8405,POSITIVE_LENGTH_MEASURE(0.1),#8406);
#8405 = DRAUGHTING_PRE_DEFINED_CURVE_FONT('continuous');
#8406 = COLOUR_RGB('',9.803921802644E-02,9.803921802644E-02,
  9.803921802644E-02);
#8407 = MECHANICAL_DESIGN_GEOMETRIC_PRESENTATION_REPRESENTATION('',(
    #8408),#5710);
#8408 = STYLED_ITEM('color',(#8409),#41);
#8409 = PRESENTATION_STYLE_ASSIGNMENT((#8410,#8416));
#8410 = SURFACE_STYLE_USAGE(.BOTH.,#8411);
#8411 = SURFACE_SIDE_STYLE('',(#8412));
#8412 = SURFACE_STYLE_FILL_AREA(#8413);
#8413 = FILL_AREA_STYLE('',(#8414));
#8414 = FILL_AREA_STYLE_COLOUR('',#8415);
#8415 = COLOUR_RGB('',0.666666687201,0.666666687201,0.666666687201);
#8416 = CURVE_STYLE('',#8417,POSITIVE_LENGTH_MEASURE(0.1),#8406);
#8417 = DRAUGHTING_PRE_DEFINED_CURVE_FONT('continuous');
#8418 = MECHANICAL_DESIGN_GEOMETRIC_PRESENTATION_REPRESENTATION('',(
    #8419),#8384);
#8419 = STYLED_ITEM('color',(#8420),#7360);
#8420 = PRESENTATION_STYLE_ASSIGNMENT((#8421,#8427));
#8421 = SURFACE_STYLE_USAGE(.BOTH.,#8422);
#8422 = SURFACE_SIDE_STYLE('',(#8423));
#8423 = SURFACE_STYLE_FILL_AREA(#8424);
#8424 = FILL_AREA_STYLE('',(#8425));
#8425 = FILL_AREA_STYLE_COLOUR('',#8426);
#8426 = COLOUR_RGB('',0.133333336917,0.133333336917,0.133333336917);
#8427 = CURVE_STYLE('',#8428,POSITIVE_LENGTH_MEASURE(0.1),#8406);
#8428 = DRAUGHTING_PRE_DEFINED_CURVE_FONT('continuous');
ENDSEC;
END-ISO-10303-21;
