ISO-10303-21;
HEADER;
FILE_DESCRIPTION(('FreeCAD Model'),'2;1');
FILE_NAME('Open CASCADE Shape Model','2025-05-23T10:18:13',(''),(''),
  'Open CASCADE STEP processor 7.8','FreeCAD','Unknown');
FILE_SCHEMA(('AUTOMOTIVE_DESIGN { 1 0 10303 214 1 1 1 1 }'));
ENDSEC;
DATA;
#1 = APPLICATION_PROTOCOL_DEFINITION('international standard',
  'automotive_design',2000,#2);
#2 = APPLICATION_CONTEXT(
  'core data for automotive mechanical design processes');
#3 = SHAPE_DEFINITION_REPRESENTATION(#4,#10);
#4 = PRODUCT_DEFINITION_SHAPE('','',#5);
#5 = PRODUCT_DEFINITION('design','',#6,#9);
#6 = PRODUCT_DEFINITION_FORMATION('','',#7);
#7 = PRODUCT('generic_soic127p790x195-8','generic_soic127p790x195-8','',
  (#8));
#8 = PRODUCT_CONTEXT('',#2,'mechanical');
#9 = PRODUCT_DEFINITION_CONTEXT('part definition',#2,'design');
#10 = SHAPE_REPRESENTATION('',(#11,#15,#19,#23),#27);
#11 = AXIS2_PLACEMENT_3D('',#12,#13,#14);
#12 = CARTESIAN_POINT('',(0.,0.,0.));
#13 = DIRECTION('',(0.,0.,1.));
#14 = DIRECTION('',(1.,0.,-0.));
#15 = AXIS2_PLACEMENT_3D('',#16,#17,#18);
#16 = CARTESIAN_POINT('',(0.,0.,0.));
#17 = DIRECTION('',(0.,0.,1.));
#18 = DIRECTION('',(1.,0.,0.));
#19 = AXIS2_PLACEMENT_3D('',#20,#21,#22);
#20 = CARTESIAN_POINT('',(0.,0.,0.));
#21 = DIRECTION('',(0.,0.,1.));
#22 = DIRECTION('',(1.,0.,0.));
#23 = AXIS2_PLACEMENT_3D('',#24,#25,#26);
#24 = CARTESIAN_POINT('',(0.,0.,0.));
#25 = DIRECTION('',(0.,0.,1.));
#26 = DIRECTION('',(1.,0.,0.));
#27 = ( GEOMETRIC_REPRESENTATION_CONTEXT(3) 
GLOBAL_UNCERTAINTY_ASSIGNED_CONTEXT((#31)) GLOBAL_UNIT_ASSIGNED_CONTEXT(
(#28,#29,#30)) REPRESENTATION_CONTEXT('Context #1',
  '3D Context with UNIT and UNCERTAINTY') );
#28 = ( LENGTH_UNIT() NAMED_UNIT(*) SI_UNIT(.MILLI.,.METRE.) );
#29 = ( NAMED_UNIT(*) PLANE_ANGLE_UNIT() SI_UNIT($,.RADIAN.) );
#30 = ( NAMED_UNIT(*) SI_UNIT($,.STERADIAN.) SOLID_ANGLE_UNIT() );
#31 = UNCERTAINTY_MEASURE_WITH_UNIT(LENGTH_MEASURE(2.E-06),#28,
  'distance_accuracy_value','confusion accuracy');
#32 = PRODUCT_RELATED_PRODUCT_CATEGORY('part',$,(#7));
#33 = SHAPE_DEFINITION_REPRESENTATION(#34,#40);
#34 = PRODUCT_DEFINITION_SHAPE('','',#35);
#35 = PRODUCT_DEFINITION('design','',#36,#39);
#36 = PRODUCT_DEFINITION_FORMATION('','',#37);
#37 = PRODUCT('Package','Package','',(#38));
#38 = PRODUCT_CONTEXT('',#2,'mechanical');
#39 = PRODUCT_DEFINITION_CONTEXT('part definition',#2,'design');
#40 = ADVANCED_BREP_SHAPE_REPRESENTATION('',(#11,#41),#1460);
#41 = MANIFOLD_SOLID_BREP('',#42);
#42 = CLOSED_SHELL('',(#43,#83,#119,#158,#191,#227,#336,#367,#384,#415,
    #524,#566,#583,#614,#642,#667,#685,#721,#746,#779,#807,#825,#856,
    #881,#915,#1024,#1048,#1065,#1076,#1093,#1117,#1134,#1165,#1274,
    #1285,#1294,#1311,#1336,#1354,#1379,#1397,#1426,#1438,#1449));
#43 = ADVANCED_FACE('',(#44),#78,.T.);
#44 = FACE_BOUND('',#45,.T.);
#45 = EDGE_LOOP('',(#46,#56,#64,#72));
#46 = ORIENTED_EDGE('',*,*,#47,.F.);
#47 = EDGE_CURVE('',#48,#50,#52,.T.);
#48 = VERTEX_POINT('',#49);
#49 = CARTESIAN_POINT('',(-2.638469057056,2.589228669406,1.058682408883)
  );
#50 = VERTEX_POINT('',#51);
#51 = CARTESIAN_POINT('',(-2.488591123454,2.439350735804,1.908682408883)
  );
#52 = LINE('',#53,#54);
#53 = CARTESIAN_POINT('',(-2.641441318301,2.59220093065,1.041825877725)
  );
#54 = VECTOR('',#55,1.);
#55 = DIRECTION('',(0.171087869746,-0.171087869746,0.970287525248));
#56 = ORIENTED_EDGE('',*,*,#57,.T.);
#57 = EDGE_CURVE('',#48,#58,#60,.T.);
#58 = VERTEX_POINT('',#59);
#59 = CARTESIAN_POINT('',(-2.638469057056,-2.589228669406,1.058682408883
    ));
#60 = LINE('',#61,#62);
#61 = CARTESIAN_POINT('',(-2.638469057056,2.64,1.058682408883));
#62 = VECTOR('',#63,1.);
#63 = DIRECTION('',(0.,-1.,2.22044604925E-16));
#64 = ORIENTED_EDGE('',*,*,#65,.T.);
#65 = EDGE_CURVE('',#58,#66,#68,.T.);
#66 = VERTEX_POINT('',#67);
#67 = CARTESIAN_POINT('',(-2.488591123454,-2.439350735804,1.908682408883
    ));
#68 = LINE('',#69,#70);
#69 = CARTESIAN_POINT('',(-2.641441318301,-2.59220093065,1.041825877725)
  );
#70 = VECTOR('',#71,1.);
#71 = DIRECTION('',(0.171087869746,0.171087869746,0.970287525248));
#72 = ORIENTED_EDGE('',*,*,#73,.F.);
#73 = EDGE_CURVE('',#50,#66,#74,.T.);
#74 = LINE('',#75,#76);
#75 = CARTESIAN_POINT('',(-2.488591123454,2.481305717362,1.908682408883)
  );
#76 = VECTOR('',#77,1.);
#77 = DIRECTION('',(0.,-1.,2.22044604925E-16));
#78 = PLANE('',#79);
#79 = AXIS2_PLACEMENT_3D('',#80,#81,#82);
#80 = CARTESIAN_POINT('',(-2.64,2.64,1.05));
#81 = DIRECTION('',(-0.984807753012,3.855764100601E-17,0.173648177667));
#82 = DIRECTION('',(0.173648177667,2.186712484447E-16,0.984807753012));
#83 = ADVANCED_FACE('',(#84),#114,.T.);
#84 = FACE_BOUND('',#85,.F.);
#85 = EDGE_LOOP('',(#86,#98,#106,#113));
#86 = ORIENTED_EDGE('',*,*,#87,.T.);
#87 = EDGE_CURVE('',#48,#88,#90,.T.);
#88 = VERTEX_POINT('',#89);
#89 = CARTESIAN_POINT('',(-2.589228669406,2.638469057056,1.058682408883)
  );
#90 = ( BOUNDED_CURVE() B_SPLINE_CURVE(6,(#91,#92,#93,#94,#95,#96,#97),
.UNSPECIFIED.,.F.,.F.) B_SPLINE_CURVE_WITH_KNOTS((7,7),(0.,
1.540638065802),.PIECEWISE_BEZIER_KNOTS.) CURVE() 
GEOMETRIC_REPRESENTATION_ITEM() RATIONAL_B_SPLINE_CURVE((1.03017915692,
    1.009653976698,0.998003665673,0.99418419978,0.998003665673,
1.009653976698,1.03017915692)) REPRESENTATION_ITEM('') );
#91 = CARTESIAN_POINT('',(-2.638469057056,2.589228669406,1.058682408883)
  );
#92 = CARTESIAN_POINT('',(-2.638079879977,2.602135119146,1.060889541778)
  );
#93 = CARTESIAN_POINT('',(-2.633679024639,2.61471877449,1.062332390197)
  );
#94 = CARTESIAN_POINT('',(-2.625622724084,2.625622724084,1.062834507554)
  );
#95 = CARTESIAN_POINT('',(-2.61471877449,2.633679024639,1.062332390197)
  );
#96 = CARTESIAN_POINT('',(-2.602135119146,2.638079879977,1.060889541778)
  );
#97 = CARTESIAN_POINT('',(-2.589228669406,2.638469057056,1.058682408883)
  );
#98 = ORIENTED_EDGE('',*,*,#99,.T.);
#99 = EDGE_CURVE('',#88,#100,#102,.T.);
#100 = VERTEX_POINT('',#101);
#101 = CARTESIAN_POINT('',(-2.439350735804,2.488591123454,1.908682408883
    ));
#102 = LINE('',#103,#104);
#103 = CARTESIAN_POINT('',(-2.59220093065,2.641441318301,1.041825877725)
  );
#104 = VECTOR('',#105,1.);
#105 = DIRECTION('',(0.171087869746,-0.171087869746,0.970287525248));
#106 = ORIENTED_EDGE('',*,*,#107,.F.);
#107 = EDGE_CURVE('',#50,#100,#108,.T.);
#108 = CIRCLE('',#109,5.E-02);
#109 = AXIS2_PLACEMENT_3D('',#110,#111,#112);
#110 = CARTESIAN_POINT('',(-2.439350735804,2.439350735804,1.9));
#111 = DIRECTION('',(-0.171087869746,0.171087869746,-0.970287525248));
#112 = DIRECTION('',(-0.984807753012,-4.549653490991E-17,0.173648177667)
  );
#113 = ORIENTED_EDGE('',*,*,#47,.F.);
#114 = CYLINDRICAL_SURFACE('',#115,5.E-02);
#115 = AXIS2_PLACEMENT_3D('',#116,#117,#118);
#116 = CARTESIAN_POINT('',(-2.59220093065,2.59220093065,1.033143468842)
  );
#117 = DIRECTION('',(0.171087869746,-0.171087869746,0.970287525248));
#118 = DIRECTION('',(-0.984807753012,3.430074498502E-17,0.173648177667)
  );
#119 = ADVANCED_FACE('',(#120),#153,.T.);
#120 = FACE_BOUND('',#121,.T.);
#121 = EDGE_LOOP('',(#122,#134,#142,#152));
#122 = ORIENTED_EDGE('',*,*,#123,.F.);
#123 = EDGE_CURVE('',#124,#48,#126,.T.);
#124 = VERTEX_POINT('',#125);
#125 = CARTESIAN_POINT('',(-2.638469057056,2.589228669406,1.041317591117
    ));
#126 = ( BOUNDED_CURVE() B_SPLINE_CURVE(6,(#127,#128,#129,#130,#131,#132
,#133),.UNSPECIFIED.,.F.,.F.) B_SPLINE_CURVE_WITH_KNOTS((7,7),(0.,
0.349065850399),.PIECEWISE_BEZIER_KNOTS.) CURVE() 
GEOMETRIC_REPRESENTATION_ITEM() RATIONAL_B_SPLINE_CURVE((1.001524413575,
    1.000507104893,0.999898374523,0.999695733922,0.999898374523,
1.000507104893,1.001524413575)) REPRESENTATION_ITEM('') );
#127 = CARTESIAN_POINT('',(-2.638469057056,2.589228669406,1.041317591117
    ));
#128 = CARTESIAN_POINT('',(-2.638974692734,2.589228669406,1.044185193543
    ));
#129 = CARTESIAN_POINT('',(-2.639279392372,2.589228669406,1.047084614077
    ));
#130 = CARTESIAN_POINT('',(-2.639381179402,2.589228669406,1.05));
#131 = CARTESIAN_POINT('',(-2.639279392372,2.589228669406,1.052915385923
    ));
#132 = CARTESIAN_POINT('',(-2.638974692734,2.589228669406,1.055814806457
    ));
#133 = CARTESIAN_POINT('',(-2.638469057056,2.589228669406,1.058682408883
    ));
#134 = ORIENTED_EDGE('',*,*,#135,.T.);
#135 = EDGE_CURVE('',#124,#136,#138,.T.);
#136 = VERTEX_POINT('',#137);
#137 = CARTESIAN_POINT('',(-2.638469057056,-2.589228669406,
    1.041317591117));
#138 = LINE('',#139,#140);
#139 = CARTESIAN_POINT('',(-2.638469057056,2.64,1.041317591117));
#140 = VECTOR('',#141,1.);
#141 = DIRECTION('',(0.,-1.,2.22044604925E-16));
#142 = ORIENTED_EDGE('',*,*,#143,.T.);
#143 = EDGE_CURVE('',#136,#58,#144,.T.);
#144 = ( BOUNDED_CURVE() B_SPLINE_CURVE(6,(#145,#146,#147,#148,#149,#150
,#151),.UNSPECIFIED.,.F.,.F.) B_SPLINE_CURVE_WITH_KNOTS((7,7),(0.,
0.349065850399),.PIECEWISE_BEZIER_KNOTS.) CURVE() 
GEOMETRIC_REPRESENTATION_ITEM() RATIONAL_B_SPLINE_CURVE((1.001524413575,
    1.000507104893,0.999898374523,0.999695733922,0.999898374523,
1.000507104893,1.001524413575)) REPRESENTATION_ITEM('') );
#145 = CARTESIAN_POINT('',(-2.638469057056,-2.589228669406,
    1.041317591117));
#146 = CARTESIAN_POINT('',(-2.638974692734,-2.589228669406,
    1.044185193543));
#147 = CARTESIAN_POINT('',(-2.639279392372,-2.589228669406,
    1.047084614077));
#148 = CARTESIAN_POINT('',(-2.639381179402,-2.589228669406,1.05));
#149 = CARTESIAN_POINT('',(-2.639279392372,-2.589228669406,
    1.052915385923));
#150 = CARTESIAN_POINT('',(-2.638974692734,-2.589228669406,
    1.055814806457));
#151 = CARTESIAN_POINT('',(-2.638469057056,-2.589228669406,
    1.058682408883));
#152 = ORIENTED_EDGE('',*,*,#57,.F.);
#153 = CYLINDRICAL_SURFACE('',#154,5.E-02);
#154 = AXIS2_PLACEMENT_3D('',#155,#156,#157);
#155 = CARTESIAN_POINT('',(-2.589228669406,2.64,1.05));
#156 = DIRECTION('',(0.,-1.,2.22044604925E-16));
#157 = DIRECTION('',(-0.984807753012,3.855764100601E-17,0.173648177667)
  );
#158 = ADVANCED_FACE('',(#159),#186,.T.);
#159 = FACE_BOUND('',#160,.F.);
#160 = EDGE_LOOP('',(#161,#170,#178,#185));
#161 = ORIENTED_EDGE('',*,*,#162,.F.);
#162 = EDGE_CURVE('',#163,#50,#165,.T.);
#163 = VERTEX_POINT('',#164);
#164 = CARTESIAN_POINT('',(-2.439350735804,2.439350735804,1.95));
#165 = CIRCLE('',#166,5.E-02);
#166 = AXIS2_PLACEMENT_3D('',#167,#168,#169);
#167 = CARTESIAN_POINT('',(-2.439350735804,2.439350735804,1.9));
#168 = DIRECTION('',(0.,-1.,-2.22044604925E-16));
#169 = DIRECTION('',(-1.,-3.944304526105E-30,1.7763568394E-14));
#170 = ORIENTED_EDGE('',*,*,#171,.T.);
#171 = EDGE_CURVE('',#163,#172,#174,.T.);
#172 = VERTEX_POINT('',#173);
#173 = CARTESIAN_POINT('',(-2.439350735804,-2.439350735804,1.95));
#174 = LINE('',#175,#176);
#175 = CARTESIAN_POINT('',(-2.439350735804,2.481305717362,1.95));
#176 = VECTOR('',#177,1.);
#177 = DIRECTION('',(0.,-1.,2.22044604925E-16));
#178 = ORIENTED_EDGE('',*,*,#179,.F.);
#179 = EDGE_CURVE('',#66,#172,#180,.T.);
#180 = CIRCLE('',#181,5.E-02);
#181 = AXIS2_PLACEMENT_3D('',#182,#183,#184);
#182 = CARTESIAN_POINT('',(-2.439350735804,-2.439350735804,1.9));
#183 = DIRECTION('',(-1.177320730628E-14,1.,3.574918139293E-14));
#184 = DIRECTION('',(-0.984807753012,-1.780212603501E-14,0.173648177667)
  );
#185 = ORIENTED_EDGE('',*,*,#73,.F.);
#186 = CYLINDRICAL_SURFACE('',#187,5.E-02);
#187 = AXIS2_PLACEMENT_3D('',#188,#189,#190);
#188 = CARTESIAN_POINT('',(-2.439350735804,2.481305717362,1.9));
#189 = DIRECTION('',(0.,-1.,2.22044604925E-16));
#190 = DIRECTION('',(-0.984807753012,3.855764100601E-17,0.173648177667)
  );
#191 = ADVANCED_FACE('',(#192),#222,.T.);
#192 = FACE_BOUND('',#193,.T.);
#193 = EDGE_LOOP('',(#194,#206,#214,#221));
#194 = ORIENTED_EDGE('',*,*,#195,.T.);
#195 = EDGE_CURVE('',#58,#196,#198,.T.);
#196 = VERTEX_POINT('',#197);
#197 = CARTESIAN_POINT('',(-2.589228669406,-2.638469057056,
    1.058682408883));
#198 = ( BOUNDED_CURVE() B_SPLINE_CURVE(6,(#199,#200,#201,#202,#203,#204
,#205),.UNSPECIFIED.,.F.,.F.) B_SPLINE_CURVE_WITH_KNOTS((7,7),(0.,
1.540638065802),.PIECEWISE_BEZIER_KNOTS.) CURVE() 
GEOMETRIC_REPRESENTATION_ITEM() RATIONAL_B_SPLINE_CURVE((1.03017915692,
    1.009653976698,0.998003665673,0.99418419978,0.998003665673,
1.009653976698,1.03017915692)) REPRESENTATION_ITEM('') );
#199 = CARTESIAN_POINT('',(-2.638469057056,-2.589228669406,
    1.058682408883));
#200 = CARTESIAN_POINT('',(-2.638079879977,-2.602135119146,
    1.060889541778));
#201 = CARTESIAN_POINT('',(-2.633679024639,-2.61471877449,1.062332390197
    ));
#202 = CARTESIAN_POINT('',(-2.625622724084,-2.625622724084,
    1.062834507554));
#203 = CARTESIAN_POINT('',(-2.61471877449,-2.633679024639,1.062332390197
    ));
#204 = CARTESIAN_POINT('',(-2.602135119146,-2.638079879977,
    1.060889541778));
#205 = CARTESIAN_POINT('',(-2.589228669406,-2.638469057056,
    1.058682408883));
#206 = ORIENTED_EDGE('',*,*,#207,.T.);
#207 = EDGE_CURVE('',#196,#208,#210,.T.);
#208 = VERTEX_POINT('',#209);
#209 = CARTESIAN_POINT('',(-2.439350735804,-2.488591123454,
    1.908682408883));
#210 = LINE('',#211,#212);
#211 = CARTESIAN_POINT('',(-2.59220093065,-2.641441318301,1.041825877725
    ));
#212 = VECTOR('',#213,1.);
#213 = DIRECTION('',(0.171087869746,0.171087869746,0.970287525248));
#214 = ORIENTED_EDGE('',*,*,#215,.T.);
#215 = EDGE_CURVE('',#208,#66,#216,.T.);
#216 = CIRCLE('',#217,5.E-02);
#217 = AXIS2_PLACEMENT_3D('',#218,#219,#220);
#218 = CARTESIAN_POINT('',(-2.439350735804,-2.439350735804,1.9));
#219 = DIRECTION('',(-0.171087869746,-0.171087869746,-0.970287525248));
#220 = DIRECTION('',(-0.985255774317,2.97090968023E-02,0.168488660572));
#221 = ORIENTED_EDGE('',*,*,#65,.F.);
#222 = CYLINDRICAL_SURFACE('',#223,5.E-02);
#223 = AXIS2_PLACEMENT_3D('',#224,#225,#226);
#224 = CARTESIAN_POINT('',(-2.59220093065,-2.59220093065,1.033143468842)
  );
#225 = DIRECTION('',(0.171087869746,0.171087869746,0.970287525248));
#226 = DIRECTION('',(-0.984807753012,3.430074498502E-17,0.173648177667)
  );
#227 = ADVANCED_FACE('',(#228),#254,.F.);
#228 = FACE_BOUND('',#229,.F.);
#229 = EDGE_LOOP('',(#230,#231,#232,#244));
#230 = ORIENTED_EDGE('',*,*,#87,.F.);
#231 = ORIENTED_EDGE('',*,*,#123,.F.);
#232 = ORIENTED_EDGE('',*,*,#233,.F.);
#233 = EDGE_CURVE('',#234,#124,#236,.T.);
#234 = VERTEX_POINT('',#235);
#235 = CARTESIAN_POINT('',(-2.589228669406,2.638469057056,1.041317591117
    ));
#236 = ( BOUNDED_CURVE() B_SPLINE_CURVE(6,(#237,#238,#239,#240,#241,#242
,#243),.UNSPECIFIED.,.F.,.F.) B_SPLINE_CURVE_WITH_KNOTS((7,7),(0.,
1.540638065802),.PIECEWISE_BEZIER_KNOTS.) CURVE() 
GEOMETRIC_REPRESENTATION_ITEM() RATIONAL_B_SPLINE_CURVE((1.03017915692,
    1.009653976698,0.998003665673,0.99418419978,0.998003665673,
1.009653976698,1.03017915692)) REPRESENTATION_ITEM('') );
#237 = CARTESIAN_POINT('',(-2.589228669406,2.638469057056,1.041317591117
    ));
#238 = CARTESIAN_POINT('',(-2.602135119146,2.638079879977,1.039110458222
    ));
#239 = CARTESIAN_POINT('',(-2.61471877449,2.633679024639,1.037667609803)
  );
#240 = CARTESIAN_POINT('',(-2.625622724084,2.625622724084,1.037165492446
    ));
#241 = CARTESIAN_POINT('',(-2.633679024639,2.61471877449,1.037667609803)
  );
#242 = CARTESIAN_POINT('',(-2.638079879977,2.602135119146,1.039110458222
    ));
#243 = CARTESIAN_POINT('',(-2.638469057056,2.589228669406,1.041317591117
    ));
#244 = ORIENTED_EDGE('',*,*,#245,.F.);
#245 = EDGE_CURVE('',#88,#234,#246,.T.);
#246 = ( BOUNDED_CURVE() B_SPLINE_CURVE(6,(#247,#248,#249,#250,#251,#252
,#253),.UNSPECIFIED.,.F.,.F.) B_SPLINE_CURVE_WITH_KNOTS((7,7),(0.,
0.349065850399),.PIECEWISE_BEZIER_KNOTS.) CURVE() 
GEOMETRIC_REPRESENTATION_ITEM() RATIONAL_B_SPLINE_CURVE((1.001524413575,
    1.000507104893,0.999898374523,0.999695733922,0.999898374523,
1.000507104893,1.001524413575)) REPRESENTATION_ITEM('') );
#247 = CARTESIAN_POINT('',(-2.589228669406,2.638469057056,1.058682408883
    ));
#248 = CARTESIAN_POINT('',(-2.589228669406,2.638974692734,1.055814806457
    ));
#249 = CARTESIAN_POINT('',(-2.589228669406,2.639279392372,1.052915385923
    ));
#250 = CARTESIAN_POINT('',(-2.589228669406,2.639381179402,1.05));
#251 = CARTESIAN_POINT('',(-2.589228669406,2.639279392372,1.047084614077
    ));
#252 = CARTESIAN_POINT('',(-2.589228669406,2.638974692734,1.044185193543
    ));
#253 = CARTESIAN_POINT('',(-2.589228669406,2.638469057056,1.041317591117
    ));
#254 = B_SPLINE_SURFACE_WITH_KNOTS('',8,8,(
    (#255,#256,#257,#258,#259,#260,#261,#262,#263)
    ,(#264,#265,#266,#267,#268,#269,#270,#271,#272)
    ,(#273,#274,#275,#276,#277,#278,#279,#280,#281)
    ,(#282,#283,#284,#285,#286,#287,#288,#289,#290)
    ,(#291,#292,#293,#294,#295,#296,#297,#298,#299)
    ,(#300,#301,#302,#303,#304,#305,#306,#307,#308)
    ,(#309,#310,#311,#312,#313,#314,#315,#316,#317)
    ,(#318,#319,#320,#321,#322,#323,#324,#325,#326)
    ,(#327,#328,#329,#330,#331,#332,#333,#334,#335
  )),.UNSPECIFIED.,.F.,.F.,.F.,(9,9),(9,9),(-3.888937236925E-02,
    3.888937236925E-02),(-1.327122752965E-02,1.327122752965E-02),
  .PIECEWISE_BEZIER_KNOTS.);
#255 = CARTESIAN_POINT('',(-2.582179733697,2.637192809808,1.063271088813
    ));
#256 = CARTESIAN_POINT('',(-2.583088551806,2.638089423348,1.059953341235
    ));
#257 = CARTESIAN_POINT('',(-2.583611755376,2.638621051545,1.05663535217)
  );
#258 = CARTESIAN_POINT('',(-2.584173115982,2.639179912001,1.053317569413
    ));
#259 = CARTESIAN_POINT('',(-2.584431257865,2.639434520166,1.05));
#260 = CARTESIAN_POINT('',(-2.584173115983,2.639179912003,1.046682430587
    ));
#261 = CARTESIAN_POINT('',(-2.583611755376,2.638621051547,1.04336464783)
  );
#262 = CARTESIAN_POINT('',(-2.583088551806,2.638089423349,1.040046658765
    ));
#263 = CARTESIAN_POINT('',(-2.582179733697,2.637192809808,1.036728911187
    ));
#264 = CARTESIAN_POINT('',(-2.597186389415,2.638445839024,1.063271110844
    ));
#265 = CARTESIAN_POINT('',(-2.598131841376,2.639375384652,1.059953392724
    ));
#266 = CARTESIAN_POINT('',(-2.59893391387,2.640122949805,1.056636500315)
  );
#267 = CARTESIAN_POINT('',(-2.598771132828,2.640032877531,1.053317507638
    ));
#268 = CARTESIAN_POINT('',(-2.599142535854,2.640397783372,1.049999999999
    ));
#269 = CARTESIAN_POINT('',(-2.598771132828,2.640032877531,1.046682492363
    ));
#270 = CARTESIAN_POINT('',(-2.59893391387,2.640122949803,1.043363499685)
  );
#271 = CARTESIAN_POINT('',(-2.598131841375,2.639375384651,1.040046607276
    ));
#272 = CARTESIAN_POINT('',(-2.597186389415,2.638445839024,1.036728889156
    ));
#273 = CARTESIAN_POINT('',(-2.608897910034,2.636456936876,1.063270685964
    ));
#274 = CARTESIAN_POINT('',(-2.60965353382,2.637247379735,1.059952696606)
  );
#275 = CARTESIAN_POINT('',(-2.60915078787,2.636905131489,1.056632211897)
  );
#276 = CARTESIAN_POINT('',(-2.613486902097,2.63992289945,1.053325254015)
  );
#277 = CARTESIAN_POINT('',(-2.606308789666,2.635372341095,1.050000000003
    ));
#278 = CARTESIAN_POINT('',(-2.613486902086,2.639922899415,1.04667474598)
  );
#279 = CARTESIAN_POINT('',(-2.609150787875,2.636905131507,1.043367788106
    ));
#280 = CARTESIAN_POINT('',(-2.609653533821,2.637247379737,1.040047303393
    ));
#281 = CARTESIAN_POINT('',(-2.608897910034,2.636456936877,1.036729314036
    ));
#282 = CARTESIAN_POINT('',(-2.61596528439,2.629805337276,1.06326959337)
  );
#283 = CARTESIAN_POINT('',(-2.615509728492,2.62933840201,1.059949639544)
  );
#284 = CARTESIAN_POINT('',(-2.616267945586,2.630266175214,1.056631859119
    ));
#285 = CARTESIAN_POINT('',(-2.615743478812,2.629909424003,1.053314435511
    ));
#286 = CARTESIAN_POINT('',(-2.625462719837,2.638569005654,1.049999999994
    ));
#287 = CARTESIAN_POINT('',(-2.615743478826,2.62990942405,1.046685564498)
  );
#288 = CARTESIAN_POINT('',(-2.616267945579,2.63026617519,1.043368140876)
  );
#289 = CARTESIAN_POINT('',(-2.615509728491,2.629338402008,1.040050360457
    ));
#290 = CARTESIAN_POINT('',(-2.61596528439,2.629805337275,1.03673040663)
  );
#291 = CARTESIAN_POINT('',(-2.626208390518,2.626208390517,1.063275373776
    ));
#292 = CARTESIAN_POINT('',(-2.628206114096,2.628206114096,1.059961457642
    ));
#293 = CARTESIAN_POINT('',(-2.629870750209,2.629870750166,1.056642818482
    ));
#294 = CARTESIAN_POINT('',(-2.626727872627,2.626727872733,1.053319725764
    ));
#295 = CARTESIAN_POINT('',(-2.622576389968,2.622576389848,1.050000000006
    ));
#296 = CARTESIAN_POINT('',(-2.626727872611,2.626727872684,1.046680274227
    ));
#297 = CARTESIAN_POINT('',(-2.629870750216,2.629870750191,1.043357181524
    ));
#298 = CARTESIAN_POINT('',(-2.628206114098,2.628206114098,1.040038542355
    ));
#299 = CARTESIAN_POINT('',(-2.626208390517,2.626208390518,1.036724626224
    ));
#300 = CARTESIAN_POINT('',(-2.629805337276,2.61596528439,1.06326959337)
  );
#301 = CARTESIAN_POINT('',(-2.629338402009,2.615509728492,1.059949639544
    ));
#302 = CARTESIAN_POINT('',(-2.630266175179,2.616267945613,1.056631859119
    ));
#303 = CARTESIAN_POINT('',(-2.629909424083,2.615743478743,1.05331443551)
  );
#304 = CARTESIAN_POINT('',(-2.638569005575,2.625462719918,1.049999999996
    ));
#305 = CARTESIAN_POINT('',(-2.629909424094,2.615743478771,1.046685564497
    ));
#306 = CARTESIAN_POINT('',(-2.630266175175,2.616267945598,1.043368140877
    ));
#307 = CARTESIAN_POINT('',(-2.629338402008,2.615509728491,1.040050360457
    ));
#308 = CARTESIAN_POINT('',(-2.629805337276,2.61596528439,1.03673040663)
  );
#309 = CARTESIAN_POINT('',(-2.636456936877,2.608897910034,1.063270685964
    ));
#310 = CARTESIAN_POINT('',(-2.637247379736,2.60965353382,1.059952696606)
  );
#311 = CARTESIAN_POINT('',(-2.63690513151,2.609150787855,1.056632211896)
  );
#312 = CARTESIAN_POINT('',(-2.639922899403,2.613486902138,1.053325254016
    ));
#313 = CARTESIAN_POINT('',(-2.635372341137,2.606308789609,1.050000000001
    ));
#314 = CARTESIAN_POINT('',(-2.639922899398,2.613486902126,1.046674745982
    ));
#315 = CARTESIAN_POINT('',(-2.636905131512,2.609150787862,1.043367788105
    ));
#316 = CARTESIAN_POINT('',(-2.637247379737,2.60965353382,1.040047303393)
  );
#317 = CARTESIAN_POINT('',(-2.636456936876,2.608897910034,1.036729314036
    ));
#318 = CARTESIAN_POINT('',(-2.638445839024,2.597186389415,1.063271110844
    ));
#319 = CARTESIAN_POINT('',(-2.639375384652,2.598131841376,1.059953392724
    ));
#320 = CARTESIAN_POINT('',(-2.640122949803,2.598933913871,1.056636500315
    ));
#321 = CARTESIAN_POINT('',(-2.640032877531,2.598771132829,1.053317507638
    ));
#322 = CARTESIAN_POINT('',(-2.640397783371,2.599142535852,1.049999999999
    ));
#323 = CARTESIAN_POINT('',(-2.640032877531,2.598771132829,1.046682492364
    ));
#324 = CARTESIAN_POINT('',(-2.640122949803,2.59893391387,1.043363499685)
  );
#325 = CARTESIAN_POINT('',(-2.639375384652,2.598131841376,1.040046607276
    ));
#326 = CARTESIAN_POINT('',(-2.638445839024,2.597186389415,1.036728889156
    ));
#327 = CARTESIAN_POINT('',(-2.637192809808,2.582179733696,1.063271088813
    ));
#328 = CARTESIAN_POINT('',(-2.638089423348,2.583088551806,1.059953341235
    ));
#329 = CARTESIAN_POINT('',(-2.638621051546,2.583611755375,1.05663535217)
  );
#330 = CARTESIAN_POINT('',(-2.639179912002,2.584173115982,1.053317569413
    ));
#331 = CARTESIAN_POINT('',(-2.639434520166,2.584431257865,1.05));
#332 = CARTESIAN_POINT('',(-2.639179912002,2.584173115983,1.046682430587
    ));
#333 = CARTESIAN_POINT('',(-2.638621051547,2.583611755375,1.04336464783)
  );
#334 = CARTESIAN_POINT('',(-2.638089423348,2.583088551806,1.040046658765
    ));
#335 = CARTESIAN_POINT('',(-2.637192809808,2.582179733696,1.036728911187
    ));
#336 = ADVANCED_FACE('',(#337),#362,.T.);
#337 = FACE_BOUND('',#338,.F.);
#338 = EDGE_LOOP('',(#339,#340,#348,#356));
#339 = ORIENTED_EDGE('',*,*,#99,.F.);
#340 = ORIENTED_EDGE('',*,*,#341,.F.);
#341 = EDGE_CURVE('',#342,#88,#344,.T.);
#342 = VERTEX_POINT('',#343);
#343 = CARTESIAN_POINT('',(2.589228669406,2.638469057056,1.058682408883)
  );
#344 = LINE('',#345,#346);
#345 = CARTESIAN_POINT('',(2.64,2.638469057056,1.058682408883));
#346 = VECTOR('',#347,1.);
#347 = DIRECTION('',(-1.,0.,0.));
#348 = ORIENTED_EDGE('',*,*,#349,.F.);
#349 = EDGE_CURVE('',#350,#342,#352,.T.);
#350 = VERTEX_POINT('',#351);
#351 = CARTESIAN_POINT('',(2.439350735804,2.488591123454,1.908682408883)
  );
#352 = LINE('',#353,#354);
#353 = CARTESIAN_POINT('',(2.433506648012,2.482747035663,1.941825877725)
  );
#354 = VECTOR('',#355,1.);
#355 = DIRECTION('',(0.171087869746,0.171087869746,-0.970287525248));
#356 = ORIENTED_EDGE('',*,*,#357,.T.);
#357 = EDGE_CURVE('',#350,#100,#358,.T.);
#358 = LINE('',#359,#360);
#359 = CARTESIAN_POINT('',(2.481305717362,2.488591123454,1.908682408883)
  );
#360 = VECTOR('',#361,1.);
#361 = DIRECTION('',(-1.,0.,0.));
#362 = PLANE('',#363);
#363 = AXIS2_PLACEMENT_3D('',#364,#365,#366);
#364 = CARTESIAN_POINT('',(7.757746817214,2.481305717362,1.95));
#365 = DIRECTION('',(0.,0.984807753012,0.173648177667));
#366 = DIRECTION('',(0.,-0.173648177667,0.984807753012));
#367 = ADVANCED_FACE('',(#368),#379,.T.);
#368 = FACE_BOUND('',#369,.T.);
#369 = EDGE_LOOP('',(#370,#371,#378));
#370 = ORIENTED_EDGE('',*,*,#162,.F.);
#371 = ORIENTED_EDGE('',*,*,#372,.T.);
#372 = EDGE_CURVE('',#163,#100,#373,.T.);
#373 = CIRCLE('',#374,5.E-02);
#374 = AXIS2_PLACEMENT_3D('',#375,#376,#377);
#375 = CARTESIAN_POINT('',(-2.439350735804,2.439350735804,1.9));
#376 = DIRECTION('',(-1.,-6.123233995737E-17,1.7763568394E-14));
#377 = DIRECTION('',(-6.123233995737E-17,1.,2.22044604925E-16));
#378 = ORIENTED_EDGE('',*,*,#107,.F.);
#379 = SPHERICAL_SURFACE('',#380,5.E-02);
#380 = AXIS2_PLACEMENT_3D('',#381,#382,#383);
#381 = CARTESIAN_POINT('',(-2.439350735804,2.439350735804,1.9));
#382 = DIRECTION('',(-1.7763568394E-14,2.22044604925E-16,-1.));
#383 = DIRECTION('',(-1.,-3.944304526105E-30,1.7763568394E-14));
#384 = ADVANCED_FACE('',(#385),#410,.T.);
#385 = FACE_BOUND('',#386,.T.);
#386 = EDGE_LOOP('',(#387,#388,#396,#404));
#387 = ORIENTED_EDGE('',*,*,#135,.F.);
#388 = ORIENTED_EDGE('',*,*,#389,.T.);
#389 = EDGE_CURVE('',#124,#390,#392,.T.);
#390 = VERTEX_POINT('',#391);
#391 = CARTESIAN_POINT('',(-2.488591123454,2.439350735804,0.191317591117
    ));
#392 = LINE('',#393,#394);
#393 = CARTESIAN_POINT('',(-2.641441318301,2.59220093065,1.058174122275)
  );
#394 = VECTOR('',#395,1.);
#395 = DIRECTION('',(0.171087869746,-0.171087869746,-0.970287525248));
#396 = ORIENTED_EDGE('',*,*,#397,.T.);
#397 = EDGE_CURVE('',#390,#398,#400,.T.);
#398 = VERTEX_POINT('',#399);
#399 = CARTESIAN_POINT('',(-2.488591123454,-2.439350735804,
    0.191317591117));
#400 = LINE('',#401,#402);
#401 = CARTESIAN_POINT('',(-2.488591123454,2.481305717362,0.191317591117
    ));
#402 = VECTOR('',#403,1.);
#403 = DIRECTION('',(0.,-1.,2.22044604925E-16));
#404 = ORIENTED_EDGE('',*,*,#405,.F.);
#405 = EDGE_CURVE('',#136,#398,#406,.T.);
#406 = LINE('',#407,#408);
#407 = CARTESIAN_POINT('',(-2.641441318301,-2.59220093065,1.058174122275
    ));
#408 = VECTOR('',#409,1.);
#409 = DIRECTION('',(0.171087869746,0.171087869746,-0.970287525248));
#410 = PLANE('',#411);
#411 = AXIS2_PLACEMENT_3D('',#412,#413,#414);
#412 = CARTESIAN_POINT('',(-2.481305717362,2.64,0.15));
#413 = DIRECTION('',(-0.984807753012,-3.855764100601E-17,-0.173648177667
    ));
#414 = DIRECTION('',(-0.173648177667,2.186712484447E-16,0.984807753012)
  );
#415 = ADVANCED_FACE('',(#416),#442,.T.);
#416 = FACE_BOUND('',#417,.T.);
#417 = EDGE_LOOP('',(#418,#419,#420,#432));
#418 = ORIENTED_EDGE('',*,*,#195,.F.);
#419 = ORIENTED_EDGE('',*,*,#143,.F.);
#420 = ORIENTED_EDGE('',*,*,#421,.F.);
#421 = EDGE_CURVE('',#422,#136,#424,.T.);
#422 = VERTEX_POINT('',#423);
#423 = CARTESIAN_POINT('',(-2.589228669406,-2.638469057056,
    1.041317591117));
#424 = ( BOUNDED_CURVE() B_SPLINE_CURVE(6,(#425,#426,#427,#428,#429,#430
,#431),.UNSPECIFIED.,.F.,.F.) B_SPLINE_CURVE_WITH_KNOTS((7,7),(0.,
1.540638065802),.PIECEWISE_BEZIER_KNOTS.) CURVE() 
GEOMETRIC_REPRESENTATION_ITEM() RATIONAL_B_SPLINE_CURVE((1.03017915692,
    1.009653976698,0.998003665673,0.99418419978,0.998003665673,
1.009653976698,1.03017915692)) REPRESENTATION_ITEM('') );
#425 = CARTESIAN_POINT('',(-2.589228669406,-2.638469057056,
    1.041317591117));
#426 = CARTESIAN_POINT('',(-2.602135119146,-2.638079879977,
    1.039110458222));
#427 = CARTESIAN_POINT('',(-2.61471877449,-2.633679024639,1.037667609803
    ));
#428 = CARTESIAN_POINT('',(-2.625622724084,-2.625622724084,
    1.037165492446));
#429 = CARTESIAN_POINT('',(-2.633679024639,-2.61471877449,1.037667609803
    ));
#430 = CARTESIAN_POINT('',(-2.638079879977,-2.602135119146,
    1.039110458222));
#431 = CARTESIAN_POINT('',(-2.638469057056,-2.589228669406,
    1.041317591117));
#432 = ORIENTED_EDGE('',*,*,#433,.F.);
#433 = EDGE_CURVE('',#196,#422,#434,.T.);
#434 = ( BOUNDED_CURVE() B_SPLINE_CURVE(6,(#435,#436,#437,#438,#439,#440
,#441),.UNSPECIFIED.,.F.,.F.) B_SPLINE_CURVE_WITH_KNOTS((7,7),(0.,
0.349065850399),.PIECEWISE_BEZIER_KNOTS.) CURVE() 
GEOMETRIC_REPRESENTATION_ITEM() RATIONAL_B_SPLINE_CURVE((1.001524413575,
    1.000507104893,0.999898374523,0.999695733922,0.999898374523,
1.000507104893,1.001524413575)) REPRESENTATION_ITEM('') );
#435 = CARTESIAN_POINT('',(-2.589228669406,-2.638469057056,
    1.058682408883));
#436 = CARTESIAN_POINT('',(-2.589228669406,-2.638974692734,
    1.055814806457));
#437 = CARTESIAN_POINT('',(-2.589228669406,-2.639279392372,
    1.052915385923));
#438 = CARTESIAN_POINT('',(-2.589228669406,-2.639381179402,1.05));
#439 = CARTESIAN_POINT('',(-2.589228669406,-2.639279392372,
    1.047084614077));
#440 = CARTESIAN_POINT('',(-2.589228669406,-2.638974692734,
    1.044185193543));
#441 = CARTESIAN_POINT('',(-2.589228669406,-2.638469057056,
    1.041317591117));
#442 = B_SPLINE_SURFACE_WITH_KNOTS('',8,8,(
    (#443,#444,#445,#446,#447,#448,#449,#450,#451)
    ,(#452,#453,#454,#455,#456,#457,#458,#459,#460)
    ,(#461,#462,#463,#464,#465,#466,#467,#468,#469)
    ,(#470,#471,#472,#473,#474,#475,#476,#477,#478)
    ,(#479,#480,#481,#482,#483,#484,#485,#486,#487)
    ,(#488,#489,#490,#491,#492,#493,#494,#495,#496)
    ,(#497,#498,#499,#500,#501,#502,#503,#504,#505)
    ,(#506,#507,#508,#509,#510,#511,#512,#513,#514)
    ,(#515,#516,#517,#518,#519,#520,#521,#522,#523
  )),.UNSPECIFIED.,.F.,.F.,.F.,(9,9),(9,9),(-3.888937236925E-02,
    3.888937236925E-02),(-1.327122752965E-02,1.327122752965E-02),
  .PIECEWISE_BEZIER_KNOTS.);
#443 = CARTESIAN_POINT('',(-2.637192809808,-2.582179733696,
    1.036728911187));
#444 = CARTESIAN_POINT('',(-2.638089423348,-2.583088551806,
    1.040046658765));
#445 = CARTESIAN_POINT('',(-2.638621051547,-2.583611755375,1.04336464783
    ));
#446 = CARTESIAN_POINT('',(-2.639179912003,-2.584173115983,
    1.046682430587));
#447 = CARTESIAN_POINT('',(-2.639434520166,-2.584431257865,1.05));
#448 = CARTESIAN_POINT('',(-2.639179912001,-2.584173115982,
    1.053317569413));
#449 = CARTESIAN_POINT('',(-2.638621051545,-2.583611755375,1.05663535217
    ));
#450 = CARTESIAN_POINT('',(-2.638089423348,-2.583088551806,
    1.059953341235));
#451 = CARTESIAN_POINT('',(-2.637192809808,-2.582179733696,
    1.063271088813));
#452 = CARTESIAN_POINT('',(-2.638445839024,-2.597186389415,
    1.036728889156));
#453 = CARTESIAN_POINT('',(-2.639375384651,-2.598131841376,
    1.040046607276));
#454 = CARTESIAN_POINT('',(-2.640122949804,-2.59893391387,1.043363499684
    ));
#455 = CARTESIAN_POINT('',(-2.640032877528,-2.59877113283,1.046682492364
    ));
#456 = CARTESIAN_POINT('',(-2.640397783375,-2.599142535851,
    1.049999999998));
#457 = CARTESIAN_POINT('',(-2.640032877528,-2.598771132829,
    1.053317507639));
#458 = CARTESIAN_POINT('',(-2.640122949806,-2.598933913871,
    1.056636500314));
#459 = CARTESIAN_POINT('',(-2.639375384652,-2.598131841376,
    1.059953392724));
#460 = CARTESIAN_POINT('',(-2.638445839024,-2.597186389415,
    1.063271110844));
#461 = CARTESIAN_POINT('',(-2.636456936877,-2.608897910034,
    1.036729314036));
#462 = CARTESIAN_POINT('',(-2.637247379738,-2.60965353382,1.040047303392
    ));
#463 = CARTESIAN_POINT('',(-2.636905131495,-2.609150787859,
    1.043367788107));
#464 = CARTESIAN_POINT('',(-2.639922899443,-2.613486902136,
    1.046674745977));
#465 = CARTESIAN_POINT('',(-2.635372341067,-2.606308789596,
    1.050000000008));
#466 = CARTESIAN_POINT('',(-2.639922899464,-2.613486902148,
    1.053325254011));
#467 = CARTESIAN_POINT('',(-2.636905131484,-2.609150787851,
    1.056632211899));
#468 = CARTESIAN_POINT('',(-2.637247379736,-2.60965353382,1.059952696606
    ));
#469 = CARTESIAN_POINT('',(-2.636456936876,-2.608897910033,
    1.063270685964));
#470 = CARTESIAN_POINT('',(-2.629805337276,-2.61596528439,1.03673040663)
  );
#471 = CARTESIAN_POINT('',(-2.629338402006,-2.615509728492,
    1.040050360458));
#472 = CARTESIAN_POINT('',(-2.630266175213,-2.616267945605,
    1.043368140874));
#473 = CARTESIAN_POINT('',(-2.629909423999,-2.615743478756,
    1.046685564503));
#474 = CARTESIAN_POINT('',(-2.638569005699,-2.625462719924,
    1.049999999987));
#475 = CARTESIAN_POINT('',(-2.629909423984,-2.615743478747,
    1.053314435518));
#476 = CARTESIAN_POINT('',(-2.63026617522,-2.61626794561,1.056631859115)
  );
#477 = CARTESIAN_POINT('',(-2.629338402007,-2.615509728492,
    1.059949639545));
#478 = CARTESIAN_POINT('',(-2.629805337276,-2.61596528439,1.06326959337)
  );
#479 = CARTESIAN_POINT('',(-2.626208390517,-2.626208390517,
    1.036724626224));
#480 = CARTESIAN_POINT('',(-2.6282061141,-2.628206114097,1.040038542355)
  );
#481 = CARTESIAN_POINT('',(-2.62987075015,-2.629870750175,1.043357181527
    ));
#482 = CARTESIAN_POINT('',(-2.626727872779,-2.626727872716,1.04668027422
    ));
#483 = CARTESIAN_POINT('',(-2.622576389754,-2.622576389844,
    1.050000000016));
#484 = CARTESIAN_POINT('',(-2.626727872778,-2.626727872707,
    1.053319725754));
#485 = CARTESIAN_POINT('',(-2.629870750153,-2.629870750178,
    1.056642818486));
#486 = CARTESIAN_POINT('',(-2.628206114099,-2.628206114097,
    1.059961457642));
#487 = CARTESIAN_POINT('',(-2.626208390517,-2.626208390517,
    1.063275373776));
#488 = CARTESIAN_POINT('',(-2.61596528439,-2.629805337276,1.03673040663)
  );
#489 = CARTESIAN_POINT('',(-2.61550972849,-2.629338402009,1.040050360458
    ));
#490 = CARTESIAN_POINT('',(-2.616267945635,-2.630266175208,
    1.043368140874));
#491 = CARTESIAN_POINT('',(-2.615743478685,-2.629909424018,
    1.046685564503));
#492 = CARTESIAN_POINT('',(-2.625462719999,-2.638569005651,
    1.049999999988));
#493 = CARTESIAN_POINT('',(-2.615743478702,-2.629909424039,
    1.053314435518));
#494 = CARTESIAN_POINT('',(-2.616267945624,-2.630266175197,
    1.056631859115));
#495 = CARTESIAN_POINT('',(-2.61550972849,-2.629338402008,1.059949639545
    ));
#496 = CARTESIAN_POINT('',(-2.61596528439,-2.629805337276,1.06326959337)
  );
#497 = CARTESIAN_POINT('',(-2.608897910033,-2.636456936876,
    1.036729314036));
#498 = CARTESIAN_POINT('',(-2.60965353382,-2.637247379736,1.040047303392
    ));
#499 = CARTESIAN_POINT('',(-2.609150787834,-2.63690513149,1.043367788107
    ));
#500 = CARTESIAN_POINT('',(-2.613486902192,-2.639922899445,
    1.046674745978));
#501 = CARTESIAN_POINT('',(-2.606308789541,-2.635372341094,
    1.050000000006));
#502 = CARTESIAN_POINT('',(-2.613486902171,-2.639922899421,
    1.053325254012));
#503 = CARTESIAN_POINT('',(-2.609150787846,-2.636905131503,
    1.056632211899));
#504 = CARTESIAN_POINT('',(-2.609653533821,-2.637247379737,
    1.059952696606));
#505 = CARTESIAN_POINT('',(-2.608897910034,-2.636456936877,
    1.063270685964));
#506 = CARTESIAN_POINT('',(-2.597186389416,-2.638445839024,
    1.036728889156));
#507 = CARTESIAN_POINT('',(-2.598131841376,-2.639375384652,
    1.040046607276));
#508 = CARTESIAN_POINT('',(-2.598933913873,-2.640122949806,
    1.043363499684));
#509 = CARTESIAN_POINT('',(-2.598771132829,-2.64003287753,1.046682492364
    ));
#510 = CARTESIAN_POINT('',(-2.599142535853,-2.640397783373,
    1.049999999998));
#511 = CARTESIAN_POINT('',(-2.598771132828,-2.640032877529,
    1.053317507639));
#512 = CARTESIAN_POINT('',(-2.598933913871,-2.640122949804,
    1.056636500314));
#513 = CARTESIAN_POINT('',(-2.598131841376,-2.639375384651,
    1.059953392725));
#514 = CARTESIAN_POINT('',(-2.597186389415,-2.638445839024,
    1.063271110844));
#515 = CARTESIAN_POINT('',(-2.582179733696,-2.637192809808,
    1.036728911187));
#516 = CARTESIAN_POINT('',(-2.583088551806,-2.638089423348,
    1.040046658765));
#517 = CARTESIAN_POINT('',(-2.583611755374,-2.638621051545,1.04336464783
    ));
#518 = CARTESIAN_POINT('',(-2.584173115982,-2.639179912001,
    1.046682430587));
#519 = CARTESIAN_POINT('',(-2.584431257865,-2.639434520165,1.05));
#520 = CARTESIAN_POINT('',(-2.584173115983,-2.639179912003,
    1.053317569413));
#521 = CARTESIAN_POINT('',(-2.583611755375,-2.638621051547,1.05663535217
    ));
#522 = CARTESIAN_POINT('',(-2.583088551806,-2.638089423348,
    1.059953341235));
#523 = CARTESIAN_POINT('',(-2.582179733696,-2.637192809808,
    1.063271088813));
#524 = ADVANCED_FACE('',(#525,#550),#561,.T.);
#525 = FACE_BOUND('',#526,.T.);
#526 = EDGE_LOOP('',(#527,#528,#536,#544));
#527 = ORIENTED_EDGE('',*,*,#171,.T.);
#528 = ORIENTED_EDGE('',*,*,#529,.F.);
#529 = EDGE_CURVE('',#530,#172,#532,.T.);
#530 = VERTEX_POINT('',#531);
#531 = CARTESIAN_POINT('',(2.439350735804,-2.439350735804,1.95));
#532 = LINE('',#533,#534);
#533 = CARTESIAN_POINT('',(2.481305717362,-2.439350735804,1.95));
#534 = VECTOR('',#535,1.);
#535 = DIRECTION('',(-1.,0.,0.));
#536 = ORIENTED_EDGE('',*,*,#537,.F.);
#537 = EDGE_CURVE('',#538,#530,#540,.T.);
#538 = VERTEX_POINT('',#539);
#539 = CARTESIAN_POINT('',(2.439350735804,2.439350735804,1.95));
#540 = LINE('',#541,#542);
#541 = CARTESIAN_POINT('',(2.439350735804,2.481305717362,1.95));
#542 = VECTOR('',#543,1.);
#543 = DIRECTION('',(0.,-1.,2.22044604925E-16));
#544 = ORIENTED_EDGE('',*,*,#545,.T.);
#545 = EDGE_CURVE('',#538,#163,#546,.T.);
#546 = LINE('',#547,#548);
#547 = CARTESIAN_POINT('',(2.481305717362,2.439350735804,1.95));
#548 = VECTOR('',#549,1.);
#549 = DIRECTION('',(-1.,0.,0.));
#550 = FACE_BOUND('',#551,.T.);
#551 = EDGE_LOOP('',(#552));
#552 = ORIENTED_EDGE('',*,*,#553,.F.);
#553 = EDGE_CURVE('',#554,#554,#556,.T.);
#554 = VERTEX_POINT('',#555);
#555 = CARTESIAN_POINT('',(-1.681305717362,1.881305717362,1.95));
#556 = CIRCLE('',#557,0.2);
#557 = AXIS2_PLACEMENT_3D('',#558,#559,#560);
#558 = CARTESIAN_POINT('',(-1.881305717362,1.881305717362,1.95));
#559 = DIRECTION('',(0.,0.,1.));
#560 = DIRECTION('',(1.,0.,0.));
#561 = PLANE('',#562);
#562 = AXIS2_PLACEMENT_3D('',#563,#564,#565);
#563 = CARTESIAN_POINT('',(-2.481305717362,2.64,1.95));
#564 = DIRECTION('',(0.,2.22044604925E-16,1.));
#565 = DIRECTION('',(1.,0.,0.));
#566 = ADVANCED_FACE('',(#567),#578,.T.);
#567 = FACE_BOUND('',#568,.T.);
#568 = EDGE_LOOP('',(#569,#570,#577));
#569 = ORIENTED_EDGE('',*,*,#215,.F.);
#570 = ORIENTED_EDGE('',*,*,#571,.T.);
#571 = EDGE_CURVE('',#208,#172,#572,.T.);
#572 = CIRCLE('',#573,5.E-02);
#573 = AXIS2_PLACEMENT_3D('',#574,#575,#576);
#574 = CARTESIAN_POINT('',(-2.439350735804,-2.439350735804,1.9));
#575 = DIRECTION('',(-1.,-1.767684867035E-14,2.045922850368E-15));
#576 = DIRECTION('',(-1.054711873394E-15,0.173648177667,0.984807753012)
  );
#577 = ORIENTED_EDGE('',*,*,#179,.F.);
#578 = SPHERICAL_SURFACE('',#579,5.E-02);
#579 = AXIS2_PLACEMENT_3D('',#580,#581,#582);
#580 = CARTESIAN_POINT('',(-2.439350735804,-2.439350735804,1.9));
#581 = DIRECTION('',(-1.7763568394E-14,0.984807753012,-0.173648177667));
#582 = DIRECTION('',(-0.985255774317,2.97090968023E-02,0.168488660572));
#583 = ADVANCED_FACE('',(#584),#609,.T.);
#584 = FACE_BOUND('',#585,.T.);
#585 = EDGE_LOOP('',(#586,#587,#595,#603));
#586 = ORIENTED_EDGE('',*,*,#207,.F.);
#587 = ORIENTED_EDGE('',*,*,#588,.F.);
#588 = EDGE_CURVE('',#589,#196,#591,.T.);
#589 = VERTEX_POINT('',#590);
#590 = CARTESIAN_POINT('',(2.589228669406,-2.638469057056,1.058682408883
    ));
#591 = LINE('',#592,#593);
#592 = CARTESIAN_POINT('',(2.64,-2.638469057056,1.058682408883));
#593 = VECTOR('',#594,1.);
#594 = DIRECTION('',(-1.,0.,0.));
#595 = ORIENTED_EDGE('',*,*,#596,.F.);
#596 = EDGE_CURVE('',#597,#589,#599,.T.);
#597 = VERTEX_POINT('',#598);
#598 = CARTESIAN_POINT('',(2.439350735804,-2.488591123454,1.908682408883
    ));
#599 = LINE('',#600,#601);
#600 = CARTESIAN_POINT('',(2.433506648012,-2.482747035663,1.941825877725
    ));
#601 = VECTOR('',#602,1.);
#602 = DIRECTION('',(0.171087869746,-0.171087869746,-0.970287525248));
#603 = ORIENTED_EDGE('',*,*,#604,.T.);
#604 = EDGE_CURVE('',#597,#208,#605,.T.);
#605 = LINE('',#606,#607);
#606 = CARTESIAN_POINT('',(2.481305717362,-2.488591123454,1.908682408883
    ));
#607 = VECTOR('',#608,1.);
#608 = DIRECTION('',(-1.,0.,0.));
#609 = PLANE('',#610);
#610 = AXIS2_PLACEMENT_3D('',#611,#612,#613);
#611 = CARTESIAN_POINT('',(7.757746817214,-2.481305717362,1.95));
#612 = DIRECTION('',(0.,-0.984807753012,0.173648177667));
#613 = DIRECTION('',(0.,-0.173648177667,-0.984807753012));
#614 = ADVANCED_FACE('',(#615),#637,.T.);
#615 = FACE_BOUND('',#616,.T.);
#616 = EDGE_LOOP('',(#617,#629,#635,#636));
#617 = ORIENTED_EDGE('',*,*,#618,.F.);
#618 = EDGE_CURVE('',#619,#342,#621,.T.);
#619 = VERTEX_POINT('',#620);
#620 = CARTESIAN_POINT('',(2.589228669406,2.638469057056,1.041317591117)
  );
#621 = ( BOUNDED_CURVE() B_SPLINE_CURVE(6,(#622,#623,#624,#625,#626,#627
,#628),.UNSPECIFIED.,.F.,.F.) B_SPLINE_CURVE_WITH_KNOTS((7,7),(0.,
0.349065850399),.PIECEWISE_BEZIER_KNOTS.) CURVE() 
GEOMETRIC_REPRESENTATION_ITEM() RATIONAL_B_SPLINE_CURVE((1.001524413575,
    1.000507104893,0.999898374523,0.999695733922,0.999898374523,
1.000507104893,1.001524413575)) REPRESENTATION_ITEM('') );
#622 = CARTESIAN_POINT('',(2.589228669406,2.638469057056,1.041317591117)
  );
#623 = CARTESIAN_POINT('',(2.589228669406,2.638974692734,1.044185193543)
  );
#624 = CARTESIAN_POINT('',(2.589228669406,2.639279392372,1.047084614077)
  );
#625 = CARTESIAN_POINT('',(2.589228669406,2.639381179402,1.05));
#626 = CARTESIAN_POINT('',(2.589228669406,2.639279392372,1.052915385923)
  );
#627 = CARTESIAN_POINT('',(2.589228669406,2.638974692734,1.055814806457)
  );
#628 = CARTESIAN_POINT('',(2.589228669406,2.638469057056,1.058682408883)
  );
#629 = ORIENTED_EDGE('',*,*,#630,.T.);
#630 = EDGE_CURVE('',#619,#234,#631,.T.);
#631 = LINE('',#632,#633);
#632 = CARTESIAN_POINT('',(2.64,2.638469057056,1.041317591117));
#633 = VECTOR('',#634,1.);
#634 = DIRECTION('',(-1.,0.,0.));
#635 = ORIENTED_EDGE('',*,*,#245,.F.);
#636 = ORIENTED_EDGE('',*,*,#341,.F.);
#637 = CYLINDRICAL_SURFACE('',#638,5.E-02);
#638 = AXIS2_PLACEMENT_3D('',#639,#640,#641);
#639 = CARTESIAN_POINT('',(2.64,2.589228669406,1.05));
#640 = DIRECTION('',(-1.,0.,0.));
#641 = DIRECTION('',(0.,0.984807753012,0.173648177667));
#642 = ADVANCED_FACE('',(#643),#662,.T.);
#643 = FACE_BOUND('',#644,.T.);
#644 = EDGE_LOOP('',(#645,#646,#654,#661));
#645 = ORIENTED_EDGE('',*,*,#233,.F.);
#646 = ORIENTED_EDGE('',*,*,#647,.T.);
#647 = EDGE_CURVE('',#234,#648,#650,.T.);
#648 = VERTEX_POINT('',#649);
#649 = CARTESIAN_POINT('',(-2.439350735804,2.488591123454,0.191317591117
    ));
#650 = LINE('',#651,#652);
#651 = CARTESIAN_POINT('',(-2.59220093065,2.641441318301,1.058174122275)
  );
#652 = VECTOR('',#653,1.);
#653 = DIRECTION('',(0.171087869746,-0.171087869746,-0.970287525248));
#654 = ORIENTED_EDGE('',*,*,#655,.T.);
#655 = EDGE_CURVE('',#648,#390,#656,.T.);
#656 = CIRCLE('',#657,5.E-02);
#657 = AXIS2_PLACEMENT_3D('',#658,#659,#660);
#658 = CARTESIAN_POINT('',(-2.439350735804,2.439350735804,0.2));
#659 = DIRECTION('',(-0.171087869746,0.171087869746,0.970287525248));
#660 = DIRECTION('',(-0.985255774317,-2.970909680236E-02,-0.168488660572
    ));
#661 = ORIENTED_EDGE('',*,*,#389,.F.);
#662 = CYLINDRICAL_SURFACE('',#663,5.E-02);
#663 = AXIS2_PLACEMENT_3D('',#664,#665,#666);
#664 = CARTESIAN_POINT('',(-2.59220093065,2.59220093065,1.066856531158)
  );
#665 = DIRECTION('',(0.171087869746,-0.171087869746,-0.970287525248));
#666 = DIRECTION('',(-0.984807753012,-3.430074498502E-17,-0.173648177667
    ));
#667 = ADVANCED_FACE('',(#668),#680,.T.);
#668 = FACE_BOUND('',#669,.F.);
#669 = EDGE_LOOP('',(#670,#677,#678,#679));
#670 = ORIENTED_EDGE('',*,*,#671,.F.);
#671 = EDGE_CURVE('',#538,#350,#672,.T.);
#672 = CIRCLE('',#673,5.E-02);
#673 = AXIS2_PLACEMENT_3D('',#674,#675,#676);
#674 = CARTESIAN_POINT('',(2.439350735804,2.439350735804,1.9));
#675 = DIRECTION('',(-1.,0.,0.));
#676 = DIRECTION('',(0.,1.,2.22044604925E-16));
#677 = ORIENTED_EDGE('',*,*,#545,.T.);
#678 = ORIENTED_EDGE('',*,*,#372,.T.);
#679 = ORIENTED_EDGE('',*,*,#357,.F.);
#680 = CYLINDRICAL_SURFACE('',#681,5.E-02);
#681 = AXIS2_PLACEMENT_3D('',#682,#683,#684);
#682 = CARTESIAN_POINT('',(2.481305717362,2.439350735804,1.9));
#683 = DIRECTION('',(-1.,0.,0.));
#684 = DIRECTION('',(0.,0.984807753012,0.173648177667));
#685 = ADVANCED_FACE('',(#686),#716,.T.);
#686 = FACE_BOUND('',#687,.T.);
#687 = EDGE_LOOP('',(#688,#689,#698,#706));
#688 = ORIENTED_EDGE('',*,*,#349,.F.);
#689 = ORIENTED_EDGE('',*,*,#690,.T.);
#690 = EDGE_CURVE('',#350,#691,#693,.T.);
#691 = VERTEX_POINT('',#692);
#692 = CARTESIAN_POINT('',(2.488591123454,2.439350735804,1.908682408883)
  );
#693 = CIRCLE('',#694,5.E-02);
#694 = AXIS2_PLACEMENT_3D('',#695,#696,#697);
#695 = CARTESIAN_POINT('',(2.439350735804,2.439350735804,1.9));
#696 = DIRECTION('',(0.171087869746,0.171087869746,-0.970287525248));
#697 = DIRECTION('',(0.,0.984807753012,0.173648177667));
#698 = ORIENTED_EDGE('',*,*,#699,.T.);
#699 = EDGE_CURVE('',#691,#700,#702,.T.);
#700 = VERTEX_POINT('',#701);
#701 = CARTESIAN_POINT('',(2.638469057056,2.589228669406,1.058682408883)
  );
#702 = LINE('',#703,#704);
#703 = CARTESIAN_POINT('',(2.482747035663,2.433506648012,1.941825877725)
  );
#704 = VECTOR('',#705,1.);
#705 = DIRECTION('',(0.171087869746,0.171087869746,-0.970287525248));
#706 = ORIENTED_EDGE('',*,*,#707,.F.);
#707 = EDGE_CURVE('',#342,#700,#708,.T.);
#708 = ( BOUNDED_CURVE() B_SPLINE_CURVE(6,(#709,#710,#711,#712,#713,#714
,#715),.UNSPECIFIED.,.F.,.F.) B_SPLINE_CURVE_WITH_KNOTS((7,7),(0.,
1.540638065802),.PIECEWISE_BEZIER_KNOTS.) CURVE() 
GEOMETRIC_REPRESENTATION_ITEM() RATIONAL_B_SPLINE_CURVE((1.03017915692,
    1.009653976698,0.998003665673,0.99418419978,0.998003665673,
1.009653976698,1.03017915692)) REPRESENTATION_ITEM('') );
#709 = CARTESIAN_POINT('',(2.589228669406,2.638469057056,1.058682408883)
  );
#710 = CARTESIAN_POINT('',(2.602135119146,2.638079879977,1.060889541778)
  );
#711 = CARTESIAN_POINT('',(2.61471877449,2.633679024639,1.062332390197)
  );
#712 = CARTESIAN_POINT('',(2.625622724084,2.625622724084,1.062834507554)
  );
#713 = CARTESIAN_POINT('',(2.633679024639,2.61471877449,1.062332390197)
  );
#714 = CARTESIAN_POINT('',(2.638079879977,2.602135119146,1.060889541778)
  );
#715 = CARTESIAN_POINT('',(2.638469057056,2.589228669406,1.058682408883)
  );
#716 = CYLINDRICAL_SURFACE('',#717,5.E-02);
#717 = AXIS2_PLACEMENT_3D('',#718,#719,#720);
#718 = CARTESIAN_POINT('',(2.433506648012,2.433506648012,1.933143468842)
  );
#719 = DIRECTION('',(0.171087869746,0.171087869746,-0.970287525248));
#720 = DIRECTION('',(-3.469446951954E-18,0.984807753012,0.173648177667)
  );
#721 = ADVANCED_FACE('',(#722),#741,.T.);
#722 = FACE_BOUND('',#723,.F.);
#723 = EDGE_LOOP('',(#724,#725,#733,#740));
#724 = ORIENTED_EDGE('',*,*,#421,.F.);
#725 = ORIENTED_EDGE('',*,*,#726,.T.);
#726 = EDGE_CURVE('',#422,#727,#729,.T.);
#727 = VERTEX_POINT('',#728);
#728 = CARTESIAN_POINT('',(-2.439350735804,-2.488591123454,
    0.191317591117));
#729 = LINE('',#730,#731);
#730 = CARTESIAN_POINT('',(-2.59220093065,-2.641441318301,1.058174122275
    ));
#731 = VECTOR('',#732,1.);
#732 = DIRECTION('',(0.171087869746,0.171087869746,-0.970287525248));
#733 = ORIENTED_EDGE('',*,*,#734,.F.);
#734 = EDGE_CURVE('',#398,#727,#735,.T.);
#735 = CIRCLE('',#736,5.E-02);
#736 = AXIS2_PLACEMENT_3D('',#737,#738,#739);
#737 = CARTESIAN_POINT('',(-2.439350735804,-2.439350735804,0.2));
#738 = DIRECTION('',(-0.171087869746,-0.171087869746,0.970287525248));
#739 = DIRECTION('',(-0.984807753012,8.923811284959E-15,-0.173648177667)
  );
#740 = ORIENTED_EDGE('',*,*,#405,.F.);
#741 = CYLINDRICAL_SURFACE('',#742,5.E-02);
#742 = AXIS2_PLACEMENT_3D('',#743,#744,#745);
#743 = CARTESIAN_POINT('',(-2.59220093065,-2.59220093065,1.066856531158)
  );
#744 = DIRECTION('',(0.171087869746,0.171087869746,-0.970287525248));
#745 = DIRECTION('',(-0.984807753012,-3.777019193697E-17,-0.173648177667
    ));
#746 = ADVANCED_FACE('',(#747),#774,.T.);
#747 = FACE_BOUND('',#748,.T.);
#748 = EDGE_LOOP('',(#749,#750,#759,#767));
#749 = ORIENTED_EDGE('',*,*,#397,.F.);
#750 = ORIENTED_EDGE('',*,*,#751,.T.);
#751 = EDGE_CURVE('',#390,#752,#754,.T.);
#752 = VERTEX_POINT('',#753);
#753 = CARTESIAN_POINT('',(-2.439350735804,2.439350735804,0.15));
#754 = CIRCLE('',#755,5.E-02);
#755 = AXIS2_PLACEMENT_3D('',#756,#757,#758);
#756 = CARTESIAN_POINT('',(-2.439350735804,2.439350735804,0.2));
#757 = DIRECTION('',(1.566098190761E-15,-1.,-9.103828801926E-15));
#758 = DIRECTION('',(-0.984807753012,3.855764100601E-17,-0.173648177667)
  );
#759 = ORIENTED_EDGE('',*,*,#760,.T.);
#760 = EDGE_CURVE('',#752,#761,#763,.T.);
#761 = VERTEX_POINT('',#762);
#762 = CARTESIAN_POINT('',(-2.439350735804,-2.439350735804,0.15));
#763 = LINE('',#764,#765);
#764 = CARTESIAN_POINT('',(-2.439350735804,2.481305717362,0.15));
#765 = VECTOR('',#766,1.);
#766 = DIRECTION('',(0.,-1.,2.22044604925E-16));
#767 = ORIENTED_EDGE('',*,*,#768,.T.);
#768 = EDGE_CURVE('',#761,#398,#769,.T.);
#769 = CIRCLE('',#770,5.E-02);
#770 = AXIS2_PLACEMENT_3D('',#771,#772,#773);
#771 = CARTESIAN_POINT('',(-2.439350735804,-2.439350735804,0.2));
#772 = DIRECTION('',(7.4527018439E-15,1.,9.103828801926E-15));
#773 = DIRECTION('',(-1.,7.4527018439E-15,-1.7763568394E-14));
#774 = CYLINDRICAL_SURFACE('',#775,5.E-02);
#775 = AXIS2_PLACEMENT_3D('',#776,#777,#778);
#776 = CARTESIAN_POINT('',(-2.439350735804,2.481305717362,0.2));
#777 = DIRECTION('',(0.,-1.,2.22044604925E-16));
#778 = DIRECTION('',(-0.984807753012,-3.855764100601E-17,-0.173648177667
    ));
#779 = ADVANCED_FACE('',(#780),#802,.T.);
#780 = FACE_BOUND('',#781,.F.);
#781 = EDGE_LOOP('',(#782,#794,#800,#801));
#782 = ORIENTED_EDGE('',*,*,#783,.F.);
#783 = EDGE_CURVE('',#784,#589,#786,.T.);
#784 = VERTEX_POINT('',#785);
#785 = CARTESIAN_POINT('',(2.589228669406,-2.638469057056,1.041317591117
    ));
#786 = ( BOUNDED_CURVE() B_SPLINE_CURVE(6,(#787,#788,#789,#790,#791,#792
,#793),.UNSPECIFIED.,.F.,.F.) B_SPLINE_CURVE_WITH_KNOTS((7,7),(0.,
0.349065850399),.PIECEWISE_BEZIER_KNOTS.) CURVE() 
GEOMETRIC_REPRESENTATION_ITEM() RATIONAL_B_SPLINE_CURVE((1.001524413575,
    1.000507104893,0.999898374523,0.999695733922,0.999898374523,
1.000507104893,1.001524413575)) REPRESENTATION_ITEM('') );
#787 = CARTESIAN_POINT('',(2.589228669406,-2.638469057056,1.041317591117
    ));
#788 = CARTESIAN_POINT('',(2.589228669406,-2.638974692734,1.044185193543
    ));
#789 = CARTESIAN_POINT('',(2.589228669406,-2.639279392372,1.047084614077
    ));
#790 = CARTESIAN_POINT('',(2.589228669406,-2.639381179402,1.05));
#791 = CARTESIAN_POINT('',(2.589228669406,-2.639279392372,1.052915385923
    ));
#792 = CARTESIAN_POINT('',(2.589228669406,-2.638974692734,1.055814806457
    ));
#793 = CARTESIAN_POINT('',(2.589228669406,-2.638469057056,1.058682408883
    ));
#794 = ORIENTED_EDGE('',*,*,#795,.T.);
#795 = EDGE_CURVE('',#784,#422,#796,.T.);
#796 = LINE('',#797,#798);
#797 = CARTESIAN_POINT('',(2.64,-2.638469057056,1.041317591117));
#798 = VECTOR('',#799,1.);
#799 = DIRECTION('',(-1.,0.,0.));
#800 = ORIENTED_EDGE('',*,*,#433,.F.);
#801 = ORIENTED_EDGE('',*,*,#588,.F.);
#802 = CYLINDRICAL_SURFACE('',#803,5.E-02);
#803 = AXIS2_PLACEMENT_3D('',#804,#805,#806);
#804 = CARTESIAN_POINT('',(2.64,-2.589228669406,1.05));
#805 = DIRECTION('',(-1.,0.,0.));
#806 = DIRECTION('',(0.,-0.984807753012,0.173648177667));
#807 = ADVANCED_FACE('',(#808),#820,.T.);
#808 = FACE_BOUND('',#809,.F.);
#809 = EDGE_LOOP('',(#810,#817,#818,#819));
#810 = ORIENTED_EDGE('',*,*,#811,.F.);
#811 = EDGE_CURVE('',#597,#530,#812,.T.);
#812 = CIRCLE('',#813,5.E-02);
#813 = AXIS2_PLACEMENT_3D('',#814,#815,#816);
#814 = CARTESIAN_POINT('',(2.439350735804,-2.439350735804,1.9));
#815 = DIRECTION('',(-1.,-9.018800034661E-15,-3.220524645565E-28));
#816 = DIRECTION('',(-1.566098190762E-15,0.173648177667,0.984807753012)
  );
#817 = ORIENTED_EDGE('',*,*,#604,.T.);
#818 = ORIENTED_EDGE('',*,*,#571,.T.);
#819 = ORIENTED_EDGE('',*,*,#529,.F.);
#820 = CYLINDRICAL_SURFACE('',#821,5.E-02);
#821 = AXIS2_PLACEMENT_3D('',#822,#823,#824);
#822 = CARTESIAN_POINT('',(2.481305717362,-2.439350735804,1.9));
#823 = DIRECTION('',(-1.,0.,0.));
#824 = DIRECTION('',(0.,2.22044604925E-16,1.));
#825 = ADVANCED_FACE('',(#826),#851,.T.);
#826 = FACE_BOUND('',#827,.F.);
#827 = EDGE_LOOP('',(#828,#835,#843,#850));
#828 = ORIENTED_EDGE('',*,*,#829,.T.);
#829 = EDGE_CURVE('',#538,#691,#830,.T.);
#830 = CIRCLE('',#831,5.E-02);
#831 = AXIS2_PLACEMENT_3D('',#832,#833,#834);
#832 = CARTESIAN_POINT('',(2.439350735804,2.439350735804,1.9));
#833 = DIRECTION('',(-6.123233995737E-17,1.,2.22044604925E-16));
#834 = DIRECTION('',(1.,6.123233995737E-17,1.359631073447E-32));
#835 = ORIENTED_EDGE('',*,*,#836,.T.);
#836 = EDGE_CURVE('',#691,#837,#839,.T.);
#837 = VERTEX_POINT('',#838);
#838 = CARTESIAN_POINT('',(2.488591123454,-2.439350735804,1.908682408883
    ));
#839 = LINE('',#840,#841);
#840 = CARTESIAN_POINT('',(2.488591123454,2.481305717362,1.908682408883)
  );
#841 = VECTOR('',#842,1.);
#842 = DIRECTION('',(0.,-1.,2.22044604925E-16));
#843 = ORIENTED_EDGE('',*,*,#844,.F.);
#844 = EDGE_CURVE('',#530,#837,#845,.T.);
#845 = CIRCLE('',#846,5.E-02);
#846 = AXIS2_PLACEMENT_3D('',#847,#848,#849);
#847 = CARTESIAN_POINT('',(2.439350735804,-2.439350735804,1.9));
#848 = DIRECTION('',(2.98108073756E-14,1.,3.574918139293E-14));
#849 = DIRECTION('',(0.,-3.574918139293E-14,1.));
#850 = ORIENTED_EDGE('',*,*,#537,.F.);
#851 = CYLINDRICAL_SURFACE('',#852,5.E-02);
#852 = AXIS2_PLACEMENT_3D('',#853,#854,#855);
#853 = CARTESIAN_POINT('',(2.439350735804,2.481305717362,1.9));
#854 = DIRECTION('',(0.,-1.,2.22044604925E-16));
#855 = DIRECTION('',(0.,2.22044604925E-16,1.));
#856 = ADVANCED_FACE('',(#857),#876,.F.);
#857 = FACE_BOUND('',#858,.F.);
#858 = EDGE_LOOP('',(#859,#867,#874,#875));
#859 = ORIENTED_EDGE('',*,*,#860,.T.);
#860 = EDGE_CURVE('',#554,#861,#863,.T.);
#861 = VERTEX_POINT('',#862);
#862 = CARTESIAN_POINT('',(-1.681305717362,1.881305717362,1.93));
#863 = LINE('',#864,#865);
#864 = CARTESIAN_POINT('',(-1.681305717362,1.881305717362,1.95));
#865 = VECTOR('',#866,1.);
#866 = DIRECTION('',(0.,0.,-1.));
#867 = ORIENTED_EDGE('',*,*,#868,.T.);
#868 = EDGE_CURVE('',#861,#861,#869,.T.);
#869 = CIRCLE('',#870,0.2);
#870 = AXIS2_PLACEMENT_3D('',#871,#872,#873);
#871 = CARTESIAN_POINT('',(-1.881305717362,1.881305717362,1.93));
#872 = DIRECTION('',(0.,0.,1.));
#873 = DIRECTION('',(1.,0.,0.));
#874 = ORIENTED_EDGE('',*,*,#860,.F.);
#875 = ORIENTED_EDGE('',*,*,#553,.F.);
#876 = CYLINDRICAL_SURFACE('',#877,0.2);
#877 = AXIS2_PLACEMENT_3D('',#878,#879,#880);
#878 = CARTESIAN_POINT('',(-1.881305717362,1.881305717362,1.95));
#879 = DIRECTION('',(0.,0.,1.));
#880 = DIRECTION('',(1.,0.,0.));
#881 = ADVANCED_FACE('',(#882),#910,.T.);
#882 = FACE_BOUND('',#883,.F.);
#883 = EDGE_LOOP('',(#884,#891,#899,#909));
#884 = ORIENTED_EDGE('',*,*,#885,.T.);
#885 = EDGE_CURVE('',#597,#837,#886,.T.);
#886 = CIRCLE('',#887,5.E-02);
#887 = AXIS2_PLACEMENT_3D('',#888,#889,#890);
#888 = CARTESIAN_POINT('',(2.439350735804,-2.439350735804,1.9));
#889 = DIRECTION('',(-0.171087869746,0.171087869746,0.970287525248));
#890 = DIRECTION('',(0.985255774317,2.970909680232E-02,0.168488660572));
#891 = ORIENTED_EDGE('',*,*,#892,.T.);
#892 = EDGE_CURVE('',#837,#893,#895,.T.);
#893 = VERTEX_POINT('',#894);
#894 = CARTESIAN_POINT('',(2.638469057056,-2.589228669406,1.058682408883
    ));
#895 = LINE('',#896,#897);
#896 = CARTESIAN_POINT('',(2.482747035663,-2.433506648012,1.941825877725
    ));
#897 = VECTOR('',#898,1.);
#898 = DIRECTION('',(0.171087869746,-0.171087869746,-0.970287525248));
#899 = ORIENTED_EDGE('',*,*,#900,.F.);
#900 = EDGE_CURVE('',#589,#893,#901,.T.);
#901 = ( BOUNDED_CURVE() B_SPLINE_CURVE(6,(#902,#903,#904,#905,#906,#907
,#908),.UNSPECIFIED.,.F.,.F.) B_SPLINE_CURVE_WITH_KNOTS((7,7),(0.,
1.540638065802),.PIECEWISE_BEZIER_KNOTS.) CURVE() 
GEOMETRIC_REPRESENTATION_ITEM() RATIONAL_B_SPLINE_CURVE((1.03017915692,
    1.009653976698,0.998003665673,0.99418419978,0.998003665673,
1.009653976698,1.03017915692)) REPRESENTATION_ITEM('') );
#902 = CARTESIAN_POINT('',(2.589228669406,-2.638469057056,1.058682408883
    ));
#903 = CARTESIAN_POINT('',(2.602135119146,-2.638079879977,1.060889541778
    ));
#904 = CARTESIAN_POINT('',(2.61471877449,-2.633679024639,1.062332390197)
  );
#905 = CARTESIAN_POINT('',(2.625622724084,-2.625622724084,1.062834507554
    ));
#906 = CARTESIAN_POINT('',(2.633679024639,-2.61471877449,1.062332390197)
  );
#907 = CARTESIAN_POINT('',(2.638079879977,-2.602135119146,1.060889541778
    ));
#908 = CARTESIAN_POINT('',(2.638469057056,-2.589228669406,1.058682408883
    ));
#909 = ORIENTED_EDGE('',*,*,#596,.F.);
#910 = CYLINDRICAL_SURFACE('',#911,5.E-02);
#911 = AXIS2_PLACEMENT_3D('',#912,#913,#914);
#912 = CARTESIAN_POINT('',(2.433506648012,-2.433506648012,1.933143468842
    ));
#913 = DIRECTION('',(0.171087869746,-0.171087869746,-0.970287525248));
#914 = DIRECTION('',(3.469446951954E-18,-0.984807753012,0.173648177667)
  );
#915 = ADVANCED_FACE('',(#916),#942,.T.);
#916 = FACE_BOUND('',#917,.T.);
#917 = EDGE_LOOP('',(#918,#919,#931,#941));
#918 = ORIENTED_EDGE('',*,*,#707,.T.);
#919 = ORIENTED_EDGE('',*,*,#920,.T.);
#920 = EDGE_CURVE('',#700,#921,#923,.T.);
#921 = VERTEX_POINT('',#922);
#922 = CARTESIAN_POINT('',(2.638469057056,2.589228669406,1.041317591117)
  );
#923 = ( BOUNDED_CURVE() B_SPLINE_CURVE(6,(#924,#925,#926,#927,#928,#929
,#930),.UNSPECIFIED.,.F.,.F.) B_SPLINE_CURVE_WITH_KNOTS((7,7),(0.,
0.349065850399),.PIECEWISE_BEZIER_KNOTS.) CURVE() 
GEOMETRIC_REPRESENTATION_ITEM() RATIONAL_B_SPLINE_CURVE((1.001524413575,
    1.000507104893,0.999898374523,0.999695733922,0.999898374523,
1.000507104893,1.001524413575)) REPRESENTATION_ITEM('') );
#924 = CARTESIAN_POINT('',(2.638469057056,2.589228669406,1.058682408883)
  );
#925 = CARTESIAN_POINT('',(2.638974692734,2.589228669406,1.055814806457)
  );
#926 = CARTESIAN_POINT('',(2.639279392372,2.589228669406,1.052915385923)
  );
#927 = CARTESIAN_POINT('',(2.639381179402,2.589228669406,1.05));
#928 = CARTESIAN_POINT('',(2.639279392372,2.589228669406,1.047084614077)
  );
#929 = CARTESIAN_POINT('',(2.638974692734,2.589228669406,1.044185193543)
  );
#930 = CARTESIAN_POINT('',(2.638469057056,2.589228669406,1.041317591117)
  );
#931 = ORIENTED_EDGE('',*,*,#932,.T.);
#932 = EDGE_CURVE('',#921,#619,#933,.T.);
#933 = ( BOUNDED_CURVE() B_SPLINE_CURVE(6,(#934,#935,#936,#937,#938,#939
,#940),.UNSPECIFIED.,.F.,.F.) B_SPLINE_CURVE_WITH_KNOTS((7,7),(0.,
1.540638065802),.PIECEWISE_BEZIER_KNOTS.) CURVE() 
GEOMETRIC_REPRESENTATION_ITEM() RATIONAL_B_SPLINE_CURVE((1.03017915692,
    1.009653976698,0.998003665673,0.99418419978,0.998003665673,
1.009653976698,1.03017915692)) REPRESENTATION_ITEM('') );
#934 = CARTESIAN_POINT('',(2.638469057056,2.589228669406,1.041317591117)
  );
#935 = CARTESIAN_POINT('',(2.638079879977,2.602135119146,1.039110458222)
  );
#936 = CARTESIAN_POINT('',(2.633679024639,2.61471877449,1.037667609803)
  );
#937 = CARTESIAN_POINT('',(2.625622724084,2.625622724084,1.037165492446)
  );
#938 = CARTESIAN_POINT('',(2.61471877449,2.633679024639,1.037667609803)
  );
#939 = CARTESIAN_POINT('',(2.602135119146,2.638079879977,1.039110458222)
  );
#940 = CARTESIAN_POINT('',(2.589228669406,2.638469057056,1.041317591117)
  );
#941 = ORIENTED_EDGE('',*,*,#618,.T.);
#942 = B_SPLINE_SURFACE_WITH_KNOTS('',8,8,(
    (#943,#944,#945,#946,#947,#948,#949,#950,#951)
    ,(#952,#953,#954,#955,#956,#957,#958,#959,#960)
    ,(#961,#962,#963,#964,#965,#966,#967,#968,#969)
    ,(#970,#971,#972,#973,#974,#975,#976,#977,#978)
    ,(#979,#980,#981,#982,#983,#984,#985,#986,#987)
    ,(#988,#989,#990,#991,#992,#993,#994,#995,#996)
    ,(#997,#998,#999,#1000,#1001,#1002,#1003,#1004,#1005)
    ,(#1006,#1007,#1008,#1009,#1010,#1011,#1012,#1013,#1014)
    ,(#1015,#1016,#1017,#1018,#1019,#1020,#1021,#1022,#1023
  )),.UNSPECIFIED.,.F.,.F.,.F.,(9,9),(9,9),(-3.888937236925E-02,
    3.888937236925E-02),(-1.327122752965E-02,1.327122752965E-02),
  .PIECEWISE_BEZIER_KNOTS.);
#943 = CARTESIAN_POINT('',(2.582179733696,2.637192809808,1.063271088813)
  );
#944 = CARTESIAN_POINT('',(2.583088551806,2.638089423348,1.059953341235)
  );
#945 = CARTESIAN_POINT('',(2.583611755375,2.638621051546,1.05663535217)
  );
#946 = CARTESIAN_POINT('',(2.584173115983,2.639179912002,1.053317569413)
  );
#947 = CARTESIAN_POINT('',(2.584431257865,2.639434520165,1.05));
#948 = CARTESIAN_POINT('',(2.584173115982,2.639179912002,1.046682430587)
  );
#949 = CARTESIAN_POINT('',(2.583611755374,2.638621051546,1.04336464783)
  );
#950 = CARTESIAN_POINT('',(2.583088551806,2.638089423348,1.040046658765)
  );
#951 = CARTESIAN_POINT('',(2.582179733696,2.637192809808,1.036728911187)
  );
#952 = CARTESIAN_POINT('',(2.597186389415,2.638445839024,1.063271110844)
  );
#953 = CARTESIAN_POINT('',(2.598131841376,2.639375384652,1.059953392724)
  );
#954 = CARTESIAN_POINT('',(2.59893391387,2.640122949805,1.056636500315)
  );
#955 = CARTESIAN_POINT('',(2.598771132831,2.640032877529,1.053317507637)
  );
#956 = CARTESIAN_POINT('',(2.59914253585,2.640397783373,1.05));
#957 = CARTESIAN_POINT('',(2.598771132831,2.640032877529,1.046682492363)
  );
#958 = CARTESIAN_POINT('',(2.598933913871,2.640122949805,1.043363499685)
  );
#959 = CARTESIAN_POINT('',(2.598131841376,2.639375384652,1.040046607276)
  );
#960 = CARTESIAN_POINT('',(2.597186389416,2.638445839024,1.036728889156)
  );
#961 = CARTESIAN_POINT('',(2.608897910033,2.636456936876,1.063270685964)
  );
#962 = CARTESIAN_POINT('',(2.60965353382,2.637247379737,1.059952696607)
  );
#963 = CARTESIAN_POINT('',(2.609150787855,2.636905131492,1.056632211896)
  );
#964 = CARTESIAN_POINT('',(2.613486902148,2.63992289945,1.053325254016)
  );
#965 = CARTESIAN_POINT('',(2.606308789578,2.635372341067,1.050000000002)
  );
#966 = CARTESIAN_POINT('',(2.613486902161,2.639922899455,1.046674745982)
  );
#967 = CARTESIAN_POINT('',(2.609150787847,2.636905131489,1.043367788105)
  );
#968 = CARTESIAN_POINT('',(2.609653533819,2.637247379736,1.040047303393)
  );
#969 = CARTESIAN_POINT('',(2.608897910033,2.636456936876,1.036729314036)
  );
#970 = CARTESIAN_POINT('',(2.615965284391,2.629805337276,1.06326959337)
  );
#971 = CARTESIAN_POINT('',(2.615509728493,2.629338402008,1.059949639543)
  );
#972 = CARTESIAN_POINT('',(2.616267945603,2.63026617521,1.056631859121)
  );
#973 = CARTESIAN_POINT('',(2.61574347875,2.629909424001,1.053314435508)
  );
#974 = CARTESIAN_POINT('',(2.625462719941,2.638569005695,1.049999999997)
  );
#975 = CARTESIAN_POINT('',(2.615743478731,2.629909423992,1.046685564496)
  );
#976 = CARTESIAN_POINT('',(2.616267945615,2.630266175216,1.043368140878)
  );
#977 = CARTESIAN_POINT('',(2.615509728493,2.629338402008,1.040050360456)
  );
#978 = CARTESIAN_POINT('',(2.61596528439,2.629805337276,1.03673040663));
#979 = CARTESIAN_POINT('',(2.626208390517,2.626208390517,1.063275373776)
  );
#980 = CARTESIAN_POINT('',(2.628206114096,2.628206114098,1.059961457644)
  );
#981 = CARTESIAN_POINT('',(2.629870750189,2.629870750166,1.05664281848)
  );
#982 = CARTESIAN_POINT('',(2.626727872693,2.62672787275,1.053319725766)
  );
#983 = CARTESIAN_POINT('',(2.622576389852,2.622576389785,1.050000000003)
  );
#984 = CARTESIAN_POINT('',(2.626727872714,2.626727872758,1.046680274229)
  );
#985 = CARTESIAN_POINT('',(2.629870750177,2.629870750159,1.043357181522)
  );
#986 = CARTESIAN_POINT('',(2.628206114096,2.628206114098,1.040038542357)
  );
#987 = CARTESIAN_POINT('',(2.626208390517,2.626208390517,1.036724626224)
  );
#988 = CARTESIAN_POINT('',(2.629805337276,2.61596528439,1.06326959337));
#989 = CARTESIAN_POINT('',(2.62933840201,2.61550972849,1.059949639543));
#990 = CARTESIAN_POINT('',(2.630266175187,2.616267945617,1.056631859121)
  );
#991 = CARTESIAN_POINT('',(2.629909424059,2.615743478723,1.053314435508)
  );
#992 = CARTESIAN_POINT('',(2.638569005622,2.625462719964,1.049999999998)
  );
#993 = CARTESIAN_POINT('',(2.629909424048,2.615743478721,1.046685564495)
  );
#994 = CARTESIAN_POINT('',(2.630266175194,2.61626794562,1.043368140878)
  );
#995 = CARTESIAN_POINT('',(2.62933840201,2.615509728491,1.040050360456)
  );
#996 = CARTESIAN_POINT('',(2.629805337276,2.615965284391,1.03673040663)
  );
#997 = CARTESIAN_POINT('',(2.636456936876,2.608897910034,1.063270685964)
  );
#998 = CARTESIAN_POINT('',(2.637247379736,2.609653533821,1.059952696607)
  );
#999 = CARTESIAN_POINT('',(2.636905131509,2.609150787849,1.056632211895)
  );
#1000 = CARTESIAN_POINT('',(2.639922899404,2.613486902157,1.053325254017
    ));
#1001 = CARTESIAN_POINT('',(2.635372341131,2.606308789577,1.050000000001
    ));
#1002 = CARTESIAN_POINT('',(2.639922899408,2.613486902155,1.046674745982
    ));
#1003 = CARTESIAN_POINT('',(2.636905131507,2.60915078785,1.043367788104)
  );
#1004 = CARTESIAN_POINT('',(2.637247379736,2.609653533821,1.040047303393
    ));
#1005 = CARTESIAN_POINT('',(2.636456936877,2.608897910033,1.036729314036
    ));
#1006 = CARTESIAN_POINT('',(2.638445839024,2.597186389415,1.063271110844
    ));
#1007 = CARTESIAN_POINT('',(2.639375384652,2.598131841376,1.059953392724
    ));
#1008 = CARTESIAN_POINT('',(2.640122949803,2.598933913872,1.056636500315
    ));
#1009 = CARTESIAN_POINT('',(2.640032877531,2.598771132828,1.053317507637
    ));
#1010 = CARTESIAN_POINT('',(2.640397783371,2.599142535854,1.05));
#1011 = CARTESIAN_POINT('',(2.640032877532,2.598771132827,1.046682492363
    ));
#1012 = CARTESIAN_POINT('',(2.640122949803,2.598933913872,1.043363499685
    ));
#1013 = CARTESIAN_POINT('',(2.639375384652,2.598131841376,1.040046607276
    ));
#1014 = CARTESIAN_POINT('',(2.638445839024,2.597186389415,1.036728889156
    ));
#1015 = CARTESIAN_POINT('',(2.637192809808,2.582179733696,1.063271088813
    ));
#1016 = CARTESIAN_POINT('',(2.638089423348,2.583088551806,1.059953341235
    ));
#1017 = CARTESIAN_POINT('',(2.638621051547,2.583611755375,1.05663535217)
  );
#1018 = CARTESIAN_POINT('',(2.639179912002,2.584173115983,1.053317569413
    ));
#1019 = CARTESIAN_POINT('',(2.639434520165,2.584431257865,1.05));
#1020 = CARTESIAN_POINT('',(2.639179912002,2.584173115983,1.046682430587
    ));
#1021 = CARTESIAN_POINT('',(2.638621051547,2.583611755375,1.04336464783)
  );
#1022 = CARTESIAN_POINT('',(2.638089423348,2.583088551806,1.040046658765
    ));
#1023 = CARTESIAN_POINT('',(2.637192809808,2.582179733696,1.036728911187
    ));
#1024 = ADVANCED_FACE('',(#1025),#1043,.F.);
#1025 = FACE_BOUND('',#1026,.T.);
#1026 = EDGE_LOOP('',(#1027,#1028,#1036,#1042));
#1027 = ORIENTED_EDGE('',*,*,#630,.F.);
#1028 = ORIENTED_EDGE('',*,*,#1029,.F.);
#1029 = EDGE_CURVE('',#1030,#619,#1032,.T.);
#1030 = VERTEX_POINT('',#1031);
#1031 = CARTESIAN_POINT('',(2.439350735804,2.488591123454,0.191317591117
    ));
#1032 = LINE('',#1033,#1034);
#1033 = CARTESIAN_POINT('',(2.433506648012,2.482747035663,0.158174122275
    ));
#1034 = VECTOR('',#1035,1.);
#1035 = DIRECTION('',(0.171087869746,0.171087869746,0.970287525248));
#1036 = ORIENTED_EDGE('',*,*,#1037,.T.);
#1037 = EDGE_CURVE('',#1030,#648,#1038,.T.);
#1038 = LINE('',#1039,#1040);
#1039 = CARTESIAN_POINT('',(2.481305717362,2.488591123454,0.191317591117
    ));
#1040 = VECTOR('',#1041,1.);
#1041 = DIRECTION('',(-1.,0.,0.));
#1042 = ORIENTED_EDGE('',*,*,#647,.F.);
#1043 = PLANE('',#1044);
#1044 = AXIS2_PLACEMENT_3D('',#1045,#1046,#1047);
#1045 = CARTESIAN_POINT('',(7.757746817214,2.481305717362,0.15));
#1046 = DIRECTION('',(0.,-0.984807753012,0.173648177667));
#1047 = DIRECTION('',(-0.,-0.173648177667,-0.984807753012));
#1048 = ADVANCED_FACE('',(#1049),#1060,.T.);
#1049 = FACE_BOUND('',#1050,.T.);
#1050 = EDGE_LOOP('',(#1051,#1052,#1059));
#1051 = ORIENTED_EDGE('',*,*,#655,.F.);
#1052 = ORIENTED_EDGE('',*,*,#1053,.T.);
#1053 = EDGE_CURVE('',#648,#752,#1054,.T.);
#1054 = CIRCLE('',#1055,5.E-02);
#1055 = AXIS2_PLACEMENT_3D('',#1056,#1057,#1058);
#1056 = CARTESIAN_POINT('',(-2.439350735804,2.439350735804,0.2));
#1057 = DIRECTION('',(-1.,-4.576816525201E-14,-3.823380154257E-15));
#1058 = DIRECTION('',(1.17128529098E-14,-0.173648177667,-0.984807753012)
  );
#1059 = ORIENTED_EDGE('',*,*,#751,.F.);
#1060 = SPHERICAL_SURFACE('',#1061,5.E-02);
#1061 = AXIS2_PLACEMENT_3D('',#1062,#1063,#1064);
#1062 = CARTESIAN_POINT('',(-2.439350735804,2.439350735804,0.2));
#1063 = DIRECTION('',(4.440892098501E-14,-0.984807753012,0.173648177667)
  );
#1064 = DIRECTION('',(-0.985255774317,-2.970909680236E-02,
    -0.168488660572));
#1065 = ADVANCED_FACE('',(#1066),#1071,.T.);
#1066 = FACE_BOUND('',#1067,.T.);
#1067 = EDGE_LOOP('',(#1068,#1069,#1070));
#1068 = ORIENTED_EDGE('',*,*,#671,.F.);
#1069 = ORIENTED_EDGE('',*,*,#829,.T.);
#1070 = ORIENTED_EDGE('',*,*,#690,.F.);
#1071 = SPHERICAL_SURFACE('',#1072,5.E-02);
#1072 = AXIS2_PLACEMENT_3D('',#1073,#1074,#1075);
#1073 = CARTESIAN_POINT('',(2.439350735804,2.439350735804,1.9));
#1074 = DIRECTION('',(0.,2.22044604925E-16,-1.));
#1075 = DIRECTION('',(0.,1.,2.22044604925E-16));
#1076 = ADVANCED_FACE('',(#1077),#1088,.T.);
#1077 = FACE_BOUND('',#1078,.T.);
#1078 = EDGE_LOOP('',(#1079,#1080,#1081,#1082));
#1079 = ORIENTED_EDGE('',*,*,#699,.F.);
#1080 = ORIENTED_EDGE('',*,*,#836,.T.);
#1081 = ORIENTED_EDGE('',*,*,#892,.T.);
#1082 = ORIENTED_EDGE('',*,*,#1083,.F.);
#1083 = EDGE_CURVE('',#700,#893,#1084,.T.);
#1084 = LINE('',#1085,#1086);
#1085 = CARTESIAN_POINT('',(2.638469057056,2.64,1.058682408883));
#1086 = VECTOR('',#1087,1.);
#1087 = DIRECTION('',(0.,-1.,2.22044604925E-16));
#1088 = PLANE('',#1089);
#1089 = AXIS2_PLACEMENT_3D('',#1090,#1091,#1092);
#1090 = CARTESIAN_POINT('',(2.481305717362,2.64,1.95));
#1091 = DIRECTION('',(0.984807753012,3.855764100601E-17,0.173648177667)
  );
#1092 = DIRECTION('',(0.173648177667,-2.186712484447E-16,-0.984807753012
    ));
#1093 = ADVANCED_FACE('',(#1094),#1112,.F.);
#1094 = FACE_BOUND('',#1095,.F.);
#1095 = EDGE_LOOP('',(#1096,#1097,#1105,#1111));
#1096 = ORIENTED_EDGE('',*,*,#795,.F.);
#1097 = ORIENTED_EDGE('',*,*,#1098,.F.);
#1098 = EDGE_CURVE('',#1099,#784,#1101,.T.);
#1099 = VERTEX_POINT('',#1100);
#1100 = CARTESIAN_POINT('',(2.439350735804,-2.488591123454,
    0.191317591117));
#1101 = LINE('',#1102,#1103);
#1102 = CARTESIAN_POINT('',(2.433506648012,-2.482747035663,
    0.158174122275));
#1103 = VECTOR('',#1104,1.);
#1104 = DIRECTION('',(0.171087869746,-0.171087869746,0.970287525248));
#1105 = ORIENTED_EDGE('',*,*,#1106,.T.);
#1106 = EDGE_CURVE('',#1099,#727,#1107,.T.);
#1107 = LINE('',#1108,#1109);
#1108 = CARTESIAN_POINT('',(2.481305717362,-2.488591123454,
    0.191317591117));
#1109 = VECTOR('',#1110,1.);
#1110 = DIRECTION('',(-1.,0.,0.));
#1111 = ORIENTED_EDGE('',*,*,#726,.F.);
#1112 = PLANE('',#1113);
#1113 = AXIS2_PLACEMENT_3D('',#1114,#1115,#1116);
#1114 = CARTESIAN_POINT('',(7.757746817214,-2.481305717362,0.15));
#1115 = DIRECTION('',(0.,0.984807753012,0.173648177667));
#1116 = DIRECTION('',(0.,-0.173648177667,0.984807753012));
#1117 = ADVANCED_FACE('',(#1118),#1129,.T.);
#1118 = FACE_BOUND('',#1119,.T.);
#1119 = EDGE_LOOP('',(#1120,#1121,#1128));
#1120 = ORIENTED_EDGE('',*,*,#768,.F.);
#1121 = ORIENTED_EDGE('',*,*,#1122,.T.);
#1122 = EDGE_CURVE('',#761,#727,#1123,.T.);
#1123 = CIRCLE('',#1124,5.E-02);
#1124 = AXIS2_PLACEMENT_3D('',#1125,#1126,#1127);
#1125 = CARTESIAN_POINT('',(-2.439350735804,-2.439350735804,0.2));
#1126 = DIRECTION('',(-1.,-1.069372342E-14,-1.7763568394E-14));
#1127 = DIRECTION('',(1.069372342E-14,-1.,-9.103828801926E-15));
#1128 = ORIENTED_EDGE('',*,*,#734,.F.);
#1129 = SPHERICAL_SURFACE('',#1130,5.E-02);
#1130 = AXIS2_PLACEMENT_3D('',#1131,#1132,#1133);
#1131 = CARTESIAN_POINT('',(-2.439350735804,-2.439350735804,0.2));
#1132 = DIRECTION('',(-1.7763568394E-14,-9.103828801926E-15,1.));
#1133 = DIRECTION('',(-1.,7.4527018439E-15,-1.7763568394E-14));
#1134 = ADVANCED_FACE('',(#1135),#1160,.T.);
#1135 = FACE_BOUND('',#1136,.T.);
#1136 = EDGE_LOOP('',(#1137,#1138,#1146,#1154));
#1137 = ORIENTED_EDGE('',*,*,#760,.F.);
#1138 = ORIENTED_EDGE('',*,*,#1139,.F.);
#1139 = EDGE_CURVE('',#1140,#752,#1142,.T.);
#1140 = VERTEX_POINT('',#1141);
#1141 = CARTESIAN_POINT('',(2.439350735804,2.439350735804,0.15));
#1142 = LINE('',#1143,#1144);
#1143 = CARTESIAN_POINT('',(2.481305717362,2.439350735804,0.15));
#1144 = VECTOR('',#1145,1.);
#1145 = DIRECTION('',(-1.,0.,0.));
#1146 = ORIENTED_EDGE('',*,*,#1147,.T.);
#1147 = EDGE_CURVE('',#1140,#1148,#1150,.T.);
#1148 = VERTEX_POINT('',#1149);
#1149 = CARTESIAN_POINT('',(2.439350735804,-2.439350735804,0.15));
#1150 = LINE('',#1151,#1152);
#1151 = CARTESIAN_POINT('',(2.439350735804,2.481305717362,0.15));
#1152 = VECTOR('',#1153,1.);
#1153 = DIRECTION('',(0.,-1.,2.22044604925E-16));
#1154 = ORIENTED_EDGE('',*,*,#1155,.T.);
#1155 = EDGE_CURVE('',#1148,#761,#1156,.T.);
#1156 = LINE('',#1157,#1158);
#1157 = CARTESIAN_POINT('',(2.481305717362,-2.439350735804,0.15));
#1158 = VECTOR('',#1159,1.);
#1159 = DIRECTION('',(-1.,0.,0.));
#1160 = PLANE('',#1161);
#1161 = AXIS2_PLACEMENT_3D('',#1162,#1163,#1164);
#1162 = CARTESIAN_POINT('',(2.481305717362,2.64,0.15));
#1163 = DIRECTION('',(5.592937504922E-18,-2.22044604925E-16,-1.));
#1164 = DIRECTION('',(-1.,-1.241881598651E-33,-5.592937504922E-18));
#1165 = ADVANCED_FACE('',(#1166),#1192,.F.);
#1166 = FACE_BOUND('',#1167,.F.);
#1167 = EDGE_LOOP('',(#1168,#1169,#1181,#1191));
#1168 = ORIENTED_EDGE('',*,*,#900,.T.);
#1169 = ORIENTED_EDGE('',*,*,#1170,.T.);
#1170 = EDGE_CURVE('',#893,#1171,#1173,.T.);
#1171 = VERTEX_POINT('',#1172);
#1172 = CARTESIAN_POINT('',(2.638469057056,-2.589228669406,
    1.041317591117));
#1173 = ( BOUNDED_CURVE() B_SPLINE_CURVE(6,(#1174,#1175,#1176,#1177,
#1178,#1179,#1180),.UNSPECIFIED.,.F.,.F.) B_SPLINE_CURVE_WITH_KNOTS((7,7
),(0.,0.349065850399),.PIECEWISE_BEZIER_KNOTS.) CURVE() 
GEOMETRIC_REPRESENTATION_ITEM() RATIONAL_B_SPLINE_CURVE((1.001524413575,
    1.000507104893,0.999898374523,0.999695733922,0.999898374523,
1.000507104893,1.001524413575)) REPRESENTATION_ITEM('') );
#1174 = CARTESIAN_POINT('',(2.638469057056,-2.589228669406,
    1.058682408883));
#1175 = CARTESIAN_POINT('',(2.638974692734,-2.589228669406,
    1.055814806457));
#1176 = CARTESIAN_POINT('',(2.639279392372,-2.589228669406,
    1.052915385923));
#1177 = CARTESIAN_POINT('',(2.639381179402,-2.589228669406,1.05));
#1178 = CARTESIAN_POINT('',(2.639279392372,-2.589228669406,
    1.047084614077));
#1179 = CARTESIAN_POINT('',(2.638974692734,-2.589228669406,
    1.044185193543));
#1180 = CARTESIAN_POINT('',(2.638469057056,-2.589228669406,
    1.041317591117));
#1181 = ORIENTED_EDGE('',*,*,#1182,.T.);
#1182 = EDGE_CURVE('',#1171,#784,#1183,.T.);
#1183 = ( BOUNDED_CURVE() B_SPLINE_CURVE(6,(#1184,#1185,#1186,#1187,
#1188,#1189,#1190),.UNSPECIFIED.,.F.,.F.) B_SPLINE_CURVE_WITH_KNOTS((7,7
),(0.,1.540638065802),.PIECEWISE_BEZIER_KNOTS.) CURVE() 
GEOMETRIC_REPRESENTATION_ITEM() RATIONAL_B_SPLINE_CURVE((1.03017915692,
    1.009653976698,0.998003665673,0.99418419978,0.998003665673,
1.009653976698,1.03017915692)) REPRESENTATION_ITEM('') );
#1184 = CARTESIAN_POINT('',(2.638469057056,-2.589228669406,
    1.041317591117));
#1185 = CARTESIAN_POINT('',(2.638079879977,-2.602135119146,
    1.039110458222));
#1186 = CARTESIAN_POINT('',(2.633679024639,-2.61471877449,1.037667609803
    ));
#1187 = CARTESIAN_POINT('',(2.625622724084,-2.625622724084,
    1.037165492446));
#1188 = CARTESIAN_POINT('',(2.61471877449,-2.633679024639,1.037667609803
    ));
#1189 = CARTESIAN_POINT('',(2.602135119146,-2.638079879977,
    1.039110458222));
#1190 = CARTESIAN_POINT('',(2.589228669406,-2.638469057056,
    1.041317591117));
#1191 = ORIENTED_EDGE('',*,*,#783,.T.);
#1192 = B_SPLINE_SURFACE_WITH_KNOTS('',8,8,(
    (#1193,#1194,#1195,#1196,#1197,#1198,#1199,#1200,#1201)
    ,(#1202,#1203,#1204,#1205,#1206,#1207,#1208,#1209,#1210)
    ,(#1211,#1212,#1213,#1214,#1215,#1216,#1217,#1218,#1219)
    ,(#1220,#1221,#1222,#1223,#1224,#1225,#1226,#1227,#1228)
    ,(#1229,#1230,#1231,#1232,#1233,#1234,#1235,#1236,#1237)
    ,(#1238,#1239,#1240,#1241,#1242,#1243,#1244,#1245,#1246)
    ,(#1247,#1248,#1249,#1250,#1251,#1252,#1253,#1254,#1255)
    ,(#1256,#1257,#1258,#1259,#1260,#1261,#1262,#1263,#1264)
    ,(#1265,#1266,#1267,#1268,#1269,#1270,#1271,#1272,#1273
  )),.UNSPECIFIED.,.F.,.F.,.F.,(9,9),(9,9),(-3.888937236925E-02,
    3.888937236925E-02),(-1.327122752965E-02,1.327122752965E-02),
  .PIECEWISE_BEZIER_KNOTS.);
#1193 = CARTESIAN_POINT('',(2.582179733696,-2.637192809807,
    1.063271088813));
#1194 = CARTESIAN_POINT('',(2.583088551806,-2.638089423348,
    1.059953341235));
#1195 = CARTESIAN_POINT('',(2.583611755375,-2.638621051545,1.05663535217
    ));
#1196 = CARTESIAN_POINT('',(2.584173115983,-2.639179912002,
    1.053317569413));
#1197 = CARTESIAN_POINT('',(2.584431257865,-2.639434520166,1.05));
#1198 = CARTESIAN_POINT('',(2.584173115983,-2.639179912002,
    1.046682430587));
#1199 = CARTESIAN_POINT('',(2.583611755375,-2.638621051545,1.04336464783
    ));
#1200 = CARTESIAN_POINT('',(2.583088551806,-2.638089423348,
    1.040046658765));
#1201 = CARTESIAN_POINT('',(2.582179733696,-2.637192809807,
    1.036728911187));
#1202 = CARTESIAN_POINT('',(2.597186389415,-2.638445839024,
    1.063271110844));
#1203 = CARTESIAN_POINT('',(2.598131841376,-2.639375384652,
    1.059953392724));
#1204 = CARTESIAN_POINT('',(2.598933913871,-2.640122949806,
    1.056636500315));
#1205 = CARTESIAN_POINT('',(2.59877113283,-2.640032877531,1.053317507637
    ));
#1206 = CARTESIAN_POINT('',(2.599142535851,-2.64039778337,1.050000000001
    ));
#1207 = CARTESIAN_POINT('',(2.598771132829,-2.640032877531,
    1.046682492362));
#1208 = CARTESIAN_POINT('',(2.598933913871,-2.640122949806,
    1.043363499686));
#1209 = CARTESIAN_POINT('',(2.598131841376,-2.639375384652,
    1.040046607275));
#1210 = CARTESIAN_POINT('',(2.597186389415,-2.638445839024,
    1.036728889156));
#1211 = CARTESIAN_POINT('',(2.608897910033,-2.636456936876,
    1.063270685964));
#1212 = CARTESIAN_POINT('',(2.60965353382,-2.637247379736,1.059952696607
    ));
#1213 = CARTESIAN_POINT('',(2.609150787849,-2.636905131468,
    1.056632211895));
#1214 = CARTESIAN_POINT('',(2.61348690216,-2.639922899516,1.053325254018
    ));
#1215 = CARTESIAN_POINT('',(2.606308789571,-2.635372340978,
    1.049999999998));
#1216 = CARTESIAN_POINT('',(2.613486902159,-2.639922899516,
    1.046674745985));
#1217 = CARTESIAN_POINT('',(2.60915078785,-2.636905131469,1.043367788102
    ));
#1218 = CARTESIAN_POINT('',(2.60965353382,-2.637247379736,1.040047303394
    ));
#1219 = CARTESIAN_POINT('',(2.608897910033,-2.636456936876,
    1.036729314036));
#1220 = CARTESIAN_POINT('',(2.61596528439,-2.629805337277,1.06326959337)
  );
#1221 = CARTESIAN_POINT('',(2.615509728493,-2.62933840201,1.059949639543
    ));
#1222 = CARTESIAN_POINT('',(2.616267945613,-2.630266175247,
    1.056631859122));
#1223 = CARTESIAN_POINT('',(2.615743478731,-2.6299094239,1.053314435505)
  );
#1224 = CARTESIAN_POINT('',(2.625462719951,-2.638569005819,
    1.050000000004));
#1225 = CARTESIAN_POINT('',(2.615743478733,-2.6299094239,1.046685564488)
  );
#1226 = CARTESIAN_POINT('',(2.616267945611,-2.630266175246,
    1.043368140883));
#1227 = CARTESIAN_POINT('',(2.615509728493,-2.629338402009,
    1.040050360455));
#1228 = CARTESIAN_POINT('',(2.615965284391,-2.629805337276,1.03673040663
    ));
#1229 = CARTESIAN_POINT('',(2.626208390517,-2.626208390516,
    1.063275373776));
#1230 = CARTESIAN_POINT('',(2.628206114096,-2.628206114096,
    1.059961457644));
#1231 = CARTESIAN_POINT('',(2.629870750177,-2.629870750116,
    1.056642818478));
#1232 = CARTESIAN_POINT('',(2.626727872719,-2.626727872885,
    1.053319725771));
#1233 = CARTESIAN_POINT('',(2.622576389831,-2.622576389609,
    1.049999999995));
#1234 = CARTESIAN_POINT('',(2.626727872719,-2.626727872885,
    1.046680274238));
#1235 = CARTESIAN_POINT('',(2.62987075018,-2.629870750116,1.043357181516
    ));
#1236 = CARTESIAN_POINT('',(2.628206114095,-2.628206114097,
    1.040038542358));
#1237 = CARTESIAN_POINT('',(2.626208390516,-2.626208390517,
    1.036724626224));
#1238 = CARTESIAN_POINT('',(2.629805337276,-2.615965284391,1.06326959337
    ));
#1239 = CARTESIAN_POINT('',(2.629338402009,-2.615509728492,
    1.059949639543));
#1240 = CARTESIAN_POINT('',(2.630266175195,-2.616267945648,
    1.056631859122));
#1241 = CARTESIAN_POINT('',(2.629909424041,-2.615743478637,
    1.053314435505));
#1242 = CARTESIAN_POINT('',(2.638569005638,-2.625462720074,
    1.050000000004));
#1243 = CARTESIAN_POINT('',(2.629909424039,-2.615743478635,
    1.046685564488));
#1244 = CARTESIAN_POINT('',(2.630266175194,-2.616267945649,
    1.043368140883));
#1245 = CARTESIAN_POINT('',(2.62933840201,-2.615509728491,1.040050360455
    ));
#1246 = CARTESIAN_POINT('',(2.629805337277,-2.61596528439,1.03673040663)
  );
#1247 = CARTESIAN_POINT('',(2.636456936877,-2.608897910033,
    1.063270685964));
#1248 = CARTESIAN_POINT('',(2.637247379736,-2.60965353382,1.059952696607
    ));
#1249 = CARTESIAN_POINT('',(2.636905131505,-2.609150787832,
    1.056632211895));
#1250 = CARTESIAN_POINT('',(2.639922899416,-2.613486902204,
    1.053325254018));
#1251 = CARTESIAN_POINT('',(2.635372341113,-2.606308789508,
    1.049999999998));
#1252 = CARTESIAN_POINT('',(2.639922899421,-2.613486902207,
    1.046674745985));
#1253 = CARTESIAN_POINT('',(2.636905131503,-2.609150787831,
    1.043367788102));
#1254 = CARTESIAN_POINT('',(2.637247379735,-2.60965353382,1.040047303394
    ));
#1255 = CARTESIAN_POINT('',(2.636456936876,-2.608897910033,
    1.036729314036));
#1256 = CARTESIAN_POINT('',(2.638445839024,-2.597186389415,
    1.063271110844));
#1257 = CARTESIAN_POINT('',(2.639375384652,-2.598131841376,
    1.059953392724));
#1258 = CARTESIAN_POINT('',(2.640122949803,-2.598933913873,
    1.056636500315));
#1259 = CARTESIAN_POINT('',(2.640032877532,-2.598771132828,
    1.053317507637));
#1260 = CARTESIAN_POINT('',(2.640397783371,-2.599142535854,
    1.050000000001));
#1261 = CARTESIAN_POINT('',(2.640032877531,-2.598771132828,
    1.046682492362));
#1262 = CARTESIAN_POINT('',(2.640122949804,-2.598933913873,
    1.043363499686));
#1263 = CARTESIAN_POINT('',(2.639375384652,-2.598131841376,
    1.040046607275));
#1264 = CARTESIAN_POINT('',(2.638445839024,-2.597186389416,
    1.036728889156));
#1265 = CARTESIAN_POINT('',(2.637192809808,-2.582179733696,
    1.063271088813));
#1266 = CARTESIAN_POINT('',(2.638089423348,-2.583088551806,
    1.059953341235));
#1267 = CARTESIAN_POINT('',(2.638621051547,-2.583611755374,1.05663535217
    ));
#1268 = CARTESIAN_POINT('',(2.639179912002,-2.584173115983,
    1.053317569413));
#1269 = CARTESIAN_POINT('',(2.639434520165,-2.584431257865,1.05));
#1270 = CARTESIAN_POINT('',(2.639179912002,-2.584173115982,
    1.046682430587));
#1271 = CARTESIAN_POINT('',(2.638621051546,-2.583611755374,1.04336464783
    ));
#1272 = CARTESIAN_POINT('',(2.638089423348,-2.583088551806,
    1.040046658765));
#1273 = CARTESIAN_POINT('',(2.637192809808,-2.582179733696,
    1.036728911187));
#1274 = ADVANCED_FACE('',(#1275),#1280,.T.);
#1275 = FACE_BOUND('',#1276,.T.);
#1276 = EDGE_LOOP('',(#1277,#1278,#1279));
#1277 = ORIENTED_EDGE('',*,*,#811,.F.);
#1278 = ORIENTED_EDGE('',*,*,#885,.T.);
#1279 = ORIENTED_EDGE('',*,*,#844,.F.);
#1280 = SPHERICAL_SURFACE('',#1281,5.E-02);
#1281 = AXIS2_PLACEMENT_3D('',#1282,#1283,#1284);
#1282 = CARTESIAN_POINT('',(2.439350735804,-2.439350735804,1.9));
#1283 = DIRECTION('',(-8.881784197001E-15,0.984807753012,-0.173648177667
    ));
#1284 = DIRECTION('',(-1.566098190762E-15,0.173648177667,0.984807753012)
  );
#1285 = ADVANCED_FACE('',(#1286),#1289,.T.);
#1286 = FACE_BOUND('',#1287,.T.);
#1287 = EDGE_LOOP('',(#1288));
#1288 = ORIENTED_EDGE('',*,*,#868,.T.);
#1289 = PLANE('',#1290);
#1290 = AXIS2_PLACEMENT_3D('',#1291,#1292,#1293);
#1291 = CARTESIAN_POINT('',(-1.881305717362,1.881305717362,1.93));
#1292 = DIRECTION('',(0.,0.,1.));
#1293 = DIRECTION('',(1.,0.,0.));
#1294 = ADVANCED_FACE('',(#1295),#1306,.T.);
#1295 = FACE_BOUND('',#1296,.F.);
#1296 = EDGE_LOOP('',(#1297,#1298,#1304,#1305));
#1297 = ORIENTED_EDGE('',*,*,#920,.T.);
#1298 = ORIENTED_EDGE('',*,*,#1299,.T.);
#1299 = EDGE_CURVE('',#921,#1171,#1300,.T.);
#1300 = LINE('',#1301,#1302);
#1301 = CARTESIAN_POINT('',(2.638469057056,2.64,1.041317591117));
#1302 = VECTOR('',#1303,1.);
#1303 = DIRECTION('',(0.,-1.,2.22044604925E-16));
#1304 = ORIENTED_EDGE('',*,*,#1170,.F.);
#1305 = ORIENTED_EDGE('',*,*,#1083,.F.);
#1306 = CYLINDRICAL_SURFACE('',#1307,5.E-02);
#1307 = AXIS2_PLACEMENT_3D('',#1308,#1309,#1310);
#1308 = CARTESIAN_POINT('',(2.589228669406,2.64,1.05));
#1309 = DIRECTION('',(0.,-1.,2.22044604925E-16));
#1310 = DIRECTION('',(0.984807753012,3.855764100601E-17,0.173648177667)
  );
#1311 = ADVANCED_FACE('',(#1312),#1331,.T.);
#1312 = FACE_BOUND('',#1313,.F.);
#1313 = EDGE_LOOP('',(#1314,#1315,#1324,#1330));
#1314 = ORIENTED_EDGE('',*,*,#1029,.F.);
#1315 = ORIENTED_EDGE('',*,*,#1316,.T.);
#1316 = EDGE_CURVE('',#1030,#1317,#1319,.T.);
#1317 = VERTEX_POINT('',#1318);
#1318 = CARTESIAN_POINT('',(2.488591123454,2.439350735804,0.191317591117
    ));
#1319 = CIRCLE('',#1320,5.E-02);
#1320 = AXIS2_PLACEMENT_3D('',#1321,#1322,#1323);
#1321 = CARTESIAN_POINT('',(2.439350735804,2.439350735804,0.2));
#1322 = DIRECTION('',(-0.171087869746,-0.171087869746,-0.970287525248));
#1323 = DIRECTION('',(3.469446951954E-18,0.984807753012,-0.173648177667)
  );
#1324 = ORIENTED_EDGE('',*,*,#1325,.T.);
#1325 = EDGE_CURVE('',#1317,#921,#1326,.T.);
#1326 = LINE('',#1327,#1328);
#1327 = CARTESIAN_POINT('',(2.482747035663,2.433506648012,0.158174122275
    ));
#1328 = VECTOR('',#1329,1.);
#1329 = DIRECTION('',(0.171087869746,0.171087869746,0.970287525248));
#1330 = ORIENTED_EDGE('',*,*,#932,.T.);
#1331 = CYLINDRICAL_SURFACE('',#1332,5.E-02);
#1332 = AXIS2_PLACEMENT_3D('',#1333,#1334,#1335);
#1333 = CARTESIAN_POINT('',(2.433506648012,2.433506648012,0.166856531158
    ));
#1334 = DIRECTION('',(0.171087869746,0.171087869746,0.970287525248));
#1335 = DIRECTION('',(3.469446951954E-18,0.984807753012,-0.173648177667)
  );
#1336 = ADVANCED_FACE('',(#1337),#1349,.T.);
#1337 = FACE_BOUND('',#1338,.T.);
#1338 = EDGE_LOOP('',(#1339,#1346,#1347,#1348));
#1339 = ORIENTED_EDGE('',*,*,#1340,.F.);
#1340 = EDGE_CURVE('',#1140,#1030,#1341,.T.);
#1341 = CIRCLE('',#1342,5.E-02);
#1342 = AXIS2_PLACEMENT_3D('',#1343,#1344,#1345);
#1343 = CARTESIAN_POINT('',(2.439350735804,2.439350735804,0.2));
#1344 = DIRECTION('',(1.,1.566098190761E-15,8.881784197001E-15));
#1345 = DIRECTION('',(-1.566098190761E-15,1.,9.103828801926E-15));
#1346 = ORIENTED_EDGE('',*,*,#1139,.T.);
#1347 = ORIENTED_EDGE('',*,*,#1053,.F.);
#1348 = ORIENTED_EDGE('',*,*,#1037,.F.);
#1349 = CYLINDRICAL_SURFACE('',#1350,5.E-02);
#1350 = AXIS2_PLACEMENT_3D('',#1351,#1352,#1353);
#1351 = CARTESIAN_POINT('',(2.481305717362,2.439350735804,0.2));
#1352 = DIRECTION('',(-1.,0.,0.));
#1353 = DIRECTION('',(0.,0.984807753012,-0.173648177667));
#1354 = ADVANCED_FACE('',(#1355),#1374,.T.);
#1355 = FACE_BOUND('',#1356,.T.);
#1356 = EDGE_LOOP('',(#1357,#1358,#1367,#1373));
#1357 = ORIENTED_EDGE('',*,*,#1098,.F.);
#1358 = ORIENTED_EDGE('',*,*,#1359,.T.);
#1359 = EDGE_CURVE('',#1099,#1360,#1362,.T.);
#1360 = VERTEX_POINT('',#1361);
#1361 = CARTESIAN_POINT('',(2.488591123454,-2.439350735804,
    0.191317591117));
#1362 = CIRCLE('',#1363,5.E-02);
#1363 = AXIS2_PLACEMENT_3D('',#1364,#1365,#1366);
#1364 = CARTESIAN_POINT('',(2.439350735804,-2.439350735804,0.2));
#1365 = DIRECTION('',(0.171087869746,-0.171087869746,0.970287525248));
#1366 = DIRECTION('',(-6.938893903907E-18,-0.984807753012,
    -0.173648177667));
#1367 = ORIENTED_EDGE('',*,*,#1368,.T.);
#1368 = EDGE_CURVE('',#1360,#1171,#1369,.T.);
#1369 = LINE('',#1370,#1371);
#1370 = CARTESIAN_POINT('',(2.482747035663,-2.433506648012,
    0.158174122275));
#1371 = VECTOR('',#1372,1.);
#1372 = DIRECTION('',(0.171087869746,-0.171087869746,0.970287525248));
#1373 = ORIENTED_EDGE('',*,*,#1182,.T.);
#1374 = CYLINDRICAL_SURFACE('',#1375,5.E-02);
#1375 = AXIS2_PLACEMENT_3D('',#1376,#1377,#1378);
#1376 = CARTESIAN_POINT('',(2.433506648012,-2.433506648012,
    0.166856531158));
#1377 = DIRECTION('',(0.171087869746,-0.171087869746,0.970287525248));
#1378 = DIRECTION('',(3.469446951954E-18,-0.984807753012,-0.173648177667
    ));
#1379 = ADVANCED_FACE('',(#1380),#1392,.T.);
#1380 = FACE_BOUND('',#1381,.F.);
#1381 = EDGE_LOOP('',(#1382,#1389,#1390,#1391));
#1382 = ORIENTED_EDGE('',*,*,#1383,.F.);
#1383 = EDGE_CURVE('',#1148,#1099,#1384,.T.);
#1384 = CIRCLE('',#1385,5.E-02);
#1385 = AXIS2_PLACEMENT_3D('',#1386,#1387,#1388);
#1386 = CARTESIAN_POINT('',(2.439350735804,-2.439350735804,0.2));
#1387 = DIRECTION('',(-1.,-1.566098190761E-15,8.881784197001E-15));
#1388 = DIRECTION('',(1.566098190761E-15,-1.,-9.103828801926E-15));
#1389 = ORIENTED_EDGE('',*,*,#1155,.T.);
#1390 = ORIENTED_EDGE('',*,*,#1122,.T.);
#1391 = ORIENTED_EDGE('',*,*,#1106,.F.);
#1392 = CYLINDRICAL_SURFACE('',#1393,5.E-02);
#1393 = AXIS2_PLACEMENT_3D('',#1394,#1395,#1396);
#1394 = CARTESIAN_POINT('',(2.481305717362,-2.439350735804,0.2));
#1395 = DIRECTION('',(-1.,0.,0.));
#1396 = DIRECTION('',(0.,-0.984807753012,-0.173648177667));
#1397 = ADVANCED_FACE('',(#1398),#1421,.T.);
#1398 = FACE_BOUND('',#1399,.T.);
#1399 = EDGE_LOOP('',(#1400,#1407,#1413,#1420));
#1400 = ORIENTED_EDGE('',*,*,#1401,.T.);
#1401 = EDGE_CURVE('',#1140,#1317,#1402,.T.);
#1402 = CIRCLE('',#1403,5.E-02);
#1403 = AXIS2_PLACEMENT_3D('',#1404,#1405,#1406);
#1404 = CARTESIAN_POINT('',(2.439350735804,2.439350735804,0.2));
#1405 = DIRECTION('',(1.627330530719E-15,-1.,-9.103828801926E-15));
#1406 = DIRECTION('',(1.,1.627330530719E-15,8.881784197001E-15));
#1407 = ORIENTED_EDGE('',*,*,#1408,.T.);
#1408 = EDGE_CURVE('',#1317,#1360,#1409,.T.);
#1409 = LINE('',#1410,#1411);
#1410 = CARTESIAN_POINT('',(2.488591123454,2.481305717362,0.191317591117
    ));
#1411 = VECTOR('',#1412,1.);
#1412 = DIRECTION('',(0.,-1.,2.22044604925E-16));
#1413 = ORIENTED_EDGE('',*,*,#1414,.F.);
#1414 = EDGE_CURVE('',#1148,#1360,#1415,.T.);
#1415 = CIRCLE('',#1416,5.E-02);
#1416 = AXIS2_PLACEMENT_3D('',#1417,#1418,#1419);
#1417 = CARTESIAN_POINT('',(2.439350735804,-2.439350735804,0.2));
#1418 = DIRECTION('',(1.504865850804E-15,-1.,-9.103828801926E-15));
#1419 = DIRECTION('',(1.,1.504865850804E-15,-8.881784197001E-15));
#1420 = ORIENTED_EDGE('',*,*,#1147,.F.);
#1421 = CYLINDRICAL_SURFACE('',#1422,5.E-02);
#1422 = AXIS2_PLACEMENT_3D('',#1423,#1424,#1425);
#1423 = CARTESIAN_POINT('',(2.439350735804,2.481305717362,0.2));
#1424 = DIRECTION('',(0.,-1.,2.22044604925E-16));
#1425 = DIRECTION('',(5.592937504922E-18,-2.22044604925E-16,-1.));
#1426 = ADVANCED_FACE('',(#1427),#1433,.T.);
#1427 = FACE_BOUND('',#1428,.T.);
#1428 = EDGE_LOOP('',(#1429,#1430,#1431,#1432));
#1429 = ORIENTED_EDGE('',*,*,#1299,.T.);
#1430 = ORIENTED_EDGE('',*,*,#1368,.F.);
#1431 = ORIENTED_EDGE('',*,*,#1408,.F.);
#1432 = ORIENTED_EDGE('',*,*,#1325,.T.);
#1433 = PLANE('',#1434);
#1434 = AXIS2_PLACEMENT_3D('',#1435,#1436,#1437);
#1435 = CARTESIAN_POINT('',(2.64,2.64,1.05));
#1436 = DIRECTION('',(0.984807753012,-3.855764100601E-17,-0.173648177667
    ));
#1437 = DIRECTION('',(-0.173648177667,-2.186712484447E-16,
    -0.984807753012));
#1438 = ADVANCED_FACE('',(#1439),#1444,.T.);
#1439 = FACE_BOUND('',#1440,.F.);
#1440 = EDGE_LOOP('',(#1441,#1442,#1443));
#1441 = ORIENTED_EDGE('',*,*,#1340,.F.);
#1442 = ORIENTED_EDGE('',*,*,#1401,.T.);
#1443 = ORIENTED_EDGE('',*,*,#1316,.F.);
#1444 = SPHERICAL_SURFACE('',#1445,5.E-02);
#1445 = AXIS2_PLACEMENT_3D('',#1446,#1447,#1448);
#1446 = CARTESIAN_POINT('',(2.439350735804,2.439350735804,0.2));
#1447 = DIRECTION('',(-8.881784197001E-15,-9.103828801926E-15,1.));
#1448 = DIRECTION('',(-1.566098190761E-15,1.,9.103828801926E-15));
#1449 = ADVANCED_FACE('',(#1450),#1455,.T.);
#1450 = FACE_BOUND('',#1451,.T.);
#1451 = EDGE_LOOP('',(#1452,#1453,#1454));
#1452 = ORIENTED_EDGE('',*,*,#1383,.F.);
#1453 = ORIENTED_EDGE('',*,*,#1414,.T.);
#1454 = ORIENTED_EDGE('',*,*,#1359,.F.);
#1455 = SPHERICAL_SURFACE('',#1456,5.E-02);
#1456 = AXIS2_PLACEMENT_3D('',#1457,#1458,#1459);
#1457 = CARTESIAN_POINT('',(2.439350735804,-2.439350735804,0.2));
#1458 = DIRECTION('',(8.881784197001E-15,-9.103828801926E-15,1.));
#1459 = DIRECTION('',(1.566098190761E-15,-1.,-9.103828801926E-15));
#1460 = ( GEOMETRIC_REPRESENTATION_CONTEXT(3) 
GLOBAL_UNCERTAINTY_ASSIGNED_CONTEXT((#1464)) 
GLOBAL_UNIT_ASSIGNED_CONTEXT((#1461,#1462,#1463)) REPRESENTATION_CONTEXT
('Context #1','3D Context with UNIT and UNCERTAINTY') );
#1461 = ( LENGTH_UNIT() NAMED_UNIT(*) SI_UNIT(.MILLI.,.METRE.) );
#1462 = ( NAMED_UNIT(*) PLANE_ANGLE_UNIT() SI_UNIT($,.RADIAN.) );
#1463 = ( NAMED_UNIT(*) SI_UNIT($,.STERADIAN.) SOLID_ANGLE_UNIT() );
#1464 = UNCERTAINTY_MEASURE_WITH_UNIT(LENGTH_MEASURE(1.E-05),#1461,
  'distance_accuracy_value','confusion accuracy');
#1465 = CONTEXT_DEPENDENT_SHAPE_REPRESENTATION(#1466,#1468);
#1466 = ( REPRESENTATION_RELATIONSHIP('','',#40,#10) 
REPRESENTATION_RELATIONSHIP_WITH_TRANSFORMATION(#1467) 
SHAPE_REPRESENTATION_RELATIONSHIP() );
#1467 = ITEM_DEFINED_TRANSFORMATION('','',#11,#15);
#1468 = PRODUCT_DEFINITION_SHAPE('Placement','Placement of an item',
  #1469);
#1469 = NEXT_ASSEMBLY_USAGE_OCCURRENCE('4','Package','',#5,#35,$);
#1470 = PRODUCT_RELATED_PRODUCT_CATEGORY('part',$,(#37));
#1471 = SHAPE_DEFINITION_REPRESENTATION(#1472,#1478);
#1472 = PRODUCT_DEFINITION_SHAPE('','',#1473);
#1473 = PRODUCT_DEFINITION('design','',#1474,#1477);
#1474 = PRODUCT_DEFINITION_FORMATION('','',#1475);
#1475 = PRODUCT('Pin1Indicator','Pin1Indicator','',(#1476));
#1476 = PRODUCT_CONTEXT('',#2,'mechanical');
#1477 = PRODUCT_DEFINITION_CONTEXT('part definition',#2,'design');
#1478 = ADVANCED_BREP_SHAPE_REPRESENTATION('',(#11,#1479),#1532);
#1479 = MANIFOLD_SOLID_BREP('',#1480);
#1480 = CLOSED_SHELL('',(#1481,#1514,#1523));
#1481 = ADVANCED_FACE('',(#1482),#1509,.T.);
#1482 = FACE_BOUND('',#1483,.F.);
#1483 = EDGE_LOOP('',(#1484,#1494,#1501,#1502));
#1484 = ORIENTED_EDGE('',*,*,#1485,.T.);
#1485 = EDGE_CURVE('',#1486,#1488,#1490,.T.);
#1486 = VERTEX_POINT('',#1487);
#1487 = CARTESIAN_POINT('',(-1.681305717362,1.881305717362,1.93));
#1488 = VERTEX_POINT('',#1489);
#1489 = CARTESIAN_POINT('',(-1.681305717362,1.881305717362,1.94));
#1490 = LINE('',#1491,#1492);
#1491 = CARTESIAN_POINT('',(-1.681305717362,1.881305717362,1.93));
#1492 = VECTOR('',#1493,1.);
#1493 = DIRECTION('',(0.,0.,1.));
#1494 = ORIENTED_EDGE('',*,*,#1495,.T.);
#1495 = EDGE_CURVE('',#1488,#1488,#1496,.T.);
#1496 = CIRCLE('',#1497,0.2);
#1497 = AXIS2_PLACEMENT_3D('',#1498,#1499,#1500);
#1498 = CARTESIAN_POINT('',(-1.881305717362,1.881305717362,1.94));
#1499 = DIRECTION('',(0.,0.,1.));
#1500 = DIRECTION('',(1.,0.,0.));
#1501 = ORIENTED_EDGE('',*,*,#1485,.F.);
#1502 = ORIENTED_EDGE('',*,*,#1503,.F.);
#1503 = EDGE_CURVE('',#1486,#1486,#1504,.T.);
#1504 = CIRCLE('',#1505,0.2);
#1505 = AXIS2_PLACEMENT_3D('',#1506,#1507,#1508);
#1506 = CARTESIAN_POINT('',(-1.881305717362,1.881305717362,1.93));
#1507 = DIRECTION('',(0.,0.,1.));
#1508 = DIRECTION('',(1.,0.,0.));
#1509 = CYLINDRICAL_SURFACE('',#1510,0.2);
#1510 = AXIS2_PLACEMENT_3D('',#1511,#1512,#1513);
#1511 = CARTESIAN_POINT('',(-1.881305717362,1.881305717362,1.93));
#1512 = DIRECTION('',(-0.,-0.,-1.));
#1513 = DIRECTION('',(1.,0.,0.));
#1514 = ADVANCED_FACE('',(#1515),#1518,.F.);
#1515 = FACE_BOUND('',#1516,.F.);
#1516 = EDGE_LOOP('',(#1517));
#1517 = ORIENTED_EDGE('',*,*,#1503,.T.);
#1518 = PLANE('',#1519);
#1519 = AXIS2_PLACEMENT_3D('',#1520,#1521,#1522);
#1520 = CARTESIAN_POINT('',(-1.881305717362,1.881305717362,1.93));
#1521 = DIRECTION('',(0.,0.,1.));
#1522 = DIRECTION('',(1.,0.,0.));
#1523 = ADVANCED_FACE('',(#1524),#1527,.T.);
#1524 = FACE_BOUND('',#1525,.T.);
#1525 = EDGE_LOOP('',(#1526));
#1526 = ORIENTED_EDGE('',*,*,#1495,.T.);
#1527 = PLANE('',#1528);
#1528 = AXIS2_PLACEMENT_3D('',#1529,#1530,#1531);
#1529 = CARTESIAN_POINT('',(-1.881305717362,1.881305717362,1.94));
#1530 = DIRECTION('',(0.,0.,1.));
#1531 = DIRECTION('',(1.,0.,0.));
#1532 = ( GEOMETRIC_REPRESENTATION_CONTEXT(3) 
GLOBAL_UNCERTAINTY_ASSIGNED_CONTEXT((#1536)) 
GLOBAL_UNIT_ASSIGNED_CONTEXT((#1533,#1534,#1535)) REPRESENTATION_CONTEXT
('Context #1','3D Context with UNIT and UNCERTAINTY') );
#1533 = ( LENGTH_UNIT() NAMED_UNIT(*) SI_UNIT(.MILLI.,.METRE.) );
#1534 = ( NAMED_UNIT(*) PLANE_ANGLE_UNIT() SI_UNIT($,.RADIAN.) );
#1535 = ( NAMED_UNIT(*) SI_UNIT($,.STERADIAN.) SOLID_ANGLE_UNIT() );
#1536 = UNCERTAINTY_MEASURE_WITH_UNIT(LENGTH_MEASURE(1.E-07),#1533,
  'distance_accuracy_value','confusion accuracy');
#1537 = CONTEXT_DEPENDENT_SHAPE_REPRESENTATION(#1538,#1540);
#1538 = ( REPRESENTATION_RELATIONSHIP('','',#1478,#10) 
REPRESENTATION_RELATIONSHIP_WITH_TRANSFORMATION(#1539) 
SHAPE_REPRESENTATION_RELATIONSHIP() );
#1539 = ITEM_DEFINED_TRANSFORMATION('','',#11,#19);
#1540 = PRODUCT_DEFINITION_SHAPE('Placement','Placement of an item',
  #1541);
#1541 = NEXT_ASSEMBLY_USAGE_OCCURRENCE('5','Pin1Indicator','',#5,#1473,$
  );
#1542 = PRODUCT_RELATED_PRODUCT_CATEGORY('part',$,(#1475));
#1543 = SHAPE_DEFINITION_REPRESENTATION(#1544,#1550);
#1544 = PRODUCT_DEFINITION_SHAPE('','',#1545);
#1545 = PRODUCT_DEFINITION('design','',#1546,#1549);
#1546 = PRODUCT_DEFINITION_FORMATION('','',#1547);
#1547 = PRODUCT('Pins','Pins','',(#1548));
#1548 = PRODUCT_CONTEXT('',#2,'mechanical');
#1549 = PRODUCT_DEFINITION_CONTEXT('part definition',#2,'design');
#1550 = ADVANCED_BREP_SHAPE_REPRESENTATION('',(#11,#1551),#5779);
#1551 = MANIFOLD_SOLID_BREP('',#1552);
#1552 = CLOSED_SHELL('',(#1553,#1593,#1624,#1655,#1695,#1726,#1826,#1857
    ,#1881,#1912,#1943,#1974,#1998,#2027,#2127,#2144,#2166,#2183,#2200,
    #2217,#2229,#2246,#2263,#2280,#2297,#2309,#2340,#2357,#2457,#2557,
    #2574,#2681,#2705,#2745,#2776,#2876,#2907,#2931,#2948,#2970,#2987,
    #3004,#3016,#3033,#3050,#3067,#3084,#3096,#3128,#3152,#3177,#3201,
    #3218,#3243,#3267,#3292,#3316,#3340,#3357,#3383,#3407,#3438,#3462,
    #3491,#3591,#3608,#3630,#3647,#3664,#3681,#3693,#3710,#3727,#3744,
    #3761,#3773,#3799,#3906,#3930,#3970,#4001,#4101,#4132,#4156,#4188,
    #4212,#4237,#4261,#4278,#4303,#4327,#4352,#4376,#4400,#4417,#4443,
    #4467,#4498,#4522,#4551,#4651,#4668,#4690,#4707,#4724,#4741,#4753,
    #4770,#4787,#4804,#4821,#4833,#4859,#4966,#4990,#5021,#5045,#5076,
    #5176,#5198,#5215,#5247,#5271,#5296,#5320,#5337,#5362,#5386,#5411,
    #5435,#5459,#5476,#5497,#5597,#5614,#5636,#5653,#5670,#5687,#5699,
    #5716,#5733,#5750,#5767));
#1553 = ADVANCED_FACE('',(#1554),#1588,.T.);
#1554 = FACE_BOUND('',#1555,.T.);
#1555 = EDGE_LOOP('',(#1556,#1566,#1574,#1582));
#1556 = ORIENTED_EDGE('',*,*,#1557,.F.);
#1557 = EDGE_CURVE('',#1558,#1560,#1562,.T.);
#1558 = VERTEX_POINT('',#1559);
#1559 = CARTESIAN_POINT('',(-5.E-02,2.115,1.25));
#1560 = VERTEX_POINT('',#1561);
#1561 = CARTESIAN_POINT('',(9.603429163008E-17,2.115,1.25));
#1562 = LINE('',#1563,#1564);
#1563 = CARTESIAN_POINT('',(-5.E-02,2.115,1.25));
#1564 = VECTOR('',#1565,1.);
#1565 = DIRECTION('',(1.,0.,0.));
#1566 = ORIENTED_EDGE('',*,*,#1567,.T.);
#1567 = EDGE_CURVE('',#1558,#1568,#1570,.T.);
#1568 = VERTEX_POINT('',#1569);
#1569 = CARTESIAN_POINT('',(-5.E-02,1.695,1.25));
#1570 = LINE('',#1571,#1572);
#1571 = CARTESIAN_POINT('',(-5.E-02,2.115,1.25));
#1572 = VECTOR('',#1573,1.);
#1573 = DIRECTION('',(0.,-1.,2.22044604925E-16));
#1574 = ORIENTED_EDGE('',*,*,#1575,.T.);
#1575 = EDGE_CURVE('',#1568,#1576,#1578,.T.);
#1576 = VERTEX_POINT('',#1577);
#1577 = CARTESIAN_POINT('',(4.940492459582E-17,1.695,1.25));
#1578 = LINE('',#1579,#1580);
#1579 = CARTESIAN_POINT('',(-2.79,1.695,1.25));
#1580 = VECTOR('',#1581,1.);
#1581 = DIRECTION('',(1.,0.,0.));
#1582 = ORIENTED_EDGE('',*,*,#1583,.F.);
#1583 = EDGE_CURVE('',#1560,#1576,#1584,.T.);
#1584 = LINE('',#1585,#1586);
#1585 = CARTESIAN_POINT('',(4.229949723822E-16,2.115,1.25));
#1586 = VECTOR('',#1587,1.);
#1587 = DIRECTION('',(0.,-1.,2.22044604925E-16));
#1588 = PLANE('',#1589);
#1589 = AXIS2_PLACEMENT_3D('',#1590,#1591,#1592);
#1590 = CARTESIAN_POINT('',(-5.E-02,2.115,1.25));
#1591 = DIRECTION('',(0.,2.22044604925E-16,1.));
#1592 = DIRECTION('',(1.,0.,0.));
#1593 = ADVANCED_FACE('',(#1594),#1619,.T.);
#1594 = FACE_BOUND('',#1595,.T.);
#1595 = EDGE_LOOP('',(#1596,#1604,#1605,#1613));
#1596 = ORIENTED_EDGE('',*,*,#1597,.T.);
#1597 = EDGE_CURVE('',#1598,#1558,#1600,.T.);
#1598 = VERTEX_POINT('',#1599);
#1599 = CARTESIAN_POINT('',(-5.E-02,2.115,1.05));
#1600 = LINE('',#1601,#1602);
#1601 = CARTESIAN_POINT('',(-5.E-02,2.115,1.05));
#1602 = VECTOR('',#1603,1.);
#1603 = DIRECTION('',(0.,2.22044604925E-16,1.));
#1604 = ORIENTED_EDGE('',*,*,#1557,.T.);
#1605 = ORIENTED_EDGE('',*,*,#1606,.T.);
#1606 = EDGE_CURVE('',#1560,#1607,#1609,.T.);
#1607 = VERTEX_POINT('',#1608);
#1608 = CARTESIAN_POINT('',(1.182387521226E-16,2.115,1.05));
#1609 = LINE('',#1610,#1611);
#1610 = CARTESIAN_POINT('',(4.229949723822E-16,2.115,1.25));
#1611 = VECTOR('',#1612,1.);
#1612 = DIRECTION('',(0.,-2.22044604925E-16,-1.));
#1613 = ORIENTED_EDGE('',*,*,#1614,.T.);
#1614 = EDGE_CURVE('',#1607,#1598,#1615,.T.);
#1615 = LINE('',#1616,#1617);
#1616 = CARTESIAN_POINT('',(5.E-02,2.115,1.05));
#1617 = VECTOR('',#1618,1.);
#1618 = DIRECTION('',(-1.,0.,0.));
#1619 = PLANE('',#1620);
#1620 = AXIS2_PLACEMENT_3D('',#1621,#1622,#1623);
#1621 = CARTESIAN_POINT('',(0.,2.115,1.15));
#1622 = DIRECTION('',(0.,1.,0.));
#1623 = DIRECTION('',(0.,0.,1.));
#1624 = ADVANCED_FACE('',(#1625),#1650,.T.);
#1625 = FACE_BOUND('',#1626,.T.);
#1626 = EDGE_LOOP('',(#1627,#1635,#1636,#1644));
#1627 = ORIENTED_EDGE('',*,*,#1628,.F.);
#1628 = EDGE_CURVE('',#1560,#1629,#1631,.T.);
#1629 = VERTEX_POINT('',#1630);
#1630 = CARTESIAN_POINT('',(5.E-02,2.115,1.25));
#1631 = LINE('',#1632,#1633);
#1632 = CARTESIAN_POINT('',(-5.E-02,2.115,1.25));
#1633 = VECTOR('',#1634,1.);
#1634 = DIRECTION('',(1.,0.,0.));
#1635 = ORIENTED_EDGE('',*,*,#1583,.T.);
#1636 = ORIENTED_EDGE('',*,*,#1637,.F.);
#1637 = EDGE_CURVE('',#1638,#1576,#1640,.T.);
#1638 = VERTEX_POINT('',#1639);
#1639 = CARTESIAN_POINT('',(5.E-02,1.695,1.25));
#1640 = LINE('',#1641,#1642);
#1641 = CARTESIAN_POINT('',(2.79,1.695,1.25));
#1642 = VECTOR('',#1643,1.);
#1643 = DIRECTION('',(-1.,2.22044604925E-16,-2.22044604925E-16));
#1644 = ORIENTED_EDGE('',*,*,#1645,.F.);
#1645 = EDGE_CURVE('',#1629,#1638,#1646,.T.);
#1646 = LINE('',#1647,#1648);
#1647 = CARTESIAN_POINT('',(5.E-02,2.115,1.25));
#1648 = VECTOR('',#1649,1.);
#1649 = DIRECTION('',(0.,-1.,2.22044604925E-16));
#1650 = PLANE('',#1651);
#1651 = AXIS2_PLACEMENT_3D('',#1652,#1653,#1654);
#1652 = CARTESIAN_POINT('',(-5.E-02,2.115,1.25));
#1653 = DIRECTION('',(0.,2.22044604925E-16,1.));
#1654 = DIRECTION('',(1.,0.,0.));
#1655 = ADVANCED_FACE('',(#1656),#1690,.T.);
#1656 = FACE_BOUND('',#1657,.T.);
#1657 = EDGE_LOOP('',(#1658,#1659,#1667,#1675,#1683,#1689));
#1658 = ORIENTED_EDGE('',*,*,#1575,.F.);
#1659 = ORIENTED_EDGE('',*,*,#1660,.T.);
#1660 = EDGE_CURVE('',#1568,#1661,#1663,.T.);
#1661 = VERTEX_POINT('',#1662);
#1662 = CARTESIAN_POINT('',(-5.E-02,0.845,1.25));
#1663 = LINE('',#1664,#1665);
#1664 = CARTESIAN_POINT('',(-5.E-02,2.115,1.25));
#1665 = VECTOR('',#1666,1.);
#1666 = DIRECTION('',(0.,-1.,2.22044604925E-16));
#1667 = ORIENTED_EDGE('',*,*,#1668,.T.);
#1668 = EDGE_CURVE('',#1661,#1669,#1671,.T.);
#1669 = VERTEX_POINT('',#1670);
#1670 = CARTESIAN_POINT('',(-4.496403249732E-17,0.845,1.25));
#1671 = LINE('',#1672,#1673);
#1672 = CARTESIAN_POINT('',(-2.79,0.845,1.25));
#1673 = VECTOR('',#1674,1.);
#1674 = DIRECTION('',(1.,0.,0.));
#1675 = ORIENTED_EDGE('',*,*,#1676,.F.);
#1676 = EDGE_CURVE('',#1677,#1669,#1679,.T.);
#1677 = VERTEX_POINT('',#1678);
#1678 = CARTESIAN_POINT('',(5.E-02,0.845,1.25));
#1679 = LINE('',#1680,#1681);
#1680 = CARTESIAN_POINT('',(2.79,0.845,1.25));
#1681 = VECTOR('',#1682,1.);
#1682 = DIRECTION('',(-1.,2.22044604925E-16,-2.22044604925E-16));
#1683 = ORIENTED_EDGE('',*,*,#1684,.F.);
#1684 = EDGE_CURVE('',#1638,#1677,#1685,.T.);
#1685 = LINE('',#1686,#1687);
#1686 = CARTESIAN_POINT('',(5.E-02,2.115,1.25));
#1687 = VECTOR('',#1688,1.);
#1688 = DIRECTION('',(0.,-1.,2.22044604925E-16));
#1689 = ORIENTED_EDGE('',*,*,#1637,.T.);
#1690 = PLANE('',#1691);
#1691 = AXIS2_PLACEMENT_3D('',#1692,#1693,#1694);
#1692 = CARTESIAN_POINT('',(-5.E-02,2.115,1.25));
#1693 = DIRECTION('',(0.,2.22044604925E-16,1.));
#1694 = DIRECTION('',(1.,0.,0.));
#1695 = ADVANCED_FACE('',(#1696),#1721,.T.);
#1696 = FACE_BOUND('',#1697,.T.);
#1697 = EDGE_LOOP('',(#1698,#1706,#1714,#1720));
#1698 = ORIENTED_EDGE('',*,*,#1699,.F.);
#1699 = EDGE_CURVE('',#1700,#1558,#1702,.T.);
#1700 = VERTEX_POINT('',#1701);
#1701 = CARTESIAN_POINT('',(-2.79,2.115,1.25));
#1702 = LINE('',#1703,#1704);
#1703 = CARTESIAN_POINT('',(-2.79,2.115,1.25));
#1704 = VECTOR('',#1705,1.);
#1705 = DIRECTION('',(1.,0.,0.));
#1706 = ORIENTED_EDGE('',*,*,#1707,.T.);
#1707 = EDGE_CURVE('',#1700,#1708,#1710,.T.);
#1708 = VERTEX_POINT('',#1709);
#1709 = CARTESIAN_POINT('',(-2.79,1.695,1.25));
#1710 = LINE('',#1711,#1712);
#1711 = CARTESIAN_POINT('',(-2.79,2.115,1.25));
#1712 = VECTOR('',#1713,1.);
#1713 = DIRECTION('',(0.,-1.,2.22044604925E-16));
#1714 = ORIENTED_EDGE('',*,*,#1715,.T.);
#1715 = EDGE_CURVE('',#1708,#1568,#1716,.T.);
#1716 = LINE('',#1717,#1718);
#1717 = CARTESIAN_POINT('',(-2.79,1.695,1.25));
#1718 = VECTOR('',#1719,1.);
#1719 = DIRECTION('',(1.,0.,0.));
#1720 = ORIENTED_EDGE('',*,*,#1567,.F.);
#1721 = PLANE('',#1722);
#1722 = AXIS2_PLACEMENT_3D('',#1723,#1724,#1725);
#1723 = CARTESIAN_POINT('',(-2.79,2.115,1.25));
#1724 = DIRECTION('',(0.,2.22044604925E-16,1.));
#1725 = DIRECTION('',(1.,0.,0.));
#1726 = ADVANCED_FACE('',(#1727),#1821,.T.);
#1727 = FACE_BOUND('',#1728,.T.);
#1728 = EDGE_LOOP('',(#1729,#1740,#1748,#1756,#1764,#1773,#1781,#1788,
    #1789,#1790,#1798,#1806,#1815));
#1729 = ORIENTED_EDGE('',*,*,#1730,.F.);
#1730 = EDGE_CURVE('',#1731,#1733,#1735,.T.);
#1731 = VERTEX_POINT('',#1732);
#1732 = CARTESIAN_POINT('',(-3.630096735909,2.115,-4.662938026915E-17));
#1733 = VERTEX_POINT('',#1734);
#1734 = CARTESIAN_POINT('',(-3.2,2.115,0.317648960108));
#1735 = CIRCLE('',#1736,0.45);
#1736 = AXIS2_PLACEMENT_3D('',#1737,#1738,#1739);
#1737 = CARTESIAN_POINT('',(-3.630096735909,2.115,0.45));
#1738 = DIRECTION('',(0.,-1.,2.22044604925E-16));
#1739 = DIRECTION('',(1.,0.,0.));
#1740 = ORIENTED_EDGE('',*,*,#1741,.T.);
#1741 = EDGE_CURVE('',#1731,#1742,#1744,.T.);
#1742 = VERTEX_POINT('',#1743);
#1743 = CARTESIAN_POINT('',(-3.95,2.115,-4.662938446303E-17));
#1744 = LINE('',#1745,#1746);
#1745 = CARTESIAN_POINT('',(-3.630096735909,2.115,0.));
#1746 = VECTOR('',#1747,1.);
#1747 = DIRECTION('',(-1.,0.,0.));
#1748 = ORIENTED_EDGE('',*,*,#1749,.T.);
#1749 = EDGE_CURVE('',#1742,#1750,#1752,.T.);
#1750 = VERTEX_POINT('',#1751);
#1751 = CARTESIAN_POINT('',(-3.95,2.115,0.2));
#1752 = LINE('',#1753,#1754);
#1753 = CARTESIAN_POINT('',(-3.95,2.115,0.));
#1754 = VECTOR('',#1755,1.);
#1755 = DIRECTION('',(0.,2.22044604925E-16,1.));
#1756 = ORIENTED_EDGE('',*,*,#1757,.T.);
#1757 = EDGE_CURVE('',#1750,#1758,#1760,.T.);
#1758 = VERTEX_POINT('',#1759);
#1759 = CARTESIAN_POINT('',(-3.630096735909,2.115,0.2));
#1760 = LINE('',#1761,#1762);
#1761 = CARTESIAN_POINT('',(-3.95,2.115,0.2));
#1762 = VECTOR('',#1763,1.);
#1763 = DIRECTION('',(1.,0.,0.));
#1764 = ORIENTED_EDGE('',*,*,#1765,.T.);
#1765 = EDGE_CURVE('',#1758,#1766,#1768,.T.);
#1766 = VERTEX_POINT('',#1767);
#1767 = CARTESIAN_POINT('',(-3.391154104848,2.115,0.376471644504));
#1768 = CIRCLE('',#1769,0.25);
#1769 = AXIS2_PLACEMENT_3D('',#1770,#1771,#1772);
#1770 = CARTESIAN_POINT('',(-3.630096735909,2.115,0.45));
#1771 = DIRECTION('',(0.,-1.,2.22044604925E-16));
#1772 = DIRECTION('',(1.,0.,0.));
#1773 = ORIENTED_EDGE('',*,*,#1774,.T.);
#1774 = EDGE_CURVE('',#1766,#1775,#1777,.T.);
#1775 = VERTEX_POINT('',#1776);
#1776 = CARTESIAN_POINT('',(-3.220096735909,2.115,0.932351039892));
#1777 = LINE('',#1778,#1779);
#1778 = CARTESIAN_POINT('',(-3.391154104848,2.115,0.376471644504));
#1779 = VECTOR('',#1780,1.);
#1780 = DIRECTION('',(0.294113421982,2.122236884543E-16,0.955770524242)
  );
#1781 = ORIENTED_EDGE('',*,*,#1782,.F.);
#1782 = EDGE_CURVE('',#1700,#1775,#1783,.T.);
#1783 = CIRCLE('',#1784,0.45);
#1784 = AXIS2_PLACEMENT_3D('',#1785,#1786,#1787);
#1785 = CARTESIAN_POINT('',(-2.79,2.115,0.8));
#1786 = DIRECTION('',(0.,-1.,2.22044604925E-16));
#1787 = DIRECTION('',(1.,0.,0.));
#1788 = ORIENTED_EDGE('',*,*,#1699,.T.);
#1789 = ORIENTED_EDGE('',*,*,#1597,.F.);
#1790 = ORIENTED_EDGE('',*,*,#1791,.F.);
#1791 = EDGE_CURVE('',#1792,#1598,#1794,.T.);
#1792 = VERTEX_POINT('',#1793);
#1793 = CARTESIAN_POINT('',(-2.64,2.115,1.05));
#1794 = LINE('',#1795,#1796);
#1795 = CARTESIAN_POINT('',(-2.64,2.115,1.05));
#1796 = VECTOR('',#1797,1.);
#1797 = DIRECTION('',(1.,0.,0.));
#1798 = ORIENTED_EDGE('',*,*,#1799,.F.);
#1799 = EDGE_CURVE('',#1800,#1792,#1802,.T.);
#1800 = VERTEX_POINT('',#1801);
#1801 = CARTESIAN_POINT('',(-2.79,2.115,1.05));
#1802 = LINE('',#1803,#1804);
#1803 = CARTESIAN_POINT('',(-2.79,2.115,1.05));
#1804 = VECTOR('',#1805,1.);
#1805 = DIRECTION('',(1.,0.,0.));
#1806 = ORIENTED_EDGE('',*,*,#1807,.T.);
#1807 = EDGE_CURVE('',#1800,#1808,#1810,.T.);
#1808 = VERTEX_POINT('',#1809);
#1809 = CARTESIAN_POINT('',(-3.02894263106,2.115,0.873528355496));
#1810 = CIRCLE('',#1811,0.25);
#1811 = AXIS2_PLACEMENT_3D('',#1812,#1813,#1814);
#1812 = CARTESIAN_POINT('',(-2.79,2.115,0.8));
#1813 = DIRECTION('',(0.,-1.,2.22044604925E-16));
#1814 = DIRECTION('',(1.,0.,0.));
#1815 = ORIENTED_EDGE('',*,*,#1816,.F.);
#1816 = EDGE_CURVE('',#1733,#1808,#1817,.T.);
#1817 = LINE('',#1818,#1819);
#1818 = CARTESIAN_POINT('',(-3.2,2.115,0.317648960108));
#1819 = VECTOR('',#1820,1.);
#1820 = DIRECTION('',(0.294113421982,2.122236884543E-16,0.955770524242)
  );
#1821 = PLANE('',#1822);
#1822 = AXIS2_PLACEMENT_3D('',#1823,#1824,#1825);
#1823 = CARTESIAN_POINT('',(-2.136753485958,2.115,0.896556536409));
#1824 = DIRECTION('',(0.,1.,0.));
#1825 = DIRECTION('',(0.,0.,1.));
#1826 = ADVANCED_FACE('',(#1827),#1852,.T.);
#1827 = FACE_BOUND('',#1828,.T.);
#1828 = EDGE_LOOP('',(#1829,#1830,#1838,#1846));
#1829 = ORIENTED_EDGE('',*,*,#1614,.F.);
#1830 = ORIENTED_EDGE('',*,*,#1831,.T.);
#1831 = EDGE_CURVE('',#1607,#1832,#1834,.T.);
#1832 = VERTEX_POINT('',#1833);
#1833 = CARTESIAN_POINT('',(7.160938508832E-17,1.695,1.05));
#1834 = LINE('',#1835,#1836);
#1835 = CARTESIAN_POINT('',(4.229949723822E-16,2.115,1.05));
#1836 = VECTOR('',#1837,1.);
#1837 = DIRECTION('',(0.,-1.,2.22044604925E-16));
#1838 = ORIENTED_EDGE('',*,*,#1839,.F.);
#1839 = EDGE_CURVE('',#1840,#1832,#1842,.T.);
#1840 = VERTEX_POINT('',#1841);
#1841 = CARTESIAN_POINT('',(-5.E-02,1.695,1.05));
#1842 = LINE('',#1843,#1844);
#1843 = CARTESIAN_POINT('',(-2.64,1.695,1.05));
#1844 = VECTOR('',#1845,1.);
#1845 = DIRECTION('',(1.,0.,0.));
#1846 = ORIENTED_EDGE('',*,*,#1847,.F.);
#1847 = EDGE_CURVE('',#1598,#1840,#1848,.T.);
#1848 = LINE('',#1849,#1850);
#1849 = CARTESIAN_POINT('',(-5.E-02,2.115,1.05));
#1850 = VECTOR('',#1851,1.);
#1851 = DIRECTION('',(0.,-1.,2.22044604925E-16));
#1852 = PLANE('',#1853);
#1853 = AXIS2_PLACEMENT_3D('',#1854,#1855,#1856);
#1854 = CARTESIAN_POINT('',(5.E-02,2.115,1.05));
#1855 = DIRECTION('',(0.,-2.22044604925E-16,-1.));
#1856 = DIRECTION('',(-1.,0.,0.));
#1857 = ADVANCED_FACE('',(#1858),#1876,.T.);
#1858 = FACE_BOUND('',#1859,.T.);
#1859 = EDGE_LOOP('',(#1860,#1861,#1862,#1870));
#1860 = ORIENTED_EDGE('',*,*,#1606,.F.);
#1861 = ORIENTED_EDGE('',*,*,#1628,.T.);
#1862 = ORIENTED_EDGE('',*,*,#1863,.T.);
#1863 = EDGE_CURVE('',#1629,#1864,#1866,.T.);
#1864 = VERTEX_POINT('',#1865);
#1865 = CARTESIAN_POINT('',(5.E-02,2.115,1.05));
#1866 = LINE('',#1867,#1868);
#1867 = CARTESIAN_POINT('',(5.E-02,2.115,1.25));
#1868 = VECTOR('',#1869,1.);
#1869 = DIRECTION('',(0.,-2.22044604925E-16,-1.));
#1870 = ORIENTED_EDGE('',*,*,#1871,.T.);
#1871 = EDGE_CURVE('',#1864,#1607,#1872,.T.);
#1872 = LINE('',#1873,#1874);
#1873 = CARTESIAN_POINT('',(5.E-02,2.115,1.05));
#1874 = VECTOR('',#1875,1.);
#1875 = DIRECTION('',(-1.,0.,0.));
#1876 = PLANE('',#1877);
#1877 = AXIS2_PLACEMENT_3D('',#1878,#1879,#1880);
#1878 = CARTESIAN_POINT('',(0.,2.115,1.15));
#1879 = DIRECTION('',(0.,1.,0.));
#1880 = DIRECTION('',(0.,0.,1.));
#1881 = ADVANCED_FACE('',(#1882),#1907,.T.);
#1882 = FACE_BOUND('',#1883,.F.);
#1883 = EDGE_LOOP('',(#1884,#1892,#1900,#1906));
#1884 = ORIENTED_EDGE('',*,*,#1885,.F.);
#1885 = EDGE_CURVE('',#1886,#1629,#1888,.T.);
#1886 = VERTEX_POINT('',#1887);
#1887 = CARTESIAN_POINT('',(2.79,2.115,1.25));
#1888 = LINE('',#1889,#1890);
#1889 = CARTESIAN_POINT('',(2.79,2.115,1.25));
#1890 = VECTOR('',#1891,1.);
#1891 = DIRECTION('',(-1.,2.22044604925E-16,-2.22044604925E-16));
#1892 = ORIENTED_EDGE('',*,*,#1893,.T.);
#1893 = EDGE_CURVE('',#1886,#1894,#1896,.T.);
#1894 = VERTEX_POINT('',#1895);
#1895 = CARTESIAN_POINT('',(2.79,1.695,1.25));
#1896 = LINE('',#1897,#1898);
#1897 = CARTESIAN_POINT('',(2.79,2.115,1.25));
#1898 = VECTOR('',#1899,1.);
#1899 = DIRECTION('',(-2.22044604925E-16,-1.,2.22044604925E-16));
#1900 = ORIENTED_EDGE('',*,*,#1901,.T.);
#1901 = EDGE_CURVE('',#1894,#1638,#1902,.T.);
#1902 = LINE('',#1903,#1904);
#1903 = CARTESIAN_POINT('',(2.79,1.695,1.25));
#1904 = VECTOR('',#1905,1.);
#1905 = DIRECTION('',(-1.,2.22044604925E-16,-2.22044604925E-16));
#1906 = ORIENTED_EDGE('',*,*,#1645,.F.);
#1907 = PLANE('',#1908);
#1908 = AXIS2_PLACEMENT_3D('',#1909,#1910,#1911);
#1909 = CARTESIAN_POINT('',(2.79,2.115,1.25));
#1910 = DIRECTION('',(-2.22044604925E-16,2.22044604925E-16,1.));
#1911 = DIRECTION('',(1.,-2.22044604925E-16,2.22044604925E-16));
#1912 = ADVANCED_FACE('',(#1913),#1938,.T.);
#1913 = FACE_BOUND('',#1914,.T.);
#1914 = EDGE_LOOP('',(#1915,#1923,#1924,#1932));
#1915 = ORIENTED_EDGE('',*,*,#1916,.F.);
#1916 = EDGE_CURVE('',#1638,#1917,#1919,.T.);
#1917 = VERTEX_POINT('',#1918);
#1918 = CARTESIAN_POINT('',(5.E-02,1.695,1.05));
#1919 = LINE('',#1920,#1921);
#1920 = CARTESIAN_POINT('',(5.E-02,1.695,1.073278268204));
#1921 = VECTOR('',#1922,1.);
#1922 = DIRECTION('',(0.,0.,-1.));
#1923 = ORIENTED_EDGE('',*,*,#1684,.T.);
#1924 = ORIENTED_EDGE('',*,*,#1925,.T.);
#1925 = EDGE_CURVE('',#1677,#1926,#1928,.T.);
#1926 = VERTEX_POINT('',#1927);
#1927 = CARTESIAN_POINT('',(5.E-02,0.845,1.05));
#1928 = LINE('',#1929,#1930);
#1929 = CARTESIAN_POINT('',(5.E-02,0.845,1.073278268204));
#1930 = VECTOR('',#1931,1.);
#1931 = DIRECTION('',(0.,0.,-1.));
#1932 = ORIENTED_EDGE('',*,*,#1933,.F.);
#1933 = EDGE_CURVE('',#1917,#1926,#1934,.T.);
#1934 = LINE('',#1935,#1936);
#1935 = CARTESIAN_POINT('',(5.E-02,2.115,1.05));
#1936 = VECTOR('',#1937,1.);
#1937 = DIRECTION('',(0.,-1.,2.22044604925E-16));
#1938 = PLANE('',#1939);
#1939 = AXIS2_PLACEMENT_3D('',#1940,#1941,#1942);
#1940 = CARTESIAN_POINT('',(5.E-02,2.115,1.25));
#1941 = DIRECTION('',(1.,0.,0.));
#1942 = DIRECTION('',(0.,-2.22044604925E-16,-1.));
#1943 = ADVANCED_FACE('',(#1944),#1969,.T.);
#1944 = FACE_BOUND('',#1945,.T.);
#1945 = EDGE_LOOP('',(#1946,#1947,#1955,#1963));
#1946 = ORIENTED_EDGE('',*,*,#1676,.T.);
#1947 = ORIENTED_EDGE('',*,*,#1948,.T.);
#1948 = EDGE_CURVE('',#1669,#1949,#1951,.T.);
#1949 = VERTEX_POINT('',#1950);
#1950 = CARTESIAN_POINT('',(-9.159339953158E-17,0.425,1.25));
#1951 = LINE('',#1952,#1953);
#1952 = CARTESIAN_POINT('',(2.819966482548E-16,0.845,1.25));
#1953 = VECTOR('',#1954,1.);
#1954 = DIRECTION('',(0.,-1.,2.22044604925E-16));
#1955 = ORIENTED_EDGE('',*,*,#1956,.F.);
#1956 = EDGE_CURVE('',#1957,#1949,#1959,.T.);
#1957 = VERTEX_POINT('',#1958);
#1958 = CARTESIAN_POINT('',(5.E-02,0.425,1.25));
#1959 = LINE('',#1960,#1961);
#1960 = CARTESIAN_POINT('',(2.79,0.425,1.25));
#1961 = VECTOR('',#1962,1.);
#1962 = DIRECTION('',(-1.,2.22044604925E-16,-2.22044604925E-16));
#1963 = ORIENTED_EDGE('',*,*,#1964,.F.);
#1964 = EDGE_CURVE('',#1677,#1957,#1965,.T.);
#1965 = LINE('',#1966,#1967);
#1966 = CARTESIAN_POINT('',(5.E-02,2.115,1.25));
#1967 = VECTOR('',#1968,1.);
#1968 = DIRECTION('',(0.,-1.,2.22044604925E-16));
#1969 = PLANE('',#1970);
#1970 = AXIS2_PLACEMENT_3D('',#1971,#1972,#1973);
#1971 = CARTESIAN_POINT('',(-5.E-02,2.115,1.25));
#1972 = DIRECTION('',(0.,2.22044604925E-16,1.));
#1973 = DIRECTION('',(1.,0.,0.));
#1974 = ADVANCED_FACE('',(#1975),#1993,.T.);
#1975 = FACE_BOUND('',#1976,.T.);
#1976 = EDGE_LOOP('',(#1977,#1978,#1986,#1992));
#1977 = ORIENTED_EDGE('',*,*,#1668,.F.);
#1978 = ORIENTED_EDGE('',*,*,#1979,.T.);
#1979 = EDGE_CURVE('',#1661,#1980,#1982,.T.);
#1980 = VERTEX_POINT('',#1981);
#1981 = CARTESIAN_POINT('',(-5.E-02,0.425,1.25));
#1982 = LINE('',#1983,#1984);
#1983 = CARTESIAN_POINT('',(-5.E-02,2.115,1.25));
#1984 = VECTOR('',#1985,1.);
#1985 = DIRECTION('',(0.,-1.,2.22044604925E-16));
#1986 = ORIENTED_EDGE('',*,*,#1987,.T.);
#1987 = EDGE_CURVE('',#1980,#1949,#1988,.T.);
#1988 = LINE('',#1989,#1990);
#1989 = CARTESIAN_POINT('',(-2.79,0.425,1.25));
#1990 = VECTOR('',#1991,1.);
#1991 = DIRECTION('',(1.,0.,0.));
#1992 = ORIENTED_EDGE('',*,*,#1948,.F.);
#1993 = PLANE('',#1994);
#1994 = AXIS2_PLACEMENT_3D('',#1995,#1996,#1997);
#1995 = CARTESIAN_POINT('',(-5.E-02,2.115,1.25));
#1996 = DIRECTION('',(0.,2.22044604925E-16,1.));
#1997 = DIRECTION('',(1.,0.,0.));
#1998 = ADVANCED_FACE('',(#1999),#2022,.T.);
#1999 = FACE_BOUND('',#2000,.T.);
#2000 = EDGE_LOOP('',(#2001,#2007,#2015,#2021));
#2001 = ORIENTED_EDGE('',*,*,#2002,.T.);
#2002 = EDGE_CURVE('',#1568,#1840,#2003,.T.);
#2003 = LINE('',#2004,#2005);
#2004 = CARTESIAN_POINT('',(-5.E-02,1.695,0.973278268204));
#2005 = VECTOR('',#2006,1.);
#2006 = DIRECTION('',(0.,0.,-1.));
#2007 = ORIENTED_EDGE('',*,*,#2008,.T.);
#2008 = EDGE_CURVE('',#1840,#2009,#2011,.T.);
#2009 = VERTEX_POINT('',#2010);
#2010 = CARTESIAN_POINT('',(-5.E-02,0.845,1.05));
#2011 = LINE('',#2012,#2013);
#2012 = CARTESIAN_POINT('',(-5.E-02,2.115,1.05));
#2013 = VECTOR('',#2014,1.);
#2014 = DIRECTION('',(0.,-1.,2.22044604925E-16));
#2015 = ORIENTED_EDGE('',*,*,#2016,.F.);
#2016 = EDGE_CURVE('',#1661,#2009,#2017,.T.);
#2017 = LINE('',#2018,#2019);
#2018 = CARTESIAN_POINT('',(-5.E-02,0.845,0.973278268204));
#2019 = VECTOR('',#2020,1.);
#2020 = DIRECTION('',(0.,0.,-1.));
#2021 = ORIENTED_EDGE('',*,*,#1660,.F.);
#2022 = PLANE('',#2023);
#2023 = AXIS2_PLACEMENT_3D('',#2024,#2025,#2026);
#2024 = CARTESIAN_POINT('',(-5.E-02,2.115,1.05));
#2025 = DIRECTION('',(-1.,0.,0.));
#2026 = DIRECTION('',(0.,2.22044604925E-16,1.));
#2027 = ADVANCED_FACE('',(#2028),#2122,.F.);
#2028 = FACE_BOUND('',#2029,.F.);
#2029 = EDGE_LOOP('',(#2030,#2041,#2049,#2057,#2065,#2074,#2082,#2089,
    #2090,#2091,#2099,#2107,#2116));
#2030 = ORIENTED_EDGE('',*,*,#2031,.F.);
#2031 = EDGE_CURVE('',#2032,#2034,#2036,.T.);
#2032 = VERTEX_POINT('',#2033);
#2033 = CARTESIAN_POINT('',(-3.630096735909,1.695,4.662935379937E-17));
#2034 = VERTEX_POINT('',#2035);
#2035 = CARTESIAN_POINT('',(-3.2,1.695,0.317648960108));
#2036 = CIRCLE('',#2037,0.45);
#2037 = AXIS2_PLACEMENT_3D('',#2038,#2039,#2040);
#2038 = CARTESIAN_POINT('',(-3.630096735909,1.695,0.45));
#2039 = DIRECTION('',(0.,-1.,2.22044604925E-16));
#2040 = DIRECTION('',(1.,0.,0.));
#2041 = ORIENTED_EDGE('',*,*,#2042,.T.);
#2042 = EDGE_CURVE('',#2032,#2043,#2045,.T.);
#2043 = VERTEX_POINT('',#2044);
#2044 = CARTESIAN_POINT('',(-3.95,1.695,4.662934960548E-17));
#2045 = LINE('',#2046,#2047);
#2046 = CARTESIAN_POINT('',(-3.630096735909,1.695,2.22044604925E-16));
#2047 = VECTOR('',#2048,1.);
#2048 = DIRECTION('',(-1.,0.,0.));
#2049 = ORIENTED_EDGE('',*,*,#2050,.T.);
#2050 = EDGE_CURVE('',#2043,#2051,#2053,.T.);
#2051 = VERTEX_POINT('',#2052);
#2052 = CARTESIAN_POINT('',(-3.95,1.695,0.2));
#2053 = LINE('',#2054,#2055);
#2054 = CARTESIAN_POINT('',(-3.95,1.695,2.22044604925E-16));
#2055 = VECTOR('',#2056,1.);
#2056 = DIRECTION('',(0.,2.22044604925E-16,1.));
#2057 = ORIENTED_EDGE('',*,*,#2058,.T.);
#2058 = EDGE_CURVE('',#2051,#2059,#2061,.T.);
#2059 = VERTEX_POINT('',#2060);
#2060 = CARTESIAN_POINT('',(-3.630096735909,1.695,0.2));
#2061 = LINE('',#2062,#2063);
#2062 = CARTESIAN_POINT('',(-3.95,1.695,0.2));
#2063 = VECTOR('',#2064,1.);
#2064 = DIRECTION('',(1.,0.,0.));
#2065 = ORIENTED_EDGE('',*,*,#2066,.T.);
#2066 = EDGE_CURVE('',#2059,#2067,#2069,.T.);
#2067 = VERTEX_POINT('',#2068);
#2068 = CARTESIAN_POINT('',(-3.391154104848,1.695,0.376471644504));
#2069 = CIRCLE('',#2070,0.25);
#2070 = AXIS2_PLACEMENT_3D('',#2071,#2072,#2073);
#2071 = CARTESIAN_POINT('',(-3.630096735909,1.695,0.45));
#2072 = DIRECTION('',(0.,-1.,2.22044604925E-16));
#2073 = DIRECTION('',(1.,0.,0.));
#2074 = ORIENTED_EDGE('',*,*,#2075,.T.);
#2075 = EDGE_CURVE('',#2067,#2076,#2078,.T.);
#2076 = VERTEX_POINT('',#2077);
#2077 = CARTESIAN_POINT('',(-3.220096735909,1.695,0.932351039892));
#2078 = LINE('',#2079,#2080);
#2079 = CARTESIAN_POINT('',(-3.391154104848,1.695,0.376471644504));
#2080 = VECTOR('',#2081,1.);
#2081 = DIRECTION('',(0.294113421982,2.122236884543E-16,0.955770524242)
  );
#2082 = ORIENTED_EDGE('',*,*,#2083,.F.);
#2083 = EDGE_CURVE('',#1708,#2076,#2084,.T.);
#2084 = CIRCLE('',#2085,0.45);
#2085 = AXIS2_PLACEMENT_3D('',#2086,#2087,#2088);
#2086 = CARTESIAN_POINT('',(-2.79,1.695,0.8));
#2087 = DIRECTION('',(0.,-1.,2.22044604925E-16));
#2088 = DIRECTION('',(1.,0.,0.));
#2089 = ORIENTED_EDGE('',*,*,#1715,.T.);
#2090 = ORIENTED_EDGE('',*,*,#2002,.T.);
#2091 = ORIENTED_EDGE('',*,*,#2092,.F.);
#2092 = EDGE_CURVE('',#2093,#1840,#2095,.T.);
#2093 = VERTEX_POINT('',#2094);
#2094 = CARTESIAN_POINT('',(-2.64,1.695,1.05));
#2095 = LINE('',#2096,#2097);
#2096 = CARTESIAN_POINT('',(-2.64,1.695,1.05));
#2097 = VECTOR('',#2098,1.);
#2098 = DIRECTION('',(1.,0.,0.));
#2099 = ORIENTED_EDGE('',*,*,#2100,.F.);
#2100 = EDGE_CURVE('',#2101,#2093,#2103,.T.);
#2101 = VERTEX_POINT('',#2102);
#2102 = CARTESIAN_POINT('',(-2.79,1.695,1.05));
#2103 = LINE('',#2104,#2105);
#2104 = CARTESIAN_POINT('',(-2.79,1.695,1.05));
#2105 = VECTOR('',#2106,1.);
#2106 = DIRECTION('',(1.,0.,0.));
#2107 = ORIENTED_EDGE('',*,*,#2108,.T.);
#2108 = EDGE_CURVE('',#2101,#2109,#2111,.T.);
#2109 = VERTEX_POINT('',#2110);
#2110 = CARTESIAN_POINT('',(-3.02894263106,1.695,0.873528355496));
#2111 = CIRCLE('',#2112,0.25);
#2112 = AXIS2_PLACEMENT_3D('',#2113,#2114,#2115);
#2113 = CARTESIAN_POINT('',(-2.79,1.695,0.8));
#2114 = DIRECTION('',(0.,-1.,2.22044604925E-16));
#2115 = DIRECTION('',(1.,0.,0.));
#2116 = ORIENTED_EDGE('',*,*,#2117,.F.);
#2117 = EDGE_CURVE('',#2034,#2109,#2118,.T.);
#2118 = LINE('',#2119,#2120);
#2119 = CARTESIAN_POINT('',(-3.2,1.695,0.317648960108));
#2120 = VECTOR('',#2121,1.);
#2121 = DIRECTION('',(0.294113421982,2.122236884543E-16,0.955770524242)
  );
#2122 = PLANE('',#2123);
#2123 = AXIS2_PLACEMENT_3D('',#2124,#2125,#2126);
#2124 = CARTESIAN_POINT('',(-2.136753485958,1.695,0.896556536409));
#2125 = DIRECTION('',(0.,1.,0.));
#2126 = DIRECTION('',(0.,0.,1.));
#2127 = ADVANCED_FACE('',(#2128),#2139,.T.);
#2128 = FACE_BOUND('',#2129,.F.);
#2129 = EDGE_LOOP('',(#2130,#2131,#2132,#2138));
#2130 = ORIENTED_EDGE('',*,*,#1707,.T.);
#2131 = ORIENTED_EDGE('',*,*,#2083,.T.);
#2132 = ORIENTED_EDGE('',*,*,#2133,.F.);
#2133 = EDGE_CURVE('',#1775,#2076,#2134,.T.);
#2134 = LINE('',#2135,#2136);
#2135 = CARTESIAN_POINT('',(-3.220096735909,2.115,0.932351039892));
#2136 = VECTOR('',#2137,1.);
#2137 = DIRECTION('',(0.,-1.,2.22044604925E-16));
#2138 = ORIENTED_EDGE('',*,*,#1782,.F.);
#2139 = CYLINDRICAL_SURFACE('',#2140,0.45);
#2140 = AXIS2_PLACEMENT_3D('',#2141,#2142,#2143);
#2141 = CARTESIAN_POINT('',(-2.79,2.115,0.8));
#2142 = DIRECTION('',(0.,1.,-2.22044604925E-16));
#2143 = DIRECTION('',(1.,0.,0.));
#2144 = ADVANCED_FACE('',(#2145),#2161,.T.);
#2145 = FACE_BOUND('',#2146,.F.);
#2146 = EDGE_LOOP('',(#2147,#2153,#2154,#2160));
#2147 = ORIENTED_EDGE('',*,*,#2148,.T.);
#2148 = EDGE_CURVE('',#1731,#2032,#2149,.T.);
#2149 = LINE('',#2150,#2151);
#2150 = CARTESIAN_POINT('',(-3.630096735909,2.115,0.));
#2151 = VECTOR('',#2152,1.);
#2152 = DIRECTION('',(0.,-1.,2.22044604925E-16));
#2153 = ORIENTED_EDGE('',*,*,#2031,.T.);
#2154 = ORIENTED_EDGE('',*,*,#2155,.F.);
#2155 = EDGE_CURVE('',#1733,#2034,#2156,.T.);
#2156 = LINE('',#2157,#2158);
#2157 = CARTESIAN_POINT('',(-3.2,2.115,0.317648960108));
#2158 = VECTOR('',#2159,1.);
#2159 = DIRECTION('',(0.,-1.,2.22044604925E-16));
#2160 = ORIENTED_EDGE('',*,*,#1730,.F.);
#2161 = CYLINDRICAL_SURFACE('',#2162,0.45);
#2162 = AXIS2_PLACEMENT_3D('',#2163,#2164,#2165);
#2163 = CARTESIAN_POINT('',(-3.630096735909,2.115,0.45));
#2164 = DIRECTION('',(0.,1.,-2.22044604925E-16));
#2165 = DIRECTION('',(1.,0.,0.));
#2166 = ADVANCED_FACE('',(#2167),#2178,.F.);
#2167 = FACE_BOUND('',#2168,.F.);
#2168 = EDGE_LOOP('',(#2169,#2170,#2171,#2177));
#2169 = ORIENTED_EDGE('',*,*,#2155,.T.);
#2170 = ORIENTED_EDGE('',*,*,#2117,.T.);
#2171 = ORIENTED_EDGE('',*,*,#2172,.F.);
#2172 = EDGE_CURVE('',#1808,#2109,#2173,.T.);
#2173 = LINE('',#2174,#2175);
#2174 = CARTESIAN_POINT('',(-3.02894263106,2.115,0.873528355496));
#2175 = VECTOR('',#2176,1.);
#2176 = DIRECTION('',(0.,-1.,2.22044604925E-16));
#2177 = ORIENTED_EDGE('',*,*,#1816,.F.);
#2178 = PLANE('',#2179);
#2179 = AXIS2_PLACEMENT_3D('',#2180,#2181,#2182);
#2180 = CARTESIAN_POINT('',(-3.2,2.115,0.317648960108));
#2181 = DIRECTION('',(-0.955770524242,6.530629858713E-17,0.294113421982)
  );
#2182 = DIRECTION('',(0.294113421982,2.122236884543E-16,0.955770524242)
  );
#2183 = ADVANCED_FACE('',(#2184),#2195,.F.);
#2184 = FACE_BOUND('',#2185,.T.);
#2185 = EDGE_LOOP('',(#2186,#2192,#2193,#2194));
#2186 = ORIENTED_EDGE('',*,*,#2187,.T.);
#2187 = EDGE_CURVE('',#1800,#2101,#2188,.T.);
#2188 = LINE('',#2189,#2190);
#2189 = CARTESIAN_POINT('',(-2.79,2.115,1.05));
#2190 = VECTOR('',#2191,1.);
#2191 = DIRECTION('',(0.,-1.,2.22044604925E-16));
#2192 = ORIENTED_EDGE('',*,*,#2108,.T.);
#2193 = ORIENTED_EDGE('',*,*,#2172,.F.);
#2194 = ORIENTED_EDGE('',*,*,#1807,.F.);
#2195 = CYLINDRICAL_SURFACE('',#2196,0.25);
#2196 = AXIS2_PLACEMENT_3D('',#2197,#2198,#2199);
#2197 = CARTESIAN_POINT('',(-2.79,2.115,0.8));
#2198 = DIRECTION('',(0.,1.,-2.22044604925E-16));
#2199 = DIRECTION('',(1.,0.,0.));
#2200 = ADVANCED_FACE('',(#2201),#2212,.F.);
#2201 = FACE_BOUND('',#2202,.F.);
#2202 = EDGE_LOOP('',(#2203,#2204,#2205,#2211));
#2203 = ORIENTED_EDGE('',*,*,#2187,.T.);
#2204 = ORIENTED_EDGE('',*,*,#2100,.T.);
#2205 = ORIENTED_EDGE('',*,*,#2206,.F.);
#2206 = EDGE_CURVE('',#1792,#2093,#2207,.T.);
#2207 = LINE('',#2208,#2209);
#2208 = CARTESIAN_POINT('',(-2.64,2.115,1.05));
#2209 = VECTOR('',#2210,1.);
#2210 = DIRECTION('',(0.,-1.,2.22044604925E-16));
#2211 = ORIENTED_EDGE('',*,*,#1799,.F.);
#2212 = PLANE('',#2213);
#2213 = AXIS2_PLACEMENT_3D('',#2214,#2215,#2216);
#2214 = CARTESIAN_POINT('',(-2.79,2.115,1.05));
#2215 = DIRECTION('',(0.,2.22044604925E-16,1.));
#2216 = DIRECTION('',(1.,0.,0.));
#2217 = ADVANCED_FACE('',(#2218),#2224,.F.);
#2218 = FACE_BOUND('',#2219,.F.);
#2219 = EDGE_LOOP('',(#2220,#2221,#2222,#2223));
#2220 = ORIENTED_EDGE('',*,*,#1791,.F.);
#2221 = ORIENTED_EDGE('',*,*,#2206,.T.);
#2222 = ORIENTED_EDGE('',*,*,#2092,.T.);
#2223 = ORIENTED_EDGE('',*,*,#1847,.F.);
#2224 = PLANE('',#2225);
#2225 = AXIS2_PLACEMENT_3D('',#2226,#2227,#2228);
#2226 = CARTESIAN_POINT('',(-2.64,2.115,1.05));
#2227 = DIRECTION('',(0.,2.22044604925E-16,1.));
#2228 = DIRECTION('',(1.,0.,0.));
#2229 = ADVANCED_FACE('',(#2230),#2241,.T.);
#2230 = FACE_BOUND('',#2231,.T.);
#2231 = EDGE_LOOP('',(#2232,#2238,#2239,#2240));
#2232 = ORIENTED_EDGE('',*,*,#2233,.T.);
#2233 = EDGE_CURVE('',#1766,#2067,#2234,.T.);
#2234 = LINE('',#2235,#2236);
#2235 = CARTESIAN_POINT('',(-3.391154104848,2.115,0.376471644504));
#2236 = VECTOR('',#2237,1.);
#2237 = DIRECTION('',(0.,-1.,2.22044604925E-16));
#2238 = ORIENTED_EDGE('',*,*,#2075,.T.);
#2239 = ORIENTED_EDGE('',*,*,#2133,.F.);
#2240 = ORIENTED_EDGE('',*,*,#1774,.F.);
#2241 = PLANE('',#2242);
#2242 = AXIS2_PLACEMENT_3D('',#2243,#2244,#2245);
#2243 = CARTESIAN_POINT('',(-3.391154104848,2.115,0.376471644504));
#2244 = DIRECTION('',(-0.955770524242,6.530629858712E-17,0.294113421982)
  );
#2245 = DIRECTION('',(0.294113421982,2.122236884543E-16,0.955770524242)
  );
#2246 = ADVANCED_FACE('',(#2247),#2258,.F.);
#2247 = FACE_BOUND('',#2248,.T.);
#2248 = EDGE_LOOP('',(#2249,#2255,#2256,#2257));
#2249 = ORIENTED_EDGE('',*,*,#2250,.T.);
#2250 = EDGE_CURVE('',#1758,#2059,#2251,.T.);
#2251 = LINE('',#2252,#2253);
#2252 = CARTESIAN_POINT('',(-3.630096735909,2.115,0.2));
#2253 = VECTOR('',#2254,1.);
#2254 = DIRECTION('',(0.,-1.,2.22044604925E-16));
#2255 = ORIENTED_EDGE('',*,*,#2066,.T.);
#2256 = ORIENTED_EDGE('',*,*,#2233,.F.);
#2257 = ORIENTED_EDGE('',*,*,#1765,.F.);
#2258 = CYLINDRICAL_SURFACE('',#2259,0.25);
#2259 = AXIS2_PLACEMENT_3D('',#2260,#2261,#2262);
#2260 = CARTESIAN_POINT('',(-3.630096735909,2.115,0.45));
#2261 = DIRECTION('',(0.,1.,-2.22044604925E-16));
#2262 = DIRECTION('',(1.,0.,0.));
#2263 = ADVANCED_FACE('',(#2264),#2275,.T.);
#2264 = FACE_BOUND('',#2265,.T.);
#2265 = EDGE_LOOP('',(#2266,#2272,#2273,#2274));
#2266 = ORIENTED_EDGE('',*,*,#2267,.T.);
#2267 = EDGE_CURVE('',#1750,#2051,#2268,.T.);
#2268 = LINE('',#2269,#2270);
#2269 = CARTESIAN_POINT('',(-3.95,2.115,0.2));
#2270 = VECTOR('',#2271,1.);
#2271 = DIRECTION('',(0.,-1.,2.22044604925E-16));
#2272 = ORIENTED_EDGE('',*,*,#2058,.T.);
#2273 = ORIENTED_EDGE('',*,*,#2250,.F.);
#2274 = ORIENTED_EDGE('',*,*,#1757,.F.);
#2275 = PLANE('',#2276);
#2276 = AXIS2_PLACEMENT_3D('',#2277,#2278,#2279);
#2277 = CARTESIAN_POINT('',(-3.95,2.115,0.2));
#2278 = DIRECTION('',(0.,2.22044604925E-16,1.));
#2279 = DIRECTION('',(1.,0.,0.));
#2280 = ADVANCED_FACE('',(#2281),#2292,.T.);
#2281 = FACE_BOUND('',#2282,.T.);
#2282 = EDGE_LOOP('',(#2283,#2289,#2290,#2291));
#2283 = ORIENTED_EDGE('',*,*,#2284,.T.);
#2284 = EDGE_CURVE('',#1742,#2043,#2285,.T.);
#2285 = LINE('',#2286,#2287);
#2286 = CARTESIAN_POINT('',(-3.95,2.115,0.));
#2287 = VECTOR('',#2288,1.);
#2288 = DIRECTION('',(0.,-1.,2.22044604925E-16));
#2289 = ORIENTED_EDGE('',*,*,#2050,.T.);
#2290 = ORIENTED_EDGE('',*,*,#2267,.F.);
#2291 = ORIENTED_EDGE('',*,*,#1749,.F.);
#2292 = PLANE('',#2293);
#2293 = AXIS2_PLACEMENT_3D('',#2294,#2295,#2296);
#2294 = CARTESIAN_POINT('',(-3.95,2.115,0.));
#2295 = DIRECTION('',(-1.,0.,0.));
#2296 = DIRECTION('',(0.,2.22044604925E-16,1.));
#2297 = ADVANCED_FACE('',(#2298),#2304,.T.);
#2298 = FACE_BOUND('',#2299,.T.);
#2299 = EDGE_LOOP('',(#2300,#2301,#2302,#2303));
#2300 = ORIENTED_EDGE('',*,*,#2148,.T.);
#2301 = ORIENTED_EDGE('',*,*,#2042,.T.);
#2302 = ORIENTED_EDGE('',*,*,#2284,.F.);
#2303 = ORIENTED_EDGE('',*,*,#1741,.F.);
#2304 = PLANE('',#2305);
#2305 = AXIS2_PLACEMENT_3D('',#2306,#2307,#2308);
#2306 = CARTESIAN_POINT('',(-3.630096735909,2.115,0.));
#2307 = DIRECTION('',(0.,-2.22044604925E-16,-1.));
#2308 = DIRECTION('',(-1.,0.,0.));
#2309 = ADVANCED_FACE('',(#2310),#2335,.T.);
#2310 = FACE_BOUND('',#2311,.T.);
#2311 = EDGE_LOOP('',(#2312,#2318,#2319,#2327,#2333,#2334));
#2312 = ORIENTED_EDGE('',*,*,#2313,.F.);
#2313 = EDGE_CURVE('',#1917,#1832,#2314,.T.);
#2314 = LINE('',#2315,#2316);
#2315 = CARTESIAN_POINT('',(2.64,1.695,1.05));
#2316 = VECTOR('',#2317,1.);
#2317 = DIRECTION('',(-1.,2.22044604925E-16,-2.22044604925E-16));
#2318 = ORIENTED_EDGE('',*,*,#1933,.T.);
#2319 = ORIENTED_EDGE('',*,*,#2320,.T.);
#2320 = EDGE_CURVE('',#1926,#2321,#2323,.T.);
#2321 = VERTEX_POINT('',#2322);
#2322 = CARTESIAN_POINT('',(-2.275957200482E-17,0.845,1.05));
#2323 = LINE('',#2324,#2325);
#2324 = CARTESIAN_POINT('',(2.64,0.845,1.05));
#2325 = VECTOR('',#2326,1.);
#2326 = DIRECTION('',(-1.,2.22044604925E-16,-2.22044604925E-16));
#2327 = ORIENTED_EDGE('',*,*,#2328,.F.);
#2328 = EDGE_CURVE('',#2009,#2321,#2329,.T.);
#2329 = LINE('',#2330,#2331);
#2330 = CARTESIAN_POINT('',(-2.64,0.845,1.05));
#2331 = VECTOR('',#2332,1.);
#2332 = DIRECTION('',(1.,0.,0.));
#2333 = ORIENTED_EDGE('',*,*,#2008,.F.);
#2334 = ORIENTED_EDGE('',*,*,#1839,.T.);
#2335 = PLANE('',#2336);
#2336 = AXIS2_PLACEMENT_3D('',#2337,#2338,#2339);
#2337 = CARTESIAN_POINT('',(5.E-02,2.115,1.05));
#2338 = DIRECTION('',(0.,-2.22044604925E-16,-1.));
#2339 = DIRECTION('',(-1.,0.,0.));
#2340 = ADVANCED_FACE('',(#2341),#2352,.T.);
#2341 = FACE_BOUND('',#2342,.T.);
#2342 = EDGE_LOOP('',(#2343,#2344,#2350,#2351));
#2343 = ORIENTED_EDGE('',*,*,#1871,.F.);
#2344 = ORIENTED_EDGE('',*,*,#2345,.T.);
#2345 = EDGE_CURVE('',#1864,#1917,#2346,.T.);
#2346 = LINE('',#2347,#2348);
#2347 = CARTESIAN_POINT('',(5.E-02,2.115,1.05));
#2348 = VECTOR('',#2349,1.);
#2349 = DIRECTION('',(0.,-1.,2.22044604925E-16));
#2350 = ORIENTED_EDGE('',*,*,#2313,.T.);
#2351 = ORIENTED_EDGE('',*,*,#1831,.F.);
#2352 = PLANE('',#2353);
#2353 = AXIS2_PLACEMENT_3D('',#2354,#2355,#2356);
#2354 = CARTESIAN_POINT('',(5.E-02,2.115,1.05));
#2355 = DIRECTION('',(0.,-2.22044604925E-16,-1.));
#2356 = DIRECTION('',(-1.,0.,0.));
#2357 = ADVANCED_FACE('',(#2358),#2452,.T.);
#2358 = FACE_BOUND('',#2359,.F.);
#2359 = EDGE_LOOP('',(#2360,#2371,#2379,#2387,#2395,#2404,#2412,#2419,
    #2420,#2421,#2429,#2437,#2446));
#2360 = ORIENTED_EDGE('',*,*,#2361,.F.);
#2361 = EDGE_CURVE('',#2362,#2364,#2366,.T.);
#2362 = VERTEX_POINT('',#2363);
#2363 = CARTESIAN_POINT('',(3.630096735909,2.115,7.594140152954E-16));
#2364 = VERTEX_POINT('',#2365);
#2365 = CARTESIAN_POINT('',(3.2,2.115,0.317648960108));
#2366 = CIRCLE('',#2367,0.45);
#2367 = AXIS2_PLACEMENT_3D('',#2368,#2369,#2370);
#2368 = CARTESIAN_POINT('',(3.630096735909,2.115,0.45));
#2369 = DIRECTION('',(2.22044604925E-16,1.,-2.22044604925E-16));
#2370 = DIRECTION('',(-1.,2.22044604925E-16,-2.22044604925E-16));
#2371 = ORIENTED_EDGE('',*,*,#2372,.T.);
#2372 = EDGE_CURVE('',#2362,#2373,#2375,.T.);
#2373 = VERTEX_POINT('',#2374);
#2374 = CARTESIAN_POINT('',(3.95,2.115,8.304468049908E-16));
#2375 = LINE('',#2376,#2377);
#2376 = CARTESIAN_POINT('',(3.630096735909,2.115,6.661338147751E-16));
#2377 = VECTOR('',#2378,1.);
#2378 = DIRECTION('',(1.,-2.22044604925E-16,2.22044604925E-16));
#2379 = ORIENTED_EDGE('',*,*,#2380,.T.);
#2380 = EDGE_CURVE('',#2373,#2381,#2383,.T.);
#2381 = VERTEX_POINT('',#2382);
#2382 = CARTESIAN_POINT('',(3.95,2.115,0.2));
#2383 = LINE('',#2384,#2385);
#2384 = CARTESIAN_POINT('',(3.95,2.115,8.881784197001E-16));
#2385 = VECTOR('',#2386,1.);
#2386 = DIRECTION('',(-2.22044604925E-16,2.22044604925E-16,1.));
#2387 = ORIENTED_EDGE('',*,*,#2388,.T.);
#2388 = EDGE_CURVE('',#2381,#2389,#2391,.T.);
#2389 = VERTEX_POINT('',#2390);
#2390 = CARTESIAN_POINT('',(3.630096735909,2.115,0.2));
#2391 = LINE('',#2392,#2393);
#2392 = CARTESIAN_POINT('',(3.95,2.115,0.2));
#2393 = VECTOR('',#2394,1.);
#2394 = DIRECTION('',(-1.,2.22044604925E-16,-2.22044604925E-16));
#2395 = ORIENTED_EDGE('',*,*,#2396,.T.);
#2396 = EDGE_CURVE('',#2389,#2397,#2399,.T.);
#2397 = VERTEX_POINT('',#2398);
#2398 = CARTESIAN_POINT('',(3.391154104848,2.115,0.376471644504));
#2399 = CIRCLE('',#2400,0.25);
#2400 = AXIS2_PLACEMENT_3D('',#2401,#2402,#2403);
#2401 = CARTESIAN_POINT('',(3.630096735909,2.115,0.45));
#2402 = DIRECTION('',(2.22044604925E-16,1.,-2.22044604925E-16));
#2403 = DIRECTION('',(-1.,2.22044604925E-16,-2.22044604925E-16));
#2404 = ORIENTED_EDGE('',*,*,#2405,.T.);
#2405 = EDGE_CURVE('',#2397,#2406,#2408,.T.);
#2406 = VERTEX_POINT('',#2407);
#2407 = CARTESIAN_POINT('',(3.220096735909,2.115,0.932351039892));
#2408 = LINE('',#2409,#2410);
#2409 = CARTESIAN_POINT('',(3.391154104848,2.115,0.376471644504));
#2410 = VECTOR('',#2411,1.);
#2411 = DIRECTION('',(-0.294113421982,2.775299870415E-16,0.955770524242)
  );
#2412 = ORIENTED_EDGE('',*,*,#2413,.F.);
#2413 = EDGE_CURVE('',#1886,#2406,#2414,.T.);
#2414 = CIRCLE('',#2415,0.45);
#2415 = AXIS2_PLACEMENT_3D('',#2416,#2417,#2418);
#2416 = CARTESIAN_POINT('',(2.79,2.115,0.8));
#2417 = DIRECTION('',(2.22044604925E-16,1.,-2.22044604925E-16));
#2418 = DIRECTION('',(-1.,2.22044604925E-16,-2.22044604925E-16));
#2419 = ORIENTED_EDGE('',*,*,#1885,.T.);
#2420 = ORIENTED_EDGE('',*,*,#1863,.T.);
#2421 = ORIENTED_EDGE('',*,*,#2422,.F.);
#2422 = EDGE_CURVE('',#2423,#1864,#2425,.T.);
#2423 = VERTEX_POINT('',#2424);
#2424 = CARTESIAN_POINT('',(2.64,2.115,1.05));
#2425 = LINE('',#2426,#2427);
#2426 = CARTESIAN_POINT('',(2.64,2.115,1.05));
#2427 = VECTOR('',#2428,1.);
#2428 = DIRECTION('',(-1.,2.22044604925E-16,-2.22044604925E-16));
#2429 = ORIENTED_EDGE('',*,*,#2430,.F.);
#2430 = EDGE_CURVE('',#2431,#2423,#2433,.T.);
#2431 = VERTEX_POINT('',#2432);
#2432 = CARTESIAN_POINT('',(2.79,2.115,1.05));
#2433 = LINE('',#2434,#2435);
#2434 = CARTESIAN_POINT('',(2.79,2.115,1.05));
#2435 = VECTOR('',#2436,1.);
#2436 = DIRECTION('',(-1.,2.22044604925E-16,-2.22044604925E-16));
#2437 = ORIENTED_EDGE('',*,*,#2438,.T.);
#2438 = EDGE_CURVE('',#2431,#2439,#2441,.T.);
#2439 = VERTEX_POINT('',#2440);
#2440 = CARTESIAN_POINT('',(3.02894263106,2.115,0.873528355496));
#2441 = CIRCLE('',#2442,0.25);
#2442 = AXIS2_PLACEMENT_3D('',#2443,#2444,#2445);
#2443 = CARTESIAN_POINT('',(2.79,2.115,0.8));
#2444 = DIRECTION('',(2.22044604925E-16,1.,-2.22044604925E-16));
#2445 = DIRECTION('',(-1.,2.22044604925E-16,-2.22044604925E-16));
#2446 = ORIENTED_EDGE('',*,*,#2447,.F.);
#2447 = EDGE_CURVE('',#2364,#2439,#2448,.T.);
#2448 = LINE('',#2449,#2450);
#2449 = CARTESIAN_POINT('',(3.2,2.115,0.317648960108));
#2450 = VECTOR('',#2451,1.);
#2451 = DIRECTION('',(-0.294113421982,2.775299870415E-16,0.955770524242)
  );
#2452 = PLANE('',#2453);
#2453 = AXIS2_PLACEMENT_3D('',#2454,#2455,#2456);
#2454 = CARTESIAN_POINT('',(2.136753485958,2.115,0.896556536409));
#2455 = DIRECTION('',(2.22044604925E-16,1.,0.));
#2456 = DIRECTION('',(2.22044604925E-16,-2.465190328816E-32,-1.));
#2457 = ADVANCED_FACE('',(#2458),#2552,.F.);
#2458 = FACE_BOUND('',#2459,.T.);
#2459 = EDGE_LOOP('',(#2460,#2471,#2479,#2487,#2495,#2504,#2512,#2519,
    #2520,#2521,#2529,#2537,#2546));
#2460 = ORIENTED_EDGE('',*,*,#2461,.F.);
#2461 = EDGE_CURVE('',#2462,#2464,#2466,.T.);
#2462 = VERTEX_POINT('',#2463);
#2463 = CARTESIAN_POINT('',(3.630096735909,1.695,8.526727493639E-16));
#2464 = VERTEX_POINT('',#2465);
#2465 = CARTESIAN_POINT('',(3.2,1.695,0.317648960108));
#2466 = CIRCLE('',#2467,0.45);
#2467 = AXIS2_PLACEMENT_3D('',#2468,#2469,#2470);
#2468 = CARTESIAN_POINT('',(3.630096735909,1.695,0.45));
#2469 = DIRECTION('',(2.22044604925E-16,1.,-2.22044604925E-16));
#2470 = DIRECTION('',(-1.,2.22044604925E-16,-2.22044604925E-16));
#2471 = ORIENTED_EDGE('',*,*,#2472,.T.);
#2472 = EDGE_CURVE('',#2462,#2473,#2475,.T.);
#2473 = VERTEX_POINT('',#2474);
#2474 = CARTESIAN_POINT('',(3.95,1.695,9.237055390594E-16));
#2475 = LINE('',#2476,#2477);
#2476 = CARTESIAN_POINT('',(3.630096735909,1.695,8.881784197001E-16));
#2477 = VECTOR('',#2478,1.);
#2478 = DIRECTION('',(1.,-2.22044604925E-16,2.22044604925E-16));
#2479 = ORIENTED_EDGE('',*,*,#2480,.T.);
#2480 = EDGE_CURVE('',#2473,#2481,#2483,.T.);
#2481 = VERTEX_POINT('',#2482);
#2482 = CARTESIAN_POINT('',(3.95,1.695,0.2));
#2483 = LINE('',#2484,#2485);
#2484 = CARTESIAN_POINT('',(3.95,1.695,8.881784197001E-16));
#2485 = VECTOR('',#2486,1.);
#2486 = DIRECTION('',(-2.22044604925E-16,2.22044604925E-16,1.));
#2487 = ORIENTED_EDGE('',*,*,#2488,.T.);
#2488 = EDGE_CURVE('',#2481,#2489,#2491,.T.);
#2489 = VERTEX_POINT('',#2490);
#2490 = CARTESIAN_POINT('',(3.630096735909,1.695,0.2));
#2491 = LINE('',#2492,#2493);
#2492 = CARTESIAN_POINT('',(3.95,1.695,0.2));
#2493 = VECTOR('',#2494,1.);
#2494 = DIRECTION('',(-1.,2.22044604925E-16,-2.22044604925E-16));
#2495 = ORIENTED_EDGE('',*,*,#2496,.T.);
#2496 = EDGE_CURVE('',#2489,#2497,#2499,.T.);
#2497 = VERTEX_POINT('',#2498);
#2498 = CARTESIAN_POINT('',(3.391154104848,1.695,0.376471644504));
#2499 = CIRCLE('',#2500,0.25);
#2500 = AXIS2_PLACEMENT_3D('',#2501,#2502,#2503);
#2501 = CARTESIAN_POINT('',(3.630096735909,1.695,0.45));
#2502 = DIRECTION('',(2.22044604925E-16,1.,-2.22044604925E-16));
#2503 = DIRECTION('',(-1.,2.22044604925E-16,-2.22044604925E-16));
#2504 = ORIENTED_EDGE('',*,*,#2505,.T.);
#2505 = EDGE_CURVE('',#2497,#2506,#2508,.T.);
#2506 = VERTEX_POINT('',#2507);
#2507 = CARTESIAN_POINT('',(3.220096735909,1.695,0.932351039892));
#2508 = LINE('',#2509,#2510);
#2509 = CARTESIAN_POINT('',(3.391154104848,1.695,0.376471644504));
#2510 = VECTOR('',#2511,1.);
#2511 = DIRECTION('',(-0.294113421982,2.775299870415E-16,0.955770524242)
  );
#2512 = ORIENTED_EDGE('',*,*,#2513,.F.);
#2513 = EDGE_CURVE('',#1894,#2506,#2514,.T.);
#2514 = CIRCLE('',#2515,0.45);
#2515 = AXIS2_PLACEMENT_3D('',#2516,#2517,#2518);
#2516 = CARTESIAN_POINT('',(2.79,1.695,0.8));
#2517 = DIRECTION('',(2.22044604925E-16,1.,-2.22044604925E-16));
#2518 = DIRECTION('',(-1.,2.22044604925E-16,-2.22044604925E-16));
#2519 = ORIENTED_EDGE('',*,*,#1901,.T.);
#2520 = ORIENTED_EDGE('',*,*,#1916,.T.);
#2521 = ORIENTED_EDGE('',*,*,#2522,.F.);
#2522 = EDGE_CURVE('',#2523,#1917,#2525,.T.);
#2523 = VERTEX_POINT('',#2524);
#2524 = CARTESIAN_POINT('',(2.64,1.695,1.05));
#2525 = LINE('',#2526,#2527);
#2526 = CARTESIAN_POINT('',(2.64,1.695,1.05));
#2527 = VECTOR('',#2528,1.);
#2528 = DIRECTION('',(-1.,2.22044604925E-16,-2.22044604925E-16));
#2529 = ORIENTED_EDGE('',*,*,#2530,.F.);
#2530 = EDGE_CURVE('',#2531,#2523,#2533,.T.);
#2531 = VERTEX_POINT('',#2532);
#2532 = CARTESIAN_POINT('',(2.79,1.695,1.05));
#2533 = LINE('',#2534,#2535);
#2534 = CARTESIAN_POINT('',(2.79,1.695,1.05));
#2535 = VECTOR('',#2536,1.);
#2536 = DIRECTION('',(-1.,2.22044604925E-16,-2.22044604925E-16));
#2537 = ORIENTED_EDGE('',*,*,#2538,.T.);
#2538 = EDGE_CURVE('',#2531,#2539,#2541,.T.);
#2539 = VERTEX_POINT('',#2540);
#2540 = CARTESIAN_POINT('',(3.02894263106,1.695,0.873528355496));
#2541 = CIRCLE('',#2542,0.25);
#2542 = AXIS2_PLACEMENT_3D('',#2543,#2544,#2545);
#2543 = CARTESIAN_POINT('',(2.79,1.695,0.8));
#2544 = DIRECTION('',(2.22044604925E-16,1.,-2.22044604925E-16));
#2545 = DIRECTION('',(-1.,2.22044604925E-16,-2.22044604925E-16));
#2546 = ORIENTED_EDGE('',*,*,#2547,.F.);
#2547 = EDGE_CURVE('',#2464,#2539,#2548,.T.);
#2548 = LINE('',#2549,#2550);
#2549 = CARTESIAN_POINT('',(3.2,1.695,0.317648960108));
#2550 = VECTOR('',#2551,1.);
#2551 = DIRECTION('',(-0.294113421982,2.775299870415E-16,0.955770524242)
  );
#2552 = PLANE('',#2553);
#2553 = AXIS2_PLACEMENT_3D('',#2554,#2555,#2556);
#2554 = CARTESIAN_POINT('',(2.136753485958,1.695,0.896556536409));
#2555 = DIRECTION('',(2.22044604925E-16,1.,0.));
#2556 = DIRECTION('',(2.22044604925E-16,-2.465190328816E-32,-1.));
#2557 = ADVANCED_FACE('',(#2558),#2569,.T.);
#2558 = FACE_BOUND('',#2559,.T.);
#2559 = EDGE_LOOP('',(#2560,#2561,#2562,#2568));
#2560 = ORIENTED_EDGE('',*,*,#1893,.T.);
#2561 = ORIENTED_EDGE('',*,*,#2513,.T.);
#2562 = ORIENTED_EDGE('',*,*,#2563,.F.);
#2563 = EDGE_CURVE('',#2406,#2506,#2564,.T.);
#2564 = LINE('',#2565,#2566);
#2565 = CARTESIAN_POINT('',(3.220096735909,2.115,0.932351039892));
#2566 = VECTOR('',#2567,1.);
#2567 = DIRECTION('',(-2.22044604925E-16,-1.,2.22044604925E-16));
#2568 = ORIENTED_EDGE('',*,*,#2413,.F.);
#2569 = CYLINDRICAL_SURFACE('',#2570,0.45);
#2570 = AXIS2_PLACEMENT_3D('',#2571,#2572,#2573);
#2571 = CARTESIAN_POINT('',(2.79,2.115,0.8));
#2572 = DIRECTION('',(2.22044604925E-16,1.,-2.22044604925E-16));
#2573 = DIRECTION('',(-1.,2.22044604925E-16,-2.22044604925E-16));
#2574 = ADVANCED_FACE('',(#2575),#2676,.T.);
#2575 = FACE_BOUND('',#2576,.F.);
#2576 = EDGE_LOOP('',(#2577,#2588,#2596,#2604,#2612,#2621,#2629,#2638,
    #2644,#2645,#2653,#2661,#2670));
#2577 = ORIENTED_EDGE('',*,*,#2578,.F.);
#2578 = EDGE_CURVE('',#2579,#2581,#2583,.T.);
#2579 = VERTEX_POINT('',#2580);
#2580 = CARTESIAN_POINT('',(3.630096735909,0.845,9.004123394228E-16));
#2581 = VERTEX_POINT('',#2582);
#2582 = CARTESIAN_POINT('',(3.2,0.845,0.317648960108));
#2583 = CIRCLE('',#2584,0.45);
#2584 = AXIS2_PLACEMENT_3D('',#2585,#2586,#2587);
#2585 = CARTESIAN_POINT('',(3.630096735909,0.845,0.45));
#2586 = DIRECTION('',(2.22044604925E-16,1.,-2.22044604925E-16));
#2587 = DIRECTION('',(-1.,2.22044604925E-16,-2.22044604925E-16));
#2588 = ORIENTED_EDGE('',*,*,#2589,.T.);
#2589 = EDGE_CURVE('',#2579,#2590,#2592,.T.);
#2590 = VERTEX_POINT('',#2591);
#2591 = CARTESIAN_POINT('',(3.95,0.845,9.714451291182E-16));
#2592 = LINE('',#2593,#2594);
#2593 = CARTESIAN_POINT('',(3.630096735909,0.845,6.661338147751E-16));
#2594 = VECTOR('',#2595,1.);
#2595 = DIRECTION('',(1.,-2.22044604925E-16,2.22044604925E-16));
#2596 = ORIENTED_EDGE('',*,*,#2597,.T.);
#2597 = EDGE_CURVE('',#2590,#2598,#2600,.T.);
#2598 = VERTEX_POINT('',#2599);
#2599 = CARTESIAN_POINT('',(3.95,0.845,0.2));
#2600 = LINE('',#2601,#2602);
#2601 = CARTESIAN_POINT('',(3.95,0.845,8.881784197001E-16));
#2602 = VECTOR('',#2603,1.);
#2603 = DIRECTION('',(-2.22044604925E-16,2.22044604925E-16,1.));
#2604 = ORIENTED_EDGE('',*,*,#2605,.T.);
#2605 = EDGE_CURVE('',#2598,#2606,#2608,.T.);
#2606 = VERTEX_POINT('',#2607);
#2607 = CARTESIAN_POINT('',(3.630096735909,0.845,0.2));
#2608 = LINE('',#2609,#2610);
#2609 = CARTESIAN_POINT('',(3.95,0.845,0.2));
#2610 = VECTOR('',#2611,1.);
#2611 = DIRECTION('',(-1.,2.22044604925E-16,-2.22044604925E-16));
#2612 = ORIENTED_EDGE('',*,*,#2613,.T.);
#2613 = EDGE_CURVE('',#2606,#2614,#2616,.T.);
#2614 = VERTEX_POINT('',#2615);
#2615 = CARTESIAN_POINT('',(3.391154104848,0.845,0.376471644504));
#2616 = CIRCLE('',#2617,0.25);
#2617 = AXIS2_PLACEMENT_3D('',#2618,#2619,#2620);
#2618 = CARTESIAN_POINT('',(3.630096735909,0.845,0.45));
#2619 = DIRECTION('',(2.22044604925E-16,1.,-2.22044604925E-16));
#2620 = DIRECTION('',(-1.,2.22044604925E-16,-2.22044604925E-16));
#2621 = ORIENTED_EDGE('',*,*,#2622,.T.);
#2622 = EDGE_CURVE('',#2614,#2623,#2625,.T.);
#2623 = VERTEX_POINT('',#2624);
#2624 = CARTESIAN_POINT('',(3.220096735909,0.845,0.932351039892));
#2625 = LINE('',#2626,#2627);
#2626 = CARTESIAN_POINT('',(3.391154104848,0.845,0.376471644504));
#2627 = VECTOR('',#2628,1.);
#2628 = DIRECTION('',(-0.294113421982,2.775299870415E-16,0.955770524242)
  );
#2629 = ORIENTED_EDGE('',*,*,#2630,.F.);
#2630 = EDGE_CURVE('',#2631,#2623,#2633,.T.);
#2631 = VERTEX_POINT('',#2632);
#2632 = CARTESIAN_POINT('',(2.79,0.845,1.25));
#2633 = CIRCLE('',#2634,0.45);
#2634 = AXIS2_PLACEMENT_3D('',#2635,#2636,#2637);
#2635 = CARTESIAN_POINT('',(2.79,0.845,0.8));
#2636 = DIRECTION('',(2.22044604925E-16,1.,-2.22044604925E-16));
#2637 = DIRECTION('',(-1.,2.22044604925E-16,-2.22044604925E-16));
#2638 = ORIENTED_EDGE('',*,*,#2639,.T.);
#2639 = EDGE_CURVE('',#2631,#1677,#2640,.T.);
#2640 = LINE('',#2641,#2642);
#2641 = CARTESIAN_POINT('',(2.79,0.845,1.25));
#2642 = VECTOR('',#2643,1.);
#2643 = DIRECTION('',(-1.,2.22044604925E-16,-2.22044604925E-16));
#2644 = ORIENTED_EDGE('',*,*,#1925,.T.);
#2645 = ORIENTED_EDGE('',*,*,#2646,.F.);
#2646 = EDGE_CURVE('',#2647,#1926,#2649,.T.);
#2647 = VERTEX_POINT('',#2648);
#2648 = CARTESIAN_POINT('',(2.64,0.845,1.05));
#2649 = LINE('',#2650,#2651);
#2650 = CARTESIAN_POINT('',(2.64,0.845,1.05));
#2651 = VECTOR('',#2652,1.);
#2652 = DIRECTION('',(-1.,2.22044604925E-16,-2.22044604925E-16));
#2653 = ORIENTED_EDGE('',*,*,#2654,.F.);
#2654 = EDGE_CURVE('',#2655,#2647,#2657,.T.);
#2655 = VERTEX_POINT('',#2656);
#2656 = CARTESIAN_POINT('',(2.79,0.845,1.05));
#2657 = LINE('',#2658,#2659);
#2658 = CARTESIAN_POINT('',(2.79,0.845,1.05));
#2659 = VECTOR('',#2660,1.);
#2660 = DIRECTION('',(-1.,2.22044604925E-16,-2.22044604925E-16));
#2661 = ORIENTED_EDGE('',*,*,#2662,.T.);
#2662 = EDGE_CURVE('',#2655,#2663,#2665,.T.);
#2663 = VERTEX_POINT('',#2664);
#2664 = CARTESIAN_POINT('',(3.02894263106,0.845,0.873528355496));
#2665 = CIRCLE('',#2666,0.25);
#2666 = AXIS2_PLACEMENT_3D('',#2667,#2668,#2669);
#2667 = CARTESIAN_POINT('',(2.79,0.845,0.8));
#2668 = DIRECTION('',(2.22044604925E-16,1.,-2.22044604925E-16));
#2669 = DIRECTION('',(-1.,2.22044604925E-16,-2.22044604925E-16));
#2670 = ORIENTED_EDGE('',*,*,#2671,.F.);
#2671 = EDGE_CURVE('',#2581,#2663,#2672,.T.);
#2672 = LINE('',#2673,#2674);
#2673 = CARTESIAN_POINT('',(3.2,0.845,0.317648960108));
#2674 = VECTOR('',#2675,1.);
#2675 = DIRECTION('',(-0.294113421982,2.775299870415E-16,0.955770524242)
  );
#2676 = PLANE('',#2677);
#2677 = AXIS2_PLACEMENT_3D('',#2678,#2679,#2680);
#2678 = CARTESIAN_POINT('',(2.136753485958,0.845,0.896556536409));
#2679 = DIRECTION('',(2.22044604925E-16,1.,0.));
#2680 = DIRECTION('',(2.22044604925E-16,-2.465190328816E-32,-1.));
#2681 = ADVANCED_FACE('',(#2682),#2700,.T.);
#2682 = FACE_BOUND('',#2683,.F.);
#2683 = EDGE_LOOP('',(#2684,#2685,#2693,#2699));
#2684 = ORIENTED_EDGE('',*,*,#2639,.F.);
#2685 = ORIENTED_EDGE('',*,*,#2686,.T.);
#2686 = EDGE_CURVE('',#2631,#2687,#2689,.T.);
#2687 = VERTEX_POINT('',#2688);
#2688 = CARTESIAN_POINT('',(2.79,0.425,1.25));
#2689 = LINE('',#2690,#2691);
#2690 = CARTESIAN_POINT('',(2.79,0.845,1.25));
#2691 = VECTOR('',#2692,1.);
#2692 = DIRECTION('',(-2.22044604925E-16,-1.,2.22044604925E-16));
#2693 = ORIENTED_EDGE('',*,*,#2694,.T.);
#2694 = EDGE_CURVE('',#2687,#1957,#2695,.T.);
#2695 = LINE('',#2696,#2697);
#2696 = CARTESIAN_POINT('',(2.79,0.425,1.25));
#2697 = VECTOR('',#2698,1.);
#2698 = DIRECTION('',(-1.,2.22044604925E-16,-2.22044604925E-16));
#2699 = ORIENTED_EDGE('',*,*,#1964,.F.);
#2700 = PLANE('',#2701);
#2701 = AXIS2_PLACEMENT_3D('',#2702,#2703,#2704);
#2702 = CARTESIAN_POINT('',(2.79,0.845,1.25));
#2703 = DIRECTION('',(-2.22044604925E-16,2.22044604925E-16,1.));
#2704 = DIRECTION('',(1.,-2.22044604925E-16,2.22044604925E-16));
#2705 = ADVANCED_FACE('',(#2706),#2740,.T.);
#2706 = FACE_BOUND('',#2707,.T.);
#2707 = EDGE_LOOP('',(#2708,#2709,#2717,#2725,#2733,#2739));
#2708 = ORIENTED_EDGE('',*,*,#1987,.F.);
#2709 = ORIENTED_EDGE('',*,*,#2710,.T.);
#2710 = EDGE_CURVE('',#1980,#2711,#2713,.T.);
#2711 = VERTEX_POINT('',#2712);
#2712 = CARTESIAN_POINT('',(-5.E-02,-0.425,1.25));
#2713 = LINE('',#2714,#2715);
#2714 = CARTESIAN_POINT('',(-5.E-02,2.115,1.25));
#2715 = VECTOR('',#2716,1.);
#2716 = DIRECTION('',(0.,-1.,2.22044604925E-16));
#2717 = ORIENTED_EDGE('',*,*,#2718,.T.);
#2718 = EDGE_CURVE('',#2711,#2719,#2721,.T.);
#2719 = VERTEX_POINT('',#2720);
#2720 = CARTESIAN_POINT('',(-1.859623566247E-16,-0.425,1.25));
#2721 = LINE('',#2722,#2723);
#2722 = CARTESIAN_POINT('',(-2.79,-0.425,1.25));
#2723 = VECTOR('',#2724,1.);
#2724 = DIRECTION('',(1.,0.,0.));
#2725 = ORIENTED_EDGE('',*,*,#2726,.F.);
#2726 = EDGE_CURVE('',#2727,#2719,#2729,.T.);
#2727 = VERTEX_POINT('',#2728);
#2728 = CARTESIAN_POINT('',(5.E-02,-0.425,1.25));
#2729 = LINE('',#2730,#2731);
#2730 = CARTESIAN_POINT('',(2.79,-0.425,1.25));
#2731 = VECTOR('',#2732,1.);
#2732 = DIRECTION('',(-1.,2.22044604925E-16,-2.22044604925E-16));
#2733 = ORIENTED_EDGE('',*,*,#2734,.F.);
#2734 = EDGE_CURVE('',#1957,#2727,#2735,.T.);
#2735 = LINE('',#2736,#2737);
#2736 = CARTESIAN_POINT('',(5.E-02,2.115,1.25));
#2737 = VECTOR('',#2738,1.);
#2738 = DIRECTION('',(0.,-1.,2.22044604925E-16));
#2739 = ORIENTED_EDGE('',*,*,#1956,.T.);
#2740 = PLANE('',#2741);
#2741 = AXIS2_PLACEMENT_3D('',#2742,#2743,#2744);
#2742 = CARTESIAN_POINT('',(-5.E-02,2.115,1.25));
#2743 = DIRECTION('',(0.,2.22044604925E-16,1.));
#2744 = DIRECTION('',(1.,0.,0.));
#2745 = ADVANCED_FACE('',(#2746),#2771,.T.);
#2746 = FACE_BOUND('',#2747,.T.);
#2747 = EDGE_LOOP('',(#2748,#2756,#2764,#2770));
#2748 = ORIENTED_EDGE('',*,*,#2749,.F.);
#2749 = EDGE_CURVE('',#2750,#1661,#2752,.T.);
#2750 = VERTEX_POINT('',#2751);
#2751 = CARTESIAN_POINT('',(-2.79,0.845,1.25));
#2752 = LINE('',#2753,#2754);
#2753 = CARTESIAN_POINT('',(-2.79,0.845,1.25));
#2754 = VECTOR('',#2755,1.);
#2755 = DIRECTION('',(1.,0.,0.));
#2756 = ORIENTED_EDGE('',*,*,#2757,.T.);
#2757 = EDGE_CURVE('',#2750,#2758,#2760,.T.);
#2758 = VERTEX_POINT('',#2759);
#2759 = CARTESIAN_POINT('',(-2.79,0.425,1.25));
#2760 = LINE('',#2761,#2762);
#2761 = CARTESIAN_POINT('',(-2.79,0.845,1.25));
#2762 = VECTOR('',#2763,1.);
#2763 = DIRECTION('',(0.,-1.,2.22044604925E-16));
#2764 = ORIENTED_EDGE('',*,*,#2765,.T.);
#2765 = EDGE_CURVE('',#2758,#1980,#2766,.T.);
#2766 = LINE('',#2767,#2768);
#2767 = CARTESIAN_POINT('',(-2.79,0.425,1.25));
#2768 = VECTOR('',#2769,1.);
#2769 = DIRECTION('',(1.,0.,0.));
#2770 = ORIENTED_EDGE('',*,*,#1979,.F.);
#2771 = PLANE('',#2772);
#2772 = AXIS2_PLACEMENT_3D('',#2773,#2774,#2775);
#2773 = CARTESIAN_POINT('',(-2.79,0.845,1.25));
#2774 = DIRECTION('',(0.,2.22044604925E-16,1.));
#2775 = DIRECTION('',(1.,0.,0.));
#2776 = ADVANCED_FACE('',(#2777),#2871,.T.);
#2777 = FACE_BOUND('',#2778,.T.);
#2778 = EDGE_LOOP('',(#2779,#2790,#2798,#2806,#2814,#2823,#2831,#2838,
    #2839,#2840,#2848,#2856,#2865));
#2779 = ORIENTED_EDGE('',*,*,#2780,.F.);
#2780 = EDGE_CURVE('',#2781,#2783,#2785,.T.);
#2781 = VERTEX_POINT('',#2782);
#2782 = CARTESIAN_POINT('',(-3.630096735909,0.845,9.436894385825E-17));
#2783 = VERTEX_POINT('',#2784);
#2784 = CARTESIAN_POINT('',(-3.2,0.845,0.317648960108));
#2785 = CIRCLE('',#2786,0.45);
#2786 = AXIS2_PLACEMENT_3D('',#2787,#2788,#2789);
#2787 = CARTESIAN_POINT('',(-3.630096735909,0.845,0.45));
#2788 = DIRECTION('',(0.,-1.,2.22044604925E-16));
#2789 = DIRECTION('',(1.,0.,0.));
#2790 = ORIENTED_EDGE('',*,*,#2791,.T.);
#2791 = EDGE_CURVE('',#2781,#2792,#2794,.T.);
#2792 = VERTEX_POINT('',#2793);
#2793 = CARTESIAN_POINT('',(-3.95,0.845,9.436893966437E-17));
#2794 = LINE('',#2795,#2796);
#2795 = CARTESIAN_POINT('',(-3.630096735909,0.845,1.110223024625E-16));
#2796 = VECTOR('',#2797,1.);
#2797 = DIRECTION('',(-1.,0.,0.));
#2798 = ORIENTED_EDGE('',*,*,#2799,.T.);
#2799 = EDGE_CURVE('',#2792,#2800,#2802,.T.);
#2800 = VERTEX_POINT('',#2801);
#2801 = CARTESIAN_POINT('',(-3.95,0.845,0.2));
#2802 = LINE('',#2803,#2804);
#2803 = CARTESIAN_POINT('',(-3.95,0.845,1.110223024625E-16));
#2804 = VECTOR('',#2805,1.);
#2805 = DIRECTION('',(0.,2.22044604925E-16,1.));
#2806 = ORIENTED_EDGE('',*,*,#2807,.T.);
#2807 = EDGE_CURVE('',#2800,#2808,#2810,.T.);
#2808 = VERTEX_POINT('',#2809);
#2809 = CARTESIAN_POINT('',(-3.630096735909,0.845,0.2));
#2810 = LINE('',#2811,#2812);
#2811 = CARTESIAN_POINT('',(-3.95,0.845,0.2));
#2812 = VECTOR('',#2813,1.);
#2813 = DIRECTION('',(1.,0.,0.));
#2814 = ORIENTED_EDGE('',*,*,#2815,.T.);
#2815 = EDGE_CURVE('',#2808,#2816,#2818,.T.);
#2816 = VERTEX_POINT('',#2817);
#2817 = CARTESIAN_POINT('',(-3.391154104848,0.845,0.376471644504));
#2818 = CIRCLE('',#2819,0.25);
#2819 = AXIS2_PLACEMENT_3D('',#2820,#2821,#2822);
#2820 = CARTESIAN_POINT('',(-3.630096735909,0.845,0.45));
#2821 = DIRECTION('',(0.,-1.,2.22044604925E-16));
#2822 = DIRECTION('',(1.,0.,0.));
#2823 = ORIENTED_EDGE('',*,*,#2824,.T.);
#2824 = EDGE_CURVE('',#2816,#2825,#2827,.T.);
#2825 = VERTEX_POINT('',#2826);
#2826 = CARTESIAN_POINT('',(-3.220096735909,0.845,0.932351039892));
#2827 = LINE('',#2828,#2829);
#2828 = CARTESIAN_POINT('',(-3.391154104848,0.845,0.376471644504));
#2829 = VECTOR('',#2830,1.);
#2830 = DIRECTION('',(0.294113421982,2.122236884543E-16,0.955770524242)
  );
#2831 = ORIENTED_EDGE('',*,*,#2832,.F.);
#2832 = EDGE_CURVE('',#2750,#2825,#2833,.T.);
#2833 = CIRCLE('',#2834,0.45);
#2834 = AXIS2_PLACEMENT_3D('',#2835,#2836,#2837);
#2835 = CARTESIAN_POINT('',(-2.79,0.845,0.8));
#2836 = DIRECTION('',(0.,-1.,2.22044604925E-16));
#2837 = DIRECTION('',(1.,0.,0.));
#2838 = ORIENTED_EDGE('',*,*,#2749,.T.);
#2839 = ORIENTED_EDGE('',*,*,#2016,.T.);
#2840 = ORIENTED_EDGE('',*,*,#2841,.F.);
#2841 = EDGE_CURVE('',#2842,#2009,#2844,.T.);
#2842 = VERTEX_POINT('',#2843);
#2843 = CARTESIAN_POINT('',(-2.64,0.845,1.05));
#2844 = LINE('',#2845,#2846);
#2845 = CARTESIAN_POINT('',(-2.64,0.845,1.05));
#2846 = VECTOR('',#2847,1.);
#2847 = DIRECTION('',(1.,0.,0.));
#2848 = ORIENTED_EDGE('',*,*,#2849,.F.);
#2849 = EDGE_CURVE('',#2850,#2842,#2852,.T.);
#2850 = VERTEX_POINT('',#2851);
#2851 = CARTESIAN_POINT('',(-2.79,0.845,1.05));
#2852 = LINE('',#2853,#2854);
#2853 = CARTESIAN_POINT('',(-2.79,0.845,1.05));
#2854 = VECTOR('',#2855,1.);
#2855 = DIRECTION('',(1.,0.,0.));
#2856 = ORIENTED_EDGE('',*,*,#2857,.T.);
#2857 = EDGE_CURVE('',#2850,#2858,#2860,.T.);
#2858 = VERTEX_POINT('',#2859);
#2859 = CARTESIAN_POINT('',(-3.02894263106,0.845,0.873528355496));
#2860 = CIRCLE('',#2861,0.25);
#2861 = AXIS2_PLACEMENT_3D('',#2862,#2863,#2864);
#2862 = CARTESIAN_POINT('',(-2.79,0.845,0.8));
#2863 = DIRECTION('',(0.,-1.,2.22044604925E-16));
#2864 = DIRECTION('',(1.,0.,0.));
#2865 = ORIENTED_EDGE('',*,*,#2866,.F.);
#2866 = EDGE_CURVE('',#2783,#2858,#2867,.T.);
#2867 = LINE('',#2868,#2869);
#2868 = CARTESIAN_POINT('',(-3.2,0.845,0.317648960108));
#2869 = VECTOR('',#2870,1.);
#2870 = DIRECTION('',(0.294113421982,2.122236884543E-16,0.955770524242)
  );
#2871 = PLANE('',#2872);
#2872 = AXIS2_PLACEMENT_3D('',#2873,#2874,#2875);
#2873 = CARTESIAN_POINT('',(-2.136753485958,0.845,0.896556536409));
#2874 = DIRECTION('',(0.,1.,0.));
#2875 = DIRECTION('',(0.,0.,1.));
#2876 = ADVANCED_FACE('',(#2877),#2902,.T.);
#2877 = FACE_BOUND('',#2878,.T.);
#2878 = EDGE_LOOP('',(#2879,#2880,#2888,#2896));
#2879 = ORIENTED_EDGE('',*,*,#2328,.T.);
#2880 = ORIENTED_EDGE('',*,*,#2881,.T.);
#2881 = EDGE_CURVE('',#2321,#2882,#2884,.T.);
#2882 = VERTEX_POINT('',#2883);
#2883 = CARTESIAN_POINT('',(-6.938893903907E-17,0.425,1.05));
#2884 = LINE('',#2885,#2886);
#2885 = CARTESIAN_POINT('',(2.819966482548E-16,0.845,1.05));
#2886 = VECTOR('',#2887,1.);
#2887 = DIRECTION('',(0.,-1.,2.22044604925E-16));
#2888 = ORIENTED_EDGE('',*,*,#2889,.F.);
#2889 = EDGE_CURVE('',#2890,#2882,#2892,.T.);
#2890 = VERTEX_POINT('',#2891);
#2891 = CARTESIAN_POINT('',(-5.E-02,0.425,1.05));
#2892 = LINE('',#2893,#2894);
#2893 = CARTESIAN_POINT('',(-2.64,0.425,1.05));
#2894 = VECTOR('',#2895,1.);
#2895 = DIRECTION('',(1.,0.,0.));
#2896 = ORIENTED_EDGE('',*,*,#2897,.F.);
#2897 = EDGE_CURVE('',#2009,#2890,#2898,.T.);
#2898 = LINE('',#2899,#2900);
#2899 = CARTESIAN_POINT('',(-5.E-02,2.115,1.05));
#2900 = VECTOR('',#2901,1.);
#2901 = DIRECTION('',(0.,-1.,2.22044604925E-16));
#2902 = PLANE('',#2903);
#2903 = AXIS2_PLACEMENT_3D('',#2904,#2905,#2906);
#2904 = CARTESIAN_POINT('',(5.E-02,2.115,1.05));
#2905 = DIRECTION('',(0.,-2.22044604925E-16,-1.));
#2906 = DIRECTION('',(-1.,0.,0.));
#2907 = ADVANCED_FACE('',(#2908),#2926,.T.);
#2908 = FACE_BOUND('',#2909,.T.);
#2909 = EDGE_LOOP('',(#2910,#2911,#2919,#2925));
#2910 = ORIENTED_EDGE('',*,*,#2320,.F.);
#2911 = ORIENTED_EDGE('',*,*,#2912,.T.);
#2912 = EDGE_CURVE('',#1926,#2913,#2915,.T.);
#2913 = VERTEX_POINT('',#2914);
#2914 = CARTESIAN_POINT('',(5.E-02,0.425,1.05));
#2915 = LINE('',#2916,#2917);
#2916 = CARTESIAN_POINT('',(5.E-02,2.115,1.05));
#2917 = VECTOR('',#2918,1.);
#2918 = DIRECTION('',(0.,-1.,2.22044604925E-16));
#2919 = ORIENTED_EDGE('',*,*,#2920,.T.);
#2920 = EDGE_CURVE('',#2913,#2882,#2921,.T.);
#2921 = LINE('',#2922,#2923);
#2922 = CARTESIAN_POINT('',(2.64,0.425,1.05));
#2923 = VECTOR('',#2924,1.);
#2924 = DIRECTION('',(-1.,2.22044604925E-16,-2.22044604925E-16));
#2925 = ORIENTED_EDGE('',*,*,#2881,.F.);
#2926 = PLANE('',#2927);
#2927 = AXIS2_PLACEMENT_3D('',#2928,#2929,#2930);
#2928 = CARTESIAN_POINT('',(5.E-02,2.115,1.05));
#2929 = DIRECTION('',(0.,-2.22044604925E-16,-1.));
#2930 = DIRECTION('',(-1.,0.,0.));
#2931 = ADVANCED_FACE('',(#2932),#2943,.F.);
#2932 = FACE_BOUND('',#2933,.T.);
#2933 = EDGE_LOOP('',(#2934,#2935,#2941,#2942));
#2934 = ORIENTED_EDGE('',*,*,#2422,.F.);
#2935 = ORIENTED_EDGE('',*,*,#2936,.T.);
#2936 = EDGE_CURVE('',#2423,#2523,#2937,.T.);
#2937 = LINE('',#2938,#2939);
#2938 = CARTESIAN_POINT('',(2.64,2.115,1.05));
#2939 = VECTOR('',#2940,1.);
#2940 = DIRECTION('',(-2.22044604925E-16,-1.,2.22044604925E-16));
#2941 = ORIENTED_EDGE('',*,*,#2522,.T.);
#2942 = ORIENTED_EDGE('',*,*,#2345,.F.);
#2943 = PLANE('',#2944);
#2944 = AXIS2_PLACEMENT_3D('',#2945,#2946,#2947);
#2945 = CARTESIAN_POINT('',(2.64,2.115,1.05));
#2946 = DIRECTION('',(-2.22044604925E-16,2.22044604925E-16,1.));
#2947 = DIRECTION('',(1.,-2.22044604925E-16,2.22044604925E-16));
#2948 = ADVANCED_FACE('',(#2949),#2965,.T.);
#2949 = FACE_BOUND('',#2950,.T.);
#2950 = EDGE_LOOP('',(#2951,#2957,#2958,#2964));
#2951 = ORIENTED_EDGE('',*,*,#2952,.T.);
#2952 = EDGE_CURVE('',#2362,#2462,#2953,.T.);
#2953 = LINE('',#2954,#2955);
#2954 = CARTESIAN_POINT('',(3.630096735909,2.115,7.594140152954E-16));
#2955 = VECTOR('',#2956,1.);
#2956 = DIRECTION('',(-2.22044604925E-16,-1.,2.22044604925E-16));
#2957 = ORIENTED_EDGE('',*,*,#2461,.T.);
#2958 = ORIENTED_EDGE('',*,*,#2959,.F.);
#2959 = EDGE_CURVE('',#2364,#2464,#2960,.T.);
#2960 = LINE('',#2961,#2962);
#2961 = CARTESIAN_POINT('',(3.2,2.115,0.317648960108));
#2962 = VECTOR('',#2963,1.);
#2963 = DIRECTION('',(-2.22044604925E-16,-1.,2.22044604925E-16));
#2964 = ORIENTED_EDGE('',*,*,#2361,.F.);
#2965 = CYLINDRICAL_SURFACE('',#2966,0.45);
#2966 = AXIS2_PLACEMENT_3D('',#2967,#2968,#2969);
#2967 = CARTESIAN_POINT('',(3.630096735909,2.115,0.45));
#2968 = DIRECTION('',(2.22044604925E-16,1.,-2.22044604925E-16));
#2969 = DIRECTION('',(-1.,2.22044604925E-16,-2.22044604925E-16));
#2970 = ADVANCED_FACE('',(#2971),#2982,.F.);
#2971 = FACE_BOUND('',#2972,.T.);
#2972 = EDGE_LOOP('',(#2973,#2974,#2975,#2981));
#2973 = ORIENTED_EDGE('',*,*,#2959,.T.);
#2974 = ORIENTED_EDGE('',*,*,#2547,.T.);
#2975 = ORIENTED_EDGE('',*,*,#2976,.F.);
#2976 = EDGE_CURVE('',#2439,#2539,#2977,.T.);
#2977 = LINE('',#2978,#2979);
#2978 = CARTESIAN_POINT('',(3.02894263106,2.115,0.873528355496));
#2979 = VECTOR('',#2980,1.);
#2980 = DIRECTION('',(-2.22044604925E-16,-1.,2.22044604925E-16));
#2981 = ORIENTED_EDGE('',*,*,#2447,.F.);
#2982 = PLANE('',#2983);
#2983 = AXIS2_PLACEMENT_3D('',#2984,#2985,#2986);
#2984 = CARTESIAN_POINT('',(3.2,2.115,0.317648960108));
#2985 = DIRECTION('',(0.955770524242,-1.469173898672E-16,0.294113421982)
  );
#2986 = DIRECTION('',(0.294113421982,-2.775299870415E-16,-0.955770524242
    ));
#2987 = ADVANCED_FACE('',(#2988),#2999,.F.);
#2988 = FACE_BOUND('',#2989,.F.);
#2989 = EDGE_LOOP('',(#2990,#2996,#2997,#2998));
#2990 = ORIENTED_EDGE('',*,*,#2991,.T.);
#2991 = EDGE_CURVE('',#2431,#2531,#2992,.T.);
#2992 = LINE('',#2993,#2994);
#2993 = CARTESIAN_POINT('',(2.79,2.115,1.05));
#2994 = VECTOR('',#2995,1.);
#2995 = DIRECTION('',(-2.22044604925E-16,-1.,2.22044604925E-16));
#2996 = ORIENTED_EDGE('',*,*,#2538,.T.);
#2997 = ORIENTED_EDGE('',*,*,#2976,.F.);
#2998 = ORIENTED_EDGE('',*,*,#2438,.F.);
#2999 = CYLINDRICAL_SURFACE('',#3000,0.25);
#3000 = AXIS2_PLACEMENT_3D('',#3001,#3002,#3003);
#3001 = CARTESIAN_POINT('',(2.79,2.115,0.8));
#3002 = DIRECTION('',(2.22044604925E-16,1.,-2.22044604925E-16));
#3003 = DIRECTION('',(-1.,2.22044604925E-16,-2.22044604925E-16));
#3004 = ADVANCED_FACE('',(#3005),#3011,.F.);
#3005 = FACE_BOUND('',#3006,.T.);
#3006 = EDGE_LOOP('',(#3007,#3008,#3009,#3010));
#3007 = ORIENTED_EDGE('',*,*,#2991,.T.);
#3008 = ORIENTED_EDGE('',*,*,#2530,.T.);
#3009 = ORIENTED_EDGE('',*,*,#2936,.F.);
#3010 = ORIENTED_EDGE('',*,*,#2430,.F.);
#3011 = PLANE('',#3012);
#3012 = AXIS2_PLACEMENT_3D('',#3013,#3014,#3015);
#3013 = CARTESIAN_POINT('',(2.79,2.115,1.05));
#3014 = DIRECTION('',(-2.22044604925E-16,2.22044604925E-16,1.));
#3015 = DIRECTION('',(1.,-2.22044604925E-16,2.22044604925E-16));
#3016 = ADVANCED_FACE('',(#3017),#3028,.T.);
#3017 = FACE_BOUND('',#3018,.F.);
#3018 = EDGE_LOOP('',(#3019,#3025,#3026,#3027));
#3019 = ORIENTED_EDGE('',*,*,#3020,.T.);
#3020 = EDGE_CURVE('',#2397,#2497,#3021,.T.);
#3021 = LINE('',#3022,#3023);
#3022 = CARTESIAN_POINT('',(3.391154104848,2.115,0.376471644504));
#3023 = VECTOR('',#3024,1.);
#3024 = DIRECTION('',(-2.22044604925E-16,-1.,2.22044604925E-16));
#3025 = ORIENTED_EDGE('',*,*,#2505,.T.);
#3026 = ORIENTED_EDGE('',*,*,#2563,.F.);
#3027 = ORIENTED_EDGE('',*,*,#2405,.F.);
#3028 = PLANE('',#3029);
#3029 = AXIS2_PLACEMENT_3D('',#3030,#3031,#3032);
#3030 = CARTESIAN_POINT('',(3.391154104848,2.115,0.376471644504));
#3031 = DIRECTION('',(0.955770524242,-1.469173898672E-16,0.294113421982)
  );
#3032 = DIRECTION('',(0.294113421982,-2.775299870415E-16,-0.955770524242
    ));
#3033 = ADVANCED_FACE('',(#3034),#3045,.F.);
#3034 = FACE_BOUND('',#3035,.F.);
#3035 = EDGE_LOOP('',(#3036,#3042,#3043,#3044));
#3036 = ORIENTED_EDGE('',*,*,#3037,.T.);
#3037 = EDGE_CURVE('',#2389,#2489,#3038,.T.);
#3038 = LINE('',#3039,#3040);
#3039 = CARTESIAN_POINT('',(3.630096735909,2.115,0.2));
#3040 = VECTOR('',#3041,1.);
#3041 = DIRECTION('',(-2.22044604925E-16,-1.,2.22044604925E-16));
#3042 = ORIENTED_EDGE('',*,*,#2496,.T.);
#3043 = ORIENTED_EDGE('',*,*,#3020,.F.);
#3044 = ORIENTED_EDGE('',*,*,#2396,.F.);
#3045 = CYLINDRICAL_SURFACE('',#3046,0.25);
#3046 = AXIS2_PLACEMENT_3D('',#3047,#3048,#3049);
#3047 = CARTESIAN_POINT('',(3.630096735909,2.115,0.45));
#3048 = DIRECTION('',(2.22044604925E-16,1.,-2.22044604925E-16));
#3049 = DIRECTION('',(-1.,2.22044604925E-16,-2.22044604925E-16));
#3050 = ADVANCED_FACE('',(#3051),#3062,.T.);
#3051 = FACE_BOUND('',#3052,.F.);
#3052 = EDGE_LOOP('',(#3053,#3059,#3060,#3061));
#3053 = ORIENTED_EDGE('',*,*,#3054,.T.);
#3054 = EDGE_CURVE('',#2381,#2481,#3055,.T.);
#3055 = LINE('',#3056,#3057);
#3056 = CARTESIAN_POINT('',(3.95,2.115,0.2));
#3057 = VECTOR('',#3058,1.);
#3058 = DIRECTION('',(-2.22044604925E-16,-1.,2.22044604925E-16));
#3059 = ORIENTED_EDGE('',*,*,#2488,.T.);
#3060 = ORIENTED_EDGE('',*,*,#3037,.F.);
#3061 = ORIENTED_EDGE('',*,*,#2388,.F.);
#3062 = PLANE('',#3063);
#3063 = AXIS2_PLACEMENT_3D('',#3064,#3065,#3066);
#3064 = CARTESIAN_POINT('',(3.95,2.115,0.2));
#3065 = DIRECTION('',(-2.22044604925E-16,2.22044604925E-16,1.));
#3066 = DIRECTION('',(1.,-2.22044604925E-16,2.22044604925E-16));
#3067 = ADVANCED_FACE('',(#3068),#3079,.T.);
#3068 = FACE_BOUND('',#3069,.F.);
#3069 = EDGE_LOOP('',(#3070,#3076,#3077,#3078));
#3070 = ORIENTED_EDGE('',*,*,#3071,.T.);
#3071 = EDGE_CURVE('',#2373,#2473,#3072,.T.);
#3072 = LINE('',#3073,#3074);
#3073 = CARTESIAN_POINT('',(3.95,2.115,8.304468049908E-16));
#3074 = VECTOR('',#3075,1.);
#3075 = DIRECTION('',(-2.22044604925E-16,-1.,2.22044604925E-16));
#3076 = ORIENTED_EDGE('',*,*,#2480,.T.);
#3077 = ORIENTED_EDGE('',*,*,#3054,.F.);
#3078 = ORIENTED_EDGE('',*,*,#2380,.F.);
#3079 = PLANE('',#3080);
#3080 = AXIS2_PLACEMENT_3D('',#3081,#3082,#3083);
#3081 = CARTESIAN_POINT('',(3.95,2.115,8.304468049908E-16));
#3082 = DIRECTION('',(1.,-2.22044604925E-16,2.22044604925E-16));
#3083 = DIRECTION('',(2.22044604925E-16,-2.22044604925E-16,-1.));
#3084 = ADVANCED_FACE('',(#3085),#3091,.T.);
#3085 = FACE_BOUND('',#3086,.F.);
#3086 = EDGE_LOOP('',(#3087,#3088,#3089,#3090));
#3087 = ORIENTED_EDGE('',*,*,#2952,.T.);
#3088 = ORIENTED_EDGE('',*,*,#2472,.T.);
#3089 = ORIENTED_EDGE('',*,*,#3071,.F.);
#3090 = ORIENTED_EDGE('',*,*,#2372,.F.);
#3091 = PLANE('',#3092);
#3092 = AXIS2_PLACEMENT_3D('',#3093,#3094,#3095);
#3093 = CARTESIAN_POINT('',(3.630096735909,2.115,7.594140111015E-16));
#3094 = DIRECTION('',(2.22044604925E-16,-2.22044604925E-16,-1.));
#3095 = DIRECTION('',(-1.,2.22044604925E-16,-2.22044604925E-16));
#3096 = ADVANCED_FACE('',(#3097),#3123,.T.);
#3097 = FACE_BOUND('',#3098,.T.);
#3098 = EDGE_LOOP('',(#3099,#3107,#3116,#3122));
#3099 = ORIENTED_EDGE('',*,*,#3100,.T.);
#3100 = EDGE_CURVE('',#2579,#3101,#3103,.T.);
#3101 = VERTEX_POINT('',#3102);
#3102 = CARTESIAN_POINT('',(3.630096735909,0.425,9.936710734913E-16));
#3103 = LINE('',#3104,#3105);
#3104 = CARTESIAN_POINT('',(3.630096735909,0.845,9.004123394228E-16));
#3105 = VECTOR('',#3106,1.);
#3106 = DIRECTION('',(-2.22044604925E-16,-1.,2.22044604925E-16));
#3107 = ORIENTED_EDGE('',*,*,#3108,.T.);
#3108 = EDGE_CURVE('',#3101,#3109,#3111,.T.);
#3109 = VERTEX_POINT('',#3110);
#3110 = CARTESIAN_POINT('',(3.2,0.425,0.317648960108));
#3111 = CIRCLE('',#3112,0.45);
#3112 = AXIS2_PLACEMENT_3D('',#3113,#3114,#3115);
#3113 = CARTESIAN_POINT('',(3.630096735909,0.425,0.45));
#3114 = DIRECTION('',(2.22044604925E-16,1.,-2.22044604925E-16));
#3115 = DIRECTION('',(-1.,2.22044604925E-16,-2.22044604925E-16));
#3116 = ORIENTED_EDGE('',*,*,#3117,.F.);
#3117 = EDGE_CURVE('',#2581,#3109,#3118,.T.);
#3118 = LINE('',#3119,#3120);
#3119 = CARTESIAN_POINT('',(3.2,0.845,0.317648960108));
#3120 = VECTOR('',#3121,1.);
#3121 = DIRECTION('',(-2.22044604925E-16,-1.,2.22044604925E-16));
#3122 = ORIENTED_EDGE('',*,*,#2578,.F.);
#3123 = CYLINDRICAL_SURFACE('',#3124,0.45);
#3124 = AXIS2_PLACEMENT_3D('',#3125,#3126,#3127);
#3125 = CARTESIAN_POINT('',(3.630096735909,0.845,0.45));
#3126 = DIRECTION('',(2.22044604925E-16,1.,-2.22044604925E-16));
#3127 = DIRECTION('',(-1.,2.22044604925E-16,-2.22044604925E-16));
#3128 = ADVANCED_FACE('',(#3129),#3147,.F.);
#3129 = FACE_BOUND('',#3130,.T.);
#3130 = EDGE_LOOP('',(#3131,#3132,#3140,#3146));
#3131 = ORIENTED_EDGE('',*,*,#3117,.T.);
#3132 = ORIENTED_EDGE('',*,*,#3133,.T.);
#3133 = EDGE_CURVE('',#3109,#3134,#3136,.T.);
#3134 = VERTEX_POINT('',#3135);
#3135 = CARTESIAN_POINT('',(3.02894263106,0.425,0.873528355496));
#3136 = LINE('',#3137,#3138);
#3137 = CARTESIAN_POINT('',(3.2,0.425,0.317648960108));
#3138 = VECTOR('',#3139,1.);
#3139 = DIRECTION('',(-0.294113421982,2.775299870415E-16,0.955770524242)
  );
#3140 = ORIENTED_EDGE('',*,*,#3141,.F.);
#3141 = EDGE_CURVE('',#2663,#3134,#3142,.T.);
#3142 = LINE('',#3143,#3144);
#3143 = CARTESIAN_POINT('',(3.02894263106,0.845,0.873528355496));
#3144 = VECTOR('',#3145,1.);
#3145 = DIRECTION('',(-2.22044604925E-16,-1.,2.22044604925E-16));
#3146 = ORIENTED_EDGE('',*,*,#2671,.F.);
#3147 = PLANE('',#3148);
#3148 = AXIS2_PLACEMENT_3D('',#3149,#3150,#3151);
#3149 = CARTESIAN_POINT('',(3.2,0.845,0.317648960108));
#3150 = DIRECTION('',(0.955770524242,-1.469173898672E-16,0.294113421982)
  );
#3151 = DIRECTION('',(0.294113421982,-2.775299870415E-16,-0.955770524242
    ));
#3152 = ADVANCED_FACE('',(#3153),#3172,.F.);
#3153 = FACE_BOUND('',#3154,.F.);
#3154 = EDGE_LOOP('',(#3155,#3163,#3170,#3171));
#3155 = ORIENTED_EDGE('',*,*,#3156,.T.);
#3156 = EDGE_CURVE('',#2655,#3157,#3159,.T.);
#3157 = VERTEX_POINT('',#3158);
#3158 = CARTESIAN_POINT('',(2.79,0.425,1.05));
#3159 = LINE('',#3160,#3161);
#3160 = CARTESIAN_POINT('',(2.79,0.845,1.05));
#3161 = VECTOR('',#3162,1.);
#3162 = DIRECTION('',(-2.22044604925E-16,-1.,2.22044604925E-16));
#3163 = ORIENTED_EDGE('',*,*,#3164,.T.);
#3164 = EDGE_CURVE('',#3157,#3134,#3165,.T.);
#3165 = CIRCLE('',#3166,0.25);
#3166 = AXIS2_PLACEMENT_3D('',#3167,#3168,#3169);
#3167 = CARTESIAN_POINT('',(2.79,0.425,0.8));
#3168 = DIRECTION('',(2.22044604925E-16,1.,-2.22044604925E-16));
#3169 = DIRECTION('',(-1.,2.22044604925E-16,-2.22044604925E-16));
#3170 = ORIENTED_EDGE('',*,*,#3141,.F.);
#3171 = ORIENTED_EDGE('',*,*,#2662,.F.);
#3172 = CYLINDRICAL_SURFACE('',#3173,0.25);
#3173 = AXIS2_PLACEMENT_3D('',#3174,#3175,#3176);
#3174 = CARTESIAN_POINT('',(2.79,0.845,0.8));
#3175 = DIRECTION('',(2.22044604925E-16,1.,-2.22044604925E-16));
#3176 = DIRECTION('',(-1.,2.22044604925E-16,-2.22044604925E-16));
#3177 = ADVANCED_FACE('',(#3178),#3196,.F.);
#3178 = FACE_BOUND('',#3179,.T.);
#3179 = EDGE_LOOP('',(#3180,#3181,#3189,#3195));
#3180 = ORIENTED_EDGE('',*,*,#3156,.T.);
#3181 = ORIENTED_EDGE('',*,*,#3182,.T.);
#3182 = EDGE_CURVE('',#3157,#3183,#3185,.T.);
#3183 = VERTEX_POINT('',#3184);
#3184 = CARTESIAN_POINT('',(2.64,0.425,1.05));
#3185 = LINE('',#3186,#3187);
#3186 = CARTESIAN_POINT('',(2.79,0.425,1.05));
#3187 = VECTOR('',#3188,1.);
#3188 = DIRECTION('',(-1.,2.22044604925E-16,-2.22044604925E-16));
#3189 = ORIENTED_EDGE('',*,*,#3190,.F.);
#3190 = EDGE_CURVE('',#2647,#3183,#3191,.T.);
#3191 = LINE('',#3192,#3193);
#3192 = CARTESIAN_POINT('',(2.64,0.845,1.05));
#3193 = VECTOR('',#3194,1.);
#3194 = DIRECTION('',(-2.22044604925E-16,-1.,2.22044604925E-16));
#3195 = ORIENTED_EDGE('',*,*,#2654,.F.);
#3196 = PLANE('',#3197);
#3197 = AXIS2_PLACEMENT_3D('',#3198,#3199,#3200);
#3198 = CARTESIAN_POINT('',(2.79,0.845,1.05));
#3199 = DIRECTION('',(-2.22044604925E-16,2.22044604925E-16,1.));
#3200 = DIRECTION('',(1.,-2.22044604925E-16,2.22044604925E-16));
#3201 = ADVANCED_FACE('',(#3202),#3213,.F.);
#3202 = FACE_BOUND('',#3203,.T.);
#3203 = EDGE_LOOP('',(#3204,#3205,#3206,#3212));
#3204 = ORIENTED_EDGE('',*,*,#2646,.F.);
#3205 = ORIENTED_EDGE('',*,*,#3190,.T.);
#3206 = ORIENTED_EDGE('',*,*,#3207,.T.);
#3207 = EDGE_CURVE('',#3183,#2913,#3208,.T.);
#3208 = LINE('',#3209,#3210);
#3209 = CARTESIAN_POINT('',(2.64,0.425,1.05));
#3210 = VECTOR('',#3211,1.);
#3211 = DIRECTION('',(-1.,2.22044604925E-16,-2.22044604925E-16));
#3212 = ORIENTED_EDGE('',*,*,#2912,.F.);
#3213 = PLANE('',#3214);
#3214 = AXIS2_PLACEMENT_3D('',#3215,#3216,#3217);
#3215 = CARTESIAN_POINT('',(2.64,0.845,1.05));
#3216 = DIRECTION('',(-2.22044604925E-16,2.22044604925E-16,1.));
#3217 = DIRECTION('',(1.,-2.22044604925E-16,2.22044604925E-16));
#3218 = ADVANCED_FACE('',(#3219),#3238,.T.);
#3219 = FACE_BOUND('',#3220,.T.);
#3220 = EDGE_LOOP('',(#3221,#3222,#3231,#3237));
#3221 = ORIENTED_EDGE('',*,*,#2686,.T.);
#3222 = ORIENTED_EDGE('',*,*,#3223,.T.);
#3223 = EDGE_CURVE('',#2687,#3224,#3226,.T.);
#3224 = VERTEX_POINT('',#3225);
#3225 = CARTESIAN_POINT('',(3.220096735909,0.425,0.932351039892));
#3226 = CIRCLE('',#3227,0.45);
#3227 = AXIS2_PLACEMENT_3D('',#3228,#3229,#3230);
#3228 = CARTESIAN_POINT('',(2.79,0.425,0.8));
#3229 = DIRECTION('',(2.22044604925E-16,1.,-2.22044604925E-16));
#3230 = DIRECTION('',(-1.,2.22044604925E-16,-2.22044604925E-16));
#3231 = ORIENTED_EDGE('',*,*,#3232,.F.);
#3232 = EDGE_CURVE('',#2623,#3224,#3233,.T.);
#3233 = LINE('',#3234,#3235);
#3234 = CARTESIAN_POINT('',(3.220096735909,0.845,0.932351039892));
#3235 = VECTOR('',#3236,1.);
#3236 = DIRECTION('',(-2.22044604925E-16,-1.,2.22044604925E-16));
#3237 = ORIENTED_EDGE('',*,*,#2630,.F.);
#3238 = CYLINDRICAL_SURFACE('',#3239,0.45);
#3239 = AXIS2_PLACEMENT_3D('',#3240,#3241,#3242);
#3240 = CARTESIAN_POINT('',(2.79,0.845,0.8));
#3241 = DIRECTION('',(2.22044604925E-16,1.,-2.22044604925E-16));
#3242 = DIRECTION('',(-1.,2.22044604925E-16,-2.22044604925E-16));
#3243 = ADVANCED_FACE('',(#3244),#3262,.T.);
#3244 = FACE_BOUND('',#3245,.F.);
#3245 = EDGE_LOOP('',(#3246,#3254,#3260,#3261));
#3246 = ORIENTED_EDGE('',*,*,#3247,.T.);
#3247 = EDGE_CURVE('',#2614,#3248,#3250,.T.);
#3248 = VERTEX_POINT('',#3249);
#3249 = CARTESIAN_POINT('',(3.391154104848,0.425,0.376471644504));
#3250 = LINE('',#3251,#3252);
#3251 = CARTESIAN_POINT('',(3.391154104848,0.845,0.376471644504));
#3252 = VECTOR('',#3253,1.);
#3253 = DIRECTION('',(-2.22044604925E-16,-1.,2.22044604925E-16));
#3254 = ORIENTED_EDGE('',*,*,#3255,.T.);
#3255 = EDGE_CURVE('',#3248,#3224,#3256,.T.);
#3256 = LINE('',#3257,#3258);
#3257 = CARTESIAN_POINT('',(3.391154104848,0.425,0.376471644504));
#3258 = VECTOR('',#3259,1.);
#3259 = DIRECTION('',(-0.294113421982,2.775299870415E-16,0.955770524242)
  );
#3260 = ORIENTED_EDGE('',*,*,#3232,.F.);
#3261 = ORIENTED_EDGE('',*,*,#2622,.F.);
#3262 = PLANE('',#3263);
#3263 = AXIS2_PLACEMENT_3D('',#3264,#3265,#3266);
#3264 = CARTESIAN_POINT('',(3.391154104848,0.845,0.376471644504));
#3265 = DIRECTION('',(0.955770524242,-1.469173898672E-16,0.294113421982)
  );
#3266 = DIRECTION('',(0.294113421982,-2.775299870415E-16,-0.955770524242
    ));
#3267 = ADVANCED_FACE('',(#3268),#3287,.F.);
#3268 = FACE_BOUND('',#3269,.F.);
#3269 = EDGE_LOOP('',(#3270,#3278,#3285,#3286));
#3270 = ORIENTED_EDGE('',*,*,#3271,.T.);
#3271 = EDGE_CURVE('',#2606,#3272,#3274,.T.);
#3272 = VERTEX_POINT('',#3273);
#3273 = CARTESIAN_POINT('',(3.630096735909,0.425,0.2));
#3274 = LINE('',#3275,#3276);
#3275 = CARTESIAN_POINT('',(3.630096735909,0.845,0.2));
#3276 = VECTOR('',#3277,1.);
#3277 = DIRECTION('',(-2.22044604925E-16,-1.,2.22044604925E-16));
#3278 = ORIENTED_EDGE('',*,*,#3279,.T.);
#3279 = EDGE_CURVE('',#3272,#3248,#3280,.T.);
#3280 = CIRCLE('',#3281,0.25);
#3281 = AXIS2_PLACEMENT_3D('',#3282,#3283,#3284);
#3282 = CARTESIAN_POINT('',(3.630096735909,0.425,0.45));
#3283 = DIRECTION('',(2.22044604925E-16,1.,-2.22044604925E-16));
#3284 = DIRECTION('',(-1.,2.22044604925E-16,-2.22044604925E-16));
#3285 = ORIENTED_EDGE('',*,*,#3247,.F.);
#3286 = ORIENTED_EDGE('',*,*,#2613,.F.);
#3287 = CYLINDRICAL_SURFACE('',#3288,0.25);
#3288 = AXIS2_PLACEMENT_3D('',#3289,#3290,#3291);
#3289 = CARTESIAN_POINT('',(3.630096735909,0.845,0.45));
#3290 = DIRECTION('',(2.22044604925E-16,1.,-2.22044604925E-16));
#3291 = DIRECTION('',(-1.,2.22044604925E-16,-2.22044604925E-16));
#3292 = ADVANCED_FACE('',(#3293),#3311,.T.);
#3293 = FACE_BOUND('',#3294,.F.);
#3294 = EDGE_LOOP('',(#3295,#3303,#3309,#3310));
#3295 = ORIENTED_EDGE('',*,*,#3296,.T.);
#3296 = EDGE_CURVE('',#2598,#3297,#3299,.T.);
#3297 = VERTEX_POINT('',#3298);
#3298 = CARTESIAN_POINT('',(3.95,0.425,0.2));
#3299 = LINE('',#3300,#3301);
#3300 = CARTESIAN_POINT('',(3.95,0.845,0.2));
#3301 = VECTOR('',#3302,1.);
#3302 = DIRECTION('',(-2.22044604925E-16,-1.,2.22044604925E-16));
#3303 = ORIENTED_EDGE('',*,*,#3304,.T.);
#3304 = EDGE_CURVE('',#3297,#3272,#3305,.T.);
#3305 = LINE('',#3306,#3307);
#3306 = CARTESIAN_POINT('',(3.95,0.425,0.2));
#3307 = VECTOR('',#3308,1.);
#3308 = DIRECTION('',(-1.,2.22044604925E-16,-2.22044604925E-16));
#3309 = ORIENTED_EDGE('',*,*,#3271,.F.);
#3310 = ORIENTED_EDGE('',*,*,#2605,.F.);
#3311 = PLANE('',#3312);
#3312 = AXIS2_PLACEMENT_3D('',#3313,#3314,#3315);
#3313 = CARTESIAN_POINT('',(3.95,0.845,0.2));
#3314 = DIRECTION('',(-2.22044604925E-16,2.22044604925E-16,1.));
#3315 = DIRECTION('',(1.,-2.22044604925E-16,2.22044604925E-16));
#3316 = ADVANCED_FACE('',(#3317),#3335,.T.);
#3317 = FACE_BOUND('',#3318,.F.);
#3318 = EDGE_LOOP('',(#3319,#3327,#3333,#3334));
#3319 = ORIENTED_EDGE('',*,*,#3320,.T.);
#3320 = EDGE_CURVE('',#2590,#3321,#3323,.T.);
#3321 = VERTEX_POINT('',#3322);
#3322 = CARTESIAN_POINT('',(3.95,0.425,1.064703863187E-15));
#3323 = LINE('',#3324,#3325);
#3324 = CARTESIAN_POINT('',(3.95,0.845,9.714451291182E-16));
#3325 = VECTOR('',#3326,1.);
#3326 = DIRECTION('',(-2.22044604925E-16,-1.,2.22044604925E-16));
#3327 = ORIENTED_EDGE('',*,*,#3328,.T.);
#3328 = EDGE_CURVE('',#3321,#3297,#3329,.T.);
#3329 = LINE('',#3330,#3331);
#3330 = CARTESIAN_POINT('',(3.95,0.425,1.33226762955E-15));
#3331 = VECTOR('',#3332,1.);
#3332 = DIRECTION('',(-2.22044604925E-16,2.22044604925E-16,1.));
#3333 = ORIENTED_EDGE('',*,*,#3296,.F.);
#3334 = ORIENTED_EDGE('',*,*,#2597,.F.);
#3335 = PLANE('',#3336);
#3336 = AXIS2_PLACEMENT_3D('',#3337,#3338,#3339);
#3337 = CARTESIAN_POINT('',(3.95,0.845,9.714451291182E-16));
#3338 = DIRECTION('',(1.,-2.22044604925E-16,2.22044604925E-16));
#3339 = DIRECTION('',(2.22044604925E-16,-2.22044604925E-16,-1.));
#3340 = ADVANCED_FACE('',(#3341),#3352,.T.);
#3341 = FACE_BOUND('',#3342,.F.);
#3342 = EDGE_LOOP('',(#3343,#3344,#3350,#3351));
#3343 = ORIENTED_EDGE('',*,*,#3100,.T.);
#3344 = ORIENTED_EDGE('',*,*,#3345,.T.);
#3345 = EDGE_CURVE('',#3101,#3321,#3346,.T.);
#3346 = LINE('',#3347,#3348);
#3347 = CARTESIAN_POINT('',(3.630096735909,0.425,1.33226762955E-15));
#3348 = VECTOR('',#3349,1.);
#3349 = DIRECTION('',(1.,-2.22044604925E-16,2.22044604925E-16));
#3350 = ORIENTED_EDGE('',*,*,#3320,.F.);
#3351 = ORIENTED_EDGE('',*,*,#2589,.F.);
#3352 = PLANE('',#3353);
#3353 = AXIS2_PLACEMENT_3D('',#3354,#3355,#3356);
#3354 = CARTESIAN_POINT('',(3.630096735909,0.845,9.004123352289E-16));
#3355 = DIRECTION('',(2.22044604925E-16,-2.22044604925E-16,-1.));
#3356 = DIRECTION('',(-1.,2.22044604925E-16,-2.22044604925E-16));
#3357 = ADVANCED_FACE('',(#3358),#3378,.F.);
#3358 = FACE_BOUND('',#3359,.T.);
#3359 = EDGE_LOOP('',(#3360,#3361,#3362,#3363,#3364,#3365,#3366,#3367,
    #3368,#3374,#3375,#3376,#3377));
#3360 = ORIENTED_EDGE('',*,*,#3108,.F.);
#3361 = ORIENTED_EDGE('',*,*,#3345,.T.);
#3362 = ORIENTED_EDGE('',*,*,#3328,.T.);
#3363 = ORIENTED_EDGE('',*,*,#3304,.T.);
#3364 = ORIENTED_EDGE('',*,*,#3279,.T.);
#3365 = ORIENTED_EDGE('',*,*,#3255,.T.);
#3366 = ORIENTED_EDGE('',*,*,#3223,.F.);
#3367 = ORIENTED_EDGE('',*,*,#2694,.T.);
#3368 = ORIENTED_EDGE('',*,*,#3369,.T.);
#3369 = EDGE_CURVE('',#1957,#2913,#3370,.T.);
#3370 = LINE('',#3371,#3372);
#3371 = CARTESIAN_POINT('',(5.E-02,0.425,1.073278268204));
#3372 = VECTOR('',#3373,1.);
#3373 = DIRECTION('',(0.,0.,-1.));
#3374 = ORIENTED_EDGE('',*,*,#3207,.F.);
#3375 = ORIENTED_EDGE('',*,*,#3182,.F.);
#3376 = ORIENTED_EDGE('',*,*,#3164,.T.);
#3377 = ORIENTED_EDGE('',*,*,#3133,.F.);
#3378 = PLANE('',#3379);
#3379 = AXIS2_PLACEMENT_3D('',#3380,#3381,#3382);
#3380 = CARTESIAN_POINT('',(2.136753485958,0.425,0.896556536409));
#3381 = DIRECTION('',(2.22044604925E-16,1.,0.));
#3382 = DIRECTION('',(2.22044604925E-16,-2.465190328816E-32,-1.));
#3383 = ADVANCED_FACE('',(#3384),#3402,.T.);
#3384 = FACE_BOUND('',#3385,.T.);
#3385 = EDGE_LOOP('',(#3386,#3387,#3388,#3396));
#3386 = ORIENTED_EDGE('',*,*,#3369,.F.);
#3387 = ORIENTED_EDGE('',*,*,#2734,.T.);
#3388 = ORIENTED_EDGE('',*,*,#3389,.T.);
#3389 = EDGE_CURVE('',#2727,#3390,#3392,.T.);
#3390 = VERTEX_POINT('',#3391);
#3391 = CARTESIAN_POINT('',(5.E-02,-0.425,1.05));
#3392 = LINE('',#3393,#3394);
#3393 = CARTESIAN_POINT('',(5.E-02,-0.425,1.073278268204));
#3394 = VECTOR('',#3395,1.);
#3395 = DIRECTION('',(0.,0.,-1.));
#3396 = ORIENTED_EDGE('',*,*,#3397,.F.);
#3397 = EDGE_CURVE('',#2913,#3390,#3398,.T.);
#3398 = LINE('',#3399,#3400);
#3399 = CARTESIAN_POINT('',(5.E-02,2.115,1.05));
#3400 = VECTOR('',#3401,1.);
#3401 = DIRECTION('',(0.,-1.,2.22044604925E-16));
#3402 = PLANE('',#3403);
#3403 = AXIS2_PLACEMENT_3D('',#3404,#3405,#3406);
#3404 = CARTESIAN_POINT('',(5.E-02,2.115,1.25));
#3405 = DIRECTION('',(1.,0.,0.));
#3406 = DIRECTION('',(0.,-2.22044604925E-16,-1.));
#3407 = ADVANCED_FACE('',(#3408),#3433,.T.);
#3408 = FACE_BOUND('',#3409,.T.);
#3409 = EDGE_LOOP('',(#3410,#3411,#3419,#3427));
#3410 = ORIENTED_EDGE('',*,*,#2726,.T.);
#3411 = ORIENTED_EDGE('',*,*,#3412,.T.);
#3412 = EDGE_CURVE('',#2719,#3413,#3415,.T.);
#3413 = VERTEX_POINT('',#3414);
#3414 = CARTESIAN_POINT('',(-2.32591723659E-16,-0.845,1.25));
#3415 = LINE('',#3416,#3417);
#3416 = CARTESIAN_POINT('',(1.409983241274E-16,-0.425,1.25));
#3417 = VECTOR('',#3418,1.);
#3418 = DIRECTION('',(0.,-1.,2.22044604925E-16));
#3419 = ORIENTED_EDGE('',*,*,#3420,.F.);
#3420 = EDGE_CURVE('',#3421,#3413,#3423,.T.);
#3421 = VERTEX_POINT('',#3422);
#3422 = CARTESIAN_POINT('',(5.E-02,-0.845,1.25));
#3423 = LINE('',#3424,#3425);
#3424 = CARTESIAN_POINT('',(2.79,-0.845,1.25));
#3425 = VECTOR('',#3426,1.);
#3426 = DIRECTION('',(-1.,2.22044604925E-16,-2.22044604925E-16));
#3427 = ORIENTED_EDGE('',*,*,#3428,.F.);
#3428 = EDGE_CURVE('',#2727,#3421,#3429,.T.);
#3429 = LINE('',#3430,#3431);
#3430 = CARTESIAN_POINT('',(5.E-02,2.115,1.25));
#3431 = VECTOR('',#3432,1.);
#3432 = DIRECTION('',(0.,-1.,2.22044604925E-16));
#3433 = PLANE('',#3434);
#3434 = AXIS2_PLACEMENT_3D('',#3435,#3436,#3437);
#3435 = CARTESIAN_POINT('',(-5.E-02,2.115,1.25));
#3436 = DIRECTION('',(0.,2.22044604925E-16,1.));
#3437 = DIRECTION('',(1.,0.,0.));
#3438 = ADVANCED_FACE('',(#3439),#3457,.T.);
#3439 = FACE_BOUND('',#3440,.T.);
#3440 = EDGE_LOOP('',(#3441,#3442,#3450,#3456));
#3441 = ORIENTED_EDGE('',*,*,#2718,.F.);
#3442 = ORIENTED_EDGE('',*,*,#3443,.T.);
#3443 = EDGE_CURVE('',#2711,#3444,#3446,.T.);
#3444 = VERTEX_POINT('',#3445);
#3445 = CARTESIAN_POINT('',(-5.E-02,-0.845,1.25));
#3446 = LINE('',#3447,#3448);
#3447 = CARTESIAN_POINT('',(-5.E-02,2.115,1.25));
#3448 = VECTOR('',#3449,1.);
#3449 = DIRECTION('',(0.,-1.,2.22044604925E-16));
#3450 = ORIENTED_EDGE('',*,*,#3451,.T.);
#3451 = EDGE_CURVE('',#3444,#3413,#3452,.T.);
#3452 = LINE('',#3453,#3454);
#3453 = CARTESIAN_POINT('',(-2.79,-0.845,1.25));
#3454 = VECTOR('',#3455,1.);
#3455 = DIRECTION('',(1.,0.,0.));
#3456 = ORIENTED_EDGE('',*,*,#3412,.F.);
#3457 = PLANE('',#3458);
#3458 = AXIS2_PLACEMENT_3D('',#3459,#3460,#3461);
#3459 = CARTESIAN_POINT('',(-5.E-02,2.115,1.25));
#3460 = DIRECTION('',(0.,2.22044604925E-16,1.));
#3461 = DIRECTION('',(1.,0.,0.));
#3462 = ADVANCED_FACE('',(#3463),#3486,.T.);
#3463 = FACE_BOUND('',#3464,.T.);
#3464 = EDGE_LOOP('',(#3465,#3471,#3479,#3485));
#3465 = ORIENTED_EDGE('',*,*,#3466,.T.);
#3466 = EDGE_CURVE('',#1980,#2890,#3467,.T.);
#3467 = LINE('',#3468,#3469);
#3468 = CARTESIAN_POINT('',(-5.E-02,0.425,0.973278268204));
#3469 = VECTOR('',#3470,1.);
#3470 = DIRECTION('',(0.,0.,-1.));
#3471 = ORIENTED_EDGE('',*,*,#3472,.T.);
#3472 = EDGE_CURVE('',#2890,#3473,#3475,.T.);
#3473 = VERTEX_POINT('',#3474);
#3474 = CARTESIAN_POINT('',(-5.E-02,-0.425,1.05));
#3475 = LINE('',#3476,#3477);
#3476 = CARTESIAN_POINT('',(-5.E-02,2.115,1.05));
#3477 = VECTOR('',#3478,1.);
#3478 = DIRECTION('',(0.,-1.,2.22044604925E-16));
#3479 = ORIENTED_EDGE('',*,*,#3480,.F.);
#3480 = EDGE_CURVE('',#2711,#3473,#3481,.T.);
#3481 = LINE('',#3482,#3483);
#3482 = CARTESIAN_POINT('',(-5.E-02,-0.425,0.973278268204));
#3483 = VECTOR('',#3484,1.);
#3484 = DIRECTION('',(0.,0.,-1.));
#3485 = ORIENTED_EDGE('',*,*,#2710,.F.);
#3486 = PLANE('',#3487);
#3487 = AXIS2_PLACEMENT_3D('',#3488,#3489,#3490);
#3488 = CARTESIAN_POINT('',(-5.E-02,2.115,1.05));
#3489 = DIRECTION('',(-1.,0.,0.));
#3490 = DIRECTION('',(0.,2.22044604925E-16,1.));
#3491 = ADVANCED_FACE('',(#3492),#3586,.F.);
#3492 = FACE_BOUND('',#3493,.F.);
#3493 = EDGE_LOOP('',(#3494,#3505,#3513,#3521,#3529,#3538,#3546,#3553,
    #3554,#3555,#3563,#3571,#3580));
#3494 = ORIENTED_EDGE('',*,*,#3495,.F.);
#3495 = EDGE_CURVE('',#3496,#3498,#3500,.T.);
#3496 = VERTEX_POINT('',#3497);
#3497 = CARTESIAN_POINT('',(-3.630096735909,0.425,1.876276779268E-16));
#3498 = VERTEX_POINT('',#3499);
#3499 = CARTESIAN_POINT('',(-3.2,0.425,0.317648960108));
#3500 = CIRCLE('',#3501,0.45);
#3501 = AXIS2_PLACEMENT_3D('',#3502,#3503,#3504);
#3502 = CARTESIAN_POINT('',(-3.630096735909,0.425,0.45));
#3503 = DIRECTION('',(0.,-1.,2.22044604925E-16));
#3504 = DIRECTION('',(1.,0.,0.));
#3505 = ORIENTED_EDGE('',*,*,#3506,.T.);
#3506 = EDGE_CURVE('',#3496,#3507,#3509,.T.);
#3507 = VERTEX_POINT('',#3508);
#3508 = CARTESIAN_POINT('',(-3.95,0.425,1.876276737329E-16));
#3509 = LINE('',#3510,#3511);
#3510 = CARTESIAN_POINT('',(-3.630096735909,0.425,2.22044604925E-16));
#3511 = VECTOR('',#3512,1.);
#3512 = DIRECTION('',(-1.,0.,0.));
#3513 = ORIENTED_EDGE('',*,*,#3514,.T.);
#3514 = EDGE_CURVE('',#3507,#3515,#3517,.T.);
#3515 = VERTEX_POINT('',#3516);
#3516 = CARTESIAN_POINT('',(-3.95,0.425,0.2));
#3517 = LINE('',#3518,#3519);
#3518 = CARTESIAN_POINT('',(-3.95,0.425,2.22044604925E-16));
#3519 = VECTOR('',#3520,1.);
#3520 = DIRECTION('',(0.,2.22044604925E-16,1.));
#3521 = ORIENTED_EDGE('',*,*,#3522,.T.);
#3522 = EDGE_CURVE('',#3515,#3523,#3525,.T.);
#3523 = VERTEX_POINT('',#3524);
#3524 = CARTESIAN_POINT('',(-3.630096735909,0.425,0.2));
#3525 = LINE('',#3526,#3527);
#3526 = CARTESIAN_POINT('',(-3.95,0.425,0.2));
#3527 = VECTOR('',#3528,1.);
#3528 = DIRECTION('',(1.,0.,0.));
#3529 = ORIENTED_EDGE('',*,*,#3530,.T.);
#3530 = EDGE_CURVE('',#3523,#3531,#3533,.T.);
#3531 = VERTEX_POINT('',#3532);
#3532 = CARTESIAN_POINT('',(-3.391154104848,0.425,0.376471644504));
#3533 = CIRCLE('',#3534,0.25);
#3534 = AXIS2_PLACEMENT_3D('',#3535,#3536,#3537);
#3535 = CARTESIAN_POINT('',(-3.630096735909,0.425,0.45));
#3536 = DIRECTION('',(0.,-1.,2.22044604925E-16));
#3537 = DIRECTION('',(1.,0.,0.));
#3538 = ORIENTED_EDGE('',*,*,#3539,.T.);
#3539 = EDGE_CURVE('',#3531,#3540,#3542,.T.);
#3540 = VERTEX_POINT('',#3541);
#3541 = CARTESIAN_POINT('',(-3.220096735909,0.425,0.932351039892));
#3542 = LINE('',#3543,#3544);
#3543 = CARTESIAN_POINT('',(-3.391154104848,0.425,0.376471644504));
#3544 = VECTOR('',#3545,1.);
#3545 = DIRECTION('',(0.294113421982,2.122236884543E-16,0.955770524242)
  );
#3546 = ORIENTED_EDGE('',*,*,#3547,.F.);
#3547 = EDGE_CURVE('',#2758,#3540,#3548,.T.);
#3548 = CIRCLE('',#3549,0.45);
#3549 = AXIS2_PLACEMENT_3D('',#3550,#3551,#3552);
#3550 = CARTESIAN_POINT('',(-2.79,0.425,0.8));
#3551 = DIRECTION('',(0.,-1.,2.22044604925E-16));
#3552 = DIRECTION('',(1.,0.,0.));
#3553 = ORIENTED_EDGE('',*,*,#2765,.T.);
#3554 = ORIENTED_EDGE('',*,*,#3466,.T.);
#3555 = ORIENTED_EDGE('',*,*,#3556,.F.);
#3556 = EDGE_CURVE('',#3557,#2890,#3559,.T.);
#3557 = VERTEX_POINT('',#3558);
#3558 = CARTESIAN_POINT('',(-2.64,0.425,1.05));
#3559 = LINE('',#3560,#3561);
#3560 = CARTESIAN_POINT('',(-2.64,0.425,1.05));
#3561 = VECTOR('',#3562,1.);
#3562 = DIRECTION('',(1.,0.,0.));
#3563 = ORIENTED_EDGE('',*,*,#3564,.F.);
#3564 = EDGE_CURVE('',#3565,#3557,#3567,.T.);
#3565 = VERTEX_POINT('',#3566);
#3566 = CARTESIAN_POINT('',(-2.79,0.425,1.05));
#3567 = LINE('',#3568,#3569);
#3568 = CARTESIAN_POINT('',(-2.79,0.425,1.05));
#3569 = VECTOR('',#3570,1.);
#3570 = DIRECTION('',(1.,0.,0.));
#3571 = ORIENTED_EDGE('',*,*,#3572,.T.);
#3572 = EDGE_CURVE('',#3565,#3573,#3575,.T.);
#3573 = VERTEX_POINT('',#3574);
#3574 = CARTESIAN_POINT('',(-3.02894263106,0.425,0.873528355496));
#3575 = CIRCLE('',#3576,0.25);
#3576 = AXIS2_PLACEMENT_3D('',#3577,#3578,#3579);
#3577 = CARTESIAN_POINT('',(-2.79,0.425,0.8));
#3578 = DIRECTION('',(0.,-1.,2.22044604925E-16));
#3579 = DIRECTION('',(1.,0.,0.));
#3580 = ORIENTED_EDGE('',*,*,#3581,.F.);
#3581 = EDGE_CURVE('',#3498,#3573,#3582,.T.);
#3582 = LINE('',#3583,#3584);
#3583 = CARTESIAN_POINT('',(-3.2,0.425,0.317648960108));
#3584 = VECTOR('',#3585,1.);
#3585 = DIRECTION('',(0.294113421982,2.122236884543E-16,0.955770524242)
  );
#3586 = PLANE('',#3587);
#3587 = AXIS2_PLACEMENT_3D('',#3588,#3589,#3590);
#3588 = CARTESIAN_POINT('',(-2.136753485958,0.425,0.896556536409));
#3589 = DIRECTION('',(0.,1.,0.));
#3590 = DIRECTION('',(0.,0.,1.));
#3591 = ADVANCED_FACE('',(#3592),#3603,.T.);
#3592 = FACE_BOUND('',#3593,.F.);
#3593 = EDGE_LOOP('',(#3594,#3595,#3596,#3602));
#3594 = ORIENTED_EDGE('',*,*,#2757,.T.);
#3595 = ORIENTED_EDGE('',*,*,#3547,.T.);
#3596 = ORIENTED_EDGE('',*,*,#3597,.F.);
#3597 = EDGE_CURVE('',#2825,#3540,#3598,.T.);
#3598 = LINE('',#3599,#3600);
#3599 = CARTESIAN_POINT('',(-3.220096735909,0.845,0.932351039892));
#3600 = VECTOR('',#3601,1.);
#3601 = DIRECTION('',(0.,-1.,2.22044604925E-16));
#3602 = ORIENTED_EDGE('',*,*,#2832,.F.);
#3603 = CYLINDRICAL_SURFACE('',#3604,0.45);
#3604 = AXIS2_PLACEMENT_3D('',#3605,#3606,#3607);
#3605 = CARTESIAN_POINT('',(-2.79,0.845,0.8));
#3606 = DIRECTION('',(0.,1.,-2.22044604925E-16));
#3607 = DIRECTION('',(1.,0.,0.));
#3608 = ADVANCED_FACE('',(#3609),#3625,.T.);
#3609 = FACE_BOUND('',#3610,.F.);
#3610 = EDGE_LOOP('',(#3611,#3617,#3618,#3624));
#3611 = ORIENTED_EDGE('',*,*,#3612,.T.);
#3612 = EDGE_CURVE('',#2781,#3496,#3613,.T.);
#3613 = LINE('',#3614,#3615);
#3614 = CARTESIAN_POINT('',(-3.630096735909,0.845,0.));
#3615 = VECTOR('',#3616,1.);
#3616 = DIRECTION('',(0.,-1.,2.22044604925E-16));
#3617 = ORIENTED_EDGE('',*,*,#3495,.T.);
#3618 = ORIENTED_EDGE('',*,*,#3619,.F.);
#3619 = EDGE_CURVE('',#2783,#3498,#3620,.T.);
#3620 = LINE('',#3621,#3622);
#3621 = CARTESIAN_POINT('',(-3.2,0.845,0.317648960108));
#3622 = VECTOR('',#3623,1.);
#3623 = DIRECTION('',(0.,-1.,2.22044604925E-16));
#3624 = ORIENTED_EDGE('',*,*,#2780,.F.);
#3625 = CYLINDRICAL_SURFACE('',#3626,0.45);
#3626 = AXIS2_PLACEMENT_3D('',#3627,#3628,#3629);
#3627 = CARTESIAN_POINT('',(-3.630096735909,0.845,0.45));
#3628 = DIRECTION('',(0.,1.,-2.22044604925E-16));
#3629 = DIRECTION('',(1.,0.,0.));
#3630 = ADVANCED_FACE('',(#3631),#3642,.F.);
#3631 = FACE_BOUND('',#3632,.F.);
#3632 = EDGE_LOOP('',(#3633,#3634,#3635,#3641));
#3633 = ORIENTED_EDGE('',*,*,#3619,.T.);
#3634 = ORIENTED_EDGE('',*,*,#3581,.T.);
#3635 = ORIENTED_EDGE('',*,*,#3636,.F.);
#3636 = EDGE_CURVE('',#2858,#3573,#3637,.T.);
#3637 = LINE('',#3638,#3639);
#3638 = CARTESIAN_POINT('',(-3.02894263106,0.845,0.873528355496));
#3639 = VECTOR('',#3640,1.);
#3640 = DIRECTION('',(0.,-1.,2.22044604925E-16));
#3641 = ORIENTED_EDGE('',*,*,#2866,.F.);
#3642 = PLANE('',#3643);
#3643 = AXIS2_PLACEMENT_3D('',#3644,#3645,#3646);
#3644 = CARTESIAN_POINT('',(-3.2,0.845,0.317648960108));
#3645 = DIRECTION('',(-0.955770524242,6.530629858713E-17,0.294113421982)
  );
#3646 = DIRECTION('',(0.294113421982,2.122236884543E-16,0.955770524242)
  );
#3647 = ADVANCED_FACE('',(#3648),#3659,.F.);
#3648 = FACE_BOUND('',#3649,.T.);
#3649 = EDGE_LOOP('',(#3650,#3656,#3657,#3658));
#3650 = ORIENTED_EDGE('',*,*,#3651,.T.);
#3651 = EDGE_CURVE('',#2850,#3565,#3652,.T.);
#3652 = LINE('',#3653,#3654);
#3653 = CARTESIAN_POINT('',(-2.79,0.845,1.05));
#3654 = VECTOR('',#3655,1.);
#3655 = DIRECTION('',(0.,-1.,2.22044604925E-16));
#3656 = ORIENTED_EDGE('',*,*,#3572,.T.);
#3657 = ORIENTED_EDGE('',*,*,#3636,.F.);
#3658 = ORIENTED_EDGE('',*,*,#2857,.F.);
#3659 = CYLINDRICAL_SURFACE('',#3660,0.25);
#3660 = AXIS2_PLACEMENT_3D('',#3661,#3662,#3663);
#3661 = CARTESIAN_POINT('',(-2.79,0.845,0.8));
#3662 = DIRECTION('',(0.,1.,-2.22044604925E-16));
#3663 = DIRECTION('',(1.,0.,0.));
#3664 = ADVANCED_FACE('',(#3665),#3676,.F.);
#3665 = FACE_BOUND('',#3666,.F.);
#3666 = EDGE_LOOP('',(#3667,#3668,#3669,#3675));
#3667 = ORIENTED_EDGE('',*,*,#3651,.T.);
#3668 = ORIENTED_EDGE('',*,*,#3564,.T.);
#3669 = ORIENTED_EDGE('',*,*,#3670,.F.);
#3670 = EDGE_CURVE('',#2842,#3557,#3671,.T.);
#3671 = LINE('',#3672,#3673);
#3672 = CARTESIAN_POINT('',(-2.64,0.845,1.05));
#3673 = VECTOR('',#3674,1.);
#3674 = DIRECTION('',(0.,-1.,2.22044604925E-16));
#3675 = ORIENTED_EDGE('',*,*,#2849,.F.);
#3676 = PLANE('',#3677);
#3677 = AXIS2_PLACEMENT_3D('',#3678,#3679,#3680);
#3678 = CARTESIAN_POINT('',(-2.79,0.845,1.05));
#3679 = DIRECTION('',(0.,2.22044604925E-16,1.));
#3680 = DIRECTION('',(1.,0.,0.));
#3681 = ADVANCED_FACE('',(#3682),#3688,.F.);
#3682 = FACE_BOUND('',#3683,.F.);
#3683 = EDGE_LOOP('',(#3684,#3685,#3686,#3687));
#3684 = ORIENTED_EDGE('',*,*,#2841,.F.);
#3685 = ORIENTED_EDGE('',*,*,#3670,.T.);
#3686 = ORIENTED_EDGE('',*,*,#3556,.T.);
#3687 = ORIENTED_EDGE('',*,*,#2897,.F.);
#3688 = PLANE('',#3689);
#3689 = AXIS2_PLACEMENT_3D('',#3690,#3691,#3692);
#3690 = CARTESIAN_POINT('',(-2.64,0.845,1.05));
#3691 = DIRECTION('',(0.,2.22044604925E-16,1.));
#3692 = DIRECTION('',(1.,0.,0.));
#3693 = ADVANCED_FACE('',(#3694),#3705,.T.);
#3694 = FACE_BOUND('',#3695,.T.);
#3695 = EDGE_LOOP('',(#3696,#3702,#3703,#3704));
#3696 = ORIENTED_EDGE('',*,*,#3697,.T.);
#3697 = EDGE_CURVE('',#2816,#3531,#3698,.T.);
#3698 = LINE('',#3699,#3700);
#3699 = CARTESIAN_POINT('',(-3.391154104848,0.845,0.376471644504));
#3700 = VECTOR('',#3701,1.);
#3701 = DIRECTION('',(0.,-1.,2.22044604925E-16));
#3702 = ORIENTED_EDGE('',*,*,#3539,.T.);
#3703 = ORIENTED_EDGE('',*,*,#3597,.F.);
#3704 = ORIENTED_EDGE('',*,*,#2824,.F.);
#3705 = PLANE('',#3706);
#3706 = AXIS2_PLACEMENT_3D('',#3707,#3708,#3709);
#3707 = CARTESIAN_POINT('',(-3.391154104848,0.845,0.376471644504));
#3708 = DIRECTION('',(-0.955770524242,6.530629858712E-17,0.294113421982)
  );
#3709 = DIRECTION('',(0.294113421982,2.122236884543E-16,0.955770524242)
  );
#3710 = ADVANCED_FACE('',(#3711),#3722,.F.);
#3711 = FACE_BOUND('',#3712,.T.);
#3712 = EDGE_LOOP('',(#3713,#3719,#3720,#3721));
#3713 = ORIENTED_EDGE('',*,*,#3714,.T.);
#3714 = EDGE_CURVE('',#2808,#3523,#3715,.T.);
#3715 = LINE('',#3716,#3717);
#3716 = CARTESIAN_POINT('',(-3.630096735909,0.845,0.2));
#3717 = VECTOR('',#3718,1.);
#3718 = DIRECTION('',(0.,-1.,2.22044604925E-16));
#3719 = ORIENTED_EDGE('',*,*,#3530,.T.);
#3720 = ORIENTED_EDGE('',*,*,#3697,.F.);
#3721 = ORIENTED_EDGE('',*,*,#2815,.F.);
#3722 = CYLINDRICAL_SURFACE('',#3723,0.25);
#3723 = AXIS2_PLACEMENT_3D('',#3724,#3725,#3726);
#3724 = CARTESIAN_POINT('',(-3.630096735909,0.845,0.45));
#3725 = DIRECTION('',(0.,1.,-2.22044604925E-16));
#3726 = DIRECTION('',(1.,0.,0.));
#3727 = ADVANCED_FACE('',(#3728),#3739,.T.);
#3728 = FACE_BOUND('',#3729,.T.);
#3729 = EDGE_LOOP('',(#3730,#3736,#3737,#3738));
#3730 = ORIENTED_EDGE('',*,*,#3731,.T.);
#3731 = EDGE_CURVE('',#2800,#3515,#3732,.T.);
#3732 = LINE('',#3733,#3734);
#3733 = CARTESIAN_POINT('',(-3.95,0.845,0.2));
#3734 = VECTOR('',#3735,1.);
#3735 = DIRECTION('',(0.,-1.,2.22044604925E-16));
#3736 = ORIENTED_EDGE('',*,*,#3522,.T.);
#3737 = ORIENTED_EDGE('',*,*,#3714,.F.);
#3738 = ORIENTED_EDGE('',*,*,#2807,.F.);
#3739 = PLANE('',#3740);
#3740 = AXIS2_PLACEMENT_3D('',#3741,#3742,#3743);
#3741 = CARTESIAN_POINT('',(-3.95,0.845,0.2));
#3742 = DIRECTION('',(0.,2.22044604925E-16,1.));
#3743 = DIRECTION('',(1.,0.,0.));
#3744 = ADVANCED_FACE('',(#3745),#3756,.T.);
#3745 = FACE_BOUND('',#3746,.T.);
#3746 = EDGE_LOOP('',(#3747,#3753,#3754,#3755));
#3747 = ORIENTED_EDGE('',*,*,#3748,.T.);
#3748 = EDGE_CURVE('',#2792,#3507,#3749,.T.);
#3749 = LINE('',#3750,#3751);
#3750 = CARTESIAN_POINT('',(-3.95,0.845,0.));
#3751 = VECTOR('',#3752,1.);
#3752 = DIRECTION('',(0.,-1.,2.22044604925E-16));
#3753 = ORIENTED_EDGE('',*,*,#3514,.T.);
#3754 = ORIENTED_EDGE('',*,*,#3731,.F.);
#3755 = ORIENTED_EDGE('',*,*,#2799,.F.);
#3756 = PLANE('',#3757);
#3757 = AXIS2_PLACEMENT_3D('',#3758,#3759,#3760);
#3758 = CARTESIAN_POINT('',(-3.95,0.845,0.));
#3759 = DIRECTION('',(-1.,0.,0.));
#3760 = DIRECTION('',(0.,2.22044604925E-16,1.));
#3761 = ADVANCED_FACE('',(#3762),#3768,.T.);
#3762 = FACE_BOUND('',#3763,.T.);
#3763 = EDGE_LOOP('',(#3764,#3765,#3766,#3767));
#3764 = ORIENTED_EDGE('',*,*,#3612,.T.);
#3765 = ORIENTED_EDGE('',*,*,#3506,.T.);
#3766 = ORIENTED_EDGE('',*,*,#3748,.F.);
#3767 = ORIENTED_EDGE('',*,*,#2791,.F.);
#3768 = PLANE('',#3769);
#3769 = AXIS2_PLACEMENT_3D('',#3770,#3771,#3772);
#3770 = CARTESIAN_POINT('',(-3.630096735909,0.845,0.));
#3771 = DIRECTION('',(0.,-2.22044604925E-16,-1.));
#3772 = DIRECTION('',(-1.,0.,0.));
#3773 = ADVANCED_FACE('',(#3774),#3794,.T.);
#3774 = FACE_BOUND('',#3775,.T.);
#3775 = EDGE_LOOP('',(#3776,#3777,#3778,#3786,#3792,#3793));
#3776 = ORIENTED_EDGE('',*,*,#2920,.F.);
#3777 = ORIENTED_EDGE('',*,*,#3397,.T.);
#3778 = ORIENTED_EDGE('',*,*,#3779,.T.);
#3779 = EDGE_CURVE('',#3390,#3780,#3782,.T.);
#3780 = VERTEX_POINT('',#3781);
#3781 = CARTESIAN_POINT('',(-1.637578961322E-16,-0.425,1.05));
#3782 = LINE('',#3783,#3784);
#3783 = CARTESIAN_POINT('',(2.64,-0.425,1.05));
#3784 = VECTOR('',#3785,1.);
#3785 = DIRECTION('',(-1.,2.22044604925E-16,-2.22044604925E-16));
#3786 = ORIENTED_EDGE('',*,*,#3787,.F.);
#3787 = EDGE_CURVE('',#3473,#3780,#3788,.T.);
#3788 = LINE('',#3789,#3790);
#3789 = CARTESIAN_POINT('',(-2.64,-0.425,1.05));
#3790 = VECTOR('',#3791,1.);
#3791 = DIRECTION('',(1.,0.,0.));
#3792 = ORIENTED_EDGE('',*,*,#3472,.F.);
#3793 = ORIENTED_EDGE('',*,*,#2889,.T.);
#3794 = PLANE('',#3795);
#3795 = AXIS2_PLACEMENT_3D('',#3796,#3797,#3798);
#3796 = CARTESIAN_POINT('',(5.E-02,2.115,1.05));
#3797 = DIRECTION('',(0.,-2.22044604925E-16,-1.));
#3798 = DIRECTION('',(-1.,0.,0.));
#3799 = ADVANCED_FACE('',(#3800),#3901,.T.);
#3800 = FACE_BOUND('',#3801,.F.);
#3801 = EDGE_LOOP('',(#3802,#3813,#3821,#3829,#3837,#3846,#3854,#3863,
    #3869,#3870,#3878,#3886,#3895));
#3802 = ORIENTED_EDGE('',*,*,#3803,.F.);
#3803 = EDGE_CURVE('',#3804,#3806,#3808,.T.);
#3804 = VERTEX_POINT('',#3805);
#3805 = CARTESIAN_POINT('',(3.630096735909,-0.425,1.04141066355E-15));
#3806 = VERTEX_POINT('',#3807);
#3807 = CARTESIAN_POINT('',(3.2,-0.425,0.317648960108));
#3808 = CIRCLE('',#3809,0.45);
#3809 = AXIS2_PLACEMENT_3D('',#3810,#3811,#3812);
#3810 = CARTESIAN_POINT('',(3.630096735909,-0.425,0.45));
#3811 = DIRECTION('',(2.22044604925E-16,1.,-2.22044604925E-16));
#3812 = DIRECTION('',(-1.,2.22044604925E-16,-2.22044604925E-16));
#3813 = ORIENTED_EDGE('',*,*,#3814,.T.);
#3814 = EDGE_CURVE('',#3804,#3815,#3817,.T.);
#3815 = VERTEX_POINT('',#3816);
#3816 = CARTESIAN_POINT('',(3.95,-0.425,1.112443453246E-15));
#3817 = LINE('',#3818,#3819);
#3818 = CARTESIAN_POINT('',(3.630096735909,-0.425,1.110223024625E-15));
#3819 = VECTOR('',#3820,1.);
#3820 = DIRECTION('',(1.,-2.22044604925E-16,2.22044604925E-16));
#3821 = ORIENTED_EDGE('',*,*,#3822,.T.);
#3822 = EDGE_CURVE('',#3815,#3823,#3825,.T.);
#3823 = VERTEX_POINT('',#3824);
#3824 = CARTESIAN_POINT('',(3.95,-0.425,0.2));
#3825 = LINE('',#3826,#3827);
#3826 = CARTESIAN_POINT('',(3.95,-0.425,1.110223024625E-15));
#3827 = VECTOR('',#3828,1.);
#3828 = DIRECTION('',(-2.22044604925E-16,2.22044604925E-16,1.));
#3829 = ORIENTED_EDGE('',*,*,#3830,.T.);
#3830 = EDGE_CURVE('',#3823,#3831,#3833,.T.);
#3831 = VERTEX_POINT('',#3832);
#3832 = CARTESIAN_POINT('',(3.630096735909,-0.425,0.2));
#3833 = LINE('',#3834,#3835);
#3834 = CARTESIAN_POINT('',(3.95,-0.425,0.2));
#3835 = VECTOR('',#3836,1.);
#3836 = DIRECTION('',(-1.,2.22044604925E-16,-2.22044604925E-16));
#3837 = ORIENTED_EDGE('',*,*,#3838,.T.);
#3838 = EDGE_CURVE('',#3831,#3839,#3841,.T.);
#3839 = VERTEX_POINT('',#3840);
#3840 = CARTESIAN_POINT('',(3.391154104848,-0.425,0.376471644504));
#3841 = CIRCLE('',#3842,0.25);
#3842 = AXIS2_PLACEMENT_3D('',#3843,#3844,#3845);
#3843 = CARTESIAN_POINT('',(3.630096735909,-0.425,0.45));
#3844 = DIRECTION('',(2.22044604925E-16,1.,-2.22044604925E-16));
#3845 = DIRECTION('',(-1.,2.22044604925E-16,-2.22044604925E-16));
#3846 = ORIENTED_EDGE('',*,*,#3847,.T.);
#3847 = EDGE_CURVE('',#3839,#3848,#3850,.T.);
#3848 = VERTEX_POINT('',#3849);
#3849 = CARTESIAN_POINT('',(3.220096735909,-0.425,0.932351039892));
#3850 = LINE('',#3851,#3852);
#3851 = CARTESIAN_POINT('',(3.391154104848,-0.425,0.376471644504));
#3852 = VECTOR('',#3853,1.);
#3853 = DIRECTION('',(-0.294113421982,2.775299870415E-16,0.955770524242)
  );
#3854 = ORIENTED_EDGE('',*,*,#3855,.F.);
#3855 = EDGE_CURVE('',#3856,#3848,#3858,.T.);
#3856 = VERTEX_POINT('',#3857);
#3857 = CARTESIAN_POINT('',(2.79,-0.425,1.25));
#3858 = CIRCLE('',#3859,0.45);
#3859 = AXIS2_PLACEMENT_3D('',#3860,#3861,#3862);
#3860 = CARTESIAN_POINT('',(2.79,-0.425,0.8));
#3861 = DIRECTION('',(2.22044604925E-16,1.,-2.22044604925E-16));
#3862 = DIRECTION('',(-1.,2.22044604925E-16,-2.22044604925E-16));
#3863 = ORIENTED_EDGE('',*,*,#3864,.T.);
#3864 = EDGE_CURVE('',#3856,#2727,#3865,.T.);
#3865 = LINE('',#3866,#3867);
#3866 = CARTESIAN_POINT('',(2.79,-0.425,1.25));
#3867 = VECTOR('',#3868,1.);
#3868 = DIRECTION('',(-1.,2.22044604925E-16,-2.22044604925E-16));
#3869 = ORIENTED_EDGE('',*,*,#3389,.T.);
#3870 = ORIENTED_EDGE('',*,*,#3871,.F.);
#3871 = EDGE_CURVE('',#3872,#3390,#3874,.T.);
#3872 = VERTEX_POINT('',#3873);
#3873 = CARTESIAN_POINT('',(2.64,-0.425,1.05));
#3874 = LINE('',#3875,#3876);
#3875 = CARTESIAN_POINT('',(2.64,-0.425,1.05));
#3876 = VECTOR('',#3877,1.);
#3877 = DIRECTION('',(-1.,2.22044604925E-16,-2.22044604925E-16));
#3878 = ORIENTED_EDGE('',*,*,#3879,.F.);
#3879 = EDGE_CURVE('',#3880,#3872,#3882,.T.);
#3880 = VERTEX_POINT('',#3881);
#3881 = CARTESIAN_POINT('',(2.79,-0.425,1.05));
#3882 = LINE('',#3883,#3884);
#3883 = CARTESIAN_POINT('',(2.79,-0.425,1.05));
#3884 = VECTOR('',#3885,1.);
#3885 = DIRECTION('',(-1.,2.22044604925E-16,-2.22044604925E-16));
#3886 = ORIENTED_EDGE('',*,*,#3887,.T.);
#3887 = EDGE_CURVE('',#3880,#3888,#3890,.T.);
#3888 = VERTEX_POINT('',#3889);
#3889 = CARTESIAN_POINT('',(3.02894263106,-0.425,0.873528355496));
#3890 = CIRCLE('',#3891,0.25);
#3891 = AXIS2_PLACEMENT_3D('',#3892,#3893,#3894);
#3892 = CARTESIAN_POINT('',(2.79,-0.425,0.8));
#3893 = DIRECTION('',(2.22044604925E-16,1.,-2.22044604925E-16));
#3894 = DIRECTION('',(-1.,2.22044604925E-16,-2.22044604925E-16));
#3895 = ORIENTED_EDGE('',*,*,#3896,.F.);
#3896 = EDGE_CURVE('',#3806,#3888,#3897,.T.);
#3897 = LINE('',#3898,#3899);
#3898 = CARTESIAN_POINT('',(3.2,-0.425,0.317648960108));
#3899 = VECTOR('',#3900,1.);
#3900 = DIRECTION('',(-0.294113421982,2.775299870415E-16,0.955770524242)
  );
#3901 = PLANE('',#3902);
#3902 = AXIS2_PLACEMENT_3D('',#3903,#3904,#3905);
#3903 = CARTESIAN_POINT('',(2.136753485958,-0.425,0.896556536409));
#3904 = DIRECTION('',(2.22044604925E-16,1.,0.));
#3905 = DIRECTION('',(2.22044604925E-16,-2.465190328816E-32,-1.));
#3906 = ADVANCED_FACE('',(#3907),#3925,.T.);
#3907 = FACE_BOUND('',#3908,.F.);
#3908 = EDGE_LOOP('',(#3909,#3910,#3918,#3924));
#3909 = ORIENTED_EDGE('',*,*,#3864,.F.);
#3910 = ORIENTED_EDGE('',*,*,#3911,.T.);
#3911 = EDGE_CURVE('',#3856,#3912,#3914,.T.);
#3912 = VERTEX_POINT('',#3913);
#3913 = CARTESIAN_POINT('',(2.79,-0.845,1.25));
#3914 = LINE('',#3915,#3916);
#3915 = CARTESIAN_POINT('',(2.79,-0.425,1.25));
#3916 = VECTOR('',#3917,1.);
#3917 = DIRECTION('',(-2.22044604925E-16,-1.,2.22044604925E-16));
#3918 = ORIENTED_EDGE('',*,*,#3919,.T.);
#3919 = EDGE_CURVE('',#3912,#3421,#3920,.T.);
#3920 = LINE('',#3921,#3922);
#3921 = CARTESIAN_POINT('',(2.79,-0.845,1.25));
#3922 = VECTOR('',#3923,1.);
#3923 = DIRECTION('',(-1.,2.22044604925E-16,-2.22044604925E-16));
#3924 = ORIENTED_EDGE('',*,*,#3428,.F.);
#3925 = PLANE('',#3926);
#3926 = AXIS2_PLACEMENT_3D('',#3927,#3928,#3929);
#3927 = CARTESIAN_POINT('',(2.79,-0.425,1.25));
#3928 = DIRECTION('',(-2.22044604925E-16,2.22044604925E-16,1.));
#3929 = DIRECTION('',(1.,-2.22044604925E-16,2.22044604925E-16));
#3930 = ADVANCED_FACE('',(#3931),#3965,.T.);
#3931 = FACE_BOUND('',#3932,.T.);
#3932 = EDGE_LOOP('',(#3933,#3934,#3942,#3950,#3958,#3964));
#3933 = ORIENTED_EDGE('',*,*,#3451,.F.);
#3934 = ORIENTED_EDGE('',*,*,#3935,.T.);
#3935 = EDGE_CURVE('',#3444,#3936,#3938,.T.);
#3936 = VERTEX_POINT('',#3937);
#3937 = CARTESIAN_POINT('',(-5.E-02,-1.695,1.25));
#3938 = LINE('',#3939,#3940);
#3939 = CARTESIAN_POINT('',(-5.E-02,2.115,1.25));
#3940 = VECTOR('',#3941,1.);
#3941 = DIRECTION('',(0.,-1.,2.22044604925E-16));
#3942 = ORIENTED_EDGE('',*,*,#3943,.T.);
#3943 = EDGE_CURVE('',#3936,#3944,#3946,.T.);
#3944 = VERTEX_POINT('',#3945);
#3945 = CARTESIAN_POINT('',(-2.179737871681E-16,-1.695,1.25));
#3946 = LINE('',#3947,#3948);
#3947 = CARTESIAN_POINT('',(-2.79,-1.695,1.25));
#3948 = VECTOR('',#3949,1.);
#3949 = DIRECTION('',(1.,0.,0.));
#3950 = ORIENTED_EDGE('',*,*,#3951,.F.);
#3951 = EDGE_CURVE('',#3952,#3944,#3954,.T.);
#3952 = VERTEX_POINT('',#3953);
#3953 = CARTESIAN_POINT('',(5.E-02,-1.695,1.25));
#3954 = LINE('',#3955,#3956);
#3955 = CARTESIAN_POINT('',(2.79,-1.695,1.25));
#3956 = VECTOR('',#3957,1.);
#3957 = DIRECTION('',(-1.,2.22044604925E-16,-2.22044604925E-16));
#3958 = ORIENTED_EDGE('',*,*,#3959,.F.);
#3959 = EDGE_CURVE('',#3421,#3952,#3960,.T.);
#3960 = LINE('',#3961,#3962);
#3961 = CARTESIAN_POINT('',(5.E-02,2.115,1.25));
#3962 = VECTOR('',#3963,1.);
#3963 = DIRECTION('',(0.,-1.,2.22044604925E-16));
#3964 = ORIENTED_EDGE('',*,*,#3420,.T.);
#3965 = PLANE('',#3966);
#3966 = AXIS2_PLACEMENT_3D('',#3967,#3968,#3969);
#3967 = CARTESIAN_POINT('',(-5.E-02,2.115,1.25));
#3968 = DIRECTION('',(0.,2.22044604925E-16,1.));
#3969 = DIRECTION('',(1.,0.,0.));
#3970 = ADVANCED_FACE('',(#3971),#3996,.T.);
#3971 = FACE_BOUND('',#3972,.T.);
#3972 = EDGE_LOOP('',(#3973,#3981,#3989,#3995));
#3973 = ORIENTED_EDGE('',*,*,#3974,.F.);
#3974 = EDGE_CURVE('',#3975,#2711,#3977,.T.);
#3975 = VERTEX_POINT('',#3976);
#3976 = CARTESIAN_POINT('',(-2.79,-0.425,1.25));
#3977 = LINE('',#3978,#3979);
#3978 = CARTESIAN_POINT('',(-2.79,-0.425,1.25));
#3979 = VECTOR('',#3980,1.);
#3980 = DIRECTION('',(1.,0.,0.));
#3981 = ORIENTED_EDGE('',*,*,#3982,.T.);
#3982 = EDGE_CURVE('',#3975,#3983,#3985,.T.);
#3983 = VERTEX_POINT('',#3984);
#3984 = CARTESIAN_POINT('',(-2.79,-0.845,1.25));
#3985 = LINE('',#3986,#3987);
#3986 = CARTESIAN_POINT('',(-2.79,-0.425,1.25));
#3987 = VECTOR('',#3988,1.);
#3988 = DIRECTION('',(0.,-1.,2.22044604925E-16));
#3989 = ORIENTED_EDGE('',*,*,#3990,.T.);
#3990 = EDGE_CURVE('',#3983,#3444,#3991,.T.);
#3991 = LINE('',#3992,#3993);
#3992 = CARTESIAN_POINT('',(-2.79,-0.845,1.25));
#3993 = VECTOR('',#3994,1.);
#3994 = DIRECTION('',(1.,0.,0.));
#3995 = ORIENTED_EDGE('',*,*,#3443,.F.);
#3996 = PLANE('',#3997);
#3997 = AXIS2_PLACEMENT_3D('',#3998,#3999,#4000);
#3998 = CARTESIAN_POINT('',(-2.79,-0.425,1.25));
#3999 = DIRECTION('',(0.,2.22044604925E-16,1.));
#4000 = DIRECTION('',(1.,0.,0.));
#4001 = ADVANCED_FACE('',(#4002),#4096,.T.);
#4002 = FACE_BOUND('',#4003,.T.);
#4003 = EDGE_LOOP('',(#4004,#4015,#4023,#4031,#4039,#4048,#4056,#4063,
    #4064,#4065,#4073,#4081,#4090));
#4004 = ORIENTED_EDGE('',*,*,#4005,.F.);
#4005 = EDGE_CURVE('',#4006,#4008,#4010,.T.);
#4006 = VERTEX_POINT('',#4007);
#4007 = CARTESIAN_POINT('',(-3.630096735909,-0.425,2.353672679856E-16));
#4008 = VERTEX_POINT('',#4009);
#4009 = CARTESIAN_POINT('',(-3.2,-0.425,0.317648960108));
#4010 = CIRCLE('',#4011,0.45);
#4011 = AXIS2_PLACEMENT_3D('',#4012,#4013,#4014);
#4012 = CARTESIAN_POINT('',(-3.630096735909,-0.425,0.45));
#4013 = DIRECTION('',(0.,-1.,2.22044604925E-16));
#4014 = DIRECTION('',(1.,0.,0.));
#4015 = ORIENTED_EDGE('',*,*,#4016,.T.);
#4016 = EDGE_CURVE('',#4006,#4017,#4019,.T.);
#4017 = VERTEX_POINT('',#4018);
#4018 = CARTESIAN_POINT('',(-3.95,-0.425,2.353672637918E-16));
#4019 = LINE('',#4020,#4021);
#4020 = CARTESIAN_POINT('',(-3.630096735909,-0.425,2.22044604925E-16));
#4021 = VECTOR('',#4022,1.);
#4022 = DIRECTION('',(-1.,0.,0.));
#4023 = ORIENTED_EDGE('',*,*,#4024,.T.);
#4024 = EDGE_CURVE('',#4017,#4025,#4027,.T.);
#4025 = VERTEX_POINT('',#4026);
#4026 = CARTESIAN_POINT('',(-3.95,-0.425,0.2));
#4027 = LINE('',#4028,#4029);
#4028 = CARTESIAN_POINT('',(-3.95,-0.425,2.22044604925E-16));
#4029 = VECTOR('',#4030,1.);
#4030 = DIRECTION('',(0.,2.22044604925E-16,1.));
#4031 = ORIENTED_EDGE('',*,*,#4032,.T.);
#4032 = EDGE_CURVE('',#4025,#4033,#4035,.T.);
#4033 = VERTEX_POINT('',#4034);
#4034 = CARTESIAN_POINT('',(-3.630096735909,-0.425,0.2));
#4035 = LINE('',#4036,#4037);
#4036 = CARTESIAN_POINT('',(-3.95,-0.425,0.2));
#4037 = VECTOR('',#4038,1.);
#4038 = DIRECTION('',(1.,0.,0.));
#4039 = ORIENTED_EDGE('',*,*,#4040,.T.);
#4040 = EDGE_CURVE('',#4033,#4041,#4043,.T.);
#4041 = VERTEX_POINT('',#4042);
#4042 = CARTESIAN_POINT('',(-3.391154104848,-0.425,0.376471644504));
#4043 = CIRCLE('',#4044,0.25);
#4044 = AXIS2_PLACEMENT_3D('',#4045,#4046,#4047);
#4045 = CARTESIAN_POINT('',(-3.630096735909,-0.425,0.45));
#4046 = DIRECTION('',(0.,-1.,2.22044604925E-16));
#4047 = DIRECTION('',(1.,0.,0.));
#4048 = ORIENTED_EDGE('',*,*,#4049,.T.);
#4049 = EDGE_CURVE('',#4041,#4050,#4052,.T.);
#4050 = VERTEX_POINT('',#4051);
#4051 = CARTESIAN_POINT('',(-3.220096735909,-0.425,0.932351039892));
#4052 = LINE('',#4053,#4054);
#4053 = CARTESIAN_POINT('',(-3.391154104848,-0.425,0.376471644504));
#4054 = VECTOR('',#4055,1.);
#4055 = DIRECTION('',(0.294113421982,2.122236884543E-16,0.955770524242)
  );
#4056 = ORIENTED_EDGE('',*,*,#4057,.F.);
#4057 = EDGE_CURVE('',#3975,#4050,#4058,.T.);
#4058 = CIRCLE('',#4059,0.45);
#4059 = AXIS2_PLACEMENT_3D('',#4060,#4061,#4062);
#4060 = CARTESIAN_POINT('',(-2.79,-0.425,0.8));
#4061 = DIRECTION('',(0.,-1.,2.22044604925E-16));
#4062 = DIRECTION('',(1.,0.,0.));
#4063 = ORIENTED_EDGE('',*,*,#3974,.T.);
#4064 = ORIENTED_EDGE('',*,*,#3480,.T.);
#4065 = ORIENTED_EDGE('',*,*,#4066,.F.);
#4066 = EDGE_CURVE('',#4067,#3473,#4069,.T.);
#4067 = VERTEX_POINT('',#4068);
#4068 = CARTESIAN_POINT('',(-2.64,-0.425,1.05));
#4069 = LINE('',#4070,#4071);
#4070 = CARTESIAN_POINT('',(-2.64,-0.425,1.05));
#4071 = VECTOR('',#4072,1.);
#4072 = DIRECTION('',(1.,0.,0.));
#4073 = ORIENTED_EDGE('',*,*,#4074,.F.);
#4074 = EDGE_CURVE('',#4075,#4067,#4077,.T.);
#4075 = VERTEX_POINT('',#4076);
#4076 = CARTESIAN_POINT('',(-2.79,-0.425,1.05));
#4077 = LINE('',#4078,#4079);
#4078 = CARTESIAN_POINT('',(-2.79,-0.425,1.05));
#4079 = VECTOR('',#4080,1.);
#4080 = DIRECTION('',(1.,0.,0.));
#4081 = ORIENTED_EDGE('',*,*,#4082,.T.);
#4082 = EDGE_CURVE('',#4075,#4083,#4085,.T.);
#4083 = VERTEX_POINT('',#4084);
#4084 = CARTESIAN_POINT('',(-3.02894263106,-0.425,0.873528355496));
#4085 = CIRCLE('',#4086,0.25);
#4086 = AXIS2_PLACEMENT_3D('',#4087,#4088,#4089);
#4087 = CARTESIAN_POINT('',(-2.79,-0.425,0.8));
#4088 = DIRECTION('',(0.,-1.,2.22044604925E-16));
#4089 = DIRECTION('',(1.,0.,0.));
#4090 = ORIENTED_EDGE('',*,*,#4091,.F.);
#4091 = EDGE_CURVE('',#4008,#4083,#4092,.T.);
#4092 = LINE('',#4093,#4094);
#4093 = CARTESIAN_POINT('',(-3.2,-0.425,0.317648960108));
#4094 = VECTOR('',#4095,1.);
#4095 = DIRECTION('',(0.294113421982,2.122236884543E-16,0.955770524242)
  );
#4096 = PLANE('',#4097);
#4097 = AXIS2_PLACEMENT_3D('',#4098,#4099,#4100);
#4098 = CARTESIAN_POINT('',(-2.136753485958,-0.425,0.896556536409));
#4099 = DIRECTION('',(0.,1.,0.));
#4100 = DIRECTION('',(0.,0.,1.));
#4101 = ADVANCED_FACE('',(#4102),#4127,.T.);
#4102 = FACE_BOUND('',#4103,.T.);
#4103 = EDGE_LOOP('',(#4104,#4105,#4113,#4121));
#4104 = ORIENTED_EDGE('',*,*,#3787,.T.);
#4105 = ORIENTED_EDGE('',*,*,#4106,.T.);
#4106 = EDGE_CURVE('',#3780,#4107,#4109,.T.);
#4107 = VERTEX_POINT('',#4108);
#4108 = CARTESIAN_POINT('',(-2.103872631665E-16,-0.845,1.05));
#4109 = LINE('',#4110,#4111);
#4110 = CARTESIAN_POINT('',(1.409983241274E-16,-0.425,1.05));
#4111 = VECTOR('',#4112,1.);
#4112 = DIRECTION('',(0.,-1.,2.22044604925E-16));
#4113 = ORIENTED_EDGE('',*,*,#4114,.F.);
#4114 = EDGE_CURVE('',#4115,#4107,#4117,.T.);
#4115 = VERTEX_POINT('',#4116);
#4116 = CARTESIAN_POINT('',(-5.E-02,-0.845,1.05));
#4117 = LINE('',#4118,#4119);
#4118 = CARTESIAN_POINT('',(-2.64,-0.845,1.05));
#4119 = VECTOR('',#4120,1.);
#4120 = DIRECTION('',(1.,0.,0.));
#4121 = ORIENTED_EDGE('',*,*,#4122,.F.);
#4122 = EDGE_CURVE('',#3473,#4115,#4123,.T.);
#4123 = LINE('',#4124,#4125);
#4124 = CARTESIAN_POINT('',(-5.E-02,2.115,1.05));
#4125 = VECTOR('',#4126,1.);
#4126 = DIRECTION('',(0.,-1.,2.22044604925E-16));
#4127 = PLANE('',#4128);
#4128 = AXIS2_PLACEMENT_3D('',#4129,#4130,#4131);
#4129 = CARTESIAN_POINT('',(5.E-02,2.115,1.05));
#4130 = DIRECTION('',(0.,-2.22044604925E-16,-1.));
#4131 = DIRECTION('',(-1.,0.,0.));
#4132 = ADVANCED_FACE('',(#4133),#4151,.T.);
#4133 = FACE_BOUND('',#4134,.T.);
#4134 = EDGE_LOOP('',(#4135,#4136,#4144,#4150));
#4135 = ORIENTED_EDGE('',*,*,#3779,.F.);
#4136 = ORIENTED_EDGE('',*,*,#4137,.T.);
#4137 = EDGE_CURVE('',#3390,#4138,#4140,.T.);
#4138 = VERTEX_POINT('',#4139);
#4139 = CARTESIAN_POINT('',(5.E-02,-0.845,1.05));
#4140 = LINE('',#4141,#4142);
#4141 = CARTESIAN_POINT('',(5.E-02,2.115,1.05));
#4142 = VECTOR('',#4143,1.);
#4143 = DIRECTION('',(0.,-1.,2.22044604925E-16));
#4144 = ORIENTED_EDGE('',*,*,#4145,.T.);
#4145 = EDGE_CURVE('',#4138,#4107,#4146,.T.);
#4146 = LINE('',#4147,#4148);
#4147 = CARTESIAN_POINT('',(2.64,-0.845,1.05));
#4148 = VECTOR('',#4149,1.);
#4149 = DIRECTION('',(-1.,2.22044604925E-16,-2.22044604925E-16));
#4150 = ORIENTED_EDGE('',*,*,#4106,.F.);
#4151 = PLANE('',#4152);
#4152 = AXIS2_PLACEMENT_3D('',#4153,#4154,#4155);
#4153 = CARTESIAN_POINT('',(5.E-02,2.115,1.05));
#4154 = DIRECTION('',(0.,-2.22044604925E-16,-1.));
#4155 = DIRECTION('',(-1.,0.,0.));
#4156 = ADVANCED_FACE('',(#4157),#4183,.T.);
#4157 = FACE_BOUND('',#4158,.T.);
#4158 = EDGE_LOOP('',(#4159,#4167,#4176,#4182));
#4159 = ORIENTED_EDGE('',*,*,#4160,.T.);
#4160 = EDGE_CURVE('',#3804,#4161,#4163,.T.);
#4161 = VERTEX_POINT('',#4162);
#4162 = CARTESIAN_POINT('',(3.630096735909,-0.845,1.134669397619E-15));
#4163 = LINE('',#4164,#4165);
#4164 = CARTESIAN_POINT('',(3.630096735909,-0.425,1.04141066355E-15));
#4165 = VECTOR('',#4166,1.);
#4166 = DIRECTION('',(-2.22044604925E-16,-1.,2.22044604925E-16));
#4167 = ORIENTED_EDGE('',*,*,#4168,.T.);
#4168 = EDGE_CURVE('',#4161,#4169,#4171,.T.);
#4169 = VERTEX_POINT('',#4170);
#4170 = CARTESIAN_POINT('',(3.2,-0.845,0.317648960108));
#4171 = CIRCLE('',#4172,0.45);
#4172 = AXIS2_PLACEMENT_3D('',#4173,#4174,#4175);
#4173 = CARTESIAN_POINT('',(3.630096735909,-0.845,0.45));
#4174 = DIRECTION('',(2.22044604925E-16,1.,-2.22044604925E-16));
#4175 = DIRECTION('',(-1.,2.22044604925E-16,-2.22044604925E-16));
#4176 = ORIENTED_EDGE('',*,*,#4177,.F.);
#4177 = EDGE_CURVE('',#3806,#4169,#4178,.T.);
#4178 = LINE('',#4179,#4180);
#4179 = CARTESIAN_POINT('',(3.2,-0.425,0.317648960108));
#4180 = VECTOR('',#4181,1.);
#4181 = DIRECTION('',(-2.22044604925E-16,-1.,2.22044604925E-16));
#4182 = ORIENTED_EDGE('',*,*,#3803,.F.);
#4183 = CYLINDRICAL_SURFACE('',#4184,0.45);
#4184 = AXIS2_PLACEMENT_3D('',#4185,#4186,#4187);
#4185 = CARTESIAN_POINT('',(3.630096735909,-0.425,0.45));
#4186 = DIRECTION('',(2.22044604925E-16,1.,-2.22044604925E-16));
#4187 = DIRECTION('',(-1.,2.22044604925E-16,-2.22044604925E-16));
#4188 = ADVANCED_FACE('',(#4189),#4207,.F.);
#4189 = FACE_BOUND('',#4190,.T.);
#4190 = EDGE_LOOP('',(#4191,#4192,#4200,#4206));
#4191 = ORIENTED_EDGE('',*,*,#4177,.T.);
#4192 = ORIENTED_EDGE('',*,*,#4193,.T.);
#4193 = EDGE_CURVE('',#4169,#4194,#4196,.T.);
#4194 = VERTEX_POINT('',#4195);
#4195 = CARTESIAN_POINT('',(3.02894263106,-0.845,0.873528355496));
#4196 = LINE('',#4197,#4198);
#4197 = CARTESIAN_POINT('',(3.2,-0.845,0.317648960108));
#4198 = VECTOR('',#4199,1.);
#4199 = DIRECTION('',(-0.294113421982,2.775299870415E-16,0.955770524242)
  );
#4200 = ORIENTED_EDGE('',*,*,#4201,.F.);
#4201 = EDGE_CURVE('',#3888,#4194,#4202,.T.);
#4202 = LINE('',#4203,#4204);
#4203 = CARTESIAN_POINT('',(3.02894263106,-0.425,0.873528355496));
#4204 = VECTOR('',#4205,1.);
#4205 = DIRECTION('',(-2.22044604925E-16,-1.,2.22044604925E-16));
#4206 = ORIENTED_EDGE('',*,*,#3896,.F.);
#4207 = PLANE('',#4208);
#4208 = AXIS2_PLACEMENT_3D('',#4209,#4210,#4211);
#4209 = CARTESIAN_POINT('',(3.2,-0.425,0.317648960108));
#4210 = DIRECTION('',(0.955770524242,-1.469173898672E-16,0.294113421982)
  );
#4211 = DIRECTION('',(0.294113421982,-2.775299870415E-16,-0.955770524242
    ));
#4212 = ADVANCED_FACE('',(#4213),#4232,.F.);
#4213 = FACE_BOUND('',#4214,.F.);
#4214 = EDGE_LOOP('',(#4215,#4223,#4230,#4231));
#4215 = ORIENTED_EDGE('',*,*,#4216,.T.);
#4216 = EDGE_CURVE('',#3880,#4217,#4219,.T.);
#4217 = VERTEX_POINT('',#4218);
#4218 = CARTESIAN_POINT('',(2.79,-0.845,1.05));
#4219 = LINE('',#4220,#4221);
#4220 = CARTESIAN_POINT('',(2.79,-0.425,1.05));
#4221 = VECTOR('',#4222,1.);
#4222 = DIRECTION('',(-2.22044604925E-16,-1.,2.22044604925E-16));
#4223 = ORIENTED_EDGE('',*,*,#4224,.T.);
#4224 = EDGE_CURVE('',#4217,#4194,#4225,.T.);
#4225 = CIRCLE('',#4226,0.25);
#4226 = AXIS2_PLACEMENT_3D('',#4227,#4228,#4229);
#4227 = CARTESIAN_POINT('',(2.79,-0.845,0.8));
#4228 = DIRECTION('',(2.22044604925E-16,1.,-2.22044604925E-16));
#4229 = DIRECTION('',(-1.,2.22044604925E-16,-2.22044604925E-16));
#4230 = ORIENTED_EDGE('',*,*,#4201,.F.);
#4231 = ORIENTED_EDGE('',*,*,#3887,.F.);
#4232 = CYLINDRICAL_SURFACE('',#4233,0.25);
#4233 = AXIS2_PLACEMENT_3D('',#4234,#4235,#4236);
#4234 = CARTESIAN_POINT('',(2.79,-0.425,0.8));
#4235 = DIRECTION('',(2.22044604925E-16,1.,-2.22044604925E-16));
#4236 = DIRECTION('',(-1.,2.22044604925E-16,-2.22044604925E-16));
#4237 = ADVANCED_FACE('',(#4238),#4256,.F.);
#4238 = FACE_BOUND('',#4239,.T.);
#4239 = EDGE_LOOP('',(#4240,#4241,#4249,#4255));
#4240 = ORIENTED_EDGE('',*,*,#4216,.T.);
#4241 = ORIENTED_EDGE('',*,*,#4242,.T.);
#4242 = EDGE_CURVE('',#4217,#4243,#4245,.T.);
#4243 = VERTEX_POINT('',#4244);
#4244 = CARTESIAN_POINT('',(2.64,-0.845,1.05));
#4245 = LINE('',#4246,#4247);
#4246 = CARTESIAN_POINT('',(2.79,-0.845,1.05));
#4247 = VECTOR('',#4248,1.);
#4248 = DIRECTION('',(-1.,2.22044604925E-16,-2.22044604925E-16));
#4249 = ORIENTED_EDGE('',*,*,#4250,.F.);
#4250 = EDGE_CURVE('',#3872,#4243,#4251,.T.);
#4251 = LINE('',#4252,#4253);
#4252 = CARTESIAN_POINT('',(2.64,-0.425,1.05));
#4253 = VECTOR('',#4254,1.);
#4254 = DIRECTION('',(-2.22044604925E-16,-1.,2.22044604925E-16));
#4255 = ORIENTED_EDGE('',*,*,#3879,.F.);
#4256 = PLANE('',#4257);
#4257 = AXIS2_PLACEMENT_3D('',#4258,#4259,#4260);
#4258 = CARTESIAN_POINT('',(2.79,-0.425,1.05));
#4259 = DIRECTION('',(-2.22044604925E-16,2.22044604925E-16,1.));
#4260 = DIRECTION('',(1.,-2.22044604925E-16,2.22044604925E-16));
#4261 = ADVANCED_FACE('',(#4262),#4273,.F.);
#4262 = FACE_BOUND('',#4263,.T.);
#4263 = EDGE_LOOP('',(#4264,#4265,#4266,#4272));
#4264 = ORIENTED_EDGE('',*,*,#3871,.F.);
#4265 = ORIENTED_EDGE('',*,*,#4250,.T.);
#4266 = ORIENTED_EDGE('',*,*,#4267,.T.);
#4267 = EDGE_CURVE('',#4243,#4138,#4268,.T.);
#4268 = LINE('',#4269,#4270);
#4269 = CARTESIAN_POINT('',(2.64,-0.845,1.05));
#4270 = VECTOR('',#4271,1.);
#4271 = DIRECTION('',(-1.,2.22044604925E-16,-2.22044604925E-16));
#4272 = ORIENTED_EDGE('',*,*,#4137,.F.);
#4273 = PLANE('',#4274);
#4274 = AXIS2_PLACEMENT_3D('',#4275,#4276,#4277);
#4275 = CARTESIAN_POINT('',(2.64,-0.425,1.05));
#4276 = DIRECTION('',(-2.22044604925E-16,2.22044604925E-16,1.));
#4277 = DIRECTION('',(1.,-2.22044604925E-16,2.22044604925E-16));
#4278 = ADVANCED_FACE('',(#4279),#4298,.T.);
#4279 = FACE_BOUND('',#4280,.T.);
#4280 = EDGE_LOOP('',(#4281,#4282,#4291,#4297));
#4281 = ORIENTED_EDGE('',*,*,#3911,.T.);
#4282 = ORIENTED_EDGE('',*,*,#4283,.T.);
#4283 = EDGE_CURVE('',#3912,#4284,#4286,.T.);
#4284 = VERTEX_POINT('',#4285);
#4285 = CARTESIAN_POINT('',(3.220096735909,-0.845,0.932351039892));
#4286 = CIRCLE('',#4287,0.45);
#4287 = AXIS2_PLACEMENT_3D('',#4288,#4289,#4290);
#4288 = CARTESIAN_POINT('',(2.79,-0.845,0.8));
#4289 = DIRECTION('',(2.22044604925E-16,1.,-2.22044604925E-16));
#4290 = DIRECTION('',(-1.,2.22044604925E-16,-2.22044604925E-16));
#4291 = ORIENTED_EDGE('',*,*,#4292,.F.);
#4292 = EDGE_CURVE('',#3848,#4284,#4293,.T.);
#4293 = LINE('',#4294,#4295);
#4294 = CARTESIAN_POINT('',(3.220096735909,-0.425,0.932351039892));
#4295 = VECTOR('',#4296,1.);
#4296 = DIRECTION('',(-2.22044604925E-16,-1.,2.22044604925E-16));
#4297 = ORIENTED_EDGE('',*,*,#3855,.F.);
#4298 = CYLINDRICAL_SURFACE('',#4299,0.45);
#4299 = AXIS2_PLACEMENT_3D('',#4300,#4301,#4302);
#4300 = CARTESIAN_POINT('',(2.79,-0.425,0.8));
#4301 = DIRECTION('',(2.22044604925E-16,1.,-2.22044604925E-16));
#4302 = DIRECTION('',(-1.,2.22044604925E-16,-2.22044604925E-16));
#4303 = ADVANCED_FACE('',(#4304),#4322,.T.);
#4304 = FACE_BOUND('',#4305,.F.);
#4305 = EDGE_LOOP('',(#4306,#4314,#4320,#4321));
#4306 = ORIENTED_EDGE('',*,*,#4307,.T.);
#4307 = EDGE_CURVE('',#3839,#4308,#4310,.T.);
#4308 = VERTEX_POINT('',#4309);
#4309 = CARTESIAN_POINT('',(3.391154104848,-0.845,0.376471644504));
#4310 = LINE('',#4311,#4312);
#4311 = CARTESIAN_POINT('',(3.391154104848,-0.425,0.376471644504));
#4312 = VECTOR('',#4313,1.);
#4313 = DIRECTION('',(-2.22044604925E-16,-1.,2.22044604925E-16));
#4314 = ORIENTED_EDGE('',*,*,#4315,.T.);
#4315 = EDGE_CURVE('',#4308,#4284,#4316,.T.);
#4316 = LINE('',#4317,#4318);
#4317 = CARTESIAN_POINT('',(3.391154104848,-0.845,0.376471644504));
#4318 = VECTOR('',#4319,1.);
#4319 = DIRECTION('',(-0.294113421982,2.775299870415E-16,0.955770524242)
  );
#4320 = ORIENTED_EDGE('',*,*,#4292,.F.);
#4321 = ORIENTED_EDGE('',*,*,#3847,.F.);
#4322 = PLANE('',#4323);
#4323 = AXIS2_PLACEMENT_3D('',#4324,#4325,#4326);
#4324 = CARTESIAN_POINT('',(3.391154104848,-0.425,0.376471644504));
#4325 = DIRECTION('',(0.955770524242,-1.469173898672E-16,0.294113421982)
  );
#4326 = DIRECTION('',(0.294113421982,-2.775299870415E-16,-0.955770524242
    ));
#4327 = ADVANCED_FACE('',(#4328),#4347,.F.);
#4328 = FACE_BOUND('',#4329,.F.);
#4329 = EDGE_LOOP('',(#4330,#4338,#4345,#4346));
#4330 = ORIENTED_EDGE('',*,*,#4331,.T.);
#4331 = EDGE_CURVE('',#3831,#4332,#4334,.T.);
#4332 = VERTEX_POINT('',#4333);
#4333 = CARTESIAN_POINT('',(3.630096735909,-0.845,0.2));
#4334 = LINE('',#4335,#4336);
#4335 = CARTESIAN_POINT('',(3.630096735909,-0.425,0.2));
#4336 = VECTOR('',#4337,1.);
#4337 = DIRECTION('',(-2.22044604925E-16,-1.,2.22044604925E-16));
#4338 = ORIENTED_EDGE('',*,*,#4339,.T.);
#4339 = EDGE_CURVE('',#4332,#4308,#4340,.T.);
#4340 = CIRCLE('',#4341,0.25);
#4341 = AXIS2_PLACEMENT_3D('',#4342,#4343,#4344);
#4342 = CARTESIAN_POINT('',(3.630096735909,-0.845,0.45));
#4343 = DIRECTION('',(2.22044604925E-16,1.,-2.22044604925E-16));
#4344 = DIRECTION('',(-1.,2.22044604925E-16,-2.22044604925E-16));
#4345 = ORIENTED_EDGE('',*,*,#4307,.F.);
#4346 = ORIENTED_EDGE('',*,*,#3838,.F.);
#4347 = CYLINDRICAL_SURFACE('',#4348,0.25);
#4348 = AXIS2_PLACEMENT_3D('',#4349,#4350,#4351);
#4349 = CARTESIAN_POINT('',(3.630096735909,-0.425,0.45));
#4350 = DIRECTION('',(2.22044604925E-16,1.,-2.22044604925E-16));
#4351 = DIRECTION('',(-1.,2.22044604925E-16,-2.22044604925E-16));
#4352 = ADVANCED_FACE('',(#4353),#4371,.T.);
#4353 = FACE_BOUND('',#4354,.F.);
#4354 = EDGE_LOOP('',(#4355,#4363,#4369,#4370));
#4355 = ORIENTED_EDGE('',*,*,#4356,.T.);
#4356 = EDGE_CURVE('',#3823,#4357,#4359,.T.);
#4357 = VERTEX_POINT('',#4358);
#4358 = CARTESIAN_POINT('',(3.95,-0.845,0.2));
#4359 = LINE('',#4360,#4361);
#4360 = CARTESIAN_POINT('',(3.95,-0.425,0.2));
#4361 = VECTOR('',#4362,1.);
#4362 = DIRECTION('',(-2.22044604925E-16,-1.,2.22044604925E-16));
#4363 = ORIENTED_EDGE('',*,*,#4364,.T.);
#4364 = EDGE_CURVE('',#4357,#4332,#4365,.T.);
#4365 = LINE('',#4366,#4367);
#4366 = CARTESIAN_POINT('',(3.95,-0.845,0.2));
#4367 = VECTOR('',#4368,1.);
#4368 = DIRECTION('',(-1.,2.22044604925E-16,-2.22044604925E-16));
#4369 = ORIENTED_EDGE('',*,*,#4331,.F.);
#4370 = ORIENTED_EDGE('',*,*,#3830,.F.);
#4371 = PLANE('',#4372);
#4372 = AXIS2_PLACEMENT_3D('',#4373,#4374,#4375);
#4373 = CARTESIAN_POINT('',(3.95,-0.425,0.2));
#4374 = DIRECTION('',(-2.22044604925E-16,2.22044604925E-16,1.));
#4375 = DIRECTION('',(1.,-2.22044604925E-16,2.22044604925E-16));
#4376 = ADVANCED_FACE('',(#4377),#4395,.T.);
#4377 = FACE_BOUND('',#4378,.F.);
#4378 = EDGE_LOOP('',(#4379,#4387,#4393,#4394));
#4379 = ORIENTED_EDGE('',*,*,#4380,.T.);
#4380 = EDGE_CURVE('',#3815,#4381,#4383,.T.);
#4381 = VERTEX_POINT('',#4382);
#4382 = CARTESIAN_POINT('',(3.95,-0.845,1.205702187314E-15));
#4383 = LINE('',#4384,#4385);
#4384 = CARTESIAN_POINT('',(3.95,-0.425,1.112443453246E-15));
#4385 = VECTOR('',#4386,1.);
#4386 = DIRECTION('',(-2.22044604925E-16,-1.,2.22044604925E-16));
#4387 = ORIENTED_EDGE('',*,*,#4388,.T.);
#4388 = EDGE_CURVE('',#4381,#4357,#4389,.T.);
#4389 = LINE('',#4390,#4391);
#4390 = CARTESIAN_POINT('',(3.95,-0.845,1.33226762955E-15));
#4391 = VECTOR('',#4392,1.);
#4392 = DIRECTION('',(-2.22044604925E-16,2.22044604925E-16,1.));
#4393 = ORIENTED_EDGE('',*,*,#4356,.F.);
#4394 = ORIENTED_EDGE('',*,*,#3822,.F.);
#4395 = PLANE('',#4396);
#4396 = AXIS2_PLACEMENT_3D('',#4397,#4398,#4399);
#4397 = CARTESIAN_POINT('',(3.95,-0.425,1.112443453246E-15));
#4398 = DIRECTION('',(1.,-2.22044604925E-16,2.22044604925E-16));
#4399 = DIRECTION('',(2.22044604925E-16,-2.22044604925E-16,-1.));
#4400 = ADVANCED_FACE('',(#4401),#4412,.T.);
#4401 = FACE_BOUND('',#4402,.F.);
#4402 = EDGE_LOOP('',(#4403,#4404,#4410,#4411));
#4403 = ORIENTED_EDGE('',*,*,#4160,.T.);
#4404 = ORIENTED_EDGE('',*,*,#4405,.T.);
#4405 = EDGE_CURVE('',#4161,#4381,#4406,.T.);
#4406 = LINE('',#4407,#4408);
#4407 = CARTESIAN_POINT('',(3.630096735909,-0.845,1.33226762955E-15));
#4408 = VECTOR('',#4409,1.);
#4409 = DIRECTION('',(1.,-2.22044604925E-16,2.22044604925E-16));
#4410 = ORIENTED_EDGE('',*,*,#4380,.F.);
#4411 = ORIENTED_EDGE('',*,*,#3814,.F.);
#4412 = PLANE('',#4413);
#4413 = AXIS2_PLACEMENT_3D('',#4414,#4415,#4416);
#4414 = CARTESIAN_POINT('',(3.630096735909,-0.425,1.041410659356E-15));
#4415 = DIRECTION('',(2.22044604925E-16,-2.22044604925E-16,-1.));
#4416 = DIRECTION('',(-1.,2.22044604925E-16,-2.22044604925E-16));
#4417 = ADVANCED_FACE('',(#4418),#4438,.F.);
#4418 = FACE_BOUND('',#4419,.T.);
#4419 = EDGE_LOOP('',(#4420,#4421,#4422,#4423,#4424,#4425,#4426,#4427,
    #4428,#4434,#4435,#4436,#4437));
#4420 = ORIENTED_EDGE('',*,*,#4168,.F.);
#4421 = ORIENTED_EDGE('',*,*,#4405,.T.);
#4422 = ORIENTED_EDGE('',*,*,#4388,.T.);
#4423 = ORIENTED_EDGE('',*,*,#4364,.T.);
#4424 = ORIENTED_EDGE('',*,*,#4339,.T.);
#4425 = ORIENTED_EDGE('',*,*,#4315,.T.);
#4426 = ORIENTED_EDGE('',*,*,#4283,.F.);
#4427 = ORIENTED_EDGE('',*,*,#3919,.T.);
#4428 = ORIENTED_EDGE('',*,*,#4429,.T.);
#4429 = EDGE_CURVE('',#3421,#4138,#4430,.T.);
#4430 = LINE('',#4431,#4432);
#4431 = CARTESIAN_POINT('',(5.E-02,-0.845,1.073278268204));
#4432 = VECTOR('',#4433,1.);
#4433 = DIRECTION('',(0.,0.,-1.));
#4434 = ORIENTED_EDGE('',*,*,#4267,.F.);
#4435 = ORIENTED_EDGE('',*,*,#4242,.F.);
#4436 = ORIENTED_EDGE('',*,*,#4224,.T.);
#4437 = ORIENTED_EDGE('',*,*,#4193,.F.);
#4438 = PLANE('',#4439);
#4439 = AXIS2_PLACEMENT_3D('',#4440,#4441,#4442);
#4440 = CARTESIAN_POINT('',(2.136753485958,-0.845,0.896556536409));
#4441 = DIRECTION('',(2.22044604925E-16,1.,0.));
#4442 = DIRECTION('',(2.22044604925E-16,-2.465190328816E-32,-1.));
#4443 = ADVANCED_FACE('',(#4444),#4462,.T.);
#4444 = FACE_BOUND('',#4445,.T.);
#4445 = EDGE_LOOP('',(#4446,#4447,#4448,#4456));
#4446 = ORIENTED_EDGE('',*,*,#4429,.F.);
#4447 = ORIENTED_EDGE('',*,*,#3959,.T.);
#4448 = ORIENTED_EDGE('',*,*,#4449,.T.);
#4449 = EDGE_CURVE('',#3952,#4450,#4452,.T.);
#4450 = VERTEX_POINT('',#4451);
#4451 = CARTESIAN_POINT('',(5.E-02,-1.695,1.05));
#4452 = LINE('',#4453,#4454);
#4453 = CARTESIAN_POINT('',(5.E-02,-1.695,1.073278268204));
#4454 = VECTOR('',#4455,1.);
#4455 = DIRECTION('',(0.,0.,-1.));
#4456 = ORIENTED_EDGE('',*,*,#4457,.F.);
#4457 = EDGE_CURVE('',#4138,#4450,#4458,.T.);
#4458 = LINE('',#4459,#4460);
#4459 = CARTESIAN_POINT('',(5.E-02,2.115,1.05));
#4460 = VECTOR('',#4461,1.);
#4461 = DIRECTION('',(0.,-1.,2.22044604925E-16));
#4462 = PLANE('',#4463);
#4463 = AXIS2_PLACEMENT_3D('',#4464,#4465,#4466);
#4464 = CARTESIAN_POINT('',(5.E-02,2.115,1.25));
#4465 = DIRECTION('',(1.,0.,0.));
#4466 = DIRECTION('',(0.,-2.22044604925E-16,-1.));
#4467 = ADVANCED_FACE('',(#4468),#4493,.T.);
#4468 = FACE_BOUND('',#4469,.T.);
#4469 = EDGE_LOOP('',(#4470,#4471,#4479,#4487));
#4470 = ORIENTED_EDGE('',*,*,#3951,.T.);
#4471 = ORIENTED_EDGE('',*,*,#4472,.T.);
#4472 = EDGE_CURVE('',#3944,#4473,#4475,.T.);
#4473 = VERTEX_POINT('',#4474);
#4474 = CARTESIAN_POINT('',(-2.57612690815E-16,-2.115,1.25));
#4475 = LINE('',#4476,#4477);
#4476 = CARTESIAN_POINT('',(0.,-1.695,1.25));
#4477 = VECTOR('',#4478,1.);
#4478 = DIRECTION('',(0.,-1.,2.22044604925E-16));
#4479 = ORIENTED_EDGE('',*,*,#4480,.T.);
#4480 = EDGE_CURVE('',#4473,#4481,#4483,.T.);
#4481 = VERTEX_POINT('',#4482);
#4482 = CARTESIAN_POINT('',(5.E-02,-2.115,1.25));
#4483 = LINE('',#4484,#4485);
#4484 = CARTESIAN_POINT('',(-5.E-02,-2.115,1.25));
#4485 = VECTOR('',#4486,1.);
#4486 = DIRECTION('',(1.,0.,0.));
#4487 = ORIENTED_EDGE('',*,*,#4488,.F.);
#4488 = EDGE_CURVE('',#3952,#4481,#4489,.T.);
#4489 = LINE('',#4490,#4491);
#4490 = CARTESIAN_POINT('',(5.E-02,2.115,1.25));
#4491 = VECTOR('',#4492,1.);
#4492 = DIRECTION('',(0.,-1.,2.22044604925E-16));
#4493 = PLANE('',#4494);
#4494 = AXIS2_PLACEMENT_3D('',#4495,#4496,#4497);
#4495 = CARTESIAN_POINT('',(-5.E-02,2.115,1.25));
#4496 = DIRECTION('',(0.,2.22044604925E-16,1.));
#4497 = DIRECTION('',(1.,0.,0.));
#4498 = ADVANCED_FACE('',(#4499),#4517,.T.);
#4499 = FACE_BOUND('',#4500,.T.);
#4500 = EDGE_LOOP('',(#4501,#4502,#4510,#4516));
#4501 = ORIENTED_EDGE('',*,*,#3943,.F.);
#4502 = ORIENTED_EDGE('',*,*,#4503,.T.);
#4503 = EDGE_CURVE('',#3936,#4504,#4506,.T.);
#4504 = VERTEX_POINT('',#4505);
#4505 = CARTESIAN_POINT('',(-5.E-02,-2.115,1.25));
#4506 = LINE('',#4507,#4508);
#4507 = CARTESIAN_POINT('',(-5.E-02,2.115,1.25));
#4508 = VECTOR('',#4509,1.);
#4509 = DIRECTION('',(0.,-1.,2.22044604925E-16));
#4510 = ORIENTED_EDGE('',*,*,#4511,.T.);
#4511 = EDGE_CURVE('',#4504,#4473,#4512,.T.);
#4512 = LINE('',#4513,#4514);
#4513 = CARTESIAN_POINT('',(-5.E-02,-2.115,1.25));
#4514 = VECTOR('',#4515,1.);
#4515 = DIRECTION('',(1.,0.,0.));
#4516 = ORIENTED_EDGE('',*,*,#4472,.F.);
#4517 = PLANE('',#4518);
#4518 = AXIS2_PLACEMENT_3D('',#4519,#4520,#4521);
#4519 = CARTESIAN_POINT('',(-5.E-02,2.115,1.25));
#4520 = DIRECTION('',(0.,2.22044604925E-16,1.));
#4521 = DIRECTION('',(1.,0.,0.));
#4522 = ADVANCED_FACE('',(#4523),#4546,.T.);
#4523 = FACE_BOUND('',#4524,.T.);
#4524 = EDGE_LOOP('',(#4525,#4531,#4539,#4545));
#4525 = ORIENTED_EDGE('',*,*,#4526,.T.);
#4526 = EDGE_CURVE('',#3444,#4115,#4527,.T.);
#4527 = LINE('',#4528,#4529);
#4528 = CARTESIAN_POINT('',(-5.E-02,-0.845,0.973278268204));
#4529 = VECTOR('',#4530,1.);
#4530 = DIRECTION('',(0.,0.,-1.));
#4531 = ORIENTED_EDGE('',*,*,#4532,.T.);
#4532 = EDGE_CURVE('',#4115,#4533,#4535,.T.);
#4533 = VERTEX_POINT('',#4534);
#4534 = CARTESIAN_POINT('',(-5.E-02,-1.695,1.05));
#4535 = LINE('',#4536,#4537);
#4536 = CARTESIAN_POINT('',(-5.E-02,2.115,1.05));
#4537 = VECTOR('',#4538,1.);
#4538 = DIRECTION('',(0.,-1.,2.22044604925E-16));
#4539 = ORIENTED_EDGE('',*,*,#4540,.F.);
#4540 = EDGE_CURVE('',#3936,#4533,#4541,.T.);
#4541 = LINE('',#4542,#4543);
#4542 = CARTESIAN_POINT('',(-5.E-02,-1.695,0.973278268204));
#4543 = VECTOR('',#4544,1.);
#4544 = DIRECTION('',(0.,0.,-1.));
#4545 = ORIENTED_EDGE('',*,*,#3935,.F.);
#4546 = PLANE('',#4547);
#4547 = AXIS2_PLACEMENT_3D('',#4548,#4549,#4550);
#4548 = CARTESIAN_POINT('',(-5.E-02,2.115,1.05));
#4549 = DIRECTION('',(-1.,0.,0.));
#4550 = DIRECTION('',(0.,2.22044604925E-16,1.));
#4551 = ADVANCED_FACE('',(#4552),#4646,.F.);
#4552 = FACE_BOUND('',#4553,.F.);
#4553 = EDGE_LOOP('',(#4554,#4565,#4573,#4581,#4589,#4598,#4606,#4613,
    #4614,#4615,#4623,#4631,#4640));
#4554 = ORIENTED_EDGE('',*,*,#4555,.F.);
#4555 = EDGE_CURVE('',#4556,#4558,#4560,.T.);
#4556 = VERTEX_POINT('',#4557);
#4557 = CARTESIAN_POINT('',(-3.630096735909,-0.845,3.286260020542E-16));
#4558 = VERTEX_POINT('',#4559);
#4559 = CARTESIAN_POINT('',(-3.2,-0.845,0.317648960108));
#4560 = CIRCLE('',#4561,0.45);
#4561 = AXIS2_PLACEMENT_3D('',#4562,#4563,#4564);
#4562 = CARTESIAN_POINT('',(-3.630096735909,-0.845,0.45));
#4563 = DIRECTION('',(0.,-1.,2.22044604925E-16));
#4564 = DIRECTION('',(1.,0.,0.));
#4565 = ORIENTED_EDGE('',*,*,#4566,.T.);
#4566 = EDGE_CURVE('',#4556,#4567,#4569,.T.);
#4567 = VERTEX_POINT('',#4568);
#4568 = CARTESIAN_POINT('',(-3.95,-0.845,3.286259978603E-16));
#4569 = LINE('',#4570,#4571);
#4570 = CARTESIAN_POINT('',(-3.630096735909,-0.845,3.330669073875E-16));
#4571 = VECTOR('',#4572,1.);
#4572 = DIRECTION('',(-1.,0.,0.));
#4573 = ORIENTED_EDGE('',*,*,#4574,.T.);
#4574 = EDGE_CURVE('',#4567,#4575,#4577,.T.);
#4575 = VERTEX_POINT('',#4576);
#4576 = CARTESIAN_POINT('',(-3.95,-0.845,0.2));
#4577 = LINE('',#4578,#4579);
#4578 = CARTESIAN_POINT('',(-3.95,-0.845,3.330669073875E-16));
#4579 = VECTOR('',#4580,1.);
#4580 = DIRECTION('',(0.,2.22044604925E-16,1.));
#4581 = ORIENTED_EDGE('',*,*,#4582,.T.);
#4582 = EDGE_CURVE('',#4575,#4583,#4585,.T.);
#4583 = VERTEX_POINT('',#4584);
#4584 = CARTESIAN_POINT('',(-3.630096735909,-0.845,0.2));
#4585 = LINE('',#4586,#4587);
#4586 = CARTESIAN_POINT('',(-3.95,-0.845,0.2));
#4587 = VECTOR('',#4588,1.);
#4588 = DIRECTION('',(1.,0.,0.));
#4589 = ORIENTED_EDGE('',*,*,#4590,.T.);
#4590 = EDGE_CURVE('',#4583,#4591,#4593,.T.);
#4591 = VERTEX_POINT('',#4592);
#4592 = CARTESIAN_POINT('',(-3.391154104848,-0.845,0.376471644504));
#4593 = CIRCLE('',#4594,0.25);
#4594 = AXIS2_PLACEMENT_3D('',#4595,#4596,#4597);
#4595 = CARTESIAN_POINT('',(-3.630096735909,-0.845,0.45));
#4596 = DIRECTION('',(0.,-1.,2.22044604925E-16));
#4597 = DIRECTION('',(1.,0.,0.));
#4598 = ORIENTED_EDGE('',*,*,#4599,.T.);
#4599 = EDGE_CURVE('',#4591,#4600,#4602,.T.);
#4600 = VERTEX_POINT('',#4601);
#4601 = CARTESIAN_POINT('',(-3.220096735909,-0.845,0.932351039892));
#4602 = LINE('',#4603,#4604);
#4603 = CARTESIAN_POINT('',(-3.391154104848,-0.845,0.376471644504));
#4604 = VECTOR('',#4605,1.);
#4605 = DIRECTION('',(0.294113421982,2.122236884543E-16,0.955770524242)
  );
#4606 = ORIENTED_EDGE('',*,*,#4607,.F.);
#4607 = EDGE_CURVE('',#3983,#4600,#4608,.T.);
#4608 = CIRCLE('',#4609,0.45);
#4609 = AXIS2_PLACEMENT_3D('',#4610,#4611,#4612);
#4610 = CARTESIAN_POINT('',(-2.79,-0.845,0.8));
#4611 = DIRECTION('',(0.,-1.,2.22044604925E-16));
#4612 = DIRECTION('',(1.,0.,0.));
#4613 = ORIENTED_EDGE('',*,*,#3990,.T.);
#4614 = ORIENTED_EDGE('',*,*,#4526,.T.);
#4615 = ORIENTED_EDGE('',*,*,#4616,.F.);
#4616 = EDGE_CURVE('',#4617,#4115,#4619,.T.);
#4617 = VERTEX_POINT('',#4618);
#4618 = CARTESIAN_POINT('',(-2.64,-0.845,1.05));
#4619 = LINE('',#4620,#4621);
#4620 = CARTESIAN_POINT('',(-2.64,-0.845,1.05));
#4621 = VECTOR('',#4622,1.);
#4622 = DIRECTION('',(1.,0.,0.));
#4623 = ORIENTED_EDGE('',*,*,#4624,.F.);
#4624 = EDGE_CURVE('',#4625,#4617,#4627,.T.);
#4625 = VERTEX_POINT('',#4626);
#4626 = CARTESIAN_POINT('',(-2.79,-0.845,1.05));
#4627 = LINE('',#4628,#4629);
#4628 = CARTESIAN_POINT('',(-2.79,-0.845,1.05));
#4629 = VECTOR('',#4630,1.);
#4630 = DIRECTION('',(1.,0.,0.));
#4631 = ORIENTED_EDGE('',*,*,#4632,.T.);
#4632 = EDGE_CURVE('',#4625,#4633,#4635,.T.);
#4633 = VERTEX_POINT('',#4634);
#4634 = CARTESIAN_POINT('',(-3.02894263106,-0.845,0.873528355496));
#4635 = CIRCLE('',#4636,0.25);
#4636 = AXIS2_PLACEMENT_3D('',#4637,#4638,#4639);
#4637 = CARTESIAN_POINT('',(-2.79,-0.845,0.8));
#4638 = DIRECTION('',(0.,-1.,2.22044604925E-16));
#4639 = DIRECTION('',(1.,0.,0.));
#4640 = ORIENTED_EDGE('',*,*,#4641,.F.);
#4641 = EDGE_CURVE('',#4558,#4633,#4642,.T.);
#4642 = LINE('',#4643,#4644);
#4643 = CARTESIAN_POINT('',(-3.2,-0.845,0.317648960108));
#4644 = VECTOR('',#4645,1.);
#4645 = DIRECTION('',(0.294113421982,2.122236884543E-16,0.955770524242)
  );
#4646 = PLANE('',#4647);
#4647 = AXIS2_PLACEMENT_3D('',#4648,#4649,#4650);
#4648 = CARTESIAN_POINT('',(-2.136753485958,-0.845,0.896556536409));
#4649 = DIRECTION('',(0.,1.,0.));
#4650 = DIRECTION('',(0.,0.,1.));
#4651 = ADVANCED_FACE('',(#4652),#4663,.T.);
#4652 = FACE_BOUND('',#4653,.F.);
#4653 = EDGE_LOOP('',(#4654,#4655,#4656,#4662));
#4654 = ORIENTED_EDGE('',*,*,#3982,.T.);
#4655 = ORIENTED_EDGE('',*,*,#4607,.T.);
#4656 = ORIENTED_EDGE('',*,*,#4657,.F.);
#4657 = EDGE_CURVE('',#4050,#4600,#4658,.T.);
#4658 = LINE('',#4659,#4660);
#4659 = CARTESIAN_POINT('',(-3.220096735909,-0.425,0.932351039892));
#4660 = VECTOR('',#4661,1.);
#4661 = DIRECTION('',(0.,-1.,2.22044604925E-16));
#4662 = ORIENTED_EDGE('',*,*,#4057,.F.);
#4663 = CYLINDRICAL_SURFACE('',#4664,0.45);
#4664 = AXIS2_PLACEMENT_3D('',#4665,#4666,#4667);
#4665 = CARTESIAN_POINT('',(-2.79,-0.425,0.8));
#4666 = DIRECTION('',(0.,1.,-2.22044604925E-16));
#4667 = DIRECTION('',(1.,0.,0.));
#4668 = ADVANCED_FACE('',(#4669),#4685,.T.);
#4669 = FACE_BOUND('',#4670,.F.);
#4670 = EDGE_LOOP('',(#4671,#4677,#4678,#4684));
#4671 = ORIENTED_EDGE('',*,*,#4672,.T.);
#4672 = EDGE_CURVE('',#4006,#4556,#4673,.T.);
#4673 = LINE('',#4674,#4675);
#4674 = CARTESIAN_POINT('',(-3.630096735909,-0.425,2.22044604925E-16));
#4675 = VECTOR('',#4676,1.);
#4676 = DIRECTION('',(0.,-1.,2.22044604925E-16));
#4677 = ORIENTED_EDGE('',*,*,#4555,.T.);
#4678 = ORIENTED_EDGE('',*,*,#4679,.F.);
#4679 = EDGE_CURVE('',#4008,#4558,#4680,.T.);
#4680 = LINE('',#4681,#4682);
#4681 = CARTESIAN_POINT('',(-3.2,-0.425,0.317648960108));
#4682 = VECTOR('',#4683,1.);
#4683 = DIRECTION('',(0.,-1.,2.22044604925E-16));
#4684 = ORIENTED_EDGE('',*,*,#4005,.F.);
#4685 = CYLINDRICAL_SURFACE('',#4686,0.45);
#4686 = AXIS2_PLACEMENT_3D('',#4687,#4688,#4689);
#4687 = CARTESIAN_POINT('',(-3.630096735909,-0.425,0.45));
#4688 = DIRECTION('',(0.,1.,-2.22044604925E-16));
#4689 = DIRECTION('',(1.,0.,0.));
#4690 = ADVANCED_FACE('',(#4691),#4702,.F.);
#4691 = FACE_BOUND('',#4692,.F.);
#4692 = EDGE_LOOP('',(#4693,#4694,#4695,#4701));
#4693 = ORIENTED_EDGE('',*,*,#4679,.T.);
#4694 = ORIENTED_EDGE('',*,*,#4641,.T.);
#4695 = ORIENTED_EDGE('',*,*,#4696,.F.);
#4696 = EDGE_CURVE('',#4083,#4633,#4697,.T.);
#4697 = LINE('',#4698,#4699);
#4698 = CARTESIAN_POINT('',(-3.02894263106,-0.425,0.873528355496));
#4699 = VECTOR('',#4700,1.);
#4700 = DIRECTION('',(0.,-1.,2.22044604925E-16));
#4701 = ORIENTED_EDGE('',*,*,#4091,.F.);
#4702 = PLANE('',#4703);
#4703 = AXIS2_PLACEMENT_3D('',#4704,#4705,#4706);
#4704 = CARTESIAN_POINT('',(-3.2,-0.425,0.317648960108));
#4705 = DIRECTION('',(-0.955770524242,6.530629858713E-17,0.294113421982)
  );
#4706 = DIRECTION('',(0.294113421982,2.122236884543E-16,0.955770524242)
  );
#4707 = ADVANCED_FACE('',(#4708),#4719,.F.);
#4708 = FACE_BOUND('',#4709,.T.);
#4709 = EDGE_LOOP('',(#4710,#4716,#4717,#4718));
#4710 = ORIENTED_EDGE('',*,*,#4711,.T.);
#4711 = EDGE_CURVE('',#4075,#4625,#4712,.T.);
#4712 = LINE('',#4713,#4714);
#4713 = CARTESIAN_POINT('',(-2.79,-0.425,1.05));
#4714 = VECTOR('',#4715,1.);
#4715 = DIRECTION('',(0.,-1.,2.22044604925E-16));
#4716 = ORIENTED_EDGE('',*,*,#4632,.T.);
#4717 = ORIENTED_EDGE('',*,*,#4696,.F.);
#4718 = ORIENTED_EDGE('',*,*,#4082,.F.);
#4719 = CYLINDRICAL_SURFACE('',#4720,0.25);
#4720 = AXIS2_PLACEMENT_3D('',#4721,#4722,#4723);
#4721 = CARTESIAN_POINT('',(-2.79,-0.425,0.8));
#4722 = DIRECTION('',(0.,1.,-2.22044604925E-16));
#4723 = DIRECTION('',(1.,0.,0.));
#4724 = ADVANCED_FACE('',(#4725),#4736,.F.);
#4725 = FACE_BOUND('',#4726,.F.);
#4726 = EDGE_LOOP('',(#4727,#4728,#4729,#4735));
#4727 = ORIENTED_EDGE('',*,*,#4711,.T.);
#4728 = ORIENTED_EDGE('',*,*,#4624,.T.);
#4729 = ORIENTED_EDGE('',*,*,#4730,.F.);
#4730 = EDGE_CURVE('',#4067,#4617,#4731,.T.);
#4731 = LINE('',#4732,#4733);
#4732 = CARTESIAN_POINT('',(-2.64,-0.425,1.05));
#4733 = VECTOR('',#4734,1.);
#4734 = DIRECTION('',(0.,-1.,2.22044604925E-16));
#4735 = ORIENTED_EDGE('',*,*,#4074,.F.);
#4736 = PLANE('',#4737);
#4737 = AXIS2_PLACEMENT_3D('',#4738,#4739,#4740);
#4738 = CARTESIAN_POINT('',(-2.79,-0.425,1.05));
#4739 = DIRECTION('',(0.,2.22044604925E-16,1.));
#4740 = DIRECTION('',(1.,0.,0.));
#4741 = ADVANCED_FACE('',(#4742),#4748,.F.);
#4742 = FACE_BOUND('',#4743,.F.);
#4743 = EDGE_LOOP('',(#4744,#4745,#4746,#4747));
#4744 = ORIENTED_EDGE('',*,*,#4066,.F.);
#4745 = ORIENTED_EDGE('',*,*,#4730,.T.);
#4746 = ORIENTED_EDGE('',*,*,#4616,.T.);
#4747 = ORIENTED_EDGE('',*,*,#4122,.F.);
#4748 = PLANE('',#4749);
#4749 = AXIS2_PLACEMENT_3D('',#4750,#4751,#4752);
#4750 = CARTESIAN_POINT('',(-2.64,-0.425,1.05));
#4751 = DIRECTION('',(0.,2.22044604925E-16,1.));
#4752 = DIRECTION('',(1.,0.,0.));
#4753 = ADVANCED_FACE('',(#4754),#4765,.T.);
#4754 = FACE_BOUND('',#4755,.T.);
#4755 = EDGE_LOOP('',(#4756,#4762,#4763,#4764));
#4756 = ORIENTED_EDGE('',*,*,#4757,.T.);
#4757 = EDGE_CURVE('',#4041,#4591,#4758,.T.);
#4758 = LINE('',#4759,#4760);
#4759 = CARTESIAN_POINT('',(-3.391154104848,-0.425,0.376471644504));
#4760 = VECTOR('',#4761,1.);
#4761 = DIRECTION('',(0.,-1.,2.22044604925E-16));
#4762 = ORIENTED_EDGE('',*,*,#4599,.T.);
#4763 = ORIENTED_EDGE('',*,*,#4657,.F.);
#4764 = ORIENTED_EDGE('',*,*,#4049,.F.);
#4765 = PLANE('',#4766);
#4766 = AXIS2_PLACEMENT_3D('',#4767,#4768,#4769);
#4767 = CARTESIAN_POINT('',(-3.391154104848,-0.425,0.376471644504));
#4768 = DIRECTION('',(-0.955770524242,6.530629858712E-17,0.294113421982)
  );
#4769 = DIRECTION('',(0.294113421982,2.122236884543E-16,0.955770524242)
  );
#4770 = ADVANCED_FACE('',(#4771),#4782,.F.);
#4771 = FACE_BOUND('',#4772,.T.);
#4772 = EDGE_LOOP('',(#4773,#4779,#4780,#4781));
#4773 = ORIENTED_EDGE('',*,*,#4774,.T.);
#4774 = EDGE_CURVE('',#4033,#4583,#4775,.T.);
#4775 = LINE('',#4776,#4777);
#4776 = CARTESIAN_POINT('',(-3.630096735909,-0.425,0.2));
#4777 = VECTOR('',#4778,1.);
#4778 = DIRECTION('',(0.,-1.,2.22044604925E-16));
#4779 = ORIENTED_EDGE('',*,*,#4590,.T.);
#4780 = ORIENTED_EDGE('',*,*,#4757,.F.);
#4781 = ORIENTED_EDGE('',*,*,#4040,.F.);
#4782 = CYLINDRICAL_SURFACE('',#4783,0.25);
#4783 = AXIS2_PLACEMENT_3D('',#4784,#4785,#4786);
#4784 = CARTESIAN_POINT('',(-3.630096735909,-0.425,0.45));
#4785 = DIRECTION('',(0.,1.,-2.22044604925E-16));
#4786 = DIRECTION('',(1.,0.,0.));
#4787 = ADVANCED_FACE('',(#4788),#4799,.T.);
#4788 = FACE_BOUND('',#4789,.T.);
#4789 = EDGE_LOOP('',(#4790,#4796,#4797,#4798));
#4790 = ORIENTED_EDGE('',*,*,#4791,.T.);
#4791 = EDGE_CURVE('',#4025,#4575,#4792,.T.);
#4792 = LINE('',#4793,#4794);
#4793 = CARTESIAN_POINT('',(-3.95,-0.425,0.2));
#4794 = VECTOR('',#4795,1.);
#4795 = DIRECTION('',(0.,-1.,2.22044604925E-16));
#4796 = ORIENTED_EDGE('',*,*,#4582,.T.);
#4797 = ORIENTED_EDGE('',*,*,#4774,.F.);
#4798 = ORIENTED_EDGE('',*,*,#4032,.F.);
#4799 = PLANE('',#4800);
#4800 = AXIS2_PLACEMENT_3D('',#4801,#4802,#4803);
#4801 = CARTESIAN_POINT('',(-3.95,-0.425,0.2));
#4802 = DIRECTION('',(0.,2.22044604925E-16,1.));
#4803 = DIRECTION('',(1.,0.,0.));
#4804 = ADVANCED_FACE('',(#4805),#4816,.T.);
#4805 = FACE_BOUND('',#4806,.T.);
#4806 = EDGE_LOOP('',(#4807,#4813,#4814,#4815));
#4807 = ORIENTED_EDGE('',*,*,#4808,.T.);
#4808 = EDGE_CURVE('',#4017,#4567,#4809,.T.);
#4809 = LINE('',#4810,#4811);
#4810 = CARTESIAN_POINT('',(-3.95,-0.425,2.22044604925E-16));
#4811 = VECTOR('',#4812,1.);
#4812 = DIRECTION('',(0.,-1.,2.22044604925E-16));
#4813 = ORIENTED_EDGE('',*,*,#4574,.T.);
#4814 = ORIENTED_EDGE('',*,*,#4791,.F.);
#4815 = ORIENTED_EDGE('',*,*,#4024,.F.);
#4816 = PLANE('',#4817);
#4817 = AXIS2_PLACEMENT_3D('',#4818,#4819,#4820);
#4818 = CARTESIAN_POINT('',(-3.95,-0.425,2.22044604925E-16));
#4819 = DIRECTION('',(-1.,0.,0.));
#4820 = DIRECTION('',(0.,2.22044604925E-16,1.));
#4821 = ADVANCED_FACE('',(#4822),#4828,.T.);
#4822 = FACE_BOUND('',#4823,.T.);
#4823 = EDGE_LOOP('',(#4824,#4825,#4826,#4827));
#4824 = ORIENTED_EDGE('',*,*,#4672,.T.);
#4825 = ORIENTED_EDGE('',*,*,#4566,.T.);
#4826 = ORIENTED_EDGE('',*,*,#4808,.F.);
#4827 = ORIENTED_EDGE('',*,*,#4016,.F.);
#4828 = PLANE('',#4829);
#4829 = AXIS2_PLACEMENT_3D('',#4830,#4831,#4832);
#4830 = CARTESIAN_POINT('',(-3.630096735909,-0.425,2.22044604925E-16));
#4831 = DIRECTION('',(0.,-2.22044604925E-16,-1.));
#4832 = DIRECTION('',(-1.,0.,0.));
#4833 = ADVANCED_FACE('',(#4834),#4854,.T.);
#4834 = FACE_BOUND('',#4835,.T.);
#4835 = EDGE_LOOP('',(#4836,#4837,#4838,#4846,#4852,#4853));
#4836 = ORIENTED_EDGE('',*,*,#4145,.F.);
#4837 = ORIENTED_EDGE('',*,*,#4457,.T.);
#4838 = ORIENTED_EDGE('',*,*,#4839,.T.);
#4839 = EDGE_CURVE('',#4450,#4840,#4842,.T.);
#4840 = VERTEX_POINT('',#4841);
#4841 = CARTESIAN_POINT('',(-2.677487905171E-16,-1.695,1.05));
#4842 = LINE('',#4843,#4844);
#4843 = CARTESIAN_POINT('',(2.64,-1.695,1.05));
#4844 = VECTOR('',#4845,1.);
#4845 = DIRECTION('',(-1.,2.22044604925E-16,-2.22044604925E-16));
#4846 = ORIENTED_EDGE('',*,*,#4847,.F.);
#4847 = EDGE_CURVE('',#4533,#4840,#4848,.T.);
#4848 = LINE('',#4849,#4850);
#4849 = CARTESIAN_POINT('',(-2.64,-1.695,1.05));
#4850 = VECTOR('',#4851,1.);
#4851 = DIRECTION('',(1.,0.,0.));
#4852 = ORIENTED_EDGE('',*,*,#4532,.F.);
#4853 = ORIENTED_EDGE('',*,*,#4114,.T.);
#4854 = PLANE('',#4855);
#4855 = AXIS2_PLACEMENT_3D('',#4856,#4857,#4858);
#4856 = CARTESIAN_POINT('',(5.E-02,2.115,1.05));
#4857 = DIRECTION('',(0.,-2.22044604925E-16,-1.));
#4858 = DIRECTION('',(-1.,0.,0.));
#4859 = ADVANCED_FACE('',(#4860),#4961,.T.);
#4860 = FACE_BOUND('',#4861,.F.);
#4861 = EDGE_LOOP('',(#4862,#4873,#4881,#4889,#4897,#4906,#4914,#4923,
    #4929,#4930,#4938,#4946,#4955));
#4862 = ORIENTED_EDGE('',*,*,#4863,.F.);
#4863 = EDGE_CURVE('',#4864,#4866,#4868,.T.);
#4864 = VERTEX_POINT('',#4865);
#4865 = CARTESIAN_POINT('',(3.630096735909,-1.695,1.182408987678E-15));
#4866 = VERTEX_POINT('',#4867);
#4867 = CARTESIAN_POINT('',(3.2,-1.695,0.317648960108));
#4868 = CIRCLE('',#4869,0.45);
#4869 = AXIS2_PLACEMENT_3D('',#4870,#4871,#4872);
#4870 = CARTESIAN_POINT('',(3.630096735909,-1.695,0.45));
#4871 = DIRECTION('',(2.22044604925E-16,1.,-2.22044604925E-16));
#4872 = DIRECTION('',(-1.,2.22044604925E-16,-2.22044604925E-16));
#4873 = ORIENTED_EDGE('',*,*,#4874,.T.);
#4874 = EDGE_CURVE('',#4864,#4875,#4877,.T.);
#4875 = VERTEX_POINT('',#4876);
#4876 = CARTESIAN_POINT('',(3.95,-1.695,1.253441777373E-15));
#4877 = LINE('',#4878,#4879);
#4878 = CARTESIAN_POINT('',(3.630096735909,-1.695,1.110223024625E-15));
#4879 = VECTOR('',#4880,1.);
#4880 = DIRECTION('',(1.,-2.22044604925E-16,2.22044604925E-16));
#4881 = ORIENTED_EDGE('',*,*,#4882,.T.);
#4882 = EDGE_CURVE('',#4875,#4883,#4885,.T.);
#4883 = VERTEX_POINT('',#4884);
#4884 = CARTESIAN_POINT('',(3.95,-1.695,0.2));
#4885 = LINE('',#4886,#4887);
#4886 = CARTESIAN_POINT('',(3.95,-1.695,1.110223024625E-15));
#4887 = VECTOR('',#4888,1.);
#4888 = DIRECTION('',(-2.22044604925E-16,2.22044604925E-16,1.));
#4889 = ORIENTED_EDGE('',*,*,#4890,.T.);
#4890 = EDGE_CURVE('',#4883,#4891,#4893,.T.);
#4891 = VERTEX_POINT('',#4892);
#4892 = CARTESIAN_POINT('',(3.630096735909,-1.695,0.2));
#4893 = LINE('',#4894,#4895);
#4894 = CARTESIAN_POINT('',(3.95,-1.695,0.2));
#4895 = VECTOR('',#4896,1.);
#4896 = DIRECTION('',(-1.,2.22044604925E-16,-2.22044604925E-16));
#4897 = ORIENTED_EDGE('',*,*,#4898,.T.);
#4898 = EDGE_CURVE('',#4891,#4899,#4901,.T.);
#4899 = VERTEX_POINT('',#4900);
#4900 = CARTESIAN_POINT('',(3.391154104848,-1.695,0.376471644504));
#4901 = CIRCLE('',#4902,0.25);
#4902 = AXIS2_PLACEMENT_3D('',#4903,#4904,#4905);
#4903 = CARTESIAN_POINT('',(3.630096735909,-1.695,0.45));
#4904 = DIRECTION('',(2.22044604925E-16,1.,-2.22044604925E-16));
#4905 = DIRECTION('',(-1.,2.22044604925E-16,-2.22044604925E-16));
#4906 = ORIENTED_EDGE('',*,*,#4907,.T.);
#4907 = EDGE_CURVE('',#4899,#4908,#4910,.T.);
#4908 = VERTEX_POINT('',#4909);
#4909 = CARTESIAN_POINT('',(3.220096735909,-1.695,0.932351039892));
#4910 = LINE('',#4911,#4912);
#4911 = CARTESIAN_POINT('',(3.391154104848,-1.695,0.376471644504));
#4912 = VECTOR('',#4913,1.);
#4913 = DIRECTION('',(-0.294113421982,2.775299870415E-16,0.955770524242)
  );
#4914 = ORIENTED_EDGE('',*,*,#4915,.F.);
#4915 = EDGE_CURVE('',#4916,#4908,#4918,.T.);
#4916 = VERTEX_POINT('',#4917);
#4917 = CARTESIAN_POINT('',(2.79,-1.695,1.25));
#4918 = CIRCLE('',#4919,0.45);
#4919 = AXIS2_PLACEMENT_3D('',#4920,#4921,#4922);
#4920 = CARTESIAN_POINT('',(2.79,-1.695,0.8));
#4921 = DIRECTION('',(2.22044604925E-16,1.,-2.22044604925E-16));
#4922 = DIRECTION('',(-1.,2.22044604925E-16,-2.22044604925E-16));
#4923 = ORIENTED_EDGE('',*,*,#4924,.T.);
#4924 = EDGE_CURVE('',#4916,#3952,#4925,.T.);
#4925 = LINE('',#4926,#4927);
#4926 = CARTESIAN_POINT('',(2.79,-1.695,1.25));
#4927 = VECTOR('',#4928,1.);
#4928 = DIRECTION('',(-1.,2.22044604925E-16,-2.22044604925E-16));
#4929 = ORIENTED_EDGE('',*,*,#4449,.T.);
#4930 = ORIENTED_EDGE('',*,*,#4931,.F.);
#4931 = EDGE_CURVE('',#4932,#4450,#4934,.T.);
#4932 = VERTEX_POINT('',#4933);
#4933 = CARTESIAN_POINT('',(2.64,-1.695,1.05));
#4934 = LINE('',#4935,#4936);
#4935 = CARTESIAN_POINT('',(2.64,-1.695,1.05));
#4936 = VECTOR('',#4937,1.);
#4937 = DIRECTION('',(-1.,2.22044604925E-16,-2.22044604925E-16));
#4938 = ORIENTED_EDGE('',*,*,#4939,.F.);
#4939 = EDGE_CURVE('',#4940,#4932,#4942,.T.);
#4940 = VERTEX_POINT('',#4941);
#4941 = CARTESIAN_POINT('',(2.79,-1.695,1.05));
#4942 = LINE('',#4943,#4944);
#4943 = CARTESIAN_POINT('',(2.79,-1.695,1.05));
#4944 = VECTOR('',#4945,1.);
#4945 = DIRECTION('',(-1.,2.22044604925E-16,-2.22044604925E-16));
#4946 = ORIENTED_EDGE('',*,*,#4947,.T.);
#4947 = EDGE_CURVE('',#4940,#4948,#4950,.T.);
#4948 = VERTEX_POINT('',#4949);
#4949 = CARTESIAN_POINT('',(3.02894263106,-1.695,0.873528355496));
#4950 = CIRCLE('',#4951,0.25);
#4951 = AXIS2_PLACEMENT_3D('',#4952,#4953,#4954);
#4952 = CARTESIAN_POINT('',(2.79,-1.695,0.8));
#4953 = DIRECTION('',(2.22044604925E-16,1.,-2.22044604925E-16));
#4954 = DIRECTION('',(-1.,2.22044604925E-16,-2.22044604925E-16));
#4955 = ORIENTED_EDGE('',*,*,#4956,.F.);
#4956 = EDGE_CURVE('',#4866,#4948,#4957,.T.);
#4957 = LINE('',#4958,#4959);
#4958 = CARTESIAN_POINT('',(3.2,-1.695,0.317648960108));
#4959 = VECTOR('',#4960,1.);
#4960 = DIRECTION('',(-0.294113421982,2.775299870415E-16,0.955770524242)
  );
#4961 = PLANE('',#4962);
#4962 = AXIS2_PLACEMENT_3D('',#4963,#4964,#4965);
#4963 = CARTESIAN_POINT('',(2.136753485958,-1.695,0.896556536409));
#4964 = DIRECTION('',(2.22044604925E-16,1.,0.));
#4965 = DIRECTION('',(2.22044604925E-16,-2.465190328816E-32,-1.));
#4966 = ADVANCED_FACE('',(#4967),#4985,.T.);
#4967 = FACE_BOUND('',#4968,.F.);
#4968 = EDGE_LOOP('',(#4969,#4970,#4978,#4984));
#4969 = ORIENTED_EDGE('',*,*,#4924,.F.);
#4970 = ORIENTED_EDGE('',*,*,#4971,.T.);
#4971 = EDGE_CURVE('',#4916,#4972,#4974,.T.);
#4972 = VERTEX_POINT('',#4973);
#4973 = CARTESIAN_POINT('',(2.79,-2.115,1.25));
#4974 = LINE('',#4975,#4976);
#4975 = CARTESIAN_POINT('',(2.79,-1.695,1.25));
#4976 = VECTOR('',#4977,1.);
#4977 = DIRECTION('',(-2.22044604925E-16,-1.,2.22044604925E-16));
#4978 = ORIENTED_EDGE('',*,*,#4979,.T.);
#4979 = EDGE_CURVE('',#4972,#4481,#4980,.T.);
#4980 = LINE('',#4981,#4982);
#4981 = CARTESIAN_POINT('',(2.79,-2.115,1.25));
#4982 = VECTOR('',#4983,1.);
#4983 = DIRECTION('',(-1.,2.22044604925E-16,-2.22044604925E-16));
#4984 = ORIENTED_EDGE('',*,*,#4488,.F.);
#4985 = PLANE('',#4986);
#4986 = AXIS2_PLACEMENT_3D('',#4987,#4988,#4989);
#4987 = CARTESIAN_POINT('',(2.79,-1.695,1.25));
#4988 = DIRECTION('',(-2.22044604925E-16,2.22044604925E-16,1.));
#4989 = DIRECTION('',(1.,-2.22044604925E-16,2.22044604925E-16));
#4990 = ADVANCED_FACE('',(#4991),#5016,.F.);
#4991 = FACE_BOUND('',#4992,.F.);
#4992 = EDGE_LOOP('',(#4993,#5001,#5002,#5010));
#4993 = ORIENTED_EDGE('',*,*,#4994,.F.);
#4994 = EDGE_CURVE('',#4473,#4995,#4997,.T.);
#4995 = VERTEX_POINT('',#4996);
#4996 = CARTESIAN_POINT('',(-3.143781575513E-16,-2.115,1.05));
#4997 = LINE('',#4998,#4999);
#4998 = CARTESIAN_POINT('',(0.,-2.115,1.25));
#4999 = VECTOR('',#5000,1.);
#5000 = DIRECTION('',(0.,-2.22044604925E-16,-1.));
#5001 = ORIENTED_EDGE('',*,*,#4480,.T.);
#5002 = ORIENTED_EDGE('',*,*,#5003,.T.);
#5003 = EDGE_CURVE('',#4481,#5004,#5006,.T.);
#5004 = VERTEX_POINT('',#5005);
#5005 = CARTESIAN_POINT('',(5.E-02,-2.115,1.05));
#5006 = LINE('',#5007,#5008);
#5007 = CARTESIAN_POINT('',(5.E-02,-2.115,1.25));
#5008 = VECTOR('',#5009,1.);
#5009 = DIRECTION('',(0.,-2.22044604925E-16,-1.));
#5010 = ORIENTED_EDGE('',*,*,#5011,.T.);
#5011 = EDGE_CURVE('',#5004,#4995,#5012,.T.);
#5012 = LINE('',#5013,#5014);
#5013 = CARTESIAN_POINT('',(5.E-02,-2.115,1.05));
#5014 = VECTOR('',#5015,1.);
#5015 = DIRECTION('',(-1.,0.,0.));
#5016 = PLANE('',#5017);
#5017 = AXIS2_PLACEMENT_3D('',#5018,#5019,#5020);
#5018 = CARTESIAN_POINT('',(0.,-2.115,1.15));
#5019 = DIRECTION('',(0.,1.,0.));
#5020 = DIRECTION('',(0.,0.,1.));
#5021 = ADVANCED_FACE('',(#5022),#5040,.F.);
#5022 = FACE_BOUND('',#5023,.F.);
#5023 = EDGE_LOOP('',(#5024,#5032,#5033,#5034));
#5024 = ORIENTED_EDGE('',*,*,#5025,.T.);
#5025 = EDGE_CURVE('',#5026,#4504,#5028,.T.);
#5026 = VERTEX_POINT('',#5027);
#5027 = CARTESIAN_POINT('',(-5.E-02,-2.115,1.05));
#5028 = LINE('',#5029,#5030);
#5029 = CARTESIAN_POINT('',(-5.E-02,-2.115,1.05));
#5030 = VECTOR('',#5031,1.);
#5031 = DIRECTION('',(0.,2.22044604925E-16,1.));
#5032 = ORIENTED_EDGE('',*,*,#4511,.T.);
#5033 = ORIENTED_EDGE('',*,*,#4994,.T.);
#5034 = ORIENTED_EDGE('',*,*,#5035,.T.);
#5035 = EDGE_CURVE('',#4995,#5026,#5036,.T.);
#5036 = LINE('',#5037,#5038);
#5037 = CARTESIAN_POINT('',(5.E-02,-2.115,1.05));
#5038 = VECTOR('',#5039,1.);
#5039 = DIRECTION('',(-1.,0.,0.));
#5040 = PLANE('',#5041);
#5041 = AXIS2_PLACEMENT_3D('',#5042,#5043,#5044);
#5042 = CARTESIAN_POINT('',(0.,-2.115,1.15));
#5043 = DIRECTION('',(0.,1.,0.));
#5044 = DIRECTION('',(0.,0.,1.));
#5045 = ADVANCED_FACE('',(#5046),#5071,.T.);
#5046 = FACE_BOUND('',#5047,.T.);
#5047 = EDGE_LOOP('',(#5048,#5056,#5064,#5070));
#5048 = ORIENTED_EDGE('',*,*,#5049,.F.);
#5049 = EDGE_CURVE('',#5050,#3936,#5052,.T.);
#5050 = VERTEX_POINT('',#5051);
#5051 = CARTESIAN_POINT('',(-2.79,-1.695,1.25));
#5052 = LINE('',#5053,#5054);
#5053 = CARTESIAN_POINT('',(-2.79,-1.695,1.25));
#5054 = VECTOR('',#5055,1.);
#5055 = DIRECTION('',(1.,0.,0.));
#5056 = ORIENTED_EDGE('',*,*,#5057,.T.);
#5057 = EDGE_CURVE('',#5050,#5058,#5060,.T.);
#5058 = VERTEX_POINT('',#5059);
#5059 = CARTESIAN_POINT('',(-2.79,-2.115,1.25));
#5060 = LINE('',#5061,#5062);
#5061 = CARTESIAN_POINT('',(-2.79,-1.695,1.25));
#5062 = VECTOR('',#5063,1.);
#5063 = DIRECTION('',(0.,-1.,2.22044604925E-16));
#5064 = ORIENTED_EDGE('',*,*,#5065,.T.);
#5065 = EDGE_CURVE('',#5058,#4504,#5066,.T.);
#5066 = LINE('',#5067,#5068);
#5067 = CARTESIAN_POINT('',(-2.79,-2.115,1.25));
#5068 = VECTOR('',#5069,1.);
#5069 = DIRECTION('',(1.,0.,0.));
#5070 = ORIENTED_EDGE('',*,*,#4503,.F.);
#5071 = PLANE('',#5072);
#5072 = AXIS2_PLACEMENT_3D('',#5073,#5074,#5075);
#5073 = CARTESIAN_POINT('',(-2.79,-1.695,1.25));
#5074 = DIRECTION('',(0.,2.22044604925E-16,1.));
#5075 = DIRECTION('',(1.,0.,0.));
#5076 = ADVANCED_FACE('',(#5077),#5171,.T.);
#5077 = FACE_BOUND('',#5078,.T.);
#5078 = EDGE_LOOP('',(#5079,#5090,#5098,#5106,#5114,#5123,#5131,#5138,
    #5139,#5140,#5148,#5156,#5165));
#5079 = ORIENTED_EDGE('',*,*,#5080,.F.);
#5080 = EDGE_CURVE('',#5081,#5083,#5085,.T.);
#5081 = VERTEX_POINT('',#5082);
#5082 = CARTESIAN_POINT('',(-3.630096735909,-1.695,3.76365592113E-16));
#5083 = VERTEX_POINT('',#5084);
#5084 = CARTESIAN_POINT('',(-3.2,-1.695,0.317648960108));
#5085 = CIRCLE('',#5086,0.45);
#5086 = AXIS2_PLACEMENT_3D('',#5087,#5088,#5089);
#5087 = CARTESIAN_POINT('',(-3.630096735909,-1.695,0.45));
#5088 = DIRECTION('',(0.,-1.,2.22044604925E-16));
#5089 = DIRECTION('',(1.,0.,0.));
#5090 = ORIENTED_EDGE('',*,*,#5091,.T.);
#5091 = EDGE_CURVE('',#5081,#5092,#5094,.T.);
#5092 = VERTEX_POINT('',#5093);
#5093 = CARTESIAN_POINT('',(-3.95,-1.695,3.763655879192E-16));
#5094 = LINE('',#5095,#5096);
#5095 = CARTESIAN_POINT('',(-3.630096735909,-1.695,2.22044604925E-16));
#5096 = VECTOR('',#5097,1.);
#5097 = DIRECTION('',(-1.,0.,0.));
#5098 = ORIENTED_EDGE('',*,*,#5099,.T.);
#5099 = EDGE_CURVE('',#5092,#5100,#5102,.T.);
#5100 = VERTEX_POINT('',#5101);
#5101 = CARTESIAN_POINT('',(-3.95,-1.695,0.2));
#5102 = LINE('',#5103,#5104);
#5103 = CARTESIAN_POINT('',(-3.95,-1.695,2.22044604925E-16));
#5104 = VECTOR('',#5105,1.);
#5105 = DIRECTION('',(0.,2.22044604925E-16,1.));
#5106 = ORIENTED_EDGE('',*,*,#5107,.T.);
#5107 = EDGE_CURVE('',#5100,#5108,#5110,.T.);
#5108 = VERTEX_POINT('',#5109);
#5109 = CARTESIAN_POINT('',(-3.630096735909,-1.695,0.2));
#5110 = LINE('',#5111,#5112);
#5111 = CARTESIAN_POINT('',(-3.95,-1.695,0.2));
#5112 = VECTOR('',#5113,1.);
#5113 = DIRECTION('',(1.,0.,0.));
#5114 = ORIENTED_EDGE('',*,*,#5115,.T.);
#5115 = EDGE_CURVE('',#5108,#5116,#5118,.T.);
#5116 = VERTEX_POINT('',#5117);
#5117 = CARTESIAN_POINT('',(-3.391154104848,-1.695,0.376471644504));
#5118 = CIRCLE('',#5119,0.25);
#5119 = AXIS2_PLACEMENT_3D('',#5120,#5121,#5122);
#5120 = CARTESIAN_POINT('',(-3.630096735909,-1.695,0.45));
#5121 = DIRECTION('',(0.,-1.,2.22044604925E-16));
#5122 = DIRECTION('',(1.,0.,0.));
#5123 = ORIENTED_EDGE('',*,*,#5124,.T.);
#5124 = EDGE_CURVE('',#5116,#5125,#5127,.T.);
#5125 = VERTEX_POINT('',#5126);
#5126 = CARTESIAN_POINT('',(-3.220096735909,-1.695,0.932351039892));
#5127 = LINE('',#5128,#5129);
#5128 = CARTESIAN_POINT('',(-3.391154104848,-1.695,0.376471644504));
#5129 = VECTOR('',#5130,1.);
#5130 = DIRECTION('',(0.294113421982,2.122236884543E-16,0.955770524242)
  );
#5131 = ORIENTED_EDGE('',*,*,#5132,.F.);
#5132 = EDGE_CURVE('',#5050,#5125,#5133,.T.);
#5133 = CIRCLE('',#5134,0.45);
#5134 = AXIS2_PLACEMENT_3D('',#5135,#5136,#5137);
#5135 = CARTESIAN_POINT('',(-2.79,-1.695,0.8));
#5136 = DIRECTION('',(0.,-1.,2.22044604925E-16));
#5137 = DIRECTION('',(1.,0.,0.));
#5138 = ORIENTED_EDGE('',*,*,#5049,.T.);
#5139 = ORIENTED_EDGE('',*,*,#4540,.T.);
#5140 = ORIENTED_EDGE('',*,*,#5141,.F.);
#5141 = EDGE_CURVE('',#5142,#4533,#5144,.T.);
#5142 = VERTEX_POINT('',#5143);
#5143 = CARTESIAN_POINT('',(-2.64,-1.695,1.05));
#5144 = LINE('',#5145,#5146);
#5145 = CARTESIAN_POINT('',(-2.64,-1.695,1.05));
#5146 = VECTOR('',#5147,1.);
#5147 = DIRECTION('',(1.,0.,0.));
#5148 = ORIENTED_EDGE('',*,*,#5149,.F.);
#5149 = EDGE_CURVE('',#5150,#5142,#5152,.T.);
#5150 = VERTEX_POINT('',#5151);
#5151 = CARTESIAN_POINT('',(-2.79,-1.695,1.05));
#5152 = LINE('',#5153,#5154);
#5153 = CARTESIAN_POINT('',(-2.79,-1.695,1.05));
#5154 = VECTOR('',#5155,1.);
#5155 = DIRECTION('',(1.,0.,0.));
#5156 = ORIENTED_EDGE('',*,*,#5157,.T.);
#5157 = EDGE_CURVE('',#5150,#5158,#5160,.T.);
#5158 = VERTEX_POINT('',#5159);
#5159 = CARTESIAN_POINT('',(-3.02894263106,-1.695,0.873528355496));
#5160 = CIRCLE('',#5161,0.25);
#5161 = AXIS2_PLACEMENT_3D('',#5162,#5163,#5164);
#5162 = CARTESIAN_POINT('',(-2.79,-1.695,0.8));
#5163 = DIRECTION('',(0.,-1.,2.22044604925E-16));
#5164 = DIRECTION('',(1.,0.,0.));
#5165 = ORIENTED_EDGE('',*,*,#5166,.F.);
#5166 = EDGE_CURVE('',#5083,#5158,#5167,.T.);
#5167 = LINE('',#5168,#5169);
#5168 = CARTESIAN_POINT('',(-3.2,-1.695,0.317648960108));
#5169 = VECTOR('',#5170,1.);
#5170 = DIRECTION('',(0.294113421982,2.122236884543E-16,0.955770524242)
  );
#5171 = PLANE('',#5172);
#5172 = AXIS2_PLACEMENT_3D('',#5173,#5174,#5175);
#5173 = CARTESIAN_POINT('',(-2.136753485958,-1.695,0.896556536409));
#5174 = DIRECTION('',(0.,1.,0.));
#5175 = DIRECTION('',(0.,0.,1.));
#5176 = ADVANCED_FACE('',(#5177),#5193,.T.);
#5177 = FACE_BOUND('',#5178,.T.);
#5178 = EDGE_LOOP('',(#5179,#5185,#5186,#5192));
#5179 = ORIENTED_EDGE('',*,*,#5180,.T.);
#5180 = EDGE_CURVE('',#4840,#4995,#5181,.T.);
#5181 = LINE('',#5182,#5183);
#5182 = CARTESIAN_POINT('',(0.,-1.695,1.05));
#5183 = VECTOR('',#5184,1.);
#5184 = DIRECTION('',(0.,-1.,2.22044604925E-16));
#5185 = ORIENTED_EDGE('',*,*,#5035,.T.);
#5186 = ORIENTED_EDGE('',*,*,#5187,.F.);
#5187 = EDGE_CURVE('',#4533,#5026,#5188,.T.);
#5188 = LINE('',#5189,#5190);
#5189 = CARTESIAN_POINT('',(-5.E-02,2.115,1.05));
#5190 = VECTOR('',#5191,1.);
#5191 = DIRECTION('',(0.,-1.,2.22044604925E-16));
#5192 = ORIENTED_EDGE('',*,*,#4847,.T.);
#5193 = PLANE('',#5194);
#5194 = AXIS2_PLACEMENT_3D('',#5195,#5196,#5197);
#5195 = CARTESIAN_POINT('',(5.E-02,2.115,1.05));
#5196 = DIRECTION('',(0.,-2.22044604925E-16,-1.));
#5197 = DIRECTION('',(-1.,0.,0.));
#5198 = ADVANCED_FACE('',(#5199),#5210,.T.);
#5199 = FACE_BOUND('',#5200,.T.);
#5200 = EDGE_LOOP('',(#5201,#5202,#5208,#5209));
#5201 = ORIENTED_EDGE('',*,*,#4839,.F.);
#5202 = ORIENTED_EDGE('',*,*,#5203,.T.);
#5203 = EDGE_CURVE('',#4450,#5004,#5204,.T.);
#5204 = LINE('',#5205,#5206);
#5205 = CARTESIAN_POINT('',(5.E-02,2.115,1.05));
#5206 = VECTOR('',#5207,1.);
#5207 = DIRECTION('',(0.,-1.,2.22044604925E-16));
#5208 = ORIENTED_EDGE('',*,*,#5011,.T.);
#5209 = ORIENTED_EDGE('',*,*,#5180,.F.);
#5210 = PLANE('',#5211);
#5211 = AXIS2_PLACEMENT_3D('',#5212,#5213,#5214);
#5212 = CARTESIAN_POINT('',(5.E-02,2.115,1.05));
#5213 = DIRECTION('',(0.,-2.22044604925E-16,-1.));
#5214 = DIRECTION('',(-1.,0.,0.));
#5215 = ADVANCED_FACE('',(#5216),#5242,.T.);
#5216 = FACE_BOUND('',#5217,.T.);
#5217 = EDGE_LOOP('',(#5218,#5226,#5235,#5241));
#5218 = ORIENTED_EDGE('',*,*,#5219,.T.);
#5219 = EDGE_CURVE('',#4864,#5220,#5222,.T.);
#5220 = VERTEX_POINT('',#5221);
#5221 = CARTESIAN_POINT('',(3.630096735909,-2.115,1.275667721746E-15));
#5222 = LINE('',#5223,#5224);
#5223 = CARTESIAN_POINT('',(3.630096735909,-1.695,1.182408987678E-15));
#5224 = VECTOR('',#5225,1.);
#5225 = DIRECTION('',(-2.22044604925E-16,-1.,2.22044604925E-16));
#5226 = ORIENTED_EDGE('',*,*,#5227,.T.);
#5227 = EDGE_CURVE('',#5220,#5228,#5230,.T.);
#5228 = VERTEX_POINT('',#5229);
#5229 = CARTESIAN_POINT('',(3.2,-2.115,0.317648960108));
#5230 = CIRCLE('',#5231,0.45);
#5231 = AXIS2_PLACEMENT_3D('',#5232,#5233,#5234);
#5232 = CARTESIAN_POINT('',(3.630096735909,-2.115,0.45));
#5233 = DIRECTION('',(2.22044604925E-16,1.,-2.22044604925E-16));
#5234 = DIRECTION('',(-1.,2.22044604925E-16,-2.22044604925E-16));
#5235 = ORIENTED_EDGE('',*,*,#5236,.F.);
#5236 = EDGE_CURVE('',#4866,#5228,#5237,.T.);
#5237 = LINE('',#5238,#5239);
#5238 = CARTESIAN_POINT('',(3.2,-1.695,0.317648960108));
#5239 = VECTOR('',#5240,1.);
#5240 = DIRECTION('',(-2.22044604925E-16,-1.,2.22044604925E-16));
#5241 = ORIENTED_EDGE('',*,*,#4863,.F.);
#5242 = CYLINDRICAL_SURFACE('',#5243,0.45);
#5243 = AXIS2_PLACEMENT_3D('',#5244,#5245,#5246);
#5244 = CARTESIAN_POINT('',(3.630096735909,-1.695,0.45));
#5245 = DIRECTION('',(2.22044604925E-16,1.,-2.22044604925E-16));
#5246 = DIRECTION('',(-1.,2.22044604925E-16,-2.22044604925E-16));
#5247 = ADVANCED_FACE('',(#5248),#5266,.F.);
#5248 = FACE_BOUND('',#5249,.T.);
#5249 = EDGE_LOOP('',(#5250,#5251,#5259,#5265));
#5250 = ORIENTED_EDGE('',*,*,#5236,.T.);
#5251 = ORIENTED_EDGE('',*,*,#5252,.T.);
#5252 = EDGE_CURVE('',#5228,#5253,#5255,.T.);
#5253 = VERTEX_POINT('',#5254);
#5254 = CARTESIAN_POINT('',(3.02894263106,-2.115,0.873528355496));
#5255 = LINE('',#5256,#5257);
#5256 = CARTESIAN_POINT('',(3.2,-2.115,0.317648960108));
#5257 = VECTOR('',#5258,1.);
#5258 = DIRECTION('',(-0.294113421982,2.775299870415E-16,0.955770524242)
  );
#5259 = ORIENTED_EDGE('',*,*,#5260,.F.);
#5260 = EDGE_CURVE('',#4948,#5253,#5261,.T.);
#5261 = LINE('',#5262,#5263);
#5262 = CARTESIAN_POINT('',(3.02894263106,-1.695,0.873528355496));
#5263 = VECTOR('',#5264,1.);
#5264 = DIRECTION('',(-2.22044604925E-16,-1.,2.22044604925E-16));
#5265 = ORIENTED_EDGE('',*,*,#4956,.F.);
#5266 = PLANE('',#5267);
#5267 = AXIS2_PLACEMENT_3D('',#5268,#5269,#5270);
#5268 = CARTESIAN_POINT('',(3.2,-1.695,0.317648960108));
#5269 = DIRECTION('',(0.955770524242,-1.469173898672E-16,0.294113421982)
  );
#5270 = DIRECTION('',(0.294113421982,-2.775299870415E-16,-0.955770524242
    ));
#5271 = ADVANCED_FACE('',(#5272),#5291,.F.);
#5272 = FACE_BOUND('',#5273,.F.);
#5273 = EDGE_LOOP('',(#5274,#5282,#5289,#5290));
#5274 = ORIENTED_EDGE('',*,*,#5275,.T.);
#5275 = EDGE_CURVE('',#4940,#5276,#5278,.T.);
#5276 = VERTEX_POINT('',#5277);
#5277 = CARTESIAN_POINT('',(2.79,-2.115,1.05));
#5278 = LINE('',#5279,#5280);
#5279 = CARTESIAN_POINT('',(2.79,-1.695,1.05));
#5280 = VECTOR('',#5281,1.);
#5281 = DIRECTION('',(-2.22044604925E-16,-1.,2.22044604925E-16));
#5282 = ORIENTED_EDGE('',*,*,#5283,.T.);
#5283 = EDGE_CURVE('',#5276,#5253,#5284,.T.);
#5284 = CIRCLE('',#5285,0.25);
#5285 = AXIS2_PLACEMENT_3D('',#5286,#5287,#5288);
#5286 = CARTESIAN_POINT('',(2.79,-2.115,0.8));
#5287 = DIRECTION('',(2.22044604925E-16,1.,-2.22044604925E-16));
#5288 = DIRECTION('',(-1.,2.22044604925E-16,-2.22044604925E-16));
#5289 = ORIENTED_EDGE('',*,*,#5260,.F.);
#5290 = ORIENTED_EDGE('',*,*,#4947,.F.);
#5291 = CYLINDRICAL_SURFACE('',#5292,0.25);
#5292 = AXIS2_PLACEMENT_3D('',#5293,#5294,#5295);
#5293 = CARTESIAN_POINT('',(2.79,-1.695,0.8));
#5294 = DIRECTION('',(2.22044604925E-16,1.,-2.22044604925E-16));
#5295 = DIRECTION('',(-1.,2.22044604925E-16,-2.22044604925E-16));
#5296 = ADVANCED_FACE('',(#5297),#5315,.F.);
#5297 = FACE_BOUND('',#5298,.T.);
#5298 = EDGE_LOOP('',(#5299,#5300,#5308,#5314));
#5299 = ORIENTED_EDGE('',*,*,#5275,.T.);
#5300 = ORIENTED_EDGE('',*,*,#5301,.T.);
#5301 = EDGE_CURVE('',#5276,#5302,#5304,.T.);
#5302 = VERTEX_POINT('',#5303);
#5303 = CARTESIAN_POINT('',(2.64,-2.115,1.05));
#5304 = LINE('',#5305,#5306);
#5305 = CARTESIAN_POINT('',(2.79,-2.115,1.05));
#5306 = VECTOR('',#5307,1.);
#5307 = DIRECTION('',(-1.,2.22044604925E-16,-2.22044604925E-16));
#5308 = ORIENTED_EDGE('',*,*,#5309,.F.);
#5309 = EDGE_CURVE('',#4932,#5302,#5310,.T.);
#5310 = LINE('',#5311,#5312);
#5311 = CARTESIAN_POINT('',(2.64,-1.695,1.05));
#5312 = VECTOR('',#5313,1.);
#5313 = DIRECTION('',(-2.22044604925E-16,-1.,2.22044604925E-16));
#5314 = ORIENTED_EDGE('',*,*,#4939,.F.);
#5315 = PLANE('',#5316);
#5316 = AXIS2_PLACEMENT_3D('',#5317,#5318,#5319);
#5317 = CARTESIAN_POINT('',(2.79,-1.695,1.05));
#5318 = DIRECTION('',(-2.22044604925E-16,2.22044604925E-16,1.));
#5319 = DIRECTION('',(1.,-2.22044604925E-16,2.22044604925E-16));
#5320 = ADVANCED_FACE('',(#5321),#5332,.F.);
#5321 = FACE_BOUND('',#5322,.T.);
#5322 = EDGE_LOOP('',(#5323,#5324,#5325,#5331));
#5323 = ORIENTED_EDGE('',*,*,#4931,.F.);
#5324 = ORIENTED_EDGE('',*,*,#5309,.T.);
#5325 = ORIENTED_EDGE('',*,*,#5326,.T.);
#5326 = EDGE_CURVE('',#5302,#5004,#5327,.T.);
#5327 = LINE('',#5328,#5329);
#5328 = CARTESIAN_POINT('',(2.64,-2.115,1.05));
#5329 = VECTOR('',#5330,1.);
#5330 = DIRECTION('',(-1.,2.22044604925E-16,-2.22044604925E-16));
#5331 = ORIENTED_EDGE('',*,*,#5203,.F.);
#5332 = PLANE('',#5333);
#5333 = AXIS2_PLACEMENT_3D('',#5334,#5335,#5336);
#5334 = CARTESIAN_POINT('',(2.64,-1.695,1.05));
#5335 = DIRECTION('',(-2.22044604925E-16,2.22044604925E-16,1.));
#5336 = DIRECTION('',(1.,-2.22044604925E-16,2.22044604925E-16));
#5337 = ADVANCED_FACE('',(#5338),#5357,.T.);
#5338 = FACE_BOUND('',#5339,.T.);
#5339 = EDGE_LOOP('',(#5340,#5341,#5350,#5356));
#5340 = ORIENTED_EDGE('',*,*,#4971,.T.);
#5341 = ORIENTED_EDGE('',*,*,#5342,.T.);
#5342 = EDGE_CURVE('',#4972,#5343,#5345,.T.);
#5343 = VERTEX_POINT('',#5344);
#5344 = CARTESIAN_POINT('',(3.220096735909,-2.115,0.932351039892));
#5345 = CIRCLE('',#5346,0.45);
#5346 = AXIS2_PLACEMENT_3D('',#5347,#5348,#5349);
#5347 = CARTESIAN_POINT('',(2.79,-2.115,0.8));
#5348 = DIRECTION('',(2.22044604925E-16,1.,-2.22044604925E-16));
#5349 = DIRECTION('',(-1.,2.22044604925E-16,-2.22044604925E-16));
#5350 = ORIENTED_EDGE('',*,*,#5351,.F.);
#5351 = EDGE_CURVE('',#4908,#5343,#5352,.T.);
#5352 = LINE('',#5353,#5354);
#5353 = CARTESIAN_POINT('',(3.220096735909,-1.695,0.932351039892));
#5354 = VECTOR('',#5355,1.);
#5355 = DIRECTION('',(-2.22044604925E-16,-1.,2.22044604925E-16));
#5356 = ORIENTED_EDGE('',*,*,#4915,.F.);
#5357 = CYLINDRICAL_SURFACE('',#5358,0.45);
#5358 = AXIS2_PLACEMENT_3D('',#5359,#5360,#5361);
#5359 = CARTESIAN_POINT('',(2.79,-1.695,0.8));
#5360 = DIRECTION('',(2.22044604925E-16,1.,-2.22044604925E-16));
#5361 = DIRECTION('',(-1.,2.22044604925E-16,-2.22044604925E-16));
#5362 = ADVANCED_FACE('',(#5363),#5381,.T.);
#5363 = FACE_BOUND('',#5364,.F.);
#5364 = EDGE_LOOP('',(#5365,#5373,#5379,#5380));
#5365 = ORIENTED_EDGE('',*,*,#5366,.T.);
#5366 = EDGE_CURVE('',#4899,#5367,#5369,.T.);
#5367 = VERTEX_POINT('',#5368);
#5368 = CARTESIAN_POINT('',(3.391154104848,-2.115,0.376471644504));
#5369 = LINE('',#5370,#5371);
#5370 = CARTESIAN_POINT('',(3.391154104848,-1.695,0.376471644504));
#5371 = VECTOR('',#5372,1.);
#5372 = DIRECTION('',(-2.22044604925E-16,-1.,2.22044604925E-16));
#5373 = ORIENTED_EDGE('',*,*,#5374,.T.);
#5374 = EDGE_CURVE('',#5367,#5343,#5375,.T.);
#5375 = LINE('',#5376,#5377);
#5376 = CARTESIAN_POINT('',(3.391154104848,-2.115,0.376471644504));
#5377 = VECTOR('',#5378,1.);
#5378 = DIRECTION('',(-0.294113421982,2.775299870415E-16,0.955770524242)
  );
#5379 = ORIENTED_EDGE('',*,*,#5351,.F.);
#5380 = ORIENTED_EDGE('',*,*,#4907,.F.);
#5381 = PLANE('',#5382);
#5382 = AXIS2_PLACEMENT_3D('',#5383,#5384,#5385);
#5383 = CARTESIAN_POINT('',(3.391154104848,-1.695,0.376471644504));
#5384 = DIRECTION('',(0.955770524242,-1.469173898672E-16,0.294113421982)
  );
#5385 = DIRECTION('',(0.294113421982,-2.775299870415E-16,-0.955770524242
    ));
#5386 = ADVANCED_FACE('',(#5387),#5406,.F.);
#5387 = FACE_BOUND('',#5388,.F.);
#5388 = EDGE_LOOP('',(#5389,#5397,#5404,#5405));
#5389 = ORIENTED_EDGE('',*,*,#5390,.T.);
#5390 = EDGE_CURVE('',#4891,#5391,#5393,.T.);
#5391 = VERTEX_POINT('',#5392);
#5392 = CARTESIAN_POINT('',(3.630096735909,-2.115,0.2));
#5393 = LINE('',#5394,#5395);
#5394 = CARTESIAN_POINT('',(3.630096735909,-1.695,0.2));
#5395 = VECTOR('',#5396,1.);
#5396 = DIRECTION('',(-2.22044604925E-16,-1.,2.22044604925E-16));
#5397 = ORIENTED_EDGE('',*,*,#5398,.T.);
#5398 = EDGE_CURVE('',#5391,#5367,#5399,.T.);
#5399 = CIRCLE('',#5400,0.25);
#5400 = AXIS2_PLACEMENT_3D('',#5401,#5402,#5403);
#5401 = CARTESIAN_POINT('',(3.630096735909,-2.115,0.45));
#5402 = DIRECTION('',(2.22044604925E-16,1.,-2.22044604925E-16));
#5403 = DIRECTION('',(-1.,2.22044604925E-16,-2.22044604925E-16));
#5404 = ORIENTED_EDGE('',*,*,#5366,.F.);
#5405 = ORIENTED_EDGE('',*,*,#4898,.F.);
#5406 = CYLINDRICAL_SURFACE('',#5407,0.25);
#5407 = AXIS2_PLACEMENT_3D('',#5408,#5409,#5410);
#5408 = CARTESIAN_POINT('',(3.630096735909,-1.695,0.45));
#5409 = DIRECTION('',(2.22044604925E-16,1.,-2.22044604925E-16));
#5410 = DIRECTION('',(-1.,2.22044604925E-16,-2.22044604925E-16));
#5411 = ADVANCED_FACE('',(#5412),#5430,.T.);
#5412 = FACE_BOUND('',#5413,.F.);
#5413 = EDGE_LOOP('',(#5414,#5422,#5428,#5429));
#5414 = ORIENTED_EDGE('',*,*,#5415,.T.);
#5415 = EDGE_CURVE('',#4883,#5416,#5418,.T.);
#5416 = VERTEX_POINT('',#5417);
#5417 = CARTESIAN_POINT('',(3.95,-2.115,0.2));
#5418 = LINE('',#5419,#5420);
#5419 = CARTESIAN_POINT('',(3.95,-1.695,0.2));
#5420 = VECTOR('',#5421,1.);
#5421 = DIRECTION('',(-2.22044604925E-16,-1.,2.22044604925E-16));
#5422 = ORIENTED_EDGE('',*,*,#5423,.T.);
#5423 = EDGE_CURVE('',#5416,#5391,#5424,.T.);
#5424 = LINE('',#5425,#5426);
#5425 = CARTESIAN_POINT('',(3.95,-2.115,0.2));
#5426 = VECTOR('',#5427,1.);
#5427 = DIRECTION('',(-1.,2.22044604925E-16,-2.22044604925E-16));
#5428 = ORIENTED_EDGE('',*,*,#5390,.F.);
#5429 = ORIENTED_EDGE('',*,*,#4890,.F.);
#5430 = PLANE('',#5431);
#5431 = AXIS2_PLACEMENT_3D('',#5432,#5433,#5434);
#5432 = CARTESIAN_POINT('',(3.95,-1.695,0.2));
#5433 = DIRECTION('',(-2.22044604925E-16,2.22044604925E-16,1.));
#5434 = DIRECTION('',(1.,-2.22044604925E-16,2.22044604925E-16));
#5435 = ADVANCED_FACE('',(#5436),#5454,.T.);
#5436 = FACE_BOUND('',#5437,.F.);
#5437 = EDGE_LOOP('',(#5438,#5446,#5452,#5453));
#5438 = ORIENTED_EDGE('',*,*,#5439,.T.);
#5439 = EDGE_CURVE('',#4875,#5440,#5442,.T.);
#5440 = VERTEX_POINT('',#5441);
#5441 = CARTESIAN_POINT('',(3.95,-2.115,1.346700511442E-15));
#5442 = LINE('',#5443,#5444);
#5443 = CARTESIAN_POINT('',(3.95,-1.695,1.253441777373E-15));
#5444 = VECTOR('',#5445,1.);
#5445 = DIRECTION('',(-2.22044604925E-16,-1.,2.22044604925E-16));
#5446 = ORIENTED_EDGE('',*,*,#5447,.T.);
#5447 = EDGE_CURVE('',#5440,#5416,#5448,.T.);
#5448 = LINE('',#5449,#5450);
#5449 = CARTESIAN_POINT('',(3.95,-2.115,1.33226762955E-15));
#5450 = VECTOR('',#5451,1.);
#5451 = DIRECTION('',(-2.22044604925E-16,2.22044604925E-16,1.));
#5452 = ORIENTED_EDGE('',*,*,#5415,.F.);
#5453 = ORIENTED_EDGE('',*,*,#4882,.F.);
#5454 = PLANE('',#5455);
#5455 = AXIS2_PLACEMENT_3D('',#5456,#5457,#5458);
#5456 = CARTESIAN_POINT('',(3.95,-1.695,1.253441777373E-15));
#5457 = DIRECTION('',(1.,-2.22044604925E-16,2.22044604925E-16));
#5458 = DIRECTION('',(2.22044604925E-16,-2.22044604925E-16,-1.));
#5459 = ADVANCED_FACE('',(#5460),#5471,.T.);
#5460 = FACE_BOUND('',#5461,.F.);
#5461 = EDGE_LOOP('',(#5462,#5463,#5469,#5470));
#5462 = ORIENTED_EDGE('',*,*,#5219,.T.);
#5463 = ORIENTED_EDGE('',*,*,#5464,.T.);
#5464 = EDGE_CURVE('',#5220,#5440,#5465,.T.);
#5465 = LINE('',#5466,#5467);
#5466 = CARTESIAN_POINT('',(3.630096735909,-2.115,1.33226762955E-15));
#5467 = VECTOR('',#5468,1.);
#5468 = DIRECTION('',(1.,-2.22044604925E-16,2.22044604925E-16));
#5469 = ORIENTED_EDGE('',*,*,#5439,.F.);
#5470 = ORIENTED_EDGE('',*,*,#4874,.F.);
#5471 = PLANE('',#5472);
#5472 = AXIS2_PLACEMENT_3D('',#5473,#5474,#5475);
#5473 = CARTESIAN_POINT('',(3.630096735909,-1.695,1.182408983484E-15));
#5474 = DIRECTION('',(2.22044604925E-16,-2.22044604925E-16,-1.));
#5475 = DIRECTION('',(-1.,2.22044604925E-16,-2.22044604925E-16));
#5476 = ADVANCED_FACE('',(#5477),#5492,.F.);
#5477 = FACE_BOUND('',#5478,.T.);
#5478 = EDGE_LOOP('',(#5479,#5480,#5481,#5482,#5483,#5484,#5485,#5486,
    #5487,#5488,#5489,#5490,#5491));
#5479 = ORIENTED_EDGE('',*,*,#5227,.F.);
#5480 = ORIENTED_EDGE('',*,*,#5464,.T.);
#5481 = ORIENTED_EDGE('',*,*,#5447,.T.);
#5482 = ORIENTED_EDGE('',*,*,#5423,.T.);
#5483 = ORIENTED_EDGE('',*,*,#5398,.T.);
#5484 = ORIENTED_EDGE('',*,*,#5374,.T.);
#5485 = ORIENTED_EDGE('',*,*,#5342,.F.);
#5486 = ORIENTED_EDGE('',*,*,#4979,.T.);
#5487 = ORIENTED_EDGE('',*,*,#5003,.T.);
#5488 = ORIENTED_EDGE('',*,*,#5326,.F.);
#5489 = ORIENTED_EDGE('',*,*,#5301,.F.);
#5490 = ORIENTED_EDGE('',*,*,#5283,.T.);
#5491 = ORIENTED_EDGE('',*,*,#5252,.F.);
#5492 = PLANE('',#5493);
#5493 = AXIS2_PLACEMENT_3D('',#5494,#5495,#5496);
#5494 = CARTESIAN_POINT('',(2.136753485958,-2.115,0.896556536409));
#5495 = DIRECTION('',(2.22044604925E-16,1.,0.));
#5496 = DIRECTION('',(2.22044604925E-16,-2.465190328816E-32,-1.));
#5497 = ADVANCED_FACE('',(#5498),#5592,.F.);
#5498 = FACE_BOUND('',#5499,.F.);
#5499 = EDGE_LOOP('',(#5500,#5511,#5519,#5527,#5535,#5544,#5552,#5559,
    #5560,#5561,#5569,#5577,#5586));
#5500 = ORIENTED_EDGE('',*,*,#5501,.F.);
#5501 = EDGE_CURVE('',#5502,#5504,#5506,.T.);
#5502 = VERTEX_POINT('',#5503);
#5503 = CARTESIAN_POINT('',(-3.630096735909,-2.115,4.696243261816E-16));
#5504 = VERTEX_POINT('',#5505);
#5505 = CARTESIAN_POINT('',(-3.2,-2.115,0.317648960108));
#5506 = CIRCLE('',#5507,0.45);
#5507 = AXIS2_PLACEMENT_3D('',#5508,#5509,#5510);
#5508 = CARTESIAN_POINT('',(-3.630096735909,-2.115,0.45));
#5509 = DIRECTION('',(0.,-1.,2.22044604925E-16));
#5510 = DIRECTION('',(1.,0.,0.));
#5511 = ORIENTED_EDGE('',*,*,#5512,.T.);
#5512 = EDGE_CURVE('',#5502,#5513,#5515,.T.);
#5513 = VERTEX_POINT('',#5514);
#5514 = CARTESIAN_POINT('',(-3.95,-2.115,4.696243219877E-16));
#5515 = LINE('',#5516,#5517);
#5516 = CARTESIAN_POINT('',(-3.630096735909,-2.115,4.440892098501E-16));
#5517 = VECTOR('',#5518,1.);
#5518 = DIRECTION('',(-1.,0.,0.));
#5519 = ORIENTED_EDGE('',*,*,#5520,.T.);
#5520 = EDGE_CURVE('',#5513,#5521,#5523,.T.);
#5521 = VERTEX_POINT('',#5522);
#5522 = CARTESIAN_POINT('',(-3.95,-2.115,0.2));
#5523 = LINE('',#5524,#5525);
#5524 = CARTESIAN_POINT('',(-3.95,-2.115,4.440892098501E-16));
#5525 = VECTOR('',#5526,1.);
#5526 = DIRECTION('',(0.,2.22044604925E-16,1.));
#5527 = ORIENTED_EDGE('',*,*,#5528,.T.);
#5528 = EDGE_CURVE('',#5521,#5529,#5531,.T.);
#5529 = VERTEX_POINT('',#5530);
#5530 = CARTESIAN_POINT('',(-3.630096735909,-2.115,0.2));
#5531 = LINE('',#5532,#5533);
#5532 = CARTESIAN_POINT('',(-3.95,-2.115,0.2));
#5533 = VECTOR('',#5534,1.);
#5534 = DIRECTION('',(1.,0.,0.));
#5535 = ORIENTED_EDGE('',*,*,#5536,.T.);
#5536 = EDGE_CURVE('',#5529,#5537,#5539,.T.);
#5537 = VERTEX_POINT('',#5538);
#5538 = CARTESIAN_POINT('',(-3.391154104848,-2.115,0.376471644504));
#5539 = CIRCLE('',#5540,0.25);
#5540 = AXIS2_PLACEMENT_3D('',#5541,#5542,#5543);
#5541 = CARTESIAN_POINT('',(-3.630096735909,-2.115,0.45));
#5542 = DIRECTION('',(0.,-1.,2.22044604925E-16));
#5543 = DIRECTION('',(1.,0.,0.));
#5544 = ORIENTED_EDGE('',*,*,#5545,.T.);
#5545 = EDGE_CURVE('',#5537,#5546,#5548,.T.);
#5546 = VERTEX_POINT('',#5547);
#5547 = CARTESIAN_POINT('',(-3.220096735909,-2.115,0.932351039892));
#5548 = LINE('',#5549,#5550);
#5549 = CARTESIAN_POINT('',(-3.391154104848,-2.115,0.376471644504));
#5550 = VECTOR('',#5551,1.);
#5551 = DIRECTION('',(0.294113421982,2.122236884543E-16,0.955770524242)
  );
#5552 = ORIENTED_EDGE('',*,*,#5553,.F.);
#5553 = EDGE_CURVE('',#5058,#5546,#5554,.T.);
#5554 = CIRCLE('',#5555,0.45);
#5555 = AXIS2_PLACEMENT_3D('',#5556,#5557,#5558);
#5556 = CARTESIAN_POINT('',(-2.79,-2.115,0.8));
#5557 = DIRECTION('',(0.,-1.,2.22044604925E-16));
#5558 = DIRECTION('',(1.,0.,0.));
#5559 = ORIENTED_EDGE('',*,*,#5065,.T.);
#5560 = ORIENTED_EDGE('',*,*,#5025,.F.);
#5561 = ORIENTED_EDGE('',*,*,#5562,.F.);
#5562 = EDGE_CURVE('',#5563,#5026,#5565,.T.);
#5563 = VERTEX_POINT('',#5564);
#5564 = CARTESIAN_POINT('',(-2.64,-2.115,1.05));
#5565 = LINE('',#5566,#5567);
#5566 = CARTESIAN_POINT('',(-2.64,-2.115,1.05));
#5567 = VECTOR('',#5568,1.);
#5568 = DIRECTION('',(1.,0.,0.));
#5569 = ORIENTED_EDGE('',*,*,#5570,.F.);
#5570 = EDGE_CURVE('',#5571,#5563,#5573,.T.);
#5571 = VERTEX_POINT('',#5572);
#5572 = CARTESIAN_POINT('',(-2.79,-2.115,1.05));
#5573 = LINE('',#5574,#5575);
#5574 = CARTESIAN_POINT('',(-2.79,-2.115,1.05));
#5575 = VECTOR('',#5576,1.);
#5576 = DIRECTION('',(1.,0.,0.));
#5577 = ORIENTED_EDGE('',*,*,#5578,.T.);
#5578 = EDGE_CURVE('',#5571,#5579,#5581,.T.);
#5579 = VERTEX_POINT('',#5580);
#5580 = CARTESIAN_POINT('',(-3.02894263106,-2.115,0.873528355496));
#5581 = CIRCLE('',#5582,0.25);
#5582 = AXIS2_PLACEMENT_3D('',#5583,#5584,#5585);
#5583 = CARTESIAN_POINT('',(-2.79,-2.115,0.8));
#5584 = DIRECTION('',(0.,-1.,2.22044604925E-16));
#5585 = DIRECTION('',(1.,0.,0.));
#5586 = ORIENTED_EDGE('',*,*,#5587,.F.);
#5587 = EDGE_CURVE('',#5504,#5579,#5588,.T.);
#5588 = LINE('',#5589,#5590);
#5589 = CARTESIAN_POINT('',(-3.2,-2.115,0.317648960108));
#5590 = VECTOR('',#5591,1.);
#5591 = DIRECTION('',(0.294113421982,2.122236884543E-16,0.955770524242)
  );
#5592 = PLANE('',#5593);
#5593 = AXIS2_PLACEMENT_3D('',#5594,#5595,#5596);
#5594 = CARTESIAN_POINT('',(-2.136753485958,-2.115,0.896556536409));
#5595 = DIRECTION('',(0.,1.,0.));
#5596 = DIRECTION('',(0.,0.,1.));
#5597 = ADVANCED_FACE('',(#5598),#5609,.T.);
#5598 = FACE_BOUND('',#5599,.F.);
#5599 = EDGE_LOOP('',(#5600,#5601,#5602,#5608));
#5600 = ORIENTED_EDGE('',*,*,#5057,.T.);
#5601 = ORIENTED_EDGE('',*,*,#5553,.T.);
#5602 = ORIENTED_EDGE('',*,*,#5603,.F.);
#5603 = EDGE_CURVE('',#5125,#5546,#5604,.T.);
#5604 = LINE('',#5605,#5606);
#5605 = CARTESIAN_POINT('',(-3.220096735909,-1.695,0.932351039892));
#5606 = VECTOR('',#5607,1.);
#5607 = DIRECTION('',(0.,-1.,2.22044604925E-16));
#5608 = ORIENTED_EDGE('',*,*,#5132,.F.);
#5609 = CYLINDRICAL_SURFACE('',#5610,0.45);
#5610 = AXIS2_PLACEMENT_3D('',#5611,#5612,#5613);
#5611 = CARTESIAN_POINT('',(-2.79,-1.695,0.8));
#5612 = DIRECTION('',(0.,1.,-2.22044604925E-16));
#5613 = DIRECTION('',(1.,0.,0.));
#5614 = ADVANCED_FACE('',(#5615),#5631,.T.);
#5615 = FACE_BOUND('',#5616,.F.);
#5616 = EDGE_LOOP('',(#5617,#5623,#5624,#5630));
#5617 = ORIENTED_EDGE('',*,*,#5618,.T.);
#5618 = EDGE_CURVE('',#5081,#5502,#5619,.T.);
#5619 = LINE('',#5620,#5621);
#5620 = CARTESIAN_POINT('',(-3.630096735909,-1.695,3.76365592113E-16));
#5621 = VECTOR('',#5622,1.);
#5622 = DIRECTION('',(0.,-1.,2.22044604925E-16));
#5623 = ORIENTED_EDGE('',*,*,#5501,.T.);
#5624 = ORIENTED_EDGE('',*,*,#5625,.F.);
#5625 = EDGE_CURVE('',#5083,#5504,#5626,.T.);
#5626 = LINE('',#5627,#5628);
#5627 = CARTESIAN_POINT('',(-3.2,-1.695,0.317648960108));
#5628 = VECTOR('',#5629,1.);
#5629 = DIRECTION('',(0.,-1.,2.22044604925E-16));
#5630 = ORIENTED_EDGE('',*,*,#5080,.F.);
#5631 = CYLINDRICAL_SURFACE('',#5632,0.45);
#5632 = AXIS2_PLACEMENT_3D('',#5633,#5634,#5635);
#5633 = CARTESIAN_POINT('',(-3.630096735909,-1.695,0.45));
#5634 = DIRECTION('',(0.,1.,-2.22044604925E-16));
#5635 = DIRECTION('',(1.,0.,0.));
#5636 = ADVANCED_FACE('',(#5637),#5648,.F.);
#5637 = FACE_BOUND('',#5638,.F.);
#5638 = EDGE_LOOP('',(#5639,#5640,#5641,#5647));
#5639 = ORIENTED_EDGE('',*,*,#5625,.T.);
#5640 = ORIENTED_EDGE('',*,*,#5587,.T.);
#5641 = ORIENTED_EDGE('',*,*,#5642,.F.);
#5642 = EDGE_CURVE('',#5158,#5579,#5643,.T.);
#5643 = LINE('',#5644,#5645);
#5644 = CARTESIAN_POINT('',(-3.02894263106,-1.695,0.873528355496));
#5645 = VECTOR('',#5646,1.);
#5646 = DIRECTION('',(0.,-1.,2.22044604925E-16));
#5647 = ORIENTED_EDGE('',*,*,#5166,.F.);
#5648 = PLANE('',#5649);
#5649 = AXIS2_PLACEMENT_3D('',#5650,#5651,#5652);
#5650 = CARTESIAN_POINT('',(-3.2,-1.695,0.317648960108));
#5651 = DIRECTION('',(-0.955770524242,6.530629858713E-17,0.294113421982)
  );
#5652 = DIRECTION('',(0.294113421982,2.122236884543E-16,0.955770524242)
  );
#5653 = ADVANCED_FACE('',(#5654),#5665,.F.);
#5654 = FACE_BOUND('',#5655,.T.);
#5655 = EDGE_LOOP('',(#5656,#5662,#5663,#5664));
#5656 = ORIENTED_EDGE('',*,*,#5657,.T.);
#5657 = EDGE_CURVE('',#5150,#5571,#5658,.T.);
#5658 = LINE('',#5659,#5660);
#5659 = CARTESIAN_POINT('',(-2.79,-1.695,1.05));
#5660 = VECTOR('',#5661,1.);
#5661 = DIRECTION('',(0.,-1.,2.22044604925E-16));
#5662 = ORIENTED_EDGE('',*,*,#5578,.T.);
#5663 = ORIENTED_EDGE('',*,*,#5642,.F.);
#5664 = ORIENTED_EDGE('',*,*,#5157,.F.);
#5665 = CYLINDRICAL_SURFACE('',#5666,0.25);
#5666 = AXIS2_PLACEMENT_3D('',#5667,#5668,#5669);
#5667 = CARTESIAN_POINT('',(-2.79,-1.695,0.8));
#5668 = DIRECTION('',(0.,1.,-2.22044604925E-16));
#5669 = DIRECTION('',(1.,0.,0.));
#5670 = ADVANCED_FACE('',(#5671),#5682,.F.);
#5671 = FACE_BOUND('',#5672,.F.);
#5672 = EDGE_LOOP('',(#5673,#5674,#5675,#5681));
#5673 = ORIENTED_EDGE('',*,*,#5657,.T.);
#5674 = ORIENTED_EDGE('',*,*,#5570,.T.);
#5675 = ORIENTED_EDGE('',*,*,#5676,.F.);
#5676 = EDGE_CURVE('',#5142,#5563,#5677,.T.);
#5677 = LINE('',#5678,#5679);
#5678 = CARTESIAN_POINT('',(-2.64,-1.695,1.05));
#5679 = VECTOR('',#5680,1.);
#5680 = DIRECTION('',(0.,-1.,2.22044604925E-16));
#5681 = ORIENTED_EDGE('',*,*,#5149,.F.);
#5682 = PLANE('',#5683);
#5683 = AXIS2_PLACEMENT_3D('',#5684,#5685,#5686);
#5684 = CARTESIAN_POINT('',(-2.79,-1.695,1.05));
#5685 = DIRECTION('',(0.,2.22044604925E-16,1.));
#5686 = DIRECTION('',(1.,0.,0.));
#5687 = ADVANCED_FACE('',(#5688),#5694,.F.);
#5688 = FACE_BOUND('',#5689,.F.);
#5689 = EDGE_LOOP('',(#5690,#5691,#5692,#5693));
#5690 = ORIENTED_EDGE('',*,*,#5141,.F.);
#5691 = ORIENTED_EDGE('',*,*,#5676,.T.);
#5692 = ORIENTED_EDGE('',*,*,#5562,.T.);
#5693 = ORIENTED_EDGE('',*,*,#5187,.F.);
#5694 = PLANE('',#5695);
#5695 = AXIS2_PLACEMENT_3D('',#5696,#5697,#5698);
#5696 = CARTESIAN_POINT('',(-2.64,-1.695,1.05));
#5697 = DIRECTION('',(0.,2.22044604925E-16,1.));
#5698 = DIRECTION('',(1.,0.,0.));
#5699 = ADVANCED_FACE('',(#5700),#5711,.T.);
#5700 = FACE_BOUND('',#5701,.T.);
#5701 = EDGE_LOOP('',(#5702,#5708,#5709,#5710));
#5702 = ORIENTED_EDGE('',*,*,#5703,.T.);
#5703 = EDGE_CURVE('',#5116,#5537,#5704,.T.);
#5704 = LINE('',#5705,#5706);
#5705 = CARTESIAN_POINT('',(-3.391154104848,-1.695,0.376471644504));
#5706 = VECTOR('',#5707,1.);
#5707 = DIRECTION('',(0.,-1.,2.22044604925E-16));
#5708 = ORIENTED_EDGE('',*,*,#5545,.T.);
#5709 = ORIENTED_EDGE('',*,*,#5603,.F.);
#5710 = ORIENTED_EDGE('',*,*,#5124,.F.);
#5711 = PLANE('',#5712);
#5712 = AXIS2_PLACEMENT_3D('',#5713,#5714,#5715);
#5713 = CARTESIAN_POINT('',(-3.391154104848,-1.695,0.376471644504));
#5714 = DIRECTION('',(-0.955770524242,6.530629858712E-17,0.294113421982)
  );
#5715 = DIRECTION('',(0.294113421982,2.122236884543E-16,0.955770524242)
  );
#5716 = ADVANCED_FACE('',(#5717),#5728,.F.);
#5717 = FACE_BOUND('',#5718,.T.);
#5718 = EDGE_LOOP('',(#5719,#5725,#5726,#5727));
#5719 = ORIENTED_EDGE('',*,*,#5720,.T.);
#5720 = EDGE_CURVE('',#5108,#5529,#5721,.T.);
#5721 = LINE('',#5722,#5723);
#5722 = CARTESIAN_POINT('',(-3.630096735909,-1.695,0.2));
#5723 = VECTOR('',#5724,1.);
#5724 = DIRECTION('',(0.,-1.,2.22044604925E-16));
#5725 = ORIENTED_EDGE('',*,*,#5536,.T.);
#5726 = ORIENTED_EDGE('',*,*,#5703,.F.);
#5727 = ORIENTED_EDGE('',*,*,#5115,.F.);
#5728 = CYLINDRICAL_SURFACE('',#5729,0.25);
#5729 = AXIS2_PLACEMENT_3D('',#5730,#5731,#5732);
#5730 = CARTESIAN_POINT('',(-3.630096735909,-1.695,0.45));
#5731 = DIRECTION('',(0.,1.,-2.22044604925E-16));
#5732 = DIRECTION('',(1.,0.,0.));
#5733 = ADVANCED_FACE('',(#5734),#5745,.T.);
#5734 = FACE_BOUND('',#5735,.T.);
#5735 = EDGE_LOOP('',(#5736,#5742,#5743,#5744));
#5736 = ORIENTED_EDGE('',*,*,#5737,.T.);
#5737 = EDGE_CURVE('',#5100,#5521,#5738,.T.);
#5738 = LINE('',#5739,#5740);
#5739 = CARTESIAN_POINT('',(-3.95,-1.695,0.2));
#5740 = VECTOR('',#5741,1.);
#5741 = DIRECTION('',(0.,-1.,2.22044604925E-16));
#5742 = ORIENTED_EDGE('',*,*,#5528,.T.);
#5743 = ORIENTED_EDGE('',*,*,#5720,.F.);
#5744 = ORIENTED_EDGE('',*,*,#5107,.F.);
#5745 = PLANE('',#5746);
#5746 = AXIS2_PLACEMENT_3D('',#5747,#5748,#5749);
#5747 = CARTESIAN_POINT('',(-3.95,-1.695,0.2));
#5748 = DIRECTION('',(0.,2.22044604925E-16,1.));
#5749 = DIRECTION('',(1.,0.,0.));
#5750 = ADVANCED_FACE('',(#5751),#5762,.T.);
#5751 = FACE_BOUND('',#5752,.T.);
#5752 = EDGE_LOOP('',(#5753,#5759,#5760,#5761));
#5753 = ORIENTED_EDGE('',*,*,#5754,.T.);
#5754 = EDGE_CURVE('',#5092,#5513,#5755,.T.);
#5755 = LINE('',#5756,#5757);
#5756 = CARTESIAN_POINT('',(-3.95,-1.695,3.763655879192E-16));
#5757 = VECTOR('',#5758,1.);
#5758 = DIRECTION('',(0.,-1.,2.22044604925E-16));
#5759 = ORIENTED_EDGE('',*,*,#5520,.T.);
#5760 = ORIENTED_EDGE('',*,*,#5737,.F.);
#5761 = ORIENTED_EDGE('',*,*,#5099,.F.);
#5762 = PLANE('',#5763);
#5763 = AXIS2_PLACEMENT_3D('',#5764,#5765,#5766);
#5764 = CARTESIAN_POINT('',(-3.95,-1.695,3.763655879192E-16));
#5765 = DIRECTION('',(-1.,0.,0.));
#5766 = DIRECTION('',(0.,2.22044604925E-16,1.));
#5767 = ADVANCED_FACE('',(#5768),#5774,.T.);
#5768 = FACE_BOUND('',#5769,.T.);
#5769 = EDGE_LOOP('',(#5770,#5771,#5772,#5773));
#5770 = ORIENTED_EDGE('',*,*,#5618,.T.);
#5771 = ORIENTED_EDGE('',*,*,#5512,.T.);
#5772 = ORIENTED_EDGE('',*,*,#5754,.F.);
#5773 = ORIENTED_EDGE('',*,*,#5091,.F.);
#5774 = PLANE('',#5775);
#5775 = AXIS2_PLACEMENT_3D('',#5776,#5777,#5778);
#5776 = CARTESIAN_POINT('',(-3.630096735909,-1.695,3.763655879192E-16));
#5777 = DIRECTION('',(0.,-2.22044604925E-16,-1.));
#5778 = DIRECTION('',(-1.,0.,0.));
#5779 = ( GEOMETRIC_REPRESENTATION_CONTEXT(3) 
GLOBAL_UNCERTAINTY_ASSIGNED_CONTEXT((#5783)) 
GLOBAL_UNIT_ASSIGNED_CONTEXT((#5780,#5781,#5782)) REPRESENTATION_CONTEXT
('Context #1','3D Context with UNIT and UNCERTAINTY') );
#5780 = ( LENGTH_UNIT() NAMED_UNIT(*) SI_UNIT(.MILLI.,.METRE.) );
#5781 = ( NAMED_UNIT(*) PLANE_ANGLE_UNIT() SI_UNIT($,.RADIAN.) );
#5782 = ( NAMED_UNIT(*) SI_UNIT($,.STERADIAN.) SOLID_ANGLE_UNIT() );
#5783 = UNCERTAINTY_MEASURE_WITH_UNIT(LENGTH_MEASURE(5.E-07),#5780,
  'distance_accuracy_value','confusion accuracy');
#5784 = CONTEXT_DEPENDENT_SHAPE_REPRESENTATION(#5785,#5787);
#5785 = ( REPRESENTATION_RELATIONSHIP('','',#1550,#10) 
REPRESENTATION_RELATIONSHIP_WITH_TRANSFORMATION(#5786) 
SHAPE_REPRESENTATION_RELATIONSHIP() );
#5786 = ITEM_DEFINED_TRANSFORMATION('','',#11,#23);
#5787 = PRODUCT_DEFINITION_SHAPE('Placement','Placement of an item',
  #5788);
#5788 = NEXT_ASSEMBLY_USAGE_OCCURRENCE('6','Pins','',#5,#1545,$);
#5789 = PRODUCT_RELATED_PRODUCT_CATEGORY('part',$,(#1547));
#5790 = MECHANICAL_DESIGN_GEOMETRIC_PRESENTATION_REPRESENTATION('',(
    #5791),#5779);
#5791 = STYLED_ITEM('color',(#5792),#1551);
#5792 = PRESENTATION_STYLE_ASSIGNMENT((#5793,#5799));
#5793 = SURFACE_STYLE_USAGE(.BOTH.,#5794);
#5794 = SURFACE_SIDE_STYLE('',(#5795));
#5795 = SURFACE_STYLE_FILL_AREA(#5796);
#5796 = FILL_AREA_STYLE('',(#5797));
#5797 = FILL_AREA_STYLE_COLOUR('',#5798);
#5798 = COLOUR_RGB('',0.933333342953,0.933333342953,0.933333342953);
#5799 = CURVE_STYLE('',#5800,POSITIVE_LENGTH_MEASURE(0.1),#5801);
#5800 = DRAUGHTING_PRE_DEFINED_CURVE_FONT('continuous');
#5801 = COLOUR_RGB('',9.803921802644E-02,9.803921802644E-02,
  9.803921802644E-02);
#5802 = MECHANICAL_DESIGN_GEOMETRIC_PRESENTATION_REPRESENTATION('',(
    #5803),#1532);
#5803 = STYLED_ITEM('color',(#5804),#1479);
#5804 = PRESENTATION_STYLE_ASSIGNMENT((#5805,#5811));
#5805 = SURFACE_STYLE_USAGE(.BOTH.,#5806);
#5806 = SURFACE_SIDE_STYLE('',(#5807));
#5807 = SURFACE_STYLE_FILL_AREA(#5808);
#5808 = FILL_AREA_STYLE('',(#5809));
#5809 = FILL_AREA_STYLE_COLOUR('',#5810);
#5810 = COLOUR_RGB('',0.466666661095,0.466666661095,0.466666661095);
#5811 = CURVE_STYLE('',#5812,POSITIVE_LENGTH_MEASURE(0.1),#5801);
#5812 = DRAUGHTING_PRE_DEFINED_CURVE_FONT('continuous');
#5813 = MECHANICAL_DESIGN_GEOMETRIC_PRESENTATION_REPRESENTATION('',(
    #5814),#1460);
#5814 = STYLED_ITEM('color',(#5815),#41);
#5815 = PRESENTATION_STYLE_ASSIGNMENT((#5816,#5822));
#5816 = SURFACE_STYLE_USAGE(.BOTH.,#5817);
#5817 = SURFACE_SIDE_STYLE('',(#5818));
#5818 = SURFACE_STYLE_FILL_AREA(#5819);
#5819 = FILL_AREA_STYLE('',(#5820));
#5820 = FILL_AREA_STYLE_COLOUR('',#5821);
#5821 = COLOUR_RGB('',0.199999998682,0.199999998682,0.199999998682);
#5822 = CURVE_STYLE('',#5823,POSITIVE_LENGTH_MEASURE(0.1),#5801);
#5823 = DRAUGHTING_PRE_DEFINED_CURVE_FONT('continuous');
ENDSEC;
END-ISO-10303-21;
