ISO-10303-21;
HEADER;
FILE_DESCRIPTION(('FreeCAD Model'),'2;1');
FILE_NAME('Open CASCADE Shape Model','2025-07-14T16:41:41',(''),(''),
  'Open CASCADE STEP processor 7.8','FreeCAD','Unknown');
FILE_SCHEMA(('AUTOMOTIVE_DESIGN { 1 0 10303 214 1 1 1 1 }'));
ENDSEC;
DATA;
#1 = APPLICATION_PROTOCOL_DEFINITION('international standard',
  'automotive_design',2000,#2);
#2 = APPLICATION_CONTEXT(
  'core data for automotive mechanical design processes');
#3 = SHAPE_DEFINITION_REPRESENTATION(#4,#10);
#4 = PRODUCT_DEFINITION_SHAPE('','',#5);
#5 = PRODUCT_DEFINITION('design','',#6,#9);
#6 = PRODUCT_DEFINITION_FORMATION('','',#7);
#7 = PRODUCT('generic_xtalcc320x250x80-4','generic_xtalcc320x250x80-4',
  '',(#8));
#8 = PRODUCT_CONTEXT('',#2,'mechanical');
#9 = PRODUCT_DEFINITION_CONTEXT('part definition',#2,'design');
#10 = SHAPE_REPRESENTATION('',(#11,#15,#19,#23,#27),#31);
#11 = AXIS2_PLACEMENT_3D('',#12,#13,#14);
#12 = CARTESIAN_POINT('',(0.,0.,0.));
#13 = DIRECTION('',(0.,0.,1.));
#14 = DIRECTION('',(1.,0.,-0.));
#15 = AXIS2_PLACEMENT_3D('',#16,#17,#18);
#16 = CARTESIAN_POINT('',(0.,0.,0.));
#17 = DIRECTION('',(0.,0.,1.));
#18 = DIRECTION('',(1.,0.,0.));
#19 = AXIS2_PLACEMENT_3D('',#20,#21,#22);
#20 = CARTESIAN_POINT('',(0.,0.,0.));
#21 = DIRECTION('',(0.,0.,1.));
#22 = DIRECTION('',(1.,0.,0.));
#23 = AXIS2_PLACEMENT_3D('',#24,#25,#26);
#24 = CARTESIAN_POINT('',(0.,0.,0.));
#25 = DIRECTION('',(0.,0.,1.));
#26 = DIRECTION('',(1.,0.,0.));
#27 = AXIS2_PLACEMENT_3D('',#28,#29,#30);
#28 = CARTESIAN_POINT('',(0.,0.,0.));
#29 = DIRECTION('',(0.,0.,1.));
#30 = DIRECTION('',(1.,0.,0.));
#31 = ( GEOMETRIC_REPRESENTATION_CONTEXT(3) 
GLOBAL_UNCERTAINTY_ASSIGNED_CONTEXT((#35)) GLOBAL_UNIT_ASSIGNED_CONTEXT(
(#32,#33,#34)) REPRESENTATION_CONTEXT('Context #1',
  '3D Context with UNIT and UNCERTAINTY') );
#32 = ( LENGTH_UNIT() NAMED_UNIT(*) SI_UNIT(.MILLI.,.METRE.) );
#33 = ( NAMED_UNIT(*) PLANE_ANGLE_UNIT() SI_UNIT($,.RADIAN.) );
#34 = ( NAMED_UNIT(*) SI_UNIT($,.STERADIAN.) SOLID_ANGLE_UNIT() );
#35 = UNCERTAINTY_MEASURE_WITH_UNIT(LENGTH_MEASURE(1.E-07),#32,
  'distance_accuracy_value','confusion accuracy');
#36 = PRODUCT_RELATED_PRODUCT_CATEGORY('part',$,(#7));
#37 = SHAPE_DEFINITION_REPRESENTATION(#38,#44);
#38 = PRODUCT_DEFINITION_SHAPE('','',#39);
#39 = PRODUCT_DEFINITION('design','',#40,#43);
#40 = PRODUCT_DEFINITION_FORMATION('','',#41);
#41 = PRODUCT('Body','Body','',(#42));
#42 = PRODUCT_CONTEXT('',#2,'mechanical');
#43 = PRODUCT_DEFINITION_CONTEXT('part definition',#2,'design');
#44 = ADVANCED_BREP_SHAPE_REPRESENTATION('',(#11,#45),#335);
#45 = MANIFOLD_SOLID_BREP('',#46);
#46 = CLOSED_SHELL('',(#47,#87,#120,#151,#184,#215,#248,#279,#303,#319)
  );
#47 = ADVANCED_FACE('',(#48),#82,.T.);
#48 = FACE_BOUND('',#49,.T.);
#49 = EDGE_LOOP('',(#50,#60,#68,#76));
#50 = ORIENTED_EDGE('',*,*,#51,.T.);
#51 = EDGE_CURVE('',#52,#54,#56,.T.);
#52 = VERTEX_POINT('',#53);
#53 = CARTESIAN_POINT('',(-1.4,1.25,1.E-02));
#54 = VERTEX_POINT('',#55);
#55 = CARTESIAN_POINT('',(-1.4,1.25,0.6));
#56 = LINE('',#57,#58);
#57 = CARTESIAN_POINT('',(-1.4,1.25,1.E-02));
#58 = VECTOR('',#59,1.);
#59 = DIRECTION('',(0.,0.,1.));
#60 = ORIENTED_EDGE('',*,*,#61,.T.);
#61 = EDGE_CURVE('',#54,#62,#64,.T.);
#62 = VERTEX_POINT('',#63);
#63 = CARTESIAN_POINT('',(1.4,1.25,0.6));
#64 = LINE('',#65,#66);
#65 = CARTESIAN_POINT('',(-1.4,1.25,0.6));
#66 = VECTOR('',#67,1.);
#67 = DIRECTION('',(1.,0.,0.));
#68 = ORIENTED_EDGE('',*,*,#69,.F.);
#69 = EDGE_CURVE('',#70,#62,#72,.T.);
#70 = VERTEX_POINT('',#71);
#71 = CARTESIAN_POINT('',(1.4,1.25,1.E-02));
#72 = LINE('',#73,#74);
#73 = CARTESIAN_POINT('',(1.4,1.25,1.E-02));
#74 = VECTOR('',#75,1.);
#75 = DIRECTION('',(0.,0.,1.));
#76 = ORIENTED_EDGE('',*,*,#77,.F.);
#77 = EDGE_CURVE('',#52,#70,#78,.T.);
#78 = LINE('',#79,#80);
#79 = CARTESIAN_POINT('',(-1.4,1.25,1.E-02));
#80 = VECTOR('',#81,1.);
#81 = DIRECTION('',(1.,0.,0.));
#82 = PLANE('',#83);
#83 = AXIS2_PLACEMENT_3D('',#84,#85,#86);
#84 = CARTESIAN_POINT('',(-1.4,1.25,1.E-02));
#85 = DIRECTION('',(0.,1.,0.));
#86 = DIRECTION('',(1.,0.,0.));
#87 = ADVANCED_FACE('',(#88),#115,.F.);
#88 = FACE_BOUND('',#89,.T.);
#89 = EDGE_LOOP('',(#90,#91,#100,#108));
#90 = ORIENTED_EDGE('',*,*,#69,.T.);
#91 = ORIENTED_EDGE('',*,*,#92,.T.);
#92 = EDGE_CURVE('',#62,#93,#95,.T.);
#93 = VERTEX_POINT('',#94);
#94 = CARTESIAN_POINT('',(1.6,1.05,0.6));
#95 = CIRCLE('',#96,0.2);
#96 = AXIS2_PLACEMENT_3D('',#97,#98,#99);
#97 = CARTESIAN_POINT('',(1.6,1.25,0.6));
#98 = DIRECTION('',(0.,0.,1.));
#99 = DIRECTION('',(1.,0.,0.));
#100 = ORIENTED_EDGE('',*,*,#101,.F.);
#101 = EDGE_CURVE('',#102,#93,#104,.T.);
#102 = VERTEX_POINT('',#103);
#103 = CARTESIAN_POINT('',(1.6,1.05,1.E-02));
#104 = LINE('',#105,#106);
#105 = CARTESIAN_POINT('',(1.6,1.05,1.E-02));
#106 = VECTOR('',#107,1.);
#107 = DIRECTION('',(0.,0.,1.));
#108 = ORIENTED_EDGE('',*,*,#109,.F.);
#109 = EDGE_CURVE('',#70,#102,#110,.T.);
#110 = CIRCLE('',#111,0.2);
#111 = AXIS2_PLACEMENT_3D('',#112,#113,#114);
#112 = CARTESIAN_POINT('',(1.6,1.25,1.E-02));
#113 = DIRECTION('',(0.,0.,1.));
#114 = DIRECTION('',(1.,0.,0.));
#115 = CYLINDRICAL_SURFACE('',#116,0.2);
#116 = AXIS2_PLACEMENT_3D('',#117,#118,#119);
#117 = CARTESIAN_POINT('',(1.6,1.25,1.E-02));
#118 = DIRECTION('',(-0.,-0.,-1.));
#119 = DIRECTION('',(1.,0.,0.));
#120 = ADVANCED_FACE('',(#121),#146,.T.);
#121 = FACE_BOUND('',#122,.T.);
#122 = EDGE_LOOP('',(#123,#124,#132,#140));
#123 = ORIENTED_EDGE('',*,*,#101,.T.);
#124 = ORIENTED_EDGE('',*,*,#125,.T.);
#125 = EDGE_CURVE('',#93,#126,#128,.T.);
#126 = VERTEX_POINT('',#127);
#127 = CARTESIAN_POINT('',(1.6,-1.05,0.6));
#128 = LINE('',#129,#130);
#129 = CARTESIAN_POINT('',(1.6,1.05,0.6));
#130 = VECTOR('',#131,1.);
#131 = DIRECTION('',(0.,-1.,0.));
#132 = ORIENTED_EDGE('',*,*,#133,.F.);
#133 = EDGE_CURVE('',#134,#126,#136,.T.);
#134 = VERTEX_POINT('',#135);
#135 = CARTESIAN_POINT('',(1.6,-1.05,1.E-02));
#136 = LINE('',#137,#138);
#137 = CARTESIAN_POINT('',(1.6,-1.05,1.E-02));
#138 = VECTOR('',#139,1.);
#139 = DIRECTION('',(0.,0.,1.));
#140 = ORIENTED_EDGE('',*,*,#141,.F.);
#141 = EDGE_CURVE('',#102,#134,#142,.T.);
#142 = LINE('',#143,#144);
#143 = CARTESIAN_POINT('',(1.6,1.05,1.E-02));
#144 = VECTOR('',#145,1.);
#145 = DIRECTION('',(0.,-1.,0.));
#146 = PLANE('',#147);
#147 = AXIS2_PLACEMENT_3D('',#148,#149,#150);
#148 = CARTESIAN_POINT('',(1.6,1.05,1.E-02));
#149 = DIRECTION('',(1.,0.,0.));
#150 = DIRECTION('',(0.,-1.,0.));
#151 = ADVANCED_FACE('',(#152),#179,.F.);
#152 = FACE_BOUND('',#153,.T.);
#153 = EDGE_LOOP('',(#154,#155,#164,#172));
#154 = ORIENTED_EDGE('',*,*,#133,.T.);
#155 = ORIENTED_EDGE('',*,*,#156,.T.);
#156 = EDGE_CURVE('',#126,#157,#159,.T.);
#157 = VERTEX_POINT('',#158);
#158 = CARTESIAN_POINT('',(1.4,-1.25,0.6));
#159 = CIRCLE('',#160,0.2);
#160 = AXIS2_PLACEMENT_3D('',#161,#162,#163);
#161 = CARTESIAN_POINT('',(1.6,-1.25,0.6));
#162 = DIRECTION('',(0.,0.,1.));
#163 = DIRECTION('',(1.,0.,0.));
#164 = ORIENTED_EDGE('',*,*,#165,.F.);
#165 = EDGE_CURVE('',#166,#157,#168,.T.);
#166 = VERTEX_POINT('',#167);
#167 = CARTESIAN_POINT('',(1.4,-1.25,1.E-02));
#168 = LINE('',#169,#170);
#169 = CARTESIAN_POINT('',(1.4,-1.25,1.E-02));
#170 = VECTOR('',#171,1.);
#171 = DIRECTION('',(0.,0.,1.));
#172 = ORIENTED_EDGE('',*,*,#173,.F.);
#173 = EDGE_CURVE('',#134,#166,#174,.T.);
#174 = CIRCLE('',#175,0.2);
#175 = AXIS2_PLACEMENT_3D('',#176,#177,#178);
#176 = CARTESIAN_POINT('',(1.6,-1.25,1.E-02));
#177 = DIRECTION('',(0.,0.,1.));
#178 = DIRECTION('',(1.,0.,0.));
#179 = CYLINDRICAL_SURFACE('',#180,0.2);
#180 = AXIS2_PLACEMENT_3D('',#181,#182,#183);
#181 = CARTESIAN_POINT('',(1.6,-1.25,1.E-02));
#182 = DIRECTION('',(-0.,-0.,-1.));
#183 = DIRECTION('',(1.,0.,0.));
#184 = ADVANCED_FACE('',(#185),#210,.T.);
#185 = FACE_BOUND('',#186,.T.);
#186 = EDGE_LOOP('',(#187,#188,#196,#204));
#187 = ORIENTED_EDGE('',*,*,#165,.T.);
#188 = ORIENTED_EDGE('',*,*,#189,.T.);
#189 = EDGE_CURVE('',#157,#190,#192,.T.);
#190 = VERTEX_POINT('',#191);
#191 = CARTESIAN_POINT('',(-1.4,-1.25,0.6));
#192 = LINE('',#193,#194);
#193 = CARTESIAN_POINT('',(1.4,-1.25,0.6));
#194 = VECTOR('',#195,1.);
#195 = DIRECTION('',(-1.,0.,0.));
#196 = ORIENTED_EDGE('',*,*,#197,.F.);
#197 = EDGE_CURVE('',#198,#190,#200,.T.);
#198 = VERTEX_POINT('',#199);
#199 = CARTESIAN_POINT('',(-1.4,-1.25,1.E-02));
#200 = LINE('',#201,#202);
#201 = CARTESIAN_POINT('',(-1.4,-1.25,1.E-02));
#202 = VECTOR('',#203,1.);
#203 = DIRECTION('',(0.,0.,1.));
#204 = ORIENTED_EDGE('',*,*,#205,.F.);
#205 = EDGE_CURVE('',#166,#198,#206,.T.);
#206 = LINE('',#207,#208);
#207 = CARTESIAN_POINT('',(1.4,-1.25,1.E-02));
#208 = VECTOR('',#209,1.);
#209 = DIRECTION('',(-1.,0.,0.));
#210 = PLANE('',#211);
#211 = AXIS2_PLACEMENT_3D('',#212,#213,#214);
#212 = CARTESIAN_POINT('',(1.4,-1.25,1.E-02));
#213 = DIRECTION('',(0.,-1.,0.));
#214 = DIRECTION('',(-1.,0.,0.));
#215 = ADVANCED_FACE('',(#216),#243,.F.);
#216 = FACE_BOUND('',#217,.T.);
#217 = EDGE_LOOP('',(#218,#219,#228,#236));
#218 = ORIENTED_EDGE('',*,*,#197,.T.);
#219 = ORIENTED_EDGE('',*,*,#220,.T.);
#220 = EDGE_CURVE('',#190,#221,#223,.T.);
#221 = VERTEX_POINT('',#222);
#222 = CARTESIAN_POINT('',(-1.6,-1.05,0.6));
#223 = CIRCLE('',#224,0.2);
#224 = AXIS2_PLACEMENT_3D('',#225,#226,#227);
#225 = CARTESIAN_POINT('',(-1.6,-1.25,0.6));
#226 = DIRECTION('',(0.,0.,1.));
#227 = DIRECTION('',(1.,0.,0.));
#228 = ORIENTED_EDGE('',*,*,#229,.F.);
#229 = EDGE_CURVE('',#230,#221,#232,.T.);
#230 = VERTEX_POINT('',#231);
#231 = CARTESIAN_POINT('',(-1.6,-1.05,1.E-02));
#232 = LINE('',#233,#234);
#233 = CARTESIAN_POINT('',(-1.6,-1.05,1.E-02));
#234 = VECTOR('',#235,1.);
#235 = DIRECTION('',(0.,0.,1.));
#236 = ORIENTED_EDGE('',*,*,#237,.F.);
#237 = EDGE_CURVE('',#198,#230,#238,.T.);
#238 = CIRCLE('',#239,0.2);
#239 = AXIS2_PLACEMENT_3D('',#240,#241,#242);
#240 = CARTESIAN_POINT('',(-1.6,-1.25,1.E-02));
#241 = DIRECTION('',(0.,0.,1.));
#242 = DIRECTION('',(1.,0.,0.));
#243 = CYLINDRICAL_SURFACE('',#244,0.2);
#244 = AXIS2_PLACEMENT_3D('',#245,#246,#247);
#245 = CARTESIAN_POINT('',(-1.6,-1.25,1.E-02));
#246 = DIRECTION('',(-0.,-0.,-1.));
#247 = DIRECTION('',(1.,0.,0.));
#248 = ADVANCED_FACE('',(#249),#274,.T.);
#249 = FACE_BOUND('',#250,.T.);
#250 = EDGE_LOOP('',(#251,#252,#260,#268));
#251 = ORIENTED_EDGE('',*,*,#229,.T.);
#252 = ORIENTED_EDGE('',*,*,#253,.T.);
#253 = EDGE_CURVE('',#221,#254,#256,.T.);
#254 = VERTEX_POINT('',#255);
#255 = CARTESIAN_POINT('',(-1.6,1.05,0.6));
#256 = LINE('',#257,#258);
#257 = CARTESIAN_POINT('',(-1.6,-1.05,0.6));
#258 = VECTOR('',#259,1.);
#259 = DIRECTION('',(0.,1.,0.));
#260 = ORIENTED_EDGE('',*,*,#261,.F.);
#261 = EDGE_CURVE('',#262,#254,#264,.T.);
#262 = VERTEX_POINT('',#263);
#263 = CARTESIAN_POINT('',(-1.6,1.05,1.E-02));
#264 = LINE('',#265,#266);
#265 = CARTESIAN_POINT('',(-1.6,1.05,1.E-02));
#266 = VECTOR('',#267,1.);
#267 = DIRECTION('',(0.,0.,1.));
#268 = ORIENTED_EDGE('',*,*,#269,.F.);
#269 = EDGE_CURVE('',#230,#262,#270,.T.);
#270 = LINE('',#271,#272);
#271 = CARTESIAN_POINT('',(-1.6,-1.05,1.E-02));
#272 = VECTOR('',#273,1.);
#273 = DIRECTION('',(0.,1.,0.));
#274 = PLANE('',#275);
#275 = AXIS2_PLACEMENT_3D('',#276,#277,#278);
#276 = CARTESIAN_POINT('',(-1.6,-1.05,1.E-02));
#277 = DIRECTION('',(-1.,0.,0.));
#278 = DIRECTION('',(0.,1.,0.));
#279 = ADVANCED_FACE('',(#280),#298,.F.);
#280 = FACE_BOUND('',#281,.T.);
#281 = EDGE_LOOP('',(#282,#283,#290,#291));
#282 = ORIENTED_EDGE('',*,*,#261,.T.);
#283 = ORIENTED_EDGE('',*,*,#284,.T.);
#284 = EDGE_CURVE('',#254,#54,#285,.T.);
#285 = CIRCLE('',#286,0.2);
#286 = AXIS2_PLACEMENT_3D('',#287,#288,#289);
#287 = CARTESIAN_POINT('',(-1.6,1.25,0.6));
#288 = DIRECTION('',(0.,0.,1.));
#289 = DIRECTION('',(1.,0.,0.));
#290 = ORIENTED_EDGE('',*,*,#51,.F.);
#291 = ORIENTED_EDGE('',*,*,#292,.F.);
#292 = EDGE_CURVE('',#262,#52,#293,.T.);
#293 = CIRCLE('',#294,0.2);
#294 = AXIS2_PLACEMENT_3D('',#295,#296,#297);
#295 = CARTESIAN_POINT('',(-1.6,1.25,1.E-02));
#296 = DIRECTION('',(0.,0.,1.));
#297 = DIRECTION('',(1.,0.,0.));
#298 = CYLINDRICAL_SURFACE('',#299,0.2);
#299 = AXIS2_PLACEMENT_3D('',#300,#301,#302);
#300 = CARTESIAN_POINT('',(-1.6,1.25,1.E-02));
#301 = DIRECTION('',(-0.,-0.,-1.));
#302 = DIRECTION('',(1.,0.,0.));
#303 = ADVANCED_FACE('',(#304),#314,.F.);
#304 = FACE_BOUND('',#305,.T.);
#305 = EDGE_LOOP('',(#306,#307,#308,#309,#310,#311,#312,#313));
#306 = ORIENTED_EDGE('',*,*,#77,.T.);
#307 = ORIENTED_EDGE('',*,*,#109,.T.);
#308 = ORIENTED_EDGE('',*,*,#141,.T.);
#309 = ORIENTED_EDGE('',*,*,#173,.T.);
#310 = ORIENTED_EDGE('',*,*,#205,.T.);
#311 = ORIENTED_EDGE('',*,*,#237,.T.);
#312 = ORIENTED_EDGE('',*,*,#269,.T.);
#313 = ORIENTED_EDGE('',*,*,#292,.T.);
#314 = PLANE('',#315);
#315 = AXIS2_PLACEMENT_3D('',#316,#317,#318);
#316 = CARTESIAN_POINT('',(-9.425854435337E-17,1.29448400912E-16,1.E-02)
  );
#317 = DIRECTION('',(0.,0.,1.));
#318 = DIRECTION('',(1.,0.,0.));
#319 = ADVANCED_FACE('',(#320),#330,.T.);
#320 = FACE_BOUND('',#321,.F.);
#321 = EDGE_LOOP('',(#322,#323,#324,#325,#326,#327,#328,#329));
#322 = ORIENTED_EDGE('',*,*,#61,.T.);
#323 = ORIENTED_EDGE('',*,*,#92,.T.);
#324 = ORIENTED_EDGE('',*,*,#125,.T.);
#325 = ORIENTED_EDGE('',*,*,#156,.T.);
#326 = ORIENTED_EDGE('',*,*,#189,.T.);
#327 = ORIENTED_EDGE('',*,*,#220,.T.);
#328 = ORIENTED_EDGE('',*,*,#253,.T.);
#329 = ORIENTED_EDGE('',*,*,#284,.T.);
#330 = PLANE('',#331);
#331 = AXIS2_PLACEMENT_3D('',#332,#333,#334);
#332 = CARTESIAN_POINT('',(-9.425854435337E-17,1.29448400912E-16,0.6));
#333 = DIRECTION('',(0.,0.,1.));
#334 = DIRECTION('',(1.,0.,0.));
#335 = ( GEOMETRIC_REPRESENTATION_CONTEXT(3) 
GLOBAL_UNCERTAINTY_ASSIGNED_CONTEXT((#339)) GLOBAL_UNIT_ASSIGNED_CONTEXT
((#336,#337,#338)) REPRESENTATION_CONTEXT('Context #1',
  '3D Context with UNIT and UNCERTAINTY') );
#336 = ( LENGTH_UNIT() NAMED_UNIT(*) SI_UNIT(.MILLI.,.METRE.) );
#337 = ( NAMED_UNIT(*) PLANE_ANGLE_UNIT() SI_UNIT($,.RADIAN.) );
#338 = ( NAMED_UNIT(*) SI_UNIT($,.STERADIAN.) SOLID_ANGLE_UNIT() );
#339 = UNCERTAINTY_MEASURE_WITH_UNIT(LENGTH_MEASURE(1.E-07),#336,
  'distance_accuracy_value','confusion accuracy');
#340 = CONTEXT_DEPENDENT_SHAPE_REPRESENTATION(#341,#343);
#341 = ( REPRESENTATION_RELATIONSHIP('','',#44,#10) 
REPRESENTATION_RELATIONSHIP_WITH_TRANSFORMATION(#342) 
SHAPE_REPRESENTATION_RELATIONSHIP() );
#342 = ITEM_DEFINED_TRANSFORMATION('','',#11,#15);
#343 = PRODUCT_DEFINITION_SHAPE('Placement','Placement of an item',#344
  );
#344 = NEXT_ASSEMBLY_USAGE_OCCURRENCE('13','Body','',#5,#39,$);
#345 = PRODUCT_RELATED_PRODUCT_CATEGORY('part',$,(#41));
#346 = SHAPE_DEFINITION_REPRESENTATION(#347,#353);
#347 = PRODUCT_DEFINITION_SHAPE('','',#348);
#348 = PRODUCT_DEFINITION('design','',#349,#352);
#349 = PRODUCT_DEFINITION_FORMATION('','',#350);
#350 = PRODUCT('Lid','Lid','',(#351));
#351 = PRODUCT_CONTEXT('',#2,'mechanical');
#352 = PRODUCT_DEFINITION_CONTEXT('part definition',#2,'design');
#353 = ADVANCED_BREP_SHAPE_REPRESENTATION('',(#11,#354),#1293);
#354 = MANIFOLD_SOLID_BREP('',#355);
#355 = CLOSED_SHELL('',(#356,#396,#429,#462,#495,#528,#559,#585,#611,
    #637,#699,#730,#756,#787,#820,#838,#863,#888,#906,#924,#949,#967,
    #992,#1051,#1068,#1093,#1118,#1135,#1161,#1178,#1187,#1204,#1228,
    #1251,#1263,#1281));
#356 = ADVANCED_FACE('',(#357),#391,.F.);
#357 = FACE_BOUND('',#358,.F.);
#358 = EDGE_LOOP('',(#359,#369,#377,#385));
#359 = ORIENTED_EDGE('',*,*,#360,.F.);
#360 = EDGE_CURVE('',#361,#363,#365,.T.);
#361 = VERTEX_POINT('',#362);
#362 = CARTESIAN_POINT('',(-1.5,-0.887867965644,0.65));
#363 = VERTEX_POINT('',#364);
#364 = CARTESIAN_POINT('',(-1.5,-0.887867965644,0.75));
#365 = LINE('',#366,#367);
#366 = CARTESIAN_POINT('',(-1.5,-0.887867965644,0.6));
#367 = VECTOR('',#368,1.);
#368 = DIRECTION('',(0.,0.,1.));
#369 = ORIENTED_EDGE('',*,*,#370,.F.);
#370 = EDGE_CURVE('',#371,#361,#373,.T.);
#371 = VERTEX_POINT('',#372);
#372 = CARTESIAN_POINT('',(-1.5,0.887867965644,0.65));
#373 = LINE('',#374,#375);
#374 = CARTESIAN_POINT('',(-1.5,0.887867965644,0.65));
#375 = VECTOR('',#376,1.);
#376 = DIRECTION('',(0.,-1.,0.));
#377 = ORIENTED_EDGE('',*,*,#378,.T.);
#378 = EDGE_CURVE('',#371,#379,#381,.T.);
#379 = VERTEX_POINT('',#380);
#380 = CARTESIAN_POINT('',(-1.5,0.887867965644,0.75));
#381 = LINE('',#382,#383);
#382 = CARTESIAN_POINT('',(-1.5,0.887867965644,0.6));
#383 = VECTOR('',#384,1.);
#384 = DIRECTION('',(0.,0.,1.));
#385 = ORIENTED_EDGE('',*,*,#386,.T.);
#386 = EDGE_CURVE('',#379,#363,#387,.T.);
#387 = LINE('',#388,#389);
#388 = CARTESIAN_POINT('',(-1.5,0.887867965644,0.75));
#389 = VECTOR('',#390,1.);
#390 = DIRECTION('',(0.,-1.,0.));
#391 = PLANE('',#392);
#392 = AXIS2_PLACEMENT_3D('',#393,#394,#395);
#393 = CARTESIAN_POINT('',(-1.5,0.887867965644,0.6));
#394 = DIRECTION('',(1.,0.,0.));
#395 = DIRECTION('',(0.,-1.,0.));
#396 = ADVANCED_FACE('',(#397),#424,.T.);
#397 = FACE_BOUND('',#398,.F.);
#398 = EDGE_LOOP('',(#399,#409,#416,#417));
#399 = ORIENTED_EDGE('',*,*,#400,.F.);
#400 = EDGE_CURVE('',#401,#403,#405,.T.);
#401 = VERTEX_POINT('',#402);
#402 = CARTESIAN_POINT('',(-1.237867965644,-1.15,0.65));
#403 = VERTEX_POINT('',#404);
#404 = CARTESIAN_POINT('',(-1.237867965644,-1.15,0.75));
#405 = LINE('',#406,#407);
#406 = CARTESIAN_POINT('',(-1.237867965644,-1.15,0.6));
#407 = VECTOR('',#408,1.);
#408 = DIRECTION('',(0.,0.,1.));
#409 = ORIENTED_EDGE('',*,*,#410,.F.);
#410 = EDGE_CURVE('',#361,#401,#411,.T.);
#411 = CIRCLE('',#412,0.262132034356);
#412 = AXIS2_PLACEMENT_3D('',#413,#414,#415);
#413 = CARTESIAN_POINT('',(-1.237867965644,-0.887867965644,0.65));
#414 = DIRECTION('',(0.,0.,1.));
#415 = DIRECTION('',(1.,0.,0.));
#416 = ORIENTED_EDGE('',*,*,#360,.T.);
#417 = ORIENTED_EDGE('',*,*,#418,.T.);
#418 = EDGE_CURVE('',#363,#403,#419,.T.);
#419 = CIRCLE('',#420,0.262132034356);
#420 = AXIS2_PLACEMENT_3D('',#421,#422,#423);
#421 = CARTESIAN_POINT('',(-1.237867965644,-0.887867965644,0.75));
#422 = DIRECTION('',(0.,0.,1.));
#423 = DIRECTION('',(-1.,0.,0.));
#424 = CYLINDRICAL_SURFACE('',#425,0.262132034356);
#425 = AXIS2_PLACEMENT_3D('',#426,#427,#428);
#426 = CARTESIAN_POINT('',(-1.237867965644,-0.887867965644,0.6));
#427 = DIRECTION('',(-0.,-0.,-1.));
#428 = DIRECTION('',(1.,0.,0.));
#429 = ADVANCED_FACE('',(#430),#457,.T.);
#430 = FACE_BOUND('',#431,.T.);
#431 = EDGE_LOOP('',(#432,#441,#442,#451));
#432 = ORIENTED_EDGE('',*,*,#433,.T.);
#433 = EDGE_CURVE('',#434,#379,#436,.T.);
#434 = VERTEX_POINT('',#435);
#435 = CARTESIAN_POINT('',(-1.45,0.887867965644,0.8));
#436 = CIRCLE('',#437,5.E-02);
#437 = AXIS2_PLACEMENT_3D('',#438,#439,#440);
#438 = CARTESIAN_POINT('',(-1.45,0.887867965644,0.75));
#439 = DIRECTION('',(-2.832769448824E-16,-1.,-0.));
#440 = DIRECTION('',(-1.,2.832769448824E-16,0.));
#441 = ORIENTED_EDGE('',*,*,#386,.T.);
#442 = ORIENTED_EDGE('',*,*,#443,.F.);
#443 = EDGE_CURVE('',#444,#363,#446,.T.);
#444 = VERTEX_POINT('',#445);
#445 = CARTESIAN_POINT('',(-1.45,-0.887867965644,0.8));
#446 = CIRCLE('',#447,5.E-02);
#447 = AXIS2_PLACEMENT_3D('',#448,#449,#450);
#448 = CARTESIAN_POINT('',(-1.45,-0.887867965644,0.75));
#449 = DIRECTION('',(0.,-1.,0.));
#450 = DIRECTION('',(0.,0.,1.));
#451 = ORIENTED_EDGE('',*,*,#452,.F.);
#452 = EDGE_CURVE('',#434,#444,#453,.T.);
#453 = LINE('',#454,#455);
#454 = CARTESIAN_POINT('',(-1.45,0.887867965644,0.8));
#455 = VECTOR('',#456,1.);
#456 = DIRECTION('',(0.,-1.,0.));
#457 = CYLINDRICAL_SURFACE('',#458,5.E-02);
#458 = AXIS2_PLACEMENT_3D('',#459,#460,#461);
#459 = CARTESIAN_POINT('',(-1.45,0.887867965644,0.75));
#460 = DIRECTION('',(0.,-1.,0.));
#461 = DIRECTION('',(0.,0.,1.));
#462 = ADVANCED_FACE('',(#463),#490,.F.);
#463 = FACE_BOUND('',#464,.F.);
#464 = EDGE_LOOP('',(#465,#475,#482,#483));
#465 = ORIENTED_EDGE('',*,*,#466,.F.);
#466 = EDGE_CURVE('',#467,#469,#471,.T.);
#467 = VERTEX_POINT('',#468);
#468 = CARTESIAN_POINT('',(-1.55,0.887867965644,0.6));
#469 = VERTEX_POINT('',#470);
#470 = CARTESIAN_POINT('',(-1.55,-0.887867965644,0.6));
#471 = LINE('',#472,#473);
#472 = CARTESIAN_POINT('',(-1.55,0.887867965644,0.6));
#473 = VECTOR('',#474,1.);
#474 = DIRECTION('',(0.,-1.,0.));
#475 = ORIENTED_EDGE('',*,*,#476,.T.);
#476 = EDGE_CURVE('',#467,#371,#477,.T.);
#477 = CIRCLE('',#478,5.000000000025E-02);
#478 = AXIS2_PLACEMENT_3D('',#479,#480,#481);
#479 = CARTESIAN_POINT('',(-1.55,0.887867965644,0.65));
#480 = DIRECTION('',(0.,-1.,0.));
#481 = DIRECTION('',(1.,0.,0.));
#482 = ORIENTED_EDGE('',*,*,#370,.T.);
#483 = ORIENTED_EDGE('',*,*,#484,.F.);
#484 = EDGE_CURVE('',#469,#361,#485,.T.);
#485 = CIRCLE('',#486,5.000000000025E-02);
#486 = AXIS2_PLACEMENT_3D('',#487,#488,#489);
#487 = CARTESIAN_POINT('',(-1.55,-0.887867965644,0.65));
#488 = DIRECTION('',(0.,-1.,0.));
#489 = DIRECTION('',(1.,0.,0.));
#490 = CYLINDRICAL_SURFACE('',#491,5.000000000025E-02);
#491 = AXIS2_PLACEMENT_3D('',#492,#493,#494);
#492 = CARTESIAN_POINT('',(-1.55,0.887867965644,0.65));
#493 = DIRECTION('',(0.,-1.,0.));
#494 = DIRECTION('',(1.,0.,0.));
#495 = ADVANCED_FACE('',(#496),#523,.T.);
#496 = FACE_BOUND('',#497,.F.);
#497 = EDGE_LOOP('',(#498,#499,#508,#516));
#498 = ORIENTED_EDGE('',*,*,#378,.F.);
#499 = ORIENTED_EDGE('',*,*,#500,.F.);
#500 = EDGE_CURVE('',#501,#371,#503,.T.);
#501 = VERTEX_POINT('',#502);
#502 = CARTESIAN_POINT('',(-1.237867965644,1.15,0.65));
#503 = CIRCLE('',#504,0.262132034356);
#504 = AXIS2_PLACEMENT_3D('',#505,#506,#507);
#505 = CARTESIAN_POINT('',(-1.237867965644,0.887867965644,0.65));
#506 = DIRECTION('',(0.,0.,1.));
#507 = DIRECTION('',(1.,0.,0.));
#508 = ORIENTED_EDGE('',*,*,#509,.T.);
#509 = EDGE_CURVE('',#501,#510,#512,.T.);
#510 = VERTEX_POINT('',#511);
#511 = CARTESIAN_POINT('',(-1.237867965644,1.15,0.75));
#512 = LINE('',#513,#514);
#513 = CARTESIAN_POINT('',(-1.237867965644,1.15,0.6));
#514 = VECTOR('',#515,1.);
#515 = DIRECTION('',(0.,0.,1.));
#516 = ORIENTED_EDGE('',*,*,#517,.T.);
#517 = EDGE_CURVE('',#510,#379,#518,.T.);
#518 = CIRCLE('',#519,0.262132034356);
#519 = AXIS2_PLACEMENT_3D('',#520,#521,#522);
#520 = CARTESIAN_POINT('',(-1.237867965644,0.887867965644,0.75));
#521 = DIRECTION('',(0.,-0.,1.));
#522 = DIRECTION('',(0.,1.,0.));
#523 = CYLINDRICAL_SURFACE('',#524,0.262132034356);
#524 = AXIS2_PLACEMENT_3D('',#525,#526,#527);
#525 = CARTESIAN_POINT('',(-1.237867965644,0.887867965644,0.6));
#526 = DIRECTION('',(-0.,-0.,-1.));
#527 = DIRECTION('',(1.,0.,0.));
#528 = ADVANCED_FACE('',(#529),#554,.F.);
#529 = FACE_BOUND('',#530,.F.);
#530 = EDGE_LOOP('',(#531,#541,#547,#548));
#531 = ORIENTED_EDGE('',*,*,#532,.F.);
#532 = EDGE_CURVE('',#533,#535,#537,.T.);
#533 = VERTEX_POINT('',#534);
#534 = CARTESIAN_POINT('',(1.237867965644,-1.15,0.65));
#535 = VERTEX_POINT('',#536);
#536 = CARTESIAN_POINT('',(1.237867965644,-1.15,0.75));
#537 = LINE('',#538,#539);
#538 = CARTESIAN_POINT('',(1.237867965644,-1.15,0.6));
#539 = VECTOR('',#540,1.);
#540 = DIRECTION('',(0.,0.,1.));
#541 = ORIENTED_EDGE('',*,*,#542,.F.);
#542 = EDGE_CURVE('',#401,#533,#543,.T.);
#543 = LINE('',#544,#545);
#544 = CARTESIAN_POINT('',(-1.237867965644,-1.15,0.65));
#545 = VECTOR('',#546,1.);
#546 = DIRECTION('',(1.,0.,0.));
#547 = ORIENTED_EDGE('',*,*,#400,.T.);
#548 = ORIENTED_EDGE('',*,*,#549,.T.);
#549 = EDGE_CURVE('',#403,#535,#550,.T.);
#550 = LINE('',#551,#552);
#551 = CARTESIAN_POINT('',(-1.237867965644,-1.15,0.75));
#552 = VECTOR('',#553,1.);
#553 = DIRECTION('',(1.,0.,0.));
#554 = PLANE('',#555);
#555 = AXIS2_PLACEMENT_3D('',#556,#557,#558);
#556 = CARTESIAN_POINT('',(-1.237867965644,-1.15,0.6));
#557 = DIRECTION('',(0.,1.,0.));
#558 = DIRECTION('',(1.,0.,0.));
#559 = ADVANCED_FACE('',(#560),#580,.T.);
#560 = FACE_BOUND('',#561,.F.);
#561 = EDGE_LOOP('',(#562,#563,#572,#579));
#562 = ORIENTED_EDGE('',*,*,#443,.F.);
#563 = ORIENTED_EDGE('',*,*,#564,.T.);
#564 = EDGE_CURVE('',#444,#565,#567,.T.);
#565 = VERTEX_POINT('',#566);
#566 = CARTESIAN_POINT('',(-1.237867965644,-1.1,0.8));
#567 = CIRCLE('',#568,0.212132034356);
#568 = AXIS2_PLACEMENT_3D('',#569,#570,#571);
#569 = CARTESIAN_POINT('',(-1.237867965644,-0.887867965644,0.8));
#570 = DIRECTION('',(0.,0.,1.));
#571 = DIRECTION('',(-1.,0.,0.));
#572 = ORIENTED_EDGE('',*,*,#573,.T.);
#573 = EDGE_CURVE('',#565,#403,#574,.T.);
#574 = CIRCLE('',#575,5.E-02);
#575 = AXIS2_PLACEMENT_3D('',#576,#577,#578);
#576 = CARTESIAN_POINT('',(-1.237867965644,-1.1,0.75));
#577 = DIRECTION('',(1.,0.,-0.));
#578 = DIRECTION('',(0.,0.,1.));
#579 = ORIENTED_EDGE('',*,*,#418,.F.);
#580 = TOROIDAL_SURFACE('',#581,0.212132034356,5.E-02);
#581 = AXIS2_PLACEMENT_3D('',#582,#583,#584);
#582 = CARTESIAN_POINT('',(-1.237867965644,-0.887867965644,0.75));
#583 = DIRECTION('',(-0.,-0.,-1.));
#584 = DIRECTION('',(-1.,0.,0.));
#585 = ADVANCED_FACE('',(#586),#606,.F.);
#586 = FACE_BOUND('',#587,.F.);
#587 = EDGE_LOOP('',(#588,#597,#598,#599));
#588 = ORIENTED_EDGE('',*,*,#589,.F.);
#589 = EDGE_CURVE('',#469,#590,#592,.T.);
#590 = VERTEX_POINT('',#591);
#591 = CARTESIAN_POINT('',(-1.237867965644,-1.2,0.6));
#592 = CIRCLE('',#593,0.312132034356);
#593 = AXIS2_PLACEMENT_3D('',#594,#595,#596);
#594 = CARTESIAN_POINT('',(-1.237867965644,-0.887867965644,0.6));
#595 = DIRECTION('',(0.,0.,1.));
#596 = DIRECTION('',(1.,0.,0.));
#597 = ORIENTED_EDGE('',*,*,#484,.T.);
#598 = ORIENTED_EDGE('',*,*,#410,.T.);
#599 = ORIENTED_EDGE('',*,*,#600,.T.);
#600 = EDGE_CURVE('',#401,#590,#601,.T.);
#601 = CIRCLE('',#602,5.000000000025E-02);
#602 = AXIS2_PLACEMENT_3D('',#603,#604,#605);
#603 = CARTESIAN_POINT('',(-1.237867965644,-1.2,0.65));
#604 = DIRECTION('',(-1.,1.836970198721E-16,0.));
#605 = DIRECTION('',(-1.836970198721E-16,-1.,-0.));
#606 = TOROIDAL_SURFACE('',#607,0.312132034356,5.000000000025E-02);
#607 = AXIS2_PLACEMENT_3D('',#608,#609,#610);
#608 = CARTESIAN_POINT('',(-1.237867965644,-0.887867965644,0.65));
#609 = DIRECTION('',(0.,0.,1.));
#610 = DIRECTION('',(1.,0.,0.));
#611 = ADVANCED_FACE('',(#612),#632,.T.);
#612 = FACE_BOUND('',#613,.F.);
#613 = EDGE_LOOP('',(#614,#623,#630,#631));
#614 = ORIENTED_EDGE('',*,*,#615,.F.);
#615 = EDGE_CURVE('',#616,#510,#618,.T.);
#616 = VERTEX_POINT('',#617);
#617 = CARTESIAN_POINT('',(-1.237867965644,1.1,0.8));
#618 = CIRCLE('',#619,5.E-02);
#619 = AXIS2_PLACEMENT_3D('',#620,#621,#622);
#620 = CARTESIAN_POINT('',(-1.237867965644,1.1,0.75));
#621 = DIRECTION('',(-1.,0.,0.));
#622 = DIRECTION('',(0.,0.,1.));
#623 = ORIENTED_EDGE('',*,*,#624,.T.);
#624 = EDGE_CURVE('',#616,#434,#625,.T.);
#625 = CIRCLE('',#626,0.212132034356);
#626 = AXIS2_PLACEMENT_3D('',#627,#628,#629);
#627 = CARTESIAN_POINT('',(-1.237867965644,0.887867965644,0.8));
#628 = DIRECTION('',(0.,-0.,1.));
#629 = DIRECTION('',(0.,1.,0.));
#630 = ORIENTED_EDGE('',*,*,#433,.T.);
#631 = ORIENTED_EDGE('',*,*,#517,.F.);
#632 = TOROIDAL_SURFACE('',#633,0.212132034356,5.E-02);
#633 = AXIS2_PLACEMENT_3D('',#634,#635,#636);
#634 = CARTESIAN_POINT('',(-1.237867965644,0.887867965644,0.75));
#635 = DIRECTION('',(-0.,-0.,-1.));
#636 = DIRECTION('',(0.,1.,0.));
#637 = ADVANCED_FACE('',(#638,#683),#694,.T.);
#638 = FACE_BOUND('',#639,.T.);
#639 = EDGE_LOOP('',(#640,#648,#657,#665,#674,#680,#681,#682));
#640 = ORIENTED_EDGE('',*,*,#641,.T.);
#641 = EDGE_CURVE('',#565,#642,#644,.T.);
#642 = VERTEX_POINT('',#643);
#643 = CARTESIAN_POINT('',(1.237867965644,-1.1,0.8));
#644 = LINE('',#645,#646);
#645 = CARTESIAN_POINT('',(-1.237867965644,-1.1,0.8));
#646 = VECTOR('',#647,1.);
#647 = DIRECTION('',(1.,0.,0.));
#648 = ORIENTED_EDGE('',*,*,#649,.T.);
#649 = EDGE_CURVE('',#642,#650,#652,.T.);
#650 = VERTEX_POINT('',#651);
#651 = CARTESIAN_POINT('',(1.45,-0.887867965644,0.8));
#652 = CIRCLE('',#653,0.212132034356);
#653 = AXIS2_PLACEMENT_3D('',#654,#655,#656);
#654 = CARTESIAN_POINT('',(1.237867965644,-0.887867965644,0.8));
#655 = DIRECTION('',(-0.,0.,1.));
#656 = DIRECTION('',(0.,-1.,0.));
#657 = ORIENTED_EDGE('',*,*,#658,.T.);
#658 = EDGE_CURVE('',#650,#659,#661,.T.);
#659 = VERTEX_POINT('',#660);
#660 = CARTESIAN_POINT('',(1.45,0.887867965644,0.8));
#661 = LINE('',#662,#663);
#662 = CARTESIAN_POINT('',(1.45,-0.887867965644,0.8));
#663 = VECTOR('',#664,1.);
#664 = DIRECTION('',(0.,1.,0.));
#665 = ORIENTED_EDGE('',*,*,#666,.T.);
#666 = EDGE_CURVE('',#659,#667,#669,.T.);
#667 = VERTEX_POINT('',#668);
#668 = CARTESIAN_POINT('',(1.237867965644,1.1,0.8));
#669 = CIRCLE('',#670,0.212132034356);
#670 = AXIS2_PLACEMENT_3D('',#671,#672,#673);
#671 = CARTESIAN_POINT('',(1.237867965644,0.887867965644,0.8));
#672 = DIRECTION('',(0.,0.,1.));
#673 = DIRECTION('',(1.,0.,0.));
#674 = ORIENTED_EDGE('',*,*,#675,.T.);
#675 = EDGE_CURVE('',#667,#616,#676,.T.);
#676 = LINE('',#677,#678);
#677 = CARTESIAN_POINT('',(1.237867965644,1.1,0.8));
#678 = VECTOR('',#679,1.);
#679 = DIRECTION('',(-1.,0.,0.));
#680 = ORIENTED_EDGE('',*,*,#624,.T.);
#681 = ORIENTED_EDGE('',*,*,#452,.T.);
#682 = ORIENTED_EDGE('',*,*,#564,.T.);
#683 = FACE_BOUND('',#684,.T.);
#684 = EDGE_LOOP('',(#685));
#685 = ORIENTED_EDGE('',*,*,#686,.T.);
#686 = EDGE_CURVE('',#687,#687,#689,.T.);
#687 = VERTEX_POINT('',#688);
#688 = CARTESIAN_POINT('',(-0.95,-0.7,0.8));
#689 = CIRCLE('',#690,0.1);
#690 = AXIS2_PLACEMENT_3D('',#691,#692,#693);
#691 = CARTESIAN_POINT('',(-1.05,-0.7,0.8));
#692 = DIRECTION('',(0.,0.,-1.));
#693 = DIRECTION('',(1.,0.,0.));
#694 = PLANE('',#695);
#695 = AXIS2_PLACEMENT_3D('',#696,#697,#698);
#696 = CARTESIAN_POINT('',(-2.739608951806E-17,-2.671118728011E-17,0.8)
  );
#697 = DIRECTION('',(0.,0.,1.));
#698 = DIRECTION('',(1.,0.,0.));
#699 = ADVANCED_FACE('',(#700),#725,.F.);
#700 = FACE_BOUND('',#701,.F.);
#701 = EDGE_LOOP('',(#702,#712,#718,#719));
#702 = ORIENTED_EDGE('',*,*,#703,.F.);
#703 = EDGE_CURVE('',#704,#706,#708,.T.);
#704 = VERTEX_POINT('',#705);
#705 = CARTESIAN_POINT('',(-1.5,0.887867965644,0.6));
#706 = VERTEX_POINT('',#707);
#707 = CARTESIAN_POINT('',(-1.5,-0.887867965644,0.6));
#708 = LINE('',#709,#710);
#709 = CARTESIAN_POINT('',(-1.5,0.887867965644,0.6));
#710 = VECTOR('',#711,1.);
#711 = DIRECTION('',(0.,-1.,0.));
#712 = ORIENTED_EDGE('',*,*,#713,.T.);
#713 = EDGE_CURVE('',#704,#467,#714,.T.);
#714 = LINE('',#715,#716);
#715 = CARTESIAN_POINT('',(-1.55,0.887867965644,0.6));
#716 = VECTOR('',#717,1.);
#717 = DIRECTION('',(-1.,0.,0.));
#718 = ORIENTED_EDGE('',*,*,#466,.T.);
#719 = ORIENTED_EDGE('',*,*,#720,.F.);
#720 = EDGE_CURVE('',#706,#469,#721,.T.);
#721 = LINE('',#722,#723);
#722 = CARTESIAN_POINT('',(-1.55,-0.887867965644,0.6));
#723 = VECTOR('',#724,1.);
#724 = DIRECTION('',(-1.,0.,0.));
#725 = PLANE('',#726);
#726 = AXIS2_PLACEMENT_3D('',#727,#728,#729);
#727 = CARTESIAN_POINT('',(-1.55,0.887867965644,0.6));
#728 = DIRECTION('',(0.,0.,1.));
#729 = DIRECTION('',(-1.,0.,0.));
#730 = ADVANCED_FACE('',(#731),#751,.F.);
#731 = FACE_BOUND('',#732,.F.);
#732 = EDGE_LOOP('',(#733,#742,#749,#750));
#733 = ORIENTED_EDGE('',*,*,#734,.F.);
#734 = EDGE_CURVE('',#735,#467,#737,.T.);
#735 = VERTEX_POINT('',#736);
#736 = CARTESIAN_POINT('',(-1.237867965644,1.2,0.6));
#737 = CIRCLE('',#738,0.312132034356);
#738 = AXIS2_PLACEMENT_3D('',#739,#740,#741);
#739 = CARTESIAN_POINT('',(-1.237867965644,0.887867965644,0.6));
#740 = DIRECTION('',(0.,0.,1.));
#741 = DIRECTION('',(1.,0.,0.));
#742 = ORIENTED_EDGE('',*,*,#743,.T.);
#743 = EDGE_CURVE('',#735,#501,#744,.T.);
#744 = CIRCLE('',#745,5.000000000025E-02);
#745 = AXIS2_PLACEMENT_3D('',#746,#747,#748);
#746 = CARTESIAN_POINT('',(-1.237867965644,1.2,0.65));
#747 = DIRECTION('',(-1.,0.,0.));
#748 = DIRECTION('',(0.,-1.,0.));
#749 = ORIENTED_EDGE('',*,*,#500,.T.);
#750 = ORIENTED_EDGE('',*,*,#476,.F.);
#751 = TOROIDAL_SURFACE('',#752,0.312132034356,5.000000000025E-02);
#752 = AXIS2_PLACEMENT_3D('',#753,#754,#755);
#753 = CARTESIAN_POINT('',(-1.237867965644,0.887867965644,0.65));
#754 = DIRECTION('',(0.,0.,1.));
#755 = DIRECTION('',(1.,0.,0.));
#756 = ADVANCED_FACE('',(#757),#782,.F.);
#757 = FACE_BOUND('',#758,.F.);
#758 = EDGE_LOOP('',(#759,#760,#768,#776));
#759 = ORIENTED_EDGE('',*,*,#509,.F.);
#760 = ORIENTED_EDGE('',*,*,#761,.F.);
#761 = EDGE_CURVE('',#762,#501,#764,.T.);
#762 = VERTEX_POINT('',#763);
#763 = CARTESIAN_POINT('',(1.237867965644,1.15,0.65));
#764 = LINE('',#765,#766);
#765 = CARTESIAN_POINT('',(1.237867965644,1.15,0.65));
#766 = VECTOR('',#767,1.);
#767 = DIRECTION('',(-1.,0.,0.));
#768 = ORIENTED_EDGE('',*,*,#769,.T.);
#769 = EDGE_CURVE('',#762,#770,#772,.T.);
#770 = VERTEX_POINT('',#771);
#771 = CARTESIAN_POINT('',(1.237867965644,1.15,0.75));
#772 = LINE('',#773,#774);
#773 = CARTESIAN_POINT('',(1.237867965644,1.15,0.6));
#774 = VECTOR('',#775,1.);
#775 = DIRECTION('',(0.,0.,1.));
#776 = ORIENTED_EDGE('',*,*,#777,.T.);
#777 = EDGE_CURVE('',#770,#510,#778,.T.);
#778 = LINE('',#779,#780);
#779 = CARTESIAN_POINT('',(1.237867965644,1.15,0.75));
#780 = VECTOR('',#781,1.);
#781 = DIRECTION('',(-1.,0.,0.));
#782 = PLANE('',#783);
#783 = AXIS2_PLACEMENT_3D('',#784,#785,#786);
#784 = CARTESIAN_POINT('',(1.237867965644,1.15,0.6));
#785 = DIRECTION('',(0.,-1.,0.));
#786 = DIRECTION('',(-1.,0.,0.));
#787 = ADVANCED_FACE('',(#788),#815,.T.);
#788 = FACE_BOUND('',#789,.F.);
#789 = EDGE_LOOP('',(#790,#800,#807,#808));
#790 = ORIENTED_EDGE('',*,*,#791,.F.);
#791 = EDGE_CURVE('',#792,#794,#796,.T.);
#792 = VERTEX_POINT('',#793);
#793 = CARTESIAN_POINT('',(1.5,-0.887867965644,0.65));
#794 = VERTEX_POINT('',#795);
#795 = CARTESIAN_POINT('',(1.5,-0.887867965644,0.75));
#796 = LINE('',#797,#798);
#797 = CARTESIAN_POINT('',(1.5,-0.887867965644,0.6));
#798 = VECTOR('',#799,1.);
#799 = DIRECTION('',(0.,0.,1.));
#800 = ORIENTED_EDGE('',*,*,#801,.F.);
#801 = EDGE_CURVE('',#533,#792,#802,.T.);
#802 = CIRCLE('',#803,0.262132034356);
#803 = AXIS2_PLACEMENT_3D('',#804,#805,#806);
#804 = CARTESIAN_POINT('',(1.237867965644,-0.887867965644,0.65));
#805 = DIRECTION('',(0.,0.,1.));
#806 = DIRECTION('',(1.,0.,0.));
#807 = ORIENTED_EDGE('',*,*,#532,.T.);
#808 = ORIENTED_EDGE('',*,*,#809,.T.);
#809 = EDGE_CURVE('',#535,#794,#810,.T.);
#810 = CIRCLE('',#811,0.262132034356);
#811 = AXIS2_PLACEMENT_3D('',#812,#813,#814);
#812 = CARTESIAN_POINT('',(1.237867965644,-0.887867965644,0.75));
#813 = DIRECTION('',(-0.,0.,1.));
#814 = DIRECTION('',(0.,-1.,0.));
#815 = CYLINDRICAL_SURFACE('',#816,0.262132034356);
#816 = AXIS2_PLACEMENT_3D('',#817,#818,#819);
#817 = CARTESIAN_POINT('',(1.237867965644,-0.887867965644,0.6));
#818 = DIRECTION('',(-0.,-0.,-1.));
#819 = DIRECTION('',(1.,0.,0.));
#820 = ADVANCED_FACE('',(#821),#833,.T.);
#821 = FACE_BOUND('',#822,.T.);
#822 = EDGE_LOOP('',(#823,#824,#825,#832));
#823 = ORIENTED_EDGE('',*,*,#573,.T.);
#824 = ORIENTED_EDGE('',*,*,#549,.T.);
#825 = ORIENTED_EDGE('',*,*,#826,.F.);
#826 = EDGE_CURVE('',#642,#535,#827,.T.);
#827 = CIRCLE('',#828,5.E-02);
#828 = AXIS2_PLACEMENT_3D('',#829,#830,#831);
#829 = CARTESIAN_POINT('',(1.237867965644,-1.1,0.75));
#830 = DIRECTION('',(1.,0.,-0.));
#831 = DIRECTION('',(0.,0.,1.));
#832 = ORIENTED_EDGE('',*,*,#641,.F.);
#833 = CYLINDRICAL_SURFACE('',#834,5.E-02);
#834 = AXIS2_PLACEMENT_3D('',#835,#836,#837);
#835 = CARTESIAN_POINT('',(-1.237867965644,-1.1,0.75));
#836 = DIRECTION('',(1.,0.,0.));
#837 = DIRECTION('',(0.,0.,1.));
#838 = ADVANCED_FACE('',(#839),#858,.F.);
#839 = FACE_BOUND('',#840,.F.);
#840 = EDGE_LOOP('',(#841,#849,#850,#851));
#841 = ORIENTED_EDGE('',*,*,#842,.F.);
#842 = EDGE_CURVE('',#590,#843,#845,.T.);
#843 = VERTEX_POINT('',#844);
#844 = CARTESIAN_POINT('',(1.237867965644,-1.2,0.6));
#845 = LINE('',#846,#847);
#846 = CARTESIAN_POINT('',(-1.237867965644,-1.2,0.6));
#847 = VECTOR('',#848,1.);
#848 = DIRECTION('',(1.,0.,0.));
#849 = ORIENTED_EDGE('',*,*,#600,.F.);
#850 = ORIENTED_EDGE('',*,*,#542,.T.);
#851 = ORIENTED_EDGE('',*,*,#852,.F.);
#852 = EDGE_CURVE('',#843,#533,#853,.T.);
#853 = CIRCLE('',#854,5.000000000025E-02);
#854 = AXIS2_PLACEMENT_3D('',#855,#856,#857);
#855 = CARTESIAN_POINT('',(1.237867965644,-1.2,0.65));
#856 = DIRECTION('',(1.,0.,0.));
#857 = DIRECTION('',(0.,1.,0.));
#858 = CYLINDRICAL_SURFACE('',#859,5.000000000025E-02);
#859 = AXIS2_PLACEMENT_3D('',#860,#861,#862);
#860 = CARTESIAN_POINT('',(-1.237867965644,-1.2,0.65));
#861 = DIRECTION('',(1.,0.,0.));
#862 = DIRECTION('',(0.,1.,0.));
#863 = ADVANCED_FACE('',(#864),#883,.T.);
#864 = FACE_BOUND('',#865,.T.);
#865 = EDGE_LOOP('',(#866,#875,#881,#882));
#866 = ORIENTED_EDGE('',*,*,#867,.T.);
#867 = EDGE_CURVE('',#706,#868,#870,.T.);
#868 = VERTEX_POINT('',#869);
#869 = CARTESIAN_POINT('',(-1.237867965644,-1.15,0.6));
#870 = CIRCLE('',#871,0.262132034356);
#871 = AXIS2_PLACEMENT_3D('',#872,#873,#874);
#872 = CARTESIAN_POINT('',(-1.237867965644,-0.887867965644,0.6));
#873 = DIRECTION('',(0.,0.,1.));
#874 = DIRECTION('',(1.,0.,0.));
#875 = ORIENTED_EDGE('',*,*,#876,.T.);
#876 = EDGE_CURVE('',#868,#590,#877,.T.);
#877 = LINE('',#878,#879);
#878 = CARTESIAN_POINT('',(-1.237867965644,-1.2,0.6));
#879 = VECTOR('',#880,1.);
#880 = DIRECTION('',(-9.95799250103E-17,-1.,0.));
#881 = ORIENTED_EDGE('',*,*,#589,.F.);
#882 = ORIENTED_EDGE('',*,*,#720,.F.);
#883 = PLANE('',#884);
#884 = AXIS2_PLACEMENT_3D('',#885,#886,#887);
#885 = CARTESIAN_POINT('',(-1.440900974233,-1.090900974233,0.6));
#886 = DIRECTION('',(0.,0.,-1.));
#887 = DIRECTION('',(0.707106781187,-0.707106781187,0.));
#888 = ADVANCED_FACE('',(#889),#901,.T.);
#889 = FACE_BOUND('',#890,.T.);
#890 = EDGE_LOOP('',(#891,#898,#899,#900));
#891 = ORIENTED_EDGE('',*,*,#892,.T.);
#892 = EDGE_CURVE('',#667,#770,#893,.T.);
#893 = CIRCLE('',#894,5.E-02);
#894 = AXIS2_PLACEMENT_3D('',#895,#896,#897);
#895 = CARTESIAN_POINT('',(1.237867965644,1.1,0.75));
#896 = DIRECTION('',(-1.,6.123233995737E-17,0.));
#897 = DIRECTION('',(6.123233995737E-17,1.,0.));
#898 = ORIENTED_EDGE('',*,*,#777,.T.);
#899 = ORIENTED_EDGE('',*,*,#615,.F.);
#900 = ORIENTED_EDGE('',*,*,#675,.F.);
#901 = CYLINDRICAL_SURFACE('',#902,5.E-02);
#902 = AXIS2_PLACEMENT_3D('',#903,#904,#905);
#903 = CARTESIAN_POINT('',(1.237867965644,1.1,0.75));
#904 = DIRECTION('',(-1.,0.,0.));
#905 = DIRECTION('',(0.,0.,1.));
#906 = ADVANCED_FACE('',(#907),#919,.T.);
#907 = FACE_BOUND('',#908,.F.);
#908 = EDGE_LOOP('',(#909,#910,#911,#918));
#909 = ORIENTED_EDGE('',*,*,#826,.F.);
#910 = ORIENTED_EDGE('',*,*,#649,.T.);
#911 = ORIENTED_EDGE('',*,*,#912,.T.);
#912 = EDGE_CURVE('',#650,#794,#913,.T.);
#913 = CIRCLE('',#914,5.E-02);
#914 = AXIS2_PLACEMENT_3D('',#915,#916,#917);
#915 = CARTESIAN_POINT('',(1.45,-0.887867965644,0.75));
#916 = DIRECTION('',(6.123233995737E-17,1.,0.));
#917 = DIRECTION('',(1.,-6.123233995737E-17,0.));
#918 = ORIENTED_EDGE('',*,*,#809,.F.);
#919 = TOROIDAL_SURFACE('',#920,0.212132034356,5.E-02);
#920 = AXIS2_PLACEMENT_3D('',#921,#922,#923);
#921 = CARTESIAN_POINT('',(1.237867965644,-0.887867965644,0.75));
#922 = DIRECTION('',(-0.,-0.,-1.));
#923 = DIRECTION('',(0.,-1.,0.));
#924 = ADVANCED_FACE('',(#925),#944,.T.);
#925 = FACE_BOUND('',#926,.T.);
#926 = EDGE_LOOP('',(#927,#928,#936,#943));
#927 = ORIENTED_EDGE('',*,*,#912,.T.);
#928 = ORIENTED_EDGE('',*,*,#929,.T.);
#929 = EDGE_CURVE('',#794,#930,#932,.T.);
#930 = VERTEX_POINT('',#931);
#931 = CARTESIAN_POINT('',(1.5,0.887867965644,0.75));
#932 = LINE('',#933,#934);
#933 = CARTESIAN_POINT('',(1.5,-0.887867965644,0.75));
#934 = VECTOR('',#935,1.);
#935 = DIRECTION('',(0.,1.,0.));
#936 = ORIENTED_EDGE('',*,*,#937,.F.);
#937 = EDGE_CURVE('',#659,#930,#938,.T.);
#938 = CIRCLE('',#939,5.E-02);
#939 = AXIS2_PLACEMENT_3D('',#940,#941,#942);
#940 = CARTESIAN_POINT('',(1.45,0.887867965644,0.75));
#941 = DIRECTION('',(0.,1.,0.));
#942 = DIRECTION('',(0.,0.,1.));
#943 = ORIENTED_EDGE('',*,*,#658,.F.);
#944 = CYLINDRICAL_SURFACE('',#945,5.E-02);
#945 = AXIS2_PLACEMENT_3D('',#946,#947,#948);
#946 = CARTESIAN_POINT('',(1.45,-0.887867965644,0.75));
#947 = DIRECTION('',(0.,1.,0.));
#948 = DIRECTION('',(0.,0.,1.));
#949 = ADVANCED_FACE('',(#950),#962,.T.);
#950 = FACE_BOUND('',#951,.F.);
#951 = EDGE_LOOP('',(#952,#953,#954,#955));
#952 = ORIENTED_EDGE('',*,*,#937,.F.);
#953 = ORIENTED_EDGE('',*,*,#666,.T.);
#954 = ORIENTED_EDGE('',*,*,#892,.T.);
#955 = ORIENTED_EDGE('',*,*,#956,.F.);
#956 = EDGE_CURVE('',#930,#770,#957,.T.);
#957 = CIRCLE('',#958,0.262132034356);
#958 = AXIS2_PLACEMENT_3D('',#959,#960,#961);
#959 = CARTESIAN_POINT('',(1.237867965644,0.887867965644,0.75));
#960 = DIRECTION('',(0.,0.,1.));
#961 = DIRECTION('',(1.,0.,0.));
#962 = TOROIDAL_SURFACE('',#963,0.212132034356,5.E-02);
#963 = AXIS2_PLACEMENT_3D('',#964,#965,#966);
#964 = CARTESIAN_POINT('',(1.237867965644,0.887867965644,0.75));
#965 = DIRECTION('',(-0.,-0.,-1.));
#966 = DIRECTION('',(1.,0.,0.));
#967 = ADVANCED_FACE('',(#968),#987,.F.);
#968 = FACE_BOUND('',#969,.T.);
#969 = EDGE_LOOP('',(#970,#979,#985,#986));
#970 = ORIENTED_EDGE('',*,*,#971,.F.);
#971 = EDGE_CURVE('',#972,#972,#974,.T.);
#972 = VERTEX_POINT('',#973);
#973 = CARTESIAN_POINT('',(-0.95,-0.7,0.785));
#974 = CIRCLE('',#975,0.1);
#975 = AXIS2_PLACEMENT_3D('',#976,#977,#978);
#976 = CARTESIAN_POINT('',(-1.05,-0.7,0.785));
#977 = DIRECTION('',(0.,0.,1.));
#978 = DIRECTION('',(1.,0.,0.));
#979 = ORIENTED_EDGE('',*,*,#980,.T.);
#980 = EDGE_CURVE('',#972,#687,#981,.T.);
#981 = LINE('',#982,#983);
#982 = CARTESIAN_POINT('',(-0.95,-0.7,0.785));
#983 = VECTOR('',#984,1.);
#984 = DIRECTION('',(0.,0.,1.));
#985 = ORIENTED_EDGE('',*,*,#686,.F.);
#986 = ORIENTED_EDGE('',*,*,#980,.F.);
#987 = CYLINDRICAL_SURFACE('',#988,0.1);
#988 = AXIS2_PLACEMENT_3D('',#989,#990,#991);
#989 = CARTESIAN_POINT('',(-1.05,-0.7,0.785));
#990 = DIRECTION('',(-0.,-0.,-1.));
#991 = DIRECTION('',(1.,0.,0.));
#992 = ADVANCED_FACE('',(#993),#1046,.F.);
#993 = FACE_BOUND('',#994,.F.);
#994 = EDGE_LOOP('',(#995,#996,#997,#1005,#1014,#1022,#1031,#1039));
#995 = ORIENTED_EDGE('',*,*,#703,.T.);
#996 = ORIENTED_EDGE('',*,*,#867,.T.);
#997 = ORIENTED_EDGE('',*,*,#998,.T.);
#998 = EDGE_CURVE('',#868,#999,#1001,.T.);
#999 = VERTEX_POINT('',#1000);
#1000 = CARTESIAN_POINT('',(1.237867965644,-1.15,0.6));
#1001 = LINE('',#1002,#1003);
#1002 = CARTESIAN_POINT('',(-1.237867965644,-1.15,0.6));
#1003 = VECTOR('',#1004,1.);
#1004 = DIRECTION('',(1.,0.,0.));
#1005 = ORIENTED_EDGE('',*,*,#1006,.T.);
#1006 = EDGE_CURVE('',#999,#1007,#1009,.T.);
#1007 = VERTEX_POINT('',#1008);
#1008 = CARTESIAN_POINT('',(1.5,-0.887867965644,0.6));
#1009 = CIRCLE('',#1010,0.262132034356);
#1010 = AXIS2_PLACEMENT_3D('',#1011,#1012,#1013);
#1011 = CARTESIAN_POINT('',(1.237867965644,-0.887867965644,0.6));
#1012 = DIRECTION('',(0.,0.,1.));
#1013 = DIRECTION('',(1.,0.,0.));
#1014 = ORIENTED_EDGE('',*,*,#1015,.T.);
#1015 = EDGE_CURVE('',#1007,#1016,#1018,.T.);
#1016 = VERTEX_POINT('',#1017);
#1017 = CARTESIAN_POINT('',(1.5,0.887867965644,0.6));
#1018 = LINE('',#1019,#1020);
#1019 = CARTESIAN_POINT('',(1.5,-0.887867965644,0.6));
#1020 = VECTOR('',#1021,1.);
#1021 = DIRECTION('',(0.,1.,0.));
#1022 = ORIENTED_EDGE('',*,*,#1023,.T.);
#1023 = EDGE_CURVE('',#1016,#1024,#1026,.T.);
#1024 = VERTEX_POINT('',#1025);
#1025 = CARTESIAN_POINT('',(1.237867965644,1.15,0.6));
#1026 = CIRCLE('',#1027,0.262132034356);
#1027 = AXIS2_PLACEMENT_3D('',#1028,#1029,#1030);
#1028 = CARTESIAN_POINT('',(1.237867965644,0.887867965644,0.6));
#1029 = DIRECTION('',(0.,0.,1.));
#1030 = DIRECTION('',(1.,0.,0.));
#1031 = ORIENTED_EDGE('',*,*,#1032,.T.);
#1032 = EDGE_CURVE('',#1024,#1033,#1035,.T.);
#1033 = VERTEX_POINT('',#1034);
#1034 = CARTESIAN_POINT('',(-1.237867965644,1.15,0.6));
#1035 = LINE('',#1036,#1037);
#1036 = CARTESIAN_POINT('',(1.237867965644,1.15,0.6));
#1037 = VECTOR('',#1038,1.);
#1038 = DIRECTION('',(-1.,0.,0.));
#1039 = ORIENTED_EDGE('',*,*,#1040,.T.);
#1040 = EDGE_CURVE('',#1033,#704,#1041,.T.);
#1041 = CIRCLE('',#1042,0.262132034356);
#1042 = AXIS2_PLACEMENT_3D('',#1043,#1044,#1045);
#1043 = CARTESIAN_POINT('',(-1.237867965644,0.887867965644,0.6));
#1044 = DIRECTION('',(0.,0.,1.));
#1045 = DIRECTION('',(1.,0.,0.));
#1046 = PLANE('',#1047);
#1047 = AXIS2_PLACEMENT_3D('',#1048,#1049,#1050);
#1048 = CARTESIAN_POINT('',(-2.739608951806E-17,-2.671118728011E-17,0.6)
  );
#1049 = DIRECTION('',(0.,0.,1.));
#1050 = DIRECTION('',(1.,0.,0.));
#1051 = ADVANCED_FACE('',(#1052),#1063,.T.);
#1052 = FACE_BOUND('',#1053,.T.);
#1053 = EDGE_LOOP('',(#1054,#1055,#1056,#1057));
#1054 = ORIENTED_EDGE('',*,*,#1040,.T.);
#1055 = ORIENTED_EDGE('',*,*,#713,.T.);
#1056 = ORIENTED_EDGE('',*,*,#734,.F.);
#1057 = ORIENTED_EDGE('',*,*,#1058,.F.);
#1058 = EDGE_CURVE('',#1033,#735,#1059,.T.);
#1059 = LINE('',#1060,#1061);
#1060 = CARTESIAN_POINT('',(-1.237867965644,1.2,0.6));
#1061 = VECTOR('',#1062,1.);
#1062 = DIRECTION('',(0.,1.,0.));
#1063 = PLANE('',#1064);
#1064 = AXIS2_PLACEMENT_3D('',#1065,#1066,#1067);
#1065 = CARTESIAN_POINT('',(-1.440900974233,1.090900974233,0.6));
#1066 = DIRECTION('',(0.,0.,-1.));
#1067 = DIRECTION('',(-0.707106781187,-0.707106781187,0.));
#1068 = ADVANCED_FACE('',(#1069),#1088,.F.);
#1069 = FACE_BOUND('',#1070,.F.);
#1070 = EDGE_LOOP('',(#1071,#1079,#1086,#1087));
#1071 = ORIENTED_EDGE('',*,*,#1072,.F.);
#1072 = EDGE_CURVE('',#1073,#735,#1075,.T.);
#1073 = VERTEX_POINT('',#1074);
#1074 = CARTESIAN_POINT('',(1.237867965644,1.2,0.6));
#1075 = LINE('',#1076,#1077);
#1076 = CARTESIAN_POINT('',(1.237867965644,1.2,0.6));
#1077 = VECTOR('',#1078,1.);
#1078 = DIRECTION('',(-1.,0.,0.));
#1079 = ORIENTED_EDGE('',*,*,#1080,.F.);
#1080 = EDGE_CURVE('',#762,#1073,#1081,.T.);
#1081 = CIRCLE('',#1082,5.000000000025E-02);
#1082 = AXIS2_PLACEMENT_3D('',#1083,#1084,#1085);
#1083 = CARTESIAN_POINT('',(1.237867965644,1.2,0.65));
#1084 = DIRECTION('',(1.,-6.123233995737E-17,0.));
#1085 = DIRECTION('',(6.123233995737E-17,1.,0.));
#1086 = ORIENTED_EDGE('',*,*,#761,.T.);
#1087 = ORIENTED_EDGE('',*,*,#743,.F.);
#1088 = CYLINDRICAL_SURFACE('',#1089,5.000000000025E-02);
#1089 = AXIS2_PLACEMENT_3D('',#1090,#1091,#1092);
#1090 = CARTESIAN_POINT('',(1.237867965644,1.2,0.65));
#1091 = DIRECTION('',(-1.,0.,0.));
#1092 = DIRECTION('',(0.,-1.,0.));
#1093 = ADVANCED_FACE('',(#1094),#1113,.T.);
#1094 = FACE_BOUND('',#1095,.F.);
#1095 = EDGE_LOOP('',(#1096,#1097,#1106,#1112));
#1096 = ORIENTED_EDGE('',*,*,#769,.F.);
#1097 = ORIENTED_EDGE('',*,*,#1098,.F.);
#1098 = EDGE_CURVE('',#1099,#762,#1101,.T.);
#1099 = VERTEX_POINT('',#1100);
#1100 = CARTESIAN_POINT('',(1.5,0.887867965644,0.65));
#1101 = CIRCLE('',#1102,0.262132034356);
#1102 = AXIS2_PLACEMENT_3D('',#1103,#1104,#1105);
#1103 = CARTESIAN_POINT('',(1.237867965644,0.887867965644,0.65));
#1104 = DIRECTION('',(0.,0.,1.));
#1105 = DIRECTION('',(1.,0.,0.));
#1106 = ORIENTED_EDGE('',*,*,#1107,.T.);
#1107 = EDGE_CURVE('',#1099,#930,#1108,.T.);
#1108 = LINE('',#1109,#1110);
#1109 = CARTESIAN_POINT('',(1.5,0.887867965644,0.6));
#1110 = VECTOR('',#1111,1.);
#1111 = DIRECTION('',(0.,0.,1.));
#1112 = ORIENTED_EDGE('',*,*,#956,.T.);
#1113 = CYLINDRICAL_SURFACE('',#1114,0.262132034356);
#1114 = AXIS2_PLACEMENT_3D('',#1115,#1116,#1117);
#1115 = CARTESIAN_POINT('',(1.237867965644,0.887867965644,0.6));
#1116 = DIRECTION('',(-0.,-0.,-1.));
#1117 = DIRECTION('',(1.,0.,0.));
#1118 = ADVANCED_FACE('',(#1119),#1130,.F.);
#1119 = FACE_BOUND('',#1120,.F.);
#1120 = EDGE_LOOP('',(#1121,#1122,#1128,#1129));
#1121 = ORIENTED_EDGE('',*,*,#1107,.F.);
#1122 = ORIENTED_EDGE('',*,*,#1123,.F.);
#1123 = EDGE_CURVE('',#792,#1099,#1124,.T.);
#1124 = LINE('',#1125,#1126);
#1125 = CARTESIAN_POINT('',(1.5,-0.887867965644,0.65));
#1126 = VECTOR('',#1127,1.);
#1127 = DIRECTION('',(0.,1.,0.));
#1128 = ORIENTED_EDGE('',*,*,#791,.T.);
#1129 = ORIENTED_EDGE('',*,*,#929,.T.);
#1130 = PLANE('',#1131);
#1131 = AXIS2_PLACEMENT_3D('',#1132,#1133,#1134);
#1132 = CARTESIAN_POINT('',(1.5,-0.887867965644,0.6));
#1133 = DIRECTION('',(-1.,0.,0.));
#1134 = DIRECTION('',(0.,1.,0.));
#1135 = ADVANCED_FACE('',(#1136),#1156,.F.);
#1136 = FACE_BOUND('',#1137,.F.);
#1137 = EDGE_LOOP('',(#1138,#1147,#1148,#1149));
#1138 = ORIENTED_EDGE('',*,*,#1139,.F.);
#1139 = EDGE_CURVE('',#843,#1140,#1142,.T.);
#1140 = VERTEX_POINT('',#1141);
#1141 = CARTESIAN_POINT('',(1.55,-0.887867965644,0.6));
#1142 = CIRCLE('',#1143,0.312132034356);
#1143 = AXIS2_PLACEMENT_3D('',#1144,#1145,#1146);
#1144 = CARTESIAN_POINT('',(1.237867965644,-0.887867965644,0.6));
#1145 = DIRECTION('',(0.,0.,1.));
#1146 = DIRECTION('',(1.,0.,0.));
#1147 = ORIENTED_EDGE('',*,*,#852,.T.);
#1148 = ORIENTED_EDGE('',*,*,#801,.T.);
#1149 = ORIENTED_EDGE('',*,*,#1150,.T.);
#1150 = EDGE_CURVE('',#792,#1140,#1151,.T.);
#1151 = CIRCLE('',#1152,5.000000000025E-02);
#1152 = AXIS2_PLACEMENT_3D('',#1153,#1154,#1155);
#1153 = CARTESIAN_POINT('',(1.55,-0.887867965644,0.65));
#1154 = DIRECTION('',(-2.449293598295E-16,-1.,0.));
#1155 = DIRECTION('',(1.,-2.449293598295E-16,0.));
#1156 = TOROIDAL_SURFACE('',#1157,0.312132034356,5.000000000025E-02);
#1157 = AXIS2_PLACEMENT_3D('',#1158,#1159,#1160);
#1158 = CARTESIAN_POINT('',(1.237867965644,-0.887867965644,0.65));
#1159 = DIRECTION('',(0.,0.,1.));
#1160 = DIRECTION('',(1.,0.,0.));
#1161 = ADVANCED_FACE('',(#1162),#1173,.F.);
#1162 = FACE_BOUND('',#1163,.F.);
#1163 = EDGE_LOOP('',(#1164,#1165,#1166,#1167));
#1164 = ORIENTED_EDGE('',*,*,#998,.F.);
#1165 = ORIENTED_EDGE('',*,*,#876,.T.);
#1166 = ORIENTED_EDGE('',*,*,#842,.T.);
#1167 = ORIENTED_EDGE('',*,*,#1168,.F.);
#1168 = EDGE_CURVE('',#999,#843,#1169,.T.);
#1169 = LINE('',#1170,#1171);
#1170 = CARTESIAN_POINT('',(1.237867965644,-1.2,0.6));
#1171 = VECTOR('',#1172,1.);
#1172 = DIRECTION('',(-6.123233995737E-17,-1.,0.));
#1173 = PLANE('',#1174);
#1174 = AXIS2_PLACEMENT_3D('',#1175,#1176,#1177);
#1175 = CARTESIAN_POINT('',(-1.237867965644,-1.2,0.6));
#1176 = DIRECTION('',(0.,0.,1.));
#1177 = DIRECTION('',(-6.123233995737E-17,-1.,0.));
#1178 = ADVANCED_FACE('',(#1179),#1182,.T.);
#1179 = FACE_BOUND('',#1180,.T.);
#1180 = EDGE_LOOP('',(#1181));
#1181 = ORIENTED_EDGE('',*,*,#971,.T.);
#1182 = PLANE('',#1183);
#1183 = AXIS2_PLACEMENT_3D('',#1184,#1185,#1186);
#1184 = CARTESIAN_POINT('',(-1.05,-0.7,0.785));
#1185 = DIRECTION('',(0.,0.,1.));
#1186 = DIRECTION('',(1.,0.,0.));
#1187 = ADVANCED_FACE('',(#1188),#1199,.T.);
#1188 = FACE_BOUND('',#1189,.T.);
#1189 = EDGE_LOOP('',(#1190,#1191,#1197,#1198));
#1190 = ORIENTED_EDGE('',*,*,#1006,.T.);
#1191 = ORIENTED_EDGE('',*,*,#1192,.T.);
#1192 = EDGE_CURVE('',#1007,#1140,#1193,.T.);
#1193 = LINE('',#1194,#1195);
#1194 = CARTESIAN_POINT('',(1.55,-0.887867965644,0.6));
#1195 = VECTOR('',#1196,1.);
#1196 = DIRECTION('',(1.,-1.224646799147E-16,0.));
#1197 = ORIENTED_EDGE('',*,*,#1139,.F.);
#1198 = ORIENTED_EDGE('',*,*,#1168,.F.);
#1199 = PLANE('',#1200);
#1200 = AXIS2_PLACEMENT_3D('',#1201,#1202,#1203);
#1201 = CARTESIAN_POINT('',(1.440900974233,-1.090900974233,0.6));
#1202 = DIRECTION('',(0.,0.,-1.));
#1203 = DIRECTION('',(0.707106781187,0.707106781187,0.));
#1204 = ADVANCED_FACE('',(#1205),#1223,.F.);
#1205 = FACE_BOUND('',#1206,.F.);
#1206 = EDGE_LOOP('',(#1207,#1208,#1209,#1217));
#1207 = ORIENTED_EDGE('',*,*,#1015,.F.);
#1208 = ORIENTED_EDGE('',*,*,#1192,.T.);
#1209 = ORIENTED_EDGE('',*,*,#1210,.T.);
#1210 = EDGE_CURVE('',#1140,#1211,#1213,.T.);
#1211 = VERTEX_POINT('',#1212);
#1212 = CARTESIAN_POINT('',(1.55,0.887867965644,0.6));
#1213 = LINE('',#1214,#1215);
#1214 = CARTESIAN_POINT('',(1.55,-0.887867965644,0.6));
#1215 = VECTOR('',#1216,1.);
#1216 = DIRECTION('',(0.,1.,0.));
#1217 = ORIENTED_EDGE('',*,*,#1218,.F.);
#1218 = EDGE_CURVE('',#1016,#1211,#1219,.T.);
#1219 = LINE('',#1220,#1221);
#1220 = CARTESIAN_POINT('',(1.55,0.887867965644,0.6));
#1221 = VECTOR('',#1222,1.);
#1222 = DIRECTION('',(1.,-1.224646799147E-16,0.));
#1223 = PLANE('',#1224);
#1224 = AXIS2_PLACEMENT_3D('',#1225,#1226,#1227);
#1225 = CARTESIAN_POINT('',(1.55,-0.887867965644,0.6));
#1226 = DIRECTION('',(0.,0.,1.));
#1227 = DIRECTION('',(1.,-1.224646799147E-16,0.));
#1228 = ADVANCED_FACE('',(#1229),#1246,.T.);
#1229 = FACE_BOUND('',#1230,.T.);
#1230 = EDGE_LOOP('',(#1231,#1232,#1238,#1245));
#1231 = ORIENTED_EDGE('',*,*,#1023,.T.);
#1232 = ORIENTED_EDGE('',*,*,#1233,.T.);
#1233 = EDGE_CURVE('',#1024,#1073,#1234,.T.);
#1234 = LINE('',#1235,#1236);
#1235 = CARTESIAN_POINT('',(1.237867965644,1.2,0.6));
#1236 = VECTOR('',#1237,1.);
#1237 = DIRECTION('',(2.40446890256E-16,1.,0.));
#1238 = ORIENTED_EDGE('',*,*,#1239,.F.);
#1239 = EDGE_CURVE('',#1211,#1073,#1240,.T.);
#1240 = CIRCLE('',#1241,0.312132034356);
#1241 = AXIS2_PLACEMENT_3D('',#1242,#1243,#1244);
#1242 = CARTESIAN_POINT('',(1.237867965644,0.887867965644,0.6));
#1243 = DIRECTION('',(0.,0.,1.));
#1244 = DIRECTION('',(1.,0.,0.));
#1245 = ORIENTED_EDGE('',*,*,#1218,.F.);
#1246 = PLANE('',#1247);
#1247 = AXIS2_PLACEMENT_3D('',#1248,#1249,#1250);
#1248 = CARTESIAN_POINT('',(1.440900974233,1.090900974233,0.6));
#1249 = DIRECTION('',(0.,0.,-1.));
#1250 = DIRECTION('',(-0.707106781187,0.707106781187,0.));
#1251 = ADVANCED_FACE('',(#1252),#1258,.F.);
#1252 = FACE_BOUND('',#1253,.F.);
#1253 = EDGE_LOOP('',(#1254,#1255,#1256,#1257));
#1254 = ORIENTED_EDGE('',*,*,#1032,.F.);
#1255 = ORIENTED_EDGE('',*,*,#1233,.T.);
#1256 = ORIENTED_EDGE('',*,*,#1072,.T.);
#1257 = ORIENTED_EDGE('',*,*,#1058,.F.);
#1258 = PLANE('',#1259);
#1259 = AXIS2_PLACEMENT_3D('',#1260,#1261,#1262);
#1260 = CARTESIAN_POINT('',(1.237867965644,1.2,0.6));
#1261 = DIRECTION('',(0.,0.,1.));
#1262 = DIRECTION('',(0.,1.,0.));
#1263 = ADVANCED_FACE('',(#1264),#1276,.F.);
#1264 = FACE_BOUND('',#1265,.F.);
#1265 = EDGE_LOOP('',(#1266,#1267,#1274,#1275));
#1266 = ORIENTED_EDGE('',*,*,#1239,.F.);
#1267 = ORIENTED_EDGE('',*,*,#1268,.T.);
#1268 = EDGE_CURVE('',#1211,#1099,#1269,.T.);
#1269 = CIRCLE('',#1270,5.000000000025E-02);
#1270 = AXIS2_PLACEMENT_3D('',#1271,#1272,#1273);
#1271 = CARTESIAN_POINT('',(1.55,0.887867965644,0.65));
#1272 = DIRECTION('',(0.,1.,-0.));
#1273 = DIRECTION('',(-1.,0.,0.));
#1274 = ORIENTED_EDGE('',*,*,#1098,.T.);
#1275 = ORIENTED_EDGE('',*,*,#1080,.T.);
#1276 = TOROIDAL_SURFACE('',#1277,0.312132034356,5.000000000025E-02);
#1277 = AXIS2_PLACEMENT_3D('',#1278,#1279,#1280);
#1278 = CARTESIAN_POINT('',(1.237867965644,0.887867965644,0.65));
#1279 = DIRECTION('',(0.,0.,1.));
#1280 = DIRECTION('',(1.,0.,0.));
#1281 = ADVANCED_FACE('',(#1282),#1288,.F.);
#1282 = FACE_BOUND('',#1283,.F.);
#1283 = EDGE_LOOP('',(#1284,#1285,#1286,#1287));
#1284 = ORIENTED_EDGE('',*,*,#1210,.F.);
#1285 = ORIENTED_EDGE('',*,*,#1150,.F.);
#1286 = ORIENTED_EDGE('',*,*,#1123,.T.);
#1287 = ORIENTED_EDGE('',*,*,#1268,.F.);
#1288 = CYLINDRICAL_SURFACE('',#1289,5.000000000025E-02);
#1289 = AXIS2_PLACEMENT_3D('',#1290,#1291,#1292);
#1290 = CARTESIAN_POINT('',(1.55,-0.887867965644,0.65));
#1291 = DIRECTION('',(0.,1.,0.));
#1292 = DIRECTION('',(-1.,0.,0.));
#1293 = ( GEOMETRIC_REPRESENTATION_CONTEXT(3) 
GLOBAL_UNCERTAINTY_ASSIGNED_CONTEXT((#1297)) 
GLOBAL_UNIT_ASSIGNED_CONTEXT((#1294,#1295,#1296)) REPRESENTATION_CONTEXT
('Context #1','3D Context with UNIT and UNCERTAINTY') );
#1294 = ( LENGTH_UNIT() NAMED_UNIT(*) SI_UNIT(.MILLI.,.METRE.) );
#1295 = ( NAMED_UNIT(*) PLANE_ANGLE_UNIT() SI_UNIT($,.RADIAN.) );
#1296 = ( NAMED_UNIT(*) SI_UNIT($,.STERADIAN.) SOLID_ANGLE_UNIT() );
#1297 = UNCERTAINTY_MEASURE_WITH_UNIT(LENGTH_MEASURE(1.E-07),#1294,
  'distance_accuracy_value','confusion accuracy');
#1298 = CONTEXT_DEPENDENT_SHAPE_REPRESENTATION(#1299,#1301);
#1299 = ( REPRESENTATION_RELATIONSHIP('','',#353,#10) 
REPRESENTATION_RELATIONSHIP_WITH_TRANSFORMATION(#1300) 
SHAPE_REPRESENTATION_RELATIONSHIP() );
#1300 = ITEM_DEFINED_TRANSFORMATION('','',#11,#19);
#1301 = PRODUCT_DEFINITION_SHAPE('Placement','Placement of an item',
  #1302);
#1302 = NEXT_ASSEMBLY_USAGE_OCCURRENCE('14','Lid','',#5,#348,$);
#1303 = PRODUCT_RELATED_PRODUCT_CATEGORY('part',$,(#350));
#1304 = SHAPE_DEFINITION_REPRESENTATION(#1305,#1311);
#1305 = PRODUCT_DEFINITION_SHAPE('','',#1306);
#1306 = PRODUCT_DEFINITION('design','',#1307,#1310);
#1307 = PRODUCT_DEFINITION_FORMATION('','',#1308);
#1308 = PRODUCT('Pads','Pads','',(#1309));
#1309 = PRODUCT_CONTEXT('',#2,'mechanical');
#1310 = PRODUCT_DEFINITION_CONTEXT('part definition',#2,'design');
#1311 = ADVANCED_BREP_SHAPE_REPRESENTATION('',(#11,#1312),#3474);
#1312 = MANIFOLD_SOLID_BREP('',#1313);
#1313 = CLOSED_SHELL('',(#1314,#1354,#1393,#1432,#1465,#1514,#1547,#1572
    ,#1589,#1606,#1629,#1660,#1677,#1701,#1725,#1738,#1755,#1795,#1827,
    #1852,#1899,#1946,#1978,#2002,#2034,#2065,#2089,#2129,#2159,#2190,
    #2214,#2244,#2268,#2285,#2302,#2326,#2343,#2382,#2414,#2445,#2469,
    #2501,#2524,#2563,#2580,#2612,#2647,#2659,#2694,#2718,#2744,#2761,
    #2785,#2824,#2841,#2873,#2897,#2923,#2940,#2972,#3004,#3036,#3061,
    #3086,#3121,#3145,#3171,#3188,#3220,#3245,#3270,#3288,#3306,#3318,
    #3350,#3382,#3407,#3432,#3444,#3462));
#1314 = ADVANCED_FACE('',(#1315),#1349,.T.);
#1315 = FACE_BOUND('',#1316,.F.);
#1316 = EDGE_LOOP('',(#1317,#1327,#1335,#1343));
#1317 = ORIENTED_EDGE('',*,*,#1318,.T.);
#1318 = EDGE_CURVE('',#1319,#1321,#1323,.T.);
#1319 = VERTEX_POINT('',#1320);
#1320 = CARTESIAN_POINT('',(1.4,1.25,0.));
#1321 = VERTEX_POINT('',#1322);
#1322 = CARTESIAN_POINT('',(1.4,1.25,1.E-02));
#1323 = LINE('',#1324,#1325);
#1324 = CARTESIAN_POINT('',(1.4,1.25,0.));
#1325 = VECTOR('',#1326,1.);
#1326 = DIRECTION('',(0.,0.,1.));
#1327 = ORIENTED_EDGE('',*,*,#1328,.T.);
#1328 = EDGE_CURVE('',#1321,#1329,#1331,.T.);
#1329 = VERTEX_POINT('',#1330);
#1330 = CARTESIAN_POINT('',(0.6,1.25,1.E-02));
#1331 = LINE('',#1332,#1333);
#1332 = CARTESIAN_POINT('',(1.4,1.25,1.E-02));
#1333 = VECTOR('',#1334,1.);
#1334 = DIRECTION('',(-1.,-0.,-0.));
#1335 = ORIENTED_EDGE('',*,*,#1336,.F.);
#1336 = EDGE_CURVE('',#1337,#1329,#1339,.T.);
#1337 = VERTEX_POINT('',#1338);
#1338 = CARTESIAN_POINT('',(0.6,1.25,0.));
#1339 = LINE('',#1340,#1341);
#1340 = CARTESIAN_POINT('',(0.6,1.25,0.));
#1341 = VECTOR('',#1342,1.);
#1342 = DIRECTION('',(0.,0.,1.));
#1343 = ORIENTED_EDGE('',*,*,#1344,.F.);
#1344 = EDGE_CURVE('',#1319,#1337,#1345,.T.);
#1345 = LINE('',#1346,#1347);
#1346 = CARTESIAN_POINT('',(1.4,1.25,0.));
#1347 = VECTOR('',#1348,1.);
#1348 = DIRECTION('',(-1.,-0.,-0.));
#1349 = PLANE('',#1350);
#1350 = AXIS2_PLACEMENT_3D('',#1351,#1352,#1353);
#1351 = CARTESIAN_POINT('',(1.4,1.25,0.));
#1352 = DIRECTION('',(0.,1.,0.));
#1353 = DIRECTION('',(1.,0.,0.));
#1354 = ADVANCED_FACE('',(#1355),#1388,.T.);
#1355 = FACE_BOUND('',#1356,.F.);
#1356 = EDGE_LOOP('',(#1357,#1367,#1375,#1381,#1382));
#1357 = ORIENTED_EDGE('',*,*,#1358,.T.);
#1358 = EDGE_CURVE('',#1359,#1361,#1363,.T.);
#1359 = VERTEX_POINT('',#1360);
#1360 = CARTESIAN_POINT('',(1.41,1.25,0.));
#1361 = VERTEX_POINT('',#1362);
#1362 = CARTESIAN_POINT('',(1.41,1.25,0.3));
#1363 = LINE('',#1364,#1365);
#1364 = CARTESIAN_POINT('',(1.41,1.25,0.));
#1365 = VECTOR('',#1366,1.);
#1366 = DIRECTION('',(0.,0.,1.));
#1367 = ORIENTED_EDGE('',*,*,#1368,.T.);
#1368 = EDGE_CURVE('',#1361,#1369,#1371,.T.);
#1369 = VERTEX_POINT('',#1370);
#1370 = CARTESIAN_POINT('',(1.4,1.25,0.3));
#1371 = LINE('',#1372,#1373);
#1372 = CARTESIAN_POINT('',(1.41,1.25,0.3));
#1373 = VECTOR('',#1374,1.);
#1374 = DIRECTION('',(-1.,-0.,-0.));
#1375 = ORIENTED_EDGE('',*,*,#1376,.F.);
#1376 = EDGE_CURVE('',#1321,#1369,#1377,.T.);
#1377 = LINE('',#1378,#1379);
#1378 = CARTESIAN_POINT('',(1.4,1.25,0.));
#1379 = VECTOR('',#1380,1.);
#1380 = DIRECTION('',(0.,0.,1.));
#1381 = ORIENTED_EDGE('',*,*,#1318,.F.);
#1382 = ORIENTED_EDGE('',*,*,#1383,.F.);
#1383 = EDGE_CURVE('',#1359,#1319,#1384,.T.);
#1384 = LINE('',#1385,#1386);
#1385 = CARTESIAN_POINT('',(1.41,1.25,0.));
#1386 = VECTOR('',#1387,1.);
#1387 = DIRECTION('',(-1.,-0.,-0.));
#1388 = PLANE('',#1389);
#1389 = AXIS2_PLACEMENT_3D('',#1390,#1391,#1392);
#1390 = CARTESIAN_POINT('',(1.41,1.25,0.));
#1391 = DIRECTION('',(0.,1.,0.));
#1392 = DIRECTION('',(1.,0.,0.));
#1393 = ADVANCED_FACE('',(#1394),#1427,.T.);
#1394 = FACE_BOUND('',#1395,.F.);
#1395 = EDGE_LOOP('',(#1396,#1397,#1405,#1413,#1421));
#1396 = ORIENTED_EDGE('',*,*,#1336,.T.);
#1397 = ORIENTED_EDGE('',*,*,#1398,.T.);
#1398 = EDGE_CURVE('',#1329,#1399,#1401,.T.);
#1399 = VERTEX_POINT('',#1400);
#1400 = CARTESIAN_POINT('',(0.6,0.36,1.E-02));
#1401 = LINE('',#1402,#1403);
#1402 = CARTESIAN_POINT('',(0.6,1.25,1.E-02));
#1403 = VECTOR('',#1404,1.);
#1404 = DIRECTION('',(-0.,-1.,-0.));
#1405 = ORIENTED_EDGE('',*,*,#1406,.T.);
#1406 = EDGE_CURVE('',#1399,#1407,#1409,.T.);
#1407 = VERTEX_POINT('',#1408);
#1408 = CARTESIAN_POINT('',(0.6,0.35,1.E-02));
#1409 = LINE('',#1410,#1411);
#1410 = CARTESIAN_POINT('',(0.6,1.25,1.E-02));
#1411 = VECTOR('',#1412,1.);
#1412 = DIRECTION('',(-0.,-1.,-0.));
#1413 = ORIENTED_EDGE('',*,*,#1414,.F.);
#1414 = EDGE_CURVE('',#1415,#1407,#1417,.T.);
#1415 = VERTEX_POINT('',#1416);
#1416 = CARTESIAN_POINT('',(0.6,0.35,0.));
#1417 = LINE('',#1418,#1419);
#1418 = CARTESIAN_POINT('',(0.6,0.35,0.));
#1419 = VECTOR('',#1420,1.);
#1420 = DIRECTION('',(0.,0.,1.));
#1421 = ORIENTED_EDGE('',*,*,#1422,.F.);
#1422 = EDGE_CURVE('',#1337,#1415,#1423,.T.);
#1423 = LINE('',#1424,#1425);
#1424 = CARTESIAN_POINT('',(0.6,1.25,0.));
#1425 = VECTOR('',#1426,1.);
#1426 = DIRECTION('',(-0.,-1.,-0.));
#1427 = PLANE('',#1428);
#1428 = AXIS2_PLACEMENT_3D('',#1429,#1430,#1431);
#1429 = CARTESIAN_POINT('',(0.6,1.25,0.));
#1430 = DIRECTION('',(-1.,-0.,-0.));
#1431 = DIRECTION('',(0.,1.,0.));
#1432 = ADVANCED_FACE('',(#1433),#1460,.F.);
#1433 = FACE_BOUND('',#1434,.F.);
#1434 = EDGE_LOOP('',(#1435,#1436,#1437,#1445,#1453));
#1435 = ORIENTED_EDGE('',*,*,#1344,.T.);
#1436 = ORIENTED_EDGE('',*,*,#1422,.T.);
#1437 = ORIENTED_EDGE('',*,*,#1438,.T.);
#1438 = EDGE_CURVE('',#1415,#1439,#1441,.T.);
#1439 = VERTEX_POINT('',#1440);
#1440 = CARTESIAN_POINT('',(1.6,0.35,0.));
#1441 = LINE('',#1442,#1443);
#1442 = CARTESIAN_POINT('',(0.6,0.35,0.));
#1443 = VECTOR('',#1444,1.);
#1444 = DIRECTION('',(1.,0.,0.));
#1445 = ORIENTED_EDGE('',*,*,#1446,.T.);
#1446 = EDGE_CURVE('',#1439,#1447,#1449,.T.);
#1447 = VERTEX_POINT('',#1448);
#1448 = CARTESIAN_POINT('',(1.6,1.05,0.));
#1449 = LINE('',#1450,#1451);
#1450 = CARTESIAN_POINT('',(1.6,0.35,0.));
#1451 = VECTOR('',#1452,1.);
#1452 = DIRECTION('',(0.,1.,0.));
#1453 = ORIENTED_EDGE('',*,*,#1454,.T.);
#1454 = EDGE_CURVE('',#1447,#1319,#1455,.T.);
#1455 = CIRCLE('',#1456,0.2);
#1456 = AXIS2_PLACEMENT_3D('',#1457,#1458,#1459);
#1457 = CARTESIAN_POINT('',(1.6,1.25,0.));
#1458 = DIRECTION('',(0.,0.,-1.));
#1459 = DIRECTION('',(-1.,-0.,-0.));
#1460 = PLANE('',#1461);
#1461 = AXIS2_PLACEMENT_3D('',#1462,#1463,#1464);
#1462 = CARTESIAN_POINT('',(1.082928394681,0.784133288216,0.));
#1463 = DIRECTION('',(0.,0.,1.));
#1464 = DIRECTION('',(1.,0.,0.));
#1465 = ADVANCED_FACE('',(#1466),#1509,.T.);
#1466 = FACE_BOUND('',#1467,.F.);
#1467 = EDGE_LOOP('',(#1468,#1469,#1478,#1486,#1494,#1502,#1508));
#1468 = ORIENTED_EDGE('',*,*,#1328,.F.);
#1469 = ORIENTED_EDGE('',*,*,#1470,.F.);
#1470 = EDGE_CURVE('',#1471,#1321,#1473,.T.);
#1471 = VERTEX_POINT('',#1472);
#1472 = CARTESIAN_POINT('',(1.6,1.05,1.E-02));
#1473 = CIRCLE('',#1474,0.2);
#1474 = AXIS2_PLACEMENT_3D('',#1475,#1476,#1477);
#1475 = CARTESIAN_POINT('',(1.6,1.25,1.E-02));
#1476 = DIRECTION('',(0.,0.,-1.));
#1477 = DIRECTION('',(-1.,-0.,-0.));
#1478 = ORIENTED_EDGE('',*,*,#1479,.F.);
#1479 = EDGE_CURVE('',#1480,#1471,#1482,.T.);
#1480 = VERTEX_POINT('',#1481);
#1481 = CARTESIAN_POINT('',(1.6,0.35,1.E-02));
#1482 = LINE('',#1483,#1484);
#1483 = CARTESIAN_POINT('',(1.6,0.35,1.E-02));
#1484 = VECTOR('',#1485,1.);
#1485 = DIRECTION('',(0.,1.,0.));
#1486 = ORIENTED_EDGE('',*,*,#1487,.F.);
#1487 = EDGE_CURVE('',#1488,#1480,#1490,.T.);
#1488 = VERTEX_POINT('',#1489);
#1489 = CARTESIAN_POINT('',(0.61,0.35,1.E-02));
#1490 = LINE('',#1491,#1492);
#1491 = CARTESIAN_POINT('',(0.6,0.35,1.E-02));
#1492 = VECTOR('',#1493,1.);
#1493 = DIRECTION('',(1.,0.,0.));
#1494 = ORIENTED_EDGE('',*,*,#1495,.T.);
#1495 = EDGE_CURVE('',#1488,#1496,#1498,.T.);
#1496 = VERTEX_POINT('',#1497);
#1497 = CARTESIAN_POINT('',(0.61,0.36,1.E-02));
#1498 = LINE('',#1499,#1500);
#1499 = CARTESIAN_POINT('',(0.61,0.35,1.E-02));
#1500 = VECTOR('',#1501,1.);
#1501 = DIRECTION('',(0.,1.,0.));
#1502 = ORIENTED_EDGE('',*,*,#1503,.T.);
#1503 = EDGE_CURVE('',#1496,#1399,#1504,.T.);
#1504 = LINE('',#1505,#1506);
#1505 = CARTESIAN_POINT('',(0.61,0.36,1.E-02));
#1506 = VECTOR('',#1507,1.);
#1507 = DIRECTION('',(-1.,-0.,-0.));
#1508 = ORIENTED_EDGE('',*,*,#1398,.F.);
#1509 = PLANE('',#1510);
#1510 = AXIS2_PLACEMENT_3D('',#1511,#1512,#1513);
#1511 = CARTESIAN_POINT('',(1.082928394681,0.784133288216,1.E-02));
#1512 = DIRECTION('',(0.,0.,1.));
#1513 = DIRECTION('',(1.,0.,0.));
#1514 = ADVANCED_FACE('',(#1515),#1542,.F.);
#1515 = FACE_BOUND('',#1516,.F.);
#1516 = EDGE_LOOP('',(#1517,#1527,#1534,#1535));
#1517 = ORIENTED_EDGE('',*,*,#1518,.T.);
#1518 = EDGE_CURVE('',#1519,#1521,#1523,.T.);
#1519 = VERTEX_POINT('',#1520);
#1520 = CARTESIAN_POINT('',(1.6,1.06,0.));
#1521 = VERTEX_POINT('',#1522);
#1522 = CARTESIAN_POINT('',(1.6,1.06,0.3));
#1523 = LINE('',#1524,#1525);
#1524 = CARTESIAN_POINT('',(1.6,1.06,0.));
#1525 = VECTOR('',#1526,1.);
#1526 = DIRECTION('',(0.,0.,1.));
#1527 = ORIENTED_EDGE('',*,*,#1528,.T.);
#1528 = EDGE_CURVE('',#1521,#1361,#1529,.T.);
#1529 = CIRCLE('',#1530,0.19);
#1530 = AXIS2_PLACEMENT_3D('',#1531,#1532,#1533);
#1531 = CARTESIAN_POINT('',(1.6,1.25,0.3));
#1532 = DIRECTION('',(0.,0.,-1.));
#1533 = DIRECTION('',(-1.,-0.,-0.));
#1534 = ORIENTED_EDGE('',*,*,#1358,.F.);
#1535 = ORIENTED_EDGE('',*,*,#1536,.F.);
#1536 = EDGE_CURVE('',#1519,#1359,#1537,.T.);
#1537 = CIRCLE('',#1538,0.19);
#1538 = AXIS2_PLACEMENT_3D('',#1539,#1540,#1541);
#1539 = CARTESIAN_POINT('',(1.6,1.25,0.));
#1540 = DIRECTION('',(0.,0.,-1.));
#1541 = DIRECTION('',(-1.,-0.,-0.));
#1542 = CYLINDRICAL_SURFACE('',#1543,0.19);
#1543 = AXIS2_PLACEMENT_3D('',#1544,#1545,#1546);
#1544 = CARTESIAN_POINT('',(1.6,1.25,0.));
#1545 = DIRECTION('',(0.,0.,-1.));
#1546 = DIRECTION('',(-1.,-0.,-0.));
#1547 = ADVANCED_FACE('',(#1548),#1567,.T.);
#1548 = FACE_BOUND('',#1549,.T.);
#1549 = EDGE_LOOP('',(#1550,#1551,#1559,#1566));
#1550 = ORIENTED_EDGE('',*,*,#1470,.F.);
#1551 = ORIENTED_EDGE('',*,*,#1552,.T.);
#1552 = EDGE_CURVE('',#1471,#1553,#1555,.T.);
#1553 = VERTEX_POINT('',#1554);
#1554 = CARTESIAN_POINT('',(1.6,1.05,0.3));
#1555 = LINE('',#1556,#1557);
#1556 = CARTESIAN_POINT('',(1.6,1.05,0.));
#1557 = VECTOR('',#1558,1.);
#1558 = DIRECTION('',(0.,0.,1.));
#1559 = ORIENTED_EDGE('',*,*,#1560,.T.);
#1560 = EDGE_CURVE('',#1553,#1369,#1561,.T.);
#1561 = CIRCLE('',#1562,0.2);
#1562 = AXIS2_PLACEMENT_3D('',#1563,#1564,#1565);
#1563 = CARTESIAN_POINT('',(1.6,1.25,0.3));
#1564 = DIRECTION('',(0.,0.,-1.));
#1565 = DIRECTION('',(-1.,-0.,-0.));
#1566 = ORIENTED_EDGE('',*,*,#1376,.F.);
#1567 = CYLINDRICAL_SURFACE('',#1568,0.2);
#1568 = AXIS2_PLACEMENT_3D('',#1569,#1570,#1571);
#1569 = CARTESIAN_POINT('',(1.6,1.25,0.));
#1570 = DIRECTION('',(0.,0.,-1.));
#1571 = DIRECTION('',(-1.,-0.,-0.));
#1572 = ADVANCED_FACE('',(#1573),#1584,.F.);
#1573 = FACE_BOUND('',#1574,.F.);
#1574 = EDGE_LOOP('',(#1575,#1576,#1577,#1578));
#1575 = ORIENTED_EDGE('',*,*,#1536,.T.);
#1576 = ORIENTED_EDGE('',*,*,#1383,.T.);
#1577 = ORIENTED_EDGE('',*,*,#1454,.F.);
#1578 = ORIENTED_EDGE('',*,*,#1579,.F.);
#1579 = EDGE_CURVE('',#1519,#1447,#1580,.T.);
#1580 = LINE('',#1581,#1582);
#1581 = CARTESIAN_POINT('',(1.6,1.06,0.));
#1582 = VECTOR('',#1583,1.);
#1583 = DIRECTION('',(-0.,-1.,-0.));
#1584 = PLANE('',#1585);
#1585 = AXIS2_PLACEMENT_3D('',#1586,#1587,#1588);
#1586 = CARTESIAN_POINT('',(1.479391711519,1.129391711519,0.));
#1587 = DIRECTION('',(0.,0.,1.));
#1588 = DIRECTION('',(1.,0.,0.));
#1589 = ADVANCED_FACE('',(#1590),#1601,.T.);
#1590 = FACE_BOUND('',#1591,.T.);
#1591 = EDGE_LOOP('',(#1592,#1593,#1594,#1595));
#1592 = ORIENTED_EDGE('',*,*,#1528,.T.);
#1593 = ORIENTED_EDGE('',*,*,#1368,.T.);
#1594 = ORIENTED_EDGE('',*,*,#1560,.F.);
#1595 = ORIENTED_EDGE('',*,*,#1596,.F.);
#1596 = EDGE_CURVE('',#1521,#1553,#1597,.T.);
#1597 = LINE('',#1598,#1599);
#1598 = CARTESIAN_POINT('',(1.6,1.06,0.3));
#1599 = VECTOR('',#1600,1.);
#1600 = DIRECTION('',(-0.,-1.,-0.));
#1601 = PLANE('',#1602);
#1602 = AXIS2_PLACEMENT_3D('',#1603,#1604,#1605);
#1603 = CARTESIAN_POINT('',(1.479391711519,1.129391711519,0.3));
#1604 = DIRECTION('',(0.,0.,1.));
#1605 = DIRECTION('',(1.,0.,0.));
#1606 = ADVANCED_FACE('',(#1607),#1624,.T.);
#1607 = FACE_BOUND('',#1608,.F.);
#1608 = EDGE_LOOP('',(#1609,#1610,#1616,#1617,#1623));
#1609 = ORIENTED_EDGE('',*,*,#1414,.T.);
#1610 = ORIENTED_EDGE('',*,*,#1611,.T.);
#1611 = EDGE_CURVE('',#1407,#1488,#1612,.T.);
#1612 = LINE('',#1613,#1614);
#1613 = CARTESIAN_POINT('',(0.6,0.35,1.E-02));
#1614 = VECTOR('',#1615,1.);
#1615 = DIRECTION('',(1.,0.,0.));
#1616 = ORIENTED_EDGE('',*,*,#1487,.T.);
#1617 = ORIENTED_EDGE('',*,*,#1618,.F.);
#1618 = EDGE_CURVE('',#1439,#1480,#1619,.T.);
#1619 = LINE('',#1620,#1621);
#1620 = CARTESIAN_POINT('',(1.6,0.35,0.));
#1621 = VECTOR('',#1622,1.);
#1622 = DIRECTION('',(0.,0.,1.));
#1623 = ORIENTED_EDGE('',*,*,#1438,.F.);
#1624 = PLANE('',#1625);
#1625 = AXIS2_PLACEMENT_3D('',#1626,#1627,#1628);
#1626 = CARTESIAN_POINT('',(0.6,0.35,0.));
#1627 = DIRECTION('',(-0.,-1.,-0.));
#1628 = DIRECTION('',(-1.,-0.,-0.));
#1629 = ADVANCED_FACE('',(#1630),#1655,.T.);
#1630 = FACE_BOUND('',#1631,.F.);
#1631 = EDGE_LOOP('',(#1632,#1640,#1648,#1654));
#1632 = ORIENTED_EDGE('',*,*,#1633,.T.);
#1633 = EDGE_CURVE('',#1399,#1634,#1636,.T.);
#1634 = VERTEX_POINT('',#1635);
#1635 = CARTESIAN_POINT('',(0.6,0.36,2.E-02));
#1636 = LINE('',#1637,#1638);
#1637 = CARTESIAN_POINT('',(0.6,0.36,1.E-02));
#1638 = VECTOR('',#1639,1.);
#1639 = DIRECTION('',(0.,0.,1.));
#1640 = ORIENTED_EDGE('',*,*,#1641,.T.);
#1641 = EDGE_CURVE('',#1634,#1642,#1644,.T.);
#1642 = VERTEX_POINT('',#1643);
#1643 = CARTESIAN_POINT('',(0.6,0.35,2.E-02));
#1644 = LINE('',#1645,#1646);
#1645 = CARTESIAN_POINT('',(0.6,0.36,2.E-02));
#1646 = VECTOR('',#1647,1.);
#1647 = DIRECTION('',(-0.,-1.,-0.));
#1648 = ORIENTED_EDGE('',*,*,#1649,.F.);
#1649 = EDGE_CURVE('',#1407,#1642,#1650,.T.);
#1650 = LINE('',#1651,#1652);
#1651 = CARTESIAN_POINT('',(0.6,0.35,1.E-02));
#1652 = VECTOR('',#1653,1.);
#1653 = DIRECTION('',(0.,0.,1.));
#1654 = ORIENTED_EDGE('',*,*,#1406,.F.);
#1655 = PLANE('',#1656);
#1656 = AXIS2_PLACEMENT_3D('',#1657,#1658,#1659);
#1657 = CARTESIAN_POINT('',(0.6,0.36,1.E-02));
#1658 = DIRECTION('',(-1.,-0.,-0.));
#1659 = DIRECTION('',(0.,1.,0.));
#1660 = ADVANCED_FACE('',(#1661),#1672,.T.);
#1661 = FACE_BOUND('',#1662,.F.);
#1662 = EDGE_LOOP('',(#1663,#1664,#1665,#1671));
#1663 = ORIENTED_EDGE('',*,*,#1618,.T.);
#1664 = ORIENTED_EDGE('',*,*,#1479,.T.);
#1665 = ORIENTED_EDGE('',*,*,#1666,.F.);
#1666 = EDGE_CURVE('',#1447,#1471,#1667,.T.);
#1667 = LINE('',#1668,#1669);
#1668 = CARTESIAN_POINT('',(1.6,1.05,0.));
#1669 = VECTOR('',#1670,1.);
#1670 = DIRECTION('',(0.,0.,1.));
#1671 = ORIENTED_EDGE('',*,*,#1446,.F.);
#1672 = PLANE('',#1673);
#1673 = AXIS2_PLACEMENT_3D('',#1674,#1675,#1676);
#1674 = CARTESIAN_POINT('',(1.6,0.35,0.));
#1675 = DIRECTION('',(1.,0.,0.));
#1676 = DIRECTION('',(-0.,-1.,-0.));
#1677 = ADVANCED_FACE('',(#1678),#1696,.T.);
#1678 = FACE_BOUND('',#1679,.F.);
#1679 = EDGE_LOOP('',(#1680,#1688,#1694,#1695));
#1680 = ORIENTED_EDGE('',*,*,#1681,.T.);
#1681 = EDGE_CURVE('',#1496,#1682,#1684,.T.);
#1682 = VERTEX_POINT('',#1683);
#1683 = CARTESIAN_POINT('',(0.61,0.36,2.E-02));
#1684 = LINE('',#1685,#1686);
#1685 = CARTESIAN_POINT('',(0.61,0.36,1.E-02));
#1686 = VECTOR('',#1687,1.);
#1687 = DIRECTION('',(0.,0.,1.));
#1688 = ORIENTED_EDGE('',*,*,#1689,.T.);
#1689 = EDGE_CURVE('',#1682,#1634,#1690,.T.);
#1690 = LINE('',#1691,#1692);
#1691 = CARTESIAN_POINT('',(0.61,0.36,2.E-02));
#1692 = VECTOR('',#1693,1.);
#1693 = DIRECTION('',(-1.,-0.,-0.));
#1694 = ORIENTED_EDGE('',*,*,#1633,.F.);
#1695 = ORIENTED_EDGE('',*,*,#1503,.F.);
#1696 = PLANE('',#1697);
#1697 = AXIS2_PLACEMENT_3D('',#1698,#1699,#1700);
#1698 = CARTESIAN_POINT('',(0.61,0.36,1.E-02));
#1699 = DIRECTION('',(0.,1.,0.));
#1700 = DIRECTION('',(1.,0.,0.));
#1701 = ADVANCED_FACE('',(#1702),#1720,.T.);
#1702 = FACE_BOUND('',#1703,.F.);
#1703 = EDGE_LOOP('',(#1704,#1712,#1718,#1719));
#1704 = ORIENTED_EDGE('',*,*,#1705,.T.);
#1705 = EDGE_CURVE('',#1488,#1706,#1708,.T.);
#1706 = VERTEX_POINT('',#1707);
#1707 = CARTESIAN_POINT('',(0.61,0.35,2.E-02));
#1708 = LINE('',#1709,#1710);
#1709 = CARTESIAN_POINT('',(0.61,0.35,1.E-02));
#1710 = VECTOR('',#1711,1.);
#1711 = DIRECTION('',(0.,0.,1.));
#1712 = ORIENTED_EDGE('',*,*,#1713,.T.);
#1713 = EDGE_CURVE('',#1706,#1682,#1714,.T.);
#1714 = LINE('',#1715,#1716);
#1715 = CARTESIAN_POINT('',(0.61,0.35,2.E-02));
#1716 = VECTOR('',#1717,1.);
#1717 = DIRECTION('',(0.,1.,0.));
#1718 = ORIENTED_EDGE('',*,*,#1681,.F.);
#1719 = ORIENTED_EDGE('',*,*,#1495,.F.);
#1720 = PLANE('',#1721);
#1721 = AXIS2_PLACEMENT_3D('',#1722,#1723,#1724);
#1722 = CARTESIAN_POINT('',(0.61,0.35,1.E-02));
#1723 = DIRECTION('',(1.,0.,0.));
#1724 = DIRECTION('',(-0.,-1.,-0.));
#1725 = ADVANCED_FACE('',(#1726),#1733,.F.);
#1726 = FACE_BOUND('',#1727,.T.);
#1727 = EDGE_LOOP('',(#1728,#1729,#1730,#1731,#1732));
#1728 = ORIENTED_EDGE('',*,*,#1518,.T.);
#1729 = ORIENTED_EDGE('',*,*,#1596,.T.);
#1730 = ORIENTED_EDGE('',*,*,#1552,.F.);
#1731 = ORIENTED_EDGE('',*,*,#1666,.F.);
#1732 = ORIENTED_EDGE('',*,*,#1579,.F.);
#1733 = PLANE('',#1734);
#1734 = AXIS2_PLACEMENT_3D('',#1735,#1736,#1737);
#1735 = CARTESIAN_POINT('',(1.6,1.06,0.));
#1736 = DIRECTION('',(-1.,-0.,-0.));
#1737 = DIRECTION('',(0.,1.,0.));
#1738 = ADVANCED_FACE('',(#1739),#1750,.T.);
#1739 = FACE_BOUND('',#1740,.F.);
#1740 = EDGE_LOOP('',(#1741,#1742,#1748,#1749));
#1741 = ORIENTED_EDGE('',*,*,#1649,.T.);
#1742 = ORIENTED_EDGE('',*,*,#1743,.T.);
#1743 = EDGE_CURVE('',#1642,#1706,#1744,.T.);
#1744 = LINE('',#1745,#1746);
#1745 = CARTESIAN_POINT('',(0.6,0.35,2.E-02));
#1746 = VECTOR('',#1747,1.);
#1747 = DIRECTION('',(1.,0.,0.));
#1748 = ORIENTED_EDGE('',*,*,#1705,.F.);
#1749 = ORIENTED_EDGE('',*,*,#1611,.F.);
#1750 = PLANE('',#1751);
#1751 = AXIS2_PLACEMENT_3D('',#1752,#1753,#1754);
#1752 = CARTESIAN_POINT('',(0.6,0.35,1.E-02));
#1753 = DIRECTION('',(-0.,-1.,-0.));
#1754 = DIRECTION('',(-1.,-0.,-0.));
#1755 = ADVANCED_FACE('',(#1756),#1790,.F.);
#1756 = FACE_BOUND('',#1757,.T.);
#1757 = EDGE_LOOP('',(#1758,#1759,#1767,#1775,#1783,#1789));
#1758 = ORIENTED_EDGE('',*,*,#1743,.T.);
#1759 = ORIENTED_EDGE('',*,*,#1760,.T.);
#1760 = EDGE_CURVE('',#1706,#1761,#1763,.T.);
#1761 = VERTEX_POINT('',#1762);
#1762 = CARTESIAN_POINT('',(0.61,0.,2.E-02));
#1763 = LINE('',#1764,#1765);
#1764 = CARTESIAN_POINT('',(0.61,0.36,2.E-02));
#1765 = VECTOR('',#1766,1.);
#1766 = DIRECTION('',(-0.,-1.,-0.));
#1767 = ORIENTED_EDGE('',*,*,#1768,.T.);
#1768 = EDGE_CURVE('',#1761,#1769,#1771,.T.);
#1769 = VERTEX_POINT('',#1770);
#1770 = CARTESIAN_POINT('',(0.,0.,2.E-02));
#1771 = LINE('',#1772,#1773);
#1772 = CARTESIAN_POINT('',(0.61,0.,2.E-02));
#1773 = VECTOR('',#1774,1.);
#1774 = DIRECTION('',(-1.,-0.,-0.));
#1775 = ORIENTED_EDGE('',*,*,#1776,.T.);
#1776 = EDGE_CURVE('',#1769,#1777,#1779,.T.);
#1777 = VERTEX_POINT('',#1778);
#1778 = CARTESIAN_POINT('',(0.,0.36,2.E-02));
#1779 = LINE('',#1780,#1781);
#1780 = CARTESIAN_POINT('',(0.,0.,2.E-02));
#1781 = VECTOR('',#1782,1.);
#1782 = DIRECTION('',(0.,1.,0.));
#1783 = ORIENTED_EDGE('',*,*,#1784,.T.);
#1784 = EDGE_CURVE('',#1777,#1634,#1785,.T.);
#1785 = LINE('',#1786,#1787);
#1786 = CARTESIAN_POINT('',(0.,0.36,2.E-02));
#1787 = VECTOR('',#1788,1.);
#1788 = DIRECTION('',(1.,0.,0.));
#1789 = ORIENTED_EDGE('',*,*,#1641,.T.);
#1790 = PLANE('',#1791);
#1791 = AXIS2_PLACEMENT_3D('',#1792,#1793,#1794);
#1792 = CARTESIAN_POINT('',(0.305,0.18,2.E-02));
#1793 = DIRECTION('',(0.,0.,1.));
#1794 = DIRECTION('',(1.,0.,0.));
#1795 = ADVANCED_FACE('',(#1796),#1822,.F.);
#1796 = FACE_BOUND('',#1797,.T.);
#1797 = EDGE_LOOP('',(#1798,#1806,#1814,#1820,#1821));
#1798 = ORIENTED_EDGE('',*,*,#1799,.T.);
#1799 = EDGE_CURVE('',#1777,#1800,#1802,.T.);
#1800 = VERTEX_POINT('',#1801);
#1801 = CARTESIAN_POINT('',(0.,0.36,3.E-02));
#1802 = LINE('',#1803,#1804);
#1803 = CARTESIAN_POINT('',(0.,0.36,2.E-02));
#1804 = VECTOR('',#1805,1.);
#1805 = DIRECTION('',(0.,0.,1.));
#1806 = ORIENTED_EDGE('',*,*,#1807,.T.);
#1807 = EDGE_CURVE('',#1800,#1808,#1810,.T.);
#1808 = VERTEX_POINT('',#1809);
#1809 = CARTESIAN_POINT('',(0.61,0.36,3.E-02));
#1810 = LINE('',#1811,#1812);
#1811 = CARTESIAN_POINT('',(0.,0.36,3.E-02));
#1812 = VECTOR('',#1813,1.);
#1813 = DIRECTION('',(1.,0.,0.));
#1814 = ORIENTED_EDGE('',*,*,#1815,.F.);
#1815 = EDGE_CURVE('',#1682,#1808,#1816,.T.);
#1816 = LINE('',#1817,#1818);
#1817 = CARTESIAN_POINT('',(0.61,0.36,2.E-02));
#1818 = VECTOR('',#1819,1.);
#1819 = DIRECTION('',(0.,0.,1.));
#1820 = ORIENTED_EDGE('',*,*,#1689,.T.);
#1821 = ORIENTED_EDGE('',*,*,#1784,.F.);
#1822 = PLANE('',#1823);
#1823 = AXIS2_PLACEMENT_3D('',#1824,#1825,#1826);
#1824 = CARTESIAN_POINT('',(0.,0.36,2.E-02));
#1825 = DIRECTION('',(-0.,-1.,-0.));
#1826 = DIRECTION('',(-1.,-0.,-0.));
#1827 = ADVANCED_FACE('',(#1828),#1847,.F.);
#1828 = FACE_BOUND('',#1829,.T.);
#1829 = EDGE_LOOP('',(#1830,#1831,#1839,#1845,#1846));
#1830 = ORIENTED_EDGE('',*,*,#1815,.T.);
#1831 = ORIENTED_EDGE('',*,*,#1832,.T.);
#1832 = EDGE_CURVE('',#1808,#1833,#1835,.T.);
#1833 = VERTEX_POINT('',#1834);
#1834 = CARTESIAN_POINT('',(0.61,0.,3.E-02));
#1835 = LINE('',#1836,#1837);
#1836 = CARTESIAN_POINT('',(0.61,0.36,3.E-02));
#1837 = VECTOR('',#1838,1.);
#1838 = DIRECTION('',(-0.,-1.,-0.));
#1839 = ORIENTED_EDGE('',*,*,#1840,.F.);
#1840 = EDGE_CURVE('',#1761,#1833,#1841,.T.);
#1841 = LINE('',#1842,#1843);
#1842 = CARTESIAN_POINT('',(0.61,0.,2.E-02));
#1843 = VECTOR('',#1844,1.);
#1844 = DIRECTION('',(0.,0.,1.));
#1845 = ORIENTED_EDGE('',*,*,#1760,.F.);
#1846 = ORIENTED_EDGE('',*,*,#1713,.T.);
#1847 = PLANE('',#1848);
#1848 = AXIS2_PLACEMENT_3D('',#1849,#1850,#1851);
#1849 = CARTESIAN_POINT('',(0.61,0.36,2.E-02));
#1850 = DIRECTION('',(-1.,-0.,-0.));
#1851 = DIRECTION('',(0.,1.,0.));
#1852 = ADVANCED_FACE('',(#1853),#1894,.F.);
#1853 = FACE_BOUND('',#1854,.F.);
#1854 = EDGE_LOOP('',(#1855,#1865,#1873,#1879,#1880,#1888));
#1855 = ORIENTED_EDGE('',*,*,#1856,.T.);
#1856 = EDGE_CURVE('',#1857,#1859,#1861,.T.);
#1857 = VERTEX_POINT('',#1858);
#1858 = CARTESIAN_POINT('',(-0.6,0.35,2.E-02));
#1859 = VERTEX_POINT('',#1860);
#1860 = CARTESIAN_POINT('',(-0.61,0.35,2.E-02));
#1861 = LINE('',#1862,#1863);
#1862 = CARTESIAN_POINT('',(-0.6,0.35,2.E-02));
#1863 = VECTOR('',#1864,1.);
#1864 = DIRECTION('',(-1.,0.,0.));
#1865 = ORIENTED_EDGE('',*,*,#1866,.T.);
#1866 = EDGE_CURVE('',#1859,#1867,#1869,.T.);
#1867 = VERTEX_POINT('',#1868);
#1868 = CARTESIAN_POINT('',(-0.61,0.,2.E-02));
#1869 = LINE('',#1870,#1871);
#1870 = CARTESIAN_POINT('',(-0.61,0.36,2.E-02));
#1871 = VECTOR('',#1872,1.);
#1872 = DIRECTION('',(0.,-1.,0.));
#1873 = ORIENTED_EDGE('',*,*,#1874,.T.);
#1874 = EDGE_CURVE('',#1867,#1769,#1875,.T.);
#1875 = LINE('',#1876,#1877);
#1876 = CARTESIAN_POINT('',(-0.61,0.,2.E-02));
#1877 = VECTOR('',#1878,1.);
#1878 = DIRECTION('',(1.,0.,0.));
#1879 = ORIENTED_EDGE('',*,*,#1776,.T.);
#1880 = ORIENTED_EDGE('',*,*,#1881,.T.);
#1881 = EDGE_CURVE('',#1777,#1882,#1884,.T.);
#1882 = VERTEX_POINT('',#1883);
#1883 = CARTESIAN_POINT('',(-0.6,0.36,2.E-02));
#1884 = LINE('',#1885,#1886);
#1885 = CARTESIAN_POINT('',(0.,0.36,2.E-02));
#1886 = VECTOR('',#1887,1.);
#1887 = DIRECTION('',(-1.,0.,0.));
#1888 = ORIENTED_EDGE('',*,*,#1889,.T.);
#1889 = EDGE_CURVE('',#1882,#1857,#1890,.T.);
#1890 = LINE('',#1891,#1892);
#1891 = CARTESIAN_POINT('',(-0.6,0.36,2.E-02));
#1892 = VECTOR('',#1893,1.);
#1893 = DIRECTION('',(0.,-1.,0.));
#1894 = PLANE('',#1895);
#1895 = AXIS2_PLACEMENT_3D('',#1896,#1897,#1898);
#1896 = CARTESIAN_POINT('',(-0.305,0.18,2.E-02));
#1897 = DIRECTION('',(0.,0.,1.));
#1898 = DIRECTION('',(1.,0.,0.));
#1899 = ADVANCED_FACE('',(#1900),#1941,.F.);
#1900 = FACE_BOUND('',#1901,.F.);
#1901 = EDGE_LOOP('',(#1902,#1912,#1918,#1919,#1927,#1935));
#1902 = ORIENTED_EDGE('',*,*,#1903,.T.);
#1903 = EDGE_CURVE('',#1904,#1906,#1908,.T.);
#1904 = VERTEX_POINT('',#1905);
#1905 = CARTESIAN_POINT('',(0.6,-0.35,2.E-02));
#1906 = VERTEX_POINT('',#1907);
#1907 = CARTESIAN_POINT('',(0.61,-0.35,2.E-02));
#1908 = LINE('',#1909,#1910);
#1909 = CARTESIAN_POINT('',(0.6,-0.35,2.E-02));
#1910 = VECTOR('',#1911,1.);
#1911 = DIRECTION('',(1.,0.,0.));
#1912 = ORIENTED_EDGE('',*,*,#1913,.T.);
#1913 = EDGE_CURVE('',#1906,#1761,#1914,.T.);
#1914 = LINE('',#1915,#1916);
#1915 = CARTESIAN_POINT('',(0.61,-0.36,2.E-02));
#1916 = VECTOR('',#1917,1.);
#1917 = DIRECTION('',(0.,1.,0.));
#1918 = ORIENTED_EDGE('',*,*,#1768,.T.);
#1919 = ORIENTED_EDGE('',*,*,#1920,.T.);
#1920 = EDGE_CURVE('',#1769,#1921,#1923,.T.);
#1921 = VERTEX_POINT('',#1922);
#1922 = CARTESIAN_POINT('',(0.,-0.36,2.E-02));
#1923 = LINE('',#1924,#1925);
#1924 = CARTESIAN_POINT('',(0.,0.,2.E-02));
#1925 = VECTOR('',#1926,1.);
#1926 = DIRECTION('',(-0.,-1.,-0.));
#1927 = ORIENTED_EDGE('',*,*,#1928,.T.);
#1928 = EDGE_CURVE('',#1921,#1929,#1931,.T.);
#1929 = VERTEX_POINT('',#1930);
#1930 = CARTESIAN_POINT('',(0.6,-0.36,2.E-02));
#1931 = LINE('',#1932,#1933);
#1932 = CARTESIAN_POINT('',(0.,-0.36,2.E-02));
#1933 = VECTOR('',#1934,1.);
#1934 = DIRECTION('',(1.,0.,0.));
#1935 = ORIENTED_EDGE('',*,*,#1936,.T.);
#1936 = EDGE_CURVE('',#1929,#1904,#1937,.T.);
#1937 = LINE('',#1938,#1939);
#1938 = CARTESIAN_POINT('',(0.6,-0.36,2.E-02));
#1939 = VECTOR('',#1940,1.);
#1940 = DIRECTION('',(0.,1.,0.));
#1941 = PLANE('',#1942);
#1942 = AXIS2_PLACEMENT_3D('',#1943,#1944,#1945);
#1943 = CARTESIAN_POINT('',(0.305,-0.18,2.E-02));
#1944 = DIRECTION('',(0.,0.,1.));
#1945 = DIRECTION('',(-1.,0.,0.));
#1946 = ADVANCED_FACE('',(#1947),#1973,.F.);
#1947 = FACE_BOUND('',#1948,.F.);
#1948 = EDGE_LOOP('',(#1949,#1950,#1958,#1966,#1972));
#1949 = ORIENTED_EDGE('',*,*,#1799,.T.);
#1950 = ORIENTED_EDGE('',*,*,#1951,.T.);
#1951 = EDGE_CURVE('',#1800,#1952,#1954,.T.);
#1952 = VERTEX_POINT('',#1953);
#1953 = CARTESIAN_POINT('',(-0.61,0.36,3.E-02));
#1954 = LINE('',#1955,#1956);
#1955 = CARTESIAN_POINT('',(0.,0.36,3.E-02));
#1956 = VECTOR('',#1957,1.);
#1957 = DIRECTION('',(-1.,0.,0.));
#1958 = ORIENTED_EDGE('',*,*,#1959,.F.);
#1959 = EDGE_CURVE('',#1960,#1952,#1962,.T.);
#1960 = VERTEX_POINT('',#1961);
#1961 = CARTESIAN_POINT('',(-0.61,0.36,2.E-02));
#1962 = LINE('',#1963,#1964);
#1963 = CARTESIAN_POINT('',(-0.61,0.36,2.E-02));
#1964 = VECTOR('',#1965,1.);
#1965 = DIRECTION('',(0.,0.,1.));
#1966 = ORIENTED_EDGE('',*,*,#1967,.T.);
#1967 = EDGE_CURVE('',#1960,#1882,#1968,.T.);
#1968 = LINE('',#1969,#1970);
#1969 = CARTESIAN_POINT('',(-0.61,0.36,2.E-02));
#1970 = VECTOR('',#1971,1.);
#1971 = DIRECTION('',(1.,0.,0.));
#1972 = ORIENTED_EDGE('',*,*,#1881,.F.);
#1973 = PLANE('',#1974);
#1974 = AXIS2_PLACEMENT_3D('',#1975,#1976,#1977);
#1975 = CARTESIAN_POINT('',(0.,0.36,2.E-02));
#1976 = DIRECTION('',(0.,-1.,0.));
#1977 = DIRECTION('',(-1.,0.,0.));
#1978 = ADVANCED_FACE('',(#1979),#1997,.T.);
#1979 = FACE_BOUND('',#1980,.F.);
#1980 = EDGE_LOOP('',(#1981,#1982,#1990,#1996));
#1981 = ORIENTED_EDGE('',*,*,#1832,.T.);
#1982 = ORIENTED_EDGE('',*,*,#1983,.T.);
#1983 = EDGE_CURVE('',#1833,#1984,#1986,.T.);
#1984 = VERTEX_POINT('',#1985);
#1985 = CARTESIAN_POINT('',(0.,0.,3.E-02));
#1986 = LINE('',#1987,#1988);
#1987 = CARTESIAN_POINT('',(0.61,0.,3.E-02));
#1988 = VECTOR('',#1989,1.);
#1989 = DIRECTION('',(-1.,-0.,-0.));
#1990 = ORIENTED_EDGE('',*,*,#1991,.T.);
#1991 = EDGE_CURVE('',#1984,#1800,#1992,.T.);
#1992 = LINE('',#1993,#1994);
#1993 = CARTESIAN_POINT('',(0.,0.,3.E-02));
#1994 = VECTOR('',#1995,1.);
#1995 = DIRECTION('',(0.,1.,0.));
#1996 = ORIENTED_EDGE('',*,*,#1807,.T.);
#1997 = PLANE('',#1998);
#1998 = AXIS2_PLACEMENT_3D('',#1999,#2000,#2001);
#1999 = CARTESIAN_POINT('',(0.305,0.18,3.E-02));
#2000 = DIRECTION('',(0.,0.,1.));
#2001 = DIRECTION('',(1.,0.,0.));
#2002 = ADVANCED_FACE('',(#2003),#2029,.F.);
#2003 = FACE_BOUND('',#2004,.F.);
#2004 = EDGE_LOOP('',(#2005,#2015,#2021,#2022,#2023));
#2005 = ORIENTED_EDGE('',*,*,#2006,.T.);
#2006 = EDGE_CURVE('',#2007,#2009,#2011,.T.);
#2007 = VERTEX_POINT('',#2008);
#2008 = CARTESIAN_POINT('',(0.61,-0.36,2.E-02));
#2009 = VERTEX_POINT('',#2010);
#2010 = CARTESIAN_POINT('',(0.61,-0.36,3.E-02));
#2011 = LINE('',#2012,#2013);
#2012 = CARTESIAN_POINT('',(0.61,-0.36,2.E-02));
#2013 = VECTOR('',#2014,1.);
#2014 = DIRECTION('',(0.,0.,1.));
#2015 = ORIENTED_EDGE('',*,*,#2016,.T.);
#2016 = EDGE_CURVE('',#2009,#1833,#2017,.T.);
#2017 = LINE('',#2018,#2019);
#2018 = CARTESIAN_POINT('',(0.61,-0.36,3.E-02));
#2019 = VECTOR('',#2020,1.);
#2020 = DIRECTION('',(0.,1.,0.));
#2021 = ORIENTED_EDGE('',*,*,#1840,.F.);
#2022 = ORIENTED_EDGE('',*,*,#1913,.F.);
#2023 = ORIENTED_EDGE('',*,*,#2024,.T.);
#2024 = EDGE_CURVE('',#1906,#2007,#2025,.T.);
#2025 = LINE('',#2026,#2027);
#2026 = CARTESIAN_POINT('',(0.61,-0.35,2.E-02));
#2027 = VECTOR('',#2028,1.);
#2028 = DIRECTION('',(0.,-1.,0.));
#2029 = PLANE('',#2030);
#2030 = AXIS2_PLACEMENT_3D('',#2031,#2032,#2033);
#2031 = CARTESIAN_POINT('',(0.61,-0.36,2.E-02));
#2032 = DIRECTION('',(-1.,0.,0.));
#2033 = DIRECTION('',(0.,1.,0.));
#2034 = ADVANCED_FACE('',(#2035),#2060,.T.);
#2035 = FACE_BOUND('',#2036,.T.);
#2036 = EDGE_LOOP('',(#2037,#2045,#2046,#2054));
#2037 = ORIENTED_EDGE('',*,*,#2038,.T.);
#2038 = EDGE_CURVE('',#2039,#1857,#2041,.T.);
#2039 = VERTEX_POINT('',#2040);
#2040 = CARTESIAN_POINT('',(-0.6,0.35,1.E-02));
#2041 = LINE('',#2042,#2043);
#2042 = CARTESIAN_POINT('',(-0.6,0.35,1.E-02));
#2043 = VECTOR('',#2044,1.);
#2044 = DIRECTION('',(0.,0.,1.));
#2045 = ORIENTED_EDGE('',*,*,#1856,.T.);
#2046 = ORIENTED_EDGE('',*,*,#2047,.F.);
#2047 = EDGE_CURVE('',#2048,#1859,#2050,.T.);
#2048 = VERTEX_POINT('',#2049);
#2049 = CARTESIAN_POINT('',(-0.61,0.35,1.E-02));
#2050 = LINE('',#2051,#2052);
#2051 = CARTESIAN_POINT('',(-0.61,0.35,1.E-02));
#2052 = VECTOR('',#2053,1.);
#2053 = DIRECTION('',(0.,0.,1.));
#2054 = ORIENTED_EDGE('',*,*,#2055,.F.);
#2055 = EDGE_CURVE('',#2039,#2048,#2056,.T.);
#2056 = LINE('',#2057,#2058);
#2057 = CARTESIAN_POINT('',(-0.6,0.35,1.E-02));
#2058 = VECTOR('',#2059,1.);
#2059 = DIRECTION('',(-1.,0.,0.));
#2060 = PLANE('',#2061);
#2061 = AXIS2_PLACEMENT_3D('',#2062,#2063,#2064);
#2062 = CARTESIAN_POINT('',(-0.6,0.35,1.E-02));
#2063 = DIRECTION('',(0.,-1.,0.));
#2064 = DIRECTION('',(-1.,0.,0.));
#2065 = ADVANCED_FACE('',(#2066),#2084,.T.);
#2066 = FACE_BOUND('',#2067,.T.);
#2067 = EDGE_LOOP('',(#2068,#2076,#2077,#2078));
#2068 = ORIENTED_EDGE('',*,*,#2069,.T.);
#2069 = EDGE_CURVE('',#2070,#1882,#2072,.T.);
#2070 = VERTEX_POINT('',#2071);
#2071 = CARTESIAN_POINT('',(-0.6,0.36,1.E-02));
#2072 = LINE('',#2073,#2074);
#2073 = CARTESIAN_POINT('',(-0.6,0.36,1.E-02));
#2074 = VECTOR('',#2075,1.);
#2075 = DIRECTION('',(0.,0.,1.));
#2076 = ORIENTED_EDGE('',*,*,#1889,.T.);
#2077 = ORIENTED_EDGE('',*,*,#2038,.F.);
#2078 = ORIENTED_EDGE('',*,*,#2079,.F.);
#2079 = EDGE_CURVE('',#2070,#2039,#2080,.T.);
#2080 = LINE('',#2081,#2082);
#2081 = CARTESIAN_POINT('',(-0.6,1.25,1.E-02));
#2082 = VECTOR('',#2083,1.);
#2083 = DIRECTION('',(0.,-1.,0.));
#2084 = PLANE('',#2085);
#2085 = AXIS2_PLACEMENT_3D('',#2086,#2087,#2088);
#2086 = CARTESIAN_POINT('',(-0.6,0.36,1.E-02));
#2087 = DIRECTION('',(1.,0.,0.));
#2088 = DIRECTION('',(0.,-1.,0.));
#2089 = ADVANCED_FACE('',(#2090),#2124,.F.);
#2090 = FACE_BOUND('',#2091,.T.);
#2091 = EDGE_LOOP('',(#2092,#2102,#2108,#2109,#2110,#2118));
#2092 = ORIENTED_EDGE('',*,*,#2093,.T.);
#2093 = EDGE_CURVE('',#2094,#2096,#2098,.T.);
#2094 = VERTEX_POINT('',#2095);
#2095 = CARTESIAN_POINT('',(-0.6,-0.35,2.E-02));
#2096 = VERTEX_POINT('',#2097);
#2097 = CARTESIAN_POINT('',(-0.61,-0.35,2.E-02));
#2098 = LINE('',#2099,#2100);
#2099 = CARTESIAN_POINT('',(-0.6,-0.35,2.E-02));
#2100 = VECTOR('',#2101,1.);
#2101 = DIRECTION('',(-1.,-0.,-0.));
#2102 = ORIENTED_EDGE('',*,*,#2103,.T.);
#2103 = EDGE_CURVE('',#2096,#1867,#2104,.T.);
#2104 = LINE('',#2105,#2106);
#2105 = CARTESIAN_POINT('',(-0.61,-0.36,2.E-02));
#2106 = VECTOR('',#2107,1.);
#2107 = DIRECTION('',(0.,1.,0.));
#2108 = ORIENTED_EDGE('',*,*,#1874,.T.);
#2109 = ORIENTED_EDGE('',*,*,#1920,.T.);
#2110 = ORIENTED_EDGE('',*,*,#2111,.T.);
#2111 = EDGE_CURVE('',#1921,#2112,#2114,.T.);
#2112 = VERTEX_POINT('',#2113);
#2113 = CARTESIAN_POINT('',(-0.6,-0.36,2.E-02));
#2114 = LINE('',#2115,#2116);
#2115 = CARTESIAN_POINT('',(0.,-0.36,2.E-02));
#2116 = VECTOR('',#2117,1.);
#2117 = DIRECTION('',(-1.,-0.,-0.));
#2118 = ORIENTED_EDGE('',*,*,#2119,.T.);
#2119 = EDGE_CURVE('',#2112,#2094,#2120,.T.);
#2120 = LINE('',#2121,#2122);
#2121 = CARTESIAN_POINT('',(-0.6,-0.36,2.E-02));
#2122 = VECTOR('',#2123,1.);
#2123 = DIRECTION('',(0.,1.,0.));
#2124 = PLANE('',#2125);
#2125 = AXIS2_PLACEMENT_3D('',#2126,#2127,#2128);
#2126 = CARTESIAN_POINT('',(-0.305,-0.18,2.E-02));
#2127 = DIRECTION('',(0.,0.,1.));
#2128 = DIRECTION('',(-1.,-0.,-0.));
#2129 = ADVANCED_FACE('',(#2130),#2154,.F.);
#2130 = FACE_BOUND('',#2131,.F.);
#2131 = EDGE_LOOP('',(#2132,#2133,#2141,#2147,#2148));
#2132 = ORIENTED_EDGE('',*,*,#1959,.T.);
#2133 = ORIENTED_EDGE('',*,*,#2134,.T.);
#2134 = EDGE_CURVE('',#1952,#2135,#2137,.T.);
#2135 = VERTEX_POINT('',#2136);
#2136 = CARTESIAN_POINT('',(-0.61,0.,3.E-02));
#2137 = LINE('',#2138,#2139);
#2138 = CARTESIAN_POINT('',(-0.61,0.36,3.E-02));
#2139 = VECTOR('',#2140,1.);
#2140 = DIRECTION('',(0.,-1.,0.));
#2141 = ORIENTED_EDGE('',*,*,#2142,.F.);
#2142 = EDGE_CURVE('',#1867,#2135,#2143,.T.);
#2143 = LINE('',#2144,#2145);
#2144 = CARTESIAN_POINT('',(-0.61,0.,2.E-02));
#2145 = VECTOR('',#2146,1.);
#2146 = DIRECTION('',(0.,0.,1.));
#2147 = ORIENTED_EDGE('',*,*,#1866,.F.);
#2148 = ORIENTED_EDGE('',*,*,#2149,.T.);
#2149 = EDGE_CURVE('',#1859,#1960,#2150,.T.);
#2150 = LINE('',#2151,#2152);
#2151 = CARTESIAN_POINT('',(-0.61,0.35,2.E-02));
#2152 = VECTOR('',#2153,1.);
#2153 = DIRECTION('',(0.,1.,0.));
#2154 = PLANE('',#2155);
#2155 = AXIS2_PLACEMENT_3D('',#2156,#2157,#2158);
#2156 = CARTESIAN_POINT('',(-0.61,0.36,2.E-02));
#2157 = DIRECTION('',(1.,0.,0.));
#2158 = DIRECTION('',(0.,-1.,0.));
#2159 = ADVANCED_FACE('',(#2160),#2185,.T.);
#2160 = FACE_BOUND('',#2161,.T.);
#2161 = EDGE_LOOP('',(#2162,#2170,#2171,#2179));
#2162 = ORIENTED_EDGE('',*,*,#2163,.T.);
#2163 = EDGE_CURVE('',#2164,#1904,#2166,.T.);
#2164 = VERTEX_POINT('',#2165);
#2165 = CARTESIAN_POINT('',(0.6,-0.35,1.E-02));
#2166 = LINE('',#2167,#2168);
#2167 = CARTESIAN_POINT('',(0.6,-0.35,1.E-02));
#2168 = VECTOR('',#2169,1.);
#2169 = DIRECTION('',(0.,0.,1.));
#2170 = ORIENTED_EDGE('',*,*,#1903,.T.);
#2171 = ORIENTED_EDGE('',*,*,#2172,.F.);
#2172 = EDGE_CURVE('',#2173,#1906,#2175,.T.);
#2173 = VERTEX_POINT('',#2174);
#2174 = CARTESIAN_POINT('',(0.61,-0.35,1.E-02));
#2175 = LINE('',#2176,#2177);
#2176 = CARTESIAN_POINT('',(0.61,-0.35,1.E-02));
#2177 = VECTOR('',#2178,1.);
#2178 = DIRECTION('',(0.,0.,1.));
#2179 = ORIENTED_EDGE('',*,*,#2180,.F.);
#2180 = EDGE_CURVE('',#2164,#2173,#2181,.T.);
#2181 = LINE('',#2182,#2183);
#2182 = CARTESIAN_POINT('',(0.6,-0.35,1.E-02));
#2183 = VECTOR('',#2184,1.);
#2184 = DIRECTION('',(1.,0.,0.));
#2185 = PLANE('',#2186);
#2186 = AXIS2_PLACEMENT_3D('',#2187,#2188,#2189);
#2187 = CARTESIAN_POINT('',(0.6,-0.35,1.E-02));
#2188 = DIRECTION('',(0.,1.,0.));
#2189 = DIRECTION('',(1.,0.,0.));
#2190 = ADVANCED_FACE('',(#2191),#2209,.T.);
#2191 = FACE_BOUND('',#2192,.T.);
#2192 = EDGE_LOOP('',(#2193,#2201,#2202,#2203));
#2193 = ORIENTED_EDGE('',*,*,#2194,.T.);
#2194 = EDGE_CURVE('',#2195,#1929,#2197,.T.);
#2195 = VERTEX_POINT('',#2196);
#2196 = CARTESIAN_POINT('',(0.6,-0.36,1.E-02));
#2197 = LINE('',#2198,#2199);
#2198 = CARTESIAN_POINT('',(0.6,-0.36,1.E-02));
#2199 = VECTOR('',#2200,1.);
#2200 = DIRECTION('',(0.,0.,1.));
#2201 = ORIENTED_EDGE('',*,*,#1936,.T.);
#2202 = ORIENTED_EDGE('',*,*,#2163,.F.);
#2203 = ORIENTED_EDGE('',*,*,#2204,.F.);
#2204 = EDGE_CURVE('',#2195,#2164,#2205,.T.);
#2205 = LINE('',#2206,#2207);
#2206 = CARTESIAN_POINT('',(0.6,-1.25,1.E-02));
#2207 = VECTOR('',#2208,1.);
#2208 = DIRECTION('',(0.,1.,0.));
#2209 = PLANE('',#2210);
#2210 = AXIS2_PLACEMENT_3D('',#2211,#2212,#2213);
#2211 = CARTESIAN_POINT('',(0.6,-0.36,1.E-02));
#2212 = DIRECTION('',(-1.,0.,0.));
#2213 = DIRECTION('',(0.,1.,0.));
#2214 = ADVANCED_FACE('',(#2215),#2239,.F.);
#2215 = FACE_BOUND('',#2216,.F.);
#2216 = EDGE_LOOP('',(#2217,#2225,#2231,#2232,#2238));
#2217 = ORIENTED_EDGE('',*,*,#2218,.T.);
#2218 = EDGE_CURVE('',#1921,#2219,#2221,.T.);
#2219 = VERTEX_POINT('',#2220);
#2220 = CARTESIAN_POINT('',(0.,-0.36,3.E-02));
#2221 = LINE('',#2222,#2223);
#2222 = CARTESIAN_POINT('',(0.,-0.36,2.E-02));
#2223 = VECTOR('',#2224,1.);
#2224 = DIRECTION('',(0.,0.,1.));
#2225 = ORIENTED_EDGE('',*,*,#2226,.T.);
#2226 = EDGE_CURVE('',#2219,#2009,#2227,.T.);
#2227 = LINE('',#2228,#2229);
#2228 = CARTESIAN_POINT('',(0.,-0.36,3.E-02));
#2229 = VECTOR('',#2230,1.);
#2230 = DIRECTION('',(1.,0.,0.));
#2231 = ORIENTED_EDGE('',*,*,#2006,.F.);
#2232 = ORIENTED_EDGE('',*,*,#2233,.T.);
#2233 = EDGE_CURVE('',#2007,#1929,#2234,.T.);
#2234 = LINE('',#2235,#2236);
#2235 = CARTESIAN_POINT('',(0.61,-0.36,2.E-02));
#2236 = VECTOR('',#2237,1.);
#2237 = DIRECTION('',(-1.,0.,0.));
#2238 = ORIENTED_EDGE('',*,*,#1928,.F.);
#2239 = PLANE('',#2240);
#2240 = AXIS2_PLACEMENT_3D('',#2241,#2242,#2243);
#2241 = CARTESIAN_POINT('',(0.,-0.36,2.E-02));
#2242 = DIRECTION('',(0.,1.,0.));
#2243 = DIRECTION('',(1.,0.,0.));
#2244 = ADVANCED_FACE('',(#2245),#2263,.T.);
#2245 = FACE_BOUND('',#2246,.T.);
#2246 = EDGE_LOOP('',(#2247,#2255,#2256,#2257));
#2247 = ORIENTED_EDGE('',*,*,#2248,.T.);
#2248 = EDGE_CURVE('',#2249,#1960,#2251,.T.);
#2249 = VERTEX_POINT('',#2250);
#2250 = CARTESIAN_POINT('',(-0.61,0.36,1.E-02));
#2251 = LINE('',#2252,#2253);
#2252 = CARTESIAN_POINT('',(-0.61,0.36,1.E-02));
#2253 = VECTOR('',#2254,1.);
#2254 = DIRECTION('',(0.,0.,1.));
#2255 = ORIENTED_EDGE('',*,*,#1967,.T.);
#2256 = ORIENTED_EDGE('',*,*,#2069,.F.);
#2257 = ORIENTED_EDGE('',*,*,#2258,.F.);
#2258 = EDGE_CURVE('',#2249,#2070,#2259,.T.);
#2259 = LINE('',#2260,#2261);
#2260 = CARTESIAN_POINT('',(-0.61,0.36,1.E-02));
#2261 = VECTOR('',#2262,1.);
#2262 = DIRECTION('',(1.,0.,0.));
#2263 = PLANE('',#2264);
#2264 = AXIS2_PLACEMENT_3D('',#2265,#2266,#2267);
#2265 = CARTESIAN_POINT('',(-0.61,0.36,1.E-02));
#2266 = DIRECTION('',(0.,1.,0.));
#2267 = DIRECTION('',(1.,0.,0.));
#2268 = ADVANCED_FACE('',(#2269),#2280,.T.);
#2269 = FACE_BOUND('',#2270,.T.);
#2270 = EDGE_LOOP('',(#2271,#2272,#2278,#2279));
#2271 = ORIENTED_EDGE('',*,*,#2134,.T.);
#2272 = ORIENTED_EDGE('',*,*,#2273,.T.);
#2273 = EDGE_CURVE('',#2135,#1984,#2274,.T.);
#2274 = LINE('',#2275,#2276);
#2275 = CARTESIAN_POINT('',(-0.61,0.,3.E-02));
#2276 = VECTOR('',#2277,1.);
#2277 = DIRECTION('',(1.,0.,0.));
#2278 = ORIENTED_EDGE('',*,*,#1991,.T.);
#2279 = ORIENTED_EDGE('',*,*,#1951,.T.);
#2280 = PLANE('',#2281);
#2281 = AXIS2_PLACEMENT_3D('',#2282,#2283,#2284);
#2282 = CARTESIAN_POINT('',(-0.305,0.18,3.E-02));
#2283 = DIRECTION('',(0.,0.,1.));
#2284 = DIRECTION('',(1.,0.,0.));
#2285 = ADVANCED_FACE('',(#2286),#2297,.T.);
#2286 = FACE_BOUND('',#2287,.T.);
#2287 = EDGE_LOOP('',(#2288,#2289,#2290,#2296));
#2288 = ORIENTED_EDGE('',*,*,#2016,.T.);
#2289 = ORIENTED_EDGE('',*,*,#1983,.T.);
#2290 = ORIENTED_EDGE('',*,*,#2291,.T.);
#2291 = EDGE_CURVE('',#1984,#2219,#2292,.T.);
#2292 = LINE('',#2293,#2294);
#2293 = CARTESIAN_POINT('',(0.,0.,3.E-02));
#2294 = VECTOR('',#2295,1.);
#2295 = DIRECTION('',(-0.,-1.,-0.));
#2296 = ORIENTED_EDGE('',*,*,#2226,.T.);
#2297 = PLANE('',#2298);
#2298 = AXIS2_PLACEMENT_3D('',#2299,#2300,#2301);
#2299 = CARTESIAN_POINT('',(0.305,-0.18,3.E-02));
#2300 = DIRECTION('',(0.,0.,1.));
#2301 = DIRECTION('',(-1.,0.,0.));
#2302 = ADVANCED_FACE('',(#2303),#2321,.T.);
#2303 = FACE_BOUND('',#2304,.T.);
#2304 = EDGE_LOOP('',(#2305,#2306,#2307,#2315));
#2305 = ORIENTED_EDGE('',*,*,#2172,.T.);
#2306 = ORIENTED_EDGE('',*,*,#2024,.T.);
#2307 = ORIENTED_EDGE('',*,*,#2308,.F.);
#2308 = EDGE_CURVE('',#2309,#2007,#2311,.T.);
#2309 = VERTEX_POINT('',#2310);
#2310 = CARTESIAN_POINT('',(0.61,-0.36,1.E-02));
#2311 = LINE('',#2312,#2313);
#2312 = CARTESIAN_POINT('',(0.61,-0.36,1.E-02));
#2313 = VECTOR('',#2314,1.);
#2314 = DIRECTION('',(0.,0.,1.));
#2315 = ORIENTED_EDGE('',*,*,#2316,.F.);
#2316 = EDGE_CURVE('',#2173,#2309,#2317,.T.);
#2317 = LINE('',#2318,#2319);
#2318 = CARTESIAN_POINT('',(0.61,-0.35,1.E-02));
#2319 = VECTOR('',#2320,1.);
#2320 = DIRECTION('',(0.,-1.,0.));
#2321 = PLANE('',#2322);
#2322 = AXIS2_PLACEMENT_3D('',#2323,#2324,#2325);
#2323 = CARTESIAN_POINT('',(0.61,-0.35,1.E-02));
#2324 = DIRECTION('',(1.,0.,0.));
#2325 = DIRECTION('',(0.,-1.,0.));
#2326 = ADVANCED_FACE('',(#2327),#2338,.T.);
#2327 = FACE_BOUND('',#2328,.T.);
#2328 = EDGE_LOOP('',(#2329,#2330,#2331,#2332));
#2329 = ORIENTED_EDGE('',*,*,#2047,.T.);
#2330 = ORIENTED_EDGE('',*,*,#2149,.T.);
#2331 = ORIENTED_EDGE('',*,*,#2248,.F.);
#2332 = ORIENTED_EDGE('',*,*,#2333,.F.);
#2333 = EDGE_CURVE('',#2048,#2249,#2334,.T.);
#2334 = LINE('',#2335,#2336);
#2335 = CARTESIAN_POINT('',(-0.61,0.35,1.E-02));
#2336 = VECTOR('',#2337,1.);
#2337 = DIRECTION('',(0.,1.,0.));
#2338 = PLANE('',#2339);
#2339 = AXIS2_PLACEMENT_3D('',#2340,#2341,#2342);
#2340 = CARTESIAN_POINT('',(-0.61,0.35,1.E-02));
#2341 = DIRECTION('',(-1.,0.,0.));
#2342 = DIRECTION('',(0.,1.,0.));
#2343 = ADVANCED_FACE('',(#2344),#2377,.T.);
#2344 = FACE_BOUND('',#2345,.T.);
#2345 = EDGE_LOOP('',(#2346,#2354,#2355,#2363,#2371));
#2346 = ORIENTED_EDGE('',*,*,#2347,.T.);
#2347 = EDGE_CURVE('',#2348,#2039,#2350,.T.);
#2348 = VERTEX_POINT('',#2349);
#2349 = CARTESIAN_POINT('',(-0.6,0.35,0.));
#2350 = LINE('',#2351,#2352);
#2351 = CARTESIAN_POINT('',(-0.6,0.35,0.));
#2352 = VECTOR('',#2353,1.);
#2353 = DIRECTION('',(0.,0.,1.));
#2354 = ORIENTED_EDGE('',*,*,#2055,.T.);
#2355 = ORIENTED_EDGE('',*,*,#2356,.T.);
#2356 = EDGE_CURVE('',#2048,#2357,#2359,.T.);
#2357 = VERTEX_POINT('',#2358);
#2358 = CARTESIAN_POINT('',(-1.6,0.35,1.E-02));
#2359 = LINE('',#2360,#2361);
#2360 = CARTESIAN_POINT('',(-0.6,0.35,1.E-02));
#2361 = VECTOR('',#2362,1.);
#2362 = DIRECTION('',(-1.,0.,0.));
#2363 = ORIENTED_EDGE('',*,*,#2364,.F.);
#2364 = EDGE_CURVE('',#2365,#2357,#2367,.T.);
#2365 = VERTEX_POINT('',#2366);
#2366 = CARTESIAN_POINT('',(-1.6,0.35,0.));
#2367 = LINE('',#2368,#2369);
#2368 = CARTESIAN_POINT('',(-1.6,0.35,0.));
#2369 = VECTOR('',#2370,1.);
#2370 = DIRECTION('',(0.,0.,1.));
#2371 = ORIENTED_EDGE('',*,*,#2372,.F.);
#2372 = EDGE_CURVE('',#2348,#2365,#2373,.T.);
#2373 = LINE('',#2374,#2375);
#2374 = CARTESIAN_POINT('',(-0.6,0.35,0.));
#2375 = VECTOR('',#2376,1.);
#2376 = DIRECTION('',(-1.,0.,0.));
#2377 = PLANE('',#2378);
#2378 = AXIS2_PLACEMENT_3D('',#2379,#2380,#2381);
#2379 = CARTESIAN_POINT('',(-0.6,0.35,0.));
#2380 = DIRECTION('',(0.,-1.,0.));
#2381 = DIRECTION('',(-1.,0.,0.));
#2382 = ADVANCED_FACE('',(#2383),#2409,.T.);
#2383 = FACE_BOUND('',#2384,.T.);
#2384 = EDGE_LOOP('',(#2385,#2395,#2401,#2402,#2403));
#2385 = ORIENTED_EDGE('',*,*,#2386,.T.);
#2386 = EDGE_CURVE('',#2387,#2389,#2391,.T.);
#2387 = VERTEX_POINT('',#2388);
#2388 = CARTESIAN_POINT('',(-0.6,1.25,0.));
#2389 = VERTEX_POINT('',#2390);
#2390 = CARTESIAN_POINT('',(-0.6,1.25,1.E-02));
#2391 = LINE('',#2392,#2393);
#2392 = CARTESIAN_POINT('',(-0.6,1.25,0.));
#2393 = VECTOR('',#2394,1.);
#2394 = DIRECTION('',(0.,0.,1.));
#2395 = ORIENTED_EDGE('',*,*,#2396,.T.);
#2396 = EDGE_CURVE('',#2389,#2070,#2397,.T.);
#2397 = LINE('',#2398,#2399);
#2398 = CARTESIAN_POINT('',(-0.6,1.25,1.E-02));
#2399 = VECTOR('',#2400,1.);
#2400 = DIRECTION('',(0.,-1.,0.));
#2401 = ORIENTED_EDGE('',*,*,#2079,.T.);
#2402 = ORIENTED_EDGE('',*,*,#2347,.F.);
#2403 = ORIENTED_EDGE('',*,*,#2404,.F.);
#2404 = EDGE_CURVE('',#2387,#2348,#2405,.T.);
#2405 = LINE('',#2406,#2407);
#2406 = CARTESIAN_POINT('',(-0.6,1.25,0.));
#2407 = VECTOR('',#2408,1.);
#2408 = DIRECTION('',(0.,-1.,0.));
#2409 = PLANE('',#2410);
#2410 = AXIS2_PLACEMENT_3D('',#2411,#2412,#2413);
#2411 = CARTESIAN_POINT('',(-0.6,1.25,0.));
#2412 = DIRECTION('',(1.,0.,0.));
#2413 = DIRECTION('',(0.,-1.,0.));
#2414 = ADVANCED_FACE('',(#2415),#2440,.T.);
#2415 = FACE_BOUND('',#2416,.F.);
#2416 = EDGE_LOOP('',(#2417,#2425,#2426,#2434));
#2417 = ORIENTED_EDGE('',*,*,#2418,.T.);
#2418 = EDGE_CURVE('',#2419,#2094,#2421,.T.);
#2419 = VERTEX_POINT('',#2420);
#2420 = CARTESIAN_POINT('',(-0.6,-0.35,1.E-02));
#2421 = LINE('',#2422,#2423);
#2422 = CARTESIAN_POINT('',(-0.6,-0.35,1.E-02));
#2423 = VECTOR('',#2424,1.);
#2424 = DIRECTION('',(0.,0.,1.));
#2425 = ORIENTED_EDGE('',*,*,#2093,.T.);
#2426 = ORIENTED_EDGE('',*,*,#2427,.F.);
#2427 = EDGE_CURVE('',#2428,#2096,#2430,.T.);
#2428 = VERTEX_POINT('',#2429);
#2429 = CARTESIAN_POINT('',(-0.61,-0.35,1.E-02));
#2430 = LINE('',#2431,#2432);
#2431 = CARTESIAN_POINT('',(-0.61,-0.35,1.E-02));
#2432 = VECTOR('',#2433,1.);
#2433 = DIRECTION('',(0.,0.,1.));
#2434 = ORIENTED_EDGE('',*,*,#2435,.F.);
#2435 = EDGE_CURVE('',#2419,#2428,#2436,.T.);
#2436 = LINE('',#2437,#2438);
#2437 = CARTESIAN_POINT('',(-0.6,-0.35,1.E-02));
#2438 = VECTOR('',#2439,1.);
#2439 = DIRECTION('',(-1.,-0.,-0.));
#2440 = PLANE('',#2441);
#2441 = AXIS2_PLACEMENT_3D('',#2442,#2443,#2444);
#2442 = CARTESIAN_POINT('',(-0.6,-0.35,1.E-02));
#2443 = DIRECTION('',(0.,1.,0.));
#2444 = DIRECTION('',(1.,0.,0.));
#2445 = ADVANCED_FACE('',(#2446),#2464,.T.);
#2446 = FACE_BOUND('',#2447,.F.);
#2447 = EDGE_LOOP('',(#2448,#2456,#2457,#2458));
#2448 = ORIENTED_EDGE('',*,*,#2449,.T.);
#2449 = EDGE_CURVE('',#2450,#2112,#2452,.T.);
#2450 = VERTEX_POINT('',#2451);
#2451 = CARTESIAN_POINT('',(-0.6,-0.36,1.E-02));
#2452 = LINE('',#2453,#2454);
#2453 = CARTESIAN_POINT('',(-0.6,-0.36,1.E-02));
#2454 = VECTOR('',#2455,1.);
#2455 = DIRECTION('',(0.,0.,1.));
#2456 = ORIENTED_EDGE('',*,*,#2119,.T.);
#2457 = ORIENTED_EDGE('',*,*,#2418,.F.);
#2458 = ORIENTED_EDGE('',*,*,#2459,.F.);
#2459 = EDGE_CURVE('',#2450,#2419,#2460,.T.);
#2460 = LINE('',#2461,#2462);
#2461 = CARTESIAN_POINT('',(-0.6,-1.25,1.E-02));
#2462 = VECTOR('',#2463,1.);
#2463 = DIRECTION('',(0.,1.,0.));
#2464 = PLANE('',#2465);
#2465 = AXIS2_PLACEMENT_3D('',#2466,#2467,#2468);
#2466 = CARTESIAN_POINT('',(-0.6,-0.36,1.E-02));
#2467 = DIRECTION('',(1.,0.,0.));
#2468 = DIRECTION('',(-0.,-1.,-0.));
#2469 = ADVANCED_FACE('',(#2470),#2496,.F.);
#2470 = FACE_BOUND('',#2471,.T.);
#2471 = EDGE_LOOP('',(#2472,#2473,#2481,#2489,#2495));
#2472 = ORIENTED_EDGE('',*,*,#2218,.T.);
#2473 = ORIENTED_EDGE('',*,*,#2474,.T.);
#2474 = EDGE_CURVE('',#2219,#2475,#2477,.T.);
#2475 = VERTEX_POINT('',#2476);
#2476 = CARTESIAN_POINT('',(-0.61,-0.36,3.E-02));
#2477 = LINE('',#2478,#2479);
#2478 = CARTESIAN_POINT('',(0.,-0.36,3.E-02));
#2479 = VECTOR('',#2480,1.);
#2480 = DIRECTION('',(-1.,-0.,-0.));
#2481 = ORIENTED_EDGE('',*,*,#2482,.F.);
#2482 = EDGE_CURVE('',#2483,#2475,#2485,.T.);
#2483 = VERTEX_POINT('',#2484);
#2484 = CARTESIAN_POINT('',(-0.61,-0.36,2.E-02));
#2485 = LINE('',#2486,#2487);
#2486 = CARTESIAN_POINT('',(-0.61,-0.36,2.E-02));
#2487 = VECTOR('',#2488,1.);
#2488 = DIRECTION('',(0.,0.,1.));
#2489 = ORIENTED_EDGE('',*,*,#2490,.T.);
#2490 = EDGE_CURVE('',#2483,#2112,#2491,.T.);
#2491 = LINE('',#2492,#2493);
#2492 = CARTESIAN_POINT('',(-0.61,-0.36,2.E-02));
#2493 = VECTOR('',#2494,1.);
#2494 = DIRECTION('',(1.,0.,0.));
#2495 = ORIENTED_EDGE('',*,*,#2111,.F.);
#2496 = PLANE('',#2497);
#2497 = AXIS2_PLACEMENT_3D('',#2498,#2499,#2500);
#2498 = CARTESIAN_POINT('',(0.,-0.36,2.E-02));
#2499 = DIRECTION('',(0.,1.,0.));
#2500 = DIRECTION('',(1.,0.,0.));
#2501 = ADVANCED_FACE('',(#2502),#2519,.F.);
#2502 = FACE_BOUND('',#2503,.T.);
#2503 = EDGE_LOOP('',(#2504,#2505,#2511,#2512,#2513));
#2504 = ORIENTED_EDGE('',*,*,#2482,.T.);
#2505 = ORIENTED_EDGE('',*,*,#2506,.T.);
#2506 = EDGE_CURVE('',#2475,#2135,#2507,.T.);
#2507 = LINE('',#2508,#2509);
#2508 = CARTESIAN_POINT('',(-0.61,-0.36,3.E-02));
#2509 = VECTOR('',#2510,1.);
#2510 = DIRECTION('',(0.,1.,0.));
#2511 = ORIENTED_EDGE('',*,*,#2142,.F.);
#2512 = ORIENTED_EDGE('',*,*,#2103,.F.);
#2513 = ORIENTED_EDGE('',*,*,#2514,.T.);
#2514 = EDGE_CURVE('',#2096,#2483,#2515,.T.);
#2515 = LINE('',#2516,#2517);
#2516 = CARTESIAN_POINT('',(-0.61,-0.35,2.E-02));
#2517 = VECTOR('',#2518,1.);
#2518 = DIRECTION('',(-0.,-1.,-0.));
#2519 = PLANE('',#2520);
#2520 = AXIS2_PLACEMENT_3D('',#2521,#2522,#2523);
#2521 = CARTESIAN_POINT('',(-0.61,-0.36,2.E-02));
#2522 = DIRECTION('',(1.,0.,0.));
#2523 = DIRECTION('',(-0.,-1.,-0.));
#2524 = ADVANCED_FACE('',(#2525),#2558,.T.);
#2525 = FACE_BOUND('',#2526,.T.);
#2526 = EDGE_LOOP('',(#2527,#2535,#2536,#2544,#2552));
#2527 = ORIENTED_EDGE('',*,*,#2528,.T.);
#2528 = EDGE_CURVE('',#2529,#2164,#2531,.T.);
#2529 = VERTEX_POINT('',#2530);
#2530 = CARTESIAN_POINT('',(0.6,-0.35,0.));
#2531 = LINE('',#2532,#2533);
#2532 = CARTESIAN_POINT('',(0.6,-0.35,0.));
#2533 = VECTOR('',#2534,1.);
#2534 = DIRECTION('',(0.,0.,1.));
#2535 = ORIENTED_EDGE('',*,*,#2180,.T.);
#2536 = ORIENTED_EDGE('',*,*,#2537,.T.);
#2537 = EDGE_CURVE('',#2173,#2538,#2540,.T.);
#2538 = VERTEX_POINT('',#2539);
#2539 = CARTESIAN_POINT('',(1.6,-0.35,1.E-02));
#2540 = LINE('',#2541,#2542);
#2541 = CARTESIAN_POINT('',(0.6,-0.35,1.E-02));
#2542 = VECTOR('',#2543,1.);
#2543 = DIRECTION('',(1.,0.,0.));
#2544 = ORIENTED_EDGE('',*,*,#2545,.F.);
#2545 = EDGE_CURVE('',#2546,#2538,#2548,.T.);
#2546 = VERTEX_POINT('',#2547);
#2547 = CARTESIAN_POINT('',(1.6,-0.35,0.));
#2548 = LINE('',#2549,#2550);
#2549 = CARTESIAN_POINT('',(1.6,-0.35,0.));
#2550 = VECTOR('',#2551,1.);
#2551 = DIRECTION('',(0.,0.,1.));
#2552 = ORIENTED_EDGE('',*,*,#2553,.F.);
#2553 = EDGE_CURVE('',#2529,#2546,#2554,.T.);
#2554 = LINE('',#2555,#2556);
#2555 = CARTESIAN_POINT('',(0.6,-0.35,0.));
#2556 = VECTOR('',#2557,1.);
#2557 = DIRECTION('',(1.,0.,0.));
#2558 = PLANE('',#2559);
#2559 = AXIS2_PLACEMENT_3D('',#2560,#2561,#2562);
#2560 = CARTESIAN_POINT('',(0.6,-0.35,0.));
#2561 = DIRECTION('',(0.,1.,0.));
#2562 = DIRECTION('',(1.,0.,0.));
#2563 = ADVANCED_FACE('',(#2564),#2575,.T.);
#2564 = FACE_BOUND('',#2565,.T.);
#2565 = EDGE_LOOP('',(#2566,#2567,#2568,#2569));
#2566 = ORIENTED_EDGE('',*,*,#2308,.T.);
#2567 = ORIENTED_EDGE('',*,*,#2233,.T.);
#2568 = ORIENTED_EDGE('',*,*,#2194,.F.);
#2569 = ORIENTED_EDGE('',*,*,#2570,.F.);
#2570 = EDGE_CURVE('',#2309,#2195,#2571,.T.);
#2571 = LINE('',#2572,#2573);
#2572 = CARTESIAN_POINT('',(0.61,-0.36,1.E-02));
#2573 = VECTOR('',#2574,1.);
#2574 = DIRECTION('',(-1.,0.,0.));
#2575 = PLANE('',#2576);
#2576 = AXIS2_PLACEMENT_3D('',#2577,#2578,#2579);
#2577 = CARTESIAN_POINT('',(0.61,-0.36,1.E-02));
#2578 = DIRECTION('',(0.,-1.,0.));
#2579 = DIRECTION('',(-1.,0.,0.));
#2580 = ADVANCED_FACE('',(#2581),#2607,.T.);
#2581 = FACE_BOUND('',#2582,.T.);
#2582 = EDGE_LOOP('',(#2583,#2593,#2599,#2600,#2601));
#2583 = ORIENTED_EDGE('',*,*,#2584,.T.);
#2584 = EDGE_CURVE('',#2585,#2587,#2589,.T.);
#2585 = VERTEX_POINT('',#2586);
#2586 = CARTESIAN_POINT('',(0.6,-1.25,0.));
#2587 = VERTEX_POINT('',#2588);
#2588 = CARTESIAN_POINT('',(0.6,-1.25,1.E-02));
#2589 = LINE('',#2590,#2591);
#2590 = CARTESIAN_POINT('',(0.6,-1.25,0.));
#2591 = VECTOR('',#2592,1.);
#2592 = DIRECTION('',(0.,0.,1.));
#2593 = ORIENTED_EDGE('',*,*,#2594,.T.);
#2594 = EDGE_CURVE('',#2587,#2195,#2595,.T.);
#2595 = LINE('',#2596,#2597);
#2596 = CARTESIAN_POINT('',(0.6,-1.25,1.E-02));
#2597 = VECTOR('',#2598,1.);
#2598 = DIRECTION('',(0.,1.,0.));
#2599 = ORIENTED_EDGE('',*,*,#2204,.T.);
#2600 = ORIENTED_EDGE('',*,*,#2528,.F.);
#2601 = ORIENTED_EDGE('',*,*,#2602,.F.);
#2602 = EDGE_CURVE('',#2585,#2529,#2603,.T.);
#2603 = LINE('',#2604,#2605);
#2604 = CARTESIAN_POINT('',(0.6,-1.25,0.));
#2605 = VECTOR('',#2606,1.);
#2606 = DIRECTION('',(0.,1.,0.));
#2607 = PLANE('',#2608);
#2608 = AXIS2_PLACEMENT_3D('',#2609,#2610,#2611);
#2609 = CARTESIAN_POINT('',(0.6,-1.25,0.));
#2610 = DIRECTION('',(-1.,0.,0.));
#2611 = DIRECTION('',(0.,1.,0.));
#2612 = ADVANCED_FACE('',(#2613),#2642,.T.);
#2613 = FACE_BOUND('',#2614,.T.);
#2614 = EDGE_LOOP('',(#2615,#2623,#2632,#2638,#2639,#2640,#2641));
#2615 = ORIENTED_EDGE('',*,*,#2616,.F.);
#2616 = EDGE_CURVE('',#2617,#2389,#2619,.T.);
#2617 = VERTEX_POINT('',#2618);
#2618 = CARTESIAN_POINT('',(-1.4,1.25,1.E-02));
#2619 = LINE('',#2620,#2621);
#2620 = CARTESIAN_POINT('',(-1.4,1.25,1.E-02));
#2621 = VECTOR('',#2622,1.);
#2622 = DIRECTION('',(1.,0.,0.));
#2623 = ORIENTED_EDGE('',*,*,#2624,.F.);
#2624 = EDGE_CURVE('',#2625,#2617,#2627,.T.);
#2625 = VERTEX_POINT('',#2626);
#2626 = CARTESIAN_POINT('',(-1.6,1.05,1.E-02));
#2627 = CIRCLE('',#2628,0.2);
#2628 = AXIS2_PLACEMENT_3D('',#2629,#2630,#2631);
#2629 = CARTESIAN_POINT('',(-1.6,1.25,1.E-02));
#2630 = DIRECTION('',(0.,0.,1.));
#2631 = DIRECTION('',(1.,0.,0.));
#2632 = ORIENTED_EDGE('',*,*,#2633,.F.);
#2633 = EDGE_CURVE('',#2357,#2625,#2634,.T.);
#2634 = LINE('',#2635,#2636);
#2635 = CARTESIAN_POINT('',(-1.6,0.35,1.E-02));
#2636 = VECTOR('',#2637,1.);
#2637 = DIRECTION('',(0.,1.,0.));
#2638 = ORIENTED_EDGE('',*,*,#2356,.F.);
#2639 = ORIENTED_EDGE('',*,*,#2333,.T.);
#2640 = ORIENTED_EDGE('',*,*,#2258,.T.);
#2641 = ORIENTED_EDGE('',*,*,#2396,.F.);
#2642 = PLANE('',#2643);
#2643 = AXIS2_PLACEMENT_3D('',#2644,#2645,#2646);
#2644 = CARTESIAN_POINT('',(-1.082928394681,0.784133288216,1.E-02));
#2645 = DIRECTION('',(0.,0.,1.));
#2646 = DIRECTION('',(1.,0.,0.));
#2647 = ADVANCED_FACE('',(#2648),#2654,.T.);
#2648 = FACE_BOUND('',#2649,.F.);
#2649 = EDGE_LOOP('',(#2650,#2651,#2652,#2653));
#2650 = ORIENTED_EDGE('',*,*,#2506,.T.);
#2651 = ORIENTED_EDGE('',*,*,#2273,.T.);
#2652 = ORIENTED_EDGE('',*,*,#2291,.T.);
#2653 = ORIENTED_EDGE('',*,*,#2474,.T.);
#2654 = PLANE('',#2655);
#2655 = AXIS2_PLACEMENT_3D('',#2656,#2657,#2658);
#2656 = CARTESIAN_POINT('',(-0.305,-0.18,3.E-02));
#2657 = DIRECTION('',(0.,0.,1.));
#2658 = DIRECTION('',(-1.,-0.,-0.));
#2659 = ADVANCED_FACE('',(#2660),#2689,.T.);
#2660 = FACE_BOUND('',#2661,.T.);
#2661 = EDGE_LOOP('',(#2662,#2670,#2679,#2685,#2686,#2687,#2688));
#2662 = ORIENTED_EDGE('',*,*,#2663,.F.);
#2663 = EDGE_CURVE('',#2664,#2587,#2666,.T.);
#2664 = VERTEX_POINT('',#2665);
#2665 = CARTESIAN_POINT('',(1.4,-1.25,1.E-02));
#2666 = LINE('',#2667,#2668);
#2667 = CARTESIAN_POINT('',(1.4,-1.25,1.E-02));
#2668 = VECTOR('',#2669,1.);
#2669 = DIRECTION('',(-1.,0.,0.));
#2670 = ORIENTED_EDGE('',*,*,#2671,.F.);
#2671 = EDGE_CURVE('',#2672,#2664,#2674,.T.);
#2672 = VERTEX_POINT('',#2673);
#2673 = CARTESIAN_POINT('',(1.6,-1.05,1.E-02));
#2674 = CIRCLE('',#2675,0.2);
#2675 = AXIS2_PLACEMENT_3D('',#2676,#2677,#2678);
#2676 = CARTESIAN_POINT('',(1.6,-1.25,1.E-02));
#2677 = DIRECTION('',(0.,0.,1.));
#2678 = DIRECTION('',(-1.,0.,0.));
#2679 = ORIENTED_EDGE('',*,*,#2680,.F.);
#2680 = EDGE_CURVE('',#2538,#2672,#2681,.T.);
#2681 = LINE('',#2682,#2683);
#2682 = CARTESIAN_POINT('',(1.6,-0.35,1.E-02));
#2683 = VECTOR('',#2684,1.);
#2684 = DIRECTION('',(0.,-1.,0.));
#2685 = ORIENTED_EDGE('',*,*,#2537,.F.);
#2686 = ORIENTED_EDGE('',*,*,#2316,.T.);
#2687 = ORIENTED_EDGE('',*,*,#2570,.T.);
#2688 = ORIENTED_EDGE('',*,*,#2594,.F.);
#2689 = PLANE('',#2690);
#2690 = AXIS2_PLACEMENT_3D('',#2691,#2692,#2693);
#2691 = CARTESIAN_POINT('',(1.082928394681,-0.784133288216,1.E-02));
#2692 = DIRECTION('',(0.,0.,1.));
#2693 = DIRECTION('',(-1.,0.,0.));
#2694 = ADVANCED_FACE('',(#2695),#2713,.T.);
#2695 = FACE_BOUND('',#2696,.T.);
#2696 = EDGE_LOOP('',(#2697,#2698,#2699,#2707));
#2697 = ORIENTED_EDGE('',*,*,#2364,.T.);
#2698 = ORIENTED_EDGE('',*,*,#2633,.T.);
#2699 = ORIENTED_EDGE('',*,*,#2700,.F.);
#2700 = EDGE_CURVE('',#2701,#2625,#2703,.T.);
#2701 = VERTEX_POINT('',#2702);
#2702 = CARTESIAN_POINT('',(-1.6,1.05,0.));
#2703 = LINE('',#2704,#2705);
#2704 = CARTESIAN_POINT('',(-1.6,1.05,0.));
#2705 = VECTOR('',#2706,1.);
#2706 = DIRECTION('',(0.,0.,1.));
#2707 = ORIENTED_EDGE('',*,*,#2708,.F.);
#2708 = EDGE_CURVE('',#2365,#2701,#2709,.T.);
#2709 = LINE('',#2710,#2711);
#2710 = CARTESIAN_POINT('',(-1.6,0.35,0.));
#2711 = VECTOR('',#2712,1.);
#2712 = DIRECTION('',(0.,1.,0.));
#2713 = PLANE('',#2714);
#2714 = AXIS2_PLACEMENT_3D('',#2715,#2716,#2717);
#2715 = CARTESIAN_POINT('',(-1.6,0.35,0.));
#2716 = DIRECTION('',(-1.,0.,0.));
#2717 = DIRECTION('',(0.,1.,0.));
#2718 = ADVANCED_FACE('',(#2719),#2739,.F.);
#2719 = FACE_BOUND('',#2720,.T.);
#2720 = EDGE_LOOP('',(#2721,#2729,#2730,#2731,#2732));
#2721 = ORIENTED_EDGE('',*,*,#2722,.T.);
#2722 = EDGE_CURVE('',#2723,#2387,#2725,.T.);
#2723 = VERTEX_POINT('',#2724);
#2724 = CARTESIAN_POINT('',(-1.4,1.25,0.));
#2725 = LINE('',#2726,#2727);
#2726 = CARTESIAN_POINT('',(-1.4,1.25,0.));
#2727 = VECTOR('',#2728,1.);
#2728 = DIRECTION('',(1.,0.,0.));
#2729 = ORIENTED_EDGE('',*,*,#2404,.T.);
#2730 = ORIENTED_EDGE('',*,*,#2372,.T.);
#2731 = ORIENTED_EDGE('',*,*,#2708,.T.);
#2732 = ORIENTED_EDGE('',*,*,#2733,.T.);
#2733 = EDGE_CURVE('',#2701,#2723,#2734,.T.);
#2734 = CIRCLE('',#2735,0.2);
#2735 = AXIS2_PLACEMENT_3D('',#2736,#2737,#2738);
#2736 = CARTESIAN_POINT('',(-1.6,1.25,0.));
#2737 = DIRECTION('',(0.,0.,1.));
#2738 = DIRECTION('',(1.,0.,0.));
#2739 = PLANE('',#2740);
#2740 = AXIS2_PLACEMENT_3D('',#2741,#2742,#2743);
#2741 = CARTESIAN_POINT('',(-1.082928394681,0.784133288216,0.));
#2742 = DIRECTION('',(0.,0.,1.));
#2743 = DIRECTION('',(1.,0.,0.));
#2744 = ADVANCED_FACE('',(#2745),#2756,.T.);
#2745 = FACE_BOUND('',#2746,.T.);
#2746 = EDGE_LOOP('',(#2747,#2753,#2754,#2755));
#2747 = ORIENTED_EDGE('',*,*,#2748,.T.);
#2748 = EDGE_CURVE('',#2723,#2617,#2749,.T.);
#2749 = LINE('',#2750,#2751);
#2750 = CARTESIAN_POINT('',(-1.4,1.25,0.));
#2751 = VECTOR('',#2752,1.);
#2752 = DIRECTION('',(0.,0.,1.));
#2753 = ORIENTED_EDGE('',*,*,#2616,.T.);
#2754 = ORIENTED_EDGE('',*,*,#2386,.F.);
#2755 = ORIENTED_EDGE('',*,*,#2722,.F.);
#2756 = PLANE('',#2757);
#2757 = AXIS2_PLACEMENT_3D('',#2758,#2759,#2760);
#2758 = CARTESIAN_POINT('',(-1.4,1.25,0.));
#2759 = DIRECTION('',(0.,1.,0.));
#2760 = DIRECTION('',(1.,0.,0.));
#2761 = ADVANCED_FACE('',(#2762),#2780,.T.);
#2762 = FACE_BOUND('',#2763,.F.);
#2763 = EDGE_LOOP('',(#2764,#2765,#2766,#2774));
#2764 = ORIENTED_EDGE('',*,*,#2427,.T.);
#2765 = ORIENTED_EDGE('',*,*,#2514,.T.);
#2766 = ORIENTED_EDGE('',*,*,#2767,.F.);
#2767 = EDGE_CURVE('',#2768,#2483,#2770,.T.);
#2768 = VERTEX_POINT('',#2769);
#2769 = CARTESIAN_POINT('',(-0.61,-0.36,1.E-02));
#2770 = LINE('',#2771,#2772);
#2771 = CARTESIAN_POINT('',(-0.61,-0.36,1.E-02));
#2772 = VECTOR('',#2773,1.);
#2773 = DIRECTION('',(0.,0.,1.));
#2774 = ORIENTED_EDGE('',*,*,#2775,.F.);
#2775 = EDGE_CURVE('',#2428,#2768,#2776,.T.);
#2776 = LINE('',#2777,#2778);
#2777 = CARTESIAN_POINT('',(-0.61,-0.35,1.E-02));
#2778 = VECTOR('',#2779,1.);
#2779 = DIRECTION('',(-0.,-1.,-0.));
#2780 = PLANE('',#2781);
#2781 = AXIS2_PLACEMENT_3D('',#2782,#2783,#2784);
#2782 = CARTESIAN_POINT('',(-0.61,-0.35,1.E-02));
#2783 = DIRECTION('',(-1.,-0.,-0.));
#2784 = DIRECTION('',(0.,1.,0.));
#2785 = ADVANCED_FACE('',(#2786),#2819,.T.);
#2786 = FACE_BOUND('',#2787,.F.);
#2787 = EDGE_LOOP('',(#2788,#2796,#2797,#2805,#2813));
#2788 = ORIENTED_EDGE('',*,*,#2789,.T.);
#2789 = EDGE_CURVE('',#2790,#2419,#2792,.T.);
#2790 = VERTEX_POINT('',#2791);
#2791 = CARTESIAN_POINT('',(-0.6,-0.35,0.));
#2792 = LINE('',#2793,#2794);
#2793 = CARTESIAN_POINT('',(-0.6,-0.35,0.));
#2794 = VECTOR('',#2795,1.);
#2795 = DIRECTION('',(0.,0.,1.));
#2796 = ORIENTED_EDGE('',*,*,#2435,.T.);
#2797 = ORIENTED_EDGE('',*,*,#2798,.T.);
#2798 = EDGE_CURVE('',#2428,#2799,#2801,.T.);
#2799 = VERTEX_POINT('',#2800);
#2800 = CARTESIAN_POINT('',(-1.6,-0.35,1.E-02));
#2801 = LINE('',#2802,#2803);
#2802 = CARTESIAN_POINT('',(-0.6,-0.35,1.E-02));
#2803 = VECTOR('',#2804,1.);
#2804 = DIRECTION('',(-1.,-0.,-0.));
#2805 = ORIENTED_EDGE('',*,*,#2806,.F.);
#2806 = EDGE_CURVE('',#2807,#2799,#2809,.T.);
#2807 = VERTEX_POINT('',#2808);
#2808 = CARTESIAN_POINT('',(-1.6,-0.35,0.));
#2809 = LINE('',#2810,#2811);
#2810 = CARTESIAN_POINT('',(-1.6,-0.35,0.));
#2811 = VECTOR('',#2812,1.);
#2812 = DIRECTION('',(0.,0.,1.));
#2813 = ORIENTED_EDGE('',*,*,#2814,.F.);
#2814 = EDGE_CURVE('',#2790,#2807,#2815,.T.);
#2815 = LINE('',#2816,#2817);
#2816 = CARTESIAN_POINT('',(-0.6,-0.35,0.));
#2817 = VECTOR('',#2818,1.);
#2818 = DIRECTION('',(-1.,-0.,-0.));
#2819 = PLANE('',#2820);
#2820 = AXIS2_PLACEMENT_3D('',#2821,#2822,#2823);
#2821 = CARTESIAN_POINT('',(-0.6,-0.35,0.));
#2822 = DIRECTION('',(0.,1.,0.));
#2823 = DIRECTION('',(1.,0.,0.));
#2824 = ADVANCED_FACE('',(#2825),#2836,.T.);
#2825 = FACE_BOUND('',#2826,.F.);
#2826 = EDGE_LOOP('',(#2827,#2828,#2829,#2830));
#2827 = ORIENTED_EDGE('',*,*,#2767,.T.);
#2828 = ORIENTED_EDGE('',*,*,#2490,.T.);
#2829 = ORIENTED_EDGE('',*,*,#2449,.F.);
#2830 = ORIENTED_EDGE('',*,*,#2831,.F.);
#2831 = EDGE_CURVE('',#2768,#2450,#2832,.T.);
#2832 = LINE('',#2833,#2834);
#2833 = CARTESIAN_POINT('',(-0.61,-0.36,1.E-02));
#2834 = VECTOR('',#2835,1.);
#2835 = DIRECTION('',(1.,0.,0.));
#2836 = PLANE('',#2837);
#2837 = AXIS2_PLACEMENT_3D('',#2838,#2839,#2840);
#2838 = CARTESIAN_POINT('',(-0.61,-0.36,1.E-02));
#2839 = DIRECTION('',(-0.,-1.,-0.));
#2840 = DIRECTION('',(-1.,-0.,-0.));
#2841 = ADVANCED_FACE('',(#2842),#2868,.T.);
#2842 = FACE_BOUND('',#2843,.F.);
#2843 = EDGE_LOOP('',(#2844,#2854,#2860,#2861,#2862));
#2844 = ORIENTED_EDGE('',*,*,#2845,.T.);
#2845 = EDGE_CURVE('',#2846,#2848,#2850,.T.);
#2846 = VERTEX_POINT('',#2847);
#2847 = CARTESIAN_POINT('',(-0.6,-1.25,0.));
#2848 = VERTEX_POINT('',#2849);
#2849 = CARTESIAN_POINT('',(-0.6,-1.25,1.E-02));
#2850 = LINE('',#2851,#2852);
#2851 = CARTESIAN_POINT('',(-0.6,-1.25,0.));
#2852 = VECTOR('',#2853,1.);
#2853 = DIRECTION('',(0.,0.,1.));
#2854 = ORIENTED_EDGE('',*,*,#2855,.T.);
#2855 = EDGE_CURVE('',#2848,#2450,#2856,.T.);
#2856 = LINE('',#2857,#2858);
#2857 = CARTESIAN_POINT('',(-0.6,-1.25,1.E-02));
#2858 = VECTOR('',#2859,1.);
#2859 = DIRECTION('',(0.,1.,0.));
#2860 = ORIENTED_EDGE('',*,*,#2459,.T.);
#2861 = ORIENTED_EDGE('',*,*,#2789,.F.);
#2862 = ORIENTED_EDGE('',*,*,#2863,.F.);
#2863 = EDGE_CURVE('',#2846,#2790,#2864,.T.);
#2864 = LINE('',#2865,#2866);
#2865 = CARTESIAN_POINT('',(-0.6,-1.25,0.));
#2866 = VECTOR('',#2867,1.);
#2867 = DIRECTION('',(0.,1.,0.));
#2868 = PLANE('',#2869);
#2869 = AXIS2_PLACEMENT_3D('',#2870,#2871,#2872);
#2870 = CARTESIAN_POINT('',(-0.6,-1.25,0.));
#2871 = DIRECTION('',(1.,0.,0.));
#2872 = DIRECTION('',(-0.,-1.,-0.));
#2873 = ADVANCED_FACE('',(#2874),#2892,.T.);
#2874 = FACE_BOUND('',#2875,.T.);
#2875 = EDGE_LOOP('',(#2876,#2877,#2878,#2886));
#2876 = ORIENTED_EDGE('',*,*,#2545,.T.);
#2877 = ORIENTED_EDGE('',*,*,#2680,.T.);
#2878 = ORIENTED_EDGE('',*,*,#2879,.F.);
#2879 = EDGE_CURVE('',#2880,#2672,#2882,.T.);
#2880 = VERTEX_POINT('',#2881);
#2881 = CARTESIAN_POINT('',(1.6,-1.05,0.));
#2882 = LINE('',#2883,#2884);
#2883 = CARTESIAN_POINT('',(1.6,-1.05,0.));
#2884 = VECTOR('',#2885,1.);
#2885 = DIRECTION('',(0.,0.,1.));
#2886 = ORIENTED_EDGE('',*,*,#2887,.F.);
#2887 = EDGE_CURVE('',#2546,#2880,#2888,.T.);
#2888 = LINE('',#2889,#2890);
#2889 = CARTESIAN_POINT('',(1.6,-0.35,0.));
#2890 = VECTOR('',#2891,1.);
#2891 = DIRECTION('',(0.,-1.,0.));
#2892 = PLANE('',#2893);
#2893 = AXIS2_PLACEMENT_3D('',#2894,#2895,#2896);
#2894 = CARTESIAN_POINT('',(1.6,-0.35,0.));
#2895 = DIRECTION('',(1.,0.,0.));
#2896 = DIRECTION('',(0.,-1.,0.));
#2897 = ADVANCED_FACE('',(#2898),#2918,.F.);
#2898 = FACE_BOUND('',#2899,.T.);
#2899 = EDGE_LOOP('',(#2900,#2908,#2909,#2910,#2911));
#2900 = ORIENTED_EDGE('',*,*,#2901,.T.);
#2901 = EDGE_CURVE('',#2902,#2585,#2904,.T.);
#2902 = VERTEX_POINT('',#2903);
#2903 = CARTESIAN_POINT('',(1.4,-1.25,0.));
#2904 = LINE('',#2905,#2906);
#2905 = CARTESIAN_POINT('',(1.4,-1.25,0.));
#2906 = VECTOR('',#2907,1.);
#2907 = DIRECTION('',(-1.,0.,0.));
#2908 = ORIENTED_EDGE('',*,*,#2602,.T.);
#2909 = ORIENTED_EDGE('',*,*,#2553,.T.);
#2910 = ORIENTED_EDGE('',*,*,#2887,.T.);
#2911 = ORIENTED_EDGE('',*,*,#2912,.T.);
#2912 = EDGE_CURVE('',#2880,#2902,#2913,.T.);
#2913 = CIRCLE('',#2914,0.2);
#2914 = AXIS2_PLACEMENT_3D('',#2915,#2916,#2917);
#2915 = CARTESIAN_POINT('',(1.6,-1.25,0.));
#2916 = DIRECTION('',(0.,0.,1.));
#2917 = DIRECTION('',(-1.,0.,0.));
#2918 = PLANE('',#2919);
#2919 = AXIS2_PLACEMENT_3D('',#2920,#2921,#2922);
#2920 = CARTESIAN_POINT('',(1.082928394681,-0.784133288216,0.));
#2921 = DIRECTION('',(0.,0.,1.));
#2922 = DIRECTION('',(-1.,0.,0.));
#2923 = ADVANCED_FACE('',(#2924),#2935,.T.);
#2924 = FACE_BOUND('',#2925,.T.);
#2925 = EDGE_LOOP('',(#2926,#2932,#2933,#2934));
#2926 = ORIENTED_EDGE('',*,*,#2927,.T.);
#2927 = EDGE_CURVE('',#2902,#2664,#2928,.T.);
#2928 = LINE('',#2929,#2930);
#2929 = CARTESIAN_POINT('',(1.4,-1.25,0.));
#2930 = VECTOR('',#2931,1.);
#2931 = DIRECTION('',(0.,0.,1.));
#2932 = ORIENTED_EDGE('',*,*,#2663,.T.);
#2933 = ORIENTED_EDGE('',*,*,#2584,.F.);
#2934 = ORIENTED_EDGE('',*,*,#2901,.F.);
#2935 = PLANE('',#2936);
#2936 = AXIS2_PLACEMENT_3D('',#2937,#2938,#2939);
#2937 = CARTESIAN_POINT('',(1.4,-1.25,0.));
#2938 = DIRECTION('',(0.,-1.,0.));
#2939 = DIRECTION('',(-1.,0.,0.));
#2940 = ADVANCED_FACE('',(#2941),#2967,.T.);
#2941 = FACE_BOUND('',#2942,.F.);
#2942 = EDGE_LOOP('',(#2943,#2944,#2952,#2961));
#2943 = ORIENTED_EDGE('',*,*,#2624,.F.);
#2944 = ORIENTED_EDGE('',*,*,#2945,.T.);
#2945 = EDGE_CURVE('',#2625,#2946,#2948,.T.);
#2946 = VERTEX_POINT('',#2947);
#2947 = CARTESIAN_POINT('',(-1.6,1.05,0.3));
#2948 = LINE('',#2949,#2950);
#2949 = CARTESIAN_POINT('',(-1.6,1.05,0.));
#2950 = VECTOR('',#2951,1.);
#2951 = DIRECTION('',(0.,0.,1.));
#2952 = ORIENTED_EDGE('',*,*,#2953,.T.);
#2953 = EDGE_CURVE('',#2946,#2954,#2956,.T.);
#2954 = VERTEX_POINT('',#2955);
#2955 = CARTESIAN_POINT('',(-1.4,1.25,0.3));
#2956 = CIRCLE('',#2957,0.2);
#2957 = AXIS2_PLACEMENT_3D('',#2958,#2959,#2960);
#2958 = CARTESIAN_POINT('',(-1.6,1.25,0.3));
#2959 = DIRECTION('',(0.,0.,1.));
#2960 = DIRECTION('',(1.,0.,0.));
#2961 = ORIENTED_EDGE('',*,*,#2962,.F.);
#2962 = EDGE_CURVE('',#2617,#2954,#2963,.T.);
#2963 = LINE('',#2964,#2965);
#2964 = CARTESIAN_POINT('',(-1.4,1.25,0.));
#2965 = VECTOR('',#2966,1.);
#2966 = DIRECTION('',(0.,0.,1.));
#2967 = CYLINDRICAL_SURFACE('',#2968,0.2);
#2968 = AXIS2_PLACEMENT_3D('',#2969,#2970,#2971);
#2969 = CARTESIAN_POINT('',(-1.6,1.25,0.));
#2970 = DIRECTION('',(-0.,-0.,-1.));
#2971 = DIRECTION('',(1.,0.,0.));
#2972 = ADVANCED_FACE('',(#2973),#2999,.T.);
#2973 = FACE_BOUND('',#2974,.F.);
#2974 = EDGE_LOOP('',(#2975,#2976,#2984,#2993));
#2975 = ORIENTED_EDGE('',*,*,#2671,.F.);
#2976 = ORIENTED_EDGE('',*,*,#2977,.T.);
#2977 = EDGE_CURVE('',#2672,#2978,#2980,.T.);
#2978 = VERTEX_POINT('',#2979);
#2979 = CARTESIAN_POINT('',(1.6,-1.05,0.3));
#2980 = LINE('',#2981,#2982);
#2981 = CARTESIAN_POINT('',(1.6,-1.05,0.));
#2982 = VECTOR('',#2983,1.);
#2983 = DIRECTION('',(0.,0.,1.));
#2984 = ORIENTED_EDGE('',*,*,#2985,.T.);
#2985 = EDGE_CURVE('',#2978,#2986,#2988,.T.);
#2986 = VERTEX_POINT('',#2987);
#2987 = CARTESIAN_POINT('',(1.4,-1.25,0.3));
#2988 = CIRCLE('',#2989,0.2);
#2989 = AXIS2_PLACEMENT_3D('',#2990,#2991,#2992);
#2990 = CARTESIAN_POINT('',(1.6,-1.25,0.3));
#2991 = DIRECTION('',(0.,0.,1.));
#2992 = DIRECTION('',(-1.,0.,0.));
#2993 = ORIENTED_EDGE('',*,*,#2994,.F.);
#2994 = EDGE_CURVE('',#2664,#2986,#2995,.T.);
#2995 = LINE('',#2996,#2997);
#2996 = CARTESIAN_POINT('',(1.4,-1.25,0.));
#2997 = VECTOR('',#2998,1.);
#2998 = DIRECTION('',(0.,0.,1.));
#2999 = CYLINDRICAL_SURFACE('',#3000,0.2);
#3000 = AXIS2_PLACEMENT_3D('',#3001,#3002,#3003);
#3001 = CARTESIAN_POINT('',(1.6,-1.25,0.));
#3002 = DIRECTION('',(0.,0.,-1.));
#3003 = DIRECTION('',(-1.,0.,0.));
#3004 = ADVANCED_FACE('',(#3005),#3031,.F.);
#3005 = FACE_BOUND('',#3006,.F.);
#3006 = EDGE_LOOP('',(#3007,#3017,#3023,#3024,#3025));
#3007 = ORIENTED_EDGE('',*,*,#3008,.T.);
#3008 = EDGE_CURVE('',#3009,#3011,#3013,.T.);
#3009 = VERTEX_POINT('',#3010);
#3010 = CARTESIAN_POINT('',(-1.6,1.06,0.));
#3011 = VERTEX_POINT('',#3012);
#3012 = CARTESIAN_POINT('',(-1.6,1.06,0.3));
#3013 = LINE('',#3014,#3015);
#3014 = CARTESIAN_POINT('',(-1.6,1.06,0.));
#3015 = VECTOR('',#3016,1.);
#3016 = DIRECTION('',(0.,0.,1.));
#3017 = ORIENTED_EDGE('',*,*,#3018,.T.);
#3018 = EDGE_CURVE('',#3011,#2946,#3019,.T.);
#3019 = LINE('',#3020,#3021);
#3020 = CARTESIAN_POINT('',(-1.6,1.06,0.3));
#3021 = VECTOR('',#3022,1.);
#3022 = DIRECTION('',(0.,-1.,0.));
#3023 = ORIENTED_EDGE('',*,*,#2945,.F.);
#3024 = ORIENTED_EDGE('',*,*,#2700,.F.);
#3025 = ORIENTED_EDGE('',*,*,#3026,.F.);
#3026 = EDGE_CURVE('',#3009,#2701,#3027,.T.);
#3027 = LINE('',#3028,#3029);
#3028 = CARTESIAN_POINT('',(-1.6,1.06,0.));
#3029 = VECTOR('',#3030,1.);
#3030 = DIRECTION('',(0.,-1.,0.));
#3031 = PLANE('',#3032);
#3032 = AXIS2_PLACEMENT_3D('',#3033,#3034,#3035);
#3033 = CARTESIAN_POINT('',(-1.6,1.06,0.));
#3034 = DIRECTION('',(1.,0.,0.));
#3035 = DIRECTION('',(0.,-1.,0.));
#3036 = ADVANCED_FACE('',(#3037),#3056,.F.);
#3037 = FACE_BOUND('',#3038,.T.);
#3038 = EDGE_LOOP('',(#3039,#3048,#3054,#3055));
#3039 = ORIENTED_EDGE('',*,*,#3040,.T.);
#3040 = EDGE_CURVE('',#3009,#3041,#3043,.T.);
#3041 = VERTEX_POINT('',#3042);
#3042 = CARTESIAN_POINT('',(-1.41,1.25,0.));
#3043 = CIRCLE('',#3044,0.19);
#3044 = AXIS2_PLACEMENT_3D('',#3045,#3046,#3047);
#3045 = CARTESIAN_POINT('',(-1.6,1.25,0.));
#3046 = DIRECTION('',(0.,0.,1.));
#3047 = DIRECTION('',(1.,0.,0.));
#3048 = ORIENTED_EDGE('',*,*,#3049,.T.);
#3049 = EDGE_CURVE('',#3041,#2723,#3050,.T.);
#3050 = LINE('',#3051,#3052);
#3051 = CARTESIAN_POINT('',(-1.41,1.25,0.));
#3052 = VECTOR('',#3053,1.);
#3053 = DIRECTION('',(1.,0.,0.));
#3054 = ORIENTED_EDGE('',*,*,#2733,.F.);
#3055 = ORIENTED_EDGE('',*,*,#3026,.F.);
#3056 = PLANE('',#3057);
#3057 = AXIS2_PLACEMENT_3D('',#3058,#3059,#3060);
#3058 = CARTESIAN_POINT('',(-1.479391711519,1.129391711519,0.));
#3059 = DIRECTION('',(0.,0.,1.));
#3060 = DIRECTION('',(1.,0.,0.));
#3061 = ADVANCED_FACE('',(#3062),#3081,.T.);
#3062 = FACE_BOUND('',#3063,.T.);
#3063 = EDGE_LOOP('',(#3064,#3072,#3078,#3079,#3080));
#3064 = ORIENTED_EDGE('',*,*,#3065,.T.);
#3065 = EDGE_CURVE('',#3041,#3066,#3068,.T.);
#3066 = VERTEX_POINT('',#3067);
#3067 = CARTESIAN_POINT('',(-1.41,1.25,0.3));
#3068 = LINE('',#3069,#3070);
#3069 = CARTESIAN_POINT('',(-1.41,1.25,0.));
#3070 = VECTOR('',#3071,1.);
#3071 = DIRECTION('',(0.,0.,1.));
#3072 = ORIENTED_EDGE('',*,*,#3073,.T.);
#3073 = EDGE_CURVE('',#3066,#2954,#3074,.T.);
#3074 = LINE('',#3075,#3076);
#3075 = CARTESIAN_POINT('',(-1.41,1.25,0.3));
#3076 = VECTOR('',#3077,1.);
#3077 = DIRECTION('',(1.,0.,0.));
#3078 = ORIENTED_EDGE('',*,*,#2962,.F.);
#3079 = ORIENTED_EDGE('',*,*,#2748,.F.);
#3080 = ORIENTED_EDGE('',*,*,#3049,.F.);
#3081 = PLANE('',#3082);
#3082 = AXIS2_PLACEMENT_3D('',#3083,#3084,#3085);
#3083 = CARTESIAN_POINT('',(-1.41,1.25,0.));
#3084 = DIRECTION('',(0.,1.,0.));
#3085 = DIRECTION('',(1.,0.,0.));
#3086 = ADVANCED_FACE('',(#3087),#3116,.T.);
#3087 = FACE_BOUND('',#3088,.F.);
#3088 = EDGE_LOOP('',(#3089,#3097,#3106,#3112,#3113,#3114,#3115));
#3089 = ORIENTED_EDGE('',*,*,#3090,.F.);
#3090 = EDGE_CURVE('',#3091,#2848,#3093,.T.);
#3091 = VERTEX_POINT('',#3092);
#3092 = CARTESIAN_POINT('',(-1.4,-1.25,1.E-02));
#3093 = LINE('',#3094,#3095);
#3094 = CARTESIAN_POINT('',(-1.4,-1.25,1.E-02));
#3095 = VECTOR('',#3096,1.);
#3096 = DIRECTION('',(1.,0.,0.));
#3097 = ORIENTED_EDGE('',*,*,#3098,.F.);
#3098 = EDGE_CURVE('',#3099,#3091,#3101,.T.);
#3099 = VERTEX_POINT('',#3100);
#3100 = CARTESIAN_POINT('',(-1.6,-1.05,1.E-02));
#3101 = CIRCLE('',#3102,0.2);
#3102 = AXIS2_PLACEMENT_3D('',#3103,#3104,#3105);
#3103 = CARTESIAN_POINT('',(-1.6,-1.25,1.E-02));
#3104 = DIRECTION('',(0.,0.,-1.));
#3105 = DIRECTION('',(1.,0.,0.));
#3106 = ORIENTED_EDGE('',*,*,#3107,.F.);
#3107 = EDGE_CURVE('',#2799,#3099,#3108,.T.);
#3108 = LINE('',#3109,#3110);
#3109 = CARTESIAN_POINT('',(-1.6,-0.35,1.E-02));
#3110 = VECTOR('',#3111,1.);
#3111 = DIRECTION('',(-0.,-1.,-0.));
#3112 = ORIENTED_EDGE('',*,*,#2798,.F.);
#3113 = ORIENTED_EDGE('',*,*,#2775,.T.);
#3114 = ORIENTED_EDGE('',*,*,#2831,.T.);
#3115 = ORIENTED_EDGE('',*,*,#2855,.F.);
#3116 = PLANE('',#3117);
#3117 = AXIS2_PLACEMENT_3D('',#3118,#3119,#3120);
#3118 = CARTESIAN_POINT('',(-1.082928394681,-0.784133288216,1.E-02));
#3119 = DIRECTION('',(0.,0.,1.));
#3120 = DIRECTION('',(-1.,-0.,-0.));
#3121 = ADVANCED_FACE('',(#3122),#3140,.T.);
#3122 = FACE_BOUND('',#3123,.F.);
#3123 = EDGE_LOOP('',(#3124,#3125,#3126,#3134));
#3124 = ORIENTED_EDGE('',*,*,#2806,.T.);
#3125 = ORIENTED_EDGE('',*,*,#3107,.T.);
#3126 = ORIENTED_EDGE('',*,*,#3127,.F.);
#3127 = EDGE_CURVE('',#3128,#3099,#3130,.T.);
#3128 = VERTEX_POINT('',#3129);
#3129 = CARTESIAN_POINT('',(-1.6,-1.05,0.));
#3130 = LINE('',#3131,#3132);
#3131 = CARTESIAN_POINT('',(-1.6,-1.05,0.));
#3132 = VECTOR('',#3133,1.);
#3133 = DIRECTION('',(0.,0.,1.));
#3134 = ORIENTED_EDGE('',*,*,#3135,.F.);
#3135 = EDGE_CURVE('',#2807,#3128,#3136,.T.);
#3136 = LINE('',#3137,#3138);
#3137 = CARTESIAN_POINT('',(-1.6,-0.35,0.));
#3138 = VECTOR('',#3139,1.);
#3139 = DIRECTION('',(-0.,-1.,-0.));
#3140 = PLANE('',#3141);
#3141 = AXIS2_PLACEMENT_3D('',#3142,#3143,#3144);
#3142 = CARTESIAN_POINT('',(-1.6,-0.35,0.));
#3143 = DIRECTION('',(-1.,-0.,-0.));
#3144 = DIRECTION('',(0.,1.,0.));
#3145 = ADVANCED_FACE('',(#3146),#3166,.F.);
#3146 = FACE_BOUND('',#3147,.F.);
#3147 = EDGE_LOOP('',(#3148,#3156,#3157,#3158,#3159));
#3148 = ORIENTED_EDGE('',*,*,#3149,.T.);
#3149 = EDGE_CURVE('',#3150,#2846,#3152,.T.);
#3150 = VERTEX_POINT('',#3151);
#3151 = CARTESIAN_POINT('',(-1.4,-1.25,0.));
#3152 = LINE('',#3153,#3154);
#3153 = CARTESIAN_POINT('',(-1.4,-1.25,0.));
#3154 = VECTOR('',#3155,1.);
#3155 = DIRECTION('',(1.,0.,0.));
#3156 = ORIENTED_EDGE('',*,*,#2863,.T.);
#3157 = ORIENTED_EDGE('',*,*,#2814,.T.);
#3158 = ORIENTED_EDGE('',*,*,#3135,.T.);
#3159 = ORIENTED_EDGE('',*,*,#3160,.T.);
#3160 = EDGE_CURVE('',#3128,#3150,#3161,.T.);
#3161 = CIRCLE('',#3162,0.2);
#3162 = AXIS2_PLACEMENT_3D('',#3163,#3164,#3165);
#3163 = CARTESIAN_POINT('',(-1.6,-1.25,0.));
#3164 = DIRECTION('',(0.,0.,-1.));
#3165 = DIRECTION('',(1.,0.,0.));
#3166 = PLANE('',#3167);
#3167 = AXIS2_PLACEMENT_3D('',#3168,#3169,#3170);
#3168 = CARTESIAN_POINT('',(-1.082928394681,-0.784133288216,0.));
#3169 = DIRECTION('',(0.,0.,1.));
#3170 = DIRECTION('',(-1.,-0.,-0.));
#3171 = ADVANCED_FACE('',(#3172),#3183,.T.);
#3172 = FACE_BOUND('',#3173,.F.);
#3173 = EDGE_LOOP('',(#3174,#3180,#3181,#3182));
#3174 = ORIENTED_EDGE('',*,*,#3175,.T.);
#3175 = EDGE_CURVE('',#3150,#3091,#3176,.T.);
#3176 = LINE('',#3177,#3178);
#3177 = CARTESIAN_POINT('',(-1.4,-1.25,0.));
#3178 = VECTOR('',#3179,1.);
#3179 = DIRECTION('',(0.,0.,1.));
#3180 = ORIENTED_EDGE('',*,*,#3090,.T.);
#3181 = ORIENTED_EDGE('',*,*,#2845,.F.);
#3182 = ORIENTED_EDGE('',*,*,#3149,.F.);
#3183 = PLANE('',#3184);
#3184 = AXIS2_PLACEMENT_3D('',#3185,#3186,#3187);
#3185 = CARTESIAN_POINT('',(-1.4,-1.25,0.));
#3186 = DIRECTION('',(-0.,-1.,-0.));
#3187 = DIRECTION('',(-1.,-0.,-0.));
#3188 = ADVANCED_FACE('',(#3189),#3215,.F.);
#3189 = FACE_BOUND('',#3190,.F.);
#3190 = EDGE_LOOP('',(#3191,#3201,#3207,#3208,#3209));
#3191 = ORIENTED_EDGE('',*,*,#3192,.T.);
#3192 = EDGE_CURVE('',#3193,#3195,#3197,.T.);
#3193 = VERTEX_POINT('',#3194);
#3194 = CARTESIAN_POINT('',(1.6,-1.06,0.));
#3195 = VERTEX_POINT('',#3196);
#3196 = CARTESIAN_POINT('',(1.6,-1.06,0.3));
#3197 = LINE('',#3198,#3199);
#3198 = CARTESIAN_POINT('',(1.6,-1.06,0.));
#3199 = VECTOR('',#3200,1.);
#3200 = DIRECTION('',(0.,0.,1.));
#3201 = ORIENTED_EDGE('',*,*,#3202,.T.);
#3202 = EDGE_CURVE('',#3195,#2978,#3203,.T.);
#3203 = LINE('',#3204,#3205);
#3204 = CARTESIAN_POINT('',(1.6,-1.06,0.3));
#3205 = VECTOR('',#3206,1.);
#3206 = DIRECTION('',(0.,1.,0.));
#3207 = ORIENTED_EDGE('',*,*,#2977,.F.);
#3208 = ORIENTED_EDGE('',*,*,#2879,.F.);
#3209 = ORIENTED_EDGE('',*,*,#3210,.F.);
#3210 = EDGE_CURVE('',#3193,#2880,#3211,.T.);
#3211 = LINE('',#3212,#3213);
#3212 = CARTESIAN_POINT('',(1.6,-1.06,0.));
#3213 = VECTOR('',#3214,1.);
#3214 = DIRECTION('',(0.,1.,0.));
#3215 = PLANE('',#3216);
#3216 = AXIS2_PLACEMENT_3D('',#3217,#3218,#3219);
#3217 = CARTESIAN_POINT('',(1.6,-1.06,0.));
#3218 = DIRECTION('',(-1.,0.,0.));
#3219 = DIRECTION('',(0.,1.,0.));
#3220 = ADVANCED_FACE('',(#3221),#3240,.F.);
#3221 = FACE_BOUND('',#3222,.T.);
#3222 = EDGE_LOOP('',(#3223,#3232,#3238,#3239));
#3223 = ORIENTED_EDGE('',*,*,#3224,.T.);
#3224 = EDGE_CURVE('',#3193,#3225,#3227,.T.);
#3225 = VERTEX_POINT('',#3226);
#3226 = CARTESIAN_POINT('',(1.41,-1.25,0.));
#3227 = CIRCLE('',#3228,0.19);
#3228 = AXIS2_PLACEMENT_3D('',#3229,#3230,#3231);
#3229 = CARTESIAN_POINT('',(1.6,-1.25,0.));
#3230 = DIRECTION('',(0.,0.,1.));
#3231 = DIRECTION('',(-1.,0.,0.));
#3232 = ORIENTED_EDGE('',*,*,#3233,.T.);
#3233 = EDGE_CURVE('',#3225,#2902,#3234,.T.);
#3234 = LINE('',#3235,#3236);
#3235 = CARTESIAN_POINT('',(1.41,-1.25,0.));
#3236 = VECTOR('',#3237,1.);
#3237 = DIRECTION('',(-1.,0.,0.));
#3238 = ORIENTED_EDGE('',*,*,#2912,.F.);
#3239 = ORIENTED_EDGE('',*,*,#3210,.F.);
#3240 = PLANE('',#3241);
#3241 = AXIS2_PLACEMENT_3D('',#3242,#3243,#3244);
#3242 = CARTESIAN_POINT('',(1.479391711519,-1.129391711519,0.));
#3243 = DIRECTION('',(0.,0.,1.));
#3244 = DIRECTION('',(-1.,0.,0.));
#3245 = ADVANCED_FACE('',(#3246),#3265,.T.);
#3246 = FACE_BOUND('',#3247,.T.);
#3247 = EDGE_LOOP('',(#3248,#3256,#3262,#3263,#3264));
#3248 = ORIENTED_EDGE('',*,*,#3249,.T.);
#3249 = EDGE_CURVE('',#3225,#3250,#3252,.T.);
#3250 = VERTEX_POINT('',#3251);
#3251 = CARTESIAN_POINT('',(1.41,-1.25,0.3));
#3252 = LINE('',#3253,#3254);
#3253 = CARTESIAN_POINT('',(1.41,-1.25,0.));
#3254 = VECTOR('',#3255,1.);
#3255 = DIRECTION('',(0.,0.,1.));
#3256 = ORIENTED_EDGE('',*,*,#3257,.T.);
#3257 = EDGE_CURVE('',#3250,#2986,#3258,.T.);
#3258 = LINE('',#3259,#3260);
#3259 = CARTESIAN_POINT('',(1.41,-1.25,0.3));
#3260 = VECTOR('',#3261,1.);
#3261 = DIRECTION('',(-1.,0.,0.));
#3262 = ORIENTED_EDGE('',*,*,#2994,.F.);
#3263 = ORIENTED_EDGE('',*,*,#2927,.F.);
#3264 = ORIENTED_EDGE('',*,*,#3233,.F.);
#3265 = PLANE('',#3266);
#3266 = AXIS2_PLACEMENT_3D('',#3267,#3268,#3269);
#3267 = CARTESIAN_POINT('',(1.41,-1.25,0.));
#3268 = DIRECTION('',(0.,-1.,0.));
#3269 = DIRECTION('',(-1.,0.,0.));
#3270 = ADVANCED_FACE('',(#3271),#3283,.T.);
#3271 = FACE_BOUND('',#3272,.F.);
#3272 = EDGE_LOOP('',(#3273,#3280,#3281,#3282));
#3273 = ORIENTED_EDGE('',*,*,#3274,.T.);
#3274 = EDGE_CURVE('',#3011,#3066,#3275,.T.);
#3275 = CIRCLE('',#3276,0.19);
#3276 = AXIS2_PLACEMENT_3D('',#3277,#3278,#3279);
#3277 = CARTESIAN_POINT('',(-1.6,1.25,0.3));
#3278 = DIRECTION('',(0.,0.,1.));
#3279 = DIRECTION('',(1.,0.,0.));
#3280 = ORIENTED_EDGE('',*,*,#3073,.T.);
#3281 = ORIENTED_EDGE('',*,*,#2953,.F.);
#3282 = ORIENTED_EDGE('',*,*,#3018,.F.);
#3283 = PLANE('',#3284);
#3284 = AXIS2_PLACEMENT_3D('',#3285,#3286,#3287);
#3285 = CARTESIAN_POINT('',(-1.479391711519,1.129391711519,0.3));
#3286 = DIRECTION('',(0.,0.,1.));
#3287 = DIRECTION('',(1.,0.,0.));
#3288 = ADVANCED_FACE('',(#3289),#3301,.T.);
#3289 = FACE_BOUND('',#3290,.F.);
#3290 = EDGE_LOOP('',(#3291,#3298,#3299,#3300));
#3291 = ORIENTED_EDGE('',*,*,#3292,.T.);
#3292 = EDGE_CURVE('',#3195,#3250,#3293,.T.);
#3293 = CIRCLE('',#3294,0.19);
#3294 = AXIS2_PLACEMENT_3D('',#3295,#3296,#3297);
#3295 = CARTESIAN_POINT('',(1.6,-1.25,0.3));
#3296 = DIRECTION('',(0.,0.,1.));
#3297 = DIRECTION('',(-1.,0.,0.));
#3298 = ORIENTED_EDGE('',*,*,#3257,.T.);
#3299 = ORIENTED_EDGE('',*,*,#2985,.F.);
#3300 = ORIENTED_EDGE('',*,*,#3202,.F.);
#3301 = PLANE('',#3302);
#3302 = AXIS2_PLACEMENT_3D('',#3303,#3304,#3305);
#3303 = CARTESIAN_POINT('',(1.479391711519,-1.129391711519,0.3));
#3304 = DIRECTION('',(0.,0.,1.));
#3305 = DIRECTION('',(-1.,0.,0.));
#3306 = ADVANCED_FACE('',(#3307),#3313,.F.);
#3307 = FACE_BOUND('',#3308,.T.);
#3308 = EDGE_LOOP('',(#3309,#3310,#3311,#3312));
#3309 = ORIENTED_EDGE('',*,*,#3008,.T.);
#3310 = ORIENTED_EDGE('',*,*,#3274,.T.);
#3311 = ORIENTED_EDGE('',*,*,#3065,.F.);
#3312 = ORIENTED_EDGE('',*,*,#3040,.F.);
#3313 = CYLINDRICAL_SURFACE('',#3314,0.19);
#3314 = AXIS2_PLACEMENT_3D('',#3315,#3316,#3317);
#3315 = CARTESIAN_POINT('',(-1.6,1.25,0.));
#3316 = DIRECTION('',(-0.,-0.,-1.));
#3317 = DIRECTION('',(1.,0.,0.));
#3318 = ADVANCED_FACE('',(#3319),#3345,.T.);
#3319 = FACE_BOUND('',#3320,.T.);
#3320 = EDGE_LOOP('',(#3321,#3322,#3330,#3339));
#3321 = ORIENTED_EDGE('',*,*,#3098,.F.);
#3322 = ORIENTED_EDGE('',*,*,#3323,.T.);
#3323 = EDGE_CURVE('',#3099,#3324,#3326,.T.);
#3324 = VERTEX_POINT('',#3325);
#3325 = CARTESIAN_POINT('',(-1.6,-1.05,0.3));
#3326 = LINE('',#3327,#3328);
#3327 = CARTESIAN_POINT('',(-1.6,-1.05,0.));
#3328 = VECTOR('',#3329,1.);
#3329 = DIRECTION('',(0.,0.,1.));
#3330 = ORIENTED_EDGE('',*,*,#3331,.T.);
#3331 = EDGE_CURVE('',#3324,#3332,#3334,.T.);
#3332 = VERTEX_POINT('',#3333);
#3333 = CARTESIAN_POINT('',(-1.4,-1.25,0.3));
#3334 = CIRCLE('',#3335,0.2);
#3335 = AXIS2_PLACEMENT_3D('',#3336,#3337,#3338);
#3336 = CARTESIAN_POINT('',(-1.6,-1.25,0.3));
#3337 = DIRECTION('',(0.,0.,-1.));
#3338 = DIRECTION('',(1.,0.,0.));
#3339 = ORIENTED_EDGE('',*,*,#3340,.F.);
#3340 = EDGE_CURVE('',#3091,#3332,#3341,.T.);
#3341 = LINE('',#3342,#3343);
#3342 = CARTESIAN_POINT('',(-1.4,-1.25,0.));
#3343 = VECTOR('',#3344,1.);
#3344 = DIRECTION('',(0.,0.,1.));
#3345 = CYLINDRICAL_SURFACE('',#3346,0.2);
#3346 = AXIS2_PLACEMENT_3D('',#3347,#3348,#3349);
#3347 = CARTESIAN_POINT('',(-1.6,-1.25,0.));
#3348 = DIRECTION('',(0.,0.,-1.));
#3349 = DIRECTION('',(1.,0.,0.));
#3350 = ADVANCED_FACE('',(#3351),#3377,.F.);
#3351 = FACE_BOUND('',#3352,.T.);
#3352 = EDGE_LOOP('',(#3353,#3363,#3369,#3370,#3371));
#3353 = ORIENTED_EDGE('',*,*,#3354,.T.);
#3354 = EDGE_CURVE('',#3355,#3357,#3359,.T.);
#3355 = VERTEX_POINT('',#3356);
#3356 = CARTESIAN_POINT('',(-1.6,-1.06,0.));
#3357 = VERTEX_POINT('',#3358);
#3358 = CARTESIAN_POINT('',(-1.6,-1.06,0.3));
#3359 = LINE('',#3360,#3361);
#3360 = CARTESIAN_POINT('',(-1.6,-1.06,0.));
#3361 = VECTOR('',#3362,1.);
#3362 = DIRECTION('',(0.,0.,1.));
#3363 = ORIENTED_EDGE('',*,*,#3364,.T.);
#3364 = EDGE_CURVE('',#3357,#3324,#3365,.T.);
#3365 = LINE('',#3366,#3367);
#3366 = CARTESIAN_POINT('',(-1.6,-1.06,0.3));
#3367 = VECTOR('',#3368,1.);
#3368 = DIRECTION('',(0.,1.,0.));
#3369 = ORIENTED_EDGE('',*,*,#3323,.F.);
#3370 = ORIENTED_EDGE('',*,*,#3127,.F.);
#3371 = ORIENTED_EDGE('',*,*,#3372,.F.);
#3372 = EDGE_CURVE('',#3355,#3128,#3373,.T.);
#3373 = LINE('',#3374,#3375);
#3374 = CARTESIAN_POINT('',(-1.6,-1.06,0.));
#3375 = VECTOR('',#3376,1.);
#3376 = DIRECTION('',(0.,1.,0.));
#3377 = PLANE('',#3378);
#3378 = AXIS2_PLACEMENT_3D('',#3379,#3380,#3381);
#3379 = CARTESIAN_POINT('',(-1.6,-1.06,0.));
#3380 = DIRECTION('',(1.,0.,0.));
#3381 = DIRECTION('',(-0.,-1.,-0.));
#3382 = ADVANCED_FACE('',(#3383),#3402,.F.);
#3383 = FACE_BOUND('',#3384,.F.);
#3384 = EDGE_LOOP('',(#3385,#3394,#3400,#3401));
#3385 = ORIENTED_EDGE('',*,*,#3386,.T.);
#3386 = EDGE_CURVE('',#3355,#3387,#3389,.T.);
#3387 = VERTEX_POINT('',#3388);
#3388 = CARTESIAN_POINT('',(-1.41,-1.25,0.));
#3389 = CIRCLE('',#3390,0.19);
#3390 = AXIS2_PLACEMENT_3D('',#3391,#3392,#3393);
#3391 = CARTESIAN_POINT('',(-1.6,-1.25,0.));
#3392 = DIRECTION('',(0.,0.,-1.));
#3393 = DIRECTION('',(1.,0.,0.));
#3394 = ORIENTED_EDGE('',*,*,#3395,.T.);
#3395 = EDGE_CURVE('',#3387,#3150,#3396,.T.);
#3396 = LINE('',#3397,#3398);
#3397 = CARTESIAN_POINT('',(-1.41,-1.25,0.));
#3398 = VECTOR('',#3399,1.);
#3399 = DIRECTION('',(1.,0.,0.));
#3400 = ORIENTED_EDGE('',*,*,#3160,.F.);
#3401 = ORIENTED_EDGE('',*,*,#3372,.F.);
#3402 = PLANE('',#3403);
#3403 = AXIS2_PLACEMENT_3D('',#3404,#3405,#3406);
#3404 = CARTESIAN_POINT('',(-1.479391711519,-1.129391711519,0.));
#3405 = DIRECTION('',(0.,0.,1.));
#3406 = DIRECTION('',(-1.,-0.,-0.));
#3407 = ADVANCED_FACE('',(#3408),#3427,.T.);
#3408 = FACE_BOUND('',#3409,.F.);
#3409 = EDGE_LOOP('',(#3410,#3418,#3424,#3425,#3426));
#3410 = ORIENTED_EDGE('',*,*,#3411,.T.);
#3411 = EDGE_CURVE('',#3387,#3412,#3414,.T.);
#3412 = VERTEX_POINT('',#3413);
#3413 = CARTESIAN_POINT('',(-1.41,-1.25,0.3));
#3414 = LINE('',#3415,#3416);
#3415 = CARTESIAN_POINT('',(-1.41,-1.25,0.));
#3416 = VECTOR('',#3417,1.);
#3417 = DIRECTION('',(0.,0.,1.));
#3418 = ORIENTED_EDGE('',*,*,#3419,.T.);
#3419 = EDGE_CURVE('',#3412,#3332,#3420,.T.);
#3420 = LINE('',#3421,#3422);
#3421 = CARTESIAN_POINT('',(-1.41,-1.25,0.3));
#3422 = VECTOR('',#3423,1.);
#3423 = DIRECTION('',(1.,0.,0.));
#3424 = ORIENTED_EDGE('',*,*,#3340,.F.);
#3425 = ORIENTED_EDGE('',*,*,#3175,.F.);
#3426 = ORIENTED_EDGE('',*,*,#3395,.F.);
#3427 = PLANE('',#3428);
#3428 = AXIS2_PLACEMENT_3D('',#3429,#3430,#3431);
#3429 = CARTESIAN_POINT('',(-1.41,-1.25,0.));
#3430 = DIRECTION('',(-0.,-1.,-0.));
#3431 = DIRECTION('',(-1.,-0.,-0.));
#3432 = ADVANCED_FACE('',(#3433),#3439,.F.);
#3433 = FACE_BOUND('',#3434,.T.);
#3434 = EDGE_LOOP('',(#3435,#3436,#3437,#3438));
#3435 = ORIENTED_EDGE('',*,*,#3192,.T.);
#3436 = ORIENTED_EDGE('',*,*,#3292,.T.);
#3437 = ORIENTED_EDGE('',*,*,#3249,.F.);
#3438 = ORIENTED_EDGE('',*,*,#3224,.F.);
#3439 = CYLINDRICAL_SURFACE('',#3440,0.19);
#3440 = AXIS2_PLACEMENT_3D('',#3441,#3442,#3443);
#3441 = CARTESIAN_POINT('',(1.6,-1.25,0.));
#3442 = DIRECTION('',(0.,0.,-1.));
#3443 = DIRECTION('',(-1.,0.,0.));
#3444 = ADVANCED_FACE('',(#3445),#3457,.T.);
#3445 = FACE_BOUND('',#3446,.T.);
#3446 = EDGE_LOOP('',(#3447,#3454,#3455,#3456));
#3447 = ORIENTED_EDGE('',*,*,#3448,.T.);
#3448 = EDGE_CURVE('',#3357,#3412,#3449,.T.);
#3449 = CIRCLE('',#3450,0.19);
#3450 = AXIS2_PLACEMENT_3D('',#3451,#3452,#3453);
#3451 = CARTESIAN_POINT('',(-1.6,-1.25,0.3));
#3452 = DIRECTION('',(0.,0.,-1.));
#3453 = DIRECTION('',(1.,0.,0.));
#3454 = ORIENTED_EDGE('',*,*,#3419,.T.);
#3455 = ORIENTED_EDGE('',*,*,#3331,.F.);
#3456 = ORIENTED_EDGE('',*,*,#3364,.F.);
#3457 = PLANE('',#3458);
#3458 = AXIS2_PLACEMENT_3D('',#3459,#3460,#3461);
#3459 = CARTESIAN_POINT('',(-1.479391711519,-1.129391711519,0.3));
#3460 = DIRECTION('',(0.,0.,1.));
#3461 = DIRECTION('',(-1.,-0.,-0.));
#3462 = ADVANCED_FACE('',(#3463),#3469,.F.);
#3463 = FACE_BOUND('',#3464,.F.);
#3464 = EDGE_LOOP('',(#3465,#3466,#3467,#3468));
#3465 = ORIENTED_EDGE('',*,*,#3354,.T.);
#3466 = ORIENTED_EDGE('',*,*,#3448,.T.);
#3467 = ORIENTED_EDGE('',*,*,#3411,.F.);
#3468 = ORIENTED_EDGE('',*,*,#3386,.F.);
#3469 = CYLINDRICAL_SURFACE('',#3470,0.19);
#3470 = AXIS2_PLACEMENT_3D('',#3471,#3472,#3473);
#3471 = CARTESIAN_POINT('',(-1.6,-1.25,0.));
#3472 = DIRECTION('',(0.,0.,-1.));
#3473 = DIRECTION('',(1.,0.,0.));
#3474 = ( GEOMETRIC_REPRESENTATION_CONTEXT(3) 
GLOBAL_UNCERTAINTY_ASSIGNED_CONTEXT((#3478)) 
GLOBAL_UNIT_ASSIGNED_CONTEXT((#3475,#3476,#3477)) REPRESENTATION_CONTEXT
('Context #1','3D Context with UNIT and UNCERTAINTY') );
#3475 = ( LENGTH_UNIT() NAMED_UNIT(*) SI_UNIT(.MILLI.,.METRE.) );
#3476 = ( NAMED_UNIT(*) PLANE_ANGLE_UNIT() SI_UNIT($,.RADIAN.) );
#3477 = ( NAMED_UNIT(*) SI_UNIT($,.STERADIAN.) SOLID_ANGLE_UNIT() );
#3478 = UNCERTAINTY_MEASURE_WITH_UNIT(LENGTH_MEASURE(1.E-07),#3475,
  'distance_accuracy_value','confusion accuracy');
#3479 = CONTEXT_DEPENDENT_SHAPE_REPRESENTATION(#3480,#3482);
#3480 = ( REPRESENTATION_RELATIONSHIP('','',#1311,#10) 
REPRESENTATION_RELATIONSHIP_WITH_TRANSFORMATION(#3481) 
SHAPE_REPRESENTATION_RELATIONSHIP() );
#3481 = ITEM_DEFINED_TRANSFORMATION('','',#11,#23);
#3482 = PRODUCT_DEFINITION_SHAPE('Placement','Placement of an item',
  #3483);
#3483 = NEXT_ASSEMBLY_USAGE_OCCURRENCE('15','Pads','',#5,#1306,$);
#3484 = PRODUCT_RELATED_PRODUCT_CATEGORY('part',$,(#1308));
#3485 = SHAPE_DEFINITION_REPRESENTATION(#3486,#3492);
#3486 = PRODUCT_DEFINITION_SHAPE('','',#3487);
#3487 = PRODUCT_DEFINITION('design','',#3488,#3491);
#3488 = PRODUCT_DEFINITION_FORMATION('','',#3489);
#3489 = PRODUCT('PinIndicator','PinIndicator','',(#3490));
#3490 = PRODUCT_CONTEXT('',#2,'mechanical');
#3491 = PRODUCT_DEFINITION_CONTEXT('part definition',#2,'design');
#3492 = ADVANCED_BREP_SHAPE_REPRESENTATION('',(#11,#3493),#3546);
#3493 = MANIFOLD_SOLID_BREP('',#3494);
#3494 = CLOSED_SHELL('',(#3495,#3528,#3537));
#3495 = ADVANCED_FACE('',(#3496),#3523,.T.);
#3496 = FACE_BOUND('',#3497,.F.);
#3497 = EDGE_LOOP('',(#3498,#3508,#3515,#3516));
#3498 = ORIENTED_EDGE('',*,*,#3499,.T.);
#3499 = EDGE_CURVE('',#3500,#3502,#3504,.T.);
#3500 = VERTEX_POINT('',#3501);
#3501 = CARTESIAN_POINT('',(-0.95,-0.7,0.785));
#3502 = VERTEX_POINT('',#3503);
#3503 = CARTESIAN_POINT('',(-0.95,-0.7,0.795));
#3504 = LINE('',#3505,#3506);
#3505 = CARTESIAN_POINT('',(-0.95,-0.7,0.785));
#3506 = VECTOR('',#3507,1.);
#3507 = DIRECTION('',(0.,0.,1.));
#3508 = ORIENTED_EDGE('',*,*,#3509,.T.);
#3509 = EDGE_CURVE('',#3502,#3502,#3510,.T.);
#3510 = CIRCLE('',#3511,0.1);
#3511 = AXIS2_PLACEMENT_3D('',#3512,#3513,#3514);
#3512 = CARTESIAN_POINT('',(-1.05,-0.7,0.795));
#3513 = DIRECTION('',(0.,0.,1.));
#3514 = DIRECTION('',(1.,0.,0.));
#3515 = ORIENTED_EDGE('',*,*,#3499,.F.);
#3516 = ORIENTED_EDGE('',*,*,#3517,.F.);
#3517 = EDGE_CURVE('',#3500,#3500,#3518,.T.);
#3518 = CIRCLE('',#3519,0.1);
#3519 = AXIS2_PLACEMENT_3D('',#3520,#3521,#3522);
#3520 = CARTESIAN_POINT('',(-1.05,-0.7,0.785));
#3521 = DIRECTION('',(0.,0.,1.));
#3522 = DIRECTION('',(1.,0.,0.));
#3523 = CYLINDRICAL_SURFACE('',#3524,0.1);
#3524 = AXIS2_PLACEMENT_3D('',#3525,#3526,#3527);
#3525 = CARTESIAN_POINT('',(-1.05,-0.7,0.785));
#3526 = DIRECTION('',(-0.,-0.,-1.));
#3527 = DIRECTION('',(1.,0.,0.));
#3528 = ADVANCED_FACE('',(#3529),#3532,.F.);
#3529 = FACE_BOUND('',#3530,.F.);
#3530 = EDGE_LOOP('',(#3531));
#3531 = ORIENTED_EDGE('',*,*,#3517,.T.);
#3532 = PLANE('',#3533);
#3533 = AXIS2_PLACEMENT_3D('',#3534,#3535,#3536);
#3534 = CARTESIAN_POINT('',(-1.05,-0.7,0.785));
#3535 = DIRECTION('',(0.,0.,1.));
#3536 = DIRECTION('',(1.,0.,0.));
#3537 = ADVANCED_FACE('',(#3538),#3541,.T.);
#3538 = FACE_BOUND('',#3539,.T.);
#3539 = EDGE_LOOP('',(#3540));
#3540 = ORIENTED_EDGE('',*,*,#3509,.T.);
#3541 = PLANE('',#3542);
#3542 = AXIS2_PLACEMENT_3D('',#3543,#3544,#3545);
#3543 = CARTESIAN_POINT('',(-1.05,-0.7,0.795));
#3544 = DIRECTION('',(0.,0.,1.));
#3545 = DIRECTION('',(1.,0.,0.));
#3546 = ( GEOMETRIC_REPRESENTATION_CONTEXT(3) 
GLOBAL_UNCERTAINTY_ASSIGNED_CONTEXT((#3550)) 
GLOBAL_UNIT_ASSIGNED_CONTEXT((#3547,#3548,#3549)) REPRESENTATION_CONTEXT
('Context #1','3D Context with UNIT and UNCERTAINTY') );
#3547 = ( LENGTH_UNIT() NAMED_UNIT(*) SI_UNIT(.MILLI.,.METRE.) );
#3548 = ( NAMED_UNIT(*) PLANE_ANGLE_UNIT() SI_UNIT($,.RADIAN.) );
#3549 = ( NAMED_UNIT(*) SI_UNIT($,.STERADIAN.) SOLID_ANGLE_UNIT() );
#3550 = UNCERTAINTY_MEASURE_WITH_UNIT(LENGTH_MEASURE(1.E-07),#3547,
  'distance_accuracy_value','confusion accuracy');
#3551 = CONTEXT_DEPENDENT_SHAPE_REPRESENTATION(#3552,#3554);
#3552 = ( REPRESENTATION_RELATIONSHIP('','',#3492,#10) 
REPRESENTATION_RELATIONSHIP_WITH_TRANSFORMATION(#3553) 
SHAPE_REPRESENTATION_RELATIONSHIP() );
#3553 = ITEM_DEFINED_TRANSFORMATION('','',#11,#27);
#3554 = PRODUCT_DEFINITION_SHAPE('Placement','Placement of an item',
  #3555);
#3555 = NEXT_ASSEMBLY_USAGE_OCCURRENCE('16','PinIndicator','',#5,#3487,$
  );
#3556 = PRODUCT_RELATED_PRODUCT_CATEGORY('part',$,(#3489));
#3557 = MECHANICAL_DESIGN_GEOMETRIC_PRESENTATION_REPRESENTATION('',(
    #3558),#3474);
#3558 = STYLED_ITEM('color',(#3559),#1312);
#3559 = PRESENTATION_STYLE_ASSIGNMENT((#3560,#3566));
#3560 = SURFACE_STYLE_USAGE(.BOTH.,#3561);
#3561 = SURFACE_SIDE_STYLE('',(#3562));
#3562 = SURFACE_STYLE_FILL_AREA(#3563);
#3563 = FILL_AREA_STYLE('',(#3564));
#3564 = FILL_AREA_STYLE_COLOUR('',#3565);
#3565 = COLOUR_RGB('',1.,0.921568637116,0.529411796197);
#3566 = CURVE_STYLE('',#3567,POSITIVE_LENGTH_MEASURE(0.1),#3568);
#3567 = DRAUGHTING_PRE_DEFINED_CURVE_FONT('continuous');
#3568 = COLOUR_RGB('',9.803921802644E-02,9.803921802644E-02,
  9.803921802644E-02);
#3569 = MECHANICAL_DESIGN_GEOMETRIC_PRESENTATION_REPRESENTATION('',(
    #3570),#335);
#3570 = STYLED_ITEM('color',(#3571),#45);
#3571 = PRESENTATION_STYLE_ASSIGNMENT((#3572,#3578));
#3572 = SURFACE_STYLE_USAGE(.BOTH.,#3573);
#3573 = SURFACE_SIDE_STYLE('',(#3574));
#3574 = SURFACE_STYLE_FILL_AREA(#3575);
#3575 = FILL_AREA_STYLE('',(#3576));
#3576 = FILL_AREA_STYLE_COLOUR('',#3577);
#3577 = COLOUR_RGB('',0.199999998682,0.199999998682,0.199999998682);
#3578 = CURVE_STYLE('',#3579,POSITIVE_LENGTH_MEASURE(0.1),#3568);
#3579 = DRAUGHTING_PRE_DEFINED_CURVE_FONT('continuous');
#3580 = MECHANICAL_DESIGN_GEOMETRIC_PRESENTATION_REPRESENTATION('',(
    #3581),#3546);
#3581 = STYLED_ITEM('color',(#3582),#3493);
#3582 = PRESENTATION_STYLE_ASSIGNMENT((#3583,#3589));
#3583 = SURFACE_STYLE_USAGE(.BOTH.,#3584);
#3584 = SURFACE_SIDE_STYLE('',(#3585));
#3585 = SURFACE_STYLE_FILL_AREA(#3586);
#3586 = FILL_AREA_STYLE('',(#3587));
#3587 = FILL_AREA_STYLE_COLOUR('',#3588);
#3588 = COLOUR_RGB('',0.466666661095,0.466666661095,0.466666661095);
#3589 = CURVE_STYLE('',#3590,POSITIVE_LENGTH_MEASURE(0.1),#3568);
#3590 = DRAUGHTING_PRE_DEFINED_CURVE_FONT('continuous');
#3591 = MECHANICAL_DESIGN_GEOMETRIC_PRESENTATION_REPRESENTATION('',(
    #3592),#1293);
#3592 = STYLED_ITEM('color',(#3593),#354);
#3593 = PRESENTATION_STYLE_ASSIGNMENT((#3594,#3600));
#3594 = SURFACE_STYLE_USAGE(.BOTH.,#3595);
#3595 = SURFACE_SIDE_STYLE('',(#3596));
#3596 = SURFACE_STYLE_FILL_AREA(#3597);
#3597 = FILL_AREA_STYLE('',(#3598));
#3598 = FILL_AREA_STYLE_COLOUR('',#3599);
#3599 = COLOUR_RGB('',0.933333342953,0.933333342953,0.933333342953);
#3600 = CURVE_STYLE('',#3601,POSITIVE_LENGTH_MEASURE(0.1),#3568);
#3601 = DRAUGHTING_PRE_DEFINED_CURVE_FONT('continuous');
ENDSEC;
END-ISO-10303-21;
