ISO-10303-21;
HEADER;
FILE_DESCRIPTION(('FreeCAD Model'),'2;1');
FILE_NAME('Open CASCADE Shape Model','2025-07-16T12:09:16',(''),(''),
  'Open CASCADE STEP processor 7.8','FreeCAD','Unknown');
FILE_SCHEMA(('AUTOMOTIVE_DESIGN { 1 0 10303 214 1 1 1 1 }'));
ENDSEC;
DATA;
#1 = APPLICATION_PROTOCOL_DEFINITION('international standard',
  'automotive_design',2000,#2);
#2 = APPLICATION_CONTEXT(
  'core data for automotive mechanical design processes');
#3 = SHAPE_DEFINITION_REPRESENTATION(#4,#10);
#4 = PRODUCT_DEFINITION_SHAPE('','',#5);
#5 = PRODUCT_DEFINITION('design','',#6,#9);
#6 = PRODUCT_DEFINITION_FORMATION('','',#7);
#7 = PRODUCT('jst_sm03b-srss-tb','jst_sm03b-srss-tb','',(#8));
#8 = PRODUCT_CONTEXT('',#2,'mechanical');
#9 = PRODUCT_DEFINITION_CONTEXT('part definition',#2,'design');
#10 = SHAPE_REPRESENTATION('',(#11,#15,#19),#23);
#11 = AXIS2_PLACEMENT_3D('',#12,#13,#14);
#12 = CARTESIAN_POINT('',(0.,0.,0.));
#13 = DIRECTION('',(0.,0.,1.));
#14 = DIRECTION('',(1.,0.,-0.));
#15 = AXIS2_PLACEMENT_3D('',#16,#17,#18);
#16 = CARTESIAN_POINT('',(0.,0.,0.));
#17 = DIRECTION('',(0.,0.,1.));
#18 = DIRECTION('',(1.,0.,0.));
#19 = AXIS2_PLACEMENT_3D('',#20,#21,#22);
#20 = CARTESIAN_POINT('',(0.,0.,0.));
#21 = DIRECTION('',(0.,0.,1.));
#22 = DIRECTION('',(1.,0.,0.));
#23 = ( GEOMETRIC_REPRESENTATION_CONTEXT(3) 
GLOBAL_UNCERTAINTY_ASSIGNED_CONTEXT((#27)) GLOBAL_UNIT_ASSIGNED_CONTEXT(
(#24,#25,#26)) REPRESENTATION_CONTEXT('Context #1',
  '3D Context with UNIT and UNCERTAINTY') );
#24 = ( LENGTH_UNIT() NAMED_UNIT(*) SI_UNIT(.MILLI.,.METRE.) );
#25 = ( NAMED_UNIT(*) PLANE_ANGLE_UNIT() SI_UNIT($,.RADIAN.) );
#26 = ( NAMED_UNIT(*) SI_UNIT($,.STERADIAN.) SOLID_ANGLE_UNIT() );
#27 = UNCERTAINTY_MEASURE_WITH_UNIT(LENGTH_MEASURE(1.E-06),#24,
  'distance_accuracy_value','confusion accuracy');
#28 = PRODUCT_RELATED_PRODUCT_CATEGORY('part',$,(#7));
#29 = SHAPE_DEFINITION_REPRESENTATION(#30,#36);
#30 = PRODUCT_DEFINITION_SHAPE('','',#31);
#31 = PRODUCT_DEFINITION('design','',#32,#35);
#32 = PRODUCT_DEFINITION_FORMATION('','',#33);
#33 = PRODUCT('Pins','Pins','',(#34));
#34 = PRODUCT_CONTEXT('',#2,'mechanical');
#35 = PRODUCT_DEFINITION_CONTEXT('part definition',#2,'design');
#36 = SHAPE_REPRESENTATION('',(#11,#37,#389,#741,#1093,#1408),#1723);
#37 = MANIFOLD_SOLID_BREP('',#38);
#38 = CLOSED_SHELL('',(#39,#81,#112,#143,#174,#205,#238,#269,#300,#331,
    #353,#371));
#39 = ADVANCED_FACE('',(#40),#76,.T.);
#40 = FACE_BOUND('',#41,.F.);
#41 = EDGE_LOOP('',(#42,#52,#61,#69));
#42 = ORIENTED_EDGE('',*,*,#43,.T.);
#43 = EDGE_CURVE('',#44,#46,#48,.T.);
#44 = VERTEX_POINT('',#45);
#45 = CARTESIAN_POINT('',(0.9,1.482705619352,2.15));
#46 = VERTEX_POINT('',#47);
#47 = CARTESIAN_POINT('',(1.1,1.482705619352,2.15));
#48 = LINE('',#49,#50);
#49 = CARTESIAN_POINT('',(0.9,1.482705619352,2.15));
#50 = VECTOR('',#51,1.);
#51 = DIRECTION('',(1.,-6.661338147751E-16,3.574525976783E-31));
#52 = ORIENTED_EDGE('',*,*,#53,.T.);
#53 = EDGE_CURVE('',#46,#54,#56,.T.);
#54 = VERTEX_POINT('',#55);
#55 = CARTESIAN_POINT('',(1.1,1.466646926305,1.785295859444));
#56 = CIRCLE('',#57,0.182705619352);
#57 = AXIS2_PLACEMENT_3D('',#58,#59,#60);
#58 = CARTESIAN_POINT('',(1.1,1.482705619352,1.967294380648));
#59 = DIRECTION('',(1.,4.440892098501E-16,1.110223024625E-15));
#60 = DIRECTION('',(-4.440892098501E-16,1.,-1.110223024625E-15));
#61 = ORIENTED_EDGE('',*,*,#62,.F.);
#62 = EDGE_CURVE('',#63,#54,#65,.T.);
#63 = VERTEX_POINT('',#64);
#64 = CARTESIAN_POINT('',(0.9,1.466646926305,1.785295859444));
#65 = LINE('',#66,#67);
#66 = CARTESIAN_POINT('',(0.9,1.466646926305,1.785295859444));
#67 = VECTOR('',#68,1.);
#68 = DIRECTION('',(1.,-6.661338147751E-16,3.574525976783E-31));
#69 = ORIENTED_EDGE('',*,*,#70,.F.);
#70 = EDGE_CURVE('',#44,#63,#71,.T.);
#71 = CIRCLE('',#72,0.182705619352);
#72 = AXIS2_PLACEMENT_3D('',#73,#74,#75);
#73 = CARTESIAN_POINT('',(0.9,1.482705619352,1.967294380648));
#74 = DIRECTION('',(1.,4.440892098501E-16,1.110223024625E-15));
#75 = DIRECTION('',(-4.440892098501E-16,1.,-1.110223024625E-15));
#76 = CYLINDRICAL_SURFACE('',#77,0.182705619352);
#77 = AXIS2_PLACEMENT_3D('',#78,#79,#80);
#78 = CARTESIAN_POINT('',(0.9,1.482705619352,1.967294380648));
#79 = DIRECTION('',(-1.,4.440892098501E-16,-2.22044604925E-16));
#80 = DIRECTION('',(-2.22044604925E-16,1.,-8.881784197001E-16));
#81 = ADVANCED_FACE('',(#82),#107,.F.);
#82 = FACE_BOUND('',#83,.F.);
#83 = EDGE_LOOP('',(#84,#85,#93,#101));
#84 = ORIENTED_EDGE('',*,*,#62,.T.);
#85 = ORIENTED_EDGE('',*,*,#86,.T.);
#86 = EDGE_CURVE('',#54,#87,#89,.T.);
#87 = VERTEX_POINT('',#88);
#88 = CARTESIAN_POINT('',(1.1,3.,1.65));
#89 = LINE('',#90,#91);
#90 = CARTESIAN_POINT('',(1.1,1.466646926305,1.785295859444));
#91 = VECTOR('',#92,1.);
#92 = DIRECTION('',(-3.447887860928E-16,0.996129850025,
    -8.789381029636E-02));
#93 = ORIENTED_EDGE('',*,*,#94,.F.);
#94 = EDGE_CURVE('',#95,#87,#97,.T.);
#95 = VERTEX_POINT('',#96);
#96 = CARTESIAN_POINT('',(0.9,3.,1.65));
#97 = LINE('',#98,#99);
#98 = CARTESIAN_POINT('',(0.9,3.,1.65));
#99 = VECTOR('',#100,1.);
#100 = DIRECTION('',(1.,-6.661338147751E-16,3.574525976783E-31));
#101 = ORIENTED_EDGE('',*,*,#102,.F.);
#102 = EDGE_CURVE('',#63,#95,#103,.T.);
#103 = LINE('',#104,#105);
#104 = CARTESIAN_POINT('',(0.9,1.466646926305,1.785295859444));
#105 = VECTOR('',#106,1.);
#106 = DIRECTION('',(-3.447887860928E-16,0.996129850025,
    -8.789381029636E-02));
#107 = PLANE('',#108);
#108 = AXIS2_PLACEMENT_3D('',#109,#110,#111);
#109 = CARTESIAN_POINT('',(0.9,1.466646926305,1.785295859444));
#110 = DIRECTION('',(-6.635557770087E-16,8.789381029636E-02,
    0.996129850025));
#111 = DIRECTION('',(-1.431198734725E-16,0.996129850025,
    -8.789381029636E-02));
#112 = ADVANCED_FACE('',(#113),#138,.F.);
#113 = FACE_BOUND('',#114,.F.);
#114 = EDGE_LOOP('',(#115,#116,#124,#132));
#115 = ORIENTED_EDGE('',*,*,#94,.T.);
#116 = ORIENTED_EDGE('',*,*,#117,.T.);
#117 = EDGE_CURVE('',#87,#118,#120,.T.);
#118 = VERTEX_POINT('',#119);
#119 = CARTESIAN_POINT('',(1.1,4.03,0.143010431111));
#120 = LINE('',#121,#122);
#121 = CARTESIAN_POINT('',(1.1,3.,1.65));
#122 = VECTOR('',#123,1.);
#123 = DIRECTION('',(6.65998250155E-16,0.564274079524,-0.825587526055));
#124 = ORIENTED_EDGE('',*,*,#125,.F.);
#125 = EDGE_CURVE('',#126,#118,#128,.T.);
#126 = VERTEX_POINT('',#127);
#127 = CARTESIAN_POINT('',(0.9,4.03,0.143010431111));
#128 = LINE('',#129,#130);
#129 = CARTESIAN_POINT('',(0.9,4.03,0.143010431111));
#130 = VECTOR('',#131,1.);
#131 = DIRECTION('',(1.,-6.661338147751E-16,3.574525976783E-31));
#132 = ORIENTED_EDGE('',*,*,#133,.F.);
#133 = EDGE_CURVE('',#95,#126,#134,.T.);
#134 = LINE('',#135,#136);
#135 = CARTESIAN_POINT('',(0.9,3.,1.65));
#136 = VECTOR('',#137,1.);
#137 = DIRECTION('',(6.65998250155E-16,0.564274079524,-0.825587526055));
#138 = PLANE('',#139);
#139 = AXIS2_PLACEMENT_3D('',#140,#141,#142);
#140 = CARTESIAN_POINT('',(0.9,3.,1.65));
#141 = DIRECTION('',(-3.758820451719E-16,0.825587526055,0.564274079524)
  );
#142 = DIRECTION('',(6.079750091583E-16,0.564274079524,-0.825587526055)
  );
#143 = ADVANCED_FACE('',(#144),#169,.F.);
#144 = FACE_BOUND('',#145,.F.);
#145 = EDGE_LOOP('',(#146,#147,#155,#163));
#146 = ORIENTED_EDGE('',*,*,#125,.T.);
#147 = ORIENTED_EDGE('',*,*,#148,.T.);
#148 = EDGE_CURVE('',#118,#149,#151,.T.);
#149 = VERTEX_POINT('',#150);
#150 = CARTESIAN_POINT('',(1.1,4.15,-2.520206265899E-15));
#151 = LINE('',#152,#153);
#152 = CARTESIAN_POINT('',(1.1,4.03,0.143010431111));
#153 = VECTOR('',#154,1.);
#154 = DIRECTION('',(5.650251369497E-16,0.642787609687,-0.766044443119)
  );
#155 = ORIENTED_EDGE('',*,*,#156,.F.);
#156 = EDGE_CURVE('',#157,#149,#159,.T.);
#157 = VERTEX_POINT('',#158);
#158 = CARTESIAN_POINT('',(0.9,4.15,-2.564615186884E-15));
#159 = LINE('',#160,#161);
#160 = CARTESIAN_POINT('',(0.9,4.15,-3.685940441756E-15));
#161 = VECTOR('',#162,1.);
#162 = DIRECTION('',(1.,-6.661338147751E-16,3.574525976783E-31));
#163 = ORIENTED_EDGE('',*,*,#164,.F.);
#164 = EDGE_CURVE('',#126,#157,#165,.T.);
#165 = LINE('',#166,#167);
#166 = CARTESIAN_POINT('',(0.9,4.03,0.143010431111));
#167 = VECTOR('',#168,1.);
#168 = DIRECTION('',(5.650251369497E-16,0.642787609687,-0.766044443119)
  );
#169 = PLANE('',#170);
#170 = AXIS2_PLACEMENT_3D('',#171,#172,#173);
#171 = CARTESIAN_POINT('',(0.9,4.03,0.143010431111));
#172 = DIRECTION('',(-4.281825625307E-16,0.766044443119,0.642787609687)
  );
#173 = DIRECTION('',(5.376566220659E-16,0.642787609687,-0.766044443119)
  );
#174 = ADVANCED_FACE('',(#175),#200,.F.);
#175 = FACE_BOUND('',#176,.F.);
#176 = EDGE_LOOP('',(#177,#178,#186,#194));
#177 = ORIENTED_EDGE('',*,*,#156,.T.);
#178 = ORIENTED_EDGE('',*,*,#179,.T.);
#179 = EDGE_CURVE('',#149,#180,#182,.T.);
#180 = VERTEX_POINT('',#181);
#181 = CARTESIAN_POINT('',(1.1,4.85,-2.986499936242E-15));
#182 = LINE('',#183,#184);
#183 = CARTESIAN_POINT('',(1.1,4.15,-5.551115123126E-15));
#184 = VECTOR('',#185,1.);
#185 = DIRECTION('',(-4.440892098501E-16,1.,-1.110223024625E-15));
#186 = ORIENTED_EDGE('',*,*,#187,.F.);
#187 = EDGE_CURVE('',#188,#180,#190,.T.);
#188 = VERTEX_POINT('',#189);
#189 = CARTESIAN_POINT('',(0.9,4.85,-3.030908857227E-15));
#190 = LINE('',#191,#192);
#191 = CARTESIAN_POINT('',(0.9,4.85,-4.307665335546E-15));
#192 = VECTOR('',#193,1.);
#193 = DIRECTION('',(1.,-6.661338147751E-16,3.574525976783E-31));
#194 = ORIENTED_EDGE('',*,*,#195,.F.);
#195 = EDGE_CURVE('',#157,#188,#196,.T.);
#196 = LINE('',#197,#198);
#197 = CARTESIAN_POINT('',(0.9,4.15,-5.773159728051E-15));
#198 = VECTOR('',#199,1.);
#199 = DIRECTION('',(-4.440892098501E-16,1.,-1.110223024625E-15));
#200 = PLANE('',#201);
#201 = AXIS2_PLACEMENT_3D('',#202,#203,#204);
#202 = CARTESIAN_POINT('',(0.9,4.15,-3.685940441756E-15));
#203 = DIRECTION('',(-6.661338147751E-16,2.22044604925E-16,1.));
#204 = DIRECTION('',(-2.22044604925E-16,1.,-8.881784197001E-16));
#205 = ADVANCED_FACE('',(#206),#233,.T.);
#206 = FACE_BOUND('',#207,.F.);
#207 = EDGE_LOOP('',(#208,#209,#218,#226));
#208 = ORIENTED_EDGE('',*,*,#187,.T.);
#209 = ORIENTED_EDGE('',*,*,#210,.T.);
#210 = EDGE_CURVE('',#180,#211,#213,.T.);
#211 = VERTEX_POINT('',#212);
#212 = CARTESIAN_POINT('',(1.1,4.85,0.2));
#213 = CIRCLE('',#214,0.1);
#214 = AXIS2_PLACEMENT_3D('',#215,#216,#217);
#215 = CARTESIAN_POINT('',(1.1,4.85,9.999999999999E-02));
#216 = DIRECTION('',(1.,4.440892098501E-16,1.110223024625E-15));
#217 = DIRECTION('',(-4.440892098501E-16,1.,-1.110223024625E-15));
#218 = ORIENTED_EDGE('',*,*,#219,.F.);
#219 = EDGE_CURVE('',#220,#211,#222,.T.);
#220 = VERTEX_POINT('',#221);
#221 = CARTESIAN_POINT('',(0.9,4.85,0.2));
#222 = LINE('',#223,#224);
#223 = CARTESIAN_POINT('',(0.9,4.85,0.2));
#224 = VECTOR('',#225,1.);
#225 = DIRECTION('',(1.,-6.661338147751E-16,3.574525976783E-31));
#226 = ORIENTED_EDGE('',*,*,#227,.F.);
#227 = EDGE_CURVE('',#188,#220,#228,.T.);
#228 = CIRCLE('',#229,0.1);
#229 = AXIS2_PLACEMENT_3D('',#230,#231,#232);
#230 = CARTESIAN_POINT('',(0.9,4.85,9.999999999999E-02));
#231 = DIRECTION('',(1.,4.440892098501E-16,1.110223024625E-15));
#232 = DIRECTION('',(-4.440892098501E-16,1.,-1.110223024625E-15));
#233 = CYLINDRICAL_SURFACE('',#234,0.1);
#234 = AXIS2_PLACEMENT_3D('',#235,#236,#237);
#235 = CARTESIAN_POINT('',(0.9,4.85,1.E-01));
#236 = DIRECTION('',(-1.,4.440892098501E-16,-2.22044604925E-16));
#237 = DIRECTION('',(-2.22044604925E-16,1.,-8.881784197001E-16));
#238 = ADVANCED_FACE('',(#239),#264,.F.);
#239 = FACE_BOUND('',#240,.F.);
#240 = EDGE_LOOP('',(#241,#242,#250,#258));
#241 = ORIENTED_EDGE('',*,*,#219,.T.);
#242 = ORIENTED_EDGE('',*,*,#243,.T.);
#243 = EDGE_CURVE('',#211,#244,#246,.T.);
#244 = VERTEX_POINT('',#245);
#245 = CARTESIAN_POINT('',(1.1,4.45,0.2));
#246 = LINE('',#247,#248);
#247 = CARTESIAN_POINT('',(1.1,4.85,0.2));
#248 = VECTOR('',#249,1.);
#249 = DIRECTION('',(4.440892098501E-16,-1.,1.110223024625E-15));
#250 = ORIENTED_EDGE('',*,*,#251,.F.);
#251 = EDGE_CURVE('',#252,#244,#254,.T.);
#252 = VERTEX_POINT('',#253);
#253 = CARTESIAN_POINT('',(0.9,4.45,0.2));
#254 = LINE('',#255,#256);
#255 = CARTESIAN_POINT('',(0.9,4.45,0.2));
#256 = VECTOR('',#257,1.);
#257 = DIRECTION('',(1.,-6.661338147751E-16,3.574525976783E-31));
#258 = ORIENTED_EDGE('',*,*,#259,.F.);
#259 = EDGE_CURVE('',#220,#252,#260,.T.);
#260 = LINE('',#261,#262);
#261 = CARTESIAN_POINT('',(0.9,4.85,0.2));
#262 = VECTOR('',#263,1.);
#263 = DIRECTION('',(4.440892098501E-16,-1.,1.110223024625E-15));
#264 = PLANE('',#265);
#265 = AXIS2_PLACEMENT_3D('',#266,#267,#268);
#266 = CARTESIAN_POINT('',(0.9,4.85,0.2));
#267 = DIRECTION('',(6.661338147751E-16,-2.22044604925E-16,-1.));
#268 = DIRECTION('',(2.22044604925E-16,-1.,8.881784197001E-16));
#269 = ADVANCED_FACE('',(#270),#295,.F.);
#270 = FACE_BOUND('',#271,.F.);
#271 = EDGE_LOOP('',(#272,#273,#281,#289));
#272 = ORIENTED_EDGE('',*,*,#251,.T.);
#273 = ORIENTED_EDGE('',*,*,#274,.T.);
#274 = EDGE_CURVE('',#244,#275,#277,.T.);
#275 = VERTEX_POINT('',#276);
#276 = CARTESIAN_POINT('',(1.1,4.03,0.927461339179));
#277 = LINE('',#278,#279);
#278 = CARTESIAN_POINT('',(1.1,4.45,0.2));
#279 = VECTOR('',#280,1.);
#280 = DIRECTION('',(-7.394367382667E-16,-0.5,0.866025403784));
#281 = ORIENTED_EDGE('',*,*,#282,.F.);
#282 = EDGE_CURVE('',#283,#275,#285,.T.);
#283 = VERTEX_POINT('',#284);
#284 = CARTESIAN_POINT('',(0.9,4.03,0.927461339179));
#285 = LINE('',#286,#287);
#286 = CARTESIAN_POINT('',(0.9,4.03,0.927461339179));
#287 = VECTOR('',#288,1.);
#288 = DIRECTION('',(1.,-6.661338147751E-16,3.574525976783E-31));
#289 = ORIENTED_EDGE('',*,*,#290,.F.);
#290 = EDGE_CURVE('',#252,#283,#291,.T.);
#291 = LINE('',#292,#293);
#292 = CARTESIAN_POINT('',(0.9,4.45,0.2));
#293 = VECTOR('',#294,1.);
#294 = DIRECTION('',(-7.394367382667E-16,-0.5,0.866025403784));
#295 = PLANE('',#296);
#296 = AXIS2_PLACEMENT_3D('',#297,#298,#299);
#297 = CARTESIAN_POINT('',(0.9,4.45,0.2));
#298 = DIRECTION('',(3.330669073875E-16,-0.866025403784,-0.5));
#299 = DIRECTION('',(-6.581627720909E-16,-0.5,0.866025403784));
#300 = ADVANCED_FACE('',(#301),#326,.T.);
#301 = FACE_BOUND('',#302,.T.);
#302 = EDGE_LOOP('',(#303,#313,#319,#320));
#303 = ORIENTED_EDGE('',*,*,#304,.T.);
#304 = EDGE_CURVE('',#305,#307,#309,.T.);
#305 = VERTEX_POINT('',#306);
#306 = CARTESIAN_POINT('',(0.9,3.,2.15));
#307 = VERTEX_POINT('',#308);
#308 = CARTESIAN_POINT('',(1.1,3.,2.15));
#309 = LINE('',#310,#311);
#310 = CARTESIAN_POINT('',(0.9,3.,2.15));
#311 = VECTOR('',#312,1.);
#312 = DIRECTION('',(1.,-6.661338147751E-16,3.574525976783E-31));
#313 = ORIENTED_EDGE('',*,*,#314,.T.);
#314 = EDGE_CURVE('',#307,#275,#315,.T.);
#315 = LINE('',#316,#317);
#316 = CARTESIAN_POINT('',(1.1,3.,2.15));
#317 = VECTOR('',#318,1.);
#318 = DIRECTION('',(5.629190624147E-16,0.644316444937,-0.764758993921)
  );
#319 = ORIENTED_EDGE('',*,*,#282,.F.);
#320 = ORIENTED_EDGE('',*,*,#321,.F.);
#321 = EDGE_CURVE('',#305,#283,#322,.T.);
#322 = LINE('',#323,#324);
#323 = CARTESIAN_POINT('',(0.9,3.,2.15));
#324 = VECTOR('',#325,1.);
#325 = DIRECTION('',(5.629190624147E-16,0.644316444937,-0.764758993921)
  );
#326 = PLANE('',#327);
#327 = AXIS2_PLACEMENT_3D('',#328,#329,#330);
#328 = CARTESIAN_POINT('',(0.9,3.,2.15));
#329 = DIRECTION('',(-4.292009713885E-16,0.764758993921,0.644316444937)
  );
#330 = DIRECTION('',(5.361754442095E-16,0.644316444937,-0.764758993921)
  );
#331 = ADVANCED_FACE('',(#332),#348,.T.);
#332 = FACE_BOUND('',#333,.T.);
#333 = EDGE_LOOP('',(#334,#335,#341,#342));
#334 = ORIENTED_EDGE('',*,*,#43,.T.);
#335 = ORIENTED_EDGE('',*,*,#336,.T.);
#336 = EDGE_CURVE('',#46,#307,#337,.T.);
#337 = LINE('',#338,#339);
#338 = CARTESIAN_POINT('',(1.1,1.482705619352,2.15));
#339 = VECTOR('',#340,1.);
#340 = DIRECTION('',(-4.440892098501E-16,1.,-1.110223024625E-15));
#341 = ORIENTED_EDGE('',*,*,#304,.F.);
#342 = ORIENTED_EDGE('',*,*,#343,.F.);
#343 = EDGE_CURVE('',#44,#305,#344,.T.);
#344 = LINE('',#345,#346);
#345 = CARTESIAN_POINT('',(0.9,1.482705619352,2.15));
#346 = VECTOR('',#347,1.);
#347 = DIRECTION('',(-4.440892098501E-16,1.,-1.110223024625E-15));
#348 = PLANE('',#349);
#349 = AXIS2_PLACEMENT_3D('',#350,#351,#352);
#350 = CARTESIAN_POINT('',(0.9,1.482705619352,2.15));
#351 = DIRECTION('',(-6.661338147751E-16,2.22044604925E-16,1.));
#352 = DIRECTION('',(-2.22044604925E-16,1.,-8.881784197001E-16));
#353 = ADVANCED_FACE('',(#354),#366,.F.);
#354 = FACE_BOUND('',#355,.F.);
#355 = EDGE_LOOP('',(#356,#357,#358,#359,#360,#361,#362,#363,#364,#365)
  );
#356 = ORIENTED_EDGE('',*,*,#70,.T.);
#357 = ORIENTED_EDGE('',*,*,#102,.T.);
#358 = ORIENTED_EDGE('',*,*,#133,.T.);
#359 = ORIENTED_EDGE('',*,*,#164,.T.);
#360 = ORIENTED_EDGE('',*,*,#195,.T.);
#361 = ORIENTED_EDGE('',*,*,#227,.T.);
#362 = ORIENTED_EDGE('',*,*,#259,.T.);
#363 = ORIENTED_EDGE('',*,*,#290,.T.);
#364 = ORIENTED_EDGE('',*,*,#321,.F.);
#365 = ORIENTED_EDGE('',*,*,#343,.F.);
#366 = PLANE('',#367);
#367 = AXIS2_PLACEMENT_3D('',#368,#369,#370);
#368 = CARTESIAN_POINT('',(0.9,3.221458458896,1.234212808608));
#369 = DIRECTION('',(1.,-8.881784197001E-16,-2.22044604925E-16));
#370 = DIRECTION('',(-1.110223024625E-15,-2.22044604925E-16,1.));
#371 = ADVANCED_FACE('',(#372),#384,.T.);
#372 = FACE_BOUND('',#373,.T.);
#373 = EDGE_LOOP('',(#374,#375,#376,#377,#378,#379,#380,#381,#382,#383)
  );
#374 = ORIENTED_EDGE('',*,*,#53,.T.);
#375 = ORIENTED_EDGE('',*,*,#86,.T.);
#376 = ORIENTED_EDGE('',*,*,#117,.T.);
#377 = ORIENTED_EDGE('',*,*,#148,.T.);
#378 = ORIENTED_EDGE('',*,*,#179,.T.);
#379 = ORIENTED_EDGE('',*,*,#210,.T.);
#380 = ORIENTED_EDGE('',*,*,#243,.T.);
#381 = ORIENTED_EDGE('',*,*,#274,.T.);
#382 = ORIENTED_EDGE('',*,*,#314,.F.);
#383 = ORIENTED_EDGE('',*,*,#336,.F.);
#384 = PLANE('',#385);
#385 = AXIS2_PLACEMENT_3D('',#386,#387,#388);
#386 = CARTESIAN_POINT('',(1.1,3.221458458896,1.234212808608));
#387 = DIRECTION('',(1.,-8.881784197001E-16,-2.22044604925E-16));
#388 = DIRECTION('',(-1.110223024625E-15,-2.22044604925E-16,1.));
#389 = MANIFOLD_SOLID_BREP('',#390);
#390 = CLOSED_SHELL('',(#391,#433,#464,#495,#526,#557,#590,#621,#652,
    #683,#705,#723));
#391 = ADVANCED_FACE('',(#392),#428,.T.);
#392 = FACE_BOUND('',#393,.F.);
#393 = EDGE_LOOP('',(#394,#404,#413,#421));
#394 = ORIENTED_EDGE('',*,*,#395,.T.);
#395 = EDGE_CURVE('',#396,#398,#400,.T.);
#396 = VERTEX_POINT('',#397);
#397 = CARTESIAN_POINT('',(-0.1,1.482705619352,2.15));
#398 = VERTEX_POINT('',#399);
#399 = CARTESIAN_POINT('',(1.E-01,1.482705619352,2.15));
#400 = LINE('',#401,#402);
#401 = CARTESIAN_POINT('',(-0.1,1.482705619352,2.15));
#402 = VECTOR('',#403,1.);
#403 = DIRECTION('',(1.,-7.771561172376E-16,-5.551115123126E-16));
#404 = ORIENTED_EDGE('',*,*,#405,.T.);
#405 = EDGE_CURVE('',#398,#406,#408,.T.);
#406 = VERTEX_POINT('',#407);
#407 = CARTESIAN_POINT('',(1.E-01,1.466646926305,1.785295859444));
#408 = CIRCLE('',#409,0.182705619352);
#409 = AXIS2_PLACEMENT_3D('',#410,#411,#412);
#410 = CARTESIAN_POINT('',(1.E-01,1.482705619352,1.967294380648));
#411 = DIRECTION('',(1.,9.992007221626E-16,1.221245327088E-15));
#412 = DIRECTION('',(-9.992007221626E-16,1.,-1.33226762955E-15));
#413 = ORIENTED_EDGE('',*,*,#414,.F.);
#414 = EDGE_CURVE('',#415,#406,#417,.T.);
#415 = VERTEX_POINT('',#416);
#416 = CARTESIAN_POINT('',(-0.1,1.466646926305,1.785295859444));
#417 = LINE('',#418,#419);
#418 = CARTESIAN_POINT('',(-0.1,1.466646926305,1.785295859444));
#419 = VECTOR('',#420,1.);
#420 = DIRECTION('',(1.,-7.771561172376E-16,-5.551115123126E-16));
#421 = ORIENTED_EDGE('',*,*,#422,.F.);
#422 = EDGE_CURVE('',#396,#415,#423,.T.);
#423 = CIRCLE('',#424,0.182705619352);
#424 = AXIS2_PLACEMENT_3D('',#425,#426,#427);
#425 = CARTESIAN_POINT('',(-0.1,1.482705619352,1.967294380648));
#426 = DIRECTION('',(1.,9.992007221626E-16,1.221245327088E-15));
#427 = DIRECTION('',(-9.992007221626E-16,1.,-1.33226762955E-15));
#428 = CYLINDRICAL_SURFACE('',#429,0.182705619352);
#429 = AXIS2_PLACEMENT_3D('',#430,#431,#432);
#430 = CARTESIAN_POINT('',(-0.1,1.482705619352,1.967294380648));
#431 = DIRECTION('',(-1.,5.551115123126E-16,3.330669073875E-16));
#432 = DIRECTION('',(-7.771561172376E-16,1.,-1.110223024625E-15));
#433 = ADVANCED_FACE('',(#434),#459,.F.);
#434 = FACE_BOUND('',#435,.F.);
#435 = EDGE_LOOP('',(#436,#437,#445,#453));
#436 = ORIENTED_EDGE('',*,*,#414,.T.);
#437 = ORIENTED_EDGE('',*,*,#438,.T.);
#438 = EDGE_CURVE('',#406,#439,#441,.T.);
#439 = VERTEX_POINT('',#440);
#440 = CARTESIAN_POINT('',(1.E-01,3.,1.65));
#441 = LINE('',#442,#443);
#442 = CARTESIAN_POINT('',(1.E-01,1.466646926305,1.785295859444));
#443 = VECTOR('',#444,1.);
#444 = DIRECTION('',(-8.879937604088E-16,0.996129850025,
    -8.789381029636E-02));
#445 = ORIENTED_EDGE('',*,*,#446,.F.);
#446 = EDGE_CURVE('',#447,#439,#449,.T.);
#447 = VERTEX_POINT('',#448);
#448 = CARTESIAN_POINT('',(-0.1,3.,1.65));
#449 = LINE('',#450,#451);
#450 = CARTESIAN_POINT('',(-0.1,3.,1.65));
#451 = VECTOR('',#452,1.);
#452 = DIRECTION('',(1.,-7.771561172376E-16,-5.551115123126E-16));
#453 = ORIENTED_EDGE('',*,*,#454,.F.);
#454 = EDGE_CURVE('',#415,#447,#455,.T.);
#455 = LINE('',#456,#457);
#456 = CARTESIAN_POINT('',(-0.1,1.466646926305,1.785295859444));
#457 = VECTOR('',#458,1.);
#458 = DIRECTION('',(-8.879937604088E-16,0.996129850025,
    -8.789381029636E-02));
#459 = PLANE('',#460);
#460 = AXIS2_PLACEMENT_3D('',#461,#462,#463);
#461 = CARTESIAN_POINT('',(-0.1,1.466646926305,1.785295859444));
#462 = DIRECTION('',(-8.229392724667E-16,8.789381029636E-02,
    0.996129850025));
#463 = DIRECTION('',(-6.863248477885E-16,0.996129850025,
    -8.789381029636E-02));
#464 = ADVANCED_FACE('',(#465),#490,.F.);
#465 = FACE_BOUND('',#466,.F.);
#466 = EDGE_LOOP('',(#467,#468,#476,#484));
#467 = ORIENTED_EDGE('',*,*,#446,.T.);
#468 = ORIENTED_EDGE('',*,*,#469,.T.);
#469 = EDGE_CURVE('',#439,#470,#472,.T.);
#470 = VERTEX_POINT('',#471);
#471 = CARTESIAN_POINT('',(1.E-01,4.03,0.143010431111));
#472 = LINE('',#473,#474);
#473 = CARTESIAN_POINT('',(1.E-01,3.,1.65));
#474 = VECTOR('',#475,1.);
#475 = DIRECTION('',(4.444218405387E-16,0.564274079524,-0.825587526055)
  );
#476 = ORIENTED_EDGE('',*,*,#477,.F.);
#477 = EDGE_CURVE('',#478,#470,#480,.T.);
#478 = VERTEX_POINT('',#479);
#479 = CARTESIAN_POINT('',(-0.1,4.03,0.143010431111));
#480 = LINE('',#481,#482);
#481 = CARTESIAN_POINT('',(-0.1,4.03,0.143010431111));
#482 = VECTOR('',#483,1.);
#483 = DIRECTION('',(1.,-7.771561172376E-16,-5.551115123126E-16));
#484 = ORIENTED_EDGE('',*,*,#485,.F.);
#485 = EDGE_CURVE('',#447,#478,#486,.T.);
#486 = LINE('',#487,#488);
#487 = CARTESIAN_POINT('',(-0.1,3.,1.65));
#488 = VECTOR('',#489,1.);
#489 = DIRECTION('',(4.444218405387E-16,0.564274079524,-0.825587526055)
  );
#490 = PLANE('',#491);
#491 = AXIS2_PLACEMENT_3D('',#492,#493,#494);
#492 = CARTESIAN_POINT('',(-0.1,3.,1.65));
#493 = DIRECTION('',(-8.968221928353E-16,0.825587526055,0.564274079524)
  );
#494 = DIRECTION('',(3.863985995421E-16,0.564274079524,-0.825587526055)
  );
#495 = ADVANCED_FACE('',(#496),#521,.F.);
#496 = FACE_BOUND('',#497,.F.);
#497 = EDGE_LOOP('',(#498,#499,#507,#515));
#498 = ORIENTED_EDGE('',*,*,#477,.T.);
#499 = ORIENTED_EDGE('',*,*,#500,.T.);
#500 = EDGE_CURVE('',#470,#501,#503,.T.);
#501 = VERTEX_POINT('',#502);
#502 = CARTESIAN_POINT('',(1.E-01,4.15,-3.10862446895E-15));
#503 = LINE('',#504,#505);
#504 = CARTESIAN_POINT('',(1.E-01,4.03,0.143010431111));
#505 = VECTOR('',#506,1.);
#506 = DIRECTION('',(2.932543527045E-16,0.642787609687,-0.766044443119)
  );
#507 = ORIENTED_EDGE('',*,*,#508,.F.);
#508 = EDGE_CURVE('',#509,#501,#511,.T.);
#509 = VERTEX_POINT('',#510);
#510 = CARTESIAN_POINT('',(-0.1,4.15,-3.086420008458E-15));
#511 = LINE('',#512,#513);
#512 = CARTESIAN_POINT('',(-0.1,4.15,-4.107825191113E-15));
#513 = VECTOR('',#514,1.);
#514 = DIRECTION('',(1.,-7.771561172376E-16,-5.551115123126E-16));
#515 = ORIENTED_EDGE('',*,*,#516,.F.);
#516 = EDGE_CURVE('',#478,#509,#517,.T.);
#517 = LINE('',#518,#519);
#518 = CARTESIAN_POINT('',(-0.1,4.03,0.143010431111));
#519 = VECTOR('',#520,1.);
#520 = DIRECTION('',(2.932543527045E-16,0.642787609687,-0.766044443119)
  );
#521 = PLANE('',#522);
#522 = AXIS2_PLACEMENT_3D('',#523,#524,#525);
#523 = CARTESIAN_POINT('',(-0.1,4.03,0.143010431111));
#524 = DIRECTION('',(-9.247864122709E-16,0.766044443119,0.642787609687)
  );
#525 = DIRECTION('',(2.658858378207E-16,0.642787609687,-0.766044443119)
  );
#526 = ADVANCED_FACE('',(#527),#552,.F.);
#527 = FACE_BOUND('',#528,.F.);
#528 = EDGE_LOOP('',(#529,#530,#538,#546));
#529 = ORIENTED_EDGE('',*,*,#508,.T.);
#530 = ORIENTED_EDGE('',*,*,#531,.T.);
#531 = EDGE_CURVE('',#501,#532,#534,.T.);
#532 = VERTEX_POINT('',#533);
#533 = CARTESIAN_POINT('',(1.E-01,4.85,-3.574918139293E-15));
#534 = LINE('',#535,#536);
#535 = CARTESIAN_POINT('',(1.E-01,4.15,-6.078471059823E-15));
#536 = VECTOR('',#537,1.);
#537 = DIRECTION('',(-9.992007221626E-16,1.,-1.33226762955E-15));
#538 = ORIENTED_EDGE('',*,*,#539,.F.);
#539 = EDGE_CURVE('',#540,#532,#542,.T.);
#540 = VERTEX_POINT('',#541);
#541 = CARTESIAN_POINT('',(-0.1,4.85,-3.552713678801E-15));
#542 = LINE('',#543,#544);
#543 = CARTESIAN_POINT('',(-0.1,4.85,-4.884981308351E-15));
#544 = VECTOR('',#545,1.);
#545 = DIRECTION('',(1.,-7.771561172376E-16,-5.551115123126E-16));
#546 = ORIENTED_EDGE('',*,*,#547,.F.);
#547 = EDGE_CURVE('',#509,#540,#548,.T.);
#548 = LINE('',#549,#550);
#549 = CARTESIAN_POINT('',(-0.1,4.15,-5.64825963778E-15));
#550 = VECTOR('',#551,1.);
#551 = DIRECTION('',(-9.992007221626E-16,1.,-1.33226762955E-15));
#552 = PLANE('',#553);
#553 = AXIS2_PLACEMENT_3D('',#554,#555,#556);
#554 = CARTESIAN_POINT('',(-0.1,4.15,-4.107825191113E-15));
#555 = DIRECTION('',(-7.771561172376E-16,-2.22044604925E-16,1.));
#556 = DIRECTION('',(-7.771561172376E-16,1.,-1.110223024625E-15));
#557 = ADVANCED_FACE('',(#558),#585,.T.);
#558 = FACE_BOUND('',#559,.F.);
#559 = EDGE_LOOP('',(#560,#561,#570,#578));
#560 = ORIENTED_EDGE('',*,*,#539,.T.);
#561 = ORIENTED_EDGE('',*,*,#562,.T.);
#562 = EDGE_CURVE('',#532,#563,#565,.T.);
#563 = VERTEX_POINT('',#564);
#564 = CARTESIAN_POINT('',(1.E-01,4.85,0.2));
#565 = CIRCLE('',#566,0.1);
#566 = AXIS2_PLACEMENT_3D('',#567,#568,#569);
#567 = CARTESIAN_POINT('',(1.E-01,4.85,9.999999999999E-02));
#568 = DIRECTION('',(1.,9.992007221626E-16,1.221245327088E-15));
#569 = DIRECTION('',(-9.992007221626E-16,1.,-1.33226762955E-15));
#570 = ORIENTED_EDGE('',*,*,#571,.F.);
#571 = EDGE_CURVE('',#572,#563,#574,.T.);
#572 = VERTEX_POINT('',#573);
#573 = CARTESIAN_POINT('',(-0.1,4.85,0.2));
#574 = LINE('',#575,#576);
#575 = CARTESIAN_POINT('',(-0.1,4.85,0.2));
#576 = VECTOR('',#577,1.);
#577 = DIRECTION('',(1.,-7.771561172376E-16,-5.551115123126E-16));
#578 = ORIENTED_EDGE('',*,*,#579,.F.);
#579 = EDGE_CURVE('',#540,#572,#580,.T.);
#580 = CIRCLE('',#581,0.1);
#581 = AXIS2_PLACEMENT_3D('',#582,#583,#584);
#582 = CARTESIAN_POINT('',(-0.1,4.85,9.999999999999E-02));
#583 = DIRECTION('',(1.,9.992007221626E-16,1.221245327088E-15));
#584 = DIRECTION('',(-9.992007221626E-16,1.,-1.33226762955E-15));
#585 = CYLINDRICAL_SURFACE('',#586,0.1);
#586 = AXIS2_PLACEMENT_3D('',#587,#588,#589);
#587 = CARTESIAN_POINT('',(-0.1,4.85,1.E-01));
#588 = DIRECTION('',(-1.,5.551115123126E-16,3.330669073875E-16));
#589 = DIRECTION('',(-7.771561172376E-16,1.,-1.110223024625E-15));
#590 = ADVANCED_FACE('',(#591),#616,.F.);
#591 = FACE_BOUND('',#592,.F.);
#592 = EDGE_LOOP('',(#593,#594,#602,#610));
#593 = ORIENTED_EDGE('',*,*,#571,.T.);
#594 = ORIENTED_EDGE('',*,*,#595,.T.);
#595 = EDGE_CURVE('',#563,#596,#598,.T.);
#596 = VERTEX_POINT('',#597);
#597 = CARTESIAN_POINT('',(1.E-01,4.45,0.2));
#598 = LINE('',#599,#600);
#599 = CARTESIAN_POINT('',(1.E-01,4.85,0.2));
#600 = VECTOR('',#601,1.);
#601 = DIRECTION('',(9.992007221626E-16,-1.,1.33226762955E-15));
#602 = ORIENTED_EDGE('',*,*,#603,.F.);
#603 = EDGE_CURVE('',#604,#596,#606,.T.);
#604 = VERTEX_POINT('',#605);
#605 = CARTESIAN_POINT('',(-0.1,4.45,0.2));
#606 = LINE('',#607,#608);
#607 = CARTESIAN_POINT('',(-0.1,4.45,0.2));
#608 = VECTOR('',#609,1.);
#609 = DIRECTION('',(1.,-7.771561172376E-16,-5.551115123126E-16));
#610 = ORIENTED_EDGE('',*,*,#611,.F.);
#611 = EDGE_CURVE('',#572,#604,#612,.T.);
#612 = LINE('',#613,#614);
#613 = CARTESIAN_POINT('',(-0.1,4.85,0.2));
#614 = VECTOR('',#615,1.);
#615 = DIRECTION('',(9.992007221626E-16,-1.,1.33226762955E-15));
#616 = PLANE('',#617);
#617 = AXIS2_PLACEMENT_3D('',#618,#619,#620);
#618 = CARTESIAN_POINT('',(-0.1,4.85,0.2));
#619 = DIRECTION('',(7.771561172376E-16,2.22044604925E-16,-1.));
#620 = DIRECTION('',(7.771561172376E-16,-1.,1.110223024625E-15));
#621 = ADVANCED_FACE('',(#622),#647,.F.);
#622 = FACE_BOUND('',#623,.F.);
#623 = EDGE_LOOP('',(#624,#625,#633,#641));
#624 = ORIENTED_EDGE('',*,*,#603,.T.);
#625 = ORIENTED_EDGE('',*,*,#626,.T.);
#626 = EDGE_CURVE('',#596,#627,#629,.T.);
#627 = VERTEX_POINT('',#628);
#628 = CARTESIAN_POINT('',(1.E-01,4.03,0.927461339179));
#629 = LINE('',#630,#631);
#630 = CARTESIAN_POINT('',(1.E-01,4.45,0.2));
#631 = VECTOR('',#632,1.);
#632 = DIRECTION('',(-5.580291164296E-16,-0.5,0.866025403784));
#633 = ORIENTED_EDGE('',*,*,#634,.F.);
#634 = EDGE_CURVE('',#635,#627,#637,.T.);
#635 = VERTEX_POINT('',#636);
#636 = CARTESIAN_POINT('',(-0.1,4.03,0.927461339179));
#637 = LINE('',#638,#639);
#638 = CARTESIAN_POINT('',(-0.1,4.03,0.927461339179));
#639 = VECTOR('',#640,1.);
#640 = DIRECTION('',(1.,-7.771561172376E-16,-5.551115123126E-16));
#641 = ORIENTED_EDGE('',*,*,#642,.F.);
#642 = EDGE_CURVE('',#604,#635,#643,.T.);
#643 = LINE('',#644,#645);
#644 = CARTESIAN_POINT('',(-0.1,4.45,0.2));
#645 = VECTOR('',#646,1.);
#646 = DIRECTION('',(-5.580291164296E-16,-0.5,0.866025403784));
#647 = PLANE('',#648);
#648 = AXIS2_PLACEMENT_3D('',#649,#650,#651);
#649 = CARTESIAN_POINT('',(-0.1,4.45,0.2));
#650 = DIRECTION('',(8.693187302147E-16,-0.866025403784,-0.5));
#651 = DIRECTION('',(-4.767551502538E-16,-0.5,0.866025403784));
#652 = ADVANCED_FACE('',(#653),#678,.T.);
#653 = FACE_BOUND('',#654,.T.);
#654 = EDGE_LOOP('',(#655,#665,#671,#672));
#655 = ORIENTED_EDGE('',*,*,#656,.T.);
#656 = EDGE_CURVE('',#657,#659,#661,.T.);
#657 = VERTEX_POINT('',#658);
#658 = CARTESIAN_POINT('',(-0.1,3.,2.15));
#659 = VERTEX_POINT('',#660);
#660 = CARTESIAN_POINT('',(1.E-01,3.,2.15));
#661 = LINE('',#662,#663);
#662 = CARTESIAN_POINT('',(-0.1,3.,2.15));
#663 = VECTOR('',#664,1.);
#664 = DIRECTION('',(1.,-7.771561172376E-16,-5.551115123126E-16));
#665 = ORIENTED_EDGE('',*,*,#666,.T.);
#666 = EDGE_CURVE('',#659,#627,#667,.T.);
#667 = LINE('',#668,#669);
#668 = CARTESIAN_POINT('',(1.E-01,3.,2.15));
#669 = VECTOR('',#670,1.);
#670 = DIRECTION('',(2.901568905917E-16,0.644316444937,-0.764758993921)
  );
#671 = ORIENTED_EDGE('',*,*,#634,.F.);
#672 = ORIENTED_EDGE('',*,*,#673,.F.);
#673 = EDGE_CURVE('',#657,#635,#674,.T.);
#674 = LINE('',#675,#676);
#675 = CARTESIAN_POINT('',(-0.1,3.,2.15));
#676 = VECTOR('',#677,1.);
#677 = DIRECTION('',(2.901568905917E-16,0.644316444937,-0.764758993921)
  );
#678 = PLANE('',#679);
#679 = AXIS2_PLACEMENT_3D('',#680,#681,#682);
#680 = CARTESIAN_POINT('',(-0.1,3.,2.15));
#681 = DIRECTION('',(-9.252609882901E-16,0.764758993921,0.644316444937)
  );
#682 = DIRECTION('',(2.634132723865E-16,0.644316444937,-0.764758993921)
  );
#683 = ADVANCED_FACE('',(#684),#700,.T.);
#684 = FACE_BOUND('',#685,.T.);
#685 = EDGE_LOOP('',(#686,#687,#693,#694));
#686 = ORIENTED_EDGE('',*,*,#395,.T.);
#687 = ORIENTED_EDGE('',*,*,#688,.T.);
#688 = EDGE_CURVE('',#398,#659,#689,.T.);
#689 = LINE('',#690,#691);
#690 = CARTESIAN_POINT('',(1.E-01,1.482705619352,2.15));
#691 = VECTOR('',#692,1.);
#692 = DIRECTION('',(-9.992007221626E-16,1.,-1.33226762955E-15));
#693 = ORIENTED_EDGE('',*,*,#656,.F.);
#694 = ORIENTED_EDGE('',*,*,#695,.F.);
#695 = EDGE_CURVE('',#396,#657,#696,.T.);
#696 = LINE('',#697,#698);
#697 = CARTESIAN_POINT('',(-0.1,1.482705619352,2.15));
#698 = VECTOR('',#699,1.);
#699 = DIRECTION('',(-9.992007221626E-16,1.,-1.33226762955E-15));
#700 = PLANE('',#701);
#701 = AXIS2_PLACEMENT_3D('',#702,#703,#704);
#702 = CARTESIAN_POINT('',(-0.1,1.482705619352,2.15));
#703 = DIRECTION('',(-7.771561172376E-16,-2.22044604925E-16,1.));
#704 = DIRECTION('',(-7.771561172376E-16,1.,-1.110223024625E-15));
#705 = ADVANCED_FACE('',(#706),#718,.F.);
#706 = FACE_BOUND('',#707,.F.);
#707 = EDGE_LOOP('',(#708,#709,#710,#711,#712,#713,#714,#715,#716,#717)
  );
#708 = ORIENTED_EDGE('',*,*,#422,.T.);
#709 = ORIENTED_EDGE('',*,*,#454,.T.);
#710 = ORIENTED_EDGE('',*,*,#485,.T.);
#711 = ORIENTED_EDGE('',*,*,#516,.T.);
#712 = ORIENTED_EDGE('',*,*,#547,.T.);
#713 = ORIENTED_EDGE('',*,*,#579,.T.);
#714 = ORIENTED_EDGE('',*,*,#611,.T.);
#715 = ORIENTED_EDGE('',*,*,#642,.T.);
#716 = ORIENTED_EDGE('',*,*,#673,.F.);
#717 = ORIENTED_EDGE('',*,*,#695,.F.);
#718 = PLANE('',#719);
#719 = AXIS2_PLACEMENT_3D('',#720,#721,#722);
#720 = CARTESIAN_POINT('',(-0.1,3.221458458896,1.234212808608));
#721 = DIRECTION('',(1.,-9.992007221626E-16,-7.771561172376E-16));
#722 = DIRECTION('',(-1.221245327088E-15,-6.661338147751E-16,1.));
#723 = ADVANCED_FACE('',(#724),#736,.T.);
#724 = FACE_BOUND('',#725,.T.);
#725 = EDGE_LOOP('',(#726,#727,#728,#729,#730,#731,#732,#733,#734,#735)
  );
#726 = ORIENTED_EDGE('',*,*,#405,.T.);
#727 = ORIENTED_EDGE('',*,*,#438,.T.);
#728 = ORIENTED_EDGE('',*,*,#469,.T.);
#729 = ORIENTED_EDGE('',*,*,#500,.T.);
#730 = ORIENTED_EDGE('',*,*,#531,.T.);
#731 = ORIENTED_EDGE('',*,*,#562,.T.);
#732 = ORIENTED_EDGE('',*,*,#595,.T.);
#733 = ORIENTED_EDGE('',*,*,#626,.T.);
#734 = ORIENTED_EDGE('',*,*,#666,.F.);
#735 = ORIENTED_EDGE('',*,*,#688,.F.);
#736 = PLANE('',#737);
#737 = AXIS2_PLACEMENT_3D('',#738,#739,#740);
#738 = CARTESIAN_POINT('',(1.E-01,3.221458458896,1.234212808608));
#739 = DIRECTION('',(1.,-9.992007221626E-16,-7.771561172376E-16));
#740 = DIRECTION('',(-1.221245327088E-15,-6.661338147751E-16,1.));
#741 = MANIFOLD_SOLID_BREP('',#742);
#742 = CLOSED_SHELL('',(#743,#785,#816,#847,#878,#909,#942,#973,#1004,
    #1035,#1057,#1075));
#743 = ADVANCED_FACE('',(#744),#780,.T.);
#744 = FACE_BOUND('',#745,.F.);
#745 = EDGE_LOOP('',(#746,#756,#765,#773));
#746 = ORIENTED_EDGE('',*,*,#747,.T.);
#747 = EDGE_CURVE('',#748,#750,#752,.T.);
#748 = VERTEX_POINT('',#749);
#749 = CARTESIAN_POINT('',(-1.1,1.482705619352,2.15));
#750 = VERTEX_POINT('',#751);
#751 = CARTESIAN_POINT('',(-0.9,1.482705619352,2.15));
#752 = LINE('',#753,#754);
#753 = CARTESIAN_POINT('',(-1.1,1.482705619352,2.15));
#754 = VECTOR('',#755,1.);
#755 = DIRECTION('',(1.,-7.771561172376E-16,-5.551115123126E-16));
#756 = ORIENTED_EDGE('',*,*,#757,.T.);
#757 = EDGE_CURVE('',#750,#758,#760,.T.);
#758 = VERTEX_POINT('',#759);
#759 = CARTESIAN_POINT('',(-0.9,1.466646926305,1.785295859444));
#760 = CIRCLE('',#761,0.182705619352);
#761 = AXIS2_PLACEMENT_3D('',#762,#763,#764);
#762 = CARTESIAN_POINT('',(-0.9,1.482705619352,1.967294380648));
#763 = DIRECTION('',(1.,9.992007221626E-16,1.221245327088E-15));
#764 = DIRECTION('',(-9.992007221626E-16,1.,-1.33226762955E-15));
#765 = ORIENTED_EDGE('',*,*,#766,.F.);
#766 = EDGE_CURVE('',#767,#758,#769,.T.);
#767 = VERTEX_POINT('',#768);
#768 = CARTESIAN_POINT('',(-1.1,1.466646926305,1.785295859444));
#769 = LINE('',#770,#771);
#770 = CARTESIAN_POINT('',(-1.1,1.466646926305,1.785295859444));
#771 = VECTOR('',#772,1.);
#772 = DIRECTION('',(1.,-7.771561172376E-16,-5.551115123126E-16));
#773 = ORIENTED_EDGE('',*,*,#774,.F.);
#774 = EDGE_CURVE('',#748,#767,#775,.T.);
#775 = CIRCLE('',#776,0.182705619352);
#776 = AXIS2_PLACEMENT_3D('',#777,#778,#779);
#777 = CARTESIAN_POINT('',(-1.1,1.482705619352,1.967294380648));
#778 = DIRECTION('',(1.,9.992007221626E-16,1.221245327088E-15));
#779 = DIRECTION('',(-9.992007221626E-16,1.,-1.33226762955E-15));
#780 = CYLINDRICAL_SURFACE('',#781,0.182705619352);
#781 = AXIS2_PLACEMENT_3D('',#782,#783,#784);
#782 = CARTESIAN_POINT('',(-1.1,1.482705619352,1.967294380648));
#783 = DIRECTION('',(-1.,5.551115123126E-16,3.330669073875E-16));
#784 = DIRECTION('',(-7.771561172376E-16,1.,-1.110223024625E-15));
#785 = ADVANCED_FACE('',(#786),#811,.F.);
#786 = FACE_BOUND('',#787,.F.);
#787 = EDGE_LOOP('',(#788,#789,#797,#805));
#788 = ORIENTED_EDGE('',*,*,#766,.T.);
#789 = ORIENTED_EDGE('',*,*,#790,.T.);
#790 = EDGE_CURVE('',#758,#791,#793,.T.);
#791 = VERTEX_POINT('',#792);
#792 = CARTESIAN_POINT('',(-0.9,3.,1.65));
#793 = LINE('',#794,#795);
#794 = CARTESIAN_POINT('',(-0.9,1.466646926305,1.785295859444));
#795 = VECTOR('',#796,1.);
#796 = DIRECTION('',(-8.879937604088E-16,0.996129850025,
    -8.789381029636E-02));
#797 = ORIENTED_EDGE('',*,*,#798,.F.);
#798 = EDGE_CURVE('',#799,#791,#801,.T.);
#799 = VERTEX_POINT('',#800);
#800 = CARTESIAN_POINT('',(-1.1,3.,1.65));
#801 = LINE('',#802,#803);
#802 = CARTESIAN_POINT('',(-1.1,3.,1.65));
#803 = VECTOR('',#804,1.);
#804 = DIRECTION('',(1.,-7.771561172376E-16,-5.551115123126E-16));
#805 = ORIENTED_EDGE('',*,*,#806,.F.);
#806 = EDGE_CURVE('',#767,#799,#807,.T.);
#807 = LINE('',#808,#809);
#808 = CARTESIAN_POINT('',(-1.1,1.466646926305,1.785295859444));
#809 = VECTOR('',#810,1.);
#810 = DIRECTION('',(-8.879937604088E-16,0.996129850025,
    -8.789381029636E-02));
#811 = PLANE('',#812);
#812 = AXIS2_PLACEMENT_3D('',#813,#814,#815);
#813 = CARTESIAN_POINT('',(-1.1,1.466646926305,1.785295859444));
#814 = DIRECTION('',(-8.229392724667E-16,8.789381029636E-02,
    0.996129850025));
#815 = DIRECTION('',(-6.863248477885E-16,0.996129850025,
    -8.789381029636E-02));
#816 = ADVANCED_FACE('',(#817),#842,.F.);
#817 = FACE_BOUND('',#818,.F.);
#818 = EDGE_LOOP('',(#819,#820,#828,#836));
#819 = ORIENTED_EDGE('',*,*,#798,.T.);
#820 = ORIENTED_EDGE('',*,*,#821,.T.);
#821 = EDGE_CURVE('',#791,#822,#824,.T.);
#822 = VERTEX_POINT('',#823);
#823 = CARTESIAN_POINT('',(-0.9,4.03,0.143010431111));
#824 = LINE('',#825,#826);
#825 = CARTESIAN_POINT('',(-0.9,3.,1.65));
#826 = VECTOR('',#827,1.);
#827 = DIRECTION('',(4.444218405387E-16,0.564274079524,-0.825587526055)
  );
#828 = ORIENTED_EDGE('',*,*,#829,.F.);
#829 = EDGE_CURVE('',#830,#822,#832,.T.);
#830 = VERTEX_POINT('',#831);
#831 = CARTESIAN_POINT('',(-1.1,4.03,0.143010431111));
#832 = LINE('',#833,#834);
#833 = CARTESIAN_POINT('',(-1.1,4.03,0.143010431111));
#834 = VECTOR('',#835,1.);
#835 = DIRECTION('',(1.,-7.771561172376E-16,-5.551115123126E-16));
#836 = ORIENTED_EDGE('',*,*,#837,.F.);
#837 = EDGE_CURVE('',#799,#830,#838,.T.);
#838 = LINE('',#839,#840);
#839 = CARTESIAN_POINT('',(-1.1,3.,1.65));
#840 = VECTOR('',#841,1.);
#841 = DIRECTION('',(4.444218405387E-16,0.564274079524,-0.825587526055)
  );
#842 = PLANE('',#843);
#843 = AXIS2_PLACEMENT_3D('',#844,#845,#846);
#844 = CARTESIAN_POINT('',(-1.1,3.,1.65));
#845 = DIRECTION('',(-8.968221928353E-16,0.825587526055,0.564274079524)
  );
#846 = DIRECTION('',(3.863985995421E-16,0.564274079524,-0.825587526055)
  );
#847 = ADVANCED_FACE('',(#848),#873,.F.);
#848 = FACE_BOUND('',#849,.F.);
#849 = EDGE_LOOP('',(#850,#851,#859,#867));
#850 = ORIENTED_EDGE('',*,*,#829,.T.);
#851 = ORIENTED_EDGE('',*,*,#852,.T.);
#852 = EDGE_CURVE('',#822,#853,#855,.T.);
#853 = VERTEX_POINT('',#854);
#854 = CARTESIAN_POINT('',(-0.9,4.15,-3.330669073875E-15));
#855 = LINE('',#856,#857);
#856 = CARTESIAN_POINT('',(-0.9,4.03,0.143010431111));
#857 = VECTOR('',#858,1.);
#858 = DIRECTION('',(2.932543527045E-16,0.642787609687,-0.766044443119)
  );
#859 = ORIENTED_EDGE('',*,*,#860,.F.);
#860 = EDGE_CURVE('',#861,#853,#863,.T.);
#861 = VERTEX_POINT('',#862);
#862 = CARTESIAN_POINT('',(-1.1,4.15,-3.308464613383E-15));
#863 = LINE('',#864,#865);
#864 = CARTESIAN_POINT('',(-1.1,4.15,-3.10862446895E-15));
#865 = VECTOR('',#866,1.);
#866 = DIRECTION('',(1.,-7.771561172376E-16,-5.551115123126E-16));
#867 = ORIENTED_EDGE('',*,*,#868,.F.);
#868 = EDGE_CURVE('',#830,#861,#869,.T.);
#869 = LINE('',#870,#871);
#870 = CARTESIAN_POINT('',(-1.1,4.03,0.143010431111));
#871 = VECTOR('',#872,1.);
#872 = DIRECTION('',(2.932543527045E-16,0.642787609687,-0.766044443119)
  );
#873 = PLANE('',#874);
#874 = AXIS2_PLACEMENT_3D('',#875,#876,#877);
#875 = CARTESIAN_POINT('',(-1.1,4.03,0.143010431111));
#876 = DIRECTION('',(-9.247864122709E-16,0.766044443119,0.642787609687)
  );
#877 = DIRECTION('',(2.658858378207E-16,0.642787609687,-0.766044443119)
  );
#878 = ADVANCED_FACE('',(#879),#904,.F.);
#879 = FACE_BOUND('',#880,.F.);
#880 = EDGE_LOOP('',(#881,#882,#890,#898));
#881 = ORIENTED_EDGE('',*,*,#860,.T.);
#882 = ORIENTED_EDGE('',*,*,#883,.T.);
#883 = EDGE_CURVE('',#853,#884,#886,.T.);
#884 = VERTEX_POINT('',#885);
#885 = CARTESIAN_POINT('',(-0.9,4.85,-3.796962744218E-15));
#886 = LINE('',#887,#888);
#887 = CARTESIAN_POINT('',(-0.9,4.15,-4.329869796038E-15));
#888 = VECTOR('',#889,1.);
#889 = DIRECTION('',(-9.992007221626E-16,1.,-1.33226762955E-15));
#890 = ORIENTED_EDGE('',*,*,#891,.F.);
#891 = EDGE_CURVE('',#892,#884,#894,.T.);
#892 = VERTEX_POINT('',#893);
#893 = CARTESIAN_POINT('',(-1.1,4.85,-3.774758283726E-15));
#894 = LINE('',#895,#896);
#895 = CARTESIAN_POINT('',(-1.1,4.85,-3.774758283726E-15));
#896 = VECTOR('',#897,1.);
#897 = DIRECTION('',(1.,-7.771561172376E-16,-5.551115123126E-16));
#898 = ORIENTED_EDGE('',*,*,#899,.F.);
#899 = EDGE_CURVE('',#861,#892,#900,.T.);
#900 = LINE('',#901,#902);
#901 = CARTESIAN_POINT('',(-1.1,4.15,-4.218847493576E-15));
#902 = VECTOR('',#903,1.);
#903 = DIRECTION('',(-9.992007221626E-16,1.,-1.33226762955E-15));
#904 = PLANE('',#905);
#905 = AXIS2_PLACEMENT_3D('',#906,#907,#908);
#906 = CARTESIAN_POINT('',(-1.1,4.15,-3.10862446895E-15));
#907 = DIRECTION('',(-7.771561172376E-16,-2.22044604925E-16,1.));
#908 = DIRECTION('',(-7.771561172376E-16,1.,-1.110223024625E-15));
#909 = ADVANCED_FACE('',(#910),#937,.T.);
#910 = FACE_BOUND('',#911,.F.);
#911 = EDGE_LOOP('',(#912,#913,#922,#930));
#912 = ORIENTED_EDGE('',*,*,#891,.T.);
#913 = ORIENTED_EDGE('',*,*,#914,.T.);
#914 = EDGE_CURVE('',#884,#915,#917,.T.);
#915 = VERTEX_POINT('',#916);
#916 = CARTESIAN_POINT('',(-0.9,4.85,0.2));
#917 = CIRCLE('',#918,0.1);
#918 = AXIS2_PLACEMENT_3D('',#919,#920,#921);
#919 = CARTESIAN_POINT('',(-0.9,4.85,9.999999999999E-02));
#920 = DIRECTION('',(1.,9.992007221626E-16,1.221245327088E-15));
#921 = DIRECTION('',(-9.992007221626E-16,1.,-1.33226762955E-15));
#922 = ORIENTED_EDGE('',*,*,#923,.F.);
#923 = EDGE_CURVE('',#924,#915,#926,.T.);
#924 = VERTEX_POINT('',#925);
#925 = CARTESIAN_POINT('',(-1.1,4.85,0.2));
#926 = LINE('',#927,#928);
#927 = CARTESIAN_POINT('',(-1.1,4.85,0.2));
#928 = VECTOR('',#929,1.);
#929 = DIRECTION('',(1.,-7.771561172376E-16,-5.551115123126E-16));
#930 = ORIENTED_EDGE('',*,*,#931,.F.);
#931 = EDGE_CURVE('',#892,#924,#932,.T.);
#932 = CIRCLE('',#933,0.1);
#933 = AXIS2_PLACEMENT_3D('',#934,#935,#936);
#934 = CARTESIAN_POINT('',(-1.1,4.85,1.E-01));
#935 = DIRECTION('',(1.,9.992007221626E-16,1.221245327088E-15));
#936 = DIRECTION('',(-9.992007221626E-16,1.,-1.33226762955E-15));
#937 = CYLINDRICAL_SURFACE('',#938,0.1);
#938 = AXIS2_PLACEMENT_3D('',#939,#940,#941);
#939 = CARTESIAN_POINT('',(-1.1,4.85,1.E-01));
#940 = DIRECTION('',(-1.,5.551115123126E-16,3.330669073875E-16));
#941 = DIRECTION('',(-7.771561172376E-16,1.,-1.110223024625E-15));
#942 = ADVANCED_FACE('',(#943),#968,.F.);
#943 = FACE_BOUND('',#944,.F.);
#944 = EDGE_LOOP('',(#945,#946,#954,#962));
#945 = ORIENTED_EDGE('',*,*,#923,.T.);
#946 = ORIENTED_EDGE('',*,*,#947,.T.);
#947 = EDGE_CURVE('',#915,#948,#950,.T.);
#948 = VERTEX_POINT('',#949);
#949 = CARTESIAN_POINT('',(-0.9,4.45,0.2));
#950 = LINE('',#951,#952);
#951 = CARTESIAN_POINT('',(-0.9,4.85,0.2));
#952 = VECTOR('',#953,1.);
#953 = DIRECTION('',(9.992007221626E-16,-1.,1.33226762955E-15));
#954 = ORIENTED_EDGE('',*,*,#955,.F.);
#955 = EDGE_CURVE('',#956,#948,#958,.T.);
#956 = VERTEX_POINT('',#957);
#957 = CARTESIAN_POINT('',(-1.1,4.45,0.2));
#958 = LINE('',#959,#960);
#959 = CARTESIAN_POINT('',(-1.1,4.45,0.2));
#960 = VECTOR('',#961,1.);
#961 = DIRECTION('',(1.,-7.771561172376E-16,-5.551115123126E-16));
#962 = ORIENTED_EDGE('',*,*,#963,.F.);
#963 = EDGE_CURVE('',#924,#956,#964,.T.);
#964 = LINE('',#965,#966);
#965 = CARTESIAN_POINT('',(-1.1,4.85,0.2));
#966 = VECTOR('',#967,1.);
#967 = DIRECTION('',(9.992007221626E-16,-1.,1.33226762955E-15));
#968 = PLANE('',#969);
#969 = AXIS2_PLACEMENT_3D('',#970,#971,#972);
#970 = CARTESIAN_POINT('',(-1.1,4.85,0.2));
#971 = DIRECTION('',(7.771561172376E-16,2.22044604925E-16,-1.));
#972 = DIRECTION('',(7.771561172376E-16,-1.,1.110223024625E-15));
#973 = ADVANCED_FACE('',(#974),#999,.F.);
#974 = FACE_BOUND('',#975,.F.);
#975 = EDGE_LOOP('',(#976,#977,#985,#993));
#976 = ORIENTED_EDGE('',*,*,#955,.T.);
#977 = ORIENTED_EDGE('',*,*,#978,.T.);
#978 = EDGE_CURVE('',#948,#979,#981,.T.);
#979 = VERTEX_POINT('',#980);
#980 = CARTESIAN_POINT('',(-0.9,4.03,0.927461339179));
#981 = LINE('',#982,#983);
#982 = CARTESIAN_POINT('',(-0.9,4.45,0.2));
#983 = VECTOR('',#984,1.);
#984 = DIRECTION('',(-5.580291164296E-16,-0.5,0.866025403784));
#985 = ORIENTED_EDGE('',*,*,#986,.F.);
#986 = EDGE_CURVE('',#987,#979,#989,.T.);
#987 = VERTEX_POINT('',#988);
#988 = CARTESIAN_POINT('',(-1.1,4.03,0.927461339179));
#989 = LINE('',#990,#991);
#990 = CARTESIAN_POINT('',(-1.1,4.03,0.927461339179));
#991 = VECTOR('',#992,1.);
#992 = DIRECTION('',(1.,-7.771561172376E-16,-5.551115123126E-16));
#993 = ORIENTED_EDGE('',*,*,#994,.F.);
#994 = EDGE_CURVE('',#956,#987,#995,.T.);
#995 = LINE('',#996,#997);
#996 = CARTESIAN_POINT('',(-1.1,4.45,0.2));
#997 = VECTOR('',#998,1.);
#998 = DIRECTION('',(-5.580291164296E-16,-0.5,0.866025403784));
#999 = PLANE('',#1000);
#1000 = AXIS2_PLACEMENT_3D('',#1001,#1002,#1003);
#1001 = CARTESIAN_POINT('',(-1.1,4.45,0.2));
#1002 = DIRECTION('',(8.693187302147E-16,-0.866025403784,-0.5));
#1003 = DIRECTION('',(-4.767551502538E-16,-0.5,0.866025403784));
#1004 = ADVANCED_FACE('',(#1005),#1030,.T.);
#1005 = FACE_BOUND('',#1006,.T.);
#1006 = EDGE_LOOP('',(#1007,#1017,#1023,#1024));
#1007 = ORIENTED_EDGE('',*,*,#1008,.T.);
#1008 = EDGE_CURVE('',#1009,#1011,#1013,.T.);
#1009 = VERTEX_POINT('',#1010);
#1010 = CARTESIAN_POINT('',(-1.1,3.,2.15));
#1011 = VERTEX_POINT('',#1012);
#1012 = CARTESIAN_POINT('',(-0.9,3.,2.15));
#1013 = LINE('',#1014,#1015);
#1014 = CARTESIAN_POINT('',(-1.1,3.,2.15));
#1015 = VECTOR('',#1016,1.);
#1016 = DIRECTION('',(1.,-7.771561172376E-16,-5.551115123126E-16));
#1017 = ORIENTED_EDGE('',*,*,#1018,.T.);
#1018 = EDGE_CURVE('',#1011,#979,#1019,.T.);
#1019 = LINE('',#1020,#1021);
#1020 = CARTESIAN_POINT('',(-0.9,3.,2.15));
#1021 = VECTOR('',#1022,1.);
#1022 = DIRECTION('',(2.901568905917E-16,0.644316444937,-0.764758993921)
  );
#1023 = ORIENTED_EDGE('',*,*,#986,.F.);
#1024 = ORIENTED_EDGE('',*,*,#1025,.F.);
#1025 = EDGE_CURVE('',#1009,#987,#1026,.T.);
#1026 = LINE('',#1027,#1028);
#1027 = CARTESIAN_POINT('',(-1.1,3.,2.15));
#1028 = VECTOR('',#1029,1.);
#1029 = DIRECTION('',(2.901568905917E-16,0.644316444937,-0.764758993921)
  );
#1030 = PLANE('',#1031);
#1031 = AXIS2_PLACEMENT_3D('',#1032,#1033,#1034);
#1032 = CARTESIAN_POINT('',(-1.1,3.,2.15));
#1033 = DIRECTION('',(-9.252609882901E-16,0.764758993921,0.644316444937)
  );
#1034 = DIRECTION('',(2.634132723865E-16,0.644316444937,-0.764758993921)
  );
#1035 = ADVANCED_FACE('',(#1036),#1052,.T.);
#1036 = FACE_BOUND('',#1037,.T.);
#1037 = EDGE_LOOP('',(#1038,#1039,#1045,#1046));
#1038 = ORIENTED_EDGE('',*,*,#747,.T.);
#1039 = ORIENTED_EDGE('',*,*,#1040,.T.);
#1040 = EDGE_CURVE('',#750,#1011,#1041,.T.);
#1041 = LINE('',#1042,#1043);
#1042 = CARTESIAN_POINT('',(-0.9,1.482705619352,2.15));
#1043 = VECTOR('',#1044,1.);
#1044 = DIRECTION('',(-9.992007221626E-16,1.,-1.33226762955E-15));
#1045 = ORIENTED_EDGE('',*,*,#1008,.F.);
#1046 = ORIENTED_EDGE('',*,*,#1047,.F.);
#1047 = EDGE_CURVE('',#748,#1009,#1048,.T.);
#1048 = LINE('',#1049,#1050);
#1049 = CARTESIAN_POINT('',(-1.1,1.482705619352,2.15));
#1050 = VECTOR('',#1051,1.);
#1051 = DIRECTION('',(-9.992007221626E-16,1.,-1.33226762955E-15));
#1052 = PLANE('',#1053);
#1053 = AXIS2_PLACEMENT_3D('',#1054,#1055,#1056);
#1054 = CARTESIAN_POINT('',(-1.1,1.482705619352,2.15));
#1055 = DIRECTION('',(-7.771561172376E-16,-2.22044604925E-16,1.));
#1056 = DIRECTION('',(-7.771561172376E-16,1.,-1.110223024625E-15));
#1057 = ADVANCED_FACE('',(#1058),#1070,.F.);
#1058 = FACE_BOUND('',#1059,.F.);
#1059 = EDGE_LOOP('',(#1060,#1061,#1062,#1063,#1064,#1065,#1066,#1067,
    #1068,#1069));
#1060 = ORIENTED_EDGE('',*,*,#774,.T.);
#1061 = ORIENTED_EDGE('',*,*,#806,.T.);
#1062 = ORIENTED_EDGE('',*,*,#837,.T.);
#1063 = ORIENTED_EDGE('',*,*,#868,.T.);
#1064 = ORIENTED_EDGE('',*,*,#899,.T.);
#1065 = ORIENTED_EDGE('',*,*,#931,.T.);
#1066 = ORIENTED_EDGE('',*,*,#963,.T.);
#1067 = ORIENTED_EDGE('',*,*,#994,.T.);
#1068 = ORIENTED_EDGE('',*,*,#1025,.F.);
#1069 = ORIENTED_EDGE('',*,*,#1047,.F.);
#1070 = PLANE('',#1071);
#1071 = AXIS2_PLACEMENT_3D('',#1072,#1073,#1074);
#1072 = CARTESIAN_POINT('',(-1.1,3.221458458896,1.234212808608));
#1073 = DIRECTION('',(1.,-9.992007221626E-16,-7.771561172376E-16));
#1074 = DIRECTION('',(-1.221245327088E-15,-6.661338147751E-16,1.));
#1075 = ADVANCED_FACE('',(#1076),#1088,.T.);
#1076 = FACE_BOUND('',#1077,.T.);
#1077 = EDGE_LOOP('',(#1078,#1079,#1080,#1081,#1082,#1083,#1084,#1085,
    #1086,#1087));
#1078 = ORIENTED_EDGE('',*,*,#757,.T.);
#1079 = ORIENTED_EDGE('',*,*,#790,.T.);
#1080 = ORIENTED_EDGE('',*,*,#821,.T.);
#1081 = ORIENTED_EDGE('',*,*,#852,.T.);
#1082 = ORIENTED_EDGE('',*,*,#883,.T.);
#1083 = ORIENTED_EDGE('',*,*,#914,.T.);
#1084 = ORIENTED_EDGE('',*,*,#947,.T.);
#1085 = ORIENTED_EDGE('',*,*,#978,.T.);
#1086 = ORIENTED_EDGE('',*,*,#1018,.F.);
#1087 = ORIENTED_EDGE('',*,*,#1040,.F.);
#1088 = PLANE('',#1089);
#1089 = AXIS2_PLACEMENT_3D('',#1090,#1091,#1092);
#1090 = CARTESIAN_POINT('',(-0.9,3.221458458896,1.234212808608));
#1091 = DIRECTION('',(1.,-9.992007221626E-16,-7.771561172376E-16));
#1092 = DIRECTION('',(-1.221245327088E-15,-6.661338147751E-16,1.));
#1093 = MANIFOLD_SOLID_BREP('',#1094);
#1094 = CLOSED_SHELL('',(#1095,#1135,#1166,#1197,#1228,#1259,#1290,#1321
    ,#1352,#1374,#1391));
#1095 = ADVANCED_FACE('',(#1096),#1130,.F.);
#1096 = FACE_BOUND('',#1097,.F.);
#1097 = EDGE_LOOP('',(#1098,#1108,#1116,#1124));
#1098 = ORIENTED_EDGE('',*,*,#1099,.T.);
#1099 = EDGE_CURVE('',#1100,#1102,#1104,.T.);
#1100 = VERTEX_POINT('',#1101);
#1101 = CARTESIAN_POINT('',(2.,-4.19109191796E-16,0.1));
#1102 = VERTEX_POINT('',#1103);
#1103 = CARTESIAN_POINT('',(2.2,-4.63518112781E-16,0.1));
#1104 = LINE('',#1105,#1106);
#1105 = CARTESIAN_POINT('',(2.,-4.19109191796E-16,0.1));
#1106 = VECTOR('',#1107,1.);
#1107 = DIRECTION('',(1.,-2.22044604925E-16,1.110223024625E-16));
#1108 = ORIENTED_EDGE('',*,*,#1109,.T.);
#1109 = EDGE_CURVE('',#1102,#1110,#1112,.T.);
#1110 = VERTEX_POINT('',#1111);
#1111 = CARTESIAN_POINT('',(2.2,1.E-01,2.109423746788E-16));
#1112 = LINE('',#1113,#1114);
#1113 = CARTESIAN_POINT('',(2.2,-4.857225732735E-16,1.E-01));
#1114 = VECTOR('',#1115,1.);
#1115 = DIRECTION('',(2.355138688026E-16,0.707106781187,-0.707106781187)
  );
#1116 = ORIENTED_EDGE('',*,*,#1117,.F.);
#1117 = EDGE_CURVE('',#1118,#1110,#1120,.T.);
#1118 = VERTEX_POINT('',#1119);
#1119 = CARTESIAN_POINT('',(2.,1.E-01,1.887379141863E-16));
#1120 = LINE('',#1121,#1122);
#1121 = CARTESIAN_POINT('',(2.,1.E-01,1.887379141863E-16));
#1122 = VECTOR('',#1123,1.);
#1123 = DIRECTION('',(1.,-2.22044604925E-16,1.110223024625E-16));
#1124 = ORIENTED_EDGE('',*,*,#1125,.F.);
#1125 = EDGE_CURVE('',#1100,#1118,#1126,.T.);
#1126 = LINE('',#1127,#1128);
#1127 = CARTESIAN_POINT('',(2.,-4.413136522885E-16,1.E-01));
#1128 = VECTOR('',#1129,1.);
#1129 = DIRECTION('',(2.355138688026E-16,0.707106781187,-0.707106781187)
  );
#1130 = PLANE('',#1131);
#1131 = AXIS2_PLACEMENT_3D('',#1132,#1133,#1134);
#1132 = CARTESIAN_POINT('',(2.,-4.19109191796E-16,0.1));
#1133 = DIRECTION('',(7.850462293419E-17,0.707106781187,0.707106781187)
  );
#1134 = DIRECTION('',(2.355138688026E-16,0.707106781187,-0.707106781187)
  );
#1135 = ADVANCED_FACE('',(#1136),#1161,.F.);
#1136 = FACE_BOUND('',#1137,.F.);
#1137 = EDGE_LOOP('',(#1138,#1139,#1147,#1155));
#1138 = ORIENTED_EDGE('',*,*,#1117,.T.);
#1139 = ORIENTED_EDGE('',*,*,#1140,.T.);
#1140 = EDGE_CURVE('',#1110,#1141,#1143,.T.);
#1141 = VERTEX_POINT('',#1142);
#1142 = CARTESIAN_POINT('',(2.2,1.4,-2.22044604925E-16));
#1143 = LINE('',#1144,#1145);
#1144 = CARTESIAN_POINT('',(2.2,1.E-01,-1.33226762955E-15));
#1145 = VECTOR('',#1146,1.);
#1146 = DIRECTION('',(-2.22044604925E-16,1.,-5.551115123126E-16));
#1147 = ORIENTED_EDGE('',*,*,#1148,.F.);
#1148 = EDGE_CURVE('',#1149,#1141,#1151,.T.);
#1149 = VERTEX_POINT('',#1150);
#1150 = CARTESIAN_POINT('',(2.,1.4,-2.442490654175E-16));
#1151 = LINE('',#1152,#1153);
#1152 = CARTESIAN_POINT('',(2.,1.4,-2.442490654175E-16));
#1153 = VECTOR('',#1154,1.);
#1154 = DIRECTION('',(1.,-2.22044604925E-16,1.110223024625E-16));
#1155 = ORIENTED_EDGE('',*,*,#1156,.F.);
#1156 = EDGE_CURVE('',#1118,#1149,#1157,.T.);
#1157 = LINE('',#1158,#1159);
#1158 = CARTESIAN_POINT('',(2.,1.E-01,-8.881784197001E-16));
#1159 = VECTOR('',#1160,1.);
#1160 = DIRECTION('',(-2.22044604925E-16,1.,-5.551115123126E-16));
#1161 = PLANE('',#1162);
#1162 = AXIS2_PLACEMENT_3D('',#1163,#1164,#1165);
#1163 = CARTESIAN_POINT('',(2.,1.E-01,1.887379141863E-16));
#1164 = DIRECTION('',(-1.110223024625E-16,3.330669073875E-16,1.));
#1165 = DIRECTION('',(2.465190328816E-32,1.,-3.330669073875E-16));
#1166 = ADVANCED_FACE('',(#1167),#1192,.F.);
#1167 = FACE_BOUND('',#1168,.F.);
#1168 = EDGE_LOOP('',(#1169,#1170,#1178,#1186));
#1169 = ORIENTED_EDGE('',*,*,#1148,.T.);
#1170 = ORIENTED_EDGE('',*,*,#1171,.T.);
#1171 = EDGE_CURVE('',#1141,#1172,#1174,.T.);
#1172 = VERTEX_POINT('',#1173);
#1173 = CARTESIAN_POINT('',(2.2,1.5,1.E-01));
#1174 = LINE('',#1175,#1176);
#1175 = CARTESIAN_POINT('',(2.2,1.4,-2.22044604925E-15));
#1176 = VECTOR('',#1177,1.);
#1177 = DIRECTION('',(-5.495323605393E-16,0.707106781187,0.707106781187)
  );
#1178 = ORIENTED_EDGE('',*,*,#1179,.F.);
#1179 = EDGE_CURVE('',#1180,#1172,#1182,.T.);
#1180 = VERTEX_POINT('',#1181);
#1181 = CARTESIAN_POINT('',(2.,1.5,1.E-01));
#1182 = LINE('',#1183,#1184);
#1183 = CARTESIAN_POINT('',(2.,1.5,1.E-01));
#1184 = VECTOR('',#1185,1.);
#1185 = DIRECTION('',(1.,-2.22044604925E-16,1.110223024625E-16));
#1186 = ORIENTED_EDGE('',*,*,#1187,.F.);
#1187 = EDGE_CURVE('',#1149,#1180,#1188,.T.);
#1188 = LINE('',#1189,#1190);
#1189 = CARTESIAN_POINT('',(2.,1.4,-1.7763568394E-15));
#1190 = VECTOR('',#1191,1.);
#1191 = DIRECTION('',(-5.495323605393E-16,0.707106781187,0.707106781187)
  );
#1192 = PLANE('',#1193);
#1193 = AXIS2_PLACEMENT_3D('',#1194,#1195,#1196);
#1194 = CARTESIAN_POINT('',(2.,1.4,-2.442490654175E-16));
#1195 = DIRECTION('',(-2.355138688026E-16,-0.707106781187,0.707106781187
    ));
#1196 = DIRECTION('',(-2.355138688026E-16,0.707106781187,0.707106781187)
  );
#1197 = ADVANCED_FACE('',(#1198),#1223,.F.);
#1198 = FACE_BOUND('',#1199,.F.);
#1199 = EDGE_LOOP('',(#1200,#1201,#1209,#1217));
#1200 = ORIENTED_EDGE('',*,*,#1179,.T.);
#1201 = ORIENTED_EDGE('',*,*,#1202,.T.);
#1202 = EDGE_CURVE('',#1172,#1203,#1205,.T.);
#1203 = VERTEX_POINT('',#1204);
#1204 = CARTESIAN_POINT('',(2.2,1.5,0.6));
#1205 = LINE('',#1206,#1207);
#1206 = CARTESIAN_POINT('',(2.2,1.5,1.E-01));
#1207 = VECTOR('',#1208,1.);
#1208 = DIRECTION('',(-5.551115123126E-16,-1.110223024625E-16,1.));
#1209 = ORIENTED_EDGE('',*,*,#1210,.F.);
#1210 = EDGE_CURVE('',#1211,#1203,#1213,.T.);
#1211 = VERTEX_POINT('',#1212);
#1212 = CARTESIAN_POINT('',(2.,1.5,0.6));
#1213 = LINE('',#1214,#1215);
#1214 = CARTESIAN_POINT('',(2.,1.5,0.6));
#1215 = VECTOR('',#1216,1.);
#1216 = DIRECTION('',(1.,-2.22044604925E-16,1.110223024625E-16));
#1217 = ORIENTED_EDGE('',*,*,#1218,.F.);
#1218 = EDGE_CURVE('',#1180,#1211,#1219,.T.);
#1219 = LINE('',#1220,#1221);
#1220 = CARTESIAN_POINT('',(2.,1.5,1.E-01));
#1221 = VECTOR('',#1222,1.);
#1222 = DIRECTION('',(-5.551115123126E-16,-1.110223024625E-16,1.));
#1223 = PLANE('',#1224);
#1224 = AXIS2_PLACEMENT_3D('',#1225,#1226,#1227);
#1225 = CARTESIAN_POINT('',(2.,1.5,1.E-01));
#1226 = DIRECTION('',(-2.22044604925E-16,-1.,1.110223024625E-16));
#1227 = DIRECTION('',(-3.330669073875E-16,1.110223024625E-16,1.));
#1228 = ADVANCED_FACE('',(#1229),#1254,.F.);
#1229 = FACE_BOUND('',#1230,.F.);
#1230 = EDGE_LOOP('',(#1231,#1232,#1240,#1248));
#1231 = ORIENTED_EDGE('',*,*,#1210,.T.);
#1232 = ORIENTED_EDGE('',*,*,#1233,.T.);
#1233 = EDGE_CURVE('',#1203,#1234,#1236,.T.);
#1234 = VERTEX_POINT('',#1235);
#1235 = CARTESIAN_POINT('',(2.2,0.5,0.6));
#1236 = LINE('',#1237,#1238);
#1237 = CARTESIAN_POINT('',(2.2,1.5,0.6));
#1238 = VECTOR('',#1239,1.);
#1239 = DIRECTION('',(2.22044604925E-16,-1.,5.551115123126E-16));
#1240 = ORIENTED_EDGE('',*,*,#1241,.F.);
#1241 = EDGE_CURVE('',#1242,#1234,#1244,.T.);
#1242 = VERTEX_POINT('',#1243);
#1243 = CARTESIAN_POINT('',(2.,0.5,0.6));
#1244 = LINE('',#1245,#1246);
#1245 = CARTESIAN_POINT('',(2.,0.5,0.6));
#1246 = VECTOR('',#1247,1.);
#1247 = DIRECTION('',(1.,-2.22044604925E-16,1.110223024625E-16));
#1248 = ORIENTED_EDGE('',*,*,#1249,.F.);
#1249 = EDGE_CURVE('',#1211,#1242,#1250,.T.);
#1250 = LINE('',#1251,#1252);
#1251 = CARTESIAN_POINT('',(2.,1.5,0.6));
#1252 = VECTOR('',#1253,1.);
#1253 = DIRECTION('',(2.22044604925E-16,-1.,5.551115123126E-16));
#1254 = PLANE('',#1255);
#1255 = AXIS2_PLACEMENT_3D('',#1256,#1257,#1258);
#1256 = CARTESIAN_POINT('',(2.,1.5,0.6));
#1257 = DIRECTION('',(1.110223024625E-16,-3.330669073875E-16,-1.));
#1258 = DIRECTION('',(-2.465190328816E-32,-1.,3.330669073875E-16));
#1259 = ADVANCED_FACE('',(#1260),#1285,.F.);
#1260 = FACE_BOUND('',#1261,.F.);
#1261 = EDGE_LOOP('',(#1262,#1263,#1271,#1279));
#1262 = ORIENTED_EDGE('',*,*,#1241,.T.);
#1263 = ORIENTED_EDGE('',*,*,#1264,.T.);
#1264 = EDGE_CURVE('',#1234,#1265,#1267,.T.);
#1265 = VERTEX_POINT('',#1266);
#1266 = CARTESIAN_POINT('',(2.2,0.5,1.25));
#1267 = LINE('',#1268,#1269);
#1268 = CARTESIAN_POINT('',(2.2,0.5,0.6));
#1269 = VECTOR('',#1270,1.);
#1270 = DIRECTION('',(-5.551115123126E-16,-1.110223024625E-16,1.));
#1271 = ORIENTED_EDGE('',*,*,#1272,.F.);
#1272 = EDGE_CURVE('',#1273,#1265,#1275,.T.);
#1273 = VERTEX_POINT('',#1274);
#1274 = CARTESIAN_POINT('',(2.,0.5,1.25));
#1275 = LINE('',#1276,#1277);
#1276 = CARTESIAN_POINT('',(2.,0.5,1.25));
#1277 = VECTOR('',#1278,1.);
#1278 = DIRECTION('',(1.,-2.22044604925E-16,1.110223024625E-16));
#1279 = ORIENTED_EDGE('',*,*,#1280,.F.);
#1280 = EDGE_CURVE('',#1242,#1273,#1281,.T.);
#1281 = LINE('',#1282,#1283);
#1282 = CARTESIAN_POINT('',(2.,0.5,0.6));
#1283 = VECTOR('',#1284,1.);
#1284 = DIRECTION('',(-5.551115123126E-16,-1.110223024625E-16,1.));
#1285 = PLANE('',#1286);
#1286 = AXIS2_PLACEMENT_3D('',#1287,#1288,#1289);
#1287 = CARTESIAN_POINT('',(2.,0.5,0.6));
#1288 = DIRECTION('',(-2.22044604925E-16,-1.,1.110223024625E-16));
#1289 = DIRECTION('',(-3.330669073875E-16,1.110223024625E-16,1.));
#1290 = ADVANCED_FACE('',(#1291),#1316,.F.);
#1291 = FACE_BOUND('',#1292,.F.);
#1292 = EDGE_LOOP('',(#1293,#1294,#1302,#1310));
#1293 = ORIENTED_EDGE('',*,*,#1272,.T.);
#1294 = ORIENTED_EDGE('',*,*,#1295,.T.);
#1295 = EDGE_CURVE('',#1265,#1296,#1298,.T.);
#1296 = VERTEX_POINT('',#1297);
#1297 = CARTESIAN_POINT('',(2.2,1.E-01,1.25));
#1298 = LINE('',#1299,#1300);
#1299 = CARTESIAN_POINT('',(2.2,0.5,1.25));
#1300 = VECTOR('',#1301,1.);
#1301 = DIRECTION('',(2.22044604925E-16,-1.,5.551115123126E-16));
#1302 = ORIENTED_EDGE('',*,*,#1303,.F.);
#1303 = EDGE_CURVE('',#1304,#1296,#1306,.T.);
#1304 = VERTEX_POINT('',#1305);
#1305 = CARTESIAN_POINT('',(2.,1.E-01,1.25));
#1306 = LINE('',#1307,#1308);
#1307 = CARTESIAN_POINT('',(2.,1.E-01,1.25));
#1308 = VECTOR('',#1309,1.);
#1309 = DIRECTION('',(1.,-2.22044604925E-16,1.110223024625E-16));
#1310 = ORIENTED_EDGE('',*,*,#1311,.F.);
#1311 = EDGE_CURVE('',#1273,#1304,#1312,.T.);
#1312 = LINE('',#1313,#1314);
#1313 = CARTESIAN_POINT('',(2.,0.5,1.25));
#1314 = VECTOR('',#1315,1.);
#1315 = DIRECTION('',(2.22044604925E-16,-1.,5.551115123126E-16));
#1316 = PLANE('',#1317);
#1317 = AXIS2_PLACEMENT_3D('',#1318,#1319,#1320);
#1318 = CARTESIAN_POINT('',(2.,0.5,1.25));
#1319 = DIRECTION('',(1.110223024625E-16,-3.330669073875E-16,-1.));
#1320 = DIRECTION('',(-2.465190328816E-32,-1.,3.330669073875E-16));
#1321 = ADVANCED_FACE('',(#1322),#1347,.F.);
#1322 = FACE_BOUND('',#1323,.F.);
#1323 = EDGE_LOOP('',(#1324,#1325,#1333,#1341));
#1324 = ORIENTED_EDGE('',*,*,#1303,.T.);
#1325 = ORIENTED_EDGE('',*,*,#1326,.T.);
#1326 = EDGE_CURVE('',#1296,#1327,#1329,.T.);
#1327 = VERTEX_POINT('',#1328);
#1328 = CARTESIAN_POINT('',(2.2,-3.469446951954E-16,1.15));
#1329 = LINE('',#1330,#1331);
#1330 = CARTESIAN_POINT('',(2.2,1.E-01,1.25));
#1331 = VECTOR('',#1332,1.);
#1332 = DIRECTION('',(5.495323605393E-16,-0.707106781187,-0.707106781187
    ));
#1333 = ORIENTED_EDGE('',*,*,#1334,.F.);
#1334 = EDGE_CURVE('',#1335,#1327,#1337,.T.);
#1335 = VERTEX_POINT('',#1336);
#1336 = CARTESIAN_POINT('',(2.,-3.025357742104E-16,1.15));
#1337 = LINE('',#1338,#1339);
#1338 = CARTESIAN_POINT('',(2.,-3.025357742104E-16,1.15));
#1339 = VECTOR('',#1340,1.);
#1340 = DIRECTION('',(1.,-2.22044604925E-16,1.110223024625E-16));
#1341 = ORIENTED_EDGE('',*,*,#1342,.F.);
#1342 = EDGE_CURVE('',#1304,#1335,#1343,.T.);
#1343 = LINE('',#1344,#1345);
#1344 = CARTESIAN_POINT('',(2.,1.E-01,1.25));
#1345 = VECTOR('',#1346,1.);
#1346 = DIRECTION('',(5.495323605393E-16,-0.707106781187,-0.707106781187
    ));
#1347 = PLANE('',#1348);
#1348 = AXIS2_PLACEMENT_3D('',#1349,#1350,#1351);
#1349 = CARTESIAN_POINT('',(2.,1.E-01,1.25));
#1350 = DIRECTION('',(2.355138688026E-16,0.707106781187,-0.707106781187)
  );
#1351 = DIRECTION('',(2.355138688026E-16,-0.707106781187,-0.707106781187
    ));
#1352 = ADVANCED_FACE('',(#1353),#1369,.F.);
#1353 = FACE_BOUND('',#1354,.F.);
#1354 = EDGE_LOOP('',(#1355,#1356,#1362,#1363));
#1355 = ORIENTED_EDGE('',*,*,#1334,.T.);
#1356 = ORIENTED_EDGE('',*,*,#1357,.T.);
#1357 = EDGE_CURVE('',#1327,#1102,#1358,.T.);
#1358 = LINE('',#1359,#1360);
#1359 = CARTESIAN_POINT('',(2.2,-6.022959908591E-16,1.15));
#1360 = VECTOR('',#1361,1.);
#1361 = DIRECTION('',(5.551115123126E-16,1.110223024625E-16,-1.));
#1362 = ORIENTED_EDGE('',*,*,#1099,.F.);
#1363 = ORIENTED_EDGE('',*,*,#1364,.F.);
#1364 = EDGE_CURVE('',#1335,#1100,#1365,.T.);
#1365 = LINE('',#1366,#1367);
#1366 = CARTESIAN_POINT('',(2.,-5.578870698741E-16,1.15));
#1367 = VECTOR('',#1368,1.);
#1368 = DIRECTION('',(5.551115123126E-16,1.110223024625E-16,-1.));
#1369 = PLANE('',#1370);
#1370 = AXIS2_PLACEMENT_3D('',#1371,#1372,#1373);
#1371 = CARTESIAN_POINT('',(2.,-3.025357742104E-16,1.15));
#1372 = DIRECTION('',(2.22044604925E-16,1.,-1.110223024625E-16));
#1373 = DIRECTION('',(3.330669073875E-16,-1.110223024625E-16,-1.));
#1374 = ADVANCED_FACE('',(#1375),#1386,.F.);
#1375 = FACE_BOUND('',#1376,.F.);
#1376 = EDGE_LOOP('',(#1377,#1378,#1379,#1380,#1381,#1382,#1383,#1384,
    #1385));
#1377 = ORIENTED_EDGE('',*,*,#1125,.T.);
#1378 = ORIENTED_EDGE('',*,*,#1156,.T.);
#1379 = ORIENTED_EDGE('',*,*,#1187,.T.);
#1380 = ORIENTED_EDGE('',*,*,#1218,.T.);
#1381 = ORIENTED_EDGE('',*,*,#1249,.T.);
#1382 = ORIENTED_EDGE('',*,*,#1280,.T.);
#1383 = ORIENTED_EDGE('',*,*,#1311,.T.);
#1384 = ORIENTED_EDGE('',*,*,#1342,.T.);
#1385 = ORIENTED_EDGE('',*,*,#1364,.T.);
#1386 = PLANE('',#1387);
#1387 = AXIS2_PLACEMENT_3D('',#1388,#1389,#1390);
#1388 = CARTESIAN_POINT('',(2.,0.636558040403,0.510182764801));
#1389 = DIRECTION('',(1.,-4.440892098501E-16,-1.110223024625E-16));
#1390 = DIRECTION('',(-5.551115123126E-16,-1.110223024625E-16,1.));
#1391 = ADVANCED_FACE('',(#1392),#1403,.T.);
#1392 = FACE_BOUND('',#1393,.T.);
#1393 = EDGE_LOOP('',(#1394,#1395,#1396,#1397,#1398,#1399,#1400,#1401,
    #1402));
#1394 = ORIENTED_EDGE('',*,*,#1109,.T.);
#1395 = ORIENTED_EDGE('',*,*,#1140,.T.);
#1396 = ORIENTED_EDGE('',*,*,#1171,.T.);
#1397 = ORIENTED_EDGE('',*,*,#1202,.T.);
#1398 = ORIENTED_EDGE('',*,*,#1233,.T.);
#1399 = ORIENTED_EDGE('',*,*,#1264,.T.);
#1400 = ORIENTED_EDGE('',*,*,#1295,.T.);
#1401 = ORIENTED_EDGE('',*,*,#1326,.T.);
#1402 = ORIENTED_EDGE('',*,*,#1357,.T.);
#1403 = PLANE('',#1404);
#1404 = AXIS2_PLACEMENT_3D('',#1405,#1406,#1407);
#1405 = CARTESIAN_POINT('',(2.2,0.636558040403,0.510182764801));
#1406 = DIRECTION('',(1.,-4.440892098501E-16,-1.110223024625E-16));
#1407 = DIRECTION('',(-5.551115123126E-16,-1.110223024625E-16,1.));
#1408 = MANIFOLD_SOLID_BREP('',#1409);
#1409 = CLOSED_SHELL('',(#1410,#1450,#1481,#1512,#1543,#1574,#1605,#1636
    ,#1667,#1689,#1706));
#1410 = ADVANCED_FACE('',(#1411),#1445,.F.);
#1411 = FACE_BOUND('',#1412,.T.);
#1412 = EDGE_LOOP('',(#1413,#1423,#1431,#1439));
#1413 = ORIENTED_EDGE('',*,*,#1414,.T.);
#1414 = EDGE_CURVE('',#1415,#1417,#1419,.T.);
#1415 = VERTEX_POINT('',#1416);
#1416 = CARTESIAN_POINT('',(-2.,1.112998582187E-15,1.E-01));
#1417 = VERTEX_POINT('',#1418);
#1418 = CARTESIAN_POINT('',(-2.2,1.224020884649E-15,1.E-01));
#1419 = LINE('',#1420,#1421);
#1420 = CARTESIAN_POINT('',(-2.,1.956768080902E-15,1.E-01));
#1421 = VECTOR('',#1422,1.);
#1422 = DIRECTION('',(-1.,9.992007221626E-16,-2.22044604925E-16));
#1423 = ORIENTED_EDGE('',*,*,#1424,.T.);
#1424 = EDGE_CURVE('',#1417,#1425,#1427,.T.);
#1425 = VERTEX_POINT('',#1426);
#1426 = CARTESIAN_POINT('',(-2.2,0.1,-1.498801083244E-15));
#1427 = LINE('',#1428,#1429);
#1428 = CARTESIAN_POINT('',(-2.2,5.04318808936E-15,1.E-01));
#1429 = VECTOR('',#1430,1.);
#1430 = DIRECTION('',(8.635508522761E-16,0.707106781187,-0.707106781187)
  );
#1431 = ORIENTED_EDGE('',*,*,#1432,.F.);
#1432 = EDGE_CURVE('',#1433,#1425,#1435,.T.);
#1433 = VERTEX_POINT('',#1434);
#1434 = CARTESIAN_POINT('',(-2.,0.1,-1.365574320289E-15));
#1435 = LINE('',#1436,#1437);
#1436 = CARTESIAN_POINT('',(-2.,0.1,-5.218048215738E-16));
#1437 = VECTOR('',#1438,1.);
#1438 = DIRECTION('',(-1.,9.992007221626E-16,-2.22044604925E-16));
#1439 = ORIENTED_EDGE('',*,*,#1440,.F.);
#1440 = EDGE_CURVE('',#1415,#1433,#1441,.T.);
#1441 = LINE('',#1442,#1443);
#1442 = CARTESIAN_POINT('',(-2.,4.576894419017E-15,1.E-01));
#1443 = VECTOR('',#1444,1.);
#1444 = DIRECTION('',(8.635508522761E-16,0.707106781187,-0.707106781187)
  );
#1445 = PLANE('',#1446);
#1446 = AXIS2_PLACEMENT_3D('',#1447,#1448,#1449);
#1447 = CARTESIAN_POINT('',(-2.,1.956768080902E-15,1.E-01));
#1448 = DIRECTION('',(-3.925231146709E-16,0.707106781187,0.707106781187)
  );
#1449 = DIRECTION('',(-8.635508522761E-16,-0.707106781187,0.707106781187
    ));
#1450 = ADVANCED_FACE('',(#1451),#1476,.F.);
#1451 = FACE_BOUND('',#1452,.T.);
#1452 = EDGE_LOOP('',(#1453,#1454,#1462,#1470));
#1453 = ORIENTED_EDGE('',*,*,#1432,.T.);
#1454 = ORIENTED_EDGE('',*,*,#1455,.T.);
#1455 = EDGE_CURVE('',#1425,#1456,#1458,.T.);
#1456 = VERTEX_POINT('',#1457);
#1457 = CARTESIAN_POINT('',(-2.2,1.4,-1.931788062848E-15));
#1458 = LINE('',#1459,#1460);
#1459 = CARTESIAN_POINT('',(-2.2,0.1,-4.440892098501E-16));
#1460 = VECTOR('',#1461,1.);
#1461 = DIRECTION('',(1.110223024625E-16,1.,-1.221245327088E-15));
#1462 = ORIENTED_EDGE('',*,*,#1463,.F.);
#1463 = EDGE_CURVE('',#1464,#1456,#1466,.T.);
#1464 = VERTEX_POINT('',#1465);
#1465 = CARTESIAN_POINT('',(-2.,1.4,-1.798561299893E-15));
#1466 = LINE('',#1467,#1468);
#1467 = CARTESIAN_POINT('',(-2.,1.4,-1.532107773983E-15));
#1468 = VECTOR('',#1469,1.);
#1469 = DIRECTION('',(-1.,9.992007221626E-16,-2.22044604925E-16));
#1470 = ORIENTED_EDGE('',*,*,#1471,.F.);
#1471 = EDGE_CURVE('',#1433,#1464,#1472,.T.);
#1472 = LINE('',#1473,#1474);
#1473 = CARTESIAN_POINT('',(-2.,0.1,-8.881784197001E-16));
#1474 = VECTOR('',#1475,1.);
#1475 = DIRECTION('',(1.110223024625E-16,1.,-1.221245327088E-15));
#1476 = PLANE('',#1477);
#1477 = AXIS2_PLACEMENT_3D('',#1478,#1479,#1480);
#1478 = CARTESIAN_POINT('',(-2.,0.1,-5.218048215738E-16));
#1479 = DIRECTION('',(-8.881784197001E-16,-3.330669073875E-16,1.));
#1480 = DIRECTION('',(-5.551115123126E-16,-1.,7.771561172376E-16));
#1481 = ADVANCED_FACE('',(#1482),#1507,.F.);
#1482 = FACE_BOUND('',#1483,.T.);
#1483 = EDGE_LOOP('',(#1484,#1485,#1493,#1501));
#1484 = ORIENTED_EDGE('',*,*,#1463,.T.);
#1485 = ORIENTED_EDGE('',*,*,#1486,.T.);
#1486 = EDGE_CURVE('',#1456,#1487,#1489,.T.);
#1487 = VERTEX_POINT('',#1488);
#1488 = CARTESIAN_POINT('',(-2.2,1.5,1.E-01));
#1489 = LINE('',#1490,#1491);
#1490 = CARTESIAN_POINT('',(-2.2,1.4,-2.22044604925E-15));
#1491 = VECTOR('',#1492,1.);
#1492 = DIRECTION('',(-7.065416064077E-16,0.707106781187,0.707106781187)
  );
#1493 = ORIENTED_EDGE('',*,*,#1494,.F.);
#1494 = EDGE_CURVE('',#1495,#1487,#1497,.T.);
#1495 = VERTEX_POINT('',#1496);
#1496 = CARTESIAN_POINT('',(-2.,1.5,1.E-01));
#1497 = LINE('',#1498,#1499);
#1498 = CARTESIAN_POINT('',(-2.,1.5,1.E-01));
#1499 = VECTOR('',#1500,1.);
#1500 = DIRECTION('',(-1.,9.992007221626E-16,-2.22044604925E-16));
#1501 = ORIENTED_EDGE('',*,*,#1502,.F.);
#1502 = EDGE_CURVE('',#1464,#1495,#1503,.T.);
#1503 = LINE('',#1504,#1505);
#1504 = CARTESIAN_POINT('',(-2.,1.4,-2.6645352591E-15));
#1505 = VECTOR('',#1506,1.);
#1506 = DIRECTION('',(-7.065416064077E-16,0.707106781187,0.707106781187)
  );
#1507 = PLANE('',#1508);
#1508 = AXIS2_PLACEMENT_3D('',#1509,#1510,#1511);
#1509 = CARTESIAN_POINT('',(-2.,1.4,-1.532107773983E-15));
#1510 = DIRECTION('',(-8.635508522761E-16,-0.707106781187,0.707106781187
    ));
#1511 = DIRECTION('',(7.850462293419E-17,-0.707106781187,-0.707106781187
    ));
#1512 = ADVANCED_FACE('',(#1513),#1538,.F.);
#1513 = FACE_BOUND('',#1514,.T.);
#1514 = EDGE_LOOP('',(#1515,#1516,#1524,#1532));
#1515 = ORIENTED_EDGE('',*,*,#1494,.T.);
#1516 = ORIENTED_EDGE('',*,*,#1517,.T.);
#1517 = EDGE_CURVE('',#1487,#1518,#1520,.T.);
#1518 = VERTEX_POINT('',#1519);
#1519 = CARTESIAN_POINT('',(-2.2,1.5,0.6));
#1520 = LINE('',#1521,#1522);
#1521 = CARTESIAN_POINT('',(-2.2,1.5,1.E-01));
#1522 = VECTOR('',#1523,1.);
#1523 = DIRECTION('',(-1.110223024625E-15,-9.992007221626E-16,1.));
#1524 = ORIENTED_EDGE('',*,*,#1525,.F.);
#1525 = EDGE_CURVE('',#1526,#1518,#1528,.T.);
#1526 = VERTEX_POINT('',#1527);
#1527 = CARTESIAN_POINT('',(-2.,1.5,0.6));
#1528 = LINE('',#1529,#1530);
#1529 = CARTESIAN_POINT('',(-2.,1.5,0.6));
#1530 = VECTOR('',#1531,1.);
#1531 = DIRECTION('',(-1.,9.992007221626E-16,-2.22044604925E-16));
#1532 = ORIENTED_EDGE('',*,*,#1533,.F.);
#1533 = EDGE_CURVE('',#1495,#1526,#1534,.T.);
#1534 = LINE('',#1535,#1536);
#1535 = CARTESIAN_POINT('',(-2.,1.5,1.E-01));
#1536 = VECTOR('',#1537,1.);
#1537 = DIRECTION('',(-1.110223024625E-15,-9.992007221626E-16,1.));
#1538 = PLANE('',#1539);
#1539 = AXIS2_PLACEMENT_3D('',#1540,#1541,#1542);
#1540 = CARTESIAN_POINT('',(-2.,1.5,1.E-01));
#1541 = DIRECTION('',(-3.330669073875E-16,-1.,5.551115123126E-16));
#1542 = DIRECTION('',(6.661338147751E-16,5.551115123126E-16,-1.));
#1543 = ADVANCED_FACE('',(#1544),#1569,.F.);
#1544 = FACE_BOUND('',#1545,.T.);
#1545 = EDGE_LOOP('',(#1546,#1547,#1555,#1563));
#1546 = ORIENTED_EDGE('',*,*,#1525,.T.);
#1547 = ORIENTED_EDGE('',*,*,#1548,.T.);
#1548 = EDGE_CURVE('',#1518,#1549,#1551,.T.);
#1549 = VERTEX_POINT('',#1550);
#1550 = CARTESIAN_POINT('',(-2.2,0.5,0.6));
#1551 = LINE('',#1552,#1553);
#1552 = CARTESIAN_POINT('',(-2.2,1.5,0.6));
#1553 = VECTOR('',#1554,1.);
#1554 = DIRECTION('',(-1.110223024625E-16,-1.,1.221245327088E-15));
#1555 = ORIENTED_EDGE('',*,*,#1556,.F.);
#1556 = EDGE_CURVE('',#1557,#1549,#1559,.T.);
#1557 = VERTEX_POINT('',#1558);
#1558 = CARTESIAN_POINT('',(-2.,0.5,0.6));
#1559 = LINE('',#1560,#1561);
#1560 = CARTESIAN_POINT('',(-2.,0.5,0.6));
#1561 = VECTOR('',#1562,1.);
#1562 = DIRECTION('',(-1.,9.992007221626E-16,-2.22044604925E-16));
#1563 = ORIENTED_EDGE('',*,*,#1564,.F.);
#1564 = EDGE_CURVE('',#1526,#1557,#1565,.T.);
#1565 = LINE('',#1566,#1567);
#1566 = CARTESIAN_POINT('',(-2.,1.5,0.6));
#1567 = VECTOR('',#1568,1.);
#1568 = DIRECTION('',(-1.110223024625E-16,-1.,1.221245327088E-15));
#1569 = PLANE('',#1570);
#1570 = AXIS2_PLACEMENT_3D('',#1571,#1572,#1573);
#1571 = CARTESIAN_POINT('',(-2.,1.5,0.6));
#1572 = DIRECTION('',(8.881784197001E-16,3.330669073875E-16,-1.));
#1573 = DIRECTION('',(5.551115123126E-16,1.,-7.771561172376E-16));
#1574 = ADVANCED_FACE('',(#1575),#1600,.F.);
#1575 = FACE_BOUND('',#1576,.T.);
#1576 = EDGE_LOOP('',(#1577,#1578,#1586,#1594));
#1577 = ORIENTED_EDGE('',*,*,#1556,.T.);
#1578 = ORIENTED_EDGE('',*,*,#1579,.T.);
#1579 = EDGE_CURVE('',#1549,#1580,#1582,.T.);
#1580 = VERTEX_POINT('',#1581);
#1581 = CARTESIAN_POINT('',(-2.2,0.5,1.25));
#1582 = LINE('',#1583,#1584);
#1583 = CARTESIAN_POINT('',(-2.2,0.5,0.6));
#1584 = VECTOR('',#1585,1.);
#1585 = DIRECTION('',(-1.110223024625E-15,-9.992007221626E-16,1.));
#1586 = ORIENTED_EDGE('',*,*,#1587,.F.);
#1587 = EDGE_CURVE('',#1588,#1580,#1590,.T.);
#1588 = VERTEX_POINT('',#1589);
#1589 = CARTESIAN_POINT('',(-2.,0.5,1.25));
#1590 = LINE('',#1591,#1592);
#1591 = CARTESIAN_POINT('',(-2.,0.5,1.25));
#1592 = VECTOR('',#1593,1.);
#1593 = DIRECTION('',(-1.,9.992007221626E-16,-2.22044604925E-16));
#1594 = ORIENTED_EDGE('',*,*,#1595,.F.);
#1595 = EDGE_CURVE('',#1557,#1588,#1596,.T.);
#1596 = LINE('',#1597,#1598);
#1597 = CARTESIAN_POINT('',(-2.,0.5,0.6));
#1598 = VECTOR('',#1599,1.);
#1599 = DIRECTION('',(-1.110223024625E-15,-9.992007221626E-16,1.));
#1600 = PLANE('',#1601);
#1601 = AXIS2_PLACEMENT_3D('',#1602,#1603,#1604);
#1602 = CARTESIAN_POINT('',(-2.,0.5,0.6));
#1603 = DIRECTION('',(-3.330669073875E-16,-1.,5.551115123126E-16));
#1604 = DIRECTION('',(6.661338147751E-16,5.551115123126E-16,-1.));
#1605 = ADVANCED_FACE('',(#1606),#1631,.F.);
#1606 = FACE_BOUND('',#1607,.T.);
#1607 = EDGE_LOOP('',(#1608,#1609,#1617,#1625));
#1608 = ORIENTED_EDGE('',*,*,#1587,.T.);
#1609 = ORIENTED_EDGE('',*,*,#1610,.T.);
#1610 = EDGE_CURVE('',#1580,#1611,#1613,.T.);
#1611 = VERTEX_POINT('',#1612);
#1612 = CARTESIAN_POINT('',(-2.2,0.1,1.25));
#1613 = LINE('',#1614,#1615);
#1614 = CARTESIAN_POINT('',(-2.2,0.5,1.25));
#1615 = VECTOR('',#1616,1.);
#1616 = DIRECTION('',(-1.110223024625E-16,-1.,1.221245327088E-15));
#1617 = ORIENTED_EDGE('',*,*,#1618,.F.);
#1618 = EDGE_CURVE('',#1619,#1611,#1621,.T.);
#1619 = VERTEX_POINT('',#1620);
#1620 = CARTESIAN_POINT('',(-2.,0.1,1.25));
#1621 = LINE('',#1622,#1623);
#1622 = CARTESIAN_POINT('',(-2.,0.1,1.25));
#1623 = VECTOR('',#1624,1.);
#1624 = DIRECTION('',(-1.,9.992007221626E-16,-2.22044604925E-16));
#1625 = ORIENTED_EDGE('',*,*,#1626,.F.);
#1626 = EDGE_CURVE('',#1588,#1619,#1627,.T.);
#1627 = LINE('',#1628,#1629);
#1628 = CARTESIAN_POINT('',(-2.,0.5,1.25));
#1629 = VECTOR('',#1630,1.);
#1630 = DIRECTION('',(-1.110223024625E-16,-1.,1.221245327088E-15));
#1631 = PLANE('',#1632);
#1632 = AXIS2_PLACEMENT_3D('',#1633,#1634,#1635);
#1633 = CARTESIAN_POINT('',(-2.,0.5,1.25));
#1634 = DIRECTION('',(8.881784197001E-16,3.330669073875E-16,-1.));
#1635 = DIRECTION('',(5.551115123126E-16,1.,-7.771561172376E-16));
#1636 = ADVANCED_FACE('',(#1637),#1662,.F.);
#1637 = FACE_BOUND('',#1638,.T.);
#1638 = EDGE_LOOP('',(#1639,#1640,#1648,#1656));
#1639 = ORIENTED_EDGE('',*,*,#1618,.T.);
#1640 = ORIENTED_EDGE('',*,*,#1641,.T.);
#1641 = EDGE_CURVE('',#1611,#1642,#1644,.T.);
#1642 = VERTEX_POINT('',#1643);
#1643 = CARTESIAN_POINT('',(-2.2,1.107447467064E-15,1.15));
#1644 = LINE('',#1645,#1646);
#1645 = CARTESIAN_POINT('',(-2.2,0.1,1.25));
#1646 = VECTOR('',#1647,1.);
#1647 = DIRECTION('',(7.065416064077E-16,-0.707106781187,-0.707106781187
    ));
#1648 = ORIENTED_EDGE('',*,*,#1649,.F.);
#1649 = EDGE_CURVE('',#1650,#1642,#1652,.T.);
#1650 = VERTEX_POINT('',#1651);
#1651 = CARTESIAN_POINT('',(-2.,9.964251646011E-16,1.15));
#1652 = LINE('',#1653,#1654);
#1653 = CARTESIAN_POINT('',(-2.,1.373900992974E-15,1.15));
#1654 = VECTOR('',#1655,1.);
#1655 = DIRECTION('',(-1.,9.992007221626E-16,-2.22044604925E-16));
#1656 = ORIENTED_EDGE('',*,*,#1657,.F.);
#1657 = EDGE_CURVE('',#1619,#1650,#1658,.T.);
#1658 = LINE('',#1659,#1660);
#1659 = CARTESIAN_POINT('',(-2.,0.1,1.25));
#1660 = VECTOR('',#1661,1.);
#1661 = DIRECTION('',(7.065416064077E-16,-0.707106781187,-0.707106781187
    ));
#1662 = PLANE('',#1663);
#1663 = AXIS2_PLACEMENT_3D('',#1664,#1665,#1666);
#1664 = CARTESIAN_POINT('',(-2.,0.1,1.25));
#1665 = DIRECTION('',(8.635508522761E-16,0.707106781187,-0.707106781187)
  );
#1666 = DIRECTION('',(-7.850462293419E-17,0.707106781187,0.707106781187)
  );
#1667 = ADVANCED_FACE('',(#1668),#1684,.F.);
#1668 = FACE_BOUND('',#1669,.T.);
#1669 = EDGE_LOOP('',(#1670,#1671,#1677,#1678));
#1670 = ORIENTED_EDGE('',*,*,#1649,.T.);
#1671 = ORIENTED_EDGE('',*,*,#1672,.T.);
#1672 = EDGE_CURVE('',#1642,#1417,#1673,.T.);
#1673 = LINE('',#1674,#1675);
#1674 = CARTESIAN_POINT('',(-2.2,3.994027331089E-15,1.15));
#1675 = VECTOR('',#1676,1.);
#1676 = DIRECTION('',(1.110223024625E-15,9.992007221626E-16,-1.));
#1677 = ORIENTED_EDGE('',*,*,#1414,.F.);
#1678 = ORIENTED_EDGE('',*,*,#1679,.F.);
#1679 = EDGE_CURVE('',#1650,#1415,#1680,.T.);
#1680 = LINE('',#1681,#1682);
#1681 = CARTESIAN_POINT('',(-2.,3.527733660746E-15,1.15));
#1682 = VECTOR('',#1683,1.);
#1683 = DIRECTION('',(1.110223024625E-15,9.992007221626E-16,-1.));
#1684 = PLANE('',#1685);
#1685 = AXIS2_PLACEMENT_3D('',#1686,#1687,#1688);
#1686 = CARTESIAN_POINT('',(-2.,1.373900992974E-15,1.15));
#1687 = DIRECTION('',(3.330669073875E-16,1.,-5.551115123126E-16));
#1688 = DIRECTION('',(-6.661338147751E-16,-5.551115123126E-16,1.));
#1689 = ADVANCED_FACE('',(#1690),#1701,.F.);
#1690 = FACE_BOUND('',#1691,.T.);
#1691 = EDGE_LOOP('',(#1692,#1693,#1694,#1695,#1696,#1697,#1698,#1699,
    #1700));
#1692 = ORIENTED_EDGE('',*,*,#1440,.T.);
#1693 = ORIENTED_EDGE('',*,*,#1471,.T.);
#1694 = ORIENTED_EDGE('',*,*,#1502,.T.);
#1695 = ORIENTED_EDGE('',*,*,#1533,.T.);
#1696 = ORIENTED_EDGE('',*,*,#1564,.T.);
#1697 = ORIENTED_EDGE('',*,*,#1595,.T.);
#1698 = ORIENTED_EDGE('',*,*,#1626,.T.);
#1699 = ORIENTED_EDGE('',*,*,#1657,.T.);
#1700 = ORIENTED_EDGE('',*,*,#1679,.T.);
#1701 = PLANE('',#1702);
#1702 = AXIS2_PLACEMENT_3D('',#1703,#1704,#1705);
#1703 = CARTESIAN_POINT('',(-2.,0.636558040403,0.510182764801));
#1704 = DIRECTION('',(-1.,1.443289932013E-15,2.22044604925E-16));
#1705 = DIRECTION('',(1.110223024625E-15,9.992007221626E-16,-1.));
#1706 = ADVANCED_FACE('',(#1707),#1718,.T.);
#1707 = FACE_BOUND('',#1708,.F.);
#1708 = EDGE_LOOP('',(#1709,#1710,#1711,#1712,#1713,#1714,#1715,#1716,
    #1717));
#1709 = ORIENTED_EDGE('',*,*,#1424,.T.);
#1710 = ORIENTED_EDGE('',*,*,#1455,.T.);
#1711 = ORIENTED_EDGE('',*,*,#1486,.T.);
#1712 = ORIENTED_EDGE('',*,*,#1517,.T.);
#1713 = ORIENTED_EDGE('',*,*,#1548,.T.);
#1714 = ORIENTED_EDGE('',*,*,#1579,.T.);
#1715 = ORIENTED_EDGE('',*,*,#1610,.T.);
#1716 = ORIENTED_EDGE('',*,*,#1641,.T.);
#1717 = ORIENTED_EDGE('',*,*,#1672,.T.);
#1718 = PLANE('',#1719);
#1719 = AXIS2_PLACEMENT_3D('',#1720,#1721,#1722);
#1720 = CARTESIAN_POINT('',(-2.2,0.636558040403,0.510182764801));
#1721 = DIRECTION('',(-1.,1.443289932013E-15,2.22044604925E-16));
#1722 = DIRECTION('',(1.110223024625E-15,9.992007221626E-16,-1.));
#1723 = ( GEOMETRIC_REPRESENTATION_CONTEXT(3) 
GLOBAL_UNCERTAINTY_ASSIGNED_CONTEXT((#1727)) 
GLOBAL_UNIT_ASSIGNED_CONTEXT((#1724,#1725,#1726)) REPRESENTATION_CONTEXT
('Context #1','3D Context with UNIT and UNCERTAINTY') );
#1724 = ( LENGTH_UNIT() NAMED_UNIT(*) SI_UNIT(.MILLI.,.METRE.) );
#1725 = ( NAMED_UNIT(*) PLANE_ANGLE_UNIT() SI_UNIT($,.RADIAN.) );
#1726 = ( NAMED_UNIT(*) SI_UNIT($,.STERADIAN.) SOLID_ANGLE_UNIT() );
#1727 = UNCERTAINTY_MEASURE_WITH_UNIT(LENGTH_MEASURE(1.E-07),#1724,
  'distance_accuracy_value','confusion accuracy');
#1728 = CONTEXT_DEPENDENT_SHAPE_REPRESENTATION(#1729,#1731);
#1729 = ( REPRESENTATION_RELATIONSHIP('','',#36,#10) 
REPRESENTATION_RELATIONSHIP_WITH_TRANSFORMATION(#1730) 
SHAPE_REPRESENTATION_RELATIONSHIP() );
#1730 = ITEM_DEFINED_TRANSFORMATION('','',#11,#15);
#1731 = PRODUCT_DEFINITION_SHAPE('Placement','Placement of an item',
  #1732);
#1732 = NEXT_ASSEMBLY_USAGE_OCCURRENCE('3','Pins','',#5,#31,$);
#1733 = PRODUCT_RELATED_PRODUCT_CATEGORY('part',$,(#33));
#1734 = SHAPE_DEFINITION_REPRESENTATION(#1735,#1741);
#1735 = PRODUCT_DEFINITION_SHAPE('','',#1736);
#1736 = PRODUCT_DEFINITION('design','',#1737,#1740);
#1737 = PRODUCT_DEFINITION_FORMATION('','',#1738);
#1738 = PRODUCT('Plastic','Plastic','',(#1739));
#1739 = PRODUCT_CONTEXT('',#2,'mechanical');
#1740 = PRODUCT_DEFINITION_CONTEXT('part definition',#2,'design');
#1741 = ADVANCED_BREP_SHAPE_REPRESENTATION('',(#11,#1742),#3750);
#1742 = MANIFOLD_SOLID_BREP('',#1743);
#1743 = CLOSED_SHELL('',(#1744,#1946,#2065,#2089,#2113,#2137,#2193,#2249
    ,#2392,#2416,#2472,#2496,#2520,#2616,#2670,#2694,#2718,#2735,#2759,
    #2806,#2830,#2854,#2871,#2888,#2914,#2938,#2962,#2986,#3010,#3043,
    #3060,#3077,#3094,#3111,#3123,#3149,#3213,#3237,#3259,#3283,#3307,
    #3331,#3355,#3379,#3403,#3427,#3451,#3475,#3499,#3523,#3547,#3564,
    #3581,#3598,#3615,#3627,#3644,#3661,#3678,#3690,#3702,#3714,#3726));
#1744 = ADVANCED_FACE('',(#1745,#1843),#1941,.F.);
#1745 = FACE_BOUND('',#1746,.F.);
#1746 = EDGE_LOOP('',(#1747,#1757,#1765,#1773,#1781,#1789,#1797,#1805,
    #1813,#1821,#1829,#1837));
#1747 = ORIENTED_EDGE('',*,*,#1748,.F.);
#1748 = EDGE_CURVE('',#1749,#1751,#1753,.T.);
#1749 = VERTEX_POINT('',#1750);
#1750 = CARTESIAN_POINT('',(-2.5,2.248201624866E-15,2.75));
#1751 = VERTEX_POINT('',#1752);
#1752 = CARTESIAN_POINT('',(-2.5,3.502753642692E-15,1.35));
#1753 = LINE('',#1754,#1755);
#1754 = CARTESIAN_POINT('',(-2.5,1.365574320289E-15,2.95));
#1755 = VECTOR('',#1756,1.);
#1756 = DIRECTION('',(3.330669073875E-15,6.661338147751E-16,-1.));
#1757 = ORIENTED_EDGE('',*,*,#1758,.F.);
#1758 = EDGE_CURVE('',#1759,#1749,#1761,.T.);
#1759 = VERTEX_POINT('',#1760);
#1760 = CARTESIAN_POINT('',(-2.25,2.053912595557E-15,2.75));
#1761 = LINE('',#1762,#1763);
#1762 = CARTESIAN_POINT('',(-2.25,1.387778780781E-15,2.75));
#1763 = VECTOR('',#1764,1.);
#1764 = DIRECTION('',(-1.,2.109423746788E-15,6.661338147751E-16));
#1765 = ORIENTED_EDGE('',*,*,#1766,.F.);
#1766 = EDGE_CURVE('',#1767,#1759,#1769,.T.);
#1767 = VERTEX_POINT('',#1768);
#1768 = CARTESIAN_POINT('',(-2.25,2.076117056049E-15,2.95));
#1769 = LINE('',#1770,#1771);
#1770 = CARTESIAN_POINT('',(-2.25,1.143529715364E-15,2.95));
#1771 = VECTOR('',#1772,1.);
#1772 = DIRECTION('',(1.998401444325E-15,1.221245327088E-15,-1.));
#1773 = ORIENTED_EDGE('',*,*,#1774,.T.);
#1774 = EDGE_CURVE('',#1767,#1775,#1777,.T.);
#1775 = VERTEX_POINT('',#1776);
#1776 = CARTESIAN_POINT('',(2.25,-6.883382752676E-16,2.95));
#1777 = LINE('',#1778,#1779);
#1778 = CARTESIAN_POINT('',(-2.5,4.796163466381E-15,2.95));
#1779 = VECTOR('',#1780,1.);
#1780 = DIRECTION('',(1.,-2.442490654175E-15,-4.440892098501E-16));
#1781 = ORIENTED_EDGE('',*,*,#1782,.T.);
#1782 = EDGE_CURVE('',#1775,#1783,#1785,.T.);
#1783 = VERTEX_POINT('',#1784);
#1784 = CARTESIAN_POINT('',(2.25,-7.771561172376E-16,2.75));
#1785 = LINE('',#1786,#1787);
#1786 = CARTESIAN_POINT('',(2.25,-5.306866057708E-15,2.95));
#1787 = VECTOR('',#1788,1.);
#1788 = DIRECTION('',(2.22044604925E-15,4.440892098501E-16,-1.));
#1789 = ORIENTED_EDGE('',*,*,#1790,.T.);
#1790 = EDGE_CURVE('',#1783,#1791,#1793,.T.);
#1791 = VERTEX_POINT('',#1792);
#1792 = CARTESIAN_POINT('',(2.5,-9.992007221626E-16,2.75));
#1793 = LINE('',#1794,#1795);
#1794 = CARTESIAN_POINT('',(2.25,-5.218048215738E-15,2.75));
#1795 = VECTOR('',#1796,1.);
#1796 = DIRECTION('',(1.,-1.7763568394E-15,-4.440892098501E-16));
#1797 = ORIENTED_EDGE('',*,*,#1798,.T.);
#1798 = EDGE_CURVE('',#1791,#1799,#1801,.T.);
#1799 = VERTEX_POINT('',#1800);
#1800 = CARTESIAN_POINT('',(2.5,-2.581268532253E-15,1.35));
#1801 = LINE('',#1802,#1803);
#1802 = CARTESIAN_POINT('',(2.5,-5.295763827462E-15,2.95));
#1803 = VECTOR('',#1804,1.);
#1804 = DIRECTION('',(3.330669073875E-15,6.661338147751E-16,-1.));
#1805 = ORIENTED_EDGE('',*,*,#1806,.T.);
#1806 = EDGE_CURVE('',#1799,#1807,#1809,.T.);
#1807 = VERTEX_POINT('',#1808);
#1808 = CARTESIAN_POINT('',(2.,-2.026157019941E-15,1.35));
#1809 = LINE('',#1810,#1811);
#1810 = CARTESIAN_POINT('',(2.5,-6.000755448099E-15,1.35));
#1811 = VECTOR('',#1812,1.);
#1812 = DIRECTION('',(-1.,1.998401444325E-15,3.330669073875E-16));
#1813 = ORIENTED_EDGE('',*,*,#1814,.F.);
#1814 = EDGE_CURVE('',#1815,#1807,#1817,.T.);
#1815 = VERTEX_POINT('',#1816);
#1816 = CARTESIAN_POINT('',(2.,-2.747801985947E-15,5.E-02));
#1817 = LINE('',#1818,#1819);
#1818 = CARTESIAN_POINT('',(2.,-2.803313137179E-15,4.999999999999E-02));
#1819 = VECTOR('',#1820,1.);
#1820 = DIRECTION('',(-2.775557561563E-15,-5.551115123126E-16,1.));
#1821 = ORIENTED_EDGE('',*,*,#1822,.F.);
#1822 = EDGE_CURVE('',#1823,#1815,#1825,.T.);
#1823 = VERTEX_POINT('',#1824);
#1824 = CARTESIAN_POINT('',(-2.,2.348121697082E-15,5.E-02));
#1825 = LINE('',#1826,#1827);
#1826 = CARTESIAN_POINT('',(-2.5,6.084022174946E-15,5.E-02));
#1827 = VECTOR('',#1828,1.);
#1828 = DIRECTION('',(1.,-2.442490654175E-15,-4.440892098501E-16));
#1829 = ORIENTED_EDGE('',*,*,#1830,.T.);
#1830 = EDGE_CURVE('',#1823,#1831,#1833,.T.);
#1831 = VERTEX_POINT('',#1832);
#1832 = CARTESIAN_POINT('',(-2.,2.781108676686E-15,1.35));
#1833 = LINE('',#1834,#1835);
#1834 = CARTESIAN_POINT('',(-2.,9.364731212713E-15,5.E-02));
#1835 = VECTOR('',#1836,1.);
#1836 = DIRECTION('',(-3.330669073875E-15,-1.443289932013E-15,1.));
#1837 = ORIENTED_EDGE('',*,*,#1838,.F.);
#1838 = EDGE_CURVE('',#1751,#1831,#1839,.T.);
#1839 = LINE('',#1840,#1841);
#1840 = CARTESIAN_POINT('',(-2.5,5.034861416675E-15,1.35));
#1841 = VECTOR('',#1842,1.);
#1842 = DIRECTION('',(1.,-2.775557561563E-15,-2.22044604925E-16));
#1843 = FACE_BOUND('',#1844,.F.);
#1844 = EDGE_LOOP('',(#1845,#1855,#1863,#1871,#1879,#1887,#1895,#1903,
    #1911,#1919,#1927,#1935));
#1845 = ORIENTED_EDGE('',*,*,#1846,.T.);
#1846 = EDGE_CURVE('',#1847,#1849,#1851,.T.);
#1847 = VERTEX_POINT('',#1848);
#1848 = CARTESIAN_POINT('',(1.7,4.607425552194E-16,2.05));
#1849 = VERTEX_POINT('',#1850);
#1850 = CARTESIAN_POINT('',(1.7,1.681987882307E-15,2.55));
#1851 = LINE('',#1852,#1853);
#1852 = CARTESIAN_POINT('',(1.7,-1.837419105755E-15,0.45));
#1853 = VECTOR('',#1854,1.);
#1854 = DIRECTION('',(-8.881784197001E-16,7.771561172376E-16,1.));
#1855 = ORIENTED_EDGE('',*,*,#1856,.T.);
#1856 = EDGE_CURVE('',#1849,#1857,#1859,.T.);
#1857 = VERTEX_POINT('',#1858);
#1858 = CARTESIAN_POINT('',(-1.7,3.946842852542E-15,2.55));
#1859 = LINE('',#1860,#1861);
#1860 = CARTESIAN_POINT('',(1.7,-2.053912595557E-16,2.55));
#1861 = VECTOR('',#1862,1.);
#1862 = DIRECTION('',(-1.,1.110223024625E-15,4.440892098501E-16));
#1863 = ORIENTED_EDGE('',*,*,#1864,.T.);
#1864 = EDGE_CURVE('',#1857,#1865,#1867,.T.);
#1865 = VERTEX_POINT('',#1866);
#1866 = CARTESIAN_POINT('',(-1.7,1.97064586871E-15,2.05));
#1867 = LINE('',#1868,#1869);
#1868 = CARTESIAN_POINT('',(-1.7,3.56936702417E-15,2.55));
#1869 = VECTOR('',#1870,1.);
#1870 = DIRECTION('',(8.881784197001E-16,-7.771561172376E-16,-1.));
#1871 = ORIENTED_EDGE('',*,*,#1872,.T.);
#1872 = EDGE_CURVE('',#1865,#1873,#1875,.T.);
#1873 = VERTEX_POINT('',#1874);
#1874 = CARTESIAN_POINT('',(-2.05,6.827871601445E-16,2.05));
#1875 = LINE('',#1876,#1877);
#1876 = CARTESIAN_POINT('',(2.05,-1.137978600241E-15,2.05));
#1877 = VECTOR('',#1878,1.);
#1878 = DIRECTION('',(-1.,4.440892098501E-16,1.110223024625E-16));
#1879 = ORIENTED_EDGE('',*,*,#1880,.T.);
#1880 = EDGE_CURVE('',#1873,#1881,#1883,.T.);
#1881 = VERTEX_POINT('',#1882);
#1882 = CARTESIAN_POINT('',(-2.05,6.16173778667E-16,1.45));
#1883 = LINE('',#1884,#1885);
#1884 = CARTESIAN_POINT('',(-2.05,6.827871601445E-16,2.05));
#1885 = VECTOR('',#1886,1.);
#1886 = DIRECTION('',(5.551115123126E-16,1.110223024625E-16,-1.));
#1887 = ORIENTED_EDGE('',*,*,#1888,.T.);
#1888 = EDGE_CURVE('',#1881,#1889,#1891,.T.);
#1889 = VERTEX_POINT('',#1890);
#1890 = CARTESIAN_POINT('',(-1.7,1.570965579845E-15,1.45));
#1891 = LINE('',#1892,#1893);
#1892 = CARTESIAN_POINT('',(-2.05,7.49400541622E-16,1.45));
#1893 = VECTOR('',#1894,1.);
#1894 = DIRECTION('',(1.,-4.440892098501E-16,-1.110223024625E-16));
#1895 = ORIENTED_EDGE('',*,*,#1896,.T.);
#1896 = EDGE_CURVE('',#1889,#1897,#1899,.T.);
#1897 = VERTEX_POINT('',#1898);
#1898 = CARTESIAN_POINT('',(-1.7,1.382227665658E-15,0.45));
#1899 = LINE('',#1900,#1901);
#1900 = CARTESIAN_POINT('',(-1.7,3.56936702417E-15,2.55));
#1901 = VECTOR('',#1902,1.);
#1902 = DIRECTION('',(8.881784197001E-16,-7.771561172376E-16,-1.));
#1903 = ORIENTED_EDGE('',*,*,#1904,.T.);
#1904 = EDGE_CURVE('',#1897,#1905,#1907,.T.);
#1905 = VERTEX_POINT('',#1906);
#1906 = CARTESIAN_POINT('',(1.7,-8.82627304577E-16,0.45));
#1907 = LINE('',#1908,#1909);
#1908 = CARTESIAN_POINT('',(-1.7,1.937339177971E-15,0.45));
#1909 = VECTOR('',#1910,1.);
#1910 = DIRECTION('',(1.,-1.110223024625E-15,-4.440892098501E-16));
#1911 = ORIENTED_EDGE('',*,*,#1912,.T.);
#1912 = EDGE_CURVE('',#1905,#1913,#1915,.T.);
#1913 = VERTEX_POINT('',#1914);
#1914 = CARTESIAN_POINT('',(1.7,6.106226635438E-17,1.45));
#1915 = LINE('',#1916,#1917);
#1916 = CARTESIAN_POINT('',(1.7,-1.837419105755E-15,0.45));
#1917 = VECTOR('',#1918,1.);
#1918 = DIRECTION('',(-8.881784197001E-16,7.771561172376E-16,1.));
#1919 = ORIENTED_EDGE('',*,*,#1920,.T.);
#1920 = EDGE_CURVE('',#1913,#1921,#1923,.T.);
#1921 = VERTEX_POINT('',#1922);
#1922 = CARTESIAN_POINT('',(2.05,-2.942091015257E-16,1.45));
#1923 = LINE('',#1924,#1925);
#1924 = CARTESIAN_POINT('',(-2.05,7.49400541622E-16,1.45));
#1925 = VECTOR('',#1926,1.);
#1926 = DIRECTION('',(1.,-4.440892098501E-16,-1.110223024625E-16));
#1927 = ORIENTED_EDGE('',*,*,#1928,.T.);
#1928 = EDGE_CURVE('',#1921,#1929,#1931,.T.);
#1929 = VERTEX_POINT('',#1930);
#1930 = CARTESIAN_POINT('',(2.05,-2.275957200482E-16,2.05));
#1931 = LINE('',#1932,#1933);
#1932 = CARTESIAN_POINT('',(2.05,-1.071365218763E-15,1.45));
#1933 = VECTOR('',#1934,1.);
#1934 = DIRECTION('',(-5.551115123126E-16,-1.110223024625E-16,1.));
#1935 = ORIENTED_EDGE('',*,*,#1936,.T.);
#1936 = EDGE_CURVE('',#1929,#1847,#1937,.T.);
#1937 = LINE('',#1938,#1939);
#1938 = CARTESIAN_POINT('',(2.05,-1.137978600241E-15,2.05));
#1939 = VECTOR('',#1940,1.);
#1940 = DIRECTION('',(-1.,4.440892098501E-16,1.110223024625E-16));
#1941 = PLANE('',#1942);
#1942 = AXIS2_PLACEMENT_3D('',#1943,#1944,#1945);
#1943 = CARTESIAN_POINT('',(-2.5,4.796163466381E-15,2.95));
#1944 = DIRECTION('',(-8.881784197001E-16,1.,-2.886579864025E-15));
#1945 = DIRECTION('',(3.10862446895E-15,4.440892098501E-16,-1.));
#1946 = ADVANCED_FACE('',(#1947),#2060,.F.);
#1947 = FACE_BOUND('',#1948,.F.);
#1948 = EDGE_LOOP('',(#1949,#1959,#1965,#1966,#1974,#1982,#1990,#1998,
    #2006,#2014,#2022,#2030,#2038,#2046,#2054));
#1949 = ORIENTED_EDGE('',*,*,#1950,.F.);
#1950 = EDGE_CURVE('',#1951,#1953,#1955,.T.);
#1951 = VERTEX_POINT('',#1952);
#1952 = CARTESIAN_POINT('',(-2.5,2.81,2.75));
#1953 = VERTEX_POINT('',#1954);
#1954 = CARTESIAN_POINT('',(-2.5,3.05,2.45));
#1955 = LINE('',#1956,#1957);
#1956 = CARTESIAN_POINT('',(-2.5,2.65,2.95));
#1957 = VECTOR('',#1958,1.);
#1958 = DIRECTION('',(2.115330016751E-15,0.624695047554,-0.780868809443)
  );
#1959 = ORIENTED_EDGE('',*,*,#1960,.F.);
#1960 = EDGE_CURVE('',#1749,#1951,#1961,.T.);
#1961 = LINE('',#1962,#1963);
#1962 = CARTESIAN_POINT('',(-2.5,2.026157019941E-15,2.75));
#1963 = VECTOR('',#1964,1.);
#1964 = DIRECTION('',(-1.110223024625E-16,1.,-1.887379141863E-15));
#1965 = ORIENTED_EDGE('',*,*,#1748,.T.);
#1966 = ORIENTED_EDGE('',*,*,#1967,.T.);
#1967 = EDGE_CURVE('',#1751,#1968,#1970,.T.);
#1968 = VERTEX_POINT('',#1969);
#1969 = CARTESIAN_POINT('',(-2.5,0.1,1.25));
#1970 = LINE('',#1971,#1972);
#1971 = CARTESIAN_POINT('',(-2.5,9.986456106503E-15,1.35));
#1972 = VECTOR('',#1973,1.);
#1973 = DIRECTION('',(1.805606327486E-15,0.707106781187,-0.707106781187)
  );
#1974 = ORIENTED_EDGE('',*,*,#1975,.T.);
#1975 = EDGE_CURVE('',#1968,#1976,#1978,.T.);
#1976 = VERTEX_POINT('',#1977);
#1977 = CARTESIAN_POINT('',(-2.5,0.5,1.25));
#1978 = LINE('',#1979,#1980);
#1979 = CARTESIAN_POINT('',(-2.5,0.1,1.25));
#1980 = VECTOR('',#1981,1.);
#1981 = DIRECTION('',(-7.771561172376E-16,1.,-3.441691376338E-15));
#1982 = ORIENTED_EDGE('',*,*,#1983,.T.);
#1983 = EDGE_CURVE('',#1976,#1984,#1986,.T.);
#1984 = VERTEX_POINT('',#1985);
#1985 = CARTESIAN_POINT('',(-2.5,0.5,0.7));
#1986 = LINE('',#1987,#1988);
#1987 = CARTESIAN_POINT('',(-2.5,0.5,1.25));
#1988 = VECTOR('',#1989,1.);
#1989 = DIRECTION('',(3.330669073875E-15,1.443289932013E-15,-1.));
#1990 = ORIENTED_EDGE('',*,*,#1991,.T.);
#1991 = EDGE_CURVE('',#1984,#1992,#1994,.T.);
#1992 = VERTEX_POINT('',#1993);
#1993 = CARTESIAN_POINT('',(-2.5,0.6,0.6));
#1994 = LINE('',#1995,#1996);
#1995 = CARTESIAN_POINT('',(-2.5,0.5,0.7));
#1996 = VECTOR('',#1997,1.);
#1997 = DIRECTION('',(1.805606327486E-15,0.707106781187,-0.707106781187)
  );
#1998 = ORIENTED_EDGE('',*,*,#1999,.T.);
#1999 = EDGE_CURVE('',#1992,#2000,#2002,.T.);
#2000 = VERTEX_POINT('',#2001);
#2001 = CARTESIAN_POINT('',(-2.5,1.5,0.6));
#2002 = LINE('',#2003,#2004);
#2003 = CARTESIAN_POINT('',(-2.5,0.6,0.6));
#2004 = VECTOR('',#2005,1.);
#2005 = DIRECTION('',(-7.771561172376E-16,1.,-3.441691376338E-15));
#2006 = ORIENTED_EDGE('',*,*,#2007,.T.);
#2007 = EDGE_CURVE('',#2000,#2008,#2010,.T.);
#2008 = VERTEX_POINT('',#2009);
#2009 = CARTESIAN_POINT('',(-2.5,1.5,5.E-02));
#2010 = LINE('',#2011,#2012);
#2011 = CARTESIAN_POINT('',(-2.5,1.5,0.6));
#2012 = VECTOR('',#2013,1.);
#2013 = DIRECTION('',(3.330669073875E-15,1.443289932013E-15,-1.));
#2014 = ORIENTED_EDGE('',*,*,#2015,.T.);
#2015 = EDGE_CURVE('',#2008,#2016,#2018,.T.);
#2016 = VERTEX_POINT('',#2017);
#2017 = CARTESIAN_POINT('',(-2.5,4.25,4.999999999999E-02));
#2018 = LINE('',#2019,#2020);
#2019 = CARTESIAN_POINT('',(-2.5,3.297362383137E-15,5.000000000001E-02)
  );
#2020 = VECTOR('',#2021,1.);
#2021 = DIRECTION('',(-1.33226762955E-15,1.,-3.330669073875E-15));
#2022 = ORIENTED_EDGE('',*,*,#2023,.T.);
#2023 = EDGE_CURVE('',#2016,#2024,#2026,.T.);
#2024 = VERTEX_POINT('',#2025);
#2025 = CARTESIAN_POINT('',(-2.5,4.25,1.45));
#2026 = LINE('',#2027,#2028);
#2027 = CARTESIAN_POINT('',(-2.5,4.25,4.999999999999E-02));
#2028 = VECTOR('',#2029,1.);
#2029 = DIRECTION('',(-3.330669073875E-15,-6.661338147751E-16,1.));
#2030 = ORIENTED_EDGE('',*,*,#2031,.F.);
#2031 = EDGE_CURVE('',#2032,#2024,#2034,.T.);
#2032 = VERTEX_POINT('',#2033);
#2033 = CARTESIAN_POINT('',(-2.5,3.7,1.45));
#2034 = LINE('',#2035,#2036);
#2035 = CARTESIAN_POINT('',(-2.5,3.7,1.45));
#2036 = VECTOR('',#2037,1.);
#2037 = DIRECTION('',(-7.771561172376E-16,1.,-3.441691376338E-15));
#2038 = ORIENTED_EDGE('',*,*,#2039,.F.);
#2039 = EDGE_CURVE('',#2040,#2032,#2042,.T.);
#2040 = VERTEX_POINT('',#2041);
#2041 = CARTESIAN_POINT('',(-2.5,3.7,2.35));
#2042 = LINE('',#2043,#2044);
#2043 = CARTESIAN_POINT('',(-2.5,3.7,2.35));
#2044 = VECTOR('',#2045,1.);
#2045 = DIRECTION('',(3.330669073875E-15,1.443289932013E-15,-1.));
#2046 = ORIENTED_EDGE('',*,*,#2047,.F.);
#2047 = EDGE_CURVE('',#2048,#2040,#2050,.T.);
#2048 = VERTEX_POINT('',#2049);
#2049 = CARTESIAN_POINT('',(-2.5,3.6,2.45));
#2050 = LINE('',#2051,#2052);
#2051 = CARTESIAN_POINT('',(-2.5,3.6,2.45));
#2052 = VECTOR('',#2053,1.);
#2053 = DIRECTION('',(1.805606327486E-15,0.707106781187,-0.707106781187)
  );
#2054 = ORIENTED_EDGE('',*,*,#2055,.F.);
#2055 = EDGE_CURVE('',#1953,#2048,#2056,.T.);
#2056 = LINE('',#2057,#2058);
#2057 = CARTESIAN_POINT('',(-2.5,3.05,2.45));
#2058 = VECTOR('',#2059,1.);
#2059 = DIRECTION('',(-7.771561172376E-16,1.,-3.441691376338E-15));
#2060 = PLANE('',#2061);
#2061 = AXIS2_PLACEMENT_3D('',#2062,#2063,#2064);
#2062 = CARTESIAN_POINT('',(-2.5,2.105769230769,1.480769230769));
#2063 = DIRECTION('',(1.,-2.6645352591E-15,-6.661338147751E-16));
#2064 = DIRECTION('',(-3.330669073875E-15,-6.661338147751E-16,1.));
#2065 = ADVANCED_FACE('',(#2066),#2084,.F.);
#2066 = FACE_BOUND('',#2067,.T.);
#2067 = EDGE_LOOP('',(#2068,#2069,#2077,#2083));
#2068 = ORIENTED_EDGE('',*,*,#1758,.F.);
#2069 = ORIENTED_EDGE('',*,*,#2070,.T.);
#2070 = EDGE_CURVE('',#1759,#2071,#2073,.T.);
#2071 = VERTEX_POINT('',#2072);
#2072 = CARTESIAN_POINT('',(-2.25,2.81,2.75));
#2073 = LINE('',#2074,#2075);
#2074 = CARTESIAN_POINT('',(-2.25,1.609823385706E-15,2.75));
#2075 = VECTOR('',#2076,1.);
#2076 = DIRECTION('',(-1.110223024625E-16,1.,-1.887379141863E-15));
#2077 = ORIENTED_EDGE('',*,*,#2078,.F.);
#2078 = EDGE_CURVE('',#1951,#2071,#2079,.T.);
#2079 = LINE('',#2080,#2081);
#2080 = CARTESIAN_POINT('',(-2.375,2.81,2.75));
#2081 = VECTOR('',#2082,1.);
#2082 = DIRECTION('',(1.,-7.327471962526E-16,2.22044604925E-16));
#2083 = ORIENTED_EDGE('',*,*,#1960,.F.);
#2084 = PLANE('',#2085);
#2085 = AXIS2_PLACEMENT_3D('',#2086,#2087,#2088);
#2086 = CARTESIAN_POINT('',(-2.25,1.609823385706E-15,2.75));
#2087 = DIRECTION('',(1.7763568394E-15,5.551115123126E-16,-1.));
#2088 = DIRECTION('',(1.,-1.665334536938E-15,-2.22044604925E-16));
#2089 = ADVANCED_FACE('',(#2090),#2108,.T.);
#2090 = FACE_BOUND('',#2091,.F.);
#2091 = EDGE_LOOP('',(#2092,#2093,#2101,#2107));
#2092 = ORIENTED_EDGE('',*,*,#1838,.T.);
#2093 = ORIENTED_EDGE('',*,*,#2094,.T.);
#2094 = EDGE_CURVE('',#1831,#2095,#2097,.T.);
#2095 = VERTEX_POINT('',#2096);
#2096 = CARTESIAN_POINT('',(-2.,0.1,1.25));
#2097 = LINE('',#2098,#2099);
#2098 = CARTESIAN_POINT('',(-2.,7.488454301097E-15,1.35));
#2099 = VECTOR('',#2100,1.);
#2100 = DIRECTION('',(1.805606327486E-15,0.707106781187,-0.707106781187)
  );
#2101 = ORIENTED_EDGE('',*,*,#2102,.F.);
#2102 = EDGE_CURVE('',#1968,#2095,#2103,.T.);
#2103 = LINE('',#2104,#2105);
#2104 = CARTESIAN_POINT('',(-2.5,0.1,1.25));
#2105 = VECTOR('',#2106,1.);
#2106 = DIRECTION('',(1.,-2.775557561563E-15,-2.22044604925E-16));
#2107 = ORIENTED_EDGE('',*,*,#1967,.F.);
#2108 = PLANE('',#2109);
#2109 = AXIS2_PLACEMENT_3D('',#2110,#2111,#2112);
#2110 = CARTESIAN_POINT('',(-2.5,5.034861416675E-15,1.35));
#2111 = DIRECTION('',(2.590652556828E-15,-0.707106781187,-0.707106781187
    ));
#2112 = DIRECTION('',(-1.805606327486E-15,-0.707106781187,0.707106781187
    ));
#2113 = ADVANCED_FACE('',(#2114),#2132,.F.);
#2114 = FACE_BOUND('',#2115,.T.);
#2115 = EDGE_LOOP('',(#2116,#2117,#2125,#2131));
#2116 = ORIENTED_EDGE('',*,*,#1766,.F.);
#2117 = ORIENTED_EDGE('',*,*,#2118,.T.);
#2118 = EDGE_CURVE('',#1767,#2119,#2121,.T.);
#2119 = VERTEX_POINT('',#2120);
#2120 = CARTESIAN_POINT('',(-2.25,2.65,2.95));
#2121 = LINE('',#2122,#2123);
#2122 = CARTESIAN_POINT('',(-2.25,1.454392162259E-15,2.95));
#2123 = VECTOR('',#2124,1.);
#2124 = DIRECTION('',(-1.110223024625E-16,1.,-1.887379141863E-15));
#2125 = ORIENTED_EDGE('',*,*,#2126,.F.);
#2126 = EDGE_CURVE('',#2071,#2119,#2127,.T.);
#2127 = LINE('',#2128,#2129);
#2128 = CARTESIAN_POINT('',(-2.25,2.132926829268,3.596341463415));
#2129 = VECTOR('',#2130,1.);
#2130 = DIRECTION('',(-1.075003779005E-15,-0.624695047554,0.780868809443
    ));
#2131 = ORIENTED_EDGE('',*,*,#2070,.F.);
#2132 = PLANE('',#2133);
#2133 = AXIS2_PLACEMENT_3D('',#2134,#2135,#2136);
#2134 = CARTESIAN_POINT('',(-2.25,1.454392162259E-15,2.95));
#2135 = DIRECTION('',(1.,-1.887379141863E-15,-4.440892098501E-16));
#2136 = DIRECTION('',(-1.554312234475E-15,-7.771561172376E-16,1.));
#2137 = ADVANCED_FACE('',(#2138),#2188,.T.);
#2138 = FACE_BOUND('',#2139,.T.);
#2139 = EDGE_LOOP('',(#2140,#2141,#2149,#2157,#2165,#2173,#2181,#2187));
#2140 = ORIENTED_EDGE('',*,*,#2094,.T.);
#2141 = ORIENTED_EDGE('',*,*,#2142,.T.);
#2142 = EDGE_CURVE('',#2095,#2143,#2145,.T.);
#2143 = VERTEX_POINT('',#2144);
#2144 = CARTESIAN_POINT('',(-2.,0.5,1.25));
#2145 = LINE('',#2146,#2147);
#2146 = CARTESIAN_POINT('',(-2.,0.1,1.25));
#2147 = VECTOR('',#2148,1.);
#2148 = DIRECTION('',(-7.771561172376E-16,1.,-3.441691376338E-15));
#2149 = ORIENTED_EDGE('',*,*,#2150,.T.);
#2150 = EDGE_CURVE('',#2143,#2151,#2153,.T.);
#2151 = VERTEX_POINT('',#2152);
#2152 = CARTESIAN_POINT('',(-2.,0.5,0.7));
#2153 = LINE('',#2154,#2155);
#2154 = CARTESIAN_POINT('',(-2.,0.5,1.25));
#2155 = VECTOR('',#2156,1.);
#2156 = DIRECTION('',(3.330669073875E-15,1.443289932013E-15,-1.));
#2157 = ORIENTED_EDGE('',*,*,#2158,.T.);
#2158 = EDGE_CURVE('',#2151,#2159,#2161,.T.);
#2159 = VERTEX_POINT('',#2160);
#2160 = CARTESIAN_POINT('',(-2.,0.6,0.6));
#2161 = LINE('',#2162,#2163);
#2162 = CARTESIAN_POINT('',(-2.,0.5,0.7));
#2163 = VECTOR('',#2164,1.);
#2164 = DIRECTION('',(1.805606327486E-15,0.707106781187,-0.707106781187)
  );
#2165 = ORIENTED_EDGE('',*,*,#2166,.T.);
#2166 = EDGE_CURVE('',#2159,#2167,#2169,.T.);
#2167 = VERTEX_POINT('',#2168);
#2168 = CARTESIAN_POINT('',(-2.,1.5,0.6));
#2169 = LINE('',#2170,#2171);
#2170 = CARTESIAN_POINT('',(-2.,0.6,0.6));
#2171 = VECTOR('',#2172,1.);
#2172 = DIRECTION('',(-7.771561172376E-16,1.,-3.441691376338E-15));
#2173 = ORIENTED_EDGE('',*,*,#2174,.T.);
#2174 = EDGE_CURVE('',#2167,#2175,#2177,.T.);
#2175 = VERTEX_POINT('',#2176);
#2176 = CARTESIAN_POINT('',(-2.,1.5,5.E-02));
#2177 = LINE('',#2178,#2179);
#2178 = CARTESIAN_POINT('',(-2.,1.5,0.6));
#2179 = VECTOR('',#2180,1.);
#2180 = DIRECTION('',(3.330669073875E-15,1.443289932013E-15,-1.));
#2181 = ORIENTED_EDGE('',*,*,#2182,.T.);
#2182 = EDGE_CURVE('',#2175,#1823,#2183,.T.);
#2183 = LINE('',#2184,#2185);
#2184 = CARTESIAN_POINT('',(-2.,1.5,4.999999999999E-02));
#2185 = VECTOR('',#2186,1.);
#2186 = DIRECTION('',(7.771561172376E-16,-1.,3.441691376338E-15));
#2187 = ORIENTED_EDGE('',*,*,#1830,.T.);
#2188 = PLANE('',#2189);
#2189 = AXIS2_PLACEMENT_3D('',#2190,#2191,#2192);
#2190 = CARTESIAN_POINT('',(-2.,2.195940270035,1.492270869486));
#2191 = DIRECTION('',(-1.,3.219646771413E-15,6.661338147751E-16));
#2192 = DIRECTION('',(3.330669073875E-15,1.443289932013E-15,-1.));
#2193 = ADVANCED_FACE('',(#2194),#2244,.F.);
#2194 = FACE_BOUND('',#2195,.F.);
#2195 = EDGE_LOOP('',(#2196,#2197,#2205,#2213,#2221,#2229,#2237,#2243));
#2196 = ORIENTED_EDGE('',*,*,#2118,.T.);
#2197 = ORIENTED_EDGE('',*,*,#2198,.T.);
#2198 = EDGE_CURVE('',#2119,#2199,#2201,.T.);
#2199 = VERTEX_POINT('',#2200);
#2200 = CARTESIAN_POINT('',(-2.,2.65,2.95));
#2201 = LINE('',#2202,#2203);
#2202 = CARTESIAN_POINT('',(-2.5,2.65,2.95));
#2203 = VECTOR('',#2204,1.);
#2204 = DIRECTION('',(1.,-2.775557561563E-15,-2.22044604925E-16));
#2205 = ORIENTED_EDGE('',*,*,#2206,.F.);
#2206 = EDGE_CURVE('',#2207,#2199,#2209,.T.);
#2207 = VERTEX_POINT('',#2208);
#2208 = CARTESIAN_POINT('',(-2.,3.7,2.95));
#2209 = LINE('',#2210,#2211);
#2210 = CARTESIAN_POINT('',(-2.,4.25,2.95));
#2211 = VECTOR('',#2212,1.);
#2212 = DIRECTION('',(7.771561172376E-16,-1.,3.441691376338E-15));
#2213 = ORIENTED_EDGE('',*,*,#2214,.T.);
#2214 = EDGE_CURVE('',#2207,#2215,#2217,.T.);
#2215 = VERTEX_POINT('',#2216);
#2216 = CARTESIAN_POINT('',(2.,3.7,2.95));
#2217 = LINE('',#2218,#2219);
#2218 = CARTESIAN_POINT('',(-2.5,3.7,2.95));
#2219 = VECTOR('',#2220,1.);
#2220 = DIRECTION('',(1.,-2.442490654175E-15,-4.440892098501E-16));
#2221 = ORIENTED_EDGE('',*,*,#2222,.T.);
#2222 = EDGE_CURVE('',#2215,#2223,#2225,.T.);
#2223 = VERTEX_POINT('',#2224);
#2224 = CARTESIAN_POINT('',(2.,2.65,2.95));
#2225 = LINE('',#2226,#2227);
#2226 = CARTESIAN_POINT('',(2.,4.25,2.95));
#2227 = VECTOR('',#2228,1.);
#2228 = DIRECTION('',(1.110223024625E-15,-1.,2.775557561563E-15));
#2229 = ORIENTED_EDGE('',*,*,#2230,.F.);
#2230 = EDGE_CURVE('',#2231,#2223,#2233,.T.);
#2231 = VERTEX_POINT('',#2232);
#2232 = CARTESIAN_POINT('',(2.25,2.65,2.95));
#2233 = LINE('',#2234,#2235);
#2234 = CARTESIAN_POINT('',(2.5,2.65,2.95));
#2235 = VECTOR('',#2236,1.);
#2236 = DIRECTION('',(-1.,1.998401444325E-15,3.330669073875E-16));
#2237 = ORIENTED_EDGE('',*,*,#2238,.F.);
#2238 = EDGE_CURVE('',#1775,#2231,#2239,.T.);
#2239 = LINE('',#2240,#2241);
#2240 = CARTESIAN_POINT('',(2.25,-4.152234112098E-15,2.95));
#2241 = VECTOR('',#2242,1.);
#2242 = DIRECTION('',(-6.661338147751E-16,1.,-1.998401444325E-15));
#2243 = ORIENTED_EDGE('',*,*,#1774,.F.);
#2244 = PLANE('',#2245);
#2245 = AXIS2_PLACEMENT_3D('',#2246,#2247,#2248);
#2246 = CARTESIAN_POINT('',(-2.5,3.7,2.95));
#2247 = DIRECTION('',(2.886579864025E-15,2.22044604925E-16,-1.));
#2248 = DIRECTION('',(1.110223024625E-15,-1.,3.10862446895E-15));
#2249 = ADVANCED_FACE('',(#2250),#2387,.F.);
#2250 = FACE_BOUND('',#2251,.F.);
#2251 = EDGE_LOOP('',(#2252,#2253,#2259,#2260,#2261,#2269,#2277,#2285,
    #2293,#2301,#2309,#2317,#2325,#2333,#2341,#2349,#2357,#2365,#2373,
    #2381));
#2252 = ORIENTED_EDGE('',*,*,#2015,.F.);
#2253 = ORIENTED_EDGE('',*,*,#2254,.T.);
#2254 = EDGE_CURVE('',#2008,#2175,#2255,.T.);
#2255 = LINE('',#2256,#2257);
#2256 = CARTESIAN_POINT('',(-2.5,1.5,5.E-02));
#2257 = VECTOR('',#2258,1.);
#2258 = DIRECTION('',(1.,-2.775557561563E-15,-2.22044604925E-16));
#2259 = ORIENTED_EDGE('',*,*,#2182,.T.);
#2260 = ORIENTED_EDGE('',*,*,#1822,.T.);
#2261 = ORIENTED_EDGE('',*,*,#2262,.F.);
#2262 = EDGE_CURVE('',#2263,#1815,#2265,.T.);
#2263 = VERTEX_POINT('',#2264);
#2264 = CARTESIAN_POINT('',(2.,1.5,5.E-02));
#2265 = LINE('',#2266,#2267);
#2266 = CARTESIAN_POINT('',(2.,1.5,4.999999999999E-02));
#2267 = VECTOR('',#2268,1.);
#2268 = DIRECTION('',(1.110223024625E-15,-1.,2.775557561563E-15));
#2269 = ORIENTED_EDGE('',*,*,#2270,.F.);
#2270 = EDGE_CURVE('',#2271,#2263,#2273,.T.);
#2271 = VERTEX_POINT('',#2272);
#2272 = CARTESIAN_POINT('',(2.5,1.5,5.E-02));
#2273 = LINE('',#2274,#2275);
#2274 = CARTESIAN_POINT('',(2.5,1.5,5.E-02));
#2275 = VECTOR('',#2276,1.);
#2276 = DIRECTION('',(-1.,1.998401444325E-15,3.330669073875E-16));
#2277 = ORIENTED_EDGE('',*,*,#2278,.T.);
#2278 = EDGE_CURVE('',#2271,#2279,#2281,.T.);
#2279 = VERTEX_POINT('',#2280);
#2280 = CARTESIAN_POINT('',(2.5,4.25,4.999999999999E-02));
#2281 = LINE('',#2282,#2283);
#2282 = CARTESIAN_POINT('',(2.5,-3.363975764614E-15,4.999999999999E-02)
  );
#2283 = VECTOR('',#2284,1.);
#2284 = DIRECTION('',(-1.33226762955E-15,1.,-3.330669073875E-15));
#2285 = ORIENTED_EDGE('',*,*,#2286,.F.);
#2286 = EDGE_CURVE('',#2287,#2279,#2289,.T.);
#2287 = VERTEX_POINT('',#2288);
#2288 = CARTESIAN_POINT('',(1.32,4.25,4.999999999999E-02));
#2289 = LINE('',#2290,#2291);
#2290 = CARTESIAN_POINT('',(-2.5,4.25,4.999999999999E-02));
#2291 = VECTOR('',#2292,1.);
#2292 = DIRECTION('',(1.,-2.442490654175E-15,-4.440892098501E-16));
#2293 = ORIENTED_EDGE('',*,*,#2294,.F.);
#2294 = EDGE_CURVE('',#2295,#2287,#2297,.T.);
#2295 = VERTEX_POINT('',#2296);
#2296 = CARTESIAN_POINT('',(1.1,4.03,4.999999999999E-02));
#2297 = LINE('',#2298,#2299);
#2298 = CARTESIAN_POINT('',(-0.8075,2.1225,5.E-02));
#2299 = VECTOR('',#2300,1.);
#2300 = DIRECTION('',(0.707106781187,0.707106781187,-6.280369834735E-16)
  );
#2301 = ORIENTED_EDGE('',*,*,#2302,.F.);
#2302 = EDGE_CURVE('',#2303,#2295,#2305,.T.);
#2303 = VERTEX_POINT('',#2304);
#2304 = CARTESIAN_POINT('',(0.9,4.03,5.E-02));
#2305 = LINE('',#2306,#2307);
#2306 = CARTESIAN_POINT('',(-0.8,4.03,4.999999999999E-02));
#2307 = VECTOR('',#2308,1.);
#2308 = DIRECTION('',(1.,-8.881784197001E-16,8.881784197001E-16));
#2309 = ORIENTED_EDGE('',*,*,#2310,.F.);
#2310 = EDGE_CURVE('',#2311,#2303,#2313,.T.);
#2311 = VERTEX_POINT('',#2312);
#2312 = CARTESIAN_POINT('',(0.68,4.25,4.999999999999E-02));
#2313 = LINE('',#2314,#2315);
#2314 = CARTESIAN_POINT('',(0.9475,3.9825,5.E-02));
#2315 = VECTOR('',#2316,1.);
#2316 = DIRECTION('',(0.707106781187,-0.707106781187,1.884110950421E-15)
  );
#2317 = ORIENTED_EDGE('',*,*,#2318,.F.);
#2318 = EDGE_CURVE('',#2319,#2311,#2321,.T.);
#2319 = VERTEX_POINT('',#2320);
#2320 = CARTESIAN_POINT('',(0.32,4.25,4.999999999999E-02));
#2321 = LINE('',#2322,#2323);
#2322 = CARTESIAN_POINT('',(-2.5,4.25,4.999999999999E-02));
#2323 = VECTOR('',#2324,1.);
#2324 = DIRECTION('',(1.,-2.442490654175E-15,-4.440892098501E-16));
#2325 = ORIENTED_EDGE('',*,*,#2326,.F.);
#2326 = EDGE_CURVE('',#2327,#2319,#2329,.T.);
#2327 = VERTEX_POINT('',#2328);
#2328 = CARTESIAN_POINT('',(1.E-01,4.03,4.999999999999E-02));
#2329 = LINE('',#2330,#2331);
#2330 = CARTESIAN_POINT('',(-1.5575,2.3725,5.E-02));
#2331 = VECTOR('',#2332,1.);
#2332 = DIRECTION('',(0.707106781187,0.707106781187,-6.280369834735E-16)
  );
#2333 = ORIENTED_EDGE('',*,*,#2334,.F.);
#2334 = EDGE_CURVE('',#2335,#2327,#2337,.T.);
#2335 = VERTEX_POINT('',#2336);
#2336 = CARTESIAN_POINT('',(-0.1,4.03,4.999999999999E-02));
#2337 = LINE('',#2338,#2339);
#2338 = CARTESIAN_POINT('',(-1.3,4.03,4.999999999999E-02));
#2339 = VECTOR('',#2340,1.);
#2340 = DIRECTION('',(1.,-5.551115123126E-16,8.881784197001E-16));
#2341 = ORIENTED_EDGE('',*,*,#2342,.F.);
#2342 = EDGE_CURVE('',#2343,#2335,#2345,.T.);
#2343 = VERTEX_POINT('',#2344);
#2344 = CARTESIAN_POINT('',(-0.32,4.25,4.999999999999E-02));
#2345 = LINE('',#2346,#2347);
#2346 = CARTESIAN_POINT('',(0.1975,3.7325,5.E-02));
#2347 = VECTOR('',#2348,1.);
#2348 = DIRECTION('',(0.707106781187,-0.707106781187,1.884110950421E-15)
  );
#2349 = ORIENTED_EDGE('',*,*,#2350,.F.);
#2350 = EDGE_CURVE('',#2351,#2343,#2353,.T.);
#2351 = VERTEX_POINT('',#2352);
#2352 = CARTESIAN_POINT('',(-0.68,4.25,4.999999999999E-02));
#2353 = LINE('',#2354,#2355);
#2354 = CARTESIAN_POINT('',(-2.5,4.25,4.999999999999E-02));
#2355 = VECTOR('',#2356,1.);
#2356 = DIRECTION('',(1.,-2.442490654175E-15,-4.440892098501E-16));
#2357 = ORIENTED_EDGE('',*,*,#2358,.F.);
#2358 = EDGE_CURVE('',#2359,#2351,#2361,.T.);
#2359 = VERTEX_POINT('',#2360);
#2360 = CARTESIAN_POINT('',(-0.9,4.03,4.999999999999E-02));
#2361 = LINE('',#2362,#2363);
#2362 = CARTESIAN_POINT('',(-2.3075,2.6225,5.E-02));
#2363 = VECTOR('',#2364,1.);
#2364 = DIRECTION('',(0.707106781187,0.707106781187,-6.280369834735E-16)
  );
#2365 = ORIENTED_EDGE('',*,*,#2366,.F.);
#2366 = EDGE_CURVE('',#2367,#2359,#2369,.T.);
#2367 = VERTEX_POINT('',#2368);
#2368 = CARTESIAN_POINT('',(-1.1,4.03,4.999999999999E-02));
#2369 = LINE('',#2370,#2371);
#2370 = CARTESIAN_POINT('',(-1.8,4.03,4.999999999999E-02));
#2371 = VECTOR('',#2372,1.);
#2372 = DIRECTION('',(1.,-5.551115123126E-16,8.881784197001E-16));
#2373 = ORIENTED_EDGE('',*,*,#2374,.F.);
#2374 = EDGE_CURVE('',#2375,#2367,#2377,.T.);
#2375 = VERTEX_POINT('',#2376);
#2376 = CARTESIAN_POINT('',(-1.32,4.25,4.999999999999E-02));
#2377 = LINE('',#2378,#2379);
#2378 = CARTESIAN_POINT('',(-0.5525,3.4825,4.999999999999E-02));
#2379 = VECTOR('',#2380,1.);
#2380 = DIRECTION('',(0.707106781187,-0.707106781187,1.884110950421E-15)
  );
#2381 = ORIENTED_EDGE('',*,*,#2382,.F.);
#2382 = EDGE_CURVE('',#2016,#2375,#2383,.T.);
#2383 = LINE('',#2384,#2385);
#2384 = CARTESIAN_POINT('',(-2.5,4.25,4.999999999999E-02));
#2385 = VECTOR('',#2386,1.);
#2386 = DIRECTION('',(1.,-2.442490654175E-15,-4.440892098501E-16));
#2387 = PLANE('',#2388);
#2388 = AXIS2_PLACEMENT_3D('',#2389,#2390,#2391);
#2389 = CARTESIAN_POINT('',(-2.5,6.084022174946E-15,5.E-02));
#2390 = DIRECTION('',(-2.886579864025E-15,-2.22044604925E-16,1.));
#2391 = DIRECTION('',(-1.110223024625E-15,1.,-3.10862446895E-15));
#2392 = ADVANCED_FACE('',(#2393),#2411,.F.);
#2393 = FACE_BOUND('',#2394,.F.);
#2394 = EDGE_LOOP('',(#2395,#2396,#2397,#2405));
#2395 = ORIENTED_EDGE('',*,*,#1782,.F.);
#2396 = ORIENTED_EDGE('',*,*,#2238,.T.);
#2397 = ORIENTED_EDGE('',*,*,#2398,.T.);
#2398 = EDGE_CURVE('',#2231,#2399,#2401,.T.);
#2399 = VERTEX_POINT('',#2400);
#2400 = CARTESIAN_POINT('',(2.25,2.81,2.75));
#2401 = LINE('',#2402,#2403);
#2402 = CARTESIAN_POINT('',(2.25,2.132926829268,3.596341463415));
#2403 = VECTOR('',#2404,1.);
#2404 = DIRECTION('',(1.144358861521E-15,0.624695047554,-0.780868809443)
  );
#2405 = ORIENTED_EDGE('',*,*,#2406,.F.);
#2406 = EDGE_CURVE('',#1783,#2399,#2407,.T.);
#2407 = LINE('',#2408,#2409);
#2408 = CARTESIAN_POINT('',(2.25,-4.107825191113E-15,2.75));
#2409 = VECTOR('',#2410,1.);
#2410 = DIRECTION('',(-6.661338147751E-16,1.,-1.998401444325E-15));
#2411 = PLANE('',#2412);
#2412 = AXIS2_PLACEMENT_3D('',#2413,#2414,#2415);
#2413 = CARTESIAN_POINT('',(2.25,-4.152234112098E-15,2.95));
#2414 = DIRECTION('',(-1.,1.33226762955E-15,-1.084683744679E-30));
#2415 = DIRECTION('',(1.998401444325E-15,2.22044604925E-16,-1.));
#2416 = ADVANCED_FACE('',(#2417),#2467,.T.);
#2417 = FACE_BOUND('',#2418,.F.);
#2418 = EDGE_LOOP('',(#2419,#2427,#2435,#2443,#2451,#2459,#2465,#2466));
#2419 = ORIENTED_EDGE('',*,*,#2420,.T.);
#2420 = EDGE_CURVE('',#1807,#2421,#2423,.T.);
#2421 = VERTEX_POINT('',#2422);
#2422 = CARTESIAN_POINT('',(2.,1.E-01,1.25));
#2423 = LINE('',#2424,#2425);
#2424 = CARTESIAN_POINT('',(2.,-3.524958103185E-15,1.35));
#2425 = VECTOR('',#2426,1.);
#2426 = DIRECTION('',(1.177569344013E-15,0.707106781187,-0.707106781187)
  );
#2427 = ORIENTED_EDGE('',*,*,#2428,.T.);
#2428 = EDGE_CURVE('',#2421,#2429,#2431,.T.);
#2429 = VERTEX_POINT('',#2430);
#2430 = CARTESIAN_POINT('',(2.,0.5,1.25));
#2431 = LINE('',#2432,#2433);
#2432 = CARTESIAN_POINT('',(2.,1.E-01,1.25));
#2433 = VECTOR('',#2434,1.);
#2434 = DIRECTION('',(-1.110223024625E-15,1.,-2.775557561563E-15));
#2435 = ORIENTED_EDGE('',*,*,#2436,.T.);
#2436 = EDGE_CURVE('',#2429,#2437,#2439,.T.);
#2437 = VERTEX_POINT('',#2438);
#2438 = CARTESIAN_POINT('',(2.,0.5,0.7));
#2439 = LINE('',#2440,#2441);
#2440 = CARTESIAN_POINT('',(2.,0.5,1.25));
#2441 = VECTOR('',#2442,1.);
#2442 = DIRECTION('',(2.775557561563E-15,5.551115123126E-16,-1.));
#2443 = ORIENTED_EDGE('',*,*,#2444,.T.);
#2444 = EDGE_CURVE('',#2437,#2445,#2447,.T.);
#2445 = VERTEX_POINT('',#2446);
#2446 = CARTESIAN_POINT('',(2.,0.6,0.6));
#2447 = LINE('',#2448,#2449);
#2448 = CARTESIAN_POINT('',(2.,0.5,0.7));
#2449 = VECTOR('',#2450,1.);
#2450 = DIRECTION('',(1.177569344013E-15,0.707106781187,-0.707106781187)
  );
#2451 = ORIENTED_EDGE('',*,*,#2452,.T.);
#2452 = EDGE_CURVE('',#2445,#2453,#2455,.T.);
#2453 = VERTEX_POINT('',#2454);
#2454 = CARTESIAN_POINT('',(2.,1.5,0.6));
#2455 = LINE('',#2456,#2457);
#2456 = CARTESIAN_POINT('',(2.,0.6,0.6));
#2457 = VECTOR('',#2458,1.);
#2458 = DIRECTION('',(-1.110223024625E-15,1.,-2.775557561563E-15));
#2459 = ORIENTED_EDGE('',*,*,#2460,.T.);
#2460 = EDGE_CURVE('',#2453,#2263,#2461,.T.);
#2461 = LINE('',#2462,#2463);
#2462 = CARTESIAN_POINT('',(2.,1.5,0.6));
#2463 = VECTOR('',#2464,1.);
#2464 = DIRECTION('',(2.775557561563E-15,5.551115123126E-16,-1.));
#2465 = ORIENTED_EDGE('',*,*,#2262,.T.);
#2466 = ORIENTED_EDGE('',*,*,#1814,.T.);
#2467 = PLANE('',#2468);
#2468 = AXIS2_PLACEMENT_3D('',#2469,#2470,#2471);
#2469 = CARTESIAN_POINT('',(2.,2.195940270035,1.492270869486));
#2470 = DIRECTION('',(1.,-2.22044604925E-15,-5.551115123126E-16));
#2471 = DIRECTION('',(-2.775557561563E-15,-5.551115123126E-16,1.));
#2472 = ADVANCED_FACE('',(#2473),#2491,.F.);
#2473 = FACE_BOUND('',#2474,.F.);
#2474 = EDGE_LOOP('',(#2475,#2476,#2477,#2485));
#2475 = ORIENTED_EDGE('',*,*,#1790,.F.);
#2476 = ORIENTED_EDGE('',*,*,#2406,.T.);
#2477 = ORIENTED_EDGE('',*,*,#2478,.T.);
#2478 = EDGE_CURVE('',#2399,#2479,#2481,.T.);
#2479 = VERTEX_POINT('',#2480);
#2480 = CARTESIAN_POINT('',(2.5,2.81,2.75));
#2481 = LINE('',#2482,#2483);
#2482 = CARTESIAN_POINT('',(2.375,2.81,2.75));
#2483 = VECTOR('',#2484,1.);
#2484 = DIRECTION('',(1.,-1.287858708565E-15,-2.22044604925E-16));
#2485 = ORIENTED_EDGE('',*,*,#2486,.F.);
#2486 = EDGE_CURVE('',#1791,#2479,#2487,.T.);
#2487 = LINE('',#2488,#2489);
#2488 = CARTESIAN_POINT('',(2.5,-4.496403249732E-15,2.75));
#2489 = VECTOR('',#2490,1.);
#2490 = DIRECTION('',(-6.661338147751E-16,1.,-1.998401444325E-15));
#2491 = PLANE('',#2492);
#2492 = AXIS2_PLACEMENT_3D('',#2493,#2494,#2495);
#2493 = CARTESIAN_POINT('',(2.25,-4.107825191113E-15,2.75));
#2494 = DIRECTION('',(1.7763568394E-15,-1.627025617018E-30,-1.));
#2495 = DIRECTION('',(1.,-1.554312234475E-15,-2.22044604925E-16));
#2496 = ADVANCED_FACE('',(#2497),#2515,.T.);
#2497 = FACE_BOUND('',#2498,.T.);
#2498 = EDGE_LOOP('',(#2499,#2500,#2501,#2509));
#2499 = ORIENTED_EDGE('',*,*,#1806,.T.);
#2500 = ORIENTED_EDGE('',*,*,#2420,.T.);
#2501 = ORIENTED_EDGE('',*,*,#2502,.F.);
#2502 = EDGE_CURVE('',#2503,#2421,#2505,.T.);
#2503 = VERTEX_POINT('',#2504);
#2504 = CARTESIAN_POINT('',(2.5,1.E-01,1.25));
#2505 = LINE('',#2506,#2507);
#2506 = CARTESIAN_POINT('',(2.5,9.999999999999E-02,1.25));
#2507 = VECTOR('',#2508,1.);
#2508 = DIRECTION('',(-1.,1.998401444325E-15,3.330669073875E-16));
#2509 = ORIENTED_EDGE('',*,*,#2510,.F.);
#2510 = EDGE_CURVE('',#1799,#2503,#2511,.T.);
#2511 = LINE('',#2512,#2513);
#2512 = CARTESIAN_POINT('',(2.5,-4.080069615497E-15,1.35));
#2513 = VECTOR('',#2514,1.);
#2514 = DIRECTION('',(1.177569344013E-15,0.707106781187,-0.707106781187)
  );
#2515 = PLANE('',#2516);
#2516 = AXIS2_PLACEMENT_3D('',#2517,#2518,#2519);
#2517 = CARTESIAN_POINT('',(2.5,-6.000755448099E-15,1.35));
#2518 = DIRECTION('',(2.119624819223E-15,-0.707106781187,-0.707106781187
    ));
#2519 = DIRECTION('',(1.177569344013E-15,0.707106781187,-0.707106781187)
  );
#2520 = ADVANCED_FACE('',(#2521),#2611,.T.);
#2521 = FACE_BOUND('',#2522,.T.);
#2522 = EDGE_LOOP('',(#2523,#2531,#2532,#2533,#2534,#2542,#2550,#2558,
    #2566,#2572,#2573,#2581,#2589,#2597,#2605));
#2523 = ORIENTED_EDGE('',*,*,#2524,.F.);
#2524 = EDGE_CURVE('',#2479,#2525,#2527,.T.);
#2525 = VERTEX_POINT('',#2526);
#2526 = CARTESIAN_POINT('',(2.5,3.05,2.45));
#2527 = LINE('',#2528,#2529);
#2528 = CARTESIAN_POINT('',(2.5,2.65,2.95));
#2529 = VECTOR('',#2530,1.);
#2530 = DIRECTION('',(1.473795503474E-15,0.624695047554,-0.780868809443)
  );
#2531 = ORIENTED_EDGE('',*,*,#2486,.F.);
#2532 = ORIENTED_EDGE('',*,*,#1798,.T.);
#2533 = ORIENTED_EDGE('',*,*,#2510,.T.);
#2534 = ORIENTED_EDGE('',*,*,#2535,.T.);
#2535 = EDGE_CURVE('',#2503,#2536,#2538,.T.);
#2536 = VERTEX_POINT('',#2537);
#2537 = CARTESIAN_POINT('',(2.5,0.5,1.25));
#2538 = LINE('',#2539,#2540);
#2539 = CARTESIAN_POINT('',(2.5,1.E-01,1.25));
#2540 = VECTOR('',#2541,1.);
#2541 = DIRECTION('',(-1.110223024625E-15,1.,-2.775557561563E-15));
#2542 = ORIENTED_EDGE('',*,*,#2543,.T.);
#2543 = EDGE_CURVE('',#2536,#2544,#2546,.T.);
#2544 = VERTEX_POINT('',#2545);
#2545 = CARTESIAN_POINT('',(2.5,0.5,0.7));
#2546 = LINE('',#2547,#2548);
#2547 = CARTESIAN_POINT('',(2.5,0.5,1.25));
#2548 = VECTOR('',#2549,1.);
#2549 = DIRECTION('',(2.775557561563E-15,5.551115123126E-16,-1.));
#2550 = ORIENTED_EDGE('',*,*,#2551,.T.);
#2551 = EDGE_CURVE('',#2544,#2552,#2554,.T.);
#2552 = VERTEX_POINT('',#2553);
#2553 = CARTESIAN_POINT('',(2.5,0.6,0.6));
#2554 = LINE('',#2555,#2556);
#2555 = CARTESIAN_POINT('',(2.5,0.5,0.7));
#2556 = VECTOR('',#2557,1.);
#2557 = DIRECTION('',(1.177569344013E-15,0.707106781187,-0.707106781187)
  );
#2558 = ORIENTED_EDGE('',*,*,#2559,.T.);
#2559 = EDGE_CURVE('',#2552,#2560,#2562,.T.);
#2560 = VERTEX_POINT('',#2561);
#2561 = CARTESIAN_POINT('',(2.5,1.5,0.6));
#2562 = LINE('',#2563,#2564);
#2563 = CARTESIAN_POINT('',(2.5,0.6,0.6));
#2564 = VECTOR('',#2565,1.);
#2565 = DIRECTION('',(-1.110223024625E-15,1.,-2.775557561563E-15));
#2566 = ORIENTED_EDGE('',*,*,#2567,.T.);
#2567 = EDGE_CURVE('',#2560,#2271,#2568,.T.);
#2568 = LINE('',#2569,#2570);
#2569 = CARTESIAN_POINT('',(2.5,1.5,0.6));
#2570 = VECTOR('',#2571,1.);
#2571 = DIRECTION('',(2.775557561563E-15,5.551115123126E-16,-1.));
#2572 = ORIENTED_EDGE('',*,*,#2278,.T.);
#2573 = ORIENTED_EDGE('',*,*,#2574,.T.);
#2574 = EDGE_CURVE('',#2279,#2575,#2577,.T.);
#2575 = VERTEX_POINT('',#2576);
#2576 = CARTESIAN_POINT('',(2.5,4.25,1.45));
#2577 = LINE('',#2578,#2579);
#2578 = CARTESIAN_POINT('',(2.5,4.25,4.999999999998E-02));
#2579 = VECTOR('',#2580,1.);
#2580 = DIRECTION('',(-3.330669073875E-15,-6.661338147751E-16,1.));
#2581 = ORIENTED_EDGE('',*,*,#2582,.F.);
#2582 = EDGE_CURVE('',#2583,#2575,#2585,.T.);
#2583 = VERTEX_POINT('',#2584);
#2584 = CARTESIAN_POINT('',(2.5,3.7,1.45));
#2585 = LINE('',#2586,#2587);
#2586 = CARTESIAN_POINT('',(2.5,3.7,1.45));
#2587 = VECTOR('',#2588,1.);
#2588 = DIRECTION('',(-1.110223024625E-15,1.,-2.775557561563E-15));
#2589 = ORIENTED_EDGE('',*,*,#2590,.F.);
#2590 = EDGE_CURVE('',#2591,#2583,#2593,.T.);
#2591 = VERTEX_POINT('',#2592);
#2592 = CARTESIAN_POINT('',(2.5,3.7,2.35));
#2593 = LINE('',#2594,#2595);
#2594 = CARTESIAN_POINT('',(2.5,3.7,2.35));
#2595 = VECTOR('',#2596,1.);
#2596 = DIRECTION('',(2.775557561563E-15,5.551115123126E-16,-1.));
#2597 = ORIENTED_EDGE('',*,*,#2598,.F.);
#2598 = EDGE_CURVE('',#2599,#2591,#2601,.T.);
#2599 = VERTEX_POINT('',#2600);
#2600 = CARTESIAN_POINT('',(2.5,3.6,2.45));
#2601 = LINE('',#2602,#2603);
#2602 = CARTESIAN_POINT('',(2.5,3.6,2.45));
#2603 = VECTOR('',#2604,1.);
#2604 = DIRECTION('',(1.177569344013E-15,0.707106781187,-0.707106781187)
  );
#2605 = ORIENTED_EDGE('',*,*,#2606,.F.);
#2606 = EDGE_CURVE('',#2525,#2599,#2607,.T.);
#2607 = LINE('',#2608,#2609);
#2608 = CARTESIAN_POINT('',(2.5,3.05,2.45));
#2609 = VECTOR('',#2610,1.);
#2610 = DIRECTION('',(-1.110223024625E-15,1.,-2.775557561563E-15));
#2611 = PLANE('',#2612);
#2612 = AXIS2_PLACEMENT_3D('',#2613,#2614,#2615);
#2613 = CARTESIAN_POINT('',(2.5,2.105769230769,1.480769230769));
#2614 = DIRECTION('',(1.,-2.6645352591E-15,-6.661338147751E-16));
#2615 = DIRECTION('',(-3.330669073875E-15,-6.661338147751E-16,1.));
#2616 = ADVANCED_FACE('',(#2617),#2665,.F.);
#2617 = FACE_BOUND('',#2618,.F.);
#2618 = EDGE_LOOP('',(#2619,#2620,#2628,#2636,#2642,#2643,#2651,#2659));
#2619 = ORIENTED_EDGE('',*,*,#1912,.F.);
#2620 = ORIENTED_EDGE('',*,*,#2621,.T.);
#2621 = EDGE_CURVE('',#1905,#2622,#2624,.T.);
#2622 = VERTEX_POINT('',#2623);
#2623 = CARTESIAN_POINT('',(1.7,3.,0.45));
#2624 = LINE('',#2625,#2626);
#2625 = CARTESIAN_POINT('',(1.7,-1.360023205166E-15,0.45));
#2626 = VECTOR('',#2627,1.);
#2627 = DIRECTION('',(-1.110223024625E-16,1.,-1.887379141863E-15));
#2628 = ORIENTED_EDGE('',*,*,#2629,.T.);
#2629 = EDGE_CURVE('',#2622,#2630,#2632,.T.);
#2630 = VERTEX_POINT('',#2631);
#2631 = CARTESIAN_POINT('',(1.7,3.,2.55));
#2632 = LINE('',#2633,#2634);
#2633 = CARTESIAN_POINT('',(1.7,3.,0.45));
#2634 = VECTOR('',#2635,1.);
#2635 = DIRECTION('',(-8.881784197001E-16,7.771561172376E-16,1.));
#2636 = ORIENTED_EDGE('',*,*,#2637,.F.);
#2637 = EDGE_CURVE('',#1849,#2630,#2638,.T.);
#2638 = LINE('',#2639,#2640);
#2639 = CARTESIAN_POINT('',(1.7,7.382983113757E-16,2.55));
#2640 = VECTOR('',#2641,1.);
#2641 = DIRECTION('',(-1.110223024625E-16,1.,-1.887379141863E-15));
#2642 = ORIENTED_EDGE('',*,*,#1846,.F.);
#2643 = ORIENTED_EDGE('',*,*,#2644,.F.);
#2644 = EDGE_CURVE('',#2645,#1847,#2647,.T.);
#2645 = VERTEX_POINT('',#2646);
#2646 = CARTESIAN_POINT('',(1.7,2.4,2.05));
#2647 = LINE('',#2648,#2649);
#2648 = CARTESIAN_POINT('',(1.7,-2.303712776097E-16,2.05));
#2649 = VECTOR('',#2650,1.);
#2650 = DIRECTION('',(-3.330669073875E-16,-1.,3.330669073875E-16));
#2651 = ORIENTED_EDGE('',*,*,#2652,.F.);
#2652 = EDGE_CURVE('',#2653,#2645,#2655,.T.);
#2653 = VERTEX_POINT('',#2654);
#2654 = CARTESIAN_POINT('',(1.7,2.4,1.45));
#2655 = LINE('',#2656,#2657);
#2656 = CARTESIAN_POINT('',(1.7,2.4,1.1));
#2657 = VECTOR('',#2658,1.);
#2658 = DIRECTION('',(-2.22044604925E-16,3.330669073875E-16,1.));
#2659 = ORIENTED_EDGE('',*,*,#2660,.F.);
#2660 = EDGE_CURVE('',#1913,#2653,#2661,.T.);
#2661 = LINE('',#2662,#2663);
#2662 = CARTESIAN_POINT('',(1.7,-5.911937606129E-16,1.45));
#2663 = VECTOR('',#2664,1.);
#2664 = DIRECTION('',(3.330669073875E-16,1.,-3.330669073875E-16));
#2665 = PLANE('',#2666);
#2666 = AXIS2_PLACEMENT_3D('',#2667,#2668,#2669);
#2667 = CARTESIAN_POINT('',(1.7,-1.360023205166E-15,0.45));
#2668 = DIRECTION('',(1.,-5.551115123126E-16,3.451266460342E-31));
#2669 = DIRECTION('',(-6.661338147751E-16,9.992007221626E-16,1.));
#2670 = ADVANCED_FACE('',(#2671),#2689,.F.);
#2671 = FACE_BOUND('',#2672,.F.);
#2672 = EDGE_LOOP('',(#2673,#2674,#2682,#2688));
#2673 = ORIENTED_EDGE('',*,*,#1936,.F.);
#2674 = ORIENTED_EDGE('',*,*,#2675,.T.);
#2675 = EDGE_CURVE('',#1929,#2676,#2678,.T.);
#2676 = VERTEX_POINT('',#2677);
#2677 = CARTESIAN_POINT('',(2.05,2.4,2.05));
#2678 = LINE('',#2679,#2680);
#2679 = CARTESIAN_POINT('',(2.05,-2.275957200482E-16,2.05));
#2680 = VECTOR('',#2681,1.);
#2681 = DIRECTION('',(2.465190328816E-32,1.,-3.330669073875E-16));
#2682 = ORIENTED_EDGE('',*,*,#2683,.T.);
#2683 = EDGE_CURVE('',#2676,#2645,#2684,.T.);
#2684 = LINE('',#2685,#2686);
#2685 = CARTESIAN_POINT('',(2.05,2.4,2.05));
#2686 = VECTOR('',#2687,1.);
#2687 = DIRECTION('',(-1.,4.440892098501E-16,1.110223024625E-16));
#2688 = ORIENTED_EDGE('',*,*,#2644,.T.);
#2689 = PLANE('',#2690);
#2690 = AXIS2_PLACEMENT_3D('',#2691,#2692,#2693);
#2691 = CARTESIAN_POINT('',(2.05,-2.275957200482E-16,2.05));
#2692 = DIRECTION('',(-1.110223024625E-16,3.330669073875E-16,1.));
#2693 = DIRECTION('',(-1.,2.22044604925E-16,-1.110223024625E-16));
#2694 = ADVANCED_FACE('',(#2695),#2713,.F.);
#2695 = FACE_BOUND('',#2696,.F.);
#2696 = EDGE_LOOP('',(#2697,#2705,#2711,#2712));
#2697 = ORIENTED_EDGE('',*,*,#2698,.T.);
#2698 = EDGE_CURVE('',#1921,#2699,#2701,.T.);
#2699 = VERTEX_POINT('',#2700);
#2700 = CARTESIAN_POINT('',(2.05,2.4,1.45));
#2701 = LINE('',#2702,#2703);
#2702 = CARTESIAN_POINT('',(2.05,-2.942091015257E-16,1.45));
#2703 = VECTOR('',#2704,1.);
#2704 = DIRECTION('',(2.465190328816E-32,1.,-3.330669073875E-16));
#2705 = ORIENTED_EDGE('',*,*,#2706,.T.);
#2706 = EDGE_CURVE('',#2699,#2676,#2707,.T.);
#2707 = LINE('',#2708,#2709);
#2708 = CARTESIAN_POINT('',(2.05,2.4,1.45));
#2709 = VECTOR('',#2710,1.);
#2710 = DIRECTION('',(-5.551115123126E-16,-1.110223024625E-16,1.));
#2711 = ORIENTED_EDGE('',*,*,#2675,.F.);
#2712 = ORIENTED_EDGE('',*,*,#1928,.F.);
#2713 = PLANE('',#2714);
#2714 = AXIS2_PLACEMENT_3D('',#2715,#2716,#2717);
#2715 = CARTESIAN_POINT('',(2.05,-2.942091015257E-16,1.45));
#2716 = DIRECTION('',(1.,8.628166150855E-32,3.330669073875E-16));
#2717 = DIRECTION('',(-3.330669073875E-16,1.110223024625E-16,1.));
#2718 = ADVANCED_FACE('',(#2719),#2730,.F.);
#2719 = FACE_BOUND('',#2720,.F.);
#2720 = EDGE_LOOP('',(#2721,#2722,#2723,#2729));
#2721 = ORIENTED_EDGE('',*,*,#1920,.F.);
#2722 = ORIENTED_EDGE('',*,*,#2660,.T.);
#2723 = ORIENTED_EDGE('',*,*,#2724,.T.);
#2724 = EDGE_CURVE('',#2653,#2699,#2725,.T.);
#2725 = LINE('',#2726,#2727);
#2726 = CARTESIAN_POINT('',(-2.05,2.4,1.45));
#2727 = VECTOR('',#2728,1.);
#2728 = DIRECTION('',(1.,-4.440892098501E-16,-1.110223024625E-16));
#2729 = ORIENTED_EDGE('',*,*,#2698,.F.);
#2730 = PLANE('',#2731);
#2731 = AXIS2_PLACEMENT_3D('',#2732,#2733,#2734);
#2732 = CARTESIAN_POINT('',(-2.05,6.16173778667E-16,1.45));
#2733 = DIRECTION('',(1.110223024625E-16,-3.330669073875E-16,-1.));
#2734 = DIRECTION('',(1.,-2.22044604925E-16,1.110223024625E-16));
#2735 = ADVANCED_FACE('',(#2736),#2754,.F.);
#2736 = FACE_BOUND('',#2737,.F.);
#2737 = EDGE_LOOP('',(#2738,#2746,#2752,#2753));
#2738 = ORIENTED_EDGE('',*,*,#2739,.T.);
#2739 = EDGE_CURVE('',#1897,#2740,#2742,.T.);
#2740 = VERTEX_POINT('',#2741);
#2741 = CARTESIAN_POINT('',(-1.7,3.,0.45));
#2742 = LINE('',#2743,#2744);
#2743 = CARTESIAN_POINT('',(-1.7,1.659783421815E-15,0.45));
#2744 = VECTOR('',#2745,1.);
#2745 = DIRECTION('',(-1.110223024625E-16,1.,-1.887379141863E-15));
#2746 = ORIENTED_EDGE('',*,*,#2747,.T.);
#2747 = EDGE_CURVE('',#2740,#2622,#2748,.T.);
#2748 = LINE('',#2749,#2750);
#2749 = CARTESIAN_POINT('',(-1.7,3.,0.45));
#2750 = VECTOR('',#2751,1.);
#2751 = DIRECTION('',(1.,-1.110223024625E-15,-4.440892098501E-16));
#2752 = ORIENTED_EDGE('',*,*,#2621,.F.);
#2753 = ORIENTED_EDGE('',*,*,#1904,.F.);
#2754 = PLANE('',#2755);
#2755 = AXIS2_PLACEMENT_3D('',#2756,#2757,#2758);
#2756 = CARTESIAN_POINT('',(-1.7,1.659783421815E-15,0.45));
#2757 = DIRECTION('',(4.440892098501E-16,-1.221245327088E-15,-1.));
#2758 = DIRECTION('',(1.,-8.881784197001E-16,-2.22044604925E-16));
#2759 = ADVANCED_FACE('',(#2760),#2801,.F.);
#2760 = FACE_BOUND('',#2761,.F.);
#2761 = EDGE_LOOP('',(#2762,#2763,#2771,#2777,#2778,#2779,#2787,#2795));
#2762 = ORIENTED_EDGE('',*,*,#1864,.F.);
#2763 = ORIENTED_EDGE('',*,*,#2764,.T.);
#2764 = EDGE_CURVE('',#1857,#2765,#2767,.T.);
#2765 = VERTEX_POINT('',#2766);
#2766 = CARTESIAN_POINT('',(-1.7,3.,2.55));
#2767 = LINE('',#2768,#2769);
#2768 = CARTESIAN_POINT('',(-1.7,3.758104938356E-15,2.55));
#2769 = VECTOR('',#2770,1.);
#2770 = DIRECTION('',(-1.110223024625E-16,1.,-1.887379141863E-15));
#2771 = ORIENTED_EDGE('',*,*,#2772,.T.);
#2772 = EDGE_CURVE('',#2765,#2740,#2773,.T.);
#2773 = LINE('',#2774,#2775);
#2774 = CARTESIAN_POINT('',(-1.7,3.,2.55));
#2775 = VECTOR('',#2776,1.);
#2776 = DIRECTION('',(8.881784197001E-16,-7.771561172376E-16,-1.));
#2777 = ORIENTED_EDGE('',*,*,#2739,.F.);
#2778 = ORIENTED_EDGE('',*,*,#1896,.F.);
#2779 = ORIENTED_EDGE('',*,*,#2780,.F.);
#2780 = EDGE_CURVE('',#2781,#1889,#2783,.T.);
#2781 = VERTEX_POINT('',#2782);
#2782 = CARTESIAN_POINT('',(-1.7,2.4,1.45));
#2783 = LINE('',#2784,#2785);
#2784 = CARTESIAN_POINT('',(-1.7,2.040034807749E-15,1.45));
#2785 = VECTOR('',#2786,1.);
#2786 = DIRECTION('',(-3.330669073875E-16,-1.,3.330669073875E-16));
#2787 = ORIENTED_EDGE('',*,*,#2788,.F.);
#2788 = EDGE_CURVE('',#2789,#2781,#2791,.T.);
#2789 = VERTEX_POINT('',#2790);
#2790 = CARTESIAN_POINT('',(-1.7,2.4,2.05));
#2791 = LINE('',#2792,#2793);
#2792 = CARTESIAN_POINT('',(-1.7,2.4,2.15));
#2793 = VECTOR('',#2794,1.);
#2794 = DIRECTION('',(2.22044604925E-16,-3.330669073875E-16,-1.));
#2795 = ORIENTED_EDGE('',*,*,#2796,.F.);
#2796 = EDGE_CURVE('',#1865,#2789,#2797,.T.);
#2797 = LINE('',#2798,#2799);
#2798 = CARTESIAN_POINT('',(-1.7,2.400857290752E-15,2.05));
#2799 = VECTOR('',#2800,1.);
#2800 = DIRECTION('',(3.330669073875E-16,1.,-3.330669073875E-16));
#2801 = PLANE('',#2802);
#2802 = AXIS2_PLACEMENT_3D('',#2803,#2804,#2805);
#2803 = CARTESIAN_POINT('',(-1.7,3.758104938356E-15,2.55));
#2804 = DIRECTION('',(-1.,5.551115123126E-16,-3.451266460342E-31));
#2805 = DIRECTION('',(6.661338147751E-16,-9.992007221626E-16,-1.));
#2806 = ADVANCED_FACE('',(#2807),#2825,.F.);
#2807 = FACE_BOUND('',#2808,.F.);
#2808 = EDGE_LOOP('',(#2809,#2810,#2818,#2824));
#2809 = ORIENTED_EDGE('',*,*,#1888,.F.);
#2810 = ORIENTED_EDGE('',*,*,#2811,.T.);
#2811 = EDGE_CURVE('',#1881,#2812,#2814,.T.);
#2812 = VERTEX_POINT('',#2813);
#2813 = CARTESIAN_POINT('',(-2.05,2.4,1.45));
#2814 = LINE('',#2815,#2816);
#2815 = CARTESIAN_POINT('',(-2.05,6.16173778667E-16,1.45));
#2816 = VECTOR('',#2817,1.);
#2817 = DIRECTION('',(2.465190328816E-32,1.,-3.330669073875E-16));
#2818 = ORIENTED_EDGE('',*,*,#2819,.T.);
#2819 = EDGE_CURVE('',#2812,#2781,#2820,.T.);
#2820 = LINE('',#2821,#2822);
#2821 = CARTESIAN_POINT('',(-2.05,2.4,1.45));
#2822 = VECTOR('',#2823,1.);
#2823 = DIRECTION('',(1.,-4.440892098501E-16,-1.110223024625E-16));
#2824 = ORIENTED_EDGE('',*,*,#2780,.T.);
#2825 = PLANE('',#2826);
#2826 = AXIS2_PLACEMENT_3D('',#2827,#2828,#2829);
#2827 = CARTESIAN_POINT('',(-2.05,6.16173778667E-16,1.45));
#2828 = DIRECTION('',(1.110223024625E-16,-3.330669073875E-16,-1.));
#2829 = DIRECTION('',(1.,-2.22044604925E-16,1.110223024625E-16));
#2830 = ADVANCED_FACE('',(#2831),#2849,.F.);
#2831 = FACE_BOUND('',#2832,.F.);
#2832 = EDGE_LOOP('',(#2833,#2841,#2847,#2848));
#2833 = ORIENTED_EDGE('',*,*,#2834,.T.);
#2834 = EDGE_CURVE('',#1873,#2835,#2837,.T.);
#2835 = VERTEX_POINT('',#2836);
#2836 = CARTESIAN_POINT('',(-2.05,2.4,2.05));
#2837 = LINE('',#2838,#2839);
#2838 = CARTESIAN_POINT('',(-2.05,6.827871601445E-16,2.05));
#2839 = VECTOR('',#2840,1.);
#2840 = DIRECTION('',(2.465190328816E-32,1.,-3.330669073875E-16));
#2841 = ORIENTED_EDGE('',*,*,#2842,.T.);
#2842 = EDGE_CURVE('',#2835,#2812,#2843,.T.);
#2843 = LINE('',#2844,#2845);
#2844 = CARTESIAN_POINT('',(-2.05,2.4,2.05));
#2845 = VECTOR('',#2846,1.);
#2846 = DIRECTION('',(5.551115123126E-16,1.110223024625E-16,-1.));
#2847 = ORIENTED_EDGE('',*,*,#2811,.F.);
#2848 = ORIENTED_EDGE('',*,*,#1880,.F.);
#2849 = PLANE('',#2850);
#2850 = AXIS2_PLACEMENT_3D('',#2851,#2852,#2853);
#2851 = CARTESIAN_POINT('',(-2.05,6.827871601445E-16,2.05));
#2852 = DIRECTION('',(-1.,-8.628166150855E-32,-3.330669073875E-16));
#2853 = DIRECTION('',(3.330669073875E-16,-1.110223024625E-16,-1.));
#2854 = ADVANCED_FACE('',(#2855),#2866,.F.);
#2855 = FACE_BOUND('',#2856,.F.);
#2856 = EDGE_LOOP('',(#2857,#2858,#2859,#2865));
#2857 = ORIENTED_EDGE('',*,*,#1872,.F.);
#2858 = ORIENTED_EDGE('',*,*,#2796,.T.);
#2859 = ORIENTED_EDGE('',*,*,#2860,.T.);
#2860 = EDGE_CURVE('',#2789,#2835,#2861,.T.);
#2861 = LINE('',#2862,#2863);
#2862 = CARTESIAN_POINT('',(2.05,2.4,2.05));
#2863 = VECTOR('',#2864,1.);
#2864 = DIRECTION('',(-1.,4.440892098501E-16,1.110223024625E-16));
#2865 = ORIENTED_EDGE('',*,*,#2834,.F.);
#2866 = PLANE('',#2867);
#2867 = AXIS2_PLACEMENT_3D('',#2868,#2869,#2870);
#2868 = CARTESIAN_POINT('',(2.05,-2.275957200482E-16,2.05));
#2869 = DIRECTION('',(-1.110223024625E-16,3.330669073875E-16,1.));
#2870 = DIRECTION('',(-1.,2.22044604925E-16,-1.110223024625E-16));
#2871 = ADVANCED_FACE('',(#2872),#2883,.F.);
#2872 = FACE_BOUND('',#2873,.F.);
#2873 = EDGE_LOOP('',(#2874,#2875,#2881,#2882));
#2874 = ORIENTED_EDGE('',*,*,#2637,.T.);
#2875 = ORIENTED_EDGE('',*,*,#2876,.T.);
#2876 = EDGE_CURVE('',#2630,#2765,#2877,.T.);
#2877 = LINE('',#2878,#2879);
#2878 = CARTESIAN_POINT('',(1.7,3.,2.55));
#2879 = VECTOR('',#2880,1.);
#2880 = DIRECTION('',(-1.,1.110223024625E-15,4.440892098501E-16));
#2881 = ORIENTED_EDGE('',*,*,#2764,.F.);
#2882 = ORIENTED_EDGE('',*,*,#1856,.F.);
#2883 = PLANE('',#2884);
#2884 = AXIS2_PLACEMENT_3D('',#2885,#2886,#2887);
#2885 = CARTESIAN_POINT('',(1.7,7.382983113757E-16,2.55));
#2886 = DIRECTION('',(-4.440892098501E-16,1.221245327088E-15,1.));
#2887 = DIRECTION('',(-1.,8.881784197001E-16,2.22044604925E-16));
#2888 = ADVANCED_FACE('',(#2889),#2909,.F.);
#2889 = FACE_BOUND('',#2890,.T.);
#2890 = EDGE_LOOP('',(#2891,#2892,#2893,#2901,#2907,#2908));
#2891 = ORIENTED_EDGE('',*,*,#2126,.T.);
#2892 = ORIENTED_EDGE('',*,*,#2198,.T.);
#2893 = ORIENTED_EDGE('',*,*,#2894,.T.);
#2894 = EDGE_CURVE('',#2199,#2895,#2897,.T.);
#2895 = VERTEX_POINT('',#2896);
#2896 = CARTESIAN_POINT('',(-2.,3.05,2.45));
#2897 = LINE('',#2898,#2899);
#2898 = CARTESIAN_POINT('',(-2.,2.65,2.95));
#2899 = VECTOR('',#2900,1.);
#2900 = DIRECTION('',(2.115330016751E-15,0.624695047554,-0.780868809443)
  );
#2901 = ORIENTED_EDGE('',*,*,#2902,.F.);
#2902 = EDGE_CURVE('',#1953,#2895,#2903,.T.);
#2903 = LINE('',#2904,#2905);
#2904 = CARTESIAN_POINT('',(-2.5,3.05,2.45));
#2905 = VECTOR('',#2906,1.);
#2906 = DIRECTION('',(1.,-2.775557561563E-15,-2.22044604925E-16));
#2907 = ORIENTED_EDGE('',*,*,#1950,.F.);
#2908 = ORIENTED_EDGE('',*,*,#2078,.T.);
#2909 = PLANE('',#2910);
#2910 = AXIS2_PLACEMENT_3D('',#2911,#2912,#2913);
#2911 = CARTESIAN_POINT('',(-2.5,2.65,2.95));
#2912 = DIRECTION('',(2.375411576187E-15,-0.780868809443,-0.624695047554
    ));
#2913 = DIRECTION('',(-2.045974934234E-15,-0.624695047554,0.780868809443
    ));
#2914 = ADVANCED_FACE('',(#2915),#2933,.F.);
#2915 = FACE_BOUND('',#2916,.T.);
#2916 = EDGE_LOOP('',(#2917,#2918,#2926,#2932));
#2917 = ORIENTED_EDGE('',*,*,#2902,.T.);
#2918 = ORIENTED_EDGE('',*,*,#2919,.T.);
#2919 = EDGE_CURVE('',#2895,#2920,#2922,.T.);
#2920 = VERTEX_POINT('',#2921);
#2921 = CARTESIAN_POINT('',(-2.,3.6,2.45));
#2922 = LINE('',#2923,#2924);
#2923 = CARTESIAN_POINT('',(-2.,3.05,2.45));
#2924 = VECTOR('',#2925,1.);
#2925 = DIRECTION('',(-7.771561172376E-16,1.,-3.441691376338E-15));
#2926 = ORIENTED_EDGE('',*,*,#2927,.F.);
#2927 = EDGE_CURVE('',#2048,#2920,#2928,.T.);
#2928 = LINE('',#2929,#2930);
#2929 = CARTESIAN_POINT('',(-2.5,3.6,2.45));
#2930 = VECTOR('',#2931,1.);
#2931 = DIRECTION('',(1.,-2.775557561563E-15,-2.22044604925E-16));
#2932 = ORIENTED_EDGE('',*,*,#2055,.F.);
#2933 = PLANE('',#2934);
#2934 = AXIS2_PLACEMENT_3D('',#2935,#2936,#2937);
#2935 = CARTESIAN_POINT('',(-2.5,3.05,2.45));
#2936 = DIRECTION('',(3.10862446895E-15,7.771561172376E-16,-1.));
#2937 = DIRECTION('',(3.330669073875E-16,-1.,2.997602166488E-15));
#2938 = ADVANCED_FACE('',(#2939),#2957,.F.);
#2939 = FACE_BOUND('',#2940,.T.);
#2940 = EDGE_LOOP('',(#2941,#2942,#2950,#2956));
#2941 = ORIENTED_EDGE('',*,*,#2927,.T.);
#2942 = ORIENTED_EDGE('',*,*,#2943,.T.);
#2943 = EDGE_CURVE('',#2920,#2944,#2946,.T.);
#2944 = VERTEX_POINT('',#2945);
#2945 = CARTESIAN_POINT('',(-2.,3.7,2.35));
#2946 = LINE('',#2947,#2948);
#2947 = CARTESIAN_POINT('',(-2.,3.6,2.45));
#2948 = VECTOR('',#2949,1.);
#2949 = DIRECTION('',(1.805606327486E-15,0.707106781187,-0.707106781187)
  );
#2950 = ORIENTED_EDGE('',*,*,#2951,.F.);
#2951 = EDGE_CURVE('',#2040,#2944,#2952,.T.);
#2952 = LINE('',#2953,#2954);
#2953 = CARTESIAN_POINT('',(-2.5,3.7,2.35));
#2954 = VECTOR('',#2955,1.);
#2955 = DIRECTION('',(1.,-2.775557561563E-15,-2.22044604925E-16));
#2956 = ORIENTED_EDGE('',*,*,#2047,.F.);
#2957 = PLANE('',#2958);
#2958 = AXIS2_PLACEMENT_3D('',#2959,#2960,#2961);
#2959 = CARTESIAN_POINT('',(-2.5,3.6,2.45));
#2960 = DIRECTION('',(2.590652556828E-15,-0.707106781187,-0.707106781187
    ));
#2961 = DIRECTION('',(-1.805606327486E-15,-0.707106781187,0.707106781187
    ));
#2962 = ADVANCED_FACE('',(#2963),#2981,.F.);
#2963 = FACE_BOUND('',#2964,.T.);
#2964 = EDGE_LOOP('',(#2965,#2966,#2974,#2980));
#2965 = ORIENTED_EDGE('',*,*,#2951,.T.);
#2966 = ORIENTED_EDGE('',*,*,#2967,.T.);
#2967 = EDGE_CURVE('',#2944,#2968,#2970,.T.);
#2968 = VERTEX_POINT('',#2969);
#2969 = CARTESIAN_POINT('',(-2.,3.7,1.45));
#2970 = LINE('',#2971,#2972);
#2971 = CARTESIAN_POINT('',(-2.,3.7,2.35));
#2972 = VECTOR('',#2973,1.);
#2973 = DIRECTION('',(3.330669073875E-15,1.443289932013E-15,-1.));
#2974 = ORIENTED_EDGE('',*,*,#2975,.F.);
#2975 = EDGE_CURVE('',#2032,#2968,#2976,.T.);
#2976 = LINE('',#2977,#2978);
#2977 = CARTESIAN_POINT('',(-2.5,3.7,1.45));
#2978 = VECTOR('',#2979,1.);
#2979 = DIRECTION('',(1.,-2.775557561563E-15,-2.22044604925E-16));
#2980 = ORIENTED_EDGE('',*,*,#2039,.F.);
#2981 = PLANE('',#2982);
#2982 = AXIS2_PLACEMENT_3D('',#2983,#2984,#2985);
#2983 = CARTESIAN_POINT('',(-2.5,3.7,2.35));
#2984 = DIRECTION('',(5.551115123126E-16,-1.,2.775557561563E-15));
#2985 = DIRECTION('',(-2.886579864025E-15,-9.992007221626E-16,1.));
#2986 = ADVANCED_FACE('',(#2987),#3005,.F.);
#2987 = FACE_BOUND('',#2988,.T.);
#2988 = EDGE_LOOP('',(#2989,#2990,#2998,#3004));
#2989 = ORIENTED_EDGE('',*,*,#2975,.T.);
#2990 = ORIENTED_EDGE('',*,*,#2991,.T.);
#2991 = EDGE_CURVE('',#2968,#2992,#2994,.T.);
#2992 = VERTEX_POINT('',#2993);
#2993 = CARTESIAN_POINT('',(-2.,4.25,1.45));
#2994 = LINE('',#2995,#2996);
#2995 = CARTESIAN_POINT('',(-2.,3.7,1.45));
#2996 = VECTOR('',#2997,1.);
#2997 = DIRECTION('',(-7.771561172376E-16,1.,-3.441691376338E-15));
#2998 = ORIENTED_EDGE('',*,*,#2999,.F.);
#2999 = EDGE_CURVE('',#2024,#2992,#3000,.T.);
#3000 = LINE('',#3001,#3002);
#3001 = CARTESIAN_POINT('',(-2.5,4.25,1.45));
#3002 = VECTOR('',#3003,1.);
#3003 = DIRECTION('',(1.,-2.775557561563E-15,-2.22044604925E-16));
#3004 = ORIENTED_EDGE('',*,*,#2031,.F.);
#3005 = PLANE('',#3006);
#3006 = AXIS2_PLACEMENT_3D('',#3007,#3008,#3009);
#3007 = CARTESIAN_POINT('',(-2.5,3.7,1.45));
#3008 = DIRECTION('',(3.10862446895E-15,7.771561172376E-16,-1.));
#3009 = DIRECTION('',(3.330669073875E-16,-1.,2.997602166488E-15));
#3010 = ADVANCED_FACE('',(#3011),#3038,.F.);
#3011 = FACE_BOUND('',#3012,.F.);
#3012 = EDGE_LOOP('',(#3013,#3014,#3015,#3023,#3031,#3037));
#3013 = ORIENTED_EDGE('',*,*,#2023,.F.);
#3014 = ORIENTED_EDGE('',*,*,#2382,.T.);
#3015 = ORIENTED_EDGE('',*,*,#3016,.F.);
#3016 = EDGE_CURVE('',#3017,#2375,#3019,.T.);
#3017 = VERTEX_POINT('',#3018);
#3018 = CARTESIAN_POINT('',(-1.32,4.25,2.45));
#3019 = LINE('',#3020,#3021);
#3020 = CARTESIAN_POINT('',(-1.32,4.25,2.45));
#3021 = VECTOR('',#3022,1.);
#3022 = DIRECTION('',(1.554312234475E-15,5.551115123126E-16,-1.));
#3023 = ORIENTED_EDGE('',*,*,#3024,.F.);
#3024 = EDGE_CURVE('',#3025,#3017,#3027,.T.);
#3025 = VERTEX_POINT('',#3026);
#3026 = CARTESIAN_POINT('',(-2.,4.25,2.45));
#3027 = LINE('',#3028,#3029);
#3028 = CARTESIAN_POINT('',(-2.5,4.25,2.45));
#3029 = VECTOR('',#3030,1.);
#3030 = DIRECTION('',(1.,-2.442490654175E-15,-4.440892098501E-16));
#3031 = ORIENTED_EDGE('',*,*,#3032,.F.);
#3032 = EDGE_CURVE('',#2992,#3025,#3033,.T.);
#3033 = LINE('',#3034,#3035);
#3034 = CARTESIAN_POINT('',(-2.,4.25,1.45));
#3035 = VECTOR('',#3036,1.);
#3036 = DIRECTION('',(-3.330669073875E-15,-1.443289932013E-15,1.));
#3037 = ORIENTED_EDGE('',*,*,#2999,.F.);
#3038 = PLANE('',#3039);
#3039 = AXIS2_PLACEMENT_3D('',#3040,#3041,#3042);
#3040 = CARTESIAN_POINT('',(-2.5,4.25,4.999999999999E-02));
#3041 = DIRECTION('',(8.881784197001E-16,-1.,2.886579864025E-15));
#3042 = DIRECTION('',(-3.10862446895E-15,-4.440892098501E-16,1.));
#3043 = ADVANCED_FACE('',(#3044),#3055,.T.);
#3044 = FACE_BOUND('',#3045,.F.);
#3045 = EDGE_LOOP('',(#3046,#3052,#3053,#3054));
#3046 = ORIENTED_EDGE('',*,*,#3047,.T.);
#3047 = EDGE_CURVE('',#2000,#2167,#3048,.T.);
#3048 = LINE('',#3049,#3050);
#3049 = CARTESIAN_POINT('',(-2.5,1.5,0.6));
#3050 = VECTOR('',#3051,1.);
#3051 = DIRECTION('',(1.,-2.775557561563E-15,-2.22044604925E-16));
#3052 = ORIENTED_EDGE('',*,*,#2174,.T.);
#3053 = ORIENTED_EDGE('',*,*,#2254,.F.);
#3054 = ORIENTED_EDGE('',*,*,#2007,.F.);
#3055 = PLANE('',#3056);
#3056 = AXIS2_PLACEMENT_3D('',#3057,#3058,#3059);
#3057 = CARTESIAN_POINT('',(-2.5,1.5,0.6));
#3058 = DIRECTION('',(5.551115123126E-16,-1.,2.775557561563E-15));
#3059 = DIRECTION('',(-2.886579864025E-15,-9.992007221626E-16,1.));
#3060 = ADVANCED_FACE('',(#3061),#3072,.T.);
#3061 = FACE_BOUND('',#3062,.F.);
#3062 = EDGE_LOOP('',(#3063,#3069,#3070,#3071));
#3063 = ORIENTED_EDGE('',*,*,#3064,.T.);
#3064 = EDGE_CURVE('',#1992,#2159,#3065,.T.);
#3065 = LINE('',#3066,#3067);
#3066 = CARTESIAN_POINT('',(-2.5,0.6,0.6));
#3067 = VECTOR('',#3068,1.);
#3068 = DIRECTION('',(1.,-2.775557561563E-15,-2.22044604925E-16));
#3069 = ORIENTED_EDGE('',*,*,#2166,.T.);
#3070 = ORIENTED_EDGE('',*,*,#3047,.F.);
#3071 = ORIENTED_EDGE('',*,*,#1999,.F.);
#3072 = PLANE('',#3073);
#3073 = AXIS2_PLACEMENT_3D('',#3074,#3075,#3076);
#3074 = CARTESIAN_POINT('',(-2.5,0.6,0.6));
#3075 = DIRECTION('',(3.10862446895E-15,7.771561172376E-16,-1.));
#3076 = DIRECTION('',(3.330669073875E-16,-1.,2.997602166488E-15));
#3077 = ADVANCED_FACE('',(#3078),#3089,.T.);
#3078 = FACE_BOUND('',#3079,.F.);
#3079 = EDGE_LOOP('',(#3080,#3086,#3087,#3088));
#3080 = ORIENTED_EDGE('',*,*,#3081,.T.);
#3081 = EDGE_CURVE('',#1984,#2151,#3082,.T.);
#3082 = LINE('',#3083,#3084);
#3083 = CARTESIAN_POINT('',(-2.5,0.5,0.7));
#3084 = VECTOR('',#3085,1.);
#3085 = DIRECTION('',(1.,-2.775557561563E-15,-2.22044604925E-16));
#3086 = ORIENTED_EDGE('',*,*,#2158,.T.);
#3087 = ORIENTED_EDGE('',*,*,#3064,.F.);
#3088 = ORIENTED_EDGE('',*,*,#1991,.F.);
#3089 = PLANE('',#3090);
#3090 = AXIS2_PLACEMENT_3D('',#3091,#3092,#3093);
#3091 = CARTESIAN_POINT('',(-2.5,0.5,0.7));
#3092 = DIRECTION('',(2.590652556828E-15,-0.707106781187,-0.707106781187
    ));
#3093 = DIRECTION('',(-1.805606327486E-15,-0.707106781187,0.707106781187
    ));
#3094 = ADVANCED_FACE('',(#3095),#3106,.T.);
#3095 = FACE_BOUND('',#3096,.F.);
#3096 = EDGE_LOOP('',(#3097,#3103,#3104,#3105));
#3097 = ORIENTED_EDGE('',*,*,#3098,.T.);
#3098 = EDGE_CURVE('',#1976,#2143,#3099,.T.);
#3099 = LINE('',#3100,#3101);
#3100 = CARTESIAN_POINT('',(-2.5,0.5,1.25));
#3101 = VECTOR('',#3102,1.);
#3102 = DIRECTION('',(1.,-2.775557561563E-15,-2.22044604925E-16));
#3103 = ORIENTED_EDGE('',*,*,#2150,.T.);
#3104 = ORIENTED_EDGE('',*,*,#3081,.F.);
#3105 = ORIENTED_EDGE('',*,*,#1983,.F.);
#3106 = PLANE('',#3107);
#3107 = AXIS2_PLACEMENT_3D('',#3108,#3109,#3110);
#3108 = CARTESIAN_POINT('',(-2.5,0.5,1.25));
#3109 = DIRECTION('',(5.551115123126E-16,-1.,2.775557561563E-15));
#3110 = DIRECTION('',(-2.886579864025E-15,-9.992007221626E-16,1.));
#3111 = ADVANCED_FACE('',(#3112),#3118,.T.);
#3112 = FACE_BOUND('',#3113,.F.);
#3113 = EDGE_LOOP('',(#3114,#3115,#3116,#3117));
#3114 = ORIENTED_EDGE('',*,*,#2102,.T.);
#3115 = ORIENTED_EDGE('',*,*,#2142,.T.);
#3116 = ORIENTED_EDGE('',*,*,#3098,.F.);
#3117 = ORIENTED_EDGE('',*,*,#1975,.F.);
#3118 = PLANE('',#3119);
#3119 = AXIS2_PLACEMENT_3D('',#3120,#3121,#3122);
#3120 = CARTESIAN_POINT('',(-2.5,0.1,1.25));
#3121 = DIRECTION('',(3.10862446895E-15,7.771561172376E-16,-1.));
#3122 = DIRECTION('',(3.330669073875E-16,-1.,2.997602166488E-15));
#3123 = ADVANCED_FACE('',(#3124),#3144,.F.);
#3124 = FACE_BOUND('',#3125,.F.);
#3125 = EDGE_LOOP('',(#3126,#3127,#3128,#3136,#3142,#3143));
#3126 = ORIENTED_EDGE('',*,*,#2398,.F.);
#3127 = ORIENTED_EDGE('',*,*,#2230,.T.);
#3128 = ORIENTED_EDGE('',*,*,#3129,.T.);
#3129 = EDGE_CURVE('',#2223,#3130,#3132,.T.);
#3130 = VERTEX_POINT('',#3131);
#3131 = CARTESIAN_POINT('',(2.,3.05,2.45));
#3132 = LINE('',#3133,#3134);
#3133 = CARTESIAN_POINT('',(2.,2.65,2.95));
#3134 = VECTOR('',#3135,1.);
#3135 = DIRECTION('',(1.473795503474E-15,0.624695047554,-0.780868809443)
  );
#3136 = ORIENTED_EDGE('',*,*,#3137,.F.);
#3137 = EDGE_CURVE('',#2525,#3130,#3138,.T.);
#3138 = LINE('',#3139,#3140);
#3139 = CARTESIAN_POINT('',(2.5,3.05,2.45));
#3140 = VECTOR('',#3141,1.);
#3141 = DIRECTION('',(-1.,1.998401444325E-15,3.330669073875E-16));
#3142 = ORIENTED_EDGE('',*,*,#2524,.F.);
#3143 = ORIENTED_EDGE('',*,*,#2478,.F.);
#3144 = PLANE('',#3145);
#3145 = AXIS2_PLACEMENT_3D('',#3146,#3147,#3148);
#3146 = CARTESIAN_POINT('',(2.5,2.65,2.95));
#3147 = DIRECTION('',(1.976619851718E-15,-0.780868809443,-0.624695047554
    ));
#3148 = DIRECTION('',(1.439117962216E-15,0.624695047554,-0.780868809443)
  );
#3149 = ADVANCED_FACE('',(#3150),#3208,.T.);
#3150 = FACE_BOUND('',#3151,.T.);
#3151 = EDGE_LOOP('',(#3152,#3153,#3154,#3162,#3170,#3178,#3186,#3194,
    #3202));
#3152 = ORIENTED_EDGE('',*,*,#2222,.T.);
#3153 = ORIENTED_EDGE('',*,*,#3129,.T.);
#3154 = ORIENTED_EDGE('',*,*,#3155,.T.);
#3155 = EDGE_CURVE('',#3130,#3156,#3158,.T.);
#3156 = VERTEX_POINT('',#3157);
#3157 = CARTESIAN_POINT('',(2.,3.6,2.45));
#3158 = LINE('',#3159,#3160);
#3159 = CARTESIAN_POINT('',(2.,3.05,2.45));
#3160 = VECTOR('',#3161,1.);
#3161 = DIRECTION('',(-1.110223024625E-15,1.,-2.775557561563E-15));
#3162 = ORIENTED_EDGE('',*,*,#3163,.T.);
#3163 = EDGE_CURVE('',#3156,#3164,#3166,.T.);
#3164 = VERTEX_POINT('',#3165);
#3165 = CARTESIAN_POINT('',(2.,3.7,2.35));
#3166 = LINE('',#3167,#3168);
#3167 = CARTESIAN_POINT('',(2.,3.6,2.45));
#3168 = VECTOR('',#3169,1.);
#3169 = DIRECTION('',(1.177569344013E-15,0.707106781187,-0.707106781187)
  );
#3170 = ORIENTED_EDGE('',*,*,#3171,.T.);
#3171 = EDGE_CURVE('',#3164,#3172,#3174,.T.);
#3172 = VERTEX_POINT('',#3173);
#3173 = CARTESIAN_POINT('',(2.,3.7,1.45));
#3174 = LINE('',#3175,#3176);
#3175 = CARTESIAN_POINT('',(2.,3.7,2.35));
#3176 = VECTOR('',#3177,1.);
#3177 = DIRECTION('',(2.775557561563E-15,5.551115123126E-16,-1.));
#3178 = ORIENTED_EDGE('',*,*,#3179,.T.);
#3179 = EDGE_CURVE('',#3172,#3180,#3182,.T.);
#3180 = VERTEX_POINT('',#3181);
#3181 = CARTESIAN_POINT('',(2.,4.25,1.45));
#3182 = LINE('',#3183,#3184);
#3183 = CARTESIAN_POINT('',(2.,3.7,1.45));
#3184 = VECTOR('',#3185,1.);
#3185 = DIRECTION('',(-1.110223024625E-15,1.,-2.775557561563E-15));
#3186 = ORIENTED_EDGE('',*,*,#3187,.T.);
#3187 = EDGE_CURVE('',#3180,#3188,#3190,.T.);
#3188 = VERTEX_POINT('',#3189);
#3189 = CARTESIAN_POINT('',(2.,4.25,2.45));
#3190 = LINE('',#3191,#3192);
#3191 = CARTESIAN_POINT('',(2.,4.25,1.45));
#3192 = VECTOR('',#3193,1.);
#3193 = DIRECTION('',(-2.775557561563E-15,-5.551115123126E-16,1.));
#3194 = ORIENTED_EDGE('',*,*,#3195,.F.);
#3195 = EDGE_CURVE('',#3196,#3188,#3198,.T.);
#3196 = VERTEX_POINT('',#3197);
#3197 = CARTESIAN_POINT('',(2.,3.7,2.45));
#3198 = LINE('',#3199,#3200);
#3199 = CARTESIAN_POINT('',(2.,2.947970135018,2.45));
#3200 = VECTOR('',#3201,1.);
#3201 = DIRECTION('',(-6.661338147751E-16,1.,-2.6645352591E-15));
#3202 = ORIENTED_EDGE('',*,*,#3203,.F.);
#3203 = EDGE_CURVE('',#2215,#3196,#3204,.T.);
#3204 = LINE('',#3205,#3206);
#3205 = CARTESIAN_POINT('',(2.,3.7,2.221135434743));
#3206 = VECTOR('',#3207,1.);
#3207 = DIRECTION('',(2.331468351713E-15,-2.711709361697E-30,-1.));
#3208 = PLANE('',#3209);
#3209 = AXIS2_PLACEMENT_3D('',#3210,#3211,#3212);
#3210 = CARTESIAN_POINT('',(2.,2.195940270035,1.492270869486));
#3211 = DIRECTION('',(1.,-2.22044604925E-15,-5.551115123126E-16));
#3212 = DIRECTION('',(-2.775557561563E-15,-5.551115123126E-16,1.));
#3213 = ADVANCED_FACE('',(#3214),#3232,.T.);
#3214 = FACE_BOUND('',#3215,.T.);
#3215 = EDGE_LOOP('',(#3216,#3224,#3225,#3226));
#3216 = ORIENTED_EDGE('',*,*,#3217,.F.);
#3217 = EDGE_CURVE('',#2207,#3218,#3220,.T.);
#3218 = VERTEX_POINT('',#3219);
#3219 = CARTESIAN_POINT('',(-2.,3.7,2.45));
#3220 = LINE('',#3221,#3222);
#3221 = CARTESIAN_POINT('',(-2.,3.7,2.221135434743));
#3222 = VECTOR('',#3223,1.);
#3223 = DIRECTION('',(2.442490654175E-15,-2.958228394579E-30,-1.));
#3224 = ORIENTED_EDGE('',*,*,#2214,.T.);
#3225 = ORIENTED_EDGE('',*,*,#3203,.T.);
#3226 = ORIENTED_EDGE('',*,*,#3227,.F.);
#3227 = EDGE_CURVE('',#3218,#3196,#3228,.T.);
#3228 = LINE('',#3229,#3230);
#3229 = CARTESIAN_POINT('',(-2.5,3.7,2.45));
#3230 = VECTOR('',#3231,1.);
#3231 = DIRECTION('',(1.,-2.442490654175E-15,-4.440892098501E-16));
#3232 = PLANE('',#3233);
#3233 = AXIS2_PLACEMENT_3D('',#3234,#3235,#3236);
#3234 = CARTESIAN_POINT('',(-2.5,3.7,2.95));
#3235 = DIRECTION('',(-8.881784197001E-16,1.,-2.886579864025E-15));
#3236 = DIRECTION('',(3.10862446895E-15,4.440892098501E-16,-1.));
#3237 = ADVANCED_FACE('',(#3238),#3254,.T.);
#3238 = FACE_BOUND('',#3239,.F.);
#3239 = EDGE_LOOP('',(#3240,#3241,#3242,#3243,#3244,#3245,#3246,#3247,
    #3253));
#3240 = ORIENTED_EDGE('',*,*,#2206,.T.);
#3241 = ORIENTED_EDGE('',*,*,#2894,.T.);
#3242 = ORIENTED_EDGE('',*,*,#2919,.T.);
#3243 = ORIENTED_EDGE('',*,*,#2943,.T.);
#3244 = ORIENTED_EDGE('',*,*,#2967,.T.);
#3245 = ORIENTED_EDGE('',*,*,#2991,.T.);
#3246 = ORIENTED_EDGE('',*,*,#3032,.T.);
#3247 = ORIENTED_EDGE('',*,*,#3248,.F.);
#3248 = EDGE_CURVE('',#3218,#3025,#3249,.T.);
#3249 = LINE('',#3250,#3251);
#3250 = CARTESIAN_POINT('',(-2.,2.947970135018,2.45));
#3251 = VECTOR('',#3252,1.);
#3252 = DIRECTION('',(1.110223024625E-16,1.,-2.6645352591E-15));
#3253 = ORIENTED_EDGE('',*,*,#3217,.F.);
#3254 = PLANE('',#3255);
#3255 = AXIS2_PLACEMENT_3D('',#3256,#3257,#3258);
#3256 = CARTESIAN_POINT('',(-2.,2.195940270035,1.492270869486));
#3257 = DIRECTION('',(-1.,3.219646771413E-15,6.661338147751E-16));
#3258 = DIRECTION('',(3.330669073875E-15,1.443289932013E-15,-1.));
#3259 = ADVANCED_FACE('',(#3260),#3278,.F.);
#3260 = FACE_BOUND('',#3261,.F.);
#3261 = EDGE_LOOP('',(#3262,#3270,#3271,#3272));
#3262 = ORIENTED_EDGE('',*,*,#3263,.F.);
#3263 = EDGE_CURVE('',#3017,#3264,#3266,.T.);
#3264 = VERTEX_POINT('',#3265);
#3265 = CARTESIAN_POINT('',(-1.1,4.03,2.45));
#3266 = LINE('',#3267,#3268);
#3267 = CARTESIAN_POINT('',(-1.32,4.25,2.45));
#3268 = VECTOR('',#3269,1.);
#3269 = DIRECTION('',(0.707106781187,-0.707106781187,7.065416064077E-16)
  );
#3270 = ORIENTED_EDGE('',*,*,#3016,.T.);
#3271 = ORIENTED_EDGE('',*,*,#2374,.T.);
#3272 = ORIENTED_EDGE('',*,*,#3273,.F.);
#3273 = EDGE_CURVE('',#3264,#2367,#3274,.T.);
#3274 = LINE('',#3275,#3276);
#3275 = CARTESIAN_POINT('',(-1.1,4.03,2.45));
#3276 = VECTOR('',#3277,1.);
#3277 = DIRECTION('',(1.554312234475E-15,5.551115123126E-16,-1.));
#3278 = PLANE('',#3279);
#3279 = AXIS2_PLACEMENT_3D('',#3280,#3281,#3282);
#3280 = CARTESIAN_POINT('',(-1.32,4.25,2.45));
#3281 = DIRECTION('',(-0.707106781187,-0.707106781187,1.334578589881E-15
    ));
#3282 = DIRECTION('',(0.707106781187,-0.707106781187,7.065416064077E-16)
  );
#3283 = ADVANCED_FACE('',(#3284),#3302,.F.);
#3284 = FACE_BOUND('',#3285,.F.);
#3285 = EDGE_LOOP('',(#3286,#3294,#3295,#3296));
#3286 = ORIENTED_EDGE('',*,*,#3287,.F.);
#3287 = EDGE_CURVE('',#3264,#3288,#3290,.T.);
#3288 = VERTEX_POINT('',#3289);
#3289 = CARTESIAN_POINT('',(-0.9,4.03,2.45));
#3290 = LINE('',#3291,#3292);
#3291 = CARTESIAN_POINT('',(-1.1,4.03,2.45));
#3292 = VECTOR('',#3293,1.);
#3293 = DIRECTION('',(1.,-1.221245327088E-15,-8.881784197001E-16));
#3294 = ORIENTED_EDGE('',*,*,#3273,.T.);
#3295 = ORIENTED_EDGE('',*,*,#2366,.T.);
#3296 = ORIENTED_EDGE('',*,*,#3297,.F.);
#3297 = EDGE_CURVE('',#3288,#2359,#3298,.T.);
#3298 = LINE('',#3299,#3300);
#3299 = CARTESIAN_POINT('',(-0.9,4.03,2.45));
#3300 = VECTOR('',#3301,1.);
#3301 = DIRECTION('',(1.554312234475E-15,5.551115123126E-16,-1.));
#3302 = PLANE('',#3303);
#3303 = AXIS2_PLACEMENT_3D('',#3304,#3305,#3306);
#3304 = CARTESIAN_POINT('',(-1.1,4.03,2.45));
#3305 = DIRECTION('',(9.992007221626E-16,-1.,1.443289932013E-15));
#3306 = DIRECTION('',(1.,-9.992007221626E-16,-6.661338147751E-16));
#3307 = ADVANCED_FACE('',(#3308),#3326,.F.);
#3308 = FACE_BOUND('',#3309,.F.);
#3309 = EDGE_LOOP('',(#3310,#3318,#3319,#3320));
#3310 = ORIENTED_EDGE('',*,*,#3311,.F.);
#3311 = EDGE_CURVE('',#3288,#3312,#3314,.T.);
#3312 = VERTEX_POINT('',#3313);
#3313 = CARTESIAN_POINT('',(-0.68,4.25,2.45));
#3314 = LINE('',#3315,#3316);
#3315 = CARTESIAN_POINT('',(-0.9,4.03,2.45));
#3316 = VECTOR('',#3317,1.);
#3317 = DIRECTION('',(0.707106781187,0.707106781187,-1.962615573355E-15)
  );
#3318 = ORIENTED_EDGE('',*,*,#3297,.T.);
#3319 = ORIENTED_EDGE('',*,*,#2358,.T.);
#3320 = ORIENTED_EDGE('',*,*,#3321,.F.);
#3321 = EDGE_CURVE('',#3312,#2351,#3322,.T.);
#3322 = LINE('',#3323,#3324);
#3323 = CARTESIAN_POINT('',(-0.68,4.25,2.45));
#3324 = VECTOR('',#3325,1.);
#3325 = DIRECTION('',(1.554312234475E-15,5.551115123126E-16,-1.));
#3326 = PLANE('',#3327);
#3327 = AXIS2_PLACEMENT_3D('',#3328,#3329,#3330);
#3328 = CARTESIAN_POINT('',(-0.9,4.03,2.45));
#3329 = DIRECTION('',(0.707106781187,-0.707106781187,7.065416064077E-16)
  );
#3330 = DIRECTION('',(0.707106781187,0.707106781187,-1.648597081618E-15)
  );
#3331 = ADVANCED_FACE('',(#3332),#3350,.F.);
#3332 = FACE_BOUND('',#3333,.F.);
#3333 = EDGE_LOOP('',(#3334,#3335,#3336,#3344));
#3334 = ORIENTED_EDGE('',*,*,#3321,.T.);
#3335 = ORIENTED_EDGE('',*,*,#2350,.T.);
#3336 = ORIENTED_EDGE('',*,*,#3337,.F.);
#3337 = EDGE_CURVE('',#3338,#2343,#3340,.T.);
#3338 = VERTEX_POINT('',#3339);
#3339 = CARTESIAN_POINT('',(-0.32,4.25,2.45));
#3340 = LINE('',#3341,#3342);
#3341 = CARTESIAN_POINT('',(-0.32,4.25,2.45));
#3342 = VECTOR('',#3343,1.);
#3343 = DIRECTION('',(1.554312234475E-15,5.551115123126E-16,-1.));
#3344 = ORIENTED_EDGE('',*,*,#3345,.F.);
#3345 = EDGE_CURVE('',#3312,#3338,#3346,.T.);
#3346 = LINE('',#3347,#3348);
#3347 = CARTESIAN_POINT('',(-2.5,4.25,2.45));
#3348 = VECTOR('',#3349,1.);
#3349 = DIRECTION('',(1.,-2.442490654175E-15,-4.440892098501E-16));
#3350 = PLANE('',#3351);
#3351 = AXIS2_PLACEMENT_3D('',#3352,#3353,#3354);
#3352 = CARTESIAN_POINT('',(-2.5,4.25,4.999999999999E-02));
#3353 = DIRECTION('',(8.881784197001E-16,-1.,2.886579864025E-15));
#3354 = DIRECTION('',(-3.10862446895E-15,-4.440892098501E-16,1.));
#3355 = ADVANCED_FACE('',(#3356),#3374,.F.);
#3356 = FACE_BOUND('',#3357,.F.);
#3357 = EDGE_LOOP('',(#3358,#3366,#3367,#3368));
#3358 = ORIENTED_EDGE('',*,*,#3359,.F.);
#3359 = EDGE_CURVE('',#3338,#3360,#3362,.T.);
#3360 = VERTEX_POINT('',#3361);
#3361 = CARTESIAN_POINT('',(-0.1,4.03,2.45));
#3362 = LINE('',#3363,#3364);
#3363 = CARTESIAN_POINT('',(-0.32,4.25,2.45));
#3364 = VECTOR('',#3365,1.);
#3365 = DIRECTION('',(0.707106781187,-0.707106781187,7.065416064077E-16)
  );
#3366 = ORIENTED_EDGE('',*,*,#3337,.T.);
#3367 = ORIENTED_EDGE('',*,*,#2342,.T.);
#3368 = ORIENTED_EDGE('',*,*,#3369,.F.);
#3369 = EDGE_CURVE('',#3360,#2335,#3370,.T.);
#3370 = LINE('',#3371,#3372);
#3371 = CARTESIAN_POINT('',(-0.1,4.03,2.45));
#3372 = VECTOR('',#3373,1.);
#3373 = DIRECTION('',(1.554312234475E-15,5.551115123126E-16,-1.));
#3374 = PLANE('',#3375);
#3375 = AXIS2_PLACEMENT_3D('',#3376,#3377,#3378);
#3376 = CARTESIAN_POINT('',(-0.32,4.25,2.45));
#3377 = DIRECTION('',(-0.707106781187,-0.707106781187,1.334578589881E-15
    ));
#3378 = DIRECTION('',(0.707106781187,-0.707106781187,7.065416064077E-16)
  );
#3379 = ADVANCED_FACE('',(#3380),#3398,.F.);
#3380 = FACE_BOUND('',#3381,.F.);
#3381 = EDGE_LOOP('',(#3382,#3390,#3391,#3392));
#3382 = ORIENTED_EDGE('',*,*,#3383,.F.);
#3383 = EDGE_CURVE('',#3360,#3384,#3386,.T.);
#3384 = VERTEX_POINT('',#3385);
#3385 = CARTESIAN_POINT('',(9.999999999999E-02,4.03,2.45));
#3386 = LINE('',#3387,#3388);
#3387 = CARTESIAN_POINT('',(-0.1,4.03,2.45));
#3388 = VECTOR('',#3389,1.);
#3389 = DIRECTION('',(1.,-1.221245327088E-15,-8.881784197001E-16));
#3390 = ORIENTED_EDGE('',*,*,#3369,.T.);
#3391 = ORIENTED_EDGE('',*,*,#2334,.T.);
#3392 = ORIENTED_EDGE('',*,*,#3393,.F.);
#3393 = EDGE_CURVE('',#3384,#2327,#3394,.T.);
#3394 = LINE('',#3395,#3396);
#3395 = CARTESIAN_POINT('',(9.999999999999E-02,4.03,2.45));
#3396 = VECTOR('',#3397,1.);
#3397 = DIRECTION('',(1.554312234475E-15,5.551115123126E-16,-1.));
#3398 = PLANE('',#3399);
#3399 = AXIS2_PLACEMENT_3D('',#3400,#3401,#3402);
#3400 = CARTESIAN_POINT('',(-0.1,4.03,2.45));
#3401 = DIRECTION('',(9.992007221626E-16,-1.,1.443289932013E-15));
#3402 = DIRECTION('',(1.,-9.992007221626E-16,-6.661338147751E-16));
#3403 = ADVANCED_FACE('',(#3404),#3422,.F.);
#3404 = FACE_BOUND('',#3405,.F.);
#3405 = EDGE_LOOP('',(#3406,#3414,#3415,#3416));
#3406 = ORIENTED_EDGE('',*,*,#3407,.F.);
#3407 = EDGE_CURVE('',#3384,#3408,#3410,.T.);
#3408 = VERTEX_POINT('',#3409);
#3409 = CARTESIAN_POINT('',(0.32,4.25,2.45));
#3410 = LINE('',#3411,#3412);
#3411 = CARTESIAN_POINT('',(9.999999999999E-02,4.03,2.45));
#3412 = VECTOR('',#3413,1.);
#3413 = DIRECTION('',(0.707106781187,0.707106781187,-1.962615573355E-15)
  );
#3414 = ORIENTED_EDGE('',*,*,#3393,.T.);
#3415 = ORIENTED_EDGE('',*,*,#2326,.T.);
#3416 = ORIENTED_EDGE('',*,*,#3417,.F.);
#3417 = EDGE_CURVE('',#3408,#2319,#3418,.T.);
#3418 = LINE('',#3419,#3420);
#3419 = CARTESIAN_POINT('',(0.32,4.25,2.45));
#3420 = VECTOR('',#3421,1.);
#3421 = DIRECTION('',(1.554312234475E-15,5.551115123126E-16,-1.));
#3422 = PLANE('',#3423);
#3423 = AXIS2_PLACEMENT_3D('',#3424,#3425,#3426);
#3424 = CARTESIAN_POINT('',(9.999999999999E-02,4.03,2.45));
#3425 = DIRECTION('',(0.707106781187,-0.707106781187,7.065416064077E-16)
  );
#3426 = DIRECTION('',(0.707106781187,0.707106781187,-1.648597081618E-15)
  );
#3427 = ADVANCED_FACE('',(#3428),#3446,.F.);
#3428 = FACE_BOUND('',#3429,.F.);
#3429 = EDGE_LOOP('',(#3430,#3431,#3432,#3440));
#3430 = ORIENTED_EDGE('',*,*,#3417,.T.);
#3431 = ORIENTED_EDGE('',*,*,#2318,.T.);
#3432 = ORIENTED_EDGE('',*,*,#3433,.F.);
#3433 = EDGE_CURVE('',#3434,#2311,#3436,.T.);
#3434 = VERTEX_POINT('',#3435);
#3435 = CARTESIAN_POINT('',(0.68,4.25,2.45));
#3436 = LINE('',#3437,#3438);
#3437 = CARTESIAN_POINT('',(0.68,4.25,2.45));
#3438 = VECTOR('',#3439,1.);
#3439 = DIRECTION('',(1.443289932013E-15,1.110223024625E-16,-1.));
#3440 = ORIENTED_EDGE('',*,*,#3441,.F.);
#3441 = EDGE_CURVE('',#3408,#3434,#3442,.T.);
#3442 = LINE('',#3443,#3444);
#3443 = CARTESIAN_POINT('',(-2.5,4.25,2.45));
#3444 = VECTOR('',#3445,1.);
#3445 = DIRECTION('',(1.,-2.442490654175E-15,-4.440892098501E-16));
#3446 = PLANE('',#3447);
#3447 = AXIS2_PLACEMENT_3D('',#3448,#3449,#3450);
#3448 = CARTESIAN_POINT('',(-2.5,4.25,4.999999999999E-02));
#3449 = DIRECTION('',(8.881784197001E-16,-1.,2.886579864025E-15));
#3450 = DIRECTION('',(-3.10862446895E-15,-4.440892098501E-16,1.));
#3451 = ADVANCED_FACE('',(#3452),#3470,.F.);
#3452 = FACE_BOUND('',#3453,.F.);
#3453 = EDGE_LOOP('',(#3454,#3462,#3463,#3464));
#3454 = ORIENTED_EDGE('',*,*,#3455,.F.);
#3455 = EDGE_CURVE('',#3434,#3456,#3458,.T.);
#3456 = VERTEX_POINT('',#3457);
#3457 = CARTESIAN_POINT('',(0.9,4.03,2.45));
#3458 = LINE('',#3459,#3460);
#3459 = CARTESIAN_POINT('',(0.68,4.25,2.45));
#3460 = VECTOR('',#3461,1.);
#3461 = DIRECTION('',(0.707106781187,-0.707106781187,9.420554752103E-16)
  );
#3462 = ORIENTED_EDGE('',*,*,#3433,.T.);
#3463 = ORIENTED_EDGE('',*,*,#2310,.T.);
#3464 = ORIENTED_EDGE('',*,*,#3465,.F.);
#3465 = EDGE_CURVE('',#3456,#2303,#3466,.T.);
#3466 = LINE('',#3467,#3468);
#3467 = CARTESIAN_POINT('',(0.9,4.03,2.45));
#3468 = VECTOR('',#3469,1.);
#3469 = DIRECTION('',(1.443289932013E-15,1.110223024625E-16,-1.));
#3470 = PLANE('',#3471);
#3471 = AXIS2_PLACEMENT_3D('',#3472,#3473,#3474);
#3472 = CARTESIAN_POINT('',(0.68,4.25,2.45));
#3473 = DIRECTION('',(-0.707106781187,-0.707106781187,7.850462293419E-16
    ));
#3474 = DIRECTION('',(0.707106781187,-0.707106781187,9.420554752103E-16)
  );
#3475 = ADVANCED_FACE('',(#3476),#3494,.F.);
#3476 = FACE_BOUND('',#3477,.F.);
#3477 = EDGE_LOOP('',(#3478,#3486,#3487,#3488));
#3478 = ORIENTED_EDGE('',*,*,#3479,.F.);
#3479 = EDGE_CURVE('',#3456,#3480,#3482,.T.);
#3480 = VERTEX_POINT('',#3481);
#3481 = CARTESIAN_POINT('',(1.1,4.03,2.45));
#3482 = LINE('',#3483,#3484);
#3483 = CARTESIAN_POINT('',(0.9,4.03,2.45));
#3484 = VECTOR('',#3485,1.);
#3485 = DIRECTION('',(1.,-1.110223024625E-15,-3.330669073875E-16));
#3486 = ORIENTED_EDGE('',*,*,#3465,.T.);
#3487 = ORIENTED_EDGE('',*,*,#2302,.T.);
#3488 = ORIENTED_EDGE('',*,*,#3489,.F.);
#3489 = EDGE_CURVE('',#3480,#2295,#3490,.T.);
#3490 = LINE('',#3491,#3492);
#3491 = CARTESIAN_POINT('',(1.1,4.03,2.45));
#3492 = VECTOR('',#3493,1.);
#3493 = DIRECTION('',(1.443289932013E-15,1.110223024625E-16,-1.));
#3494 = PLANE('',#3495);
#3495 = AXIS2_PLACEMENT_3D('',#3496,#3497,#3498);
#3496 = CARTESIAN_POINT('',(0.9,4.03,2.45));
#3497 = DIRECTION('',(4.440892098501E-16,-1.,1.221245327088E-15));
#3498 = DIRECTION('',(1.,-8.881784197001E-16,-1.110223024625E-16));
#3499 = ADVANCED_FACE('',(#3500),#3518,.F.);
#3500 = FACE_BOUND('',#3501,.F.);
#3501 = EDGE_LOOP('',(#3502,#3510,#3511,#3512));
#3502 = ORIENTED_EDGE('',*,*,#3503,.F.);
#3503 = EDGE_CURVE('',#3480,#3504,#3506,.T.);
#3504 = VERTEX_POINT('',#3505);
#3505 = CARTESIAN_POINT('',(1.32,4.25,2.45));
#3506 = LINE('',#3507,#3508);
#3507 = CARTESIAN_POINT('',(1.1,4.03,2.45));
#3508 = VECTOR('',#3509,1.);
#3509 = DIRECTION('',(0.707106781187,0.707106781187,-1.413083212815E-15)
  );
#3510 = ORIENTED_EDGE('',*,*,#3489,.T.);
#3511 = ORIENTED_EDGE('',*,*,#2294,.T.);
#3512 = ORIENTED_EDGE('',*,*,#3513,.F.);
#3513 = EDGE_CURVE('',#3504,#2287,#3514,.T.);
#3514 = LINE('',#3515,#3516);
#3515 = CARTESIAN_POINT('',(1.32,4.25,2.45));
#3516 = VECTOR('',#3517,1.);
#3517 = DIRECTION('',(1.443289932013E-15,1.110223024625E-16,-1.));
#3518 = PLANE('',#3519);
#3519 = AXIS2_PLACEMENT_3D('',#3520,#3521,#3522);
#3520 = CARTESIAN_POINT('',(1.1,4.03,2.45));
#3521 = DIRECTION('',(0.707106781187,-0.707106781187,9.420554752103E-16)
  );
#3522 = DIRECTION('',(0.707106781187,0.707106781187,-1.099064721079E-15)
  );
#3523 = ADVANCED_FACE('',(#3524),#3542,.F.);
#3524 = FACE_BOUND('',#3525,.F.);
#3525 = EDGE_LOOP('',(#3526,#3527,#3528,#3529,#3535,#3536));
#3526 = ORIENTED_EDGE('',*,*,#3513,.T.);
#3527 = ORIENTED_EDGE('',*,*,#2286,.T.);
#3528 = ORIENTED_EDGE('',*,*,#2574,.T.);
#3529 = ORIENTED_EDGE('',*,*,#3530,.T.);
#3530 = EDGE_CURVE('',#2575,#3180,#3531,.T.);
#3531 = LINE('',#3532,#3533);
#3532 = CARTESIAN_POINT('',(2.5,4.25,1.45));
#3533 = VECTOR('',#3534,1.);
#3534 = DIRECTION('',(-1.,1.998401444325E-15,3.330669073875E-16));
#3535 = ORIENTED_EDGE('',*,*,#3187,.T.);
#3536 = ORIENTED_EDGE('',*,*,#3537,.F.);
#3537 = EDGE_CURVE('',#3504,#3188,#3538,.T.);
#3538 = LINE('',#3539,#3540);
#3539 = CARTESIAN_POINT('',(-2.5,4.25,2.45));
#3540 = VECTOR('',#3541,1.);
#3541 = DIRECTION('',(1.,-2.442490654175E-15,-4.440892098501E-16));
#3542 = PLANE('',#3543);
#3543 = AXIS2_PLACEMENT_3D('',#3544,#3545,#3546);
#3544 = CARTESIAN_POINT('',(-2.5,4.25,4.999999999999E-02));
#3545 = DIRECTION('',(8.881784197001E-16,-1.,2.886579864025E-15));
#3546 = DIRECTION('',(-3.10862446895E-15,-4.440892098501E-16,1.));
#3547 = ADVANCED_FACE('',(#3548),#3559,.T.);
#3548 = FACE_BOUND('',#3549,.T.);
#3549 = EDGE_LOOP('',(#3550,#3556,#3557,#3558));
#3550 = ORIENTED_EDGE('',*,*,#3551,.T.);
#3551 = EDGE_CURVE('',#2560,#2453,#3552,.T.);
#3552 = LINE('',#3553,#3554);
#3553 = CARTESIAN_POINT('',(2.5,1.5,0.6));
#3554 = VECTOR('',#3555,1.);
#3555 = DIRECTION('',(-1.,1.998401444325E-15,3.330669073875E-16));
#3556 = ORIENTED_EDGE('',*,*,#2460,.T.);
#3557 = ORIENTED_EDGE('',*,*,#2270,.F.);
#3558 = ORIENTED_EDGE('',*,*,#2567,.F.);
#3559 = PLANE('',#3560);
#3560 = AXIS2_PLACEMENT_3D('',#3561,#3562,#3563);
#3561 = CARTESIAN_POINT('',(2.5,1.5,0.6));
#3562 = DIRECTION('',(6.661338147751E-16,-1.,2.331468351713E-15));
#3563 = DIRECTION('',(2.553512956638E-15,3.330669073875E-16,-1.));
#3564 = ADVANCED_FACE('',(#3565),#3576,.T.);
#3565 = FACE_BOUND('',#3566,.T.);
#3566 = EDGE_LOOP('',(#3567,#3568,#3569,#3575));
#3567 = ORIENTED_EDGE('',*,*,#2502,.T.);
#3568 = ORIENTED_EDGE('',*,*,#2428,.T.);
#3569 = ORIENTED_EDGE('',*,*,#3570,.F.);
#3570 = EDGE_CURVE('',#2536,#2429,#3571,.T.);
#3571 = LINE('',#3572,#3573);
#3572 = CARTESIAN_POINT('',(2.5,0.5,1.25));
#3573 = VECTOR('',#3574,1.);
#3574 = DIRECTION('',(-1.,1.998401444325E-15,3.330669073875E-16));
#3575 = ORIENTED_EDGE('',*,*,#2535,.F.);
#3576 = PLANE('',#3577);
#3577 = AXIS2_PLACEMENT_3D('',#3578,#3579,#3580);
#3578 = CARTESIAN_POINT('',(2.5,9.999999999999E-02,1.25));
#3579 = DIRECTION('',(2.331468351713E-15,1.110223024625E-16,-1.));
#3580 = DIRECTION('',(-8.881784197001E-16,1.,-2.553512956638E-15));
#3581 = ADVANCED_FACE('',(#3582),#3593,.T.);
#3582 = FACE_BOUND('',#3583,.T.);
#3583 = EDGE_LOOP('',(#3584,#3585,#3586,#3592));
#3584 = ORIENTED_EDGE('',*,*,#3570,.T.);
#3585 = ORIENTED_EDGE('',*,*,#2436,.T.);
#3586 = ORIENTED_EDGE('',*,*,#3587,.F.);
#3587 = EDGE_CURVE('',#2544,#2437,#3588,.T.);
#3588 = LINE('',#3589,#3590);
#3589 = CARTESIAN_POINT('',(2.5,0.5,0.7));
#3590 = VECTOR('',#3591,1.);
#3591 = DIRECTION('',(-1.,1.998401444325E-15,3.330669073875E-16));
#3592 = ORIENTED_EDGE('',*,*,#2543,.F.);
#3593 = PLANE('',#3594);
#3594 = AXIS2_PLACEMENT_3D('',#3595,#3596,#3597);
#3595 = CARTESIAN_POINT('',(2.5,0.5,1.25));
#3596 = DIRECTION('',(6.661338147751E-16,-1.,2.331468351713E-15));
#3597 = DIRECTION('',(2.553512956638E-15,3.330669073875E-16,-1.));
#3598 = ADVANCED_FACE('',(#3599),#3610,.T.);
#3599 = FACE_BOUND('',#3600,.T.);
#3600 = EDGE_LOOP('',(#3601,#3602,#3603,#3609));
#3601 = ORIENTED_EDGE('',*,*,#3587,.T.);
#3602 = ORIENTED_EDGE('',*,*,#2444,.T.);
#3603 = ORIENTED_EDGE('',*,*,#3604,.F.);
#3604 = EDGE_CURVE('',#2552,#2445,#3605,.T.);
#3605 = LINE('',#3606,#3607);
#3606 = CARTESIAN_POINT('',(2.5,0.6,0.6));
#3607 = VECTOR('',#3608,1.);
#3608 = DIRECTION('',(-1.,1.998401444325E-15,3.330669073875E-16));
#3609 = ORIENTED_EDGE('',*,*,#2551,.F.);
#3610 = PLANE('',#3611);
#3611 = AXIS2_PLACEMENT_3D('',#3612,#3613,#3614);
#3612 = CARTESIAN_POINT('',(2.5,0.5,0.7));
#3613 = DIRECTION('',(2.119624819223E-15,-0.707106781187,-0.707106781187
    ));
#3614 = DIRECTION('',(1.177569344013E-15,0.707106781187,-0.707106781187)
  );
#3615 = ADVANCED_FACE('',(#3616),#3622,.T.);
#3616 = FACE_BOUND('',#3617,.T.);
#3617 = EDGE_LOOP('',(#3618,#3619,#3620,#3621));
#3618 = ORIENTED_EDGE('',*,*,#3604,.T.);
#3619 = ORIENTED_EDGE('',*,*,#2452,.T.);
#3620 = ORIENTED_EDGE('',*,*,#3551,.F.);
#3621 = ORIENTED_EDGE('',*,*,#2559,.F.);
#3622 = PLANE('',#3623);
#3623 = AXIS2_PLACEMENT_3D('',#3624,#3625,#3626);
#3624 = CARTESIAN_POINT('',(2.5,0.6,0.6));
#3625 = DIRECTION('',(2.331468351713E-15,1.110223024625E-16,-1.));
#3626 = DIRECTION('',(-8.881784197001E-16,1.,-2.553512956638E-15));
#3627 = ADVANCED_FACE('',(#3628),#3639,.F.);
#3628 = FACE_BOUND('',#3629,.F.);
#3629 = EDGE_LOOP('',(#3630,#3631,#3632,#3638));
#3630 = ORIENTED_EDGE('',*,*,#3137,.T.);
#3631 = ORIENTED_EDGE('',*,*,#3155,.T.);
#3632 = ORIENTED_EDGE('',*,*,#3633,.F.);
#3633 = EDGE_CURVE('',#2599,#3156,#3634,.T.);
#3634 = LINE('',#3635,#3636);
#3635 = CARTESIAN_POINT('',(2.5,3.6,2.45));
#3636 = VECTOR('',#3637,1.);
#3637 = DIRECTION('',(-1.,1.998401444325E-15,3.330669073875E-16));
#3638 = ORIENTED_EDGE('',*,*,#2606,.F.);
#3639 = PLANE('',#3640);
#3640 = AXIS2_PLACEMENT_3D('',#3641,#3642,#3643);
#3641 = CARTESIAN_POINT('',(2.5,3.05,2.45));
#3642 = DIRECTION('',(2.331468351713E-15,1.110223024625E-16,-1.));
#3643 = DIRECTION('',(-8.881784197001E-16,1.,-2.553512956638E-15));
#3644 = ADVANCED_FACE('',(#3645),#3656,.F.);
#3645 = FACE_BOUND('',#3646,.F.);
#3646 = EDGE_LOOP('',(#3647,#3648,#3649,#3655));
#3647 = ORIENTED_EDGE('',*,*,#3633,.T.);
#3648 = ORIENTED_EDGE('',*,*,#3163,.T.);
#3649 = ORIENTED_EDGE('',*,*,#3650,.F.);
#3650 = EDGE_CURVE('',#2591,#3164,#3651,.T.);
#3651 = LINE('',#3652,#3653);
#3652 = CARTESIAN_POINT('',(2.5,3.7,2.35));
#3653 = VECTOR('',#3654,1.);
#3654 = DIRECTION('',(-1.,1.998401444325E-15,3.330669073875E-16));
#3655 = ORIENTED_EDGE('',*,*,#2598,.F.);
#3656 = PLANE('',#3657);
#3657 = AXIS2_PLACEMENT_3D('',#3658,#3659,#3660);
#3658 = CARTESIAN_POINT('',(2.5,3.6,2.45));
#3659 = DIRECTION('',(2.119624819223E-15,-0.707106781187,-0.707106781187
    ));
#3660 = DIRECTION('',(1.177569344013E-15,0.707106781187,-0.707106781187)
  );
#3661 = ADVANCED_FACE('',(#3662),#3673,.F.);
#3662 = FACE_BOUND('',#3663,.F.);
#3663 = EDGE_LOOP('',(#3664,#3665,#3666,#3672));
#3664 = ORIENTED_EDGE('',*,*,#3650,.T.);
#3665 = ORIENTED_EDGE('',*,*,#3171,.T.);
#3666 = ORIENTED_EDGE('',*,*,#3667,.F.);
#3667 = EDGE_CURVE('',#2583,#3172,#3668,.T.);
#3668 = LINE('',#3669,#3670);
#3669 = CARTESIAN_POINT('',(2.5,3.7,1.45));
#3670 = VECTOR('',#3671,1.);
#3671 = DIRECTION('',(-1.,1.998401444325E-15,3.330669073875E-16));
#3672 = ORIENTED_EDGE('',*,*,#2590,.F.);
#3673 = PLANE('',#3674);
#3674 = AXIS2_PLACEMENT_3D('',#3675,#3676,#3677);
#3675 = CARTESIAN_POINT('',(2.5,3.7,2.35));
#3676 = DIRECTION('',(6.661338147751E-16,-1.,2.331468351713E-15));
#3677 = DIRECTION('',(2.553512956638E-15,3.330669073875E-16,-1.));
#3678 = ADVANCED_FACE('',(#3679),#3685,.F.);
#3679 = FACE_BOUND('',#3680,.F.);
#3680 = EDGE_LOOP('',(#3681,#3682,#3683,#3684));
#3681 = ORIENTED_EDGE('',*,*,#3667,.T.);
#3682 = ORIENTED_EDGE('',*,*,#3179,.T.);
#3683 = ORIENTED_EDGE('',*,*,#3530,.F.);
#3684 = ORIENTED_EDGE('',*,*,#2582,.F.);
#3685 = PLANE('',#3686);
#3686 = AXIS2_PLACEMENT_3D('',#3687,#3688,#3689);
#3687 = CARTESIAN_POINT('',(2.5,3.7,1.45));
#3688 = DIRECTION('',(2.331468351713E-15,1.110223024625E-16,-1.));
#3689 = DIRECTION('',(-8.881784197001E-16,1.,-2.553512956638E-15));
#3690 = ADVANCED_FACE('',(#3691),#3697,.F.);
#3691 = FACE_BOUND('',#3692,.F.);
#3692 = EDGE_LOOP('',(#3693,#3694,#3695,#3696));
#3693 = ORIENTED_EDGE('',*,*,#2652,.T.);
#3694 = ORIENTED_EDGE('',*,*,#2683,.F.);
#3695 = ORIENTED_EDGE('',*,*,#2706,.F.);
#3696 = ORIENTED_EDGE('',*,*,#2724,.F.);
#3697 = PLANE('',#3698);
#3698 = AXIS2_PLACEMENT_3D('',#3699,#3700,#3701);
#3699 = CARTESIAN_POINT('',(-2.22044604925E-15,2.4,1.75));
#3700 = DIRECTION('',(-2.22044604925E-16,1.,-5.551115123126E-16));
#3701 = DIRECTION('',(-5.551115123126E-16,-1.110223024625E-16,1.));
#3702 = ADVANCED_FACE('',(#3703),#3709,.F.);
#3703 = FACE_BOUND('',#3704,.T.);
#3704 = EDGE_LOOP('',(#3705,#3706,#3707,#3708));
#3705 = ORIENTED_EDGE('',*,*,#2772,.T.);
#3706 = ORIENTED_EDGE('',*,*,#2747,.T.);
#3707 = ORIENTED_EDGE('',*,*,#2629,.T.);
#3708 = ORIENTED_EDGE('',*,*,#2876,.T.);
#3709 = PLANE('',#3710);
#3710 = AXIS2_PLACEMENT_3D('',#3711,#3712,#3713);
#3711 = CARTESIAN_POINT('',(-4.884981308351E-15,3.,1.5));
#3712 = DIRECTION('',(-4.440892098501E-16,1.,-2.109423746788E-15));
#3713 = DIRECTION('',(-1.110223024625E-15,7.771561172376E-16,1.));
#3714 = ADVANCED_FACE('',(#3715),#3721,.F.);
#3715 = FACE_BOUND('',#3716,.F.);
#3716 = EDGE_LOOP('',(#3717,#3718,#3719,#3720));
#3717 = ORIENTED_EDGE('',*,*,#2842,.F.);
#3718 = ORIENTED_EDGE('',*,*,#2860,.F.);
#3719 = ORIENTED_EDGE('',*,*,#2788,.T.);
#3720 = ORIENTED_EDGE('',*,*,#2819,.F.);
#3721 = PLANE('',#3722);
#3722 = AXIS2_PLACEMENT_3D('',#3723,#3724,#3725);
#3723 = CARTESIAN_POINT('',(-2.22044604925E-15,2.4,1.75));
#3724 = DIRECTION('',(-2.22044604925E-16,1.,-5.551115123126E-16));
#3725 = DIRECTION('',(-5.551115123126E-16,-1.110223024625E-16,1.));
#3726 = ADVANCED_FACE('',(#3727),#3745,.T.);
#3727 = FACE_BOUND('',#3728,.T.);
#3728 = EDGE_LOOP('',(#3729,#3730,#3731,#3732,#3733,#3734,#3735,#3736,
    #3737,#3738,#3739,#3740,#3741,#3742,#3743,#3744));
#3729 = ORIENTED_EDGE('',*,*,#3248,.F.);
#3730 = ORIENTED_EDGE('',*,*,#3227,.T.);
#3731 = ORIENTED_EDGE('',*,*,#3195,.T.);
#3732 = ORIENTED_EDGE('',*,*,#3537,.F.);
#3733 = ORIENTED_EDGE('',*,*,#3503,.F.);
#3734 = ORIENTED_EDGE('',*,*,#3479,.F.);
#3735 = ORIENTED_EDGE('',*,*,#3455,.F.);
#3736 = ORIENTED_EDGE('',*,*,#3441,.F.);
#3737 = ORIENTED_EDGE('',*,*,#3407,.F.);
#3738 = ORIENTED_EDGE('',*,*,#3383,.F.);
#3739 = ORIENTED_EDGE('',*,*,#3359,.F.);
#3740 = ORIENTED_EDGE('',*,*,#3345,.F.);
#3741 = ORIENTED_EDGE('',*,*,#3311,.F.);
#3742 = ORIENTED_EDGE('',*,*,#3287,.F.);
#3743 = ORIENTED_EDGE('',*,*,#3263,.F.);
#3744 = ORIENTED_EDGE('',*,*,#3024,.F.);
#3745 = PLANE('',#3746);
#3746 = AXIS2_PLACEMENT_3D('',#3747,#3748,#3749);
#3747 = CARTESIAN_POINT('',(-2.5,3.7,2.45));
#3748 = DIRECTION('',(-2.886579864025E-15,-2.22044604925E-16,1.));
#3749 = DIRECTION('',(-1.110223024625E-15,1.,-3.10862446895E-15));
#3750 = ( GEOMETRIC_REPRESENTATION_CONTEXT(3) 
GLOBAL_UNCERTAINTY_ASSIGNED_CONTEXT((#3754)) 
GLOBAL_UNIT_ASSIGNED_CONTEXT((#3751,#3752,#3753)) REPRESENTATION_CONTEXT
('Context #1','3D Context with UNIT and UNCERTAINTY') );
#3751 = ( LENGTH_UNIT() NAMED_UNIT(*) SI_UNIT(.MILLI.,.METRE.) );
#3752 = ( NAMED_UNIT(*) PLANE_ANGLE_UNIT() SI_UNIT($,.RADIAN.) );
#3753 = ( NAMED_UNIT(*) SI_UNIT($,.STERADIAN.) SOLID_ANGLE_UNIT() );
#3754 = UNCERTAINTY_MEASURE_WITH_UNIT(LENGTH_MEASURE(2.E-06),#3751,
  'distance_accuracy_value','confusion accuracy');
#3755 = CONTEXT_DEPENDENT_SHAPE_REPRESENTATION(#3756,#3758);
#3756 = ( REPRESENTATION_RELATIONSHIP('','',#1741,#10) 
REPRESENTATION_RELATIONSHIP_WITH_TRANSFORMATION(#3757) 
SHAPE_REPRESENTATION_RELATIONSHIP() );
#3757 = ITEM_DEFINED_TRANSFORMATION('','',#11,#19);
#3758 = PRODUCT_DEFINITION_SHAPE('Placement','Placement of an item',
  #3759);
#3759 = NEXT_ASSEMBLY_USAGE_OCCURRENCE('4','Plastic','',#5,#1736,$);
#3760 = PRODUCT_RELATED_PRODUCT_CATEGORY('part',$,(#1738));
#3761 = MECHANICAL_DESIGN_GEOMETRIC_PRESENTATION_REPRESENTATION('',(
    #3762,#3773,#3782,#3791,#3800),#1723);
#3762 = STYLED_ITEM('color',(#3763),#37);
#3763 = PRESENTATION_STYLE_ASSIGNMENT((#3764,#3770));
#3764 = SURFACE_STYLE_USAGE(.BOTH.,#3765);
#3765 = SURFACE_SIDE_STYLE('',(#3766));
#3766 = SURFACE_STYLE_FILL_AREA(#3767);
#3767 = FILL_AREA_STYLE('',(#3768));
#3768 = FILL_AREA_STYLE_COLOUR('',#3769);
#3769 = COLOUR_RGB('',0.800000010877,0.800000010877,0.800000010877);
#3770 = CURVE_STYLE('',#3771,POSITIVE_LENGTH_MEASURE(0.1),#3772);
#3771 = DRAUGHTING_PRE_DEFINED_CURVE_FONT('continuous');
#3772 = COLOUR_RGB('',9.803921802644E-02,9.803921802644E-02,
  9.803921802644E-02);
#3773 = STYLED_ITEM('color',(#3774),#389);
#3774 = PRESENTATION_STYLE_ASSIGNMENT((#3775,#3780));
#3775 = SURFACE_STYLE_USAGE(.BOTH.,#3776);
#3776 = SURFACE_SIDE_STYLE('',(#3777));
#3777 = SURFACE_STYLE_FILL_AREA(#3778);
#3778 = FILL_AREA_STYLE('',(#3779));
#3779 = FILL_AREA_STYLE_COLOUR('',#3769);
#3780 = CURVE_STYLE('',#3781,POSITIVE_LENGTH_MEASURE(0.1),#3772);
#3781 = DRAUGHTING_PRE_DEFINED_CURVE_FONT('continuous');
#3782 = STYLED_ITEM('color',(#3783),#741);
#3783 = PRESENTATION_STYLE_ASSIGNMENT((#3784,#3789));
#3784 = SURFACE_STYLE_USAGE(.BOTH.,#3785);
#3785 = SURFACE_SIDE_STYLE('',(#3786));
#3786 = SURFACE_STYLE_FILL_AREA(#3787);
#3787 = FILL_AREA_STYLE('',(#3788));
#3788 = FILL_AREA_STYLE_COLOUR('',#3769);
#3789 = CURVE_STYLE('',#3790,POSITIVE_LENGTH_MEASURE(0.1),#3772);
#3790 = DRAUGHTING_PRE_DEFINED_CURVE_FONT('continuous');
#3791 = STYLED_ITEM('color',(#3792),#1093);
#3792 = PRESENTATION_STYLE_ASSIGNMENT((#3793,#3798));
#3793 = SURFACE_STYLE_USAGE(.BOTH.,#3794);
#3794 = SURFACE_SIDE_STYLE('',(#3795));
#3795 = SURFACE_STYLE_FILL_AREA(#3796);
#3796 = FILL_AREA_STYLE('',(#3797));
#3797 = FILL_AREA_STYLE_COLOUR('',#3769);
#3798 = CURVE_STYLE('',#3799,POSITIVE_LENGTH_MEASURE(0.1),#3772);
#3799 = DRAUGHTING_PRE_DEFINED_CURVE_FONT('continuous');
#3800 = STYLED_ITEM('color',(#3801),#1408);
#3801 = PRESENTATION_STYLE_ASSIGNMENT((#3802,#3807));
#3802 = SURFACE_STYLE_USAGE(.BOTH.,#3803);
#3803 = SURFACE_SIDE_STYLE('',(#3804));
#3804 = SURFACE_STYLE_FILL_AREA(#3805);
#3805 = FILL_AREA_STYLE('',(#3806));
#3806 = FILL_AREA_STYLE_COLOUR('',#3769);
#3807 = CURVE_STYLE('',#3808,POSITIVE_LENGTH_MEASURE(0.1),#3772);
#3808 = DRAUGHTING_PRE_DEFINED_CURVE_FONT('continuous');
#3809 = MECHANICAL_DESIGN_GEOMETRIC_PRESENTATION_REPRESENTATION('',(
    #3810),#3750);
#3810 = STYLED_ITEM('color',(#3811),#1742);
#3811 = PRESENTATION_STYLE_ASSIGNMENT((#3812,#3818));
#3812 = SURFACE_STYLE_USAGE(.BOTH.,#3813);
#3813 = SURFACE_SIDE_STYLE('',(#3814));
#3814 = SURFACE_STYLE_FILL_AREA(#3815);
#3815 = FILL_AREA_STYLE('',(#3816));
#3816 = FILL_AREA_STYLE_COLOUR('',#3817);
#3817 = COLOUR_RGB('',0.941176459967,0.866666664203,0.72156863771);
#3818 = CURVE_STYLE('',#3819,POSITIVE_LENGTH_MEASURE(0.1),#3772);
#3819 = DRAUGHTING_PRE_DEFINED_CURVE_FONT('continuous');
ENDSEC;
END-ISO-10303-21;
