ISO-10303-21;
HEADER;
FILE_DESCRIPTION(('FreeCAD Model'),'2;1');
FILE_NAME('Open CASCADE Shape Model','2025-07-03T13:05:52',('Author'),(
    ''),'Open CASCADE STEP processor 7.8','FreeCAD','Unknown');
FILE_SCHEMA(('AUTOMOTIVE_DESIGN { 1 0 10303 214 1 1 1 1 }'));
ENDSEC;
DATA;
#1 = APPLICATION_PROTOCOL_DEFINITION('international standard',
  'automotive_design',2000,#2);
#2 = APPLICATION_CONTEXT(
  'core data for automotive mechanical design processes');
#3 = SHAPE_DEFINITION_REPRESENTATION(#4,#10);
#4 = PRODUCT_DEFINITION_SHAPE('','',#5);
#5 = PRODUCT_DEFINITION('design','',#6,#9);
#6 = PRODUCT_DEFINITION_FORMATION('','',#7);
#7 = PRODUCT('generic_sot65p210x95-6','generic_sot65p210x95-6','',(#8));
#8 = PRODUCT_CONTEXT('',#2,'mechanical');
#9 = PRODUCT_DEFINITION_CONTEXT('part definition',#2,'design');
#10 = SHAPE_REPRESENTATION('',(#11,#15,#19,#23,#27),#31);
#11 = AXIS2_PLACEMENT_3D('',#12,#13,#14);
#12 = CARTESIAN_POINT('',(0.,0.,0.));
#13 = DIRECTION('',(0.,0.,1.));
#14 = DIRECTION('',(1.,0.,-0.));
#15 = AXIS2_PLACEMENT_3D('',#16,#17,#18);
#16 = CARTESIAN_POINT('',(0.,0.,0.));
#17 = DIRECTION('',(0.,0.,1.));
#18 = DIRECTION('',(1.,0.,0.));
#19 = AXIS2_PLACEMENT_3D('',#20,#21,#22);
#20 = CARTESIAN_POINT('',(0.,0.,0.));
#21 = DIRECTION('',(0.,0.,1.));
#22 = DIRECTION('',(1.,0.,0.));
#23 = AXIS2_PLACEMENT_3D('',#24,#25,#26);
#24 = CARTESIAN_POINT('',(0.,0.,0.));
#25 = DIRECTION('',(0.,0.,1.));
#26 = DIRECTION('',(1.,0.,0.));
#27 = AXIS2_PLACEMENT_3D('',#28,#29,#30);
#28 = CARTESIAN_POINT('',(0.,0.,0.));
#29 = DIRECTION('',(0.,0.,1.));
#30 = DIRECTION('',(1.,0.,0.));
#31 = ( GEOMETRIC_REPRESENTATION_CONTEXT(3) 
GLOBAL_UNCERTAINTY_ASSIGNED_CONTEXT((#35)) GLOBAL_UNIT_ASSIGNED_CONTEXT(
(#32,#33,#34)) REPRESENTATION_CONTEXT('Context #1',
  '3D Context with UNIT and UNCERTAINTY') );
#32 = ( LENGTH_UNIT() NAMED_UNIT(*) SI_UNIT(.MILLI.,.METRE.) );
#33 = ( NAMED_UNIT(*) PLANE_ANGLE_UNIT() SI_UNIT($,.RADIAN.) );
#34 = ( NAMED_UNIT(*) SI_UNIT($,.STERADIAN.) SOLID_ANGLE_UNIT() );
#35 = UNCERTAINTY_MEASURE_WITH_UNIT(LENGTH_MEASURE(5.E-06),#32,
  'distance_accuracy_value','confusion accuracy');
#36 = PRODUCT_RELATED_PRODUCT_CATEGORY('part',$,(#7));
#37 = SHAPE_DEFINITION_REPRESENTATION(#38,#44);
#38 = PRODUCT_DEFINITION_SHAPE('','',#39);
#39 = PRODUCT_DEFINITION('design','',#40,#43);
#40 = PRODUCT_DEFINITION_FORMATION('','',#41);
#41 = PRODUCT('Package','Package','',(#42));
#42 = PRODUCT_CONTEXT('',#2,'mechanical');
#43 = PRODUCT_DEFINITION_CONTEXT('part definition',#2,'design');
#44 = ADVANCED_BREP_SHAPE_REPRESENTATION('',(#11,#45),#1464);
#45 = MANIFOLD_SOLID_BREP('',#46);
#46 = CLOSED_SHELL('',(#47,#87,#123,#162,#195,#231,#340,#371,#388,#419,
    #528,#570,#587,#618,#646,#671,#689,#725,#750,#783,#811,#829,#860,
    #885,#919,#1028,#1052,#1069,#1080,#1097,#1121,#1138,#1169,#1278,
    #1289,#1298,#1315,#1340,#1358,#1383,#1401,#1430,#1442,#1453));
#47 = ADVANCED_FACE('',(#48),#82,.T.);
#48 = FACE_BOUND('',#49,.T.);
#49 = EDGE_LOOP('',(#50,#60,#68,#76));
#50 = ORIENTED_EDGE('',*,*,#51,.F.);
#51 = EDGE_CURVE('',#52,#54,#56,.T.);
#52 = VERTEX_POINT('',#53);
#53 = CARTESIAN_POINT('',(-1.748469057056,3.199228669406,0.938682408883)
  );
#54 = VERTEX_POINT('',#55);
#55 = CARTESIAN_POINT('',(-1.603880932875,3.054640545225,1.758682408883)
  );
#56 = LINE('',#57,#58);
#57 = CARTESIAN_POINT('',(-1.751441318301,3.20220093065,0.921825877725)
  );
#58 = VECTOR('',#59,1.);
#59 = DIRECTION('',(0.171087869746,-0.171087869746,0.970287525248));
#60 = ORIENTED_EDGE('',*,*,#61,.T.);
#61 = EDGE_CURVE('',#52,#62,#64,.T.);
#62 = VERTEX_POINT('',#63);
#63 = CARTESIAN_POINT('',(-1.748469057056,-3.199228669406,0.938682408883
    ));
#64 = LINE('',#65,#66);
#65 = CARTESIAN_POINT('',(-1.748469057056,3.25,0.938682408883));
#66 = VECTOR('',#67,1.);
#67 = DIRECTION('',(0.,-1.,2.22044604925E-16));
#68 = ORIENTED_EDGE('',*,*,#69,.T.);
#69 = EDGE_CURVE('',#62,#70,#72,.T.);
#70 = VERTEX_POINT('',#71);
#71 = CARTESIAN_POINT('',(-1.603880932875,-3.054640545225,1.758682408883
    ));
#72 = LINE('',#73,#74);
#73 = CARTESIAN_POINT('',(-1.751441318301,-3.20220093065,0.921825877725)
  );
#74 = VECTOR('',#75,1.);
#75 = DIRECTION('',(0.171087869746,0.171087869746,0.970287525248));
#76 = ORIENTED_EDGE('',*,*,#77,.F.);
#77 = EDGE_CURVE('',#54,#70,#78,.T.);
#78 = LINE('',#79,#80);
#79 = CARTESIAN_POINT('',(-1.603880932875,3.096595526784,1.758682408883)
  );
#80 = VECTOR('',#81,1.);
#81 = DIRECTION('',(0.,-1.,2.22044604925E-16));
#82 = PLANE('',#83);
#83 = AXIS2_PLACEMENT_3D('',#84,#85,#86);
#84 = CARTESIAN_POINT('',(-1.75,3.25,0.93));
#85 = DIRECTION('',(-0.984807753012,3.855764100601E-17,0.173648177667));
#86 = DIRECTION('',(0.173648177667,2.186712484447E-16,0.984807753012));
#87 = ADVANCED_FACE('',(#88),#118,.T.);
#88 = FACE_BOUND('',#89,.F.);
#89 = EDGE_LOOP('',(#90,#102,#110,#117));
#90 = ORIENTED_EDGE('',*,*,#91,.T.);
#91 = EDGE_CURVE('',#52,#92,#94,.T.);
#92 = VERTEX_POINT('',#93);
#93 = CARTESIAN_POINT('',(-1.699228669406,3.248469057056,0.938682408883)
  );
#94 = ( BOUNDED_CURVE() B_SPLINE_CURVE(6,(#95,#96,#97,#98,#99,#100,#101)
,.UNSPECIFIED.,.F.,.F.) B_SPLINE_CURVE_WITH_KNOTS((7,7),(0.,
1.540638065802),.PIECEWISE_BEZIER_KNOTS.) CURVE() 
GEOMETRIC_REPRESENTATION_ITEM() RATIONAL_B_SPLINE_CURVE((1.03017915692,
    1.009653976698,0.998003665673,0.99418419978,0.998003665673,
1.009653976698,1.03017915692)) REPRESENTATION_ITEM('') );
#95 = CARTESIAN_POINT('',(-1.748469057056,3.199228669406,0.938682408883)
  );
#96 = CARTESIAN_POINT('',(-1.748079879977,3.212135119146,0.940889541778)
  );
#97 = CARTESIAN_POINT('',(-1.743679024639,3.22471877449,0.942332390197)
  );
#98 = CARTESIAN_POINT('',(-1.735622724084,3.235622724084,0.942834507554)
  );
#99 = CARTESIAN_POINT('',(-1.72471877449,3.243679024639,0.942332390197)
  );
#100 = CARTESIAN_POINT('',(-1.712135119146,3.248079879977,0.940889541778
    ));
#101 = CARTESIAN_POINT('',(-1.699228669406,3.248469057056,0.938682408883
    ));
#102 = ORIENTED_EDGE('',*,*,#103,.T.);
#103 = EDGE_CURVE('',#92,#104,#106,.T.);
#104 = VERTEX_POINT('',#105);
#105 = CARTESIAN_POINT('',(-1.554640545225,3.103880932875,1.758682408883
    ));
#106 = LINE('',#107,#108);
#107 = CARTESIAN_POINT('',(-1.70220093065,3.251441318301,0.921825877725)
  );
#108 = VECTOR('',#109,1.);
#109 = DIRECTION('',(0.171087869746,-0.171087869746,0.970287525248));
#110 = ORIENTED_EDGE('',*,*,#111,.F.);
#111 = EDGE_CURVE('',#54,#104,#112,.T.);
#112 = CIRCLE('',#113,5.E-02);
#113 = AXIS2_PLACEMENT_3D('',#114,#115,#116);
#114 = CARTESIAN_POINT('',(-1.554640545225,3.054640545225,1.75));
#115 = DIRECTION('',(-0.171087869746,0.171087869746,-0.970287525248));
#116 = DIRECTION('',(-0.984807753012,-8.920341838007E-15,0.173648177667)
  );
#117 = ORIENTED_EDGE('',*,*,#51,.F.);
#118 = CYLINDRICAL_SURFACE('',#119,5.E-02);
#119 = AXIS2_PLACEMENT_3D('',#120,#121,#122);
#120 = CARTESIAN_POINT('',(-1.70220093065,3.20220093065,0.913143468842)
  );
#121 = DIRECTION('',(0.171087869746,-0.171087869746,0.970287525248));
#122 = DIRECTION('',(-0.984807753012,4.123963888893E-17,0.173648177667)
  );
#123 = ADVANCED_FACE('',(#124),#157,.T.);
#124 = FACE_BOUND('',#125,.T.);
#125 = EDGE_LOOP('',(#126,#138,#146,#156));
#126 = ORIENTED_EDGE('',*,*,#127,.F.);
#127 = EDGE_CURVE('',#128,#52,#130,.T.);
#128 = VERTEX_POINT('',#129);
#129 = CARTESIAN_POINT('',(-1.748469057056,3.199228669406,0.921317591117
    ));
#130 = ( BOUNDED_CURVE() B_SPLINE_CURVE(6,(#131,#132,#133,#134,#135,#136
,#137),.UNSPECIFIED.,.F.,.F.) B_SPLINE_CURVE_WITH_KNOTS((7,7),(0.,
0.349065850399),.PIECEWISE_BEZIER_KNOTS.) CURVE() 
GEOMETRIC_REPRESENTATION_ITEM() RATIONAL_B_SPLINE_CURVE((1.001524413575,
    1.000507104893,0.999898374523,0.999695733922,0.999898374523,
1.000507104893,1.001524413575)) REPRESENTATION_ITEM('') );
#131 = CARTESIAN_POINT('',(-1.748469057056,3.199228669406,0.921317591117
    ));
#132 = CARTESIAN_POINT('',(-1.748974692734,3.199228669406,0.924185193543
    ));
#133 = CARTESIAN_POINT('',(-1.749279392372,3.199228669406,0.927084614077
    ));
#134 = CARTESIAN_POINT('',(-1.749381179402,3.199228669406,0.93));
#135 = CARTESIAN_POINT('',(-1.749279392372,3.199228669406,0.932915385923
    ));
#136 = CARTESIAN_POINT('',(-1.748974692734,3.199228669406,0.935814806457
    ));
#137 = CARTESIAN_POINT('',(-1.748469057056,3.199228669406,0.938682408883
    ));
#138 = ORIENTED_EDGE('',*,*,#139,.T.);
#139 = EDGE_CURVE('',#128,#140,#142,.T.);
#140 = VERTEX_POINT('',#141);
#141 = CARTESIAN_POINT('',(-1.748469057056,-3.199228669406,
    0.921317591117));
#142 = LINE('',#143,#144);
#143 = CARTESIAN_POINT('',(-1.748469057056,3.25,0.921317591117));
#144 = VECTOR('',#145,1.);
#145 = DIRECTION('',(0.,-1.,2.22044604925E-16));
#146 = ORIENTED_EDGE('',*,*,#147,.T.);
#147 = EDGE_CURVE('',#140,#62,#148,.T.);
#148 = ( BOUNDED_CURVE() B_SPLINE_CURVE(6,(#149,#150,#151,#152,#153,#154
,#155),.UNSPECIFIED.,.F.,.F.) B_SPLINE_CURVE_WITH_KNOTS((7,7),(0.,
0.349065850399),.PIECEWISE_BEZIER_KNOTS.) CURVE() 
GEOMETRIC_REPRESENTATION_ITEM() RATIONAL_B_SPLINE_CURVE((1.001524413575,
    1.000507104893,0.999898374523,0.999695733922,0.999898374523,
1.000507104893,1.001524413575)) REPRESENTATION_ITEM('') );
#149 = CARTESIAN_POINT('',(-1.748469057056,-3.199228669406,
    0.921317591117));
#150 = CARTESIAN_POINT('',(-1.748974692734,-3.199228669406,
    0.924185193543));
#151 = CARTESIAN_POINT('',(-1.749279392372,-3.199228669406,
    0.927084614077));
#152 = CARTESIAN_POINT('',(-1.749381179402,-3.199228669406,0.93));
#153 = CARTESIAN_POINT('',(-1.749279392372,-3.199228669406,
    0.932915385923));
#154 = CARTESIAN_POINT('',(-1.748974692734,-3.199228669406,
    0.935814806457));
#155 = CARTESIAN_POINT('',(-1.748469057056,-3.199228669406,
    0.938682408883));
#156 = ORIENTED_EDGE('',*,*,#61,.F.);
#157 = CYLINDRICAL_SURFACE('',#158,5.E-02);
#158 = AXIS2_PLACEMENT_3D('',#159,#160,#161);
#159 = CARTESIAN_POINT('',(-1.699228669406,3.25,0.93));
#160 = DIRECTION('',(0.,-1.,2.22044604925E-16));
#161 = DIRECTION('',(-0.984807753012,3.855764100601E-17,0.173648177667)
  );
#162 = ADVANCED_FACE('',(#163),#190,.T.);
#163 = FACE_BOUND('',#164,.F.);
#164 = EDGE_LOOP('',(#165,#174,#182,#189));
#165 = ORIENTED_EDGE('',*,*,#166,.F.);
#166 = EDGE_CURVE('',#167,#54,#169,.T.);
#167 = VERTEX_POINT('',#168);
#168 = CARTESIAN_POINT('',(-1.554640545225,3.054640545225,1.8));
#169 = CIRCLE('',#170,5.E-02);
#170 = AXIS2_PLACEMENT_3D('',#171,#172,#173);
#171 = CARTESIAN_POINT('',(-1.554640545225,3.054640545225,1.75));
#172 = DIRECTION('',(7.4527018439E-15,-1.,-9.103828801926E-15));
#173 = DIRECTION('',(-1.,-7.4527018439E-15,8.881784197001E-15));
#174 = ORIENTED_EDGE('',*,*,#175,.T.);
#175 = EDGE_CURVE('',#167,#176,#178,.T.);
#176 = VERTEX_POINT('',#177);
#177 = CARTESIAN_POINT('',(-1.554640545225,-3.054640545225,1.8));
#178 = LINE('',#179,#180);
#179 = CARTESIAN_POINT('',(-1.554640545225,3.096595526784,1.8));
#180 = VECTOR('',#181,1.);
#181 = DIRECTION('',(0.,-1.,2.22044604925E-16));
#182 = ORIENTED_EDGE('',*,*,#183,.F.);
#183 = EDGE_CURVE('',#70,#176,#184,.T.);
#184 = CIRCLE('',#185,5.E-02);
#185 = AXIS2_PLACEMENT_3D('',#186,#187,#188);
#186 = CARTESIAN_POINT('',(-1.554640545225,-3.054640545225,1.75));
#187 = DIRECTION('',(1.803760006932E-14,1.,2.22044604925E-16));
#188 = DIRECTION('',(-0.984807753012,1.7725010753E-14,0.173648177667));
#189 = ORIENTED_EDGE('',*,*,#77,.F.);
#190 = CYLINDRICAL_SURFACE('',#191,5.E-02);
#191 = AXIS2_PLACEMENT_3D('',#192,#193,#194);
#192 = CARTESIAN_POINT('',(-1.554640545225,3.096595526784,1.75));
#193 = DIRECTION('',(0.,-1.,2.22044604925E-16));
#194 = DIRECTION('',(-0.984807753012,3.855764100601E-17,0.173648177667)
  );
#195 = ADVANCED_FACE('',(#196),#226,.T.);
#196 = FACE_BOUND('',#197,.T.);
#197 = EDGE_LOOP('',(#198,#210,#218,#225));
#198 = ORIENTED_EDGE('',*,*,#199,.T.);
#199 = EDGE_CURVE('',#62,#200,#202,.T.);
#200 = VERTEX_POINT('',#201);
#201 = CARTESIAN_POINT('',(-1.699228669406,-3.248469057056,
    0.938682408883));
#202 = ( BOUNDED_CURVE() B_SPLINE_CURVE(6,(#203,#204,#205,#206,#207,#208
,#209),.UNSPECIFIED.,.F.,.F.) B_SPLINE_CURVE_WITH_KNOTS((7,7),(0.,
1.540638065802),.PIECEWISE_BEZIER_KNOTS.) CURVE() 
GEOMETRIC_REPRESENTATION_ITEM() RATIONAL_B_SPLINE_CURVE((1.03017915692,
    1.009653976698,0.998003665673,0.99418419978,0.998003665673,
1.009653976698,1.03017915692)) REPRESENTATION_ITEM('') );
#203 = CARTESIAN_POINT('',(-1.748469057056,-3.199228669406,
    0.938682408883));
#204 = CARTESIAN_POINT('',(-1.748079879977,-3.212135119146,
    0.940889541778));
#205 = CARTESIAN_POINT('',(-1.743679024639,-3.22471877449,0.942332390197
    ));
#206 = CARTESIAN_POINT('',(-1.735622724084,-3.235622724084,
    0.942834507554));
#207 = CARTESIAN_POINT('',(-1.72471877449,-3.243679024639,0.942332390197
    ));
#208 = CARTESIAN_POINT('',(-1.712135119146,-3.248079879977,
    0.940889541778));
#209 = CARTESIAN_POINT('',(-1.699228669406,-3.248469057056,
    0.938682408883));
#210 = ORIENTED_EDGE('',*,*,#211,.T.);
#211 = EDGE_CURVE('',#200,#212,#214,.T.);
#212 = VERTEX_POINT('',#213);
#213 = CARTESIAN_POINT('',(-1.554640545225,-3.103880932875,
    1.758682408883));
#214 = LINE('',#215,#216);
#215 = CARTESIAN_POINT('',(-1.70220093065,-3.251441318301,0.921825877725
    ));
#216 = VECTOR('',#217,1.);
#217 = DIRECTION('',(0.171087869746,0.171087869746,0.970287525248));
#218 = ORIENTED_EDGE('',*,*,#219,.T.);
#219 = EDGE_CURVE('',#212,#70,#220,.T.);
#220 = CIRCLE('',#221,5.E-02);
#221 = AXIS2_PLACEMENT_3D('',#222,#223,#224);
#222 = CARTESIAN_POINT('',(-1.554640545225,-3.054640545225,1.75));
#223 = DIRECTION('',(-0.171087869746,-0.171087869746,-0.970287525248));
#224 = DIRECTION('',(-0.985255774317,2.970909680234E-02,0.168488660572)
  );
#225 = ORIENTED_EDGE('',*,*,#69,.F.);
#226 = CYLINDRICAL_SURFACE('',#227,5.E-02);
#227 = AXIS2_PLACEMENT_3D('',#228,#229,#230);
#228 = CARTESIAN_POINT('',(-1.70220093065,-3.20220093065,0.913143468842)
  );
#229 = DIRECTION('',(0.171087869746,0.171087869746,0.970287525248));
#230 = DIRECTION('',(-0.984807753012,3.777019193697E-17,0.173648177667)
  );
#231 = ADVANCED_FACE('',(#232),#258,.F.);
#232 = FACE_BOUND('',#233,.F.);
#233 = EDGE_LOOP('',(#234,#235,#236,#248));
#234 = ORIENTED_EDGE('',*,*,#91,.F.);
#235 = ORIENTED_EDGE('',*,*,#127,.F.);
#236 = ORIENTED_EDGE('',*,*,#237,.F.);
#237 = EDGE_CURVE('',#238,#128,#240,.T.);
#238 = VERTEX_POINT('',#239);
#239 = CARTESIAN_POINT('',(-1.699228669406,3.248469057056,0.921317591117
    ));
#240 = ( BOUNDED_CURVE() B_SPLINE_CURVE(6,(#241,#242,#243,#244,#245,#246
,#247),.UNSPECIFIED.,.F.,.F.) B_SPLINE_CURVE_WITH_KNOTS((7,7),(0.,
1.540638065802),.PIECEWISE_BEZIER_KNOTS.) CURVE() 
GEOMETRIC_REPRESENTATION_ITEM() RATIONAL_B_SPLINE_CURVE((1.03017915692,
    1.009653976698,0.998003665673,0.99418419978,0.998003665673,
1.009653976698,1.03017915692)) REPRESENTATION_ITEM('') );
#241 = CARTESIAN_POINT('',(-1.699228669406,3.248469057056,0.921317591117
    ));
#242 = CARTESIAN_POINT('',(-1.712135119146,3.248079879977,0.919110458222
    ));
#243 = CARTESIAN_POINT('',(-1.72471877449,3.243679024639,0.917667609803)
  );
#244 = CARTESIAN_POINT('',(-1.735622724084,3.235622724084,0.917165492446
    ));
#245 = CARTESIAN_POINT('',(-1.743679024639,3.22471877449,0.917667609803)
  );
#246 = CARTESIAN_POINT('',(-1.748079879977,3.212135119146,0.919110458222
    ));
#247 = CARTESIAN_POINT('',(-1.748469057056,3.199228669406,0.921317591117
    ));
#248 = ORIENTED_EDGE('',*,*,#249,.F.);
#249 = EDGE_CURVE('',#92,#238,#250,.T.);
#250 = ( BOUNDED_CURVE() B_SPLINE_CURVE(6,(#251,#252,#253,#254,#255,#256
,#257),.UNSPECIFIED.,.F.,.F.) B_SPLINE_CURVE_WITH_KNOTS((7,7),(0.,
0.349065850399),.PIECEWISE_BEZIER_KNOTS.) CURVE() 
GEOMETRIC_REPRESENTATION_ITEM() RATIONAL_B_SPLINE_CURVE((1.001524413575,
    1.000507104893,0.999898374523,0.999695733922,0.999898374523,
1.000507104893,1.001524413575)) REPRESENTATION_ITEM('') );
#251 = CARTESIAN_POINT('',(-1.699228669406,3.248469057056,0.938682408883
    ));
#252 = CARTESIAN_POINT('',(-1.699228669406,3.248974692734,0.935814806457
    ));
#253 = CARTESIAN_POINT('',(-1.699228669406,3.249279392372,0.932915385923
    ));
#254 = CARTESIAN_POINT('',(-1.699228669406,3.249381179402,0.93));
#255 = CARTESIAN_POINT('',(-1.699228669406,3.249279392372,0.927084614077
    ));
#256 = CARTESIAN_POINT('',(-1.699228669406,3.248974692734,0.924185193543
    ));
#257 = CARTESIAN_POINT('',(-1.699228669406,3.248469057056,0.921317591117
    ));
#258 = B_SPLINE_SURFACE_WITH_KNOTS('',8,8,(
    (#259,#260,#261,#262,#263,#264,#265,#266,#267)
    ,(#268,#269,#270,#271,#272,#273,#274,#275,#276)
    ,(#277,#278,#279,#280,#281,#282,#283,#284,#285)
    ,(#286,#287,#288,#289,#290,#291,#292,#293,#294)
    ,(#295,#296,#297,#298,#299,#300,#301,#302,#303)
    ,(#304,#305,#306,#307,#308,#309,#310,#311,#312)
    ,(#313,#314,#315,#316,#317,#318,#319,#320,#321)
    ,(#322,#323,#324,#325,#326,#327,#328,#329,#330)
    ,(#331,#332,#333,#334,#335,#336,#337,#338,#339
  )),.UNSPECIFIED.,.F.,.F.,.F.,(9,9),(9,9),(-3.888937236925E-02,
    3.888937236926E-02),(-1.327122752965E-02,1.327122752966E-02),
  .PIECEWISE_BEZIER_KNOTS.);
#259 = CARTESIAN_POINT('',(-1.692179733696,3.247192809808,0.943271088813
    ));
#260 = CARTESIAN_POINT('',(-1.693088551806,3.248089423348,0.939953341235
    ));
#261 = CARTESIAN_POINT('',(-1.693611755376,3.248621051547,0.93663535217)
  );
#262 = CARTESIAN_POINT('',(-1.694173115983,3.249179912002,0.933317569413
    ));
#263 = CARTESIAN_POINT('',(-1.694431257865,3.249434520166,0.93));
#264 = CARTESIAN_POINT('',(-1.694173115983,3.249179912002,0.926682430587
    ));
#265 = CARTESIAN_POINT('',(-1.693611755375,3.248621051546,0.92336464783)
  );
#266 = CARTESIAN_POINT('',(-1.693088551806,3.248089423348,0.920046658765
    ));
#267 = CARTESIAN_POINT('',(-1.692179733696,3.247192809808,0.916728911187
    ));
#268 = CARTESIAN_POINT('',(-1.707186389415,3.248445839024,0.943271110844
    ));
#269 = CARTESIAN_POINT('',(-1.708131841376,3.249375384652,0.939953392724
    ));
#270 = CARTESIAN_POINT('',(-1.708933913871,3.250122949802,0.936636500315
    ));
#271 = CARTESIAN_POINT('',(-1.708771132828,3.250032877534,0.933317507637
    ));
#272 = CARTESIAN_POINT('',(-1.709142535854,3.250397783368,0.93));
#273 = CARTESIAN_POINT('',(-1.708771132827,3.250032877534,0.926682492363
    ));
#274 = CARTESIAN_POINT('',(-1.708933913871,3.250122949802,0.923363499685
    ));
#275 = CARTESIAN_POINT('',(-1.708131841375,3.249375384652,0.920046607276
    ));
#276 = CARTESIAN_POINT('',(-1.707186389415,3.248445839024,0.916728889156
    ));
#277 = CARTESIAN_POINT('',(-1.718897910034,3.246456936876,0.943270685964
    ));
#278 = CARTESIAN_POINT('',(-1.719653533821,3.247247379734,0.939952696607
    ));
#279 = CARTESIAN_POINT('',(-1.719150787864,3.246905131511,0.936632211896
    ));
#280 = CARTESIAN_POINT('',(-1.723486902117,3.249922899403,0.933325254015
    ));
#281 = CARTESIAN_POINT('',(-1.716308789626,3.24537234113,0.930000000002)
  );
#282 = CARTESIAN_POINT('',(-1.723486902123,3.249922899408,0.926674745982
    ));
#283 = CARTESIAN_POINT('',(-1.71915078786,3.246905131509,0.923367788105)
  );
#284 = CARTESIAN_POINT('',(-1.71965353382,3.247247379733,0.920047303393)
  );
#285 = CARTESIAN_POINT('',(-1.718897910034,3.246456936876,0.916729314036
    ));
#286 = CARTESIAN_POINT('',(-1.72596528439,3.239805337276,0.94326959337)
  );
#287 = CARTESIAN_POINT('',(-1.725509728491,3.239338402012,0.939949639544
    ));
#288 = CARTESIAN_POINT('',(-1.726267945591,3.240266175182,0.93663185912)
  );
#289 = CARTESIAN_POINT('',(-1.725743478794,3.239909424071,0.93331443551)
  );
#290 = CARTESIAN_POINT('',(-1.735462719875,3.248569005601,0.929999999998
    ));
#291 = CARTESIAN_POINT('',(-1.725743478787,3.239909424067,0.926685564494
    ));
#292 = CARTESIAN_POINT('',(-1.726267945595,3.240266175182,0.923368140879
    ));
#293 = CARTESIAN_POINT('',(-1.725509728492,3.239338402014,0.920050360457
    ));
#294 = CARTESIAN_POINT('',(-1.725965284391,3.239805337277,0.91673040663)
  );
#295 = CARTESIAN_POINT('',(-1.736208390517,3.236208390517,0.943275373776
    ));
#296 = CARTESIAN_POINT('',(-1.738206114099,3.238206114093,0.939961457644
    ));
#297 = CARTESIAN_POINT('',(-1.739870750206,3.2398707502,0.936642818481)
  );
#298 = CARTESIAN_POINT('',(-1.736727872635,3.236727872663,0.933319725765
    ));
#299 = CARTESIAN_POINT('',(-1.732576389942,3.232576389901,0.930000000002
    ));
#300 = CARTESIAN_POINT('',(-1.736727872641,3.236727872669,0.926680274231
    ));
#301 = CARTESIAN_POINT('',(-1.739870750203,3.239870750199,0.923357181521
    ));
#302 = CARTESIAN_POINT('',(-1.738206114097,3.238206114091,0.920038542356
    ));
#303 = CARTESIAN_POINT('',(-1.736208390517,3.236208390516,0.916724626224
    ));
#304 = CARTESIAN_POINT('',(-1.739805337276,3.22596528439,0.94326959337)
  );
#305 = CARTESIAN_POINT('',(-1.739338402007,3.225509728495,0.939949639543
    ));
#306 = CARTESIAN_POINT('',(-1.740266175179,3.226267945593,0.93663185912)
  );
#307 = CARTESIAN_POINT('',(-1.73990942409,3.22574347878,0.933314435509)
  );
#308 = CARTESIAN_POINT('',(-1.748569005575,3.235462719893,0.929999999999
    ));
#309 = CARTESIAN_POINT('',(-1.739909424087,3.225743478775,0.926685564493
    ));
#310 = CARTESIAN_POINT('',(-1.74026617518,3.226267945594,0.923368140879)
  );
#311 = CARTESIAN_POINT('',(-1.739338402009,3.225509728496,0.920050360457
    ));
#312 = CARTESIAN_POINT('',(-1.739805337276,3.225965284391,0.91673040663)
  );
#313 = CARTESIAN_POINT('',(-1.746456936877,3.218897910034,0.943270685964
    ));
#314 = CARTESIAN_POINT('',(-1.747247379737,3.219653533818,0.939952696607
    ));
#315 = CARTESIAN_POINT('',(-1.746905131512,3.219150787862,0.936632211896
    ));
#316 = CARTESIAN_POINT('',(-1.749922899392,3.223486902128,0.933325254016
    ));
#317 = CARTESIAN_POINT('',(-1.745372341151,3.21630878961,0.93));
#318 = CARTESIAN_POINT('',(-1.749922899393,3.223486902133,0.926674745983
    ));
#319 = CARTESIAN_POINT('',(-1.746905131512,3.21915078786,0.923367788104)
  );
#320 = CARTESIAN_POINT('',(-1.747247379737,3.219653533818,0.920047303393
    ));
#321 = CARTESIAN_POINT('',(-1.746456936877,3.218897910033,0.916729314036
    ));
#322 = CARTESIAN_POINT('',(-1.748445839024,3.207186389415,0.943271110844
    ));
#323 = CARTESIAN_POINT('',(-1.749375384651,3.208131841376,0.939953392724
    ));
#324 = CARTESIAN_POINT('',(-1.750122949804,3.208933913869,0.936636500315
    ));
#325 = CARTESIAN_POINT('',(-1.750032877529,3.208771132832,0.933317507637
    ));
#326 = CARTESIAN_POINT('',(-1.750397783374,3.209142535849,0.93));
#327 = CARTESIAN_POINT('',(-1.750032877529,3.208771132832,0.926682492363
    ));
#328 = CARTESIAN_POINT('',(-1.750122949804,3.20893391387,0.923363499685)
  );
#329 = CARTESIAN_POINT('',(-1.749375384651,3.208131841376,0.920046607276
    ));
#330 = CARTESIAN_POINT('',(-1.748445839024,3.207186389415,0.916728889156
    ));
#331 = CARTESIAN_POINT('',(-1.747192809808,3.192179733696,0.943271088813
    ));
#332 = CARTESIAN_POINT('',(-1.748089423348,3.193088551806,0.939953341235
    ));
#333 = CARTESIAN_POINT('',(-1.748621051547,3.193611755375,0.93663535217)
  );
#334 = CARTESIAN_POINT('',(-1.749179912002,3.194173115983,0.933317569413
    ));
#335 = CARTESIAN_POINT('',(-1.749434520165,3.194431257865,0.93));
#336 = CARTESIAN_POINT('',(-1.749179912002,3.194173115982,0.926682430587
    ));
#337 = CARTESIAN_POINT('',(-1.748621051547,3.193611755375,0.92336464783)
  );
#338 = CARTESIAN_POINT('',(-1.748089423348,3.193088551806,0.920046658765
    ));
#339 = CARTESIAN_POINT('',(-1.747192809808,3.192179733696,0.916728911187
    ));
#340 = ADVANCED_FACE('',(#341),#366,.T.);
#341 = FACE_BOUND('',#342,.F.);
#342 = EDGE_LOOP('',(#343,#344,#352,#360));
#343 = ORIENTED_EDGE('',*,*,#103,.F.);
#344 = ORIENTED_EDGE('',*,*,#345,.F.);
#345 = EDGE_CURVE('',#346,#92,#348,.T.);
#346 = VERTEX_POINT('',#347);
#347 = CARTESIAN_POINT('',(1.699228669406,3.248469057056,0.938682408883)
  );
#348 = LINE('',#349,#350);
#349 = CARTESIAN_POINT('',(1.75,3.248469057056,0.938682408883));
#350 = VECTOR('',#351,1.);
#351 = DIRECTION('',(-1.,0.,0.));
#352 = ORIENTED_EDGE('',*,*,#353,.F.);
#353 = EDGE_CURVE('',#354,#346,#356,.T.);
#354 = VERTEX_POINT('',#355);
#355 = CARTESIAN_POINT('',(1.554640545225,3.103880932875,1.758682408883)
  );
#356 = LINE('',#357,#358);
#357 = CARTESIAN_POINT('',(1.548796457434,3.098036845084,1.791825877725)
  );
#358 = VECTOR('',#359,1.);
#359 = DIRECTION('',(0.171087869746,0.171087869746,-0.970287525248));
#360 = ORIENTED_EDGE('',*,*,#361,.T.);
#361 = EDGE_CURVE('',#354,#104,#362,.T.);
#362 = LINE('',#363,#364);
#363 = CARTESIAN_POINT('',(1.596595526784,3.103880932875,1.758682408883)
  );
#364 = VECTOR('',#365,1.);
#365 = DIRECTION('',(-1.,0.,0.));
#366 = PLANE('',#367);
#367 = AXIS2_PLACEMENT_3D('',#368,#369,#370);
#368 = CARTESIAN_POINT('',(7.660542066982,3.096595526784,1.8));
#369 = DIRECTION('',(0.,0.984807753012,0.173648177667));
#370 = DIRECTION('',(0.,-0.173648177667,0.984807753012));
#371 = ADVANCED_FACE('',(#372),#383,.T.);
#372 = FACE_BOUND('',#373,.T.);
#373 = EDGE_LOOP('',(#374,#375,#382));
#374 = ORIENTED_EDGE('',*,*,#166,.F.);
#375 = ORIENTED_EDGE('',*,*,#376,.T.);
#376 = EDGE_CURVE('',#167,#104,#377,.T.);
#377 = CIRCLE('',#378,5.E-02);
#378 = AXIS2_PLACEMENT_3D('',#379,#380,#381);
#379 = CARTESIAN_POINT('',(-1.554640545225,3.054640545225,1.75));
#380 = DIRECTION('',(-1.,1.589894618069E-15,8.881784197001E-15));
#381 = DIRECTION('',(1.589894618069E-15,1.,9.103828801926E-15));
#382 = ORIENTED_EDGE('',*,*,#111,.F.);
#383 = SPHERICAL_SURFACE('',#384,5.E-02);
#384 = AXIS2_PLACEMENT_3D('',#385,#386,#387);
#385 = CARTESIAN_POINT('',(-1.554640545225,3.054640545225,1.75));
#386 = DIRECTION('',(-8.881784197001E-15,9.103828801926E-15,-1.));
#387 = DIRECTION('',(-1.,-7.4527018439E-15,8.881784197001E-15));
#388 = ADVANCED_FACE('',(#389),#414,.T.);
#389 = FACE_BOUND('',#390,.T.);
#390 = EDGE_LOOP('',(#391,#392,#400,#408));
#391 = ORIENTED_EDGE('',*,*,#139,.F.);
#392 = ORIENTED_EDGE('',*,*,#393,.T.);
#393 = EDGE_CURVE('',#128,#394,#396,.T.);
#394 = VERTEX_POINT('',#395);
#395 = CARTESIAN_POINT('',(-1.603880932875,3.054640545225,0.101317591117
    ));
#396 = LINE('',#397,#398);
#397 = CARTESIAN_POINT('',(-1.751441318301,3.20220093065,0.938174122275)
  );
#398 = VECTOR('',#399,1.);
#399 = DIRECTION('',(0.171087869746,-0.171087869746,-0.970287525248));
#400 = ORIENTED_EDGE('',*,*,#401,.T.);
#401 = EDGE_CURVE('',#394,#402,#404,.T.);
#402 = VERTEX_POINT('',#403);
#403 = CARTESIAN_POINT('',(-1.603880932875,-3.054640545225,
    0.101317591117));
#404 = LINE('',#405,#406);
#405 = CARTESIAN_POINT('',(-1.603880932875,3.096595526784,0.101317591117
    ));
#406 = VECTOR('',#407,1.);
#407 = DIRECTION('',(0.,-1.,2.22044604925E-16));
#408 = ORIENTED_EDGE('',*,*,#409,.F.);
#409 = EDGE_CURVE('',#140,#402,#410,.T.);
#410 = LINE('',#411,#412);
#411 = CARTESIAN_POINT('',(-1.751441318301,-3.20220093065,0.938174122275
    ));
#412 = VECTOR('',#413,1.);
#413 = DIRECTION('',(0.171087869746,0.171087869746,-0.970287525248));
#414 = PLANE('',#415);
#415 = AXIS2_PLACEMENT_3D('',#416,#417,#418);
#416 = CARTESIAN_POINT('',(-1.596595526784,3.25,6.E-02));
#417 = DIRECTION('',(-0.984807753012,-3.855764100601E-17,-0.173648177667
    ));
#418 = DIRECTION('',(-0.173648177667,2.186712484447E-16,0.984807753012)
  );
#419 = ADVANCED_FACE('',(#420),#446,.T.);
#420 = FACE_BOUND('',#421,.T.);
#421 = EDGE_LOOP('',(#422,#423,#424,#436));
#422 = ORIENTED_EDGE('',*,*,#199,.F.);
#423 = ORIENTED_EDGE('',*,*,#147,.F.);
#424 = ORIENTED_EDGE('',*,*,#425,.F.);
#425 = EDGE_CURVE('',#426,#140,#428,.T.);
#426 = VERTEX_POINT('',#427);
#427 = CARTESIAN_POINT('',(-1.699228669406,-3.248469057056,
    0.921317591117));
#428 = ( BOUNDED_CURVE() B_SPLINE_CURVE(6,(#429,#430,#431,#432,#433,#434
,#435),.UNSPECIFIED.,.F.,.F.) B_SPLINE_CURVE_WITH_KNOTS((7,7),(0.,
1.540638065802),.PIECEWISE_BEZIER_KNOTS.) CURVE() 
GEOMETRIC_REPRESENTATION_ITEM() RATIONAL_B_SPLINE_CURVE((1.03017915692,
    1.009653976698,0.998003665673,0.99418419978,0.998003665673,
1.009653976698,1.03017915692)) REPRESENTATION_ITEM('') );
#429 = CARTESIAN_POINT('',(-1.699228669406,-3.248469057056,
    0.921317591117));
#430 = CARTESIAN_POINT('',(-1.712135119146,-3.248079879977,
    0.919110458222));
#431 = CARTESIAN_POINT('',(-1.72471877449,-3.243679024639,0.917667609803
    ));
#432 = CARTESIAN_POINT('',(-1.735622724084,-3.235622724084,
    0.917165492446));
#433 = CARTESIAN_POINT('',(-1.743679024639,-3.22471877449,0.917667609803
    ));
#434 = CARTESIAN_POINT('',(-1.748079879977,-3.212135119146,
    0.919110458222));
#435 = CARTESIAN_POINT('',(-1.748469057056,-3.199228669406,
    0.921317591117));
#436 = ORIENTED_EDGE('',*,*,#437,.F.);
#437 = EDGE_CURVE('',#200,#426,#438,.T.);
#438 = ( BOUNDED_CURVE() B_SPLINE_CURVE(6,(#439,#440,#441,#442,#443,#444
,#445),.UNSPECIFIED.,.F.,.F.) B_SPLINE_CURVE_WITH_KNOTS((7,7),(0.,
0.349065850399),.PIECEWISE_BEZIER_KNOTS.) CURVE() 
GEOMETRIC_REPRESENTATION_ITEM() RATIONAL_B_SPLINE_CURVE((1.001524413575,
    1.000507104893,0.999898374523,0.999695733922,0.999898374523,
1.000507104893,1.001524413575)) REPRESENTATION_ITEM('') );
#439 = CARTESIAN_POINT('',(-1.699228669406,-3.248469057056,
    0.938682408883));
#440 = CARTESIAN_POINT('',(-1.699228669406,-3.248974692734,
    0.935814806457));
#441 = CARTESIAN_POINT('',(-1.699228669406,-3.249279392372,
    0.932915385923));
#442 = CARTESIAN_POINT('',(-1.699228669406,-3.249381179402,0.93));
#443 = CARTESIAN_POINT('',(-1.699228669406,-3.249279392372,
    0.927084614077));
#444 = CARTESIAN_POINT('',(-1.699228669406,-3.248974692734,
    0.924185193543));
#445 = CARTESIAN_POINT('',(-1.699228669406,-3.248469057056,
    0.921317591117));
#446 = B_SPLINE_SURFACE_WITH_KNOTS('',8,8,(
    (#447,#448,#449,#450,#451,#452,#453,#454,#455)
    ,(#456,#457,#458,#459,#460,#461,#462,#463,#464)
    ,(#465,#466,#467,#468,#469,#470,#471,#472,#473)
    ,(#474,#475,#476,#477,#478,#479,#480,#481,#482)
    ,(#483,#484,#485,#486,#487,#488,#489,#490,#491)
    ,(#492,#493,#494,#495,#496,#497,#498,#499,#500)
    ,(#501,#502,#503,#504,#505,#506,#507,#508,#509)
    ,(#510,#511,#512,#513,#514,#515,#516,#517,#518)
    ,(#519,#520,#521,#522,#523,#524,#525,#526,#527
  )),.UNSPECIFIED.,.F.,.F.,.F.,(9,9),(9,9),(-3.888937236925E-02,
    3.888937236925E-02),(-1.327122752965E-02,1.327122752966E-02),
  .PIECEWISE_BEZIER_KNOTS.);
#447 = CARTESIAN_POINT('',(-1.747192809808,-3.192179733696,
    0.916728911187));
#448 = CARTESIAN_POINT('',(-1.748089423348,-3.193088551806,
    0.920046658765));
#449 = CARTESIAN_POINT('',(-1.748621051546,-3.193611755375,0.92336464783
    ));
#450 = CARTESIAN_POINT('',(-1.749179912002,-3.194173115983,
    0.926682430587));
#451 = CARTESIAN_POINT('',(-1.749434520165,-3.194431257865,0.93));
#452 = CARTESIAN_POINT('',(-1.749179912002,-3.194173115983,
    0.933317569413));
#453 = CARTESIAN_POINT('',(-1.748621051546,-3.193611755375,0.93663535217
    ));
#454 = CARTESIAN_POINT('',(-1.748089423348,-3.193088551806,
    0.939953341235));
#455 = CARTESIAN_POINT('',(-1.747192809808,-3.192179733696,
    0.943271088813));
#456 = CARTESIAN_POINT('',(-1.748445839024,-3.207186389415,
    0.916728889156));
#457 = CARTESIAN_POINT('',(-1.749375384652,-3.208131841376,
    0.920046607276));
#458 = CARTESIAN_POINT('',(-1.750122949805,-3.20893391387,0.923363499685
    ));
#459 = CARTESIAN_POINT('',(-1.75003287753,-3.20877113283,0.926682492362)
  );
#460 = CARTESIAN_POINT('',(-1.750397783373,-3.20914253585,0.930000000001
    ));
#461 = CARTESIAN_POINT('',(-1.750032877529,-3.208771132831,
    0.933317507637));
#462 = CARTESIAN_POINT('',(-1.750122949805,-3.20893391387,0.936636500315
    ));
#463 = CARTESIAN_POINT('',(-1.749375384651,-3.208131841376,
    0.939953392724));
#464 = CARTESIAN_POINT('',(-1.748445839024,-3.207186389415,
    0.943271110844));
#465 = CARTESIAN_POINT('',(-1.746456936876,-3.218897910034,
    0.916729314036));
#466 = CARTESIAN_POINT('',(-1.747247379736,-3.21965353382,0.920047303393
    ));
#467 = CARTESIAN_POINT('',(-1.746905131495,-3.219150787857,
    0.923367788103));
#468 = CARTESIAN_POINT('',(-1.749922899439,-3.223486902137,
    0.926674745986));
#469 = CARTESIAN_POINT('',(-1.745372341086,-3.216308789598,
    0.929999999997));
#470 = CARTESIAN_POINT('',(-1.749922899439,-3.223486902142,0.93332525402
    ));
#471 = CARTESIAN_POINT('',(-1.746905131494,-3.219150787855,
    0.936632211894));
#472 = CARTESIAN_POINT('',(-1.747247379737,-3.219653533819,
    0.939952696607));
#473 = CARTESIAN_POINT('',(-1.746456936876,-3.218897910034,
    0.943270685964));
#474 = CARTESIAN_POINT('',(-1.739805337276,-3.22596528439,0.91673040663)
  );
#475 = CARTESIAN_POINT('',(-1.739338402008,-3.225509728492,
    0.920050360456));
#476 = CARTESIAN_POINT('',(-1.740266175199,-3.226267945604,
    0.923368140881));
#477 = CARTESIAN_POINT('',(-1.739909424032,-3.225743478759,
    0.926685564488));
#478 = CARTESIAN_POINT('',(-1.748569005649,-3.235462719916,
    0.930000000006));
#479 = CARTESIAN_POINT('',(-1.739909424029,-3.225743478756,
    0.933314435502));
#480 = CARTESIAN_POINT('',(-1.740266175203,-3.226267945603,
    0.936631859124));
#481 = CARTESIAN_POINT('',(-1.739338402007,-3.225509728493,
    0.939949639543));
#482 = CARTESIAN_POINT('',(-1.739805337276,-3.22596528439,0.94326959337)
  );
#483 = CARTESIAN_POINT('',(-1.736208390517,-3.236208390518,
    0.916724626224));
#484 = CARTESIAN_POINT('',(-1.738206114098,-3.238206114096,
    0.920038542357));
#485 = CARTESIAN_POINT('',(-1.739870750186,-3.239870750184,
    0.923357181517));
#486 = CARTESIAN_POINT('',(-1.736727872691,-3.236727872696,
    0.926680274238));
#487 = CARTESIAN_POINT('',(-1.732576389869,-3.232576389864,
    0.929999999991));
#488 = CARTESIAN_POINT('',(-1.736727872696,-3.236727872696,
    0.933319725775));
#489 = CARTESIAN_POINT('',(-1.73987075018,-3.239870750187,0.936642818476
    ));
#490 = CARTESIAN_POINT('',(-1.738206114099,-3.238206114095,
    0.939961457645));
#491 = CARTESIAN_POINT('',(-1.736208390517,-3.236208390518,
    0.943275373776));
#492 = CARTESIAN_POINT('',(-1.72596528439,-3.239805337275,0.91673040663)
  );
#493 = CARTESIAN_POINT('',(-1.725509728491,-3.23933840201,0.920050360456
    ));
#494 = CARTESIAN_POINT('',(-1.726267945599,-3.240266175195,
    0.923368140882));
#495 = CARTESIAN_POINT('',(-1.725743478774,-3.239909424043,
    0.926685564488));
#496 = CARTESIAN_POINT('',(-1.735462719898,-3.248569005628,
    0.930000000007));
#497 = CARTESIAN_POINT('',(-1.725743478769,-3.239909424049,
    0.933314435501));
#498 = CARTESIAN_POINT('',(-1.726267945604,-3.240266175191,
    0.936631859124));
#499 = CARTESIAN_POINT('',(-1.72550972849,-3.23933840201,0.939949639543)
  );
#500 = CARTESIAN_POINT('',(-1.72596528439,-3.239805337275,0.94326959337)
  );
#501 = CARTESIAN_POINT('',(-1.718897910034,-3.246456936877,
    0.916729314036));
#502 = CARTESIAN_POINT('',(-1.719653533821,-3.247247379735,
    0.920047303394));
#503 = CARTESIAN_POINT('',(-1.719150787863,-3.246905131502,
    0.923367788103));
#504 = CARTESIAN_POINT('',(-1.723486902118,-3.249922899423,
    0.926674745986));
#505 = CARTESIAN_POINT('',(-1.716308789628,-3.24537234111,0.929999999996
    ));
#506 = CARTESIAN_POINT('',(-1.72348690212,-3.249922899419,0.933325254021
    ));
#507 = CARTESIAN_POINT('',(-1.719150787861,-3.246905131504,
    0.936632211894));
#508 = CARTESIAN_POINT('',(-1.719653533821,-3.247247379736,
    0.939952696607));
#509 = CARTESIAN_POINT('',(-1.718897910034,-3.246456936877,
    0.943270685964));
#510 = CARTESIAN_POINT('',(-1.707186389415,-3.248445839024,
    0.916728889156));
#511 = CARTESIAN_POINT('',(-1.708131841376,-3.249375384652,
    0.920046607276));
#512 = CARTESIAN_POINT('',(-1.708933913871,-3.250122949803,
    0.923363499686));
#513 = CARTESIAN_POINT('',(-1.708771132827,-3.250032877532,
    0.926682492362));
#514 = CARTESIAN_POINT('',(-1.709142535855,-3.25039778337,0.930000000001
    ));
#515 = CARTESIAN_POINT('',(-1.708771132827,-3.250032877533,
    0.933317507636));
#516 = CARTESIAN_POINT('',(-1.708933913871,-3.250122949802,
    0.936636500315));
#517 = CARTESIAN_POINT('',(-1.708131841375,-3.249375384652,
    0.939953392724));
#518 = CARTESIAN_POINT('',(-1.707186389415,-3.248445839024,
    0.943271110845));
#519 = CARTESIAN_POINT('',(-1.692179733696,-3.247192809808,
    0.916728911187));
#520 = CARTESIAN_POINT('',(-1.693088551806,-3.248089423348,
    0.920046658765));
#521 = CARTESIAN_POINT('',(-1.693611755376,-3.248621051546,0.92336464783
    ));
#522 = CARTESIAN_POINT('',(-1.694173115983,-3.249179912002,
    0.926682430587));
#523 = CARTESIAN_POINT('',(-1.694431257865,-3.249434520165,0.93));
#524 = CARTESIAN_POINT('',(-1.694173115983,-3.249179912002,
    0.933317569413));
#525 = CARTESIAN_POINT('',(-1.693611755376,-3.248621051546,0.93663535217
    ));
#526 = CARTESIAN_POINT('',(-1.693088551806,-3.248089423348,
    0.939953341235));
#527 = CARTESIAN_POINT('',(-1.692179733696,-3.247192809808,
    0.943271088813));
#528 = ADVANCED_FACE('',(#529,#554),#565,.T.);
#529 = FACE_BOUND('',#530,.T.);
#530 = EDGE_LOOP('',(#531,#532,#540,#548));
#531 = ORIENTED_EDGE('',*,*,#175,.T.);
#532 = ORIENTED_EDGE('',*,*,#533,.F.);
#533 = EDGE_CURVE('',#534,#176,#536,.T.);
#534 = VERTEX_POINT('',#535);
#535 = CARTESIAN_POINT('',(1.554640545225,-3.054640545225,1.8));
#536 = LINE('',#537,#538);
#537 = CARTESIAN_POINT('',(1.596595526784,-3.054640545225,1.8));
#538 = VECTOR('',#539,1.);
#539 = DIRECTION('',(-1.,0.,0.));
#540 = ORIENTED_EDGE('',*,*,#541,.F.);
#541 = EDGE_CURVE('',#542,#534,#544,.T.);
#542 = VERTEX_POINT('',#543);
#543 = CARTESIAN_POINT('',(1.554640545225,3.054640545225,1.8));
#544 = LINE('',#545,#546);
#545 = CARTESIAN_POINT('',(1.554640545225,3.096595526784,1.8));
#546 = VECTOR('',#547,1.);
#547 = DIRECTION('',(0.,-1.,2.22044604925E-16));
#548 = ORIENTED_EDGE('',*,*,#549,.T.);
#549 = EDGE_CURVE('',#542,#167,#550,.T.);
#550 = LINE('',#551,#552);
#551 = CARTESIAN_POINT('',(1.596595526784,3.054640545225,1.8));
#552 = VECTOR('',#553,1.);
#553 = DIRECTION('',(-1.,0.,0.));
#554 = FACE_BOUND('',#555,.T.);
#555 = EDGE_LOOP('',(#556));
#556 = ORIENTED_EDGE('',*,*,#557,.F.);
#557 = EDGE_CURVE('',#558,#558,#560,.T.);
#558 = VERTEX_POINT('',#559);
#559 = CARTESIAN_POINT('',(-0.606595526784,2.356595526784,1.8));
#560 = CIRCLE('',#561,0.25);
#561 = AXIS2_PLACEMENT_3D('',#562,#563,#564);
#562 = CARTESIAN_POINT('',(-0.856595526784,2.356595526784,1.8));
#563 = DIRECTION('',(0.,0.,1.));
#564 = DIRECTION('',(1.,0.,0.));
#565 = PLANE('',#566);
#566 = AXIS2_PLACEMENT_3D('',#567,#568,#569);
#567 = CARTESIAN_POINT('',(-1.596595526784,3.25,1.8));
#568 = DIRECTION('',(0.,2.22044604925E-16,1.));
#569 = DIRECTION('',(1.,0.,0.));
#570 = ADVANCED_FACE('',(#571),#582,.T.);
#571 = FACE_BOUND('',#572,.T.);
#572 = EDGE_LOOP('',(#573,#574,#581));
#573 = ORIENTED_EDGE('',*,*,#219,.F.);
#574 = ORIENTED_EDGE('',*,*,#575,.T.);
#575 = EDGE_CURVE('',#212,#176,#576,.T.);
#576 = CIRCLE('',#577,5.E-02);
#577 = AXIS2_PLACEMENT_3D('',#578,#579,#580);
#578 = CARTESIAN_POINT('',(-1.554640545225,-3.054640545225,1.75));
#579 = DIRECTION('',(-1.,1.868898674676E-14,3.694197421305E-15));
#580 = DIRECTION('',(6.883382752676E-15,0.173648177667,0.984807753012));
#581 = ORIENTED_EDGE('',*,*,#183,.F.);
#582 = SPHERICAL_SURFACE('',#583,5.E-02);
#583 = AXIS2_PLACEMENT_3D('',#584,#585,#586);
#584 = CARTESIAN_POINT('',(-1.554640545225,-3.054640545225,1.75));
#585 = DIRECTION('',(1.7763568394E-14,0.984807753012,-0.173648177667));
#586 = DIRECTION('',(-0.985255774317,2.970909680234E-02,0.168488660572)
  );
#587 = ADVANCED_FACE('',(#588),#613,.T.);
#588 = FACE_BOUND('',#589,.T.);
#589 = EDGE_LOOP('',(#590,#591,#599,#607));
#590 = ORIENTED_EDGE('',*,*,#211,.F.);
#591 = ORIENTED_EDGE('',*,*,#592,.F.);
#592 = EDGE_CURVE('',#593,#200,#595,.T.);
#593 = VERTEX_POINT('',#594);
#594 = CARTESIAN_POINT('',(1.699228669406,-3.248469057056,0.938682408883
    ));
#595 = LINE('',#596,#597);
#596 = CARTESIAN_POINT('',(1.75,-3.248469057056,0.938682408883));
#597 = VECTOR('',#598,1.);
#598 = DIRECTION('',(-1.,0.,0.));
#599 = ORIENTED_EDGE('',*,*,#600,.F.);
#600 = EDGE_CURVE('',#601,#593,#603,.T.);
#601 = VERTEX_POINT('',#602);
#602 = CARTESIAN_POINT('',(1.554640545225,-3.103880932875,1.758682408883
    ));
#603 = LINE('',#604,#605);
#604 = CARTESIAN_POINT('',(1.548796457434,-3.098036845084,1.791825877725
    ));
#605 = VECTOR('',#606,1.);
#606 = DIRECTION('',(0.171087869746,-0.171087869746,-0.970287525248));
#607 = ORIENTED_EDGE('',*,*,#608,.T.);
#608 = EDGE_CURVE('',#601,#212,#609,.T.);
#609 = LINE('',#610,#611);
#610 = CARTESIAN_POINT('',(1.596595526784,-3.103880932875,1.758682408883
    ));
#611 = VECTOR('',#612,1.);
#612 = DIRECTION('',(-1.,0.,0.));
#613 = PLANE('',#614);
#614 = AXIS2_PLACEMENT_3D('',#615,#616,#617);
#615 = CARTESIAN_POINT('',(7.660542066982,-3.096595526784,1.8));
#616 = DIRECTION('',(0.,-0.984807753012,0.173648177667));
#617 = DIRECTION('',(0.,-0.173648177667,-0.984807753012));
#618 = ADVANCED_FACE('',(#619),#641,.T.);
#619 = FACE_BOUND('',#620,.T.);
#620 = EDGE_LOOP('',(#621,#633,#639,#640));
#621 = ORIENTED_EDGE('',*,*,#622,.F.);
#622 = EDGE_CURVE('',#623,#346,#625,.T.);
#623 = VERTEX_POINT('',#624);
#624 = CARTESIAN_POINT('',(1.699228669406,3.248469057056,0.921317591117)
  );
#625 = ( BOUNDED_CURVE() B_SPLINE_CURVE(6,(#626,#627,#628,#629,#630,#631
,#632),.UNSPECIFIED.,.F.,.F.) B_SPLINE_CURVE_WITH_KNOTS((7,7),(0.,
0.349065850399),.PIECEWISE_BEZIER_KNOTS.) CURVE() 
GEOMETRIC_REPRESENTATION_ITEM() RATIONAL_B_SPLINE_CURVE((1.001524413575,
    1.000507104893,0.999898374523,0.999695733922,0.999898374523,
1.000507104893,1.001524413575)) REPRESENTATION_ITEM('') );
#626 = CARTESIAN_POINT('',(1.699228669406,3.248469057056,0.921317591117)
  );
#627 = CARTESIAN_POINT('',(1.699228669406,3.248974692734,0.924185193543)
  );
#628 = CARTESIAN_POINT('',(1.699228669406,3.249279392372,0.927084614077)
  );
#629 = CARTESIAN_POINT('',(1.699228669406,3.249381179402,0.93));
#630 = CARTESIAN_POINT('',(1.699228669406,3.249279392372,0.932915385923)
  );
#631 = CARTESIAN_POINT('',(1.699228669406,3.248974692734,0.935814806457)
  );
#632 = CARTESIAN_POINT('',(1.699228669406,3.248469057056,0.938682408883)
  );
#633 = ORIENTED_EDGE('',*,*,#634,.T.);
#634 = EDGE_CURVE('',#623,#238,#635,.T.);
#635 = LINE('',#636,#637);
#636 = CARTESIAN_POINT('',(1.75,3.248469057056,0.921317591117));
#637 = VECTOR('',#638,1.);
#638 = DIRECTION('',(-1.,0.,0.));
#639 = ORIENTED_EDGE('',*,*,#249,.F.);
#640 = ORIENTED_EDGE('',*,*,#345,.F.);
#641 = CYLINDRICAL_SURFACE('',#642,5.E-02);
#642 = AXIS2_PLACEMENT_3D('',#643,#644,#645);
#643 = CARTESIAN_POINT('',(1.75,3.199228669406,0.93));
#644 = DIRECTION('',(-1.,0.,0.));
#645 = DIRECTION('',(0.,0.984807753012,0.173648177667));
#646 = ADVANCED_FACE('',(#647),#666,.T.);
#647 = FACE_BOUND('',#648,.T.);
#648 = EDGE_LOOP('',(#649,#650,#658,#665));
#649 = ORIENTED_EDGE('',*,*,#237,.F.);
#650 = ORIENTED_EDGE('',*,*,#651,.T.);
#651 = EDGE_CURVE('',#238,#652,#654,.T.);
#652 = VERTEX_POINT('',#653);
#653 = CARTESIAN_POINT('',(-1.554640545225,3.103880932875,0.101317591117
    ));
#654 = LINE('',#655,#656);
#655 = CARTESIAN_POINT('',(-1.70220093065,3.251441318301,0.938174122275)
  );
#656 = VECTOR('',#657,1.);
#657 = DIRECTION('',(0.171087869746,-0.171087869746,-0.970287525248));
#658 = ORIENTED_EDGE('',*,*,#659,.T.);
#659 = EDGE_CURVE('',#652,#394,#660,.T.);
#660 = CIRCLE('',#661,5.E-02);
#661 = AXIS2_PLACEMENT_3D('',#662,#663,#664);
#662 = CARTESIAN_POINT('',(-1.554640545225,3.054640545225,0.11));
#663 = DIRECTION('',(-0.171087869746,0.171087869746,0.970287525248));
#664 = DIRECTION('',(-0.985255774317,-2.970909680234E-02,-0.168488660572
    ));
#665 = ORIENTED_EDGE('',*,*,#393,.F.);
#666 = CYLINDRICAL_SURFACE('',#667,5.E-02);
#667 = AXIS2_PLACEMENT_3D('',#668,#669,#670);
#668 = CARTESIAN_POINT('',(-1.70220093065,3.20220093065,0.946856531158)
  );
#669 = DIRECTION('',(0.171087869746,-0.171087869746,-0.970287525248));
#670 = DIRECTION('',(-0.984807753012,-3.777019193697E-17,-0.173648177667
    ));
#671 = ADVANCED_FACE('',(#672),#684,.T.);
#672 = FACE_BOUND('',#673,.F.);
#673 = EDGE_LOOP('',(#674,#681,#682,#683));
#674 = ORIENTED_EDGE('',*,*,#675,.F.);
#675 = EDGE_CURVE('',#542,#354,#676,.T.);
#676 = CIRCLE('',#677,5.E-02);
#677 = AXIS2_PLACEMENT_3D('',#678,#679,#680);
#678 = CARTESIAN_POINT('',(1.554640545225,3.054640545225,1.75));
#679 = DIRECTION('',(-1.,-4.509400017331E-15,-8.110432356907E-29));
#680 = DIRECTION('',(-4.509400017331E-15,1.,1.798561299893E-14));
#681 = ORIENTED_EDGE('',*,*,#549,.T.);
#682 = ORIENTED_EDGE('',*,*,#376,.T.);
#683 = ORIENTED_EDGE('',*,*,#361,.F.);
#684 = CYLINDRICAL_SURFACE('',#685,5.E-02);
#685 = AXIS2_PLACEMENT_3D('',#686,#687,#688);
#686 = CARTESIAN_POINT('',(1.596595526784,3.054640545225,1.75));
#687 = DIRECTION('',(-1.,0.,0.));
#688 = DIRECTION('',(0.,0.984807753012,0.173648177667));
#689 = ADVANCED_FACE('',(#690),#720,.T.);
#690 = FACE_BOUND('',#691,.T.);
#691 = EDGE_LOOP('',(#692,#693,#702,#710));
#692 = ORIENTED_EDGE('',*,*,#353,.F.);
#693 = ORIENTED_EDGE('',*,*,#694,.T.);
#694 = EDGE_CURVE('',#354,#695,#697,.T.);
#695 = VERTEX_POINT('',#696);
#696 = CARTESIAN_POINT('',(1.603880932875,3.054640545225,1.758682408883)
  );
#697 = CIRCLE('',#698,5.E-02);
#698 = AXIS2_PLACEMENT_3D('',#699,#700,#701);
#699 = CARTESIAN_POINT('',(1.554640545225,3.054640545225,1.75));
#700 = DIRECTION('',(0.171087869746,0.171087869746,-0.970287525248));
#701 = DIRECTION('',(-4.440892098501E-15,0.984807753012,0.173648177667)
  );
#702 = ORIENTED_EDGE('',*,*,#703,.T.);
#703 = EDGE_CURVE('',#695,#704,#706,.T.);
#704 = VERTEX_POINT('',#705);
#705 = CARTESIAN_POINT('',(1.748469057056,3.199228669406,0.938682408883)
  );
#706 = LINE('',#707,#708);
#707 = CARTESIAN_POINT('',(1.598036845084,3.048796457434,1.791825877725)
  );
#708 = VECTOR('',#709,1.);
#709 = DIRECTION('',(0.171087869746,0.171087869746,-0.970287525248));
#710 = ORIENTED_EDGE('',*,*,#711,.F.);
#711 = EDGE_CURVE('',#346,#704,#712,.T.);
#712 = ( BOUNDED_CURVE() B_SPLINE_CURVE(6,(#713,#714,#715,#716,#717,#718
,#719),.UNSPECIFIED.,.F.,.F.) B_SPLINE_CURVE_WITH_KNOTS((7,7),(0.,
1.540638065802),.PIECEWISE_BEZIER_KNOTS.) CURVE() 
GEOMETRIC_REPRESENTATION_ITEM() RATIONAL_B_SPLINE_CURVE((1.03017915692,
    1.009653976698,0.998003665673,0.99418419978,0.998003665673,
1.009653976698,1.03017915692)) REPRESENTATION_ITEM('') );
#713 = CARTESIAN_POINT('',(1.699228669406,3.248469057056,0.938682408883)
  );
#714 = CARTESIAN_POINT('',(1.712135119146,3.248079879977,0.940889541778)
  );
#715 = CARTESIAN_POINT('',(1.72471877449,3.243679024639,0.942332390197)
  );
#716 = CARTESIAN_POINT('',(1.735622724084,3.235622724084,0.942834507554)
  );
#717 = CARTESIAN_POINT('',(1.743679024639,3.22471877449,0.942332390197)
  );
#718 = CARTESIAN_POINT('',(1.748079879977,3.212135119146,0.940889541778)
  );
#719 = CARTESIAN_POINT('',(1.748469057056,3.199228669406,0.938682408883)
  );
#720 = CYLINDRICAL_SURFACE('',#721,5.E-02);
#721 = AXIS2_PLACEMENT_3D('',#722,#723,#724);
#722 = CARTESIAN_POINT('',(1.548796457434,3.048796457434,1.783143468842)
  );
#723 = DIRECTION('',(0.171087869746,0.171087869746,-0.970287525248));
#724 = DIRECTION('',(6.938893903907E-18,0.984807753012,0.173648177667));
#725 = ADVANCED_FACE('',(#726),#745,.T.);
#726 = FACE_BOUND('',#727,.F.);
#727 = EDGE_LOOP('',(#728,#729,#737,#744));
#728 = ORIENTED_EDGE('',*,*,#425,.F.);
#729 = ORIENTED_EDGE('',*,*,#730,.T.);
#730 = EDGE_CURVE('',#426,#731,#733,.T.);
#731 = VERTEX_POINT('',#732);
#732 = CARTESIAN_POINT('',(-1.554640545225,-3.103880932875,
    0.101317591117));
#733 = LINE('',#734,#735);
#734 = CARTESIAN_POINT('',(-1.70220093065,-3.251441318301,0.938174122275
    ));
#735 = VECTOR('',#736,1.);
#736 = DIRECTION('',(0.171087869746,0.171087869746,-0.970287525248));
#737 = ORIENTED_EDGE('',*,*,#738,.F.);
#738 = EDGE_CURVE('',#402,#731,#739,.T.);
#739 = CIRCLE('',#740,5.E-02);
#740 = AXIS2_PLACEMENT_3D('',#741,#742,#743);
#741 = CARTESIAN_POINT('',(-1.554640545225,-3.054640545225,0.11));
#742 = DIRECTION('',(-0.171087869746,-0.171087869746,0.970287525248));
#743 = DIRECTION('',(-0.984807753012,8.923811284959E-15,-0.173648177667)
  );
#744 = ORIENTED_EDGE('',*,*,#409,.F.);
#745 = CYLINDRICAL_SURFACE('',#746,5.E-02);
#746 = AXIS2_PLACEMENT_3D('',#747,#748,#749);
#747 = CARTESIAN_POINT('',(-1.70220093065,-3.20220093065,0.946856531158)
  );
#748 = DIRECTION('',(0.171087869746,0.171087869746,-0.970287525248));
#749 = DIRECTION('',(-0.984807753012,-3.777019193697E-17,-0.173648177667
    ));
#750 = ADVANCED_FACE('',(#751),#778,.T.);
#751 = FACE_BOUND('',#752,.T.);
#752 = EDGE_LOOP('',(#753,#754,#763,#771));
#753 = ORIENTED_EDGE('',*,*,#401,.F.);
#754 = ORIENTED_EDGE('',*,*,#755,.T.);
#755 = EDGE_CURVE('',#394,#756,#758,.T.);
#756 = VERTEX_POINT('',#757);
#757 = CARTESIAN_POINT('',(-1.554640545225,3.054640545225,6.E-02));
#758 = CIRCLE('',#759,5.E-02);
#759 = AXIS2_PLACEMENT_3D('',#760,#761,#762);
#760 = CARTESIAN_POINT('',(-1.554640545225,3.054640545225,0.11));
#761 = DIRECTION('',(-1.566098190761E-15,-1.,8.659739592076E-15));
#762 = DIRECTION('',(-0.984807753012,3.855764100601E-17,-0.173648177667)
  );
#763 = ORIENTED_EDGE('',*,*,#764,.T.);
#764 = EDGE_CURVE('',#756,#765,#767,.T.);
#765 = VERTEX_POINT('',#766);
#766 = CARTESIAN_POINT('',(-1.554640545225,-3.054640545225,6.E-02));
#767 = LINE('',#768,#769);
#768 = CARTESIAN_POINT('',(-1.554640545225,3.096595526784,6.E-02));
#769 = VECTOR('',#770,1.);
#770 = DIRECTION('',(0.,-1.,2.22044604925E-16));
#771 = ORIENTED_EDGE('',*,*,#772,.T.);
#772 = EDGE_CURVE('',#765,#402,#773,.T.);
#773 = CIRCLE('',#774,5.E-02);
#774 = AXIS2_PLACEMENT_3D('',#775,#776,#777);
#775 = CARTESIAN_POINT('',(-1.554640545225,-3.054640545225,0.11));
#776 = DIRECTION('',(5.886603653138E-15,1.,1.798561299893E-14));
#777 = DIRECTION('',(-1.,5.886603653139E-15,-8.881784197001E-15));
#778 = CYLINDRICAL_SURFACE('',#779,5.E-02);
#779 = AXIS2_PLACEMENT_3D('',#780,#781,#782);
#780 = CARTESIAN_POINT('',(-1.554640545225,3.096595526784,0.11));
#781 = DIRECTION('',(0.,-1.,2.22044604925E-16));
#782 = DIRECTION('',(-0.984807753012,-3.855764100601E-17,-0.173648177667
    ));
#783 = ADVANCED_FACE('',(#784),#806,.T.);
#784 = FACE_BOUND('',#785,.F.);
#785 = EDGE_LOOP('',(#786,#798,#804,#805));
#786 = ORIENTED_EDGE('',*,*,#787,.F.);
#787 = EDGE_CURVE('',#788,#593,#790,.T.);
#788 = VERTEX_POINT('',#789);
#789 = CARTESIAN_POINT('',(1.699228669406,-3.248469057056,0.921317591117
    ));
#790 = ( BOUNDED_CURVE() B_SPLINE_CURVE(6,(#791,#792,#793,#794,#795,#796
,#797),.UNSPECIFIED.,.F.,.F.) B_SPLINE_CURVE_WITH_KNOTS((7,7),(0.,
0.349065850399),.PIECEWISE_BEZIER_KNOTS.) CURVE() 
GEOMETRIC_REPRESENTATION_ITEM() RATIONAL_B_SPLINE_CURVE((1.001524413575,
    1.000507104893,0.999898374523,0.999695733922,0.999898374523,
1.000507104893,1.001524413575)) REPRESENTATION_ITEM('') );
#791 = CARTESIAN_POINT('',(1.699228669406,-3.248469057056,0.921317591117
    ));
#792 = CARTESIAN_POINT('',(1.699228669406,-3.248974692734,0.924185193543
    ));
#793 = CARTESIAN_POINT('',(1.699228669406,-3.249279392372,0.927084614077
    ));
#794 = CARTESIAN_POINT('',(1.699228669406,-3.249381179402,0.93));
#795 = CARTESIAN_POINT('',(1.699228669406,-3.249279392372,0.932915385923
    ));
#796 = CARTESIAN_POINT('',(1.699228669406,-3.248974692734,0.935814806457
    ));
#797 = CARTESIAN_POINT('',(1.699228669406,-3.248469057056,0.938682408883
    ));
#798 = ORIENTED_EDGE('',*,*,#799,.T.);
#799 = EDGE_CURVE('',#788,#426,#800,.T.);
#800 = LINE('',#801,#802);
#801 = CARTESIAN_POINT('',(1.75,-3.248469057056,0.921317591117));
#802 = VECTOR('',#803,1.);
#803 = DIRECTION('',(-1.,0.,0.));
#804 = ORIENTED_EDGE('',*,*,#437,.F.);
#805 = ORIENTED_EDGE('',*,*,#592,.F.);
#806 = CYLINDRICAL_SURFACE('',#807,5.E-02);
#807 = AXIS2_PLACEMENT_3D('',#808,#809,#810);
#808 = CARTESIAN_POINT('',(1.75,-3.199228669406,0.93));
#809 = DIRECTION('',(-1.,0.,0.));
#810 = DIRECTION('',(0.,-0.984807753012,0.173648177667));
#811 = ADVANCED_FACE('',(#812),#824,.T.);
#812 = FACE_BOUND('',#813,.F.);
#813 = EDGE_LOOP('',(#814,#821,#822,#823));
#814 = ORIENTED_EDGE('',*,*,#815,.F.);
#815 = EDGE_CURVE('',#601,#534,#816,.T.);
#816 = CIRCLE('',#817,5.E-02);
#817 = AXIS2_PLACEMENT_3D('',#818,#819,#820);
#818 = CARTESIAN_POINT('',(1.554640545225,-3.054640545225,1.75));
#819 = DIRECTION('',(-1.,1.725455097394E-14,-4.440892098501E-15));
#820 = DIRECTION('',(-1.377203635808E-15,0.173648177667,0.984807753012)
  );
#821 = ORIENTED_EDGE('',*,*,#608,.T.);
#822 = ORIENTED_EDGE('',*,*,#575,.T.);
#823 = ORIENTED_EDGE('',*,*,#533,.F.);
#824 = CYLINDRICAL_SURFACE('',#825,5.E-02);
#825 = AXIS2_PLACEMENT_3D('',#826,#827,#828);
#826 = CARTESIAN_POINT('',(1.596595526784,-3.054640545225,1.75));
#827 = DIRECTION('',(-1.,0.,0.));
#828 = DIRECTION('',(0.,2.22044604925E-16,1.));
#829 = ADVANCED_FACE('',(#830),#855,.T.);
#830 = FACE_BOUND('',#831,.F.);
#831 = EDGE_LOOP('',(#832,#839,#847,#854));
#832 = ORIENTED_EDGE('',*,*,#833,.T.);
#833 = EDGE_CURVE('',#542,#695,#834,.T.);
#834 = CIRCLE('',#835,5.E-02);
#835 = AXIS2_PLACEMENT_3D('',#836,#837,#838);
#836 = CARTESIAN_POINT('',(1.554640545225,3.054640545225,1.75));
#837 = DIRECTION('',(4.533196444638E-15,1.,1.798561299893E-14));
#838 = DIRECTION('',(1.,-4.533196444638E-15,-8.153231690138E-29));
#839 = ORIENTED_EDGE('',*,*,#840,.T.);
#840 = EDGE_CURVE('',#695,#841,#843,.T.);
#841 = VERTEX_POINT('',#842);
#842 = CARTESIAN_POINT('',(1.603880932875,-3.054640545225,1.758682408883
    ));
#843 = LINE('',#844,#845);
#844 = CARTESIAN_POINT('',(1.603880932875,3.096595526784,1.758682408883)
  );
#845 = VECTOR('',#846,1.);
#846 = DIRECTION('',(0.,-1.,2.22044604925E-16));
#847 = ORIENTED_EDGE('',*,*,#848,.F.);
#848 = EDGE_CURVE('',#534,#841,#849,.T.);
#849 = CIRCLE('',#850,5.E-02);
#850 = AXIS2_PLACEMENT_3D('',#851,#852,#853);
#851 = CARTESIAN_POINT('',(1.554640545225,-3.054640545225,1.75));
#852 = DIRECTION('',(-1.803760006932E-14,1.,2.22044604925E-16));
#853 = DIRECTION('',(-4.440892098501E-15,-2.22044604925E-16,1.));
#854 = ORIENTED_EDGE('',*,*,#541,.F.);
#855 = CYLINDRICAL_SURFACE('',#856,5.E-02);
#856 = AXIS2_PLACEMENT_3D('',#857,#858,#859);
#857 = CARTESIAN_POINT('',(1.554640545225,3.096595526784,1.75));
#858 = DIRECTION('',(0.,-1.,2.22044604925E-16));
#859 = DIRECTION('',(0.,2.22044604925E-16,1.));
#860 = ADVANCED_FACE('',(#861),#880,.F.);
#861 = FACE_BOUND('',#862,.F.);
#862 = EDGE_LOOP('',(#863,#871,#878,#879));
#863 = ORIENTED_EDGE('',*,*,#864,.T.);
#864 = EDGE_CURVE('',#558,#865,#867,.T.);
#865 = VERTEX_POINT('',#866);
#866 = CARTESIAN_POINT('',(-0.606595526784,2.356595526784,1.78));
#867 = LINE('',#868,#869);
#868 = CARTESIAN_POINT('',(-0.606595526784,2.356595526784,1.8));
#869 = VECTOR('',#870,1.);
#870 = DIRECTION('',(0.,0.,-1.));
#871 = ORIENTED_EDGE('',*,*,#872,.T.);
#872 = EDGE_CURVE('',#865,#865,#873,.T.);
#873 = CIRCLE('',#874,0.25);
#874 = AXIS2_PLACEMENT_3D('',#875,#876,#877);
#875 = CARTESIAN_POINT('',(-0.856595526784,2.356595526784,1.78));
#876 = DIRECTION('',(0.,0.,1.));
#877 = DIRECTION('',(1.,0.,0.));
#878 = ORIENTED_EDGE('',*,*,#864,.F.);
#879 = ORIENTED_EDGE('',*,*,#557,.F.);
#880 = CYLINDRICAL_SURFACE('',#881,0.25);
#881 = AXIS2_PLACEMENT_3D('',#882,#883,#884);
#882 = CARTESIAN_POINT('',(-0.856595526784,2.356595526784,1.8));
#883 = DIRECTION('',(0.,0.,1.));
#884 = DIRECTION('',(1.,0.,0.));
#885 = ADVANCED_FACE('',(#886),#914,.T.);
#886 = FACE_BOUND('',#887,.F.);
#887 = EDGE_LOOP('',(#888,#895,#903,#913));
#888 = ORIENTED_EDGE('',*,*,#889,.T.);
#889 = EDGE_CURVE('',#601,#841,#890,.T.);
#890 = CIRCLE('',#891,5.E-02);
#891 = AXIS2_PLACEMENT_3D('',#892,#893,#894);
#892 = CARTESIAN_POINT('',(1.554640545225,-3.054640545225,1.75));
#893 = DIRECTION('',(-0.171087869746,0.171087869746,0.970287525248));
#894 = DIRECTION('',(0.985255774317,2.97090968023E-02,0.168488660572));
#895 = ORIENTED_EDGE('',*,*,#896,.T.);
#896 = EDGE_CURVE('',#841,#897,#899,.T.);
#897 = VERTEX_POINT('',#898);
#898 = CARTESIAN_POINT('',(1.748469057056,-3.199228669406,0.938682408883
    ));
#899 = LINE('',#900,#901);
#900 = CARTESIAN_POINT('',(1.598036845084,-3.048796457434,1.791825877725
    ));
#901 = VECTOR('',#902,1.);
#902 = DIRECTION('',(0.171087869746,-0.171087869746,-0.970287525248));
#903 = ORIENTED_EDGE('',*,*,#904,.F.);
#904 = EDGE_CURVE('',#593,#897,#905,.T.);
#905 = ( BOUNDED_CURVE() B_SPLINE_CURVE(6,(#906,#907,#908,#909,#910,#911
,#912),.UNSPECIFIED.,.F.,.F.) B_SPLINE_CURVE_WITH_KNOTS((7,7),(0.,
1.540638065802),.PIECEWISE_BEZIER_KNOTS.) CURVE() 
GEOMETRIC_REPRESENTATION_ITEM() RATIONAL_B_SPLINE_CURVE((1.03017915692,
    1.009653976698,0.998003665673,0.99418419978,0.998003665673,
1.009653976698,1.03017915692)) REPRESENTATION_ITEM('') );
#906 = CARTESIAN_POINT('',(1.699228669406,-3.248469057056,0.938682408883
    ));
#907 = CARTESIAN_POINT('',(1.712135119146,-3.248079879977,0.940889541778
    ));
#908 = CARTESIAN_POINT('',(1.72471877449,-3.243679024639,0.942332390197)
  );
#909 = CARTESIAN_POINT('',(1.735622724084,-3.235622724084,0.942834507554
    ));
#910 = CARTESIAN_POINT('',(1.743679024639,-3.22471877449,0.942332390197)
  );
#911 = CARTESIAN_POINT('',(1.748079879977,-3.212135119146,0.940889541778
    ));
#912 = CARTESIAN_POINT('',(1.748469057056,-3.199228669406,0.938682408883
    ));
#913 = ORIENTED_EDGE('',*,*,#600,.F.);
#914 = CYLINDRICAL_SURFACE('',#915,5.E-02);
#915 = AXIS2_PLACEMENT_3D('',#916,#917,#918);
#916 = CARTESIAN_POINT('',(1.548796457434,-3.048796457434,1.783143468842
    ));
#917 = DIRECTION('',(0.171087869746,-0.171087869746,-0.970287525248));
#918 = DIRECTION('',(0.,-0.984807753012,0.173648177667));
#919 = ADVANCED_FACE('',(#920),#946,.T.);
#920 = FACE_BOUND('',#921,.T.);
#921 = EDGE_LOOP('',(#922,#923,#935,#945));
#922 = ORIENTED_EDGE('',*,*,#711,.T.);
#923 = ORIENTED_EDGE('',*,*,#924,.T.);
#924 = EDGE_CURVE('',#704,#925,#927,.T.);
#925 = VERTEX_POINT('',#926);
#926 = CARTESIAN_POINT('',(1.748469057056,3.199228669406,0.921317591117)
  );
#927 = ( BOUNDED_CURVE() B_SPLINE_CURVE(6,(#928,#929,#930,#931,#932,#933
,#934),.UNSPECIFIED.,.F.,.F.) B_SPLINE_CURVE_WITH_KNOTS((7,7),(0.,
0.349065850399),.PIECEWISE_BEZIER_KNOTS.) CURVE() 
GEOMETRIC_REPRESENTATION_ITEM() RATIONAL_B_SPLINE_CURVE((1.001524413575,
    1.000507104893,0.999898374523,0.999695733922,0.999898374523,
1.000507104893,1.001524413575)) REPRESENTATION_ITEM('') );
#928 = CARTESIAN_POINT('',(1.748469057056,3.199228669406,0.938682408883)
  );
#929 = CARTESIAN_POINT('',(1.748974692734,3.199228669406,0.935814806457)
  );
#930 = CARTESIAN_POINT('',(1.749279392372,3.199228669406,0.932915385923)
  );
#931 = CARTESIAN_POINT('',(1.749381179402,3.199228669406,0.93));
#932 = CARTESIAN_POINT('',(1.749279392372,3.199228669406,0.927084614077)
  );
#933 = CARTESIAN_POINT('',(1.748974692734,3.199228669406,0.924185193543)
  );
#934 = CARTESIAN_POINT('',(1.748469057056,3.199228669406,0.921317591117)
  );
#935 = ORIENTED_EDGE('',*,*,#936,.T.);
#936 = EDGE_CURVE('',#925,#623,#937,.T.);
#937 = ( BOUNDED_CURVE() B_SPLINE_CURVE(6,(#938,#939,#940,#941,#942,#943
,#944),.UNSPECIFIED.,.F.,.F.) B_SPLINE_CURVE_WITH_KNOTS((7,7),(0.,
1.540638065802),.PIECEWISE_BEZIER_KNOTS.) CURVE() 
GEOMETRIC_REPRESENTATION_ITEM() RATIONAL_B_SPLINE_CURVE((1.03017915692,
    1.009653976698,0.998003665673,0.99418419978,0.998003665673,
1.009653976698,1.03017915692)) REPRESENTATION_ITEM('') );
#938 = CARTESIAN_POINT('',(1.748469057056,3.199228669406,0.921317591117)
  );
#939 = CARTESIAN_POINT('',(1.748079879977,3.212135119146,0.919110458222)
  );
#940 = CARTESIAN_POINT('',(1.743679024639,3.22471877449,0.917667609803)
  );
#941 = CARTESIAN_POINT('',(1.735622724084,3.235622724084,0.917165492446)
  );
#942 = CARTESIAN_POINT('',(1.72471877449,3.243679024639,0.917667609803)
  );
#943 = CARTESIAN_POINT('',(1.712135119146,3.248079879977,0.919110458222)
  );
#944 = CARTESIAN_POINT('',(1.699228669406,3.248469057056,0.921317591117)
  );
#945 = ORIENTED_EDGE('',*,*,#622,.T.);
#946 = B_SPLINE_SURFACE_WITH_KNOTS('',8,8,(
    (#947,#948,#949,#950,#951,#952,#953,#954,#955)
    ,(#956,#957,#958,#959,#960,#961,#962,#963,#964)
    ,(#965,#966,#967,#968,#969,#970,#971,#972,#973)
    ,(#974,#975,#976,#977,#978,#979,#980,#981,#982)
    ,(#983,#984,#985,#986,#987,#988,#989,#990,#991)
    ,(#992,#993,#994,#995,#996,#997,#998,#999,#1000)
    ,(#1001,#1002,#1003,#1004,#1005,#1006,#1007,#1008,#1009)
    ,(#1010,#1011,#1012,#1013,#1014,#1015,#1016,#1017,#1018)
    ,(#1019,#1020,#1021,#1022,#1023,#1024,#1025,#1026,#1027
  )),.UNSPECIFIED.,.F.,.F.,.F.,(9,9),(9,9),(-3.888937236925E-02,
    3.888937236925E-02),(-1.327122752965E-02,1.327122752966E-02),
  .PIECEWISE_BEZIER_KNOTS.);
#947 = CARTESIAN_POINT('',(1.692179733696,3.247192809808,0.943271088813)
  );
#948 = CARTESIAN_POINT('',(1.693088551806,3.248089423349,0.939953341235)
  );
#949 = CARTESIAN_POINT('',(1.693611755375,3.248621051547,0.93663535217)
  );
#950 = CARTESIAN_POINT('',(1.694173115983,3.249179912002,0.933317569413)
  );
#951 = CARTESIAN_POINT('',(1.694431257865,3.249434520165,0.93));
#952 = CARTESIAN_POINT('',(1.694173115983,3.249179912003,0.926682430587)
  );
#953 = CARTESIAN_POINT('',(1.693611755375,3.248621051548,0.92336464783)
  );
#954 = CARTESIAN_POINT('',(1.693088551806,3.248089423349,0.920046658765)
  );
#955 = CARTESIAN_POINT('',(1.692179733696,3.247192809808,0.916728911187)
  );
#956 = CARTESIAN_POINT('',(1.707186389415,3.248445839024,0.943271110844)
  );
#957 = CARTESIAN_POINT('',(1.708131841376,3.249375384651,0.939953392724)
  );
#958 = CARTESIAN_POINT('',(1.70893391387,3.250122949804,0.936636500315)
  );
#959 = CARTESIAN_POINT('',(1.708771132831,3.250032877527,0.933317507636)
  );
#960 = CARTESIAN_POINT('',(1.70914253585,3.250397783377,0.930000000001)
  );
#961 = CARTESIAN_POINT('',(1.708771132831,3.250032877527,0.926682492362)
  );
#962 = CARTESIAN_POINT('',(1.708933913869,3.250122949802,0.923363499686)
  );
#963 = CARTESIAN_POINT('',(1.708131841376,3.249375384651,0.920046607276)
  );
#964 = CARTESIAN_POINT('',(1.707186389415,3.248445839023,0.916728889156)
  );
#965 = CARTESIAN_POINT('',(1.718897910033,3.246456936877,0.943270685964)
  );
#966 = CARTESIAN_POINT('',(1.719653533819,3.247247379738,0.939952696607)
  );
#967 = CARTESIAN_POINT('',(1.719150787863,3.246905131521,0.936632211894)
  );
#968 = CARTESIAN_POINT('',(1.723486902122,3.249922899362,0.93332525402)
  );
#969 = CARTESIAN_POINT('',(1.716308789624,3.245372341198,0.929999999996)
  );
#970 = CARTESIAN_POINT('',(1.723486902119,3.249922899357,0.926674745986)
  );
#971 = CARTESIAN_POINT('',(1.719150787865,3.246905131523,0.923367788103)
  );
#972 = CARTESIAN_POINT('',(1.719653533819,3.247247379739,0.920047303394)
  );
#973 = CARTESIAN_POINT('',(1.718897910034,3.246456936878,0.916729314036)
  );
#974 = CARTESIAN_POINT('',(1.725965284391,3.239805337276,0.94326959337)
  );
#975 = CARTESIAN_POINT('',(1.725509728493,3.239338402007,0.939949639543)
  );
#976 = CARTESIAN_POINT('',(1.726267945586,3.240266175176,0.936631859124)
  );
#977 = CARTESIAN_POINT('',(1.725743478803,3.239909424102,0.933314435501)
  );
#978 = CARTESIAN_POINT('',(1.735462719859,3.248569005561,0.930000000007)
  );
#979 = CARTESIAN_POINT('',(1.725743478803,3.239909424095,0.926685564487)
  );
#980 = CARTESIAN_POINT('',(1.726267945586,3.240266175182,0.923368140882)
  );
#981 = CARTESIAN_POINT('',(1.725509728494,3.239338402006,0.920050360456)
  );
#982 = CARTESIAN_POINT('',(1.72596528439,3.239805337274,0.91673040663));
#983 = CARTESIAN_POINT('',(1.736208390516,3.236208390517,0.943275373776)
  );
#984 = CARTESIAN_POINT('',(1.738206114096,3.238206114099,0.939961457645)
  );
#985 = CARTESIAN_POINT('',(1.739870750217,3.239870750199,0.936642818476)
  );
#986 = CARTESIAN_POINT('',(1.736727872611,3.236727872655,0.933319725775)
  );
#987 = CARTESIAN_POINT('',(1.732576389971,3.232576389902,0.929999999992)
  );
#988 = CARTESIAN_POINT('',(1.736727872618,3.236727872683,0.926680274238)
  );
#989 = CARTESIAN_POINT('',(1.739870750214,3.239870750181,0.923357181517)
  );
#990 = CARTESIAN_POINT('',(1.738206114094,3.238206114099,0.920038542357)
  );
#991 = CARTESIAN_POINT('',(1.736208390517,3.236208390519,0.916724626224)
  );
#992 = CARTESIAN_POINT('',(1.739805337277,3.225965284391,0.94326959337)
  );
#993 = CARTESIAN_POINT('',(1.739338402009,3.225509728491,0.939949639543)
  );
#994 = CARTESIAN_POINT('',(1.740266175165,3.226267945602,0.936631859124)
  );
#995 = CARTESIAN_POINT('',(1.739909424121,3.225743478756,0.933314435502)
  );
#996 = CARTESIAN_POINT('',(1.748569005539,3.235462719941,0.930000000007)
  );
#997 = CARTESIAN_POINT('',(1.739909424111,3.225743478722,0.926685564488)
  );
#998 = CARTESIAN_POINT('',(1.740266175171,3.226267945623,0.923368140882)
  );
#999 = CARTESIAN_POINT('',(1.739338402011,3.225509728492,0.920050360456)
  );
#1000 = CARTESIAN_POINT('',(1.739805337276,3.22596528439,0.91673040663)
  );
#1001 = CARTESIAN_POINT('',(1.746456936876,3.218897910033,0.943270685964
    ));
#1002 = CARTESIAN_POINT('',(1.747247379736,3.21965353382,0.939952696607)
  );
#1003 = CARTESIAN_POINT('',(1.746905131522,3.219150787852,0.936632211894
    ));
#1004 = CARTESIAN_POINT('',(1.749922899369,3.223486902158,0.93332525402)
  );
#1005 = CARTESIAN_POINT('',(1.745372341175,3.216308789552,0.929999999996
    ));
#1006 = CARTESIAN_POINT('',(1.749922899379,3.223486902186,0.926674745986
    ));
#1007 = CARTESIAN_POINT('',(1.746905131517,3.219150787836,0.923367788103
    ));
#1008 = CARTESIAN_POINT('',(1.747247379735,3.219653533819,0.920047303394
    ));
#1009 = CARTESIAN_POINT('',(1.746456936876,3.218897910033,0.916729314036
    ));
#1010 = CARTESIAN_POINT('',(1.748445839024,3.207186389415,0.943271110845
    ));
#1011 = CARTESIAN_POINT('',(1.749375384651,3.208131841376,0.939953392724
    ));
#1012 = CARTESIAN_POINT('',(1.750122949802,3.208933913871,0.936636500315
    ));
#1013 = CARTESIAN_POINT('',(1.750032877531,3.208771132831,0.933317507637
    ));
#1014 = CARTESIAN_POINT('',(1.750397783372,3.20914253585,0.930000000001)
  );
#1015 = CARTESIAN_POINT('',(1.750032877531,3.208771132831,0.926682492362
    ));
#1016 = CARTESIAN_POINT('',(1.750122949803,3.208933913872,0.923363499686
    ));
#1017 = CARTESIAN_POINT('',(1.749375384652,3.208131841377,0.920046607276
    ));
#1018 = CARTESIAN_POINT('',(1.748445839024,3.207186389416,0.916728889156
    ));
#1019 = CARTESIAN_POINT('',(1.747192809808,3.192179733696,0.943271088813
    ));
#1020 = CARTESIAN_POINT('',(1.748089423348,3.193088551806,0.939953341235
    ));
#1021 = CARTESIAN_POINT('',(1.748621051547,3.193611755375,0.93663535217)
  );
#1022 = CARTESIAN_POINT('',(1.749179912002,3.194173115983,0.933317569413
    ));
#1023 = CARTESIAN_POINT('',(1.749434520165,3.194431257865,0.93));
#1024 = CARTESIAN_POINT('',(1.749179912002,3.194173115982,0.926682430587
    ));
#1025 = CARTESIAN_POINT('',(1.748621051546,3.193611755373,0.92336464783)
  );
#1026 = CARTESIAN_POINT('',(1.748089423348,3.193088551806,0.920046658765
    ));
#1027 = CARTESIAN_POINT('',(1.747192809808,3.192179733696,0.916728911187
    ));
#1028 = ADVANCED_FACE('',(#1029),#1047,.F.);
#1029 = FACE_BOUND('',#1030,.T.);
#1030 = EDGE_LOOP('',(#1031,#1032,#1040,#1046));
#1031 = ORIENTED_EDGE('',*,*,#634,.F.);
#1032 = ORIENTED_EDGE('',*,*,#1033,.F.);
#1033 = EDGE_CURVE('',#1034,#623,#1036,.T.);
#1034 = VERTEX_POINT('',#1035);
#1035 = CARTESIAN_POINT('',(1.554640545225,3.103880932875,0.101317591117
    ));
#1036 = LINE('',#1037,#1038);
#1037 = CARTESIAN_POINT('',(1.548796457434,3.098036845084,
    6.817412227495E-02));
#1038 = VECTOR('',#1039,1.);
#1039 = DIRECTION('',(0.171087869746,0.171087869746,0.970287525248));
#1040 = ORIENTED_EDGE('',*,*,#1041,.T.);
#1041 = EDGE_CURVE('',#1034,#652,#1042,.T.);
#1042 = LINE('',#1043,#1044);
#1043 = CARTESIAN_POINT('',(1.596595526784,3.103880932875,0.101317591117
    ));
#1044 = VECTOR('',#1045,1.);
#1045 = DIRECTION('',(-1.,0.,0.));
#1046 = ORIENTED_EDGE('',*,*,#651,.F.);
#1047 = PLANE('',#1048);
#1048 = AXIS2_PLACEMENT_3D('',#1049,#1050,#1051);
#1049 = CARTESIAN_POINT('',(7.660542066982,3.096595526784,6.E-02));
#1050 = DIRECTION('',(0.,-0.984807753012,0.173648177667));
#1051 = DIRECTION('',(-0.,-0.173648177667,-0.984807753012));
#1052 = ADVANCED_FACE('',(#1053),#1064,.T.);
#1053 = FACE_BOUND('',#1054,.T.);
#1054 = EDGE_LOOP('',(#1055,#1056,#1063));
#1055 = ORIENTED_EDGE('',*,*,#659,.F.);
#1056 = ORIENTED_EDGE('',*,*,#1057,.T.);
#1057 = EDGE_CURVE('',#652,#756,#1058,.T.);
#1058 = CIRCLE('',#1059,5.E-02);
#1059 = AXIS2_PLACEMENT_3D('',#1060,#1061,#1062);
#1060 = CARTESIAN_POINT('',(-1.554640545225,3.054640545225,0.11));
#1061 = DIRECTION('',(-1.,-2.293709938239E-14,-2.21236304374E-15));
#1062 = DIRECTION('',(6.16173778667E-15,-0.173648177667,-0.984807753012)
  );
#1063 = ORIENTED_EDGE('',*,*,#755,.F.);
#1064 = SPHERICAL_SURFACE('',#1065,5.E-02);
#1065 = AXIS2_PLACEMENT_3D('',#1066,#1067,#1068);
#1066 = CARTESIAN_POINT('',(-1.554640545225,3.054640545225,0.11));
#1067 = DIRECTION('',(2.22044604925E-14,-0.984807753012,0.173648177667)
  );
#1068 = DIRECTION('',(-0.985255774317,-2.970909680234E-02,
    -0.168488660572));
#1069 = ADVANCED_FACE('',(#1070),#1075,.T.);
#1070 = FACE_BOUND('',#1071,.T.);
#1071 = EDGE_LOOP('',(#1072,#1073,#1074));
#1072 = ORIENTED_EDGE('',*,*,#675,.F.);
#1073 = ORIENTED_EDGE('',*,*,#833,.T.);
#1074 = ORIENTED_EDGE('',*,*,#694,.F.);
#1075 = SPHERICAL_SURFACE('',#1076,5.E-02);
#1076 = AXIS2_PLACEMENT_3D('',#1077,#1078,#1079);
#1077 = CARTESIAN_POINT('',(1.554640545225,3.054640545225,1.75));
#1078 = DIRECTION('',(0.,1.798561299893E-14,-1.));
#1079 = DIRECTION('',(-4.509400017331E-15,1.,1.798561299893E-14));
#1080 = ADVANCED_FACE('',(#1081),#1092,.T.);
#1081 = FACE_BOUND('',#1082,.T.);
#1082 = EDGE_LOOP('',(#1083,#1084,#1085,#1086));
#1083 = ORIENTED_EDGE('',*,*,#703,.F.);
#1084 = ORIENTED_EDGE('',*,*,#840,.T.);
#1085 = ORIENTED_EDGE('',*,*,#896,.T.);
#1086 = ORIENTED_EDGE('',*,*,#1087,.F.);
#1087 = EDGE_CURVE('',#704,#897,#1088,.T.);
#1088 = LINE('',#1089,#1090);
#1089 = CARTESIAN_POINT('',(1.748469057056,3.25,0.938682408883));
#1090 = VECTOR('',#1091,1.);
#1091 = DIRECTION('',(0.,-1.,2.22044604925E-16));
#1092 = PLANE('',#1093);
#1093 = AXIS2_PLACEMENT_3D('',#1094,#1095,#1096);
#1094 = CARTESIAN_POINT('',(1.596595526784,3.25,1.8));
#1095 = DIRECTION('',(0.984807753012,3.855764100601E-17,0.173648177667)
  );
#1096 = DIRECTION('',(0.173648177667,-2.186712484447E-16,-0.984807753012
    ));
#1097 = ADVANCED_FACE('',(#1098),#1116,.F.);
#1098 = FACE_BOUND('',#1099,.F.);
#1099 = EDGE_LOOP('',(#1100,#1101,#1109,#1115));
#1100 = ORIENTED_EDGE('',*,*,#799,.F.);
#1101 = ORIENTED_EDGE('',*,*,#1102,.F.);
#1102 = EDGE_CURVE('',#1103,#788,#1105,.T.);
#1103 = VERTEX_POINT('',#1104);
#1104 = CARTESIAN_POINT('',(1.554640545225,-3.103880932875,
    0.101317591117));
#1105 = LINE('',#1106,#1107);
#1106 = CARTESIAN_POINT('',(1.548796457434,-3.098036845084,
    6.817412227495E-02));
#1107 = VECTOR('',#1108,1.);
#1108 = DIRECTION('',(0.171087869746,-0.171087869746,0.970287525248));
#1109 = ORIENTED_EDGE('',*,*,#1110,.T.);
#1110 = EDGE_CURVE('',#1103,#731,#1111,.T.);
#1111 = LINE('',#1112,#1113);
#1112 = CARTESIAN_POINT('',(1.596595526784,-3.103880932875,
    0.101317591117));
#1113 = VECTOR('',#1114,1.);
#1114 = DIRECTION('',(-1.,0.,0.));
#1115 = ORIENTED_EDGE('',*,*,#730,.F.);
#1116 = PLANE('',#1117);
#1117 = AXIS2_PLACEMENT_3D('',#1118,#1119,#1120);
#1118 = CARTESIAN_POINT('',(7.660542066982,-3.096595526784,6.E-02));
#1119 = DIRECTION('',(0.,0.984807753012,0.173648177667));
#1120 = DIRECTION('',(0.,-0.173648177667,0.984807753012));
#1121 = ADVANCED_FACE('',(#1122),#1133,.T.);
#1122 = FACE_BOUND('',#1123,.T.);
#1123 = EDGE_LOOP('',(#1124,#1125,#1132));
#1124 = ORIENTED_EDGE('',*,*,#772,.F.);
#1125 = ORIENTED_EDGE('',*,*,#1126,.T.);
#1126 = EDGE_CURVE('',#765,#731,#1127,.T.);
#1127 = CIRCLE('',#1128,5.E-02);
#1128 = AXIS2_PLACEMENT_3D('',#1129,#1130,#1131);
#1129 = CARTESIAN_POINT('',(-1.554640545225,-3.054640545225,0.11));
#1130 = DIRECTION('',(-1.,1.28489928967E-15,-8.881784197001E-15));
#1131 = DIRECTION('',(-1.28489928967E-15,-1.,-1.798561299893E-14));
#1132 = ORIENTED_EDGE('',*,*,#738,.F.);
#1133 = SPHERICAL_SURFACE('',#1134,5.E-02);
#1134 = AXIS2_PLACEMENT_3D('',#1135,#1136,#1137);
#1135 = CARTESIAN_POINT('',(-1.554640545225,-3.054640545225,0.11));
#1136 = DIRECTION('',(-8.881784197001E-15,-1.798561299893E-14,1.));
#1137 = DIRECTION('',(-1.,5.886603653139E-15,-8.881784197001E-15));
#1138 = ADVANCED_FACE('',(#1139),#1164,.T.);
#1139 = FACE_BOUND('',#1140,.T.);
#1140 = EDGE_LOOP('',(#1141,#1142,#1150,#1158));
#1141 = ORIENTED_EDGE('',*,*,#764,.F.);
#1142 = ORIENTED_EDGE('',*,*,#1143,.F.);
#1143 = EDGE_CURVE('',#1144,#756,#1146,.T.);
#1144 = VERTEX_POINT('',#1145);
#1145 = CARTESIAN_POINT('',(1.554640545225,3.054640545225,6.E-02));
#1146 = LINE('',#1147,#1148);
#1147 = CARTESIAN_POINT('',(1.596595526784,3.054640545225,6.E-02));
#1148 = VECTOR('',#1149,1.);
#1149 = DIRECTION('',(-1.,0.,0.));
#1150 = ORIENTED_EDGE('',*,*,#1151,.T.);
#1151 = EDGE_CURVE('',#1144,#1152,#1154,.T.);
#1152 = VERTEX_POINT('',#1153);
#1153 = CARTESIAN_POINT('',(1.554640545225,-3.054640545225,6.E-02));
#1154 = LINE('',#1155,#1156);
#1155 = CARTESIAN_POINT('',(1.554640545225,3.096595526784,6.E-02));
#1156 = VECTOR('',#1157,1.);
#1157 = DIRECTION('',(0.,-1.,2.22044604925E-16));
#1158 = ORIENTED_EDGE('',*,*,#1159,.T.);
#1159 = EDGE_CURVE('',#1152,#765,#1160,.T.);
#1160 = LINE('',#1161,#1162);
#1161 = CARTESIAN_POINT('',(1.596595526784,-3.054640545225,6.E-02));
#1162 = VECTOR('',#1163,1.);
#1163 = DIRECTION('',(-1.,0.,0.));
#1164 = PLANE('',#1165);
#1165 = AXIS2_PLACEMENT_3D('',#1166,#1167,#1168);
#1166 = CARTESIAN_POINT('',(1.596595526784,3.25,6.E-02));
#1167 = DIRECTION('',(-1.738422483968E-17,-2.22044604925E-16,-1.));
#1168 = DIRECTION('',(-1.,3.860073336454E-33,1.738422483968E-17));
#1169 = ADVANCED_FACE('',(#1170),#1196,.F.);
#1170 = FACE_BOUND('',#1171,.F.);
#1171 = EDGE_LOOP('',(#1172,#1173,#1185,#1195));
#1172 = ORIENTED_EDGE('',*,*,#904,.T.);
#1173 = ORIENTED_EDGE('',*,*,#1174,.T.);
#1174 = EDGE_CURVE('',#897,#1175,#1177,.T.);
#1175 = VERTEX_POINT('',#1176);
#1176 = CARTESIAN_POINT('',(1.748469057056,-3.199228669406,
    0.921317591117));
#1177 = ( BOUNDED_CURVE() B_SPLINE_CURVE(6,(#1178,#1179,#1180,#1181,
#1182,#1183,#1184),.UNSPECIFIED.,.F.,.F.) B_SPLINE_CURVE_WITH_KNOTS((7,7
),(0.,0.349065850399),.PIECEWISE_BEZIER_KNOTS.) CURVE() 
GEOMETRIC_REPRESENTATION_ITEM() RATIONAL_B_SPLINE_CURVE((1.001524413575,
    1.000507104893,0.999898374523,0.999695733922,0.999898374523,
1.000507104893,1.001524413575)) REPRESENTATION_ITEM('') );
#1178 = CARTESIAN_POINT('',(1.748469057056,-3.199228669406,
    0.938682408883));
#1179 = CARTESIAN_POINT('',(1.748974692734,-3.199228669406,
    0.935814806457));
#1180 = CARTESIAN_POINT('',(1.749279392372,-3.199228669406,
    0.932915385923));
#1181 = CARTESIAN_POINT('',(1.749381179402,-3.199228669406,0.93));
#1182 = CARTESIAN_POINT('',(1.749279392372,-3.199228669406,
    0.927084614077));
#1183 = CARTESIAN_POINT('',(1.748974692734,-3.199228669406,
    0.924185193543));
#1184 = CARTESIAN_POINT('',(1.748469057056,-3.199228669406,
    0.921317591117));
#1185 = ORIENTED_EDGE('',*,*,#1186,.T.);
#1186 = EDGE_CURVE('',#1175,#788,#1187,.T.);
#1187 = ( BOUNDED_CURVE() B_SPLINE_CURVE(6,(#1188,#1189,#1190,#1191,
#1192,#1193,#1194),.UNSPECIFIED.,.F.,.F.) B_SPLINE_CURVE_WITH_KNOTS((7,7
),(0.,1.540638065802),.PIECEWISE_BEZIER_KNOTS.) CURVE() 
GEOMETRIC_REPRESENTATION_ITEM() RATIONAL_B_SPLINE_CURVE((1.03017915692,
    1.009653976698,0.998003665673,0.99418419978,0.998003665673,
1.009653976698,1.03017915692)) REPRESENTATION_ITEM('') );
#1188 = CARTESIAN_POINT('',(1.748469057056,-3.199228669406,
    0.921317591117));
#1189 = CARTESIAN_POINT('',(1.748079879977,-3.212135119146,
    0.919110458222));
#1190 = CARTESIAN_POINT('',(1.743679024639,-3.22471877449,0.917667609803
    ));
#1191 = CARTESIAN_POINT('',(1.735622724084,-3.235622724084,
    0.917165492446));
#1192 = CARTESIAN_POINT('',(1.72471877449,-3.243679024639,0.917667609803
    ));
#1193 = CARTESIAN_POINT('',(1.712135119146,-3.248079879977,
    0.919110458222));
#1194 = CARTESIAN_POINT('',(1.699228669406,-3.248469057056,
    0.921317591117));
#1195 = ORIENTED_EDGE('',*,*,#787,.T.);
#1196 = B_SPLINE_SURFACE_WITH_KNOTS('',8,8,(
    (#1197,#1198,#1199,#1200,#1201,#1202,#1203,#1204,#1205)
    ,(#1206,#1207,#1208,#1209,#1210,#1211,#1212,#1213,#1214)
    ,(#1215,#1216,#1217,#1218,#1219,#1220,#1221,#1222,#1223)
    ,(#1224,#1225,#1226,#1227,#1228,#1229,#1230,#1231,#1232)
    ,(#1233,#1234,#1235,#1236,#1237,#1238,#1239,#1240,#1241)
    ,(#1242,#1243,#1244,#1245,#1246,#1247,#1248,#1249,#1250)
    ,(#1251,#1252,#1253,#1254,#1255,#1256,#1257,#1258,#1259)
    ,(#1260,#1261,#1262,#1263,#1264,#1265,#1266,#1267,#1268)
    ,(#1269,#1270,#1271,#1272,#1273,#1274,#1275,#1276,#1277
  )),.UNSPECIFIED.,.F.,.F.,.F.,(9,9),(9,9),(-3.888937236925E-02,
    3.888937236925E-02),(-1.327122752965E-02,1.327122752965E-02),
  .PIECEWISE_BEZIER_KNOTS.);
#1197 = CARTESIAN_POINT('',(1.747192809808,-3.192179733696,
    0.916728911187));
#1198 = CARTESIAN_POINT('',(1.748089423348,-3.193088551806,
    0.920046658765));
#1199 = CARTESIAN_POINT('',(1.748621051546,-3.193611755375,0.92336464783
    ));
#1200 = CARTESIAN_POINT('',(1.749179912002,-3.194173115983,
    0.926682430587));
#1201 = CARTESIAN_POINT('',(1.749434520166,-3.194431257865,0.93));
#1202 = CARTESIAN_POINT('',(1.749179912001,-3.194173115982,
    0.933317569413));
#1203 = CARTESIAN_POINT('',(1.748621051545,-3.193611755374,0.93663535217
    ));
#1204 = CARTESIAN_POINT('',(1.748089423348,-3.193088551806,
    0.939953341235));
#1205 = CARTESIAN_POINT('',(1.747192809808,-3.192179733696,
    0.943271088813));
#1206 = CARTESIAN_POINT('',(1.748445839024,-3.207186389415,
    0.916728889156));
#1207 = CARTESIAN_POINT('',(1.749375384652,-3.208131841376,
    0.920046607276));
#1208 = CARTESIAN_POINT('',(1.750122949804,-3.208933913872,
    0.923363499686));
#1209 = CARTESIAN_POINT('',(1.75003287753,-3.208771132827,0.926682492362
    ));
#1210 = CARTESIAN_POINT('',(1.750397783372,-3.209142535854,
    0.930000000001));
#1211 = CARTESIAN_POINT('',(1.75003287753,-3.208771132828,0.933317507636
    ));
#1212 = CARTESIAN_POINT('',(1.750122949805,-3.208933913873,
    0.936636500315));
#1213 = CARTESIAN_POINT('',(1.749375384652,-3.208131841376,
    0.939953392724));
#1214 = CARTESIAN_POINT('',(1.748445839024,-3.207186389415,
    0.943271110844));
#1215 = CARTESIAN_POINT('',(1.746456936877,-3.218897910034,
    0.916729314036));
#1216 = CARTESIAN_POINT('',(1.747247379736,-3.219653533822,
    0.920047303394));
#1217 = CARTESIAN_POINT('',(1.746905131495,-3.219150787846,
    0.923367788103));
#1218 = CARTESIAN_POINT('',(1.749922899443,-3.223486902165,
    0.926674745985));
#1219 = CARTESIAN_POINT('',(1.745372341068,-3.216308789556,
    0.929999999997));
#1220 = CARTESIAN_POINT('',(1.74992289946,-3.223486902178,0.933325254019
    ));
#1221 = CARTESIAN_POINT('',(1.746905131487,-3.21915078784,0.936632211894
    ));
#1222 = CARTESIAN_POINT('',(1.747247379735,-3.21965353382,0.939952696607
    ));
#1223 = CARTESIAN_POINT('',(1.746456936876,-3.218897910033,
    0.943270685964));
#1224 = CARTESIAN_POINT('',(1.739805337276,-3.22596528439,0.91673040663)
  );
#1225 = CARTESIAN_POINT('',(1.739338402009,-3.225509728489,
    0.920050360456));
#1226 = CARTESIAN_POINT('',(1.7402661752,-3.226267945616,0.923368140882)
  );
#1227 = CARTESIAN_POINT('',(1.739909424022,-3.225743478724,
    0.926685564488));
#1228 = CARTESIAN_POINT('',(1.74856900568,-3.235462719978,0.930000000006
    ));
#1229 = CARTESIAN_POINT('',(1.739909423992,-3.225743478694,
    0.933314435503));
#1230 = CARTESIAN_POINT('',(1.740266175216,-3.226267945632,
    0.936631859124));
#1231 = CARTESIAN_POINT('',(1.73933840201,-3.225509728492,0.939949639542
    ));
#1232 = CARTESIAN_POINT('',(1.739805337276,-3.225965284391,0.94326959337
    ));
#1233 = CARTESIAN_POINT('',(1.736208390517,-3.236208390518,
    0.916724626224));
#1234 = CARTESIAN_POINT('',(1.738206114096,-3.238206114101,
    0.920038542358));
#1235 = CARTESIAN_POINT('',(1.739870750177,-3.239870750172,
    0.923357181517));
#1236 = CARTESIAN_POINT('',(1.736727872726,-3.236727872732,
    0.926680274239));
#1237 = CARTESIAN_POINT('',(1.732576389796,-3.232576389784,
    0.929999999993));
#1238 = CARTESIAN_POINT('',(1.736727872764,-3.236727872783,
    0.933319725774));
#1239 = CARTESIAN_POINT('',(1.739870750157,-3.239870750145,
    0.936642818476));
#1240 = CARTESIAN_POINT('',(1.738206114095,-3.238206114097,
    0.939961457645));
#1241 = CARTESIAN_POINT('',(1.736208390517,-3.236208390516,
    0.943275373776));
#1242 = CARTESIAN_POINT('',(1.72596528439,-3.239805337275,0.91673040663)
  );
#1243 = CARTESIAN_POINT('',(1.725509728493,-3.239338402005,
    0.920050360456));
#1244 = CARTESIAN_POINT('',(1.726267945608,-3.2402661752,0.923368140882)
  );
#1245 = CARTESIAN_POINT('',(1.72574347874,-3.239909424027,0.926685564487
    ));
#1246 = CARTESIAN_POINT('',(1.735462719957,-3.248569005682,
    0.930000000007));
#1247 = CARTESIAN_POINT('',(1.725743478713,-3.23990942398,0.933314435502
    ));
#1248 = CARTESIAN_POINT('',(1.726267945622,-3.240266175226,
    0.936631859124));
#1249 = CARTESIAN_POINT('',(1.725509728493,-3.239338402008,
    0.939949639542));
#1250 = CARTESIAN_POINT('',(1.725965284391,-3.239805337277,0.94326959337
    ));
#1251 = CARTESIAN_POINT('',(1.718897910034,-3.246456936877,
    0.916729314036));
#1252 = CARTESIAN_POINT('',(1.71965353382,-3.247247379738,0.920047303394
    ));
#1253 = CARTESIAN_POINT('',(1.719150787854,-3.2469051315,0.923367788102)
  );
#1254 = CARTESIAN_POINT('',(1.723486902151,-3.249922899429,
    0.926674745987));
#1255 = CARTESIAN_POINT('',(1.716308789572,-3.24537234108,0.929999999996
    ));
#1256 = CARTESIAN_POINT('',(1.723486902167,-3.24992289946,0.93332525402)
  );
#1257 = CARTESIAN_POINT('',(1.719150787845,-3.246905131483,
    0.936632211894));
#1258 = CARTESIAN_POINT('',(1.719653533819,-3.247247379736,
    0.939952696607));
#1259 = CARTESIAN_POINT('',(1.718897910033,-3.246456936876,
    0.943270685964));
#1260 = CARTESIAN_POINT('',(1.707186389415,-3.248445839024,
    0.916728889156));
#1261 = CARTESIAN_POINT('',(1.708131841376,-3.249375384651,
    0.920046607276));
#1262 = CARTESIAN_POINT('',(1.70893391387,-3.250122949804,0.923363499686
    ));
#1263 = CARTESIAN_POINT('',(1.70877113283,-3.250032877528,0.926682492362
    ));
#1264 = CARTESIAN_POINT('',(1.709142535851,-3.250397783375,
    0.930000000001));
#1265 = CARTESIAN_POINT('',(1.70877113283,-3.250032877528,0.933317507636
    ));
#1266 = CARTESIAN_POINT('',(1.708933913872,-3.250122949807,
    0.936636500315));
#1267 = CARTESIAN_POINT('',(1.708131841376,-3.249375384652,
    0.939953392724));
#1268 = CARTESIAN_POINT('',(1.707186389415,-3.248445839024,
    0.943271110844));
#1269 = CARTESIAN_POINT('',(1.692179733696,-3.247192809808,
    0.916728911187));
#1270 = CARTESIAN_POINT('',(1.693088551806,-3.248089423349,
    0.920046658765));
#1271 = CARTESIAN_POINT('',(1.693611755375,-3.248621051547,0.92336464783
    ));
#1272 = CARTESIAN_POINT('',(1.694173115983,-3.249179912003,
    0.926682430587));
#1273 = CARTESIAN_POINT('',(1.694431257865,-3.249434520165,0.93));
#1274 = CARTESIAN_POINT('',(1.694173115982,-3.249179912001,
    0.933317569413));
#1275 = CARTESIAN_POINT('',(1.693611755374,-3.248621051545,0.93663535217
    ));
#1276 = CARTESIAN_POINT('',(1.693088551806,-3.248089423348,
    0.939953341235));
#1277 = CARTESIAN_POINT('',(1.692179733696,-3.247192809808,
    0.943271088813));
#1278 = ADVANCED_FACE('',(#1279),#1284,.T.);
#1279 = FACE_BOUND('',#1280,.T.);
#1280 = EDGE_LOOP('',(#1281,#1282,#1283));
#1281 = ORIENTED_EDGE('',*,*,#815,.F.);
#1282 = ORIENTED_EDGE('',*,*,#889,.T.);
#1283 = ORIENTED_EDGE('',*,*,#848,.F.);
#1284 = SPHERICAL_SURFACE('',#1285,5.E-02);
#1285 = AXIS2_PLACEMENT_3D('',#1286,#1287,#1288);
#1286 = CARTESIAN_POINT('',(1.554640545225,-3.054640545225,1.75));
#1287 = DIRECTION('',(1.7763568394E-14,0.984807753012,-0.173648177667));
#1288 = DIRECTION('',(-1.377203635808E-15,0.173648177667,0.984807753012)
  );
#1289 = ADVANCED_FACE('',(#1290),#1293,.T.);
#1290 = FACE_BOUND('',#1291,.T.);
#1291 = EDGE_LOOP('',(#1292));
#1292 = ORIENTED_EDGE('',*,*,#872,.T.);
#1293 = PLANE('',#1294);
#1294 = AXIS2_PLACEMENT_3D('',#1295,#1296,#1297);
#1295 = CARTESIAN_POINT('',(-0.856595526784,2.356595526784,1.78));
#1296 = DIRECTION('',(0.,0.,1.));
#1297 = DIRECTION('',(1.,0.,0.));
#1298 = ADVANCED_FACE('',(#1299),#1310,.T.);
#1299 = FACE_BOUND('',#1300,.F.);
#1300 = EDGE_LOOP('',(#1301,#1302,#1308,#1309));
#1301 = ORIENTED_EDGE('',*,*,#924,.T.);
#1302 = ORIENTED_EDGE('',*,*,#1303,.T.);
#1303 = EDGE_CURVE('',#925,#1175,#1304,.T.);
#1304 = LINE('',#1305,#1306);
#1305 = CARTESIAN_POINT('',(1.748469057056,3.25,0.921317591117));
#1306 = VECTOR('',#1307,1.);
#1307 = DIRECTION('',(0.,-1.,2.22044604925E-16));
#1308 = ORIENTED_EDGE('',*,*,#1174,.F.);
#1309 = ORIENTED_EDGE('',*,*,#1087,.F.);
#1310 = CYLINDRICAL_SURFACE('',#1311,5.E-02);
#1311 = AXIS2_PLACEMENT_3D('',#1312,#1313,#1314);
#1312 = CARTESIAN_POINT('',(1.699228669406,3.25,0.93));
#1313 = DIRECTION('',(0.,-1.,2.22044604925E-16));
#1314 = DIRECTION('',(0.984807753012,3.855764100601E-17,0.173648177667)
  );
#1315 = ADVANCED_FACE('',(#1316),#1335,.T.);
#1316 = FACE_BOUND('',#1317,.F.);
#1317 = EDGE_LOOP('',(#1318,#1319,#1328,#1334));
#1318 = ORIENTED_EDGE('',*,*,#1033,.F.);
#1319 = ORIENTED_EDGE('',*,*,#1320,.T.);
#1320 = EDGE_CURVE('',#1034,#1321,#1323,.T.);
#1321 = VERTEX_POINT('',#1322);
#1322 = CARTESIAN_POINT('',(1.603880932875,3.054640545225,0.101317591117
    ));
#1323 = CIRCLE('',#1324,5.E-02);
#1324 = AXIS2_PLACEMENT_3D('',#1325,#1326,#1327);
#1325 = CARTESIAN_POINT('',(1.554640545225,3.054640545225,0.11));
#1326 = DIRECTION('',(-0.171087869746,-0.171087869746,-0.970287525248));
#1327 = DIRECTION('',(3.469446951954E-18,0.984807753012,-0.173648177667)
  );
#1328 = ORIENTED_EDGE('',*,*,#1329,.T.);
#1329 = EDGE_CURVE('',#1321,#925,#1330,.T.);
#1330 = LINE('',#1331,#1332);
#1331 = CARTESIAN_POINT('',(1.598036845084,3.048796457434,
    6.817412227495E-02));
#1332 = VECTOR('',#1333,1.);
#1333 = DIRECTION('',(0.171087869746,0.171087869746,0.970287525248));
#1334 = ORIENTED_EDGE('',*,*,#936,.T.);
#1335 = CYLINDRICAL_SURFACE('',#1336,5.E-02);
#1336 = AXIS2_PLACEMENT_3D('',#1337,#1338,#1339);
#1337 = CARTESIAN_POINT('',(1.548796457434,3.048796457434,
    7.685653115829E-02));
#1338 = DIRECTION('',(0.171087869746,0.171087869746,0.970287525248));
#1339 = DIRECTION('',(-3.469446951954E-18,0.984807753012,-0.173648177667
    ));
#1340 = ADVANCED_FACE('',(#1341),#1353,.T.);
#1341 = FACE_BOUND('',#1342,.T.);
#1342 = EDGE_LOOP('',(#1343,#1350,#1351,#1352));
#1343 = ORIENTED_EDGE('',*,*,#1344,.F.);
#1344 = EDGE_CURVE('',#1144,#1034,#1345,.T.);
#1345 = CIRCLE('',#1346,5.E-02);
#1346 = AXIS2_PLACEMENT_3D('',#1347,#1348,#1349);
#1347 = CARTESIAN_POINT('',(1.554640545225,3.054640545225,0.11));
#1348 = DIRECTION('',(1.,-0.,0.));
#1349 = DIRECTION('',(0.,1.,-1.754152378908E-14));
#1350 = ORIENTED_EDGE('',*,*,#1143,.T.);
#1351 = ORIENTED_EDGE('',*,*,#1057,.F.);
#1352 = ORIENTED_EDGE('',*,*,#1041,.F.);
#1353 = CYLINDRICAL_SURFACE('',#1354,5.E-02);
#1354 = AXIS2_PLACEMENT_3D('',#1355,#1356,#1357);
#1355 = CARTESIAN_POINT('',(1.596595526784,3.054640545225,0.11));
#1356 = DIRECTION('',(-1.,0.,0.));
#1357 = DIRECTION('',(0.,0.984807753012,-0.173648177667));
#1358 = ADVANCED_FACE('',(#1359),#1378,.T.);
#1359 = FACE_BOUND('',#1360,.T.);
#1360 = EDGE_LOOP('',(#1361,#1362,#1371,#1377));
#1361 = ORIENTED_EDGE('',*,*,#1102,.F.);
#1362 = ORIENTED_EDGE('',*,*,#1363,.T.);
#1363 = EDGE_CURVE('',#1103,#1364,#1366,.T.);
#1364 = VERTEX_POINT('',#1365);
#1365 = CARTESIAN_POINT('',(1.603880932875,-3.054640545225,
    0.101317591117));
#1366 = CIRCLE('',#1367,5.E-02);
#1367 = AXIS2_PLACEMENT_3D('',#1368,#1369,#1370);
#1368 = CARTESIAN_POINT('',(1.554640545225,-3.054640545225,0.11));
#1369 = DIRECTION('',(0.171087869746,-0.171087869746,0.970287525248));
#1370 = DIRECTION('',(0.,-0.984807753012,-0.173648177667));
#1371 = ORIENTED_EDGE('',*,*,#1372,.T.);
#1372 = EDGE_CURVE('',#1364,#1175,#1373,.T.);
#1373 = LINE('',#1374,#1375);
#1374 = CARTESIAN_POINT('',(1.598036845084,-3.048796457434,
    6.817412227495E-02));
#1375 = VECTOR('',#1376,1.);
#1376 = DIRECTION('',(0.171087869746,-0.171087869746,0.970287525248));
#1377 = ORIENTED_EDGE('',*,*,#1186,.T.);
#1378 = CYLINDRICAL_SURFACE('',#1379,5.E-02);
#1379 = AXIS2_PLACEMENT_3D('',#1380,#1381,#1382);
#1380 = CARTESIAN_POINT('',(1.548796457434,-3.048796457434,
    7.685653115829E-02));
#1381 = DIRECTION('',(0.171087869746,-0.171087869746,0.970287525248));
#1382 = DIRECTION('',(3.469446951954E-18,-0.984807753012,-0.173648177667
    ));
#1383 = ADVANCED_FACE('',(#1384),#1396,.T.);
#1384 = FACE_BOUND('',#1385,.F.);
#1385 = EDGE_LOOP('',(#1386,#1393,#1394,#1395));
#1386 = ORIENTED_EDGE('',*,*,#1387,.F.);
#1387 = EDGE_CURVE('',#1152,#1103,#1388,.T.);
#1388 = CIRCLE('',#1389,5.E-02);
#1389 = AXIS2_PLACEMENT_3D('',#1390,#1391,#1392);
#1390 = CARTESIAN_POINT('',(1.554640545225,-3.054640545225,0.11));
#1391 = DIRECTION('',(-1.,0.,0.));
#1392 = DIRECTION('',(0.,-1.,8.659739592076E-15));
#1393 = ORIENTED_EDGE('',*,*,#1159,.T.);
#1394 = ORIENTED_EDGE('',*,*,#1126,.T.);
#1395 = ORIENTED_EDGE('',*,*,#1110,.F.);
#1396 = CYLINDRICAL_SURFACE('',#1397,5.E-02);
#1397 = AXIS2_PLACEMENT_3D('',#1398,#1399,#1400);
#1398 = CARTESIAN_POINT('',(1.596595526784,-3.054640545225,0.11));
#1399 = DIRECTION('',(-1.,0.,0.));
#1400 = DIRECTION('',(0.,-0.984807753012,-0.173648177667));
#1401 = ADVANCED_FACE('',(#1402),#1425,.T.);
#1402 = FACE_BOUND('',#1403,.T.);
#1403 = EDGE_LOOP('',(#1404,#1411,#1417,#1424));
#1404 = ORIENTED_EDGE('',*,*,#1405,.T.);
#1405 = EDGE_CURVE('',#1144,#1321,#1406,.T.);
#1406 = CIRCLE('',#1407,5.E-02);
#1407 = AXIS2_PLACEMENT_3D('',#1408,#1409,#1410);
#1408 = CARTESIAN_POINT('',(1.554640545225,3.054640545225,0.11));
#1409 = DIRECTION('',(-9.042596461969E-15,-1.,1.754152378908E-14));
#1410 = DIRECTION('',(1.,-9.042596461969E-15,1.586209209527E-28));
#1411 = ORIENTED_EDGE('',*,*,#1412,.T.);
#1412 = EDGE_CURVE('',#1321,#1364,#1413,.T.);
#1413 = LINE('',#1414,#1415);
#1414 = CARTESIAN_POINT('',(1.603880932875,3.096595526784,0.101317591117
    ));
#1415 = VECTOR('',#1416,1.);
#1416 = DIRECTION('',(0.,-1.,2.22044604925E-16));
#1417 = ORIENTED_EDGE('',*,*,#1418,.F.);
#1418 = EDGE_CURVE('',#1152,#1364,#1419,.T.);
#1419 = CIRCLE('',#1420,5.E-02);
#1420 = AXIS2_PLACEMENT_3D('',#1421,#1422,#1423);
#1421 = CARTESIAN_POINT('',(1.554640545225,-3.054640545225,0.11));
#1422 = DIRECTION('',(-6.123233995737E-17,-1.,8.659739592076E-15));
#1423 = DIRECTION('',(1.,-6.123233995737E-17,5.302561186443E-31));
#1424 = ORIENTED_EDGE('',*,*,#1151,.F.);
#1425 = CYLINDRICAL_SURFACE('',#1426,5.E-02);
#1426 = AXIS2_PLACEMENT_3D('',#1427,#1428,#1429);
#1427 = CARTESIAN_POINT('',(1.554640545225,3.096595526784,0.11));
#1428 = DIRECTION('',(0.,-1.,2.22044604925E-16));
#1429 = DIRECTION('',(-1.738422483968E-17,-2.22044604925E-16,-1.));
#1430 = ADVANCED_FACE('',(#1431),#1437,.T.);
#1431 = FACE_BOUND('',#1432,.T.);
#1432 = EDGE_LOOP('',(#1433,#1434,#1435,#1436));
#1433 = ORIENTED_EDGE('',*,*,#1303,.T.);
#1434 = ORIENTED_EDGE('',*,*,#1372,.F.);
#1435 = ORIENTED_EDGE('',*,*,#1412,.F.);
#1436 = ORIENTED_EDGE('',*,*,#1329,.T.);
#1437 = PLANE('',#1438);
#1438 = AXIS2_PLACEMENT_3D('',#1439,#1440,#1441);
#1439 = CARTESIAN_POINT('',(1.75,3.25,0.93));
#1440 = DIRECTION('',(0.984807753012,-3.855764100601E-17,-0.173648177667
    ));
#1441 = DIRECTION('',(-0.173648177667,-2.186712484447E-16,
    -0.984807753012));
#1442 = ADVANCED_FACE('',(#1443),#1448,.T.);
#1443 = FACE_BOUND('',#1444,.F.);
#1444 = EDGE_LOOP('',(#1445,#1446,#1447));
#1445 = ORIENTED_EDGE('',*,*,#1344,.F.);
#1446 = ORIENTED_EDGE('',*,*,#1405,.T.);
#1447 = ORIENTED_EDGE('',*,*,#1320,.F.);
#1448 = SPHERICAL_SURFACE('',#1449,5.E-02);
#1449 = AXIS2_PLACEMENT_3D('',#1450,#1451,#1452);
#1450 = CARTESIAN_POINT('',(1.554640545225,3.054640545225,0.11));
#1451 = DIRECTION('',(0.,1.754152378908E-14,1.));
#1452 = DIRECTION('',(0.,1.,-1.754152378908E-14));
#1453 = ADVANCED_FACE('',(#1454),#1459,.T.);
#1454 = FACE_BOUND('',#1455,.T.);
#1455 = EDGE_LOOP('',(#1456,#1457,#1458));
#1456 = ORIENTED_EDGE('',*,*,#1387,.F.);
#1457 = ORIENTED_EDGE('',*,*,#1418,.T.);
#1458 = ORIENTED_EDGE('',*,*,#1363,.F.);
#1459 = SPHERICAL_SURFACE('',#1460,5.E-02);
#1460 = AXIS2_PLACEMENT_3D('',#1461,#1462,#1463);
#1461 = CARTESIAN_POINT('',(1.554640545225,-3.054640545225,0.11));
#1462 = DIRECTION('',(0.,8.659739592076E-15,1.));
#1463 = DIRECTION('',(0.,-1.,8.659739592076E-15));
#1464 = ( GEOMETRIC_REPRESENTATION_CONTEXT(3) 
GLOBAL_UNCERTAINTY_ASSIGNED_CONTEXT((#1468)) 
GLOBAL_UNIT_ASSIGNED_CONTEXT((#1465,#1466,#1467)) REPRESENTATION_CONTEXT
('Context #1','3D Context with UNIT and UNCERTAINTY') );
#1465 = ( LENGTH_UNIT() NAMED_UNIT(*) SI_UNIT(.MILLI.,.METRE.) );
#1466 = ( NAMED_UNIT(*) PLANE_ANGLE_UNIT() SI_UNIT($,.RADIAN.) );
#1467 = ( NAMED_UNIT(*) SI_UNIT($,.STERADIAN.) SOLID_ANGLE_UNIT() );
#1468 = UNCERTAINTY_MEASURE_WITH_UNIT(LENGTH_MEASURE(1.E-05),#1465,
  'distance_accuracy_value','confusion accuracy');
#1469 = CONTEXT_DEPENDENT_SHAPE_REPRESENTATION(#1470,#1472);
#1470 = ( REPRESENTATION_RELATIONSHIP('','',#44,#10) 
REPRESENTATION_RELATIONSHIP_WITH_TRANSFORMATION(#1471) 
SHAPE_REPRESENTATION_RELATIONSHIP() );
#1471 = ITEM_DEFINED_TRANSFORMATION('','',#11,#15);
#1472 = PRODUCT_DEFINITION_SHAPE('Placement','Placement of an item',
  #1473);
#1473 = NEXT_ASSEMBLY_USAGE_OCCURRENCE('5','Package','',#5,#39,$);
#1474 = PRODUCT_RELATED_PRODUCT_CATEGORY('part',$,(#41));
#1475 = SHAPE_DEFINITION_REPRESENTATION(#1476,#1482);
#1476 = PRODUCT_DEFINITION_SHAPE('','',#1477);
#1477 = PRODUCT_DEFINITION('design','',#1478,#1481);
#1478 = PRODUCT_DEFINITION_FORMATION('','',#1479);
#1479 = PRODUCT('Pin1Indicator','Pin1Indicator','',(#1480));
#1480 = PRODUCT_CONTEXT('',#2,'mechanical');
#1481 = PRODUCT_DEFINITION_CONTEXT('part definition',#2,'design');
#1482 = ADVANCED_BREP_SHAPE_REPRESENTATION('',(#11,#1483),#1536);
#1483 = MANIFOLD_SOLID_BREP('',#1484);
#1484 = CLOSED_SHELL('',(#1485,#1518,#1527));
#1485 = ADVANCED_FACE('',(#1486),#1513,.T.);
#1486 = FACE_BOUND('',#1487,.F.);
#1487 = EDGE_LOOP('',(#1488,#1498,#1505,#1506));
#1488 = ORIENTED_EDGE('',*,*,#1489,.T.);
#1489 = EDGE_CURVE('',#1490,#1492,#1494,.T.);
#1490 = VERTEX_POINT('',#1491);
#1491 = CARTESIAN_POINT('',(-0.606595526784,2.356595526784,1.78));
#1492 = VERTEX_POINT('',#1493);
#1493 = CARTESIAN_POINT('',(-0.606595526784,2.356595526784,1.79));
#1494 = LINE('',#1495,#1496);
#1495 = CARTESIAN_POINT('',(-0.606595526784,2.356595526784,1.78));
#1496 = VECTOR('',#1497,1.);
#1497 = DIRECTION('',(0.,0.,1.));
#1498 = ORIENTED_EDGE('',*,*,#1499,.T.);
#1499 = EDGE_CURVE('',#1492,#1492,#1500,.T.);
#1500 = CIRCLE('',#1501,0.25);
#1501 = AXIS2_PLACEMENT_3D('',#1502,#1503,#1504);
#1502 = CARTESIAN_POINT('',(-0.856595526784,2.356595526784,1.79));
#1503 = DIRECTION('',(0.,0.,1.));
#1504 = DIRECTION('',(1.,0.,0.));
#1505 = ORIENTED_EDGE('',*,*,#1489,.F.);
#1506 = ORIENTED_EDGE('',*,*,#1507,.F.);
#1507 = EDGE_CURVE('',#1490,#1490,#1508,.T.);
#1508 = CIRCLE('',#1509,0.25);
#1509 = AXIS2_PLACEMENT_3D('',#1510,#1511,#1512);
#1510 = CARTESIAN_POINT('',(-0.856595526784,2.356595526784,1.78));
#1511 = DIRECTION('',(0.,0.,1.));
#1512 = DIRECTION('',(1.,0.,0.));
#1513 = CYLINDRICAL_SURFACE('',#1514,0.25);
#1514 = AXIS2_PLACEMENT_3D('',#1515,#1516,#1517);
#1515 = CARTESIAN_POINT('',(-0.856595526784,2.356595526784,1.78));
#1516 = DIRECTION('',(-0.,-0.,-1.));
#1517 = DIRECTION('',(1.,0.,0.));
#1518 = ADVANCED_FACE('',(#1519),#1522,.F.);
#1519 = FACE_BOUND('',#1520,.F.);
#1520 = EDGE_LOOP('',(#1521));
#1521 = ORIENTED_EDGE('',*,*,#1507,.T.);
#1522 = PLANE('',#1523);
#1523 = AXIS2_PLACEMENT_3D('',#1524,#1525,#1526);
#1524 = CARTESIAN_POINT('',(-0.856595526784,2.356595526784,1.78));
#1525 = DIRECTION('',(0.,0.,1.));
#1526 = DIRECTION('',(1.,0.,0.));
#1527 = ADVANCED_FACE('',(#1528),#1531,.T.);
#1528 = FACE_BOUND('',#1529,.T.);
#1529 = EDGE_LOOP('',(#1530));
#1530 = ORIENTED_EDGE('',*,*,#1499,.T.);
#1531 = PLANE('',#1532);
#1532 = AXIS2_PLACEMENT_3D('',#1533,#1534,#1535);
#1533 = CARTESIAN_POINT('',(-0.856595526784,2.356595526784,1.79));
#1534 = DIRECTION('',(0.,0.,1.));
#1535 = DIRECTION('',(1.,0.,0.));
#1536 = ( GEOMETRIC_REPRESENTATION_CONTEXT(3) 
GLOBAL_UNCERTAINTY_ASSIGNED_CONTEXT((#1540)) 
GLOBAL_UNIT_ASSIGNED_CONTEXT((#1537,#1538,#1539)) REPRESENTATION_CONTEXT
('Context #1','3D Context with UNIT and UNCERTAINTY') );
#1537 = ( LENGTH_UNIT() NAMED_UNIT(*) SI_UNIT(.MILLI.,.METRE.) );
#1538 = ( NAMED_UNIT(*) PLANE_ANGLE_UNIT() SI_UNIT($,.RADIAN.) );
#1539 = ( NAMED_UNIT(*) SI_UNIT($,.STERADIAN.) SOLID_ANGLE_UNIT() );
#1540 = UNCERTAINTY_MEASURE_WITH_UNIT(LENGTH_MEASURE(1.E-07),#1537,
  'distance_accuracy_value','confusion accuracy');
#1541 = CONTEXT_DEPENDENT_SHAPE_REPRESENTATION(#1542,#1544);
#1542 = ( REPRESENTATION_RELATIONSHIP('','',#1482,#10) 
REPRESENTATION_RELATIONSHIP_WITH_TRANSFORMATION(#1543) 
SHAPE_REPRESENTATION_RELATIONSHIP() );
#1543 = ITEM_DEFINED_TRANSFORMATION('','',#11,#19);
#1544 = PRODUCT_DEFINITION_SHAPE('Placement','Placement of an item',
  #1545);
#1545 = NEXT_ASSEMBLY_USAGE_OCCURRENCE('6','Pin1Indicator','',#5,#1477,$
  );
#1546 = PRODUCT_RELATED_PRODUCT_CATEGORY('part',$,(#1479));
#1547 = SHAPE_DEFINITION_REPRESENTATION(#1548,#1554);
#1548 = PRODUCT_DEFINITION_SHAPE('','',#1549);
#1549 = PRODUCT_DEFINITION('design','',#1550,#1553);
#1550 = PRODUCT_DEFINITION_FORMATION('','',#1551);
#1551 = PRODUCT('Pins','Pins','',(#1552));
#1552 = PRODUCT_CONTEXT('',#2,'mechanical');
#1553 = PRODUCT_DEFINITION_CONTEXT('part definition',#2,'design');
#1554 = ADVANCED_BREP_SHAPE_REPRESENTATION('',(#11,#1555),#2785);
#1555 = MANIFOLD_SOLID_BREP('',#1556);
#1556 = CLOSED_SHELL('',(#1557,#1665,#1760,#1855,#1880,#1904,#1929,#1953
    ,#1977,#2001,#2026,#2050,#2068,#2093,#2110,#2195,#2220,#2302,#2319,
    #2404,#2429,#2511,#2528,#2545,#2567,#2579,#2596,#2613,#2630,#2647,
    #2659,#2681,#2693,#2710,#2727,#2744,#2761,#2773));
#1557 = ADVANCED_FACE('',(#1558),#1660,.T.);
#1558 = FACE_BOUND('',#1559,.T.);
#1559 = EDGE_LOOP('',(#1560,#1570,#1579,#1587,#1596,#1604,#1612,#1620,
    #1629,#1637,#1646,#1654));
#1560 = ORIENTED_EDGE('',*,*,#1561,.T.);
#1561 = EDGE_CURVE('',#1562,#1564,#1566,.T.);
#1562 = VERTEX_POINT('',#1563);
#1563 = CARTESIAN_POINT('',(5.E-02,2.72,0.93));
#1564 = VERTEX_POINT('',#1565);
#1565 = CARTESIAN_POINT('',(-2.15,2.72,0.93));
#1566 = LINE('',#1567,#1568);
#1567 = CARTESIAN_POINT('',(2.15,2.72,0.93));
#1568 = VECTOR('',#1569,1.);
#1569 = DIRECTION('',(-1.,1.224646799147E-16,-5.438524293788E-32));
#1570 = ORIENTED_EDGE('',*,*,#1571,.T.);
#1571 = EDGE_CURVE('',#1564,#1572,#1574,.T.);
#1572 = VERTEX_POINT('',#1573);
#1573 = CARTESIAN_POINT('',(-2.31439317224,2.72,0.843907352356));
#1574 = CIRCLE('',#1575,0.2);
#1575 = AXIS2_PLACEMENT_3D('',#1576,#1577,#1578);
#1576 = CARTESIAN_POINT('',(-2.15,2.72,0.73));
#1577 = DIRECTION('',(0.,-1.,6.661338147751E-16));
#1578 = DIRECTION('',(1.,0.,0.));
#1579 = ORIENTED_EDGE('',*,*,#1580,.F.);
#1580 = EDGE_CURVE('',#1581,#1572,#1583,.T.);
#1581 = VERTEX_POINT('',#1582);
#1582 = CARTESIAN_POINT('',(-2.75,2.72,0.215231619109));
#1583 = LINE('',#1584,#1585);
#1584 = CARTESIAN_POINT('',(-2.75,2.72,0.215231619109));
#1585 = VECTOR('',#1586,1.);
#1586 = DIRECTION('',(0.569536761782,5.475392547364E-16,0.8219658612));
#1587 = ORIENTED_EDGE('',*,*,#1588,.F.);
#1588 = EDGE_CURVE('',#1589,#1581,#1591,.T.);
#1589 = VERTEX_POINT('',#1590);
#1590 = CARTESIAN_POINT('',(-3.1609829306,2.72,-1.729727472366E-15));
#1591 = CIRCLE('',#1592,0.5);
#1592 = AXIS2_PLACEMENT_3D('',#1593,#1594,#1595);
#1593 = CARTESIAN_POINT('',(-3.1609829306,2.72,0.5));
#1594 = DIRECTION('',(0.,-1.,6.661338147751E-16));
#1595 = DIRECTION('',(1.,0.,0.));
#1596 = ORIENTED_EDGE('',*,*,#1597,.T.);
#1597 = EDGE_CURVE('',#1589,#1598,#1600,.T.);
#1598 = VERTEX_POINT('',#1599);
#1599 = CARTESIAN_POINT('',(-3.5,2.72,-1.729727472366E-15));
#1600 = LINE('',#1601,#1602);
#1601 = CARTESIAN_POINT('',(-3.1609829306,2.72,-1.729727472366E-15));
#1602 = VECTOR('',#1603,1.);
#1603 = DIRECTION('',(-1.,0.,0.));
#1604 = ORIENTED_EDGE('',*,*,#1605,.T.);
#1605 = EDGE_CURVE('',#1598,#1606,#1608,.T.);
#1606 = VERTEX_POINT('',#1607);
#1607 = CARTESIAN_POINT('',(-3.5,2.72,0.3));
#1608 = LINE('',#1609,#1610);
#1609 = CARTESIAN_POINT('',(-3.5,2.72,-1.729727472366E-15));
#1610 = VECTOR('',#1611,1.);
#1611 = DIRECTION('',(0.,6.661338147751E-16,1.));
#1612 = ORIENTED_EDGE('',*,*,#1613,.T.);
#1613 = EDGE_CURVE('',#1606,#1614,#1616,.T.);
#1614 = VERTEX_POINT('',#1615);
#1615 = CARTESIAN_POINT('',(-3.1609829306,2.72,0.3));
#1616 = LINE('',#1617,#1618);
#1617 = CARTESIAN_POINT('',(-3.5,2.72,0.3));
#1618 = VECTOR('',#1619,1.);
#1619 = DIRECTION('',(1.,0.,0.));
#1620 = ORIENTED_EDGE('',*,*,#1621,.T.);
#1621 = EDGE_CURVE('',#1614,#1622,#1624,.T.);
#1622 = VERTEX_POINT('',#1623);
#1623 = CARTESIAN_POINT('',(-2.99658975836,2.72,0.386092647644));
#1624 = CIRCLE('',#1625,0.2);
#1625 = AXIS2_PLACEMENT_3D('',#1626,#1627,#1628);
#1626 = CARTESIAN_POINT('',(-3.1609829306,2.72,0.5));
#1627 = DIRECTION('',(0.,-1.,6.661338147751E-16));
#1628 = DIRECTION('',(1.,0.,0.));
#1629 = ORIENTED_EDGE('',*,*,#1630,.T.);
#1630 = EDGE_CURVE('',#1622,#1631,#1633,.T.);
#1631 = VERTEX_POINT('',#1632);
#1632 = CARTESIAN_POINT('',(-2.5609829306,2.72,1.014768380891));
#1633 = LINE('',#1634,#1635);
#1634 = CARTESIAN_POINT('',(-2.99658975836,2.72,0.386092647644));
#1635 = VECTOR('',#1636,1.);
#1636 = DIRECTION('',(0.569536761782,5.475392547364E-16,0.8219658612));
#1637 = ORIENTED_EDGE('',*,*,#1638,.F.);
#1638 = EDGE_CURVE('',#1639,#1631,#1641,.T.);
#1639 = VERTEX_POINT('',#1640);
#1640 = CARTESIAN_POINT('',(-2.15,2.72,1.23));
#1641 = CIRCLE('',#1642,0.5);
#1642 = AXIS2_PLACEMENT_3D('',#1643,#1644,#1645);
#1643 = CARTESIAN_POINT('',(-2.15,2.72,0.73));
#1644 = DIRECTION('',(0.,-1.,6.661338147751E-16));
#1645 = DIRECTION('',(1.,0.,0.));
#1646 = ORIENTED_EDGE('',*,*,#1647,.T.);
#1647 = EDGE_CURVE('',#1639,#1648,#1650,.T.);
#1648 = VERTEX_POINT('',#1649);
#1649 = CARTESIAN_POINT('',(5.E-02,2.72,1.23));
#1650 = LINE('',#1651,#1652);
#1651 = CARTESIAN_POINT('',(-2.15,2.72,1.23));
#1652 = VECTOR('',#1653,1.);
#1653 = DIRECTION('',(1.,0.,0.));
#1654 = ORIENTED_EDGE('',*,*,#1655,.F.);
#1655 = EDGE_CURVE('',#1562,#1648,#1656,.T.);
#1656 = LINE('',#1657,#1658);
#1657 = CARTESIAN_POINT('',(5.E-02,2.72,0.));
#1658 = VECTOR('',#1659,1.);
#1659 = DIRECTION('',(0.,0.,1.));
#1660 = PLANE('',#1661);
#1661 = AXIS2_PLACEMENT_3D('',#1662,#1663,#1664);
#1662 = CARTESIAN_POINT('',(4.579669976579E-16,2.72,0.804472616241));
#1663 = DIRECTION('',(-0.,1.,-5.450031167272E-16));
#1664 = DIRECTION('',(0.,-5.450031167272E-16,-1.));
#1665 = ADVANCED_FACE('',(#1666),#1755,.T.);
#1666 = FACE_BOUND('',#1667,.T.);
#1667 = EDGE_LOOP('',(#1668,#1669,#1677,#1685,#1693,#1701,#1709,#1717,
    #1725,#1733,#1741,#1749));
#1668 = ORIENTED_EDGE('',*,*,#1561,.F.);
#1669 = ORIENTED_EDGE('',*,*,#1670,.T.);
#1670 = EDGE_CURVE('',#1562,#1671,#1673,.T.);
#1671 = VERTEX_POINT('',#1672);
#1672 = CARTESIAN_POINT('',(5.E-02,-2.72,0.93));
#1673 = LINE('',#1674,#1675);
#1674 = CARTESIAN_POINT('',(5.E-02,0.99,0.93));
#1675 = VECTOR('',#1676,1.);
#1676 = DIRECTION('',(0.,-1.,5.594956738942E-16));
#1677 = ORIENTED_EDGE('',*,*,#1678,.T.);
#1678 = EDGE_CURVE('',#1671,#1679,#1681,.T.);
#1679 = VERTEX_POINT('',#1680);
#1680 = CARTESIAN_POINT('',(-2.15,-2.72,0.93));
#1681 = LINE('',#1682,#1683);
#1682 = CARTESIAN_POINT('',(1.75,-2.72,0.93));
#1683 = VECTOR('',#1684,1.);
#1684 = DIRECTION('',(-1.,1.224646799147E-16,-5.438524293788E-32));
#1685 = ORIENTED_EDGE('',*,*,#1686,.T.);
#1686 = EDGE_CURVE('',#1679,#1687,#1689,.T.);
#1687 = VERTEX_POINT('',#1688);
#1688 = CARTESIAN_POINT('',(-2.15,-1.98,0.93));
#1689 = LINE('',#1690,#1691);
#1690 = CARTESIAN_POINT('',(-2.15,-2.72,0.93));
#1691 = VECTOR('',#1692,1.);
#1692 = DIRECTION('',(0.,1.,-4.440892098501E-16));
#1693 = ORIENTED_EDGE('',*,*,#1694,.T.);
#1694 = EDGE_CURVE('',#1687,#1695,#1697,.T.);
#1695 = VERTEX_POINT('',#1696);
#1696 = CARTESIAN_POINT('',(-5.E-02,-1.98,0.93));
#1697 = LINE('',#1698,#1699);
#1698 = CARTESIAN_POINT('',(-1.75,-1.98,0.93));
#1699 = VECTOR('',#1700,1.);
#1700 = DIRECTION('',(1.,0.,0.));
#1701 = ORIENTED_EDGE('',*,*,#1702,.F.);
#1702 = EDGE_CURVE('',#1703,#1695,#1705,.T.);
#1703 = VERTEX_POINT('',#1704);
#1704 = CARTESIAN_POINT('',(-5.E-02,-0.37,0.93));
#1705 = LINE('',#1706,#1707);
#1706 = CARTESIAN_POINT('',(-5.E-02,2.72,0.93));
#1707 = VECTOR('',#1708,1.);
#1708 = DIRECTION('',(0.,-1.,6.661338147751E-16));
#1709 = ORIENTED_EDGE('',*,*,#1710,.F.);
#1710 = EDGE_CURVE('',#1711,#1703,#1713,.T.);
#1711 = VERTEX_POINT('',#1712);
#1712 = CARTESIAN_POINT('',(-2.15,-0.37,0.93));
#1713 = LINE('',#1714,#1715);
#1714 = CARTESIAN_POINT('',(-2.15,-0.37,0.93));
#1715 = VECTOR('',#1716,1.);
#1716 = DIRECTION('',(1.,0.,0.));
#1717 = ORIENTED_EDGE('',*,*,#1718,.T.);
#1718 = EDGE_CURVE('',#1711,#1719,#1721,.T.);
#1719 = VERTEX_POINT('',#1720);
#1720 = CARTESIAN_POINT('',(-2.15,0.37,0.93));
#1721 = LINE('',#1722,#1723);
#1722 = CARTESIAN_POINT('',(-2.15,-0.37,0.93));
#1723 = VECTOR('',#1724,1.);
#1724 = DIRECTION('',(0.,1.,-4.440892098501E-16));
#1725 = ORIENTED_EDGE('',*,*,#1726,.T.);
#1726 = EDGE_CURVE('',#1719,#1727,#1729,.T.);
#1727 = VERTEX_POINT('',#1728);
#1728 = CARTESIAN_POINT('',(-5.E-02,0.37,0.93));
#1729 = LINE('',#1730,#1731);
#1730 = CARTESIAN_POINT('',(-1.75,0.37,0.93));
#1731 = VECTOR('',#1732,1.);
#1732 = DIRECTION('',(1.,0.,0.));
#1733 = ORIENTED_EDGE('',*,*,#1734,.F.);
#1734 = EDGE_CURVE('',#1735,#1727,#1737,.T.);
#1735 = VERTEX_POINT('',#1736);
#1736 = CARTESIAN_POINT('',(-5.E-02,1.98,0.93));
#1737 = LINE('',#1738,#1739);
#1738 = CARTESIAN_POINT('',(-5.E-02,2.72,0.93));
#1739 = VECTOR('',#1740,1.);
#1740 = DIRECTION('',(0.,-1.,6.661338147751E-16));
#1741 = ORIENTED_EDGE('',*,*,#1742,.F.);
#1742 = EDGE_CURVE('',#1743,#1735,#1745,.T.);
#1743 = VERTEX_POINT('',#1744);
#1744 = CARTESIAN_POINT('',(-2.15,1.98,0.93));
#1745 = LINE('',#1746,#1747);
#1746 = CARTESIAN_POINT('',(-2.15,1.98,0.93));
#1747 = VECTOR('',#1748,1.);
#1748 = DIRECTION('',(1.,0.,0.));
#1749 = ORIENTED_EDGE('',*,*,#1750,.T.);
#1750 = EDGE_CURVE('',#1743,#1564,#1751,.T.);
#1751 = LINE('',#1752,#1753);
#1752 = CARTESIAN_POINT('',(-2.15,1.98,0.93));
#1753 = VECTOR('',#1754,1.);
#1754 = DIRECTION('',(0.,1.,-4.440892098501E-16));
#1755 = PLANE('',#1756);
#1756 = AXIS2_PLACEMENT_3D('',#1757,#1758,#1759);
#1757 = CARTESIAN_POINT('',(1.734723475977E-16,4.440892098501E-16,0.93)
  );
#1758 = DIRECTION('',(0.,-5.594956738942E-16,-1.));
#1759 = DIRECTION('',(0.,1.,-5.594956738942E-16));
#1760 = ADVANCED_FACE('',(#1761),#1850,.T.);
#1761 = FACE_BOUND('',#1762,.T.);
#1762 = EDGE_LOOP('',(#1763,#1764,#1772,#1780,#1788,#1796,#1804,#1812,
    #1820,#1828,#1836,#1844));
#1763 = ORIENTED_EDGE('',*,*,#1647,.F.);
#1764 = ORIENTED_EDGE('',*,*,#1765,.F.);
#1765 = EDGE_CURVE('',#1766,#1639,#1768,.T.);
#1766 = VERTEX_POINT('',#1767);
#1767 = CARTESIAN_POINT('',(-2.15,1.98,1.23));
#1768 = LINE('',#1769,#1770);
#1769 = CARTESIAN_POINT('',(-2.15,1.98,1.23));
#1770 = VECTOR('',#1771,1.);
#1771 = DIRECTION('',(0.,1.,-4.440892098501E-16));
#1772 = ORIENTED_EDGE('',*,*,#1773,.T.);
#1773 = EDGE_CURVE('',#1766,#1774,#1776,.T.);
#1774 = VERTEX_POINT('',#1775);
#1775 = CARTESIAN_POINT('',(-5.E-02,1.98,1.23));
#1776 = LINE('',#1777,#1778);
#1777 = CARTESIAN_POINT('',(-2.15,1.98,1.23));
#1778 = VECTOR('',#1779,1.);
#1779 = DIRECTION('',(1.,0.,0.));
#1780 = ORIENTED_EDGE('',*,*,#1781,.T.);
#1781 = EDGE_CURVE('',#1774,#1782,#1784,.T.);
#1782 = VERTEX_POINT('',#1783);
#1783 = CARTESIAN_POINT('',(-5.E-02,0.37,1.23));
#1784 = LINE('',#1785,#1786);
#1785 = CARTESIAN_POINT('',(-5.E-02,2.72,1.23));
#1786 = VECTOR('',#1787,1.);
#1787 = DIRECTION('',(0.,-1.,6.661338147751E-16));
#1788 = ORIENTED_EDGE('',*,*,#1789,.F.);
#1789 = EDGE_CURVE('',#1790,#1782,#1792,.T.);
#1790 = VERTEX_POINT('',#1791);
#1791 = CARTESIAN_POINT('',(-2.15,0.37,1.23));
#1792 = LINE('',#1793,#1794);
#1793 = CARTESIAN_POINT('',(-2.15,0.37,1.23));
#1794 = VECTOR('',#1795,1.);
#1795 = DIRECTION('',(1.,0.,0.));
#1796 = ORIENTED_EDGE('',*,*,#1797,.F.);
#1797 = EDGE_CURVE('',#1798,#1790,#1800,.T.);
#1798 = VERTEX_POINT('',#1799);
#1799 = CARTESIAN_POINT('',(-2.15,-0.37,1.23));
#1800 = LINE('',#1801,#1802);
#1801 = CARTESIAN_POINT('',(-2.15,-0.37,1.23));
#1802 = VECTOR('',#1803,1.);
#1803 = DIRECTION('',(0.,1.,-4.440892098501E-16));
#1804 = ORIENTED_EDGE('',*,*,#1805,.T.);
#1805 = EDGE_CURVE('',#1798,#1806,#1808,.T.);
#1806 = VERTEX_POINT('',#1807);
#1807 = CARTESIAN_POINT('',(-5.E-02,-0.37,1.23));
#1808 = LINE('',#1809,#1810);
#1809 = CARTESIAN_POINT('',(-2.15,-0.37,1.23));
#1810 = VECTOR('',#1811,1.);
#1811 = DIRECTION('',(1.,0.,0.));
#1812 = ORIENTED_EDGE('',*,*,#1813,.T.);
#1813 = EDGE_CURVE('',#1806,#1814,#1816,.T.);
#1814 = VERTEX_POINT('',#1815);
#1815 = CARTESIAN_POINT('',(-5.E-02,-1.98,1.23));
#1816 = LINE('',#1817,#1818);
#1817 = CARTESIAN_POINT('',(-5.E-02,2.72,1.23));
#1818 = VECTOR('',#1819,1.);
#1819 = DIRECTION('',(0.,-1.,6.661338147751E-16));
#1820 = ORIENTED_EDGE('',*,*,#1821,.F.);
#1821 = EDGE_CURVE('',#1822,#1814,#1824,.T.);
#1822 = VERTEX_POINT('',#1823);
#1823 = CARTESIAN_POINT('',(-2.15,-1.98,1.23));
#1824 = LINE('',#1825,#1826);
#1825 = CARTESIAN_POINT('',(-2.15,-1.98,1.23));
#1826 = VECTOR('',#1827,1.);
#1827 = DIRECTION('',(1.,0.,0.));
#1828 = ORIENTED_EDGE('',*,*,#1829,.F.);
#1829 = EDGE_CURVE('',#1830,#1822,#1832,.T.);
#1830 = VERTEX_POINT('',#1831);
#1831 = CARTESIAN_POINT('',(-2.15,-2.72,1.23));
#1832 = LINE('',#1833,#1834);
#1833 = CARTESIAN_POINT('',(-2.15,-2.72,1.23));
#1834 = VECTOR('',#1835,1.);
#1835 = DIRECTION('',(0.,1.,-4.440892098501E-16));
#1836 = ORIENTED_EDGE('',*,*,#1837,.T.);
#1837 = EDGE_CURVE('',#1830,#1838,#1840,.T.);
#1838 = VERTEX_POINT('',#1839);
#1839 = CARTESIAN_POINT('',(5.E-02,-2.72,1.23));
#1840 = LINE('',#1841,#1842);
#1841 = CARTESIAN_POINT('',(-2.15,-2.72,1.23));
#1842 = VECTOR('',#1843,1.);
#1843 = DIRECTION('',(1.,0.,0.));
#1844 = ORIENTED_EDGE('',*,*,#1845,.T.);
#1845 = EDGE_CURVE('',#1838,#1648,#1846,.T.);
#1846 = LINE('',#1847,#1848);
#1847 = CARTESIAN_POINT('',(5.E-02,-1.36,1.23));
#1848 = VECTOR('',#1849,1.);
#1849 = DIRECTION('',(0.,1.,-5.632713004686E-16));
#1850 = PLANE('',#1851);
#1851 = AXIS2_PLACEMENT_3D('',#1852,#1853,#1854);
#1852 = CARTESIAN_POINT('',(2.081668171172E-16,4.440892098501E-16,1.23)
  );
#1853 = DIRECTION('',(0.,5.632713004686E-16,1.));
#1854 = DIRECTION('',(0.,-1.,5.632713004686E-16));
#1855 = ADVANCED_FACE('',(#1856),#1875,.T.);
#1856 = FACE_BOUND('',#1857,.T.);
#1857 = EDGE_LOOP('',(#1858,#1859,#1860,#1868));
#1858 = ORIENTED_EDGE('',*,*,#1765,.T.);
#1859 = ORIENTED_EDGE('',*,*,#1638,.T.);
#1860 = ORIENTED_EDGE('',*,*,#1861,.F.);
#1861 = EDGE_CURVE('',#1862,#1631,#1864,.T.);
#1862 = VERTEX_POINT('',#1863);
#1863 = CARTESIAN_POINT('',(-2.5609829306,1.98,1.014768380891));
#1864 = LINE('',#1865,#1866);
#1865 = CARTESIAN_POINT('',(-2.5609829306,1.98,1.014768380891));
#1866 = VECTOR('',#1867,1.);
#1867 = DIRECTION('',(0.,1.,-4.440892098501E-16));
#1868 = ORIENTED_EDGE('',*,*,#1869,.F.);
#1869 = EDGE_CURVE('',#1766,#1862,#1870,.T.);
#1870 = CIRCLE('',#1871,0.5);
#1871 = AXIS2_PLACEMENT_3D('',#1872,#1873,#1874);
#1872 = CARTESIAN_POINT('',(-2.15,1.98,0.73));
#1873 = DIRECTION('',(0.,-1.,6.661338147751E-16));
#1874 = DIRECTION('',(1.,0.,0.));
#1875 = CYLINDRICAL_SURFACE('',#1876,0.5);
#1876 = AXIS2_PLACEMENT_3D('',#1877,#1878,#1879);
#1877 = CARTESIAN_POINT('',(-2.15,1.98,0.73));
#1878 = DIRECTION('',(0.,-1.,6.661338147751E-16));
#1879 = DIRECTION('',(1.,0.,0.));
#1880 = ADVANCED_FACE('',(#1881),#1899,.F.);
#1881 = FACE_BOUND('',#1882,.F.);
#1882 = EDGE_LOOP('',(#1883,#1891,#1892,#1893));
#1883 = ORIENTED_EDGE('',*,*,#1884,.T.);
#1884 = EDGE_CURVE('',#1885,#1622,#1887,.T.);
#1885 = VERTEX_POINT('',#1886);
#1886 = CARTESIAN_POINT('',(-2.99658975836,1.98,0.386092647644));
#1887 = LINE('',#1888,#1889);
#1888 = CARTESIAN_POINT('',(-2.99658975836,1.98,0.386092647644));
#1889 = VECTOR('',#1890,1.);
#1890 = DIRECTION('',(0.,1.,-4.440892098501E-16));
#1891 = ORIENTED_EDGE('',*,*,#1630,.T.);
#1892 = ORIENTED_EDGE('',*,*,#1861,.F.);
#1893 = ORIENTED_EDGE('',*,*,#1894,.F.);
#1894 = EDGE_CURVE('',#1885,#1862,#1895,.T.);
#1895 = LINE('',#1896,#1897);
#1896 = CARTESIAN_POINT('',(-2.99658975836,1.98,0.386092647644));
#1897 = VECTOR('',#1898,1.);
#1898 = DIRECTION('',(0.569536761782,5.475392547364E-16,0.8219658612));
#1899 = PLANE('',#1900);
#1900 = AXIS2_PLACEMENT_3D('',#1901,#1902,#1903);
#1901 = CARTESIAN_POINT('',(-2.99658975836,1.98,0.386092647644));
#1902 = DIRECTION('',(0.8219658612,-2.529251305203E-16,-0.569536761782)
  );
#1903 = DIRECTION('',(0.569536761782,5.475392547364E-16,0.8219658612));
#1904 = ADVANCED_FACE('',(#1905),#1924,.F.);
#1905 = FACE_BOUND('',#1906,.F.);
#1906 = EDGE_LOOP('',(#1907,#1915,#1916,#1917));
#1907 = ORIENTED_EDGE('',*,*,#1908,.T.);
#1908 = EDGE_CURVE('',#1909,#1614,#1911,.T.);
#1909 = VERTEX_POINT('',#1910);
#1910 = CARTESIAN_POINT('',(-3.1609829306,1.98,0.3));
#1911 = LINE('',#1912,#1913);
#1912 = CARTESIAN_POINT('',(-3.1609829306,1.98,0.3));
#1913 = VECTOR('',#1914,1.);
#1914 = DIRECTION('',(0.,1.,-4.440892098501E-16));
#1915 = ORIENTED_EDGE('',*,*,#1621,.T.);
#1916 = ORIENTED_EDGE('',*,*,#1884,.F.);
#1917 = ORIENTED_EDGE('',*,*,#1918,.F.);
#1918 = EDGE_CURVE('',#1909,#1885,#1919,.T.);
#1919 = CIRCLE('',#1920,0.2);
#1920 = AXIS2_PLACEMENT_3D('',#1921,#1922,#1923);
#1921 = CARTESIAN_POINT('',(-3.1609829306,1.98,0.5));
#1922 = DIRECTION('',(0.,-1.,6.661338147751E-16));
#1923 = DIRECTION('',(1.,0.,0.));
#1924 = CYLINDRICAL_SURFACE('',#1925,0.2);
#1925 = AXIS2_PLACEMENT_3D('',#1926,#1927,#1928);
#1926 = CARTESIAN_POINT('',(-3.1609829306,1.98,0.5));
#1927 = DIRECTION('',(0.,-1.,6.661338147751E-16));
#1928 = DIRECTION('',(1.,0.,0.));
#1929 = ADVANCED_FACE('',(#1930),#1948,.F.);
#1930 = FACE_BOUND('',#1931,.F.);
#1931 = EDGE_LOOP('',(#1932,#1940,#1941,#1942));
#1932 = ORIENTED_EDGE('',*,*,#1933,.T.);
#1933 = EDGE_CURVE('',#1934,#1606,#1936,.T.);
#1934 = VERTEX_POINT('',#1935);
#1935 = CARTESIAN_POINT('',(-3.5,1.98,0.3));
#1936 = LINE('',#1937,#1938);
#1937 = CARTESIAN_POINT('',(-3.5,1.98,0.3));
#1938 = VECTOR('',#1939,1.);
#1939 = DIRECTION('',(0.,1.,-4.440892098501E-16));
#1940 = ORIENTED_EDGE('',*,*,#1613,.T.);
#1941 = ORIENTED_EDGE('',*,*,#1908,.F.);
#1942 = ORIENTED_EDGE('',*,*,#1943,.F.);
#1943 = EDGE_CURVE('',#1934,#1909,#1944,.T.);
#1944 = LINE('',#1945,#1946);
#1945 = CARTESIAN_POINT('',(-3.5,1.98,0.3));
#1946 = VECTOR('',#1947,1.);
#1947 = DIRECTION('',(1.,0.,0.));
#1948 = PLANE('',#1949);
#1949 = AXIS2_PLACEMENT_3D('',#1950,#1951,#1952);
#1950 = CARTESIAN_POINT('',(-3.5,1.98,0.3));
#1951 = DIRECTION('',(0.,-4.440892098501E-16,-1.));
#1952 = DIRECTION('',(1.,0.,0.));
#1953 = ADVANCED_FACE('',(#1954),#1972,.F.);
#1954 = FACE_BOUND('',#1955,.F.);
#1955 = EDGE_LOOP('',(#1956,#1964,#1965,#1966));
#1956 = ORIENTED_EDGE('',*,*,#1957,.T.);
#1957 = EDGE_CURVE('',#1958,#1598,#1960,.T.);
#1958 = VERTEX_POINT('',#1959);
#1959 = CARTESIAN_POINT('',(-3.5,1.98,-1.401101457077E-15));
#1960 = LINE('',#1961,#1962);
#1961 = CARTESIAN_POINT('',(-3.5,1.98,-1.401101457077E-15));
#1962 = VECTOR('',#1963,1.);
#1963 = DIRECTION('',(0.,1.,-4.440892098501E-16));
#1964 = ORIENTED_EDGE('',*,*,#1605,.T.);
#1965 = ORIENTED_EDGE('',*,*,#1933,.F.);
#1966 = ORIENTED_EDGE('',*,*,#1967,.F.);
#1967 = EDGE_CURVE('',#1958,#1934,#1968,.T.);
#1968 = LINE('',#1969,#1970);
#1969 = CARTESIAN_POINT('',(-3.5,1.98,-1.401101457077E-15));
#1970 = VECTOR('',#1971,1.);
#1971 = DIRECTION('',(0.,6.661338147751E-16,1.));
#1972 = PLANE('',#1973);
#1973 = AXIS2_PLACEMENT_3D('',#1974,#1975,#1976);
#1974 = CARTESIAN_POINT('',(-3.5,1.98,-1.401101457077E-15));
#1975 = DIRECTION('',(1.,0.,0.));
#1976 = DIRECTION('',(0.,6.661338147751E-16,1.));
#1977 = ADVANCED_FACE('',(#1978),#1996,.F.);
#1978 = FACE_BOUND('',#1979,.F.);
#1979 = EDGE_LOOP('',(#1980,#1988,#1989,#1990));
#1980 = ORIENTED_EDGE('',*,*,#1981,.T.);
#1981 = EDGE_CURVE('',#1982,#1589,#1984,.T.);
#1982 = VERTEX_POINT('',#1983);
#1983 = CARTESIAN_POINT('',(-3.1609829306,1.98,-1.401101457077E-15));
#1984 = LINE('',#1985,#1986);
#1985 = CARTESIAN_POINT('',(-3.1609829306,1.98,-1.401101457077E-15));
#1986 = VECTOR('',#1987,1.);
#1987 = DIRECTION('',(0.,1.,-4.440892098501E-16));
#1988 = ORIENTED_EDGE('',*,*,#1597,.T.);
#1989 = ORIENTED_EDGE('',*,*,#1957,.F.);
#1990 = ORIENTED_EDGE('',*,*,#1991,.F.);
#1991 = EDGE_CURVE('',#1982,#1958,#1992,.T.);
#1992 = LINE('',#1993,#1994);
#1993 = CARTESIAN_POINT('',(-3.1609829306,1.98,-1.401101457077E-15));
#1994 = VECTOR('',#1995,1.);
#1995 = DIRECTION('',(-1.,0.,0.));
#1996 = PLANE('',#1997);
#1997 = AXIS2_PLACEMENT_3D('',#1998,#1999,#2000);
#1998 = CARTESIAN_POINT('',(-3.1609829306,1.98,-1.401101457077E-15));
#1999 = DIRECTION('',(0.,4.440892098501E-16,1.));
#2000 = DIRECTION('',(-1.,0.,0.));
#2001 = ADVANCED_FACE('',(#2002),#2021,.T.);
#2002 = FACE_BOUND('',#2003,.T.);
#2003 = EDGE_LOOP('',(#2004,#2005,#2006,#2014));
#2004 = ORIENTED_EDGE('',*,*,#1981,.T.);
#2005 = ORIENTED_EDGE('',*,*,#1588,.T.);
#2006 = ORIENTED_EDGE('',*,*,#2007,.F.);
#2007 = EDGE_CURVE('',#2008,#1581,#2010,.T.);
#2008 = VERTEX_POINT('',#2009);
#2009 = CARTESIAN_POINT('',(-2.75,1.98,0.215231619109));
#2010 = LINE('',#2011,#2012);
#2011 = CARTESIAN_POINT('',(-2.75,1.98,0.215231619109));
#2012 = VECTOR('',#2013,1.);
#2013 = DIRECTION('',(0.,1.,-4.440892098501E-16));
#2014 = ORIENTED_EDGE('',*,*,#2015,.F.);
#2015 = EDGE_CURVE('',#1982,#2008,#2016,.T.);
#2016 = CIRCLE('',#2017,0.5);
#2017 = AXIS2_PLACEMENT_3D('',#2018,#2019,#2020);
#2018 = CARTESIAN_POINT('',(-3.1609829306,1.98,0.5));
#2019 = DIRECTION('',(0.,-1.,6.661338147751E-16));
#2020 = DIRECTION('',(1.,0.,0.));
#2021 = CYLINDRICAL_SURFACE('',#2022,0.5);
#2022 = AXIS2_PLACEMENT_3D('',#2023,#2024,#2025);
#2023 = CARTESIAN_POINT('',(-3.1609829306,1.98,0.5));
#2024 = DIRECTION('',(0.,-1.,6.661338147751E-16));
#2025 = DIRECTION('',(1.,0.,0.));
#2026 = ADVANCED_FACE('',(#2027),#2045,.T.);
#2027 = FACE_BOUND('',#2028,.T.);
#2028 = EDGE_LOOP('',(#2029,#2030,#2031,#2039));
#2029 = ORIENTED_EDGE('',*,*,#2007,.T.);
#2030 = ORIENTED_EDGE('',*,*,#1580,.T.);
#2031 = ORIENTED_EDGE('',*,*,#2032,.F.);
#2032 = EDGE_CURVE('',#2033,#1572,#2035,.T.);
#2033 = VERTEX_POINT('',#2034);
#2034 = CARTESIAN_POINT('',(-2.31439317224,1.98,0.843907352356));
#2035 = LINE('',#2036,#2037);
#2036 = CARTESIAN_POINT('',(-2.31439317224,1.98,0.843907352356));
#2037 = VECTOR('',#2038,1.);
#2038 = DIRECTION('',(0.,1.,-4.440892098501E-16));
#2039 = ORIENTED_EDGE('',*,*,#2040,.F.);
#2040 = EDGE_CURVE('',#2008,#2033,#2041,.T.);
#2041 = LINE('',#2042,#2043);
#2042 = CARTESIAN_POINT('',(-2.75,1.98,0.215231619109));
#2043 = VECTOR('',#2044,1.);
#2044 = DIRECTION('',(0.569536761782,5.475392547364E-16,0.8219658612));
#2045 = PLANE('',#2046);
#2046 = AXIS2_PLACEMENT_3D('',#2047,#2048,#2049);
#2047 = CARTESIAN_POINT('',(-2.75,1.98,0.215231619109));
#2048 = DIRECTION('',(0.8219658612,-2.529251305203E-16,-0.569536761782)
  );
#2049 = DIRECTION('',(0.569536761782,5.475392547364E-16,0.8219658612));
#2050 = ADVANCED_FACE('',(#2051),#2063,.F.);
#2051 = FACE_BOUND('',#2052,.F.);
#2052 = EDGE_LOOP('',(#2053,#2054,#2055,#2056));
#2053 = ORIENTED_EDGE('',*,*,#1750,.T.);
#2054 = ORIENTED_EDGE('',*,*,#1571,.T.);
#2055 = ORIENTED_EDGE('',*,*,#2032,.F.);
#2056 = ORIENTED_EDGE('',*,*,#2057,.F.);
#2057 = EDGE_CURVE('',#1743,#2033,#2058,.T.);
#2058 = CIRCLE('',#2059,0.2);
#2059 = AXIS2_PLACEMENT_3D('',#2060,#2061,#2062);
#2060 = CARTESIAN_POINT('',(-2.15,1.98,0.73));
#2061 = DIRECTION('',(0.,-1.,6.661338147751E-16));
#2062 = DIRECTION('',(1.,0.,0.));
#2063 = CYLINDRICAL_SURFACE('',#2064,0.2);
#2064 = AXIS2_PLACEMENT_3D('',#2065,#2066,#2067);
#2065 = CARTESIAN_POINT('',(-2.15,1.98,0.73));
#2066 = DIRECTION('',(0.,-1.,6.661338147751E-16));
#2067 = DIRECTION('',(1.,0.,0.));
#2068 = ADVANCED_FACE('',(#2069),#2088,.F.);
#2069 = FACE_BOUND('',#2070,.F.);
#2070 = EDGE_LOOP('',(#2071,#2072,#2073,#2074,#2075,#2076,#2077,#2078,
    #2079,#2085,#2086,#2087));
#2071 = ORIENTED_EDGE('',*,*,#2015,.F.);
#2072 = ORIENTED_EDGE('',*,*,#1991,.T.);
#2073 = ORIENTED_EDGE('',*,*,#1967,.T.);
#2074 = ORIENTED_EDGE('',*,*,#1943,.T.);
#2075 = ORIENTED_EDGE('',*,*,#1918,.T.);
#2076 = ORIENTED_EDGE('',*,*,#1894,.T.);
#2077 = ORIENTED_EDGE('',*,*,#1869,.F.);
#2078 = ORIENTED_EDGE('',*,*,#1773,.T.);
#2079 = ORIENTED_EDGE('',*,*,#2080,.T.);
#2080 = EDGE_CURVE('',#1774,#1735,#2081,.T.);
#2081 = LINE('',#2082,#2083);
#2082 = CARTESIAN_POINT('',(-5.E-02,1.98,0.872125762236));
#2083 = VECTOR('',#2084,1.);
#2084 = DIRECTION('',(0.,-4.440892098501E-16,-1.));
#2085 = ORIENTED_EDGE('',*,*,#1742,.F.);
#2086 = ORIENTED_EDGE('',*,*,#2057,.T.);
#2087 = ORIENTED_EDGE('',*,*,#2040,.F.);
#2088 = PLANE('',#2089);
#2089 = AXIS2_PLACEMENT_3D('',#2090,#2091,#2092);
#2090 = CARTESIAN_POINT('',(-1.841345451328,1.98,0.814251524472));
#2091 = DIRECTION('',(0.,1.,-4.440892098501E-16));
#2092 = DIRECTION('',(0.,4.440892098501E-16,1.));
#2093 = ADVANCED_FACE('',(#2094),#2105,.T.);
#2094 = FACE_BOUND('',#2095,.T.);
#2095 = EDGE_LOOP('',(#2096,#2097,#2098,#2104));
#2096 = ORIENTED_EDGE('',*,*,#2080,.T.);
#2097 = ORIENTED_EDGE('',*,*,#1734,.T.);
#2098 = ORIENTED_EDGE('',*,*,#2099,.F.);
#2099 = EDGE_CURVE('',#1782,#1727,#2100,.T.);
#2100 = LINE('',#2101,#2102);
#2101 = CARTESIAN_POINT('',(-5.E-02,0.37,0.872125762236));
#2102 = VECTOR('',#2103,1.);
#2103 = DIRECTION('',(0.,-4.440892098501E-16,-1.));
#2104 = ORIENTED_EDGE('',*,*,#1781,.F.);
#2105 = PLANE('',#2106);
#2106 = AXIS2_PLACEMENT_3D('',#2107,#2108,#2109);
#2107 = CARTESIAN_POINT('',(-5.E-02,2.72,0.93));
#2108 = DIRECTION('',(-1.,0.,0.));
#2109 = DIRECTION('',(0.,6.661338147751E-16,1.));
#2110 = ADVANCED_FACE('',(#2111),#2190,.T.);
#2111 = FACE_BOUND('',#2112,.T.);
#2112 = EDGE_LOOP('',(#2113,#2124,#2132,#2140,#2148,#2157,#2165,#2172,
    #2173,#2174,#2175,#2184));
#2113 = ORIENTED_EDGE('',*,*,#2114,.F.);
#2114 = EDGE_CURVE('',#2115,#2117,#2119,.T.);
#2115 = VERTEX_POINT('',#2116);
#2116 = CARTESIAN_POINT('',(-3.1609829306,0.37,-4.252154184314E-16));
#2117 = VERTEX_POINT('',#2118);
#2118 = CARTESIAN_POINT('',(-2.75,0.37,0.215231619109));
#2119 = CIRCLE('',#2120,0.5);
#2120 = AXIS2_PLACEMENT_3D('',#2121,#2122,#2123);
#2121 = CARTESIAN_POINT('',(-3.1609829306,0.37,0.5));
#2122 = DIRECTION('',(0.,-1.,6.661338147751E-16));
#2123 = DIRECTION('',(1.,0.,0.));
#2124 = ORIENTED_EDGE('',*,*,#2125,.T.);
#2125 = EDGE_CURVE('',#2115,#2126,#2128,.T.);
#2126 = VERTEX_POINT('',#2127);
#2127 = CARTESIAN_POINT('',(-3.5,0.37,-4.252154184314E-16));
#2128 = LINE('',#2129,#2130);
#2129 = CARTESIAN_POINT('',(-3.1609829306,0.37,-4.252154184314E-16));
#2130 = VECTOR('',#2131,1.);
#2131 = DIRECTION('',(-1.,0.,0.));
#2132 = ORIENTED_EDGE('',*,*,#2133,.T.);
#2133 = EDGE_CURVE('',#2126,#2134,#2136,.T.);
#2134 = VERTEX_POINT('',#2135);
#2135 = CARTESIAN_POINT('',(-3.5,0.37,0.3));
#2136 = LINE('',#2137,#2138);
#2137 = CARTESIAN_POINT('',(-3.5,0.37,-4.252154184314E-16));
#2138 = VECTOR('',#2139,1.);
#2139 = DIRECTION('',(0.,6.661338147751E-16,1.));
#2140 = ORIENTED_EDGE('',*,*,#2141,.T.);
#2141 = EDGE_CURVE('',#2134,#2142,#2144,.T.);
#2142 = VERTEX_POINT('',#2143);
#2143 = CARTESIAN_POINT('',(-3.1609829306,0.37,0.3));
#2144 = LINE('',#2145,#2146);
#2145 = CARTESIAN_POINT('',(-3.5,0.37,0.3));
#2146 = VECTOR('',#2147,1.);
#2147 = DIRECTION('',(1.,0.,0.));
#2148 = ORIENTED_EDGE('',*,*,#2149,.T.);
#2149 = EDGE_CURVE('',#2142,#2150,#2152,.T.);
#2150 = VERTEX_POINT('',#2151);
#2151 = CARTESIAN_POINT('',(-2.99658975836,0.37,0.386092647644));
#2152 = CIRCLE('',#2153,0.2);
#2153 = AXIS2_PLACEMENT_3D('',#2154,#2155,#2156);
#2154 = CARTESIAN_POINT('',(-3.1609829306,0.37,0.5));
#2155 = DIRECTION('',(0.,-1.,6.661338147751E-16));
#2156 = DIRECTION('',(1.,0.,0.));
#2157 = ORIENTED_EDGE('',*,*,#2158,.T.);
#2158 = EDGE_CURVE('',#2150,#2159,#2161,.T.);
#2159 = VERTEX_POINT('',#2160);
#2160 = CARTESIAN_POINT('',(-2.5609829306,0.37,1.014768380891));
#2161 = LINE('',#2162,#2163);
#2162 = CARTESIAN_POINT('',(-2.99658975836,0.37,0.386092647644));
#2163 = VECTOR('',#2164,1.);
#2164 = DIRECTION('',(0.569536761782,5.475392547364E-16,0.8219658612));
#2165 = ORIENTED_EDGE('',*,*,#2166,.F.);
#2166 = EDGE_CURVE('',#1790,#2159,#2167,.T.);
#2167 = CIRCLE('',#2168,0.5);
#2168 = AXIS2_PLACEMENT_3D('',#2169,#2170,#2171);
#2169 = CARTESIAN_POINT('',(-2.15,0.37,0.73));
#2170 = DIRECTION('',(0.,-1.,6.661338147751E-16));
#2171 = DIRECTION('',(1.,0.,0.));
#2172 = ORIENTED_EDGE('',*,*,#1789,.T.);
#2173 = ORIENTED_EDGE('',*,*,#2099,.T.);
#2174 = ORIENTED_EDGE('',*,*,#1726,.F.);
#2175 = ORIENTED_EDGE('',*,*,#2176,.T.);
#2176 = EDGE_CURVE('',#1719,#2177,#2179,.T.);
#2177 = VERTEX_POINT('',#2178);
#2178 = CARTESIAN_POINT('',(-2.31439317224,0.37,0.843907352356));
#2179 = CIRCLE('',#2180,0.2);
#2180 = AXIS2_PLACEMENT_3D('',#2181,#2182,#2183);
#2181 = CARTESIAN_POINT('',(-2.15,0.37,0.73));
#2182 = DIRECTION('',(0.,-1.,6.661338147751E-16));
#2183 = DIRECTION('',(1.,0.,0.));
#2184 = ORIENTED_EDGE('',*,*,#2185,.F.);
#2185 = EDGE_CURVE('',#2117,#2177,#2186,.T.);
#2186 = LINE('',#2187,#2188);
#2187 = CARTESIAN_POINT('',(-2.75,0.37,0.215231619109));
#2188 = VECTOR('',#2189,1.);
#2189 = DIRECTION('',(0.569536761782,5.475392547364E-16,0.8219658612));
#2190 = PLANE('',#2191);
#2191 = AXIS2_PLACEMENT_3D('',#2192,#2193,#2194);
#2192 = CARTESIAN_POINT('',(-1.841345451328,0.37,0.814251524472));
#2193 = DIRECTION('',(0.,1.,-4.440892098501E-16));
#2194 = DIRECTION('',(0.,4.440892098501E-16,1.));
#2195 = ADVANCED_FACE('',(#2196),#2215,.F.);
#2196 = FACE_BOUND('',#2197,.F.);
#2197 = EDGE_LOOP('',(#2198,#2199,#2200,#2208));
#2198 = ORIENTED_EDGE('',*,*,#1718,.T.);
#2199 = ORIENTED_EDGE('',*,*,#2176,.T.);
#2200 = ORIENTED_EDGE('',*,*,#2201,.F.);
#2201 = EDGE_CURVE('',#2202,#2177,#2204,.T.);
#2202 = VERTEX_POINT('',#2203);
#2203 = CARTESIAN_POINT('',(-2.31439317224,-0.37,0.843907352356));
#2204 = LINE('',#2205,#2206);
#2205 = CARTESIAN_POINT('',(-2.31439317224,-0.37,0.843907352356));
#2206 = VECTOR('',#2207,1.);
#2207 = DIRECTION('',(0.,1.,-4.440892098501E-16));
#2208 = ORIENTED_EDGE('',*,*,#2209,.F.);
#2209 = EDGE_CURVE('',#1711,#2202,#2210,.T.);
#2210 = CIRCLE('',#2211,0.2);
#2211 = AXIS2_PLACEMENT_3D('',#2212,#2213,#2214);
#2212 = CARTESIAN_POINT('',(-2.15,-0.37,0.73));
#2213 = DIRECTION('',(0.,-1.,6.661338147751E-16));
#2214 = DIRECTION('',(1.,0.,0.));
#2215 = CYLINDRICAL_SURFACE('',#2216,0.2);
#2216 = AXIS2_PLACEMENT_3D('',#2217,#2218,#2219);
#2217 = CARTESIAN_POINT('',(-2.15,-0.37,0.73));
#2218 = DIRECTION('',(0.,-1.,6.661338147751E-16));
#2219 = DIRECTION('',(1.,0.,0.));
#2220 = ADVANCED_FACE('',(#2221),#2297,.F.);
#2221 = FACE_BOUND('',#2222,.F.);
#2222 = EDGE_LOOP('',(#2223,#2234,#2242,#2250,#2258,#2267,#2275,#2282,
    #2283,#2289,#2290,#2291));
#2223 = ORIENTED_EDGE('',*,*,#2224,.F.);
#2224 = EDGE_CURVE('',#2225,#2227,#2229,.T.);
#2225 = VERTEX_POINT('',#2226);
#2226 = CARTESIAN_POINT('',(-3.1609829306,-0.37,-9.658940314239E-17));
#2227 = VERTEX_POINT('',#2228);
#2228 = CARTESIAN_POINT('',(-2.75,-0.37,0.215231619109));
#2229 = CIRCLE('',#2230,0.5);
#2230 = AXIS2_PLACEMENT_3D('',#2231,#2232,#2233);
#2231 = CARTESIAN_POINT('',(-3.1609829306,-0.37,0.5));
#2232 = DIRECTION('',(0.,-1.,6.661338147751E-16));
#2233 = DIRECTION('',(1.,0.,0.));
#2234 = ORIENTED_EDGE('',*,*,#2235,.T.);
#2235 = EDGE_CURVE('',#2225,#2236,#2238,.T.);
#2236 = VERTEX_POINT('',#2237);
#2237 = CARTESIAN_POINT('',(-3.5,-0.37,-9.658940314239E-17));
#2238 = LINE('',#2239,#2240);
#2239 = CARTESIAN_POINT('',(-3.1609829306,-0.37,-9.658940314239E-17));
#2240 = VECTOR('',#2241,1.);
#2241 = DIRECTION('',(-1.,0.,0.));
#2242 = ORIENTED_EDGE('',*,*,#2243,.T.);
#2243 = EDGE_CURVE('',#2236,#2244,#2246,.T.);
#2244 = VERTEX_POINT('',#2245);
#2245 = CARTESIAN_POINT('',(-3.5,-0.37,0.3));
#2246 = LINE('',#2247,#2248);
#2247 = CARTESIAN_POINT('',(-3.5,-0.37,-9.658940314239E-17));
#2248 = VECTOR('',#2249,1.);
#2249 = DIRECTION('',(0.,6.661338147751E-16,1.));
#2250 = ORIENTED_EDGE('',*,*,#2251,.T.);
#2251 = EDGE_CURVE('',#2244,#2252,#2254,.T.);
#2252 = VERTEX_POINT('',#2253);
#2253 = CARTESIAN_POINT('',(-3.1609829306,-0.37,0.3));
#2254 = LINE('',#2255,#2256);
#2255 = CARTESIAN_POINT('',(-3.5,-0.37,0.3));
#2256 = VECTOR('',#2257,1.);
#2257 = DIRECTION('',(1.,0.,0.));
#2258 = ORIENTED_EDGE('',*,*,#2259,.T.);
#2259 = EDGE_CURVE('',#2252,#2260,#2262,.T.);
#2260 = VERTEX_POINT('',#2261);
#2261 = CARTESIAN_POINT('',(-2.99658975836,-0.37,0.386092647644));
#2262 = CIRCLE('',#2263,0.2);
#2263 = AXIS2_PLACEMENT_3D('',#2264,#2265,#2266);
#2264 = CARTESIAN_POINT('',(-3.1609829306,-0.37,0.5));
#2265 = DIRECTION('',(0.,-1.,6.661338147751E-16));
#2266 = DIRECTION('',(1.,0.,0.));
#2267 = ORIENTED_EDGE('',*,*,#2268,.T.);
#2268 = EDGE_CURVE('',#2260,#2269,#2271,.T.);
#2269 = VERTEX_POINT('',#2270);
#2270 = CARTESIAN_POINT('',(-2.5609829306,-0.37,1.014768380891));
#2271 = LINE('',#2272,#2273);
#2272 = CARTESIAN_POINT('',(-2.99658975836,-0.37,0.386092647644));
#2273 = VECTOR('',#2274,1.);
#2274 = DIRECTION('',(0.569536761782,5.475392547364E-16,0.8219658612));
#2275 = ORIENTED_EDGE('',*,*,#2276,.F.);
#2276 = EDGE_CURVE('',#1798,#2269,#2277,.T.);
#2277 = CIRCLE('',#2278,0.5);
#2278 = AXIS2_PLACEMENT_3D('',#2279,#2280,#2281);
#2279 = CARTESIAN_POINT('',(-2.15,-0.37,0.73));
#2280 = DIRECTION('',(0.,-1.,6.661338147751E-16));
#2281 = DIRECTION('',(1.,0.,0.));
#2282 = ORIENTED_EDGE('',*,*,#1805,.T.);
#2283 = ORIENTED_EDGE('',*,*,#2284,.T.);
#2284 = EDGE_CURVE('',#1806,#1703,#2285,.T.);
#2285 = LINE('',#2286,#2287);
#2286 = CARTESIAN_POINT('',(-5.E-02,-0.37,0.872125762236));
#2287 = VECTOR('',#2288,1.);
#2288 = DIRECTION('',(0.,-4.440892098501E-16,-1.));
#2289 = ORIENTED_EDGE('',*,*,#1710,.F.);
#2290 = ORIENTED_EDGE('',*,*,#2209,.T.);
#2291 = ORIENTED_EDGE('',*,*,#2292,.F.);
#2292 = EDGE_CURVE('',#2227,#2202,#2293,.T.);
#2293 = LINE('',#2294,#2295);
#2294 = CARTESIAN_POINT('',(-2.75,-0.37,0.215231619109));
#2295 = VECTOR('',#2296,1.);
#2296 = DIRECTION('',(0.569536761782,5.475392547364E-16,0.8219658612));
#2297 = PLANE('',#2298);
#2298 = AXIS2_PLACEMENT_3D('',#2299,#2300,#2301);
#2299 = CARTESIAN_POINT('',(-1.841345451328,-0.37,0.814251524472));
#2300 = DIRECTION('',(0.,1.,-4.440892098501E-16));
#2301 = DIRECTION('',(0.,4.440892098501E-16,1.));
#2302 = ADVANCED_FACE('',(#2303),#2314,.T.);
#2303 = FACE_BOUND('',#2304,.T.);
#2304 = EDGE_LOOP('',(#2305,#2306,#2307,#2313));
#2305 = ORIENTED_EDGE('',*,*,#2284,.T.);
#2306 = ORIENTED_EDGE('',*,*,#1702,.T.);
#2307 = ORIENTED_EDGE('',*,*,#2308,.F.);
#2308 = EDGE_CURVE('',#1814,#1695,#2309,.T.);
#2309 = LINE('',#2310,#2311);
#2310 = CARTESIAN_POINT('',(-5.E-02,-1.98,0.872125762236));
#2311 = VECTOR('',#2312,1.);
#2312 = DIRECTION('',(0.,-4.440892098501E-16,-1.));
#2313 = ORIENTED_EDGE('',*,*,#1813,.F.);
#2314 = PLANE('',#2315);
#2315 = AXIS2_PLACEMENT_3D('',#2316,#2317,#2318);
#2316 = CARTESIAN_POINT('',(-5.E-02,2.72,0.93));
#2317 = DIRECTION('',(-1.,0.,0.));
#2318 = DIRECTION('',(0.,6.661338147751E-16,1.));
#2319 = ADVANCED_FACE('',(#2320),#2399,.T.);
#2320 = FACE_BOUND('',#2321,.T.);
#2321 = EDGE_LOOP('',(#2322,#2333,#2341,#2349,#2357,#2366,#2374,#2381,
    #2382,#2383,#2384,#2393));
#2322 = ORIENTED_EDGE('',*,*,#2323,.F.);
#2323 = EDGE_CURVE('',#2324,#2326,#2328,.T.);
#2324 = VERTEX_POINT('',#2325);
#2325 = CARTESIAN_POINT('',(-3.1609829306,-1.98,8.792966355031E-16));
#2326 = VERTEX_POINT('',#2327);
#2327 = CARTESIAN_POINT('',(-2.75,-1.98,0.215231619109));
#2328 = CIRCLE('',#2329,0.5);
#2329 = AXIS2_PLACEMENT_3D('',#2330,#2331,#2332);
#2330 = CARTESIAN_POINT('',(-3.1609829306,-1.98,0.5));
#2331 = DIRECTION('',(0.,-1.,6.661338147751E-16));
#2332 = DIRECTION('',(1.,0.,0.));
#2333 = ORIENTED_EDGE('',*,*,#2334,.T.);
#2334 = EDGE_CURVE('',#2324,#2335,#2337,.T.);
#2335 = VERTEX_POINT('',#2336);
#2336 = CARTESIAN_POINT('',(-3.5,-1.98,8.792966355031E-16));
#2337 = LINE('',#2338,#2339);
#2338 = CARTESIAN_POINT('',(-3.1609829306,-1.98,8.792966355031E-16));
#2339 = VECTOR('',#2340,1.);
#2340 = DIRECTION('',(-1.,0.,0.));
#2341 = ORIENTED_EDGE('',*,*,#2342,.T.);
#2342 = EDGE_CURVE('',#2335,#2343,#2345,.T.);
#2343 = VERTEX_POINT('',#2344);
#2344 = CARTESIAN_POINT('',(-3.5,-1.98,0.3));
#2345 = LINE('',#2346,#2347);
#2346 = CARTESIAN_POINT('',(-3.5,-1.98,8.792966355031E-16));
#2347 = VECTOR('',#2348,1.);
#2348 = DIRECTION('',(0.,6.661338147751E-16,1.));
#2349 = ORIENTED_EDGE('',*,*,#2350,.T.);
#2350 = EDGE_CURVE('',#2343,#2351,#2353,.T.);
#2351 = VERTEX_POINT('',#2352);
#2352 = CARTESIAN_POINT('',(-3.1609829306,-1.98,0.3));
#2353 = LINE('',#2354,#2355);
#2354 = CARTESIAN_POINT('',(-3.5,-1.98,0.3));
#2355 = VECTOR('',#2356,1.);
#2356 = DIRECTION('',(1.,0.,0.));
#2357 = ORIENTED_EDGE('',*,*,#2358,.T.);
#2358 = EDGE_CURVE('',#2351,#2359,#2361,.T.);
#2359 = VERTEX_POINT('',#2360);
#2360 = CARTESIAN_POINT('',(-2.99658975836,-1.98,0.386092647644));
#2361 = CIRCLE('',#2362,0.2);
#2362 = AXIS2_PLACEMENT_3D('',#2363,#2364,#2365);
#2363 = CARTESIAN_POINT('',(-3.1609829306,-1.98,0.5));
#2364 = DIRECTION('',(0.,-1.,6.661338147751E-16));
#2365 = DIRECTION('',(1.,0.,0.));
#2366 = ORIENTED_EDGE('',*,*,#2367,.T.);
#2367 = EDGE_CURVE('',#2359,#2368,#2370,.T.);
#2368 = VERTEX_POINT('',#2369);
#2369 = CARTESIAN_POINT('',(-2.5609829306,-1.98,1.014768380891));
#2370 = LINE('',#2371,#2372);
#2371 = CARTESIAN_POINT('',(-2.99658975836,-1.98,0.386092647644));
#2372 = VECTOR('',#2373,1.);
#2373 = DIRECTION('',(0.569536761782,5.475392547364E-16,0.8219658612));
#2374 = ORIENTED_EDGE('',*,*,#2375,.F.);
#2375 = EDGE_CURVE('',#1822,#2368,#2376,.T.);
#2376 = CIRCLE('',#2377,0.5);
#2377 = AXIS2_PLACEMENT_3D('',#2378,#2379,#2380);
#2378 = CARTESIAN_POINT('',(-2.15,-1.98,0.73));
#2379 = DIRECTION('',(0.,-1.,6.661338147751E-16));
#2380 = DIRECTION('',(1.,0.,0.));
#2381 = ORIENTED_EDGE('',*,*,#1821,.T.);
#2382 = ORIENTED_EDGE('',*,*,#2308,.T.);
#2383 = ORIENTED_EDGE('',*,*,#1694,.F.);
#2384 = ORIENTED_EDGE('',*,*,#2385,.T.);
#2385 = EDGE_CURVE('',#1687,#2386,#2388,.T.);
#2386 = VERTEX_POINT('',#2387);
#2387 = CARTESIAN_POINT('',(-2.31439317224,-1.98,0.843907352356));
#2388 = CIRCLE('',#2389,0.2);
#2389 = AXIS2_PLACEMENT_3D('',#2390,#2391,#2392);
#2390 = CARTESIAN_POINT('',(-2.15,-1.98,0.73));
#2391 = DIRECTION('',(0.,-1.,6.661338147751E-16));
#2392 = DIRECTION('',(1.,0.,0.));
#2393 = ORIENTED_EDGE('',*,*,#2394,.F.);
#2394 = EDGE_CURVE('',#2326,#2386,#2395,.T.);
#2395 = LINE('',#2396,#2397);
#2396 = CARTESIAN_POINT('',(-2.75,-1.98,0.215231619109));
#2397 = VECTOR('',#2398,1.);
#2398 = DIRECTION('',(0.569536761782,5.475392547364E-16,0.8219658612));
#2399 = PLANE('',#2400);
#2400 = AXIS2_PLACEMENT_3D('',#2401,#2402,#2403);
#2401 = CARTESIAN_POINT('',(-1.841345451328,-1.98,0.814251524472));
#2402 = DIRECTION('',(0.,1.,-4.440892098501E-16));
#2403 = DIRECTION('',(0.,4.440892098501E-16,1.));
#2404 = ADVANCED_FACE('',(#2405),#2424,.F.);
#2405 = FACE_BOUND('',#2406,.F.);
#2406 = EDGE_LOOP('',(#2407,#2408,#2409,#2417));
#2407 = ORIENTED_EDGE('',*,*,#1686,.T.);
#2408 = ORIENTED_EDGE('',*,*,#2385,.T.);
#2409 = ORIENTED_EDGE('',*,*,#2410,.F.);
#2410 = EDGE_CURVE('',#2411,#2386,#2413,.T.);
#2411 = VERTEX_POINT('',#2412);
#2412 = CARTESIAN_POINT('',(-2.31439317224,-2.72,0.843907352356));
#2413 = LINE('',#2414,#2415);
#2414 = CARTESIAN_POINT('',(-2.31439317224,-2.72,0.843907352356));
#2415 = VECTOR('',#2416,1.);
#2416 = DIRECTION('',(0.,1.,-4.440892098501E-16));
#2417 = ORIENTED_EDGE('',*,*,#2418,.F.);
#2418 = EDGE_CURVE('',#1679,#2411,#2419,.T.);
#2419 = CIRCLE('',#2420,0.2);
#2420 = AXIS2_PLACEMENT_3D('',#2421,#2422,#2423);
#2421 = CARTESIAN_POINT('',(-2.15,-2.72,0.73));
#2422 = DIRECTION('',(0.,-1.,6.661338147751E-16));
#2423 = DIRECTION('',(1.,0.,0.));
#2424 = CYLINDRICAL_SURFACE('',#2425,0.2);
#2425 = AXIS2_PLACEMENT_3D('',#2426,#2427,#2428);
#2426 = CARTESIAN_POINT('',(-2.15,-2.72,0.73));
#2427 = DIRECTION('',(0.,-1.,6.661338147751E-16));
#2428 = DIRECTION('',(1.,0.,0.));
#2429 = ADVANCED_FACE('',(#2430),#2506,.T.);
#2430 = FACE_BOUND('',#2431,.T.);
#2431 = EDGE_LOOP('',(#2432,#2433,#2439,#2440,#2449,#2457,#2466,#2474,
    #2482,#2490,#2499,#2505));
#2432 = ORIENTED_EDGE('',*,*,#1678,.F.);
#2433 = ORIENTED_EDGE('',*,*,#2434,.T.);
#2434 = EDGE_CURVE('',#1671,#1838,#2435,.T.);
#2435 = LINE('',#2436,#2437);
#2436 = CARTESIAN_POINT('',(5.E-02,-2.72,0.));
#2437 = VECTOR('',#2438,1.);
#2438 = DIRECTION('',(0.,0.,1.));
#2439 = ORIENTED_EDGE('',*,*,#1837,.F.);
#2440 = ORIENTED_EDGE('',*,*,#2441,.T.);
#2441 = EDGE_CURVE('',#1830,#2442,#2444,.T.);
#2442 = VERTEX_POINT('',#2443);
#2443 = CARTESIAN_POINT('',(-2.5609829306,-2.72,1.014768380891));
#2444 = CIRCLE('',#2445,0.5);
#2445 = AXIS2_PLACEMENT_3D('',#2446,#2447,#2448);
#2446 = CARTESIAN_POINT('',(-2.15,-2.72,0.73));
#2447 = DIRECTION('',(0.,-1.,6.661338147751E-16));
#2448 = DIRECTION('',(1.,0.,0.));
#2449 = ORIENTED_EDGE('',*,*,#2450,.F.);
#2450 = EDGE_CURVE('',#2451,#2442,#2453,.T.);
#2451 = VERTEX_POINT('',#2452);
#2452 = CARTESIAN_POINT('',(-2.99658975836,-2.72,0.386092647644));
#2453 = LINE('',#2454,#2455);
#2454 = CARTESIAN_POINT('',(-2.99658975836,-2.72,0.386092647644));
#2455 = VECTOR('',#2456,1.);
#2456 = DIRECTION('',(0.569536761782,5.475392547364E-16,0.8219658612));
#2457 = ORIENTED_EDGE('',*,*,#2458,.F.);
#2458 = EDGE_CURVE('',#2459,#2451,#2461,.T.);
#2459 = VERTEX_POINT('',#2460);
#2460 = CARTESIAN_POINT('',(-3.1609829306,-2.72,0.3));
#2461 = CIRCLE('',#2462,0.2);
#2462 = AXIS2_PLACEMENT_3D('',#2463,#2464,#2465);
#2463 = CARTESIAN_POINT('',(-3.1609829306,-2.72,0.5));
#2464 = DIRECTION('',(0.,-1.,6.661338147751E-16));
#2465 = DIRECTION('',(1.,0.,0.));
#2466 = ORIENTED_EDGE('',*,*,#2467,.F.);
#2467 = EDGE_CURVE('',#2468,#2459,#2470,.T.);
#2468 = VERTEX_POINT('',#2469);
#2469 = CARTESIAN_POINT('',(-3.5,-2.72,0.3));
#2470 = LINE('',#2471,#2472);
#2471 = CARTESIAN_POINT('',(-3.5,-2.72,0.3));
#2472 = VECTOR('',#2473,1.);
#2473 = DIRECTION('',(1.,0.,0.));
#2474 = ORIENTED_EDGE('',*,*,#2475,.F.);
#2475 = EDGE_CURVE('',#2476,#2468,#2478,.T.);
#2476 = VERTEX_POINT('',#2477);
#2477 = CARTESIAN_POINT('',(-3.5,-2.72,1.207922650792E-15));
#2478 = LINE('',#2479,#2480);
#2479 = CARTESIAN_POINT('',(-3.5,-2.72,1.207922650792E-15));
#2480 = VECTOR('',#2481,1.);
#2481 = DIRECTION('',(0.,6.661338147751E-16,1.));
#2482 = ORIENTED_EDGE('',*,*,#2483,.F.);
#2483 = EDGE_CURVE('',#2484,#2476,#2486,.T.);
#2484 = VERTEX_POINT('',#2485);
#2485 = CARTESIAN_POINT('',(-3.1609829306,-2.72,1.207922650792E-15));
#2486 = LINE('',#2487,#2488);
#2487 = CARTESIAN_POINT('',(-3.1609829306,-2.72,1.207922650792E-15));
#2488 = VECTOR('',#2489,1.);
#2489 = DIRECTION('',(-1.,0.,0.));
#2490 = ORIENTED_EDGE('',*,*,#2491,.T.);
#2491 = EDGE_CURVE('',#2484,#2492,#2494,.T.);
#2492 = VERTEX_POINT('',#2493);
#2493 = CARTESIAN_POINT('',(-2.75,-2.72,0.215231619109));
#2494 = CIRCLE('',#2495,0.5);
#2495 = AXIS2_PLACEMENT_3D('',#2496,#2497,#2498);
#2496 = CARTESIAN_POINT('',(-3.1609829306,-2.72,0.5));
#2497 = DIRECTION('',(0.,-1.,6.661338147751E-16));
#2498 = DIRECTION('',(1.,0.,0.));
#2499 = ORIENTED_EDGE('',*,*,#2500,.T.);
#2500 = EDGE_CURVE('',#2492,#2411,#2501,.T.);
#2501 = LINE('',#2502,#2503);
#2502 = CARTESIAN_POINT('',(-2.75,-2.72,0.215231619109));
#2503 = VECTOR('',#2504,1.);
#2504 = DIRECTION('',(0.569536761782,5.475392547364E-16,0.8219658612));
#2505 = ORIENTED_EDGE('',*,*,#2418,.F.);
#2506 = PLANE('',#2507);
#2507 = AXIS2_PLACEMENT_3D('',#2508,#2509,#2510);
#2508 = CARTESIAN_POINT('',(-6.245004513517E-17,-2.72,0.804472616241));
#2509 = DIRECTION('',(0.,-1.,5.652809516552E-16));
#2510 = DIRECTION('',(0.,5.652809516552E-16,1.));
#2511 = ADVANCED_FACE('',(#2512),#2523,.T.);
#2512 = FACE_BOUND('',#2513,.T.);
#2513 = EDGE_LOOP('',(#2514,#2515,#2516,#2522));
#2514 = ORIENTED_EDGE('',*,*,#1829,.T.);
#2515 = ORIENTED_EDGE('',*,*,#2375,.T.);
#2516 = ORIENTED_EDGE('',*,*,#2517,.F.);
#2517 = EDGE_CURVE('',#2442,#2368,#2518,.T.);
#2518 = LINE('',#2519,#2520);
#2519 = CARTESIAN_POINT('',(-2.5609829306,-2.72,1.014768380891));
#2520 = VECTOR('',#2521,1.);
#2521 = DIRECTION('',(0.,1.,-4.440892098501E-16));
#2522 = ORIENTED_EDGE('',*,*,#2441,.F.);
#2523 = CYLINDRICAL_SURFACE('',#2524,0.5);
#2524 = AXIS2_PLACEMENT_3D('',#2525,#2526,#2527);
#2525 = CARTESIAN_POINT('',(-2.15,-2.72,0.73));
#2526 = DIRECTION('',(0.,-1.,6.661338147751E-16));
#2527 = DIRECTION('',(1.,0.,0.));
#2528 = ADVANCED_FACE('',(#2529),#2540,.T.);
#2529 = FACE_BOUND('',#2530,.T.);
#2530 = EDGE_LOOP('',(#2531,#2532,#2533,#2539));
#2531 = ORIENTED_EDGE('',*,*,#1797,.T.);
#2532 = ORIENTED_EDGE('',*,*,#2166,.T.);
#2533 = ORIENTED_EDGE('',*,*,#2534,.F.);
#2534 = EDGE_CURVE('',#2269,#2159,#2535,.T.);
#2535 = LINE('',#2536,#2537);
#2536 = CARTESIAN_POINT('',(-2.5609829306,-0.37,1.014768380891));
#2537 = VECTOR('',#2538,1.);
#2538 = DIRECTION('',(0.,1.,-4.440892098501E-16));
#2539 = ORIENTED_EDGE('',*,*,#2276,.F.);
#2540 = CYLINDRICAL_SURFACE('',#2541,0.5);
#2541 = AXIS2_PLACEMENT_3D('',#2542,#2543,#2544);
#2542 = CARTESIAN_POINT('',(-2.15,-0.37,0.73));
#2543 = DIRECTION('',(0.,-1.,6.661338147751E-16));
#2544 = DIRECTION('',(1.,0.,0.));
#2545 = ADVANCED_FACE('',(#2546),#2562,.T.);
#2546 = FACE_BOUND('',#2547,.T.);
#2547 = EDGE_LOOP('',(#2548,#2554,#2555,#2561));
#2548 = ORIENTED_EDGE('',*,*,#2549,.T.);
#2549 = EDGE_CURVE('',#2225,#2115,#2550,.T.);
#2550 = LINE('',#2551,#2552);
#2551 = CARTESIAN_POINT('',(-3.1609829306,-0.37,-9.658940314239E-17));
#2552 = VECTOR('',#2553,1.);
#2553 = DIRECTION('',(0.,1.,-4.440892098501E-16));
#2554 = ORIENTED_EDGE('',*,*,#2114,.T.);
#2555 = ORIENTED_EDGE('',*,*,#2556,.F.);
#2556 = EDGE_CURVE('',#2227,#2117,#2557,.T.);
#2557 = LINE('',#2558,#2559);
#2558 = CARTESIAN_POINT('',(-2.75,-0.37,0.215231619109));
#2559 = VECTOR('',#2560,1.);
#2560 = DIRECTION('',(0.,1.,-4.440892098501E-16));
#2561 = ORIENTED_EDGE('',*,*,#2224,.F.);
#2562 = CYLINDRICAL_SURFACE('',#2563,0.5);
#2563 = AXIS2_PLACEMENT_3D('',#2564,#2565,#2566);
#2564 = CARTESIAN_POINT('',(-3.1609829306,-0.37,0.5));
#2565 = DIRECTION('',(0.,-1.,6.661338147751E-16));
#2566 = DIRECTION('',(1.,0.,0.));
#2567 = ADVANCED_FACE('',(#2568),#2574,.T.);
#2568 = FACE_BOUND('',#2569,.T.);
#2569 = EDGE_LOOP('',(#2570,#2571,#2572,#2573));
#2570 = ORIENTED_EDGE('',*,*,#2556,.T.);
#2571 = ORIENTED_EDGE('',*,*,#2185,.T.);
#2572 = ORIENTED_EDGE('',*,*,#2201,.F.);
#2573 = ORIENTED_EDGE('',*,*,#2292,.F.);
#2574 = PLANE('',#2575);
#2575 = AXIS2_PLACEMENT_3D('',#2576,#2577,#2578);
#2576 = CARTESIAN_POINT('',(-2.75,-0.37,0.215231619109));
#2577 = DIRECTION('',(0.8219658612,-2.529251305203E-16,-0.569536761782)
  );
#2578 = DIRECTION('',(0.569536761782,5.475392547364E-16,0.8219658612));
#2579 = ADVANCED_FACE('',(#2580),#2591,.F.);
#2580 = FACE_BOUND('',#2581,.F.);
#2581 = EDGE_LOOP('',(#2582,#2588,#2589,#2590));
#2582 = ORIENTED_EDGE('',*,*,#2583,.T.);
#2583 = EDGE_CURVE('',#2260,#2150,#2584,.T.);
#2584 = LINE('',#2585,#2586);
#2585 = CARTESIAN_POINT('',(-2.99658975836,-0.37,0.386092647644));
#2586 = VECTOR('',#2587,1.);
#2587 = DIRECTION('',(0.,1.,-4.440892098501E-16));
#2588 = ORIENTED_EDGE('',*,*,#2158,.T.);
#2589 = ORIENTED_EDGE('',*,*,#2534,.F.);
#2590 = ORIENTED_EDGE('',*,*,#2268,.F.);
#2591 = PLANE('',#2592);
#2592 = AXIS2_PLACEMENT_3D('',#2593,#2594,#2595);
#2593 = CARTESIAN_POINT('',(-2.99658975836,-0.37,0.386092647644));
#2594 = DIRECTION('',(0.8219658612,-2.529251305203E-16,-0.569536761782)
  );
#2595 = DIRECTION('',(0.569536761782,5.475392547364E-16,0.8219658612));
#2596 = ADVANCED_FACE('',(#2597),#2608,.F.);
#2597 = FACE_BOUND('',#2598,.F.);
#2598 = EDGE_LOOP('',(#2599,#2605,#2606,#2607));
#2599 = ORIENTED_EDGE('',*,*,#2600,.T.);
#2600 = EDGE_CURVE('',#2252,#2142,#2601,.T.);
#2601 = LINE('',#2602,#2603);
#2602 = CARTESIAN_POINT('',(-3.1609829306,-0.37,0.3));
#2603 = VECTOR('',#2604,1.);
#2604 = DIRECTION('',(0.,1.,-4.440892098501E-16));
#2605 = ORIENTED_EDGE('',*,*,#2149,.T.);
#2606 = ORIENTED_EDGE('',*,*,#2583,.F.);
#2607 = ORIENTED_EDGE('',*,*,#2259,.F.);
#2608 = CYLINDRICAL_SURFACE('',#2609,0.2);
#2609 = AXIS2_PLACEMENT_3D('',#2610,#2611,#2612);
#2610 = CARTESIAN_POINT('',(-3.1609829306,-0.37,0.5));
#2611 = DIRECTION('',(0.,-1.,6.661338147751E-16));
#2612 = DIRECTION('',(1.,0.,0.));
#2613 = ADVANCED_FACE('',(#2614),#2625,.F.);
#2614 = FACE_BOUND('',#2615,.F.);
#2615 = EDGE_LOOP('',(#2616,#2622,#2623,#2624));
#2616 = ORIENTED_EDGE('',*,*,#2617,.T.);
#2617 = EDGE_CURVE('',#2244,#2134,#2618,.T.);
#2618 = LINE('',#2619,#2620);
#2619 = CARTESIAN_POINT('',(-3.5,-0.37,0.3));
#2620 = VECTOR('',#2621,1.);
#2621 = DIRECTION('',(0.,1.,-4.440892098501E-16));
#2622 = ORIENTED_EDGE('',*,*,#2141,.T.);
#2623 = ORIENTED_EDGE('',*,*,#2600,.F.);
#2624 = ORIENTED_EDGE('',*,*,#2251,.F.);
#2625 = PLANE('',#2626);
#2626 = AXIS2_PLACEMENT_3D('',#2627,#2628,#2629);
#2627 = CARTESIAN_POINT('',(-3.5,-0.37,0.3));
#2628 = DIRECTION('',(0.,-4.440892098501E-16,-1.));
#2629 = DIRECTION('',(1.,0.,0.));
#2630 = ADVANCED_FACE('',(#2631),#2642,.F.);
#2631 = FACE_BOUND('',#2632,.F.);
#2632 = EDGE_LOOP('',(#2633,#2639,#2640,#2641));
#2633 = ORIENTED_EDGE('',*,*,#2634,.T.);
#2634 = EDGE_CURVE('',#2236,#2126,#2635,.T.);
#2635 = LINE('',#2636,#2637);
#2636 = CARTESIAN_POINT('',(-3.5,-0.37,-9.658940314239E-17));
#2637 = VECTOR('',#2638,1.);
#2638 = DIRECTION('',(0.,1.,-4.440892098501E-16));
#2639 = ORIENTED_EDGE('',*,*,#2133,.T.);
#2640 = ORIENTED_EDGE('',*,*,#2617,.F.);
#2641 = ORIENTED_EDGE('',*,*,#2243,.F.);
#2642 = PLANE('',#2643);
#2643 = AXIS2_PLACEMENT_3D('',#2644,#2645,#2646);
#2644 = CARTESIAN_POINT('',(-3.5,-0.37,-9.658940314239E-17));
#2645 = DIRECTION('',(1.,0.,0.));
#2646 = DIRECTION('',(0.,6.661338147751E-16,1.));
#2647 = ADVANCED_FACE('',(#2648),#2654,.F.);
#2648 = FACE_BOUND('',#2649,.F.);
#2649 = EDGE_LOOP('',(#2650,#2651,#2652,#2653));
#2650 = ORIENTED_EDGE('',*,*,#2549,.T.);
#2651 = ORIENTED_EDGE('',*,*,#2125,.T.);
#2652 = ORIENTED_EDGE('',*,*,#2634,.F.);
#2653 = ORIENTED_EDGE('',*,*,#2235,.F.);
#2654 = PLANE('',#2655);
#2655 = AXIS2_PLACEMENT_3D('',#2656,#2657,#2658);
#2656 = CARTESIAN_POINT('',(-3.1609829306,-0.37,-9.658940314239E-17));
#2657 = DIRECTION('',(0.,4.440892098501E-16,1.));
#2658 = DIRECTION('',(-1.,0.,0.));
#2659 = ADVANCED_FACE('',(#2660),#2676,.T.);
#2660 = FACE_BOUND('',#2661,.T.);
#2661 = EDGE_LOOP('',(#2662,#2668,#2669,#2675));
#2662 = ORIENTED_EDGE('',*,*,#2663,.T.);
#2663 = EDGE_CURVE('',#2484,#2324,#2664,.T.);
#2664 = LINE('',#2665,#2666);
#2665 = CARTESIAN_POINT('',(-3.1609829306,-2.72,1.207922650792E-15));
#2666 = VECTOR('',#2667,1.);
#2667 = DIRECTION('',(0.,1.,-4.440892098501E-16));
#2668 = ORIENTED_EDGE('',*,*,#2323,.T.);
#2669 = ORIENTED_EDGE('',*,*,#2670,.F.);
#2670 = EDGE_CURVE('',#2492,#2326,#2671,.T.);
#2671 = LINE('',#2672,#2673);
#2672 = CARTESIAN_POINT('',(-2.75,-2.72,0.215231619109));
#2673 = VECTOR('',#2674,1.);
#2674 = DIRECTION('',(0.,1.,-4.440892098501E-16));
#2675 = ORIENTED_EDGE('',*,*,#2491,.F.);
#2676 = CYLINDRICAL_SURFACE('',#2677,0.5);
#2677 = AXIS2_PLACEMENT_3D('',#2678,#2679,#2680);
#2678 = CARTESIAN_POINT('',(-3.1609829306,-2.72,0.5));
#2679 = DIRECTION('',(0.,-1.,6.661338147751E-16));
#2680 = DIRECTION('',(1.,0.,0.));
#2681 = ADVANCED_FACE('',(#2682),#2688,.T.);
#2682 = FACE_BOUND('',#2683,.T.);
#2683 = EDGE_LOOP('',(#2684,#2685,#2686,#2687));
#2684 = ORIENTED_EDGE('',*,*,#2670,.T.);
#2685 = ORIENTED_EDGE('',*,*,#2394,.T.);
#2686 = ORIENTED_EDGE('',*,*,#2410,.F.);
#2687 = ORIENTED_EDGE('',*,*,#2500,.F.);
#2688 = PLANE('',#2689);
#2689 = AXIS2_PLACEMENT_3D('',#2690,#2691,#2692);
#2690 = CARTESIAN_POINT('',(-2.75,-2.72,0.215231619109));
#2691 = DIRECTION('',(0.8219658612,-2.529251305203E-16,-0.569536761782)
  );
#2692 = DIRECTION('',(0.569536761782,5.475392547364E-16,0.8219658612));
#2693 = ADVANCED_FACE('',(#2694),#2705,.F.);
#2694 = FACE_BOUND('',#2695,.F.);
#2695 = EDGE_LOOP('',(#2696,#2702,#2703,#2704));
#2696 = ORIENTED_EDGE('',*,*,#2697,.T.);
#2697 = EDGE_CURVE('',#2451,#2359,#2698,.T.);
#2698 = LINE('',#2699,#2700);
#2699 = CARTESIAN_POINT('',(-2.99658975836,-2.72,0.386092647644));
#2700 = VECTOR('',#2701,1.);
#2701 = DIRECTION('',(0.,1.,-4.440892098501E-16));
#2702 = ORIENTED_EDGE('',*,*,#2367,.T.);
#2703 = ORIENTED_EDGE('',*,*,#2517,.F.);
#2704 = ORIENTED_EDGE('',*,*,#2450,.F.);
#2705 = PLANE('',#2706);
#2706 = AXIS2_PLACEMENT_3D('',#2707,#2708,#2709);
#2707 = CARTESIAN_POINT('',(-2.99658975836,-2.72,0.386092647644));
#2708 = DIRECTION('',(0.8219658612,-2.529251305203E-16,-0.569536761782)
  );
#2709 = DIRECTION('',(0.569536761782,5.475392547364E-16,0.8219658612));
#2710 = ADVANCED_FACE('',(#2711),#2722,.F.);
#2711 = FACE_BOUND('',#2712,.F.);
#2712 = EDGE_LOOP('',(#2713,#2719,#2720,#2721));
#2713 = ORIENTED_EDGE('',*,*,#2714,.T.);
#2714 = EDGE_CURVE('',#2459,#2351,#2715,.T.);
#2715 = LINE('',#2716,#2717);
#2716 = CARTESIAN_POINT('',(-3.1609829306,-2.72,0.3));
#2717 = VECTOR('',#2718,1.);
#2718 = DIRECTION('',(0.,1.,-4.440892098501E-16));
#2719 = ORIENTED_EDGE('',*,*,#2358,.T.);
#2720 = ORIENTED_EDGE('',*,*,#2697,.F.);
#2721 = ORIENTED_EDGE('',*,*,#2458,.F.);
#2722 = CYLINDRICAL_SURFACE('',#2723,0.2);
#2723 = AXIS2_PLACEMENT_3D('',#2724,#2725,#2726);
#2724 = CARTESIAN_POINT('',(-3.1609829306,-2.72,0.5));
#2725 = DIRECTION('',(0.,-1.,6.661338147751E-16));
#2726 = DIRECTION('',(1.,0.,0.));
#2727 = ADVANCED_FACE('',(#2728),#2739,.F.);
#2728 = FACE_BOUND('',#2729,.F.);
#2729 = EDGE_LOOP('',(#2730,#2736,#2737,#2738));
#2730 = ORIENTED_EDGE('',*,*,#2731,.T.);
#2731 = EDGE_CURVE('',#2468,#2343,#2732,.T.);
#2732 = LINE('',#2733,#2734);
#2733 = CARTESIAN_POINT('',(-3.5,-2.72,0.3));
#2734 = VECTOR('',#2735,1.);
#2735 = DIRECTION('',(0.,1.,-4.440892098501E-16));
#2736 = ORIENTED_EDGE('',*,*,#2350,.T.);
#2737 = ORIENTED_EDGE('',*,*,#2714,.F.);
#2738 = ORIENTED_EDGE('',*,*,#2467,.F.);
#2739 = PLANE('',#2740);
#2740 = AXIS2_PLACEMENT_3D('',#2741,#2742,#2743);
#2741 = CARTESIAN_POINT('',(-3.5,-2.72,0.3));
#2742 = DIRECTION('',(0.,-4.440892098501E-16,-1.));
#2743 = DIRECTION('',(1.,0.,0.));
#2744 = ADVANCED_FACE('',(#2745),#2756,.F.);
#2745 = FACE_BOUND('',#2746,.F.);
#2746 = EDGE_LOOP('',(#2747,#2753,#2754,#2755));
#2747 = ORIENTED_EDGE('',*,*,#2748,.T.);
#2748 = EDGE_CURVE('',#2476,#2335,#2749,.T.);
#2749 = LINE('',#2750,#2751);
#2750 = CARTESIAN_POINT('',(-3.5,-2.72,1.207922650792E-15));
#2751 = VECTOR('',#2752,1.);
#2752 = DIRECTION('',(0.,1.,-4.440892098501E-16));
#2753 = ORIENTED_EDGE('',*,*,#2342,.T.);
#2754 = ORIENTED_EDGE('',*,*,#2731,.F.);
#2755 = ORIENTED_EDGE('',*,*,#2475,.F.);
#2756 = PLANE('',#2757);
#2757 = AXIS2_PLACEMENT_3D('',#2758,#2759,#2760);
#2758 = CARTESIAN_POINT('',(-3.5,-2.72,1.207922650792E-15));
#2759 = DIRECTION('',(1.,0.,0.));
#2760 = DIRECTION('',(0.,6.661338147751E-16,1.));
#2761 = ADVANCED_FACE('',(#2762),#2768,.F.);
#2762 = FACE_BOUND('',#2763,.F.);
#2763 = EDGE_LOOP('',(#2764,#2765,#2766,#2767));
#2764 = ORIENTED_EDGE('',*,*,#2663,.T.);
#2765 = ORIENTED_EDGE('',*,*,#2334,.T.);
#2766 = ORIENTED_EDGE('',*,*,#2748,.F.);
#2767 = ORIENTED_EDGE('',*,*,#2483,.F.);
#2768 = PLANE('',#2769);
#2769 = AXIS2_PLACEMENT_3D('',#2770,#2771,#2772);
#2770 = CARTESIAN_POINT('',(-3.1609829306,-2.72,1.207922650792E-15));
#2771 = DIRECTION('',(0.,4.440892098501E-16,1.));
#2772 = DIRECTION('',(-1.,0.,0.));
#2773 = ADVANCED_FACE('',(#2774),#2780,.T.);
#2774 = FACE_BOUND('',#2775,.T.);
#2775 = EDGE_LOOP('',(#2776,#2777,#2778,#2779));
#2776 = ORIENTED_EDGE('',*,*,#1845,.F.);
#2777 = ORIENTED_EDGE('',*,*,#2434,.F.);
#2778 = ORIENTED_EDGE('',*,*,#1670,.F.);
#2779 = ORIENTED_EDGE('',*,*,#1655,.T.);
#2780 = PLANE('',#2781);
#2781 = AXIS2_PLACEMENT_3D('',#2782,#2783,#2784);
#2782 = CARTESIAN_POINT('',(5.E-02,-2.22044604925E-16,1.08));
#2783 = DIRECTION('',(1.,0.,0.));
#2784 = DIRECTION('',(0.,0.,1.));
#2785 = ( GEOMETRIC_REPRESENTATION_CONTEXT(3) 
GLOBAL_UNCERTAINTY_ASSIGNED_CONTEXT((#2789)) 
GLOBAL_UNIT_ASSIGNED_CONTEXT((#2786,#2787,#2788)) REPRESENTATION_CONTEXT
('Context #1','3D Context with UNIT and UNCERTAINTY') );
#2786 = ( LENGTH_UNIT() NAMED_UNIT(*) SI_UNIT(.MILLI.,.METRE.) );
#2787 = ( NAMED_UNIT(*) PLANE_ANGLE_UNIT() SI_UNIT($,.RADIAN.) );
#2788 = ( NAMED_UNIT(*) SI_UNIT($,.STERADIAN.) SOLID_ANGLE_UNIT() );
#2789 = UNCERTAINTY_MEASURE_WITH_UNIT(LENGTH_MEASURE(5.E-07),#2786,
  'distance_accuracy_value','confusion accuracy');
#2790 = CONTEXT_DEPENDENT_SHAPE_REPRESENTATION(#2791,#2793);
#2791 = ( REPRESENTATION_RELATIONSHIP('','',#1554,#10) 
REPRESENTATION_RELATIONSHIP_WITH_TRANSFORMATION(#2792) 
SHAPE_REPRESENTATION_RELATIONSHIP() );
#2792 = ITEM_DEFINED_TRANSFORMATION('','',#11,#23);
#2793 = PRODUCT_DEFINITION_SHAPE('Placement','Placement of an item',
  #2794);
#2794 = NEXT_ASSEMBLY_USAGE_OCCURRENCE('7','Pins','',#5,#1549,$);
#2795 = PRODUCT_RELATED_PRODUCT_CATEGORY('part',$,(#1551));
#2796 = SHAPE_DEFINITION_REPRESENTATION(#2797,#2803);
#2797 = PRODUCT_DEFINITION_SHAPE('','',#2798);
#2798 = PRODUCT_DEFINITION('design','',#2799,#2802);
#2799 = PRODUCT_DEFINITION_FORMATION('','',#2800);
#2800 = PRODUCT('Pin_Tab','Pin_Tab','',(#2801));
#2801 = PRODUCT_CONTEXT('',#2,'mechanical');
#2802 = PRODUCT_DEFINITION_CONTEXT('part definition',#2,'design');
#2803 = ADVANCED_BREP_SHAPE_REPRESENTATION('',(#11,#2804),#3226);
#2804 = MANIFOLD_SOLID_BREP('',#2805);
#2805 = CLOSED_SHELL('',(#2806,#2846,#2877,#2908,#2941,#2972,#3005,#3036
    ,#3067,#3100,#3142,#3164,#3189,#3214));
#2806 = ADVANCED_FACE('',(#2807),#2841,.F.);
#2807 = FACE_BOUND('',#2808,.F.);
#2808 = EDGE_LOOP('',(#2809,#2819,#2827,#2835));
#2809 = ORIENTED_EDGE('',*,*,#2810,.T.);
#2810 = EDGE_CURVE('',#2811,#2813,#2815,.T.);
#2811 = VERTEX_POINT('',#2812);
#2812 = CARTESIAN_POINT('',(3.1609829306,1.5,0.));
#2813 = VERTEX_POINT('',#2814);
#2814 = CARTESIAN_POINT('',(3.1609829306,-1.5,0.));
#2815 = LINE('',#2816,#2817);
#2816 = CARTESIAN_POINT('',(3.1609829306,1.5,0.));
#2817 = VECTOR('',#2818,1.);
#2818 = DIRECTION('',(-1.224646799147E-16,-1.,0.));
#2819 = ORIENTED_EDGE('',*,*,#2820,.T.);
#2820 = EDGE_CURVE('',#2813,#2821,#2823,.T.);
#2821 = VERTEX_POINT('',#2822);
#2822 = CARTESIAN_POINT('',(3.5,-1.5,0.));
#2823 = LINE('',#2824,#2825);
#2824 = CARTESIAN_POINT('',(3.1609829306,-1.5,0.));
#2825 = VECTOR('',#2826,1.);
#2826 = DIRECTION('',(1.,-1.224646799147E-16,0.));
#2827 = ORIENTED_EDGE('',*,*,#2828,.F.);
#2828 = EDGE_CURVE('',#2829,#2821,#2831,.T.);
#2829 = VERTEX_POINT('',#2830);
#2830 = CARTESIAN_POINT('',(3.5,1.5,0.));
#2831 = LINE('',#2832,#2833);
#2832 = CARTESIAN_POINT('',(3.5,1.5,0.));
#2833 = VECTOR('',#2834,1.);
#2834 = DIRECTION('',(-1.224646799147E-16,-1.,0.));
#2835 = ORIENTED_EDGE('',*,*,#2836,.F.);
#2836 = EDGE_CURVE('',#2811,#2829,#2837,.T.);
#2837 = LINE('',#2838,#2839);
#2838 = CARTESIAN_POINT('',(3.1609829306,1.5,0.));
#2839 = VECTOR('',#2840,1.);
#2840 = DIRECTION('',(1.,-1.224646799147E-16,0.));
#2841 = PLANE('',#2842);
#2842 = AXIS2_PLACEMENT_3D('',#2843,#2844,#2845);
#2843 = CARTESIAN_POINT('',(3.1609829306,1.5,0.));
#2844 = DIRECTION('',(0.,0.,1.));
#2845 = DIRECTION('',(1.,-1.224646799147E-16,0.));
#2846 = ADVANCED_FACE('',(#2847),#2872,.F.);
#2847 = FACE_BOUND('',#2848,.F.);
#2848 = EDGE_LOOP('',(#2849,#2850,#2858,#2866));
#2849 = ORIENTED_EDGE('',*,*,#2828,.T.);
#2850 = ORIENTED_EDGE('',*,*,#2851,.T.);
#2851 = EDGE_CURVE('',#2821,#2852,#2854,.T.);
#2852 = VERTEX_POINT('',#2853);
#2853 = CARTESIAN_POINT('',(3.5,-1.5,0.3));
#2854 = LINE('',#2855,#2856);
#2855 = CARTESIAN_POINT('',(3.5,-1.5,0.));
#2856 = VECTOR('',#2857,1.);
#2857 = DIRECTION('',(-2.719262146894E-32,-2.22044604925E-16,1.));
#2858 = ORIENTED_EDGE('',*,*,#2859,.F.);
#2859 = EDGE_CURVE('',#2860,#2852,#2862,.T.);
#2860 = VERTEX_POINT('',#2861);
#2861 = CARTESIAN_POINT('',(3.5,1.5,0.3));
#2862 = LINE('',#2863,#2864);
#2863 = CARTESIAN_POINT('',(3.5,1.5,0.3));
#2864 = VECTOR('',#2865,1.);
#2865 = DIRECTION('',(-1.224646799147E-16,-1.,0.));
#2866 = ORIENTED_EDGE('',*,*,#2867,.F.);
#2867 = EDGE_CURVE('',#2829,#2860,#2868,.T.);
#2868 = LINE('',#2869,#2870);
#2869 = CARTESIAN_POINT('',(3.5,1.5,0.));
#2870 = VECTOR('',#2871,1.);
#2871 = DIRECTION('',(-2.719262146894E-32,-2.22044604925E-16,1.));
#2872 = PLANE('',#2873);
#2873 = AXIS2_PLACEMENT_3D('',#2874,#2875,#2876);
#2874 = CARTESIAN_POINT('',(3.5,1.5,0.));
#2875 = DIRECTION('',(-1.,1.224646799147E-16,0.));
#2876 = DIRECTION('',(-2.719262146894E-32,-2.22044604925E-16,1.));
#2877 = ADVANCED_FACE('',(#2878),#2903,.F.);
#2878 = FACE_BOUND('',#2879,.F.);
#2879 = EDGE_LOOP('',(#2880,#2881,#2889,#2897));
#2880 = ORIENTED_EDGE('',*,*,#2859,.T.);
#2881 = ORIENTED_EDGE('',*,*,#2882,.T.);
#2882 = EDGE_CURVE('',#2852,#2883,#2885,.T.);
#2883 = VERTEX_POINT('',#2884);
#2884 = CARTESIAN_POINT('',(3.1609829306,-1.5,0.3));
#2885 = LINE('',#2886,#2887);
#2886 = CARTESIAN_POINT('',(3.5,-1.5,0.3));
#2887 = VECTOR('',#2888,1.);
#2888 = DIRECTION('',(-1.,1.224646799147E-16,0.));
#2889 = ORIENTED_EDGE('',*,*,#2890,.F.);
#2890 = EDGE_CURVE('',#2891,#2883,#2893,.T.);
#2891 = VERTEX_POINT('',#2892);
#2892 = CARTESIAN_POINT('',(3.1609829306,1.5,0.3));
#2893 = LINE('',#2894,#2895);
#2894 = CARTESIAN_POINT('',(3.1609829306,1.5,0.3));
#2895 = VECTOR('',#2896,1.);
#2896 = DIRECTION('',(-1.224646799147E-16,-1.,0.));
#2897 = ORIENTED_EDGE('',*,*,#2898,.F.);
#2898 = EDGE_CURVE('',#2860,#2891,#2899,.T.);
#2899 = LINE('',#2900,#2901);
#2900 = CARTESIAN_POINT('',(3.5,1.5,0.3));
#2901 = VECTOR('',#2902,1.);
#2902 = DIRECTION('',(-1.,1.224646799147E-16,0.));
#2903 = PLANE('',#2904);
#2904 = AXIS2_PLACEMENT_3D('',#2905,#2906,#2907);
#2905 = CARTESIAN_POINT('',(3.5,1.5,0.3));
#2906 = DIRECTION('',(-0.,0.,-1.));
#2907 = DIRECTION('',(-1.,1.224646799147E-16,0.));
#2908 = ADVANCED_FACE('',(#2909),#2936,.F.);
#2909 = FACE_BOUND('',#2910,.F.);
#2910 = EDGE_LOOP('',(#2911,#2912,#2921,#2929));
#2911 = ORIENTED_EDGE('',*,*,#2890,.T.);
#2912 = ORIENTED_EDGE('',*,*,#2913,.T.);
#2913 = EDGE_CURVE('',#2883,#2914,#2916,.T.);
#2914 = VERTEX_POINT('',#2915);
#2915 = CARTESIAN_POINT('',(2.99658975836,-1.5,0.386092647644));
#2916 = CIRCLE('',#2917,0.2);
#2917 = AXIS2_PLACEMENT_3D('',#2918,#2919,#2920);
#2918 = CARTESIAN_POINT('',(3.1609829306,-1.5,0.5));
#2919 = DIRECTION('',(1.224646799147E-16,1.,2.22044604925E-16));
#2920 = DIRECTION('',(-1.,1.224646799147E-16,0.));
#2921 = ORIENTED_EDGE('',*,*,#2922,.F.);
#2922 = EDGE_CURVE('',#2923,#2914,#2925,.T.);
#2923 = VERTEX_POINT('',#2924);
#2924 = CARTESIAN_POINT('',(2.99658975836,1.5,0.386092647644));
#2925 = LINE('',#2926,#2927);
#2926 = CARTESIAN_POINT('',(2.99658975836,1.5,0.386092647644));
#2927 = VECTOR('',#2928,1.);
#2928 = DIRECTION('',(-1.224646799147E-16,-1.,0.));
#2929 = ORIENTED_EDGE('',*,*,#2930,.F.);
#2930 = EDGE_CURVE('',#2891,#2923,#2931,.T.);
#2931 = CIRCLE('',#2932,0.2);
#2932 = AXIS2_PLACEMENT_3D('',#2933,#2934,#2935);
#2933 = CARTESIAN_POINT('',(3.1609829306,1.5,0.5));
#2934 = DIRECTION('',(1.224646799147E-16,1.,2.22044604925E-16));
#2935 = DIRECTION('',(-1.,1.224646799147E-16,0.));
#2936 = CYLINDRICAL_SURFACE('',#2937,0.2);
#2937 = AXIS2_PLACEMENT_3D('',#2938,#2939,#2940);
#2938 = CARTESIAN_POINT('',(3.1609829306,1.5,0.5));
#2939 = DIRECTION('',(1.224646799147E-16,1.,2.22044604925E-16));
#2940 = DIRECTION('',(-1.,1.224646799147E-16,0.));
#2941 = ADVANCED_FACE('',(#2942),#2967,.F.);
#2942 = FACE_BOUND('',#2943,.F.);
#2943 = EDGE_LOOP('',(#2944,#2945,#2953,#2961));
#2944 = ORIENTED_EDGE('',*,*,#2922,.T.);
#2945 = ORIENTED_EDGE('',*,*,#2946,.T.);
#2946 = EDGE_CURVE('',#2914,#2947,#2949,.T.);
#2947 = VERTEX_POINT('',#2948);
#2948 = CARTESIAN_POINT('',(2.5609829306,-1.5,1.014768380891));
#2949 = LINE('',#2950,#2951);
#2950 = CARTESIAN_POINT('',(2.99658975836,-1.5,0.386092647644));
#2951 = VECTOR('',#2952,1.);
#2952 = DIRECTION('',(-0.569536761782,-1.127649476808E-16,0.8219658612)
  );
#2953 = ORIENTED_EDGE('',*,*,#2954,.F.);
#2954 = EDGE_CURVE('',#2955,#2947,#2957,.T.);
#2955 = VERTEX_POINT('',#2956);
#2956 = CARTESIAN_POINT('',(2.5609829306,1.5,1.014768380891));
#2957 = LINE('',#2958,#2959);
#2958 = CARTESIAN_POINT('',(2.5609829306,1.5,1.014768380891));
#2959 = VECTOR('',#2960,1.);
#2960 = DIRECTION('',(-1.224646799147E-16,-1.,0.));
#2961 = ORIENTED_EDGE('',*,*,#2962,.F.);
#2962 = EDGE_CURVE('',#2923,#2955,#2963,.T.);
#2963 = LINE('',#2964,#2965);
#2964 = CARTESIAN_POINT('',(2.99658975836,1.5,0.386092647644));
#2965 = VECTOR('',#2966,1.);
#2966 = DIRECTION('',(-0.569536761782,-1.127649476808E-16,0.8219658612)
  );
#2967 = PLANE('',#2968);
#2968 = AXIS2_PLACEMENT_3D('',#2969,#2970,#2971);
#2969 = CARTESIAN_POINT('',(2.99658975836,1.5,0.386092647644));
#2970 = DIRECTION('',(-0.8219658612,1.006617860928E-16,-0.569536761782)
  );
#2971 = DIRECTION('',(-0.569536761782,-1.127649476808E-16,0.8219658612)
  );
#2972 = ADVANCED_FACE('',(#2973),#3000,.T.);
#2973 = FACE_BOUND('',#2974,.T.);
#2974 = EDGE_LOOP('',(#2975,#2985,#2992,#2993));
#2975 = ORIENTED_EDGE('',*,*,#2976,.T.);
#2976 = EDGE_CURVE('',#2977,#2979,#2981,.T.);
#2977 = VERTEX_POINT('',#2978);
#2978 = CARTESIAN_POINT('',(2.15,1.5,1.23));
#2979 = VERTEX_POINT('',#2980);
#2980 = CARTESIAN_POINT('',(2.15,-1.5,1.23));
#2981 = LINE('',#2982,#2983);
#2982 = CARTESIAN_POINT('',(2.15,1.5,1.23));
#2983 = VECTOR('',#2984,1.);
#2984 = DIRECTION('',(-1.224646799147E-16,-1.,0.));
#2985 = ORIENTED_EDGE('',*,*,#2986,.T.);
#2986 = EDGE_CURVE('',#2979,#2947,#2987,.T.);
#2987 = CIRCLE('',#2988,0.5);
#2988 = AXIS2_PLACEMENT_3D('',#2989,#2990,#2991);
#2989 = CARTESIAN_POINT('',(2.15,-1.5,0.73));
#2990 = DIRECTION('',(1.224646799147E-16,1.,2.22044604925E-16));
#2991 = DIRECTION('',(-1.,1.224646799147E-16,0.));
#2992 = ORIENTED_EDGE('',*,*,#2954,.F.);
#2993 = ORIENTED_EDGE('',*,*,#2994,.F.);
#2994 = EDGE_CURVE('',#2977,#2955,#2995,.T.);
#2995 = CIRCLE('',#2996,0.5);
#2996 = AXIS2_PLACEMENT_3D('',#2997,#2998,#2999);
#2997 = CARTESIAN_POINT('',(2.15,1.5,0.73));
#2998 = DIRECTION('',(1.224646799147E-16,1.,2.22044604925E-16));
#2999 = DIRECTION('',(-1.,1.224646799147E-16,0.));
#3000 = CYLINDRICAL_SURFACE('',#3001,0.5);
#3001 = AXIS2_PLACEMENT_3D('',#3002,#3003,#3004);
#3002 = CARTESIAN_POINT('',(2.15,1.5,0.73));
#3003 = DIRECTION('',(1.224646799147E-16,1.,2.22044604925E-16));
#3004 = DIRECTION('',(-1.,1.224646799147E-16,0.));
#3005 = ADVANCED_FACE('',(#3006),#3031,.F.);
#3006 = FACE_BOUND('',#3007,.F.);
#3007 = EDGE_LOOP('',(#3008,#3009,#3017,#3025));
#3008 = ORIENTED_EDGE('',*,*,#2976,.T.);
#3009 = ORIENTED_EDGE('',*,*,#3010,.T.);
#3010 = EDGE_CURVE('',#2979,#3011,#3013,.T.);
#3011 = VERTEX_POINT('',#3012);
#3012 = CARTESIAN_POINT('',(-1.836970198721E-16,-1.5,1.23));
#3013 = LINE('',#3014,#3015);
#3014 = CARTESIAN_POINT('',(2.15,-1.5,1.23));
#3015 = VECTOR('',#3016,1.);
#3016 = DIRECTION('',(-1.,1.224646799147E-16,0.));
#3017 = ORIENTED_EDGE('',*,*,#3018,.F.);
#3018 = EDGE_CURVE('',#3019,#3011,#3021,.T.);
#3019 = VERTEX_POINT('',#3020);
#3020 = CARTESIAN_POINT('',(1.836970198721E-16,1.5,1.23));
#3021 = LINE('',#3022,#3023);
#3022 = CARTESIAN_POINT('',(1.836970198721E-16,1.5,1.23));
#3023 = VECTOR('',#3024,1.);
#3024 = DIRECTION('',(-1.224646799147E-16,-1.,0.));
#3025 = ORIENTED_EDGE('',*,*,#3026,.F.);
#3026 = EDGE_CURVE('',#2977,#3019,#3027,.T.);
#3027 = LINE('',#3028,#3029);
#3028 = CARTESIAN_POINT('',(2.15,1.5,1.23));
#3029 = VECTOR('',#3030,1.);
#3030 = DIRECTION('',(-1.,1.224646799147E-16,0.));
#3031 = PLANE('',#3032);
#3032 = AXIS2_PLACEMENT_3D('',#3033,#3034,#3035);
#3033 = CARTESIAN_POINT('',(2.15,1.5,1.23));
#3034 = DIRECTION('',(-0.,0.,-1.));
#3035 = DIRECTION('',(-1.,1.224646799147E-16,0.));
#3036 = ADVANCED_FACE('',(#3037),#3062,.F.);
#3037 = FACE_BOUND('',#3038,.F.);
#3038 = EDGE_LOOP('',(#3039,#3040,#3048,#3056));
#3039 = ORIENTED_EDGE('',*,*,#3018,.T.);
#3040 = ORIENTED_EDGE('',*,*,#3041,.T.);
#3041 = EDGE_CURVE('',#3011,#3042,#3044,.T.);
#3042 = VERTEX_POINT('',#3043);
#3043 = CARTESIAN_POINT('',(-1.836970198721E-16,-1.5,0.93));
#3044 = LINE('',#3045,#3046);
#3045 = CARTESIAN_POINT('',(-1.836970198721E-16,-1.5,1.23));
#3046 = VECTOR('',#3047,1.);
#3047 = DIRECTION('',(2.719262146894E-32,2.22044604925E-16,-1.));
#3048 = ORIENTED_EDGE('',*,*,#3049,.F.);
#3049 = EDGE_CURVE('',#3050,#3042,#3052,.T.);
#3050 = VERTEX_POINT('',#3051);
#3051 = CARTESIAN_POINT('',(1.836970198721E-16,1.5,0.93));
#3052 = LINE('',#3053,#3054);
#3053 = CARTESIAN_POINT('',(1.836970198721E-16,1.5,0.93));
#3054 = VECTOR('',#3055,1.);
#3055 = DIRECTION('',(-1.224646799147E-16,-1.,0.));
#3056 = ORIENTED_EDGE('',*,*,#3057,.F.);
#3057 = EDGE_CURVE('',#3019,#3050,#3058,.T.);
#3058 = LINE('',#3059,#3060);
#3059 = CARTESIAN_POINT('',(1.836970198721E-16,1.5,1.23));
#3060 = VECTOR('',#3061,1.);
#3061 = DIRECTION('',(2.719262146894E-32,2.22044604925E-16,-1.));
#3062 = PLANE('',#3063);
#3063 = AXIS2_PLACEMENT_3D('',#3064,#3065,#3066);
#3064 = CARTESIAN_POINT('',(1.836970198721E-16,1.5,1.23));
#3065 = DIRECTION('',(1.,-1.224646799147E-16,0.));
#3066 = DIRECTION('',(2.719262146894E-32,2.22044604925E-16,-1.));
#3067 = ADVANCED_FACE('',(#3068),#3095,.T.);
#3068 = FACE_BOUND('',#3069,.T.);
#3069 = EDGE_LOOP('',(#3070,#3071,#3080,#3088));
#3070 = ORIENTED_EDGE('',*,*,#2810,.T.);
#3071 = ORIENTED_EDGE('',*,*,#3072,.T.);
#3072 = EDGE_CURVE('',#2813,#3073,#3075,.T.);
#3073 = VERTEX_POINT('',#3074);
#3074 = CARTESIAN_POINT('',(2.75,-1.5,0.215231619109));
#3075 = CIRCLE('',#3076,0.5);
#3076 = AXIS2_PLACEMENT_3D('',#3077,#3078,#3079);
#3077 = CARTESIAN_POINT('',(3.1609829306,-1.5,0.5));
#3078 = DIRECTION('',(1.224646799147E-16,1.,2.22044604925E-16));
#3079 = DIRECTION('',(-1.,1.224646799147E-16,0.));
#3080 = ORIENTED_EDGE('',*,*,#3081,.F.);
#3081 = EDGE_CURVE('',#3082,#3073,#3084,.T.);
#3082 = VERTEX_POINT('',#3083);
#3083 = CARTESIAN_POINT('',(2.75,1.5,0.215231619109));
#3084 = LINE('',#3085,#3086);
#3085 = CARTESIAN_POINT('',(2.75,1.5,0.215231619109));
#3086 = VECTOR('',#3087,1.);
#3087 = DIRECTION('',(-1.224646799147E-16,-1.,0.));
#3088 = ORIENTED_EDGE('',*,*,#3089,.F.);
#3089 = EDGE_CURVE('',#2811,#3082,#3090,.T.);
#3090 = CIRCLE('',#3091,0.5);
#3091 = AXIS2_PLACEMENT_3D('',#3092,#3093,#3094);
#3092 = CARTESIAN_POINT('',(3.1609829306,1.5,0.5));
#3093 = DIRECTION('',(1.224646799147E-16,1.,2.22044604925E-16));
#3094 = DIRECTION('',(-1.,1.224646799147E-16,0.));
#3095 = CYLINDRICAL_SURFACE('',#3096,0.5);
#3096 = AXIS2_PLACEMENT_3D('',#3097,#3098,#3099);
#3097 = CARTESIAN_POINT('',(3.1609829306,1.5,0.5));
#3098 = DIRECTION('',(1.224646799147E-16,1.,2.22044604925E-16));
#3099 = DIRECTION('',(-1.,1.224646799147E-16,0.));
#3100 = ADVANCED_FACE('',(#3101),#3137,.F.);
#3101 = FACE_BOUND('',#3102,.F.);
#3102 = EDGE_LOOP('',(#3103,#3113,#3122,#3130));
#3103 = ORIENTED_EDGE('',*,*,#3104,.T.);
#3104 = EDGE_CURVE('',#3105,#3107,#3109,.T.);
#3105 = VERTEX_POINT('',#3106);
#3106 = CARTESIAN_POINT('',(2.15,1.5,0.93));
#3107 = VERTEX_POINT('',#3108);
#3108 = CARTESIAN_POINT('',(2.15,-1.5,0.93));
#3109 = LINE('',#3110,#3111);
#3110 = CARTESIAN_POINT('',(2.15,1.5,0.93));
#3111 = VECTOR('',#3112,1.);
#3112 = DIRECTION('',(-1.224646799147E-16,-1.,0.));
#3113 = ORIENTED_EDGE('',*,*,#3114,.T.);
#3114 = EDGE_CURVE('',#3107,#3115,#3117,.T.);
#3115 = VERTEX_POINT('',#3116);
#3116 = CARTESIAN_POINT('',(2.31439317224,-1.5,0.843907352356));
#3117 = CIRCLE('',#3118,0.2);
#3118 = AXIS2_PLACEMENT_3D('',#3119,#3120,#3121);
#3119 = CARTESIAN_POINT('',(2.15,-1.5,0.73));
#3120 = DIRECTION('',(1.224646799147E-16,1.,2.22044604925E-16));
#3121 = DIRECTION('',(-1.,1.224646799147E-16,0.));
#3122 = ORIENTED_EDGE('',*,*,#3123,.F.);
#3123 = EDGE_CURVE('',#3124,#3115,#3126,.T.);
#3124 = VERTEX_POINT('',#3125);
#3125 = CARTESIAN_POINT('',(2.31439317224,1.5,0.843907352356));
#3126 = LINE('',#3127,#3128);
#3127 = CARTESIAN_POINT('',(2.31439317224,1.5,0.843907352356));
#3128 = VECTOR('',#3129,1.);
#3129 = DIRECTION('',(-1.224646799147E-16,-1.,0.));
#3130 = ORIENTED_EDGE('',*,*,#3131,.F.);
#3131 = EDGE_CURVE('',#3105,#3124,#3132,.T.);
#3132 = CIRCLE('',#3133,0.2);
#3133 = AXIS2_PLACEMENT_3D('',#3134,#3135,#3136);
#3134 = CARTESIAN_POINT('',(2.15,1.5,0.73));
#3135 = DIRECTION('',(1.224646799147E-16,1.,2.22044604925E-16));
#3136 = DIRECTION('',(-1.,1.224646799147E-16,0.));
#3137 = CYLINDRICAL_SURFACE('',#3138,0.2);
#3138 = AXIS2_PLACEMENT_3D('',#3139,#3140,#3141);
#3139 = CARTESIAN_POINT('',(2.15,1.5,0.73));
#3140 = DIRECTION('',(1.224646799147E-16,1.,2.22044604925E-16));
#3141 = DIRECTION('',(-1.,1.224646799147E-16,0.));
#3142 = ADVANCED_FACE('',(#3143),#3159,.T.);
#3143 = FACE_BOUND('',#3144,.T.);
#3144 = EDGE_LOOP('',(#3145,#3146,#3152,#3153));
#3145 = ORIENTED_EDGE('',*,*,#3081,.T.);
#3146 = ORIENTED_EDGE('',*,*,#3147,.T.);
#3147 = EDGE_CURVE('',#3073,#3115,#3148,.T.);
#3148 = LINE('',#3149,#3150);
#3149 = CARTESIAN_POINT('',(2.75,-1.5,0.215231619109));
#3150 = VECTOR('',#3151,1.);
#3151 = DIRECTION('',(-0.569536761782,-1.127649476808E-16,0.8219658612)
  );
#3152 = ORIENTED_EDGE('',*,*,#3123,.F.);
#3153 = ORIENTED_EDGE('',*,*,#3154,.F.);
#3154 = EDGE_CURVE('',#3082,#3124,#3155,.T.);
#3155 = LINE('',#3156,#3157);
#3156 = CARTESIAN_POINT('',(2.75,1.5,0.215231619109));
#3157 = VECTOR('',#3158,1.);
#3158 = DIRECTION('',(-0.569536761782,-1.127649476808E-16,0.8219658612)
  );
#3159 = PLANE('',#3160);
#3160 = AXIS2_PLACEMENT_3D('',#3161,#3162,#3163);
#3161 = CARTESIAN_POINT('',(2.75,1.5,0.215231619109));
#3162 = DIRECTION('',(-0.8219658612,1.006617860928E-16,-0.569536761782)
  );
#3163 = DIRECTION('',(-0.569536761782,-1.127649476808E-16,0.8219658612)
  );
#3164 = ADVANCED_FACE('',(#3165),#3184,.F.);
#3165 = FACE_BOUND('',#3166,.F.);
#3166 = EDGE_LOOP('',(#3167,#3168,#3169,#3170,#3171,#3172,#3173,#3174,
    #3175,#3181,#3182,#3183));
#3167 = ORIENTED_EDGE('',*,*,#2836,.T.);
#3168 = ORIENTED_EDGE('',*,*,#2867,.T.);
#3169 = ORIENTED_EDGE('',*,*,#2898,.T.);
#3170 = ORIENTED_EDGE('',*,*,#2930,.T.);
#3171 = ORIENTED_EDGE('',*,*,#2962,.T.);
#3172 = ORIENTED_EDGE('',*,*,#2994,.F.);
#3173 = ORIENTED_EDGE('',*,*,#3026,.T.);
#3174 = ORIENTED_EDGE('',*,*,#3057,.T.);
#3175 = ORIENTED_EDGE('',*,*,#3176,.F.);
#3176 = EDGE_CURVE('',#3105,#3050,#3177,.T.);
#3177 = LINE('',#3178,#3179);
#3178 = CARTESIAN_POINT('',(2.15,1.5,0.93));
#3179 = VECTOR('',#3180,1.);
#3180 = DIRECTION('',(-1.,1.224646799147E-16,0.));
#3181 = ORIENTED_EDGE('',*,*,#3131,.T.);
#3182 = ORIENTED_EDGE('',*,*,#3154,.F.);
#3183 = ORIENTED_EDGE('',*,*,#3089,.F.);
#3184 = PLANE('',#3185);
#3185 = AXIS2_PLACEMENT_3D('',#3186,#3187,#3188);
#3186 = CARTESIAN_POINT('',(1.841345451328,1.5,0.814251524472));
#3187 = DIRECTION('',(-1.224646799147E-16,-1.,0.));
#3188 = DIRECTION('',(0.,0.,1.));
#3189 = ADVANCED_FACE('',(#3190),#3209,.T.);
#3190 = FACE_BOUND('',#3191,.T.);
#3191 = EDGE_LOOP('',(#3192,#3193,#3194,#3195,#3196,#3197,#3198,#3199,
    #3200,#3206,#3207,#3208));
#3192 = ORIENTED_EDGE('',*,*,#2820,.T.);
#3193 = ORIENTED_EDGE('',*,*,#2851,.T.);
#3194 = ORIENTED_EDGE('',*,*,#2882,.T.);
#3195 = ORIENTED_EDGE('',*,*,#2913,.T.);
#3196 = ORIENTED_EDGE('',*,*,#2946,.T.);
#3197 = ORIENTED_EDGE('',*,*,#2986,.F.);
#3198 = ORIENTED_EDGE('',*,*,#3010,.T.);
#3199 = ORIENTED_EDGE('',*,*,#3041,.T.);
#3200 = ORIENTED_EDGE('',*,*,#3201,.F.);
#3201 = EDGE_CURVE('',#3107,#3042,#3202,.T.);
#3202 = LINE('',#3203,#3204);
#3203 = CARTESIAN_POINT('',(1.75,-1.5,0.93));
#3204 = VECTOR('',#3205,1.);
#3205 = DIRECTION('',(-1.,1.224646799147E-16,0.));
#3206 = ORIENTED_EDGE('',*,*,#3114,.T.);
#3207 = ORIENTED_EDGE('',*,*,#3147,.F.);
#3208 = ORIENTED_EDGE('',*,*,#3072,.F.);
#3209 = PLANE('',#3210);
#3210 = AXIS2_PLACEMENT_3D('',#3211,#3212,#3213);
#3211 = CARTESIAN_POINT('',(1.841345451328,-1.5,0.814251524472));
#3212 = DIRECTION('',(-1.224646799147E-16,-1.,0.));
#3213 = DIRECTION('',(0.,0.,1.));
#3214 = ADVANCED_FACE('',(#3215),#3221,.T.);
#3215 = FACE_BOUND('',#3216,.T.);
#3216 = EDGE_LOOP('',(#3217,#3218,#3219,#3220));
#3217 = ORIENTED_EDGE('',*,*,#3049,.F.);
#3218 = ORIENTED_EDGE('',*,*,#3176,.F.);
#3219 = ORIENTED_EDGE('',*,*,#3104,.T.);
#3220 = ORIENTED_EDGE('',*,*,#3201,.T.);
#3221 = PLANE('',#3222);
#3222 = AXIS2_PLACEMENT_3D('',#3223,#3224,#3225);
#3223 = CARTESIAN_POINT('',(1.075,-3.903422745103E-16,0.93));
#3224 = DIRECTION('',(0.,0.,-1.));
#3225 = DIRECTION('',(1.,-1.224646799147E-16,0.));
#3226 = ( GEOMETRIC_REPRESENTATION_CONTEXT(3) 
GLOBAL_UNCERTAINTY_ASSIGNED_CONTEXT((#3230)) 
GLOBAL_UNIT_ASSIGNED_CONTEXT((#3227,#3228,#3229)) REPRESENTATION_CONTEXT
('Context #1','3D Context with UNIT and UNCERTAINTY') );
#3227 = ( LENGTH_UNIT() NAMED_UNIT(*) SI_UNIT(.MILLI.,.METRE.) );
#3228 = ( NAMED_UNIT(*) PLANE_ANGLE_UNIT() SI_UNIT($,.RADIAN.) );
#3229 = ( NAMED_UNIT(*) SI_UNIT($,.STERADIAN.) SOLID_ANGLE_UNIT() );
#3230 = UNCERTAINTY_MEASURE_WITH_UNIT(LENGTH_MEASURE(1.E-07),#3227,
  'distance_accuracy_value','confusion accuracy');
#3231 = CONTEXT_DEPENDENT_SHAPE_REPRESENTATION(#3232,#3234);
#3232 = ( REPRESENTATION_RELATIONSHIP('','',#2803,#10) 
REPRESENTATION_RELATIONSHIP_WITH_TRANSFORMATION(#3233) 
SHAPE_REPRESENTATION_RELATIONSHIP() );
#3233 = ITEM_DEFINED_TRANSFORMATION('','',#11,#27);
#3234 = PRODUCT_DEFINITION_SHAPE('Placement','Placement of an item',
  #3235);
#3235 = NEXT_ASSEMBLY_USAGE_OCCURRENCE('8','Pin_Tab','',#5,#2798,$);
#3236 = PRODUCT_RELATED_PRODUCT_CATEGORY('part',$,(#2800));
#3237 = MECHANICAL_DESIGN_GEOMETRIC_PRESENTATION_REPRESENTATION('',(
    #3238),#3226);
#3238 = STYLED_ITEM('color',(#3239),#2804);
#3239 = PRESENTATION_STYLE_ASSIGNMENT((#3240,#3246));
#3240 = SURFACE_STYLE_USAGE(.BOTH.,#3241);
#3241 = SURFACE_SIDE_STYLE('',(#3242));
#3242 = SURFACE_STYLE_FILL_AREA(#3243);
#3243 = FILL_AREA_STYLE('',(#3244));
#3244 = FILL_AREA_STYLE_COLOUR('',#3245);
#3245 = COLOUR_RGB('',0.933333342953,0.933333342953,0.933333342953);
#3246 = CURVE_STYLE('',#3247,POSITIVE_LENGTH_MEASURE(0.1),#3248);
#3247 = DRAUGHTING_PRE_DEFINED_CURVE_FONT('continuous');
#3248 = COLOUR_RGB('',9.803921802644E-02,9.803921802644E-02,
  9.803921802644E-02);
#3249 = MECHANICAL_DESIGN_GEOMETRIC_PRESENTATION_REPRESENTATION('',(
    #3250),#2785);
#3250 = STYLED_ITEM('color',(#3251),#1555);
#3251 = PRESENTATION_STYLE_ASSIGNMENT((#3252,#3257));
#3252 = SURFACE_STYLE_USAGE(.BOTH.,#3253);
#3253 = SURFACE_SIDE_STYLE('',(#3254));
#3254 = SURFACE_STYLE_FILL_AREA(#3255);
#3255 = FILL_AREA_STYLE('',(#3256));
#3256 = FILL_AREA_STYLE_COLOUR('',#3245);
#3257 = CURVE_STYLE('',#3258,POSITIVE_LENGTH_MEASURE(0.1),#3248);
#3258 = DRAUGHTING_PRE_DEFINED_CURVE_FONT('continuous');
#3259 = MECHANICAL_DESIGN_GEOMETRIC_PRESENTATION_REPRESENTATION('',(
    #3260),#1536);
#3260 = STYLED_ITEM('color',(#3261),#1483);
#3261 = PRESENTATION_STYLE_ASSIGNMENT((#3262,#3268));
#3262 = SURFACE_STYLE_USAGE(.BOTH.,#3263);
#3263 = SURFACE_SIDE_STYLE('',(#3264));
#3264 = SURFACE_STYLE_FILL_AREA(#3265);
#3265 = FILL_AREA_STYLE('',(#3266));
#3266 = FILL_AREA_STYLE_COLOUR('',#3267);
#3267 = COLOUR_RGB('',0.466666661095,0.466666661095,0.466666661095);
#3268 = CURVE_STYLE('',#3269,POSITIVE_LENGTH_MEASURE(0.1),#3248);
#3269 = DRAUGHTING_PRE_DEFINED_CURVE_FONT('continuous');
#3270 = MECHANICAL_DESIGN_GEOMETRIC_PRESENTATION_REPRESENTATION('',(
    #3271),#1464);
#3271 = STYLED_ITEM('color',(#3272),#45);
#3272 = PRESENTATION_STYLE_ASSIGNMENT((#3273,#3279));
#3273 = SURFACE_STYLE_USAGE(.BOTH.,#3274);
#3274 = SURFACE_SIDE_STYLE('',(#3275));
#3275 = SURFACE_STYLE_FILL_AREA(#3276);
#3276 = FILL_AREA_STYLE('',(#3277));
#3277 = FILL_AREA_STYLE_COLOUR('',#3278);
#3278 = COLOUR_RGB('',0.199999998682,0.199999998682,0.199999998682);
#3279 = CURVE_STYLE('',#3280,POSITIVE_LENGTH_MEASURE(0.1),#3248);
#3280 = DRAUGHTING_PRE_DEFINED_CURVE_FONT('continuous');
ENDSEC;
END-ISO-10303-21;
