ISO-10303-21;
HEADER;
FILE_DESCRIPTION(('FreeCAD Model'),'2;1');
FILE_NAME('Open CASCADE Shape Model','2025-08-12T13:31:07',(''),(''),
  'Open CASCADE STEP processor 7.8','FreeCAD','Unknown');
FILE_SCHEMA(('AUTOMOTIVE_DESIGN { 1 0 10303 214 1 1 1 1 }'));
ENDSEC;
DATA;
#1 = APPLICATION_PROTOCOL_DEFINITION('international standard',
  'automotive_design',2000,#2);
#2 = APPLICATION_CONTEXT(
  'core data for automotive mechanical design processes');
#3 = SHAPE_DEFINITION_REPRESENTATION(#4,#10);
#4 = PRODUCT_DEFINITION_SHAPE('','',#5);
#5 = PRODUCT_DEFINITION('design','',#6,#9);
#6 = PRODUCT_DEFINITION_FORMATION('','',#7);
#7 = PRODUCT('samtec_tsw-118-07-l-s','samtec_tsw-118-07-l-s','',(#8));
#8 = PRODUCT_CONTEXT('',#2,'mechanical');
#9 = PRODUCT_DEFINITION_CONTEXT('part definition',#2,'design');
#10 = SHAPE_REPRESENTATION('',(#11,#15,#19),#23);
#11 = AXIS2_PLACEMENT_3D('',#12,#13,#14);
#12 = CARTESIAN_POINT('',(0.,0.,0.));
#13 = DIRECTION('',(0.,0.,1.));
#14 = DIRECTION('',(1.,0.,-0.));
#15 = AXIS2_PLACEMENT_3D('',#16,#17,#18);
#16 = CARTESIAN_POINT('',(0.,0.,0.));
#17 = DIRECTION('',(0.,0.,1.));
#18 = DIRECTION('',(1.,0.,0.));
#19 = AXIS2_PLACEMENT_3D('',#20,#21,#22);
#20 = CARTESIAN_POINT('',(0.,0.,0.));
#21 = DIRECTION('',(0.,0.,1.));
#22 = DIRECTION('',(1.,0.,0.));
#23 = ( GEOMETRIC_REPRESENTATION_CONTEXT(3) 
GLOBAL_UNCERTAINTY_ASSIGNED_CONTEXT((#27)) GLOBAL_UNIT_ASSIGNED_CONTEXT(
(#24,#25,#26)) REPRESENTATION_CONTEXT('Context #1',
  '3D Context with UNIT and UNCERTAINTY') );
#24 = ( LENGTH_UNIT() NAMED_UNIT(*) SI_UNIT(.MILLI.,.METRE.) );
#25 = ( NAMED_UNIT(*) PLANE_ANGLE_UNIT() SI_UNIT($,.RADIAN.) );
#26 = ( NAMED_UNIT(*) SI_UNIT($,.STERADIAN.) SOLID_ANGLE_UNIT() );
#27 = UNCERTAINTY_MEASURE_WITH_UNIT(LENGTH_MEASURE(1.E-07),#24,
  'distance_accuracy_value','confusion accuracy');
#28 = PRODUCT_RELATED_PRODUCT_CATEGORY('part',$,(#7));
#29 = SHAPE_DEFINITION_REPRESENTATION(#30,#36);
#30 = PRODUCT_DEFINITION_SHAPE('','',#31);
#31 = PRODUCT_DEFINITION('design','',#32,#35);
#32 = PRODUCT_DEFINITION_FORMATION('','',#33);
#33 = PRODUCT('Contacts','Contacts','',(#34));
#34 = PRODUCT_CONTEXT('',#2,'mechanical');
#35 = PRODUCT_DEFINITION_CONTEXT('part definition',#2,'design');
#36 = SHAPE_REPRESENTATION('',(#11,#37,#475,#913,#1351,#1789,#2227,#2665
    ,#3103,#3541,#3979,#4417,#4855,#5293,#5731,#6169,#6607,#7045,#7483,
    #7921,#8359,#8797,#9235,#9673,#10111,#10549,#10987,#11425,#11863,
    #12301,#12739,#13177,#13615,#14053,#14491,#14929,#15367),#15805);
#37 = MANIFOLD_SOLID_BREP('',#38);
#38 = CLOSED_SHELL('',(#39,#79,#110,#141,#172,#203,#227,#258,#282,#304,
    #328,#352,#369,#386,#410,#434,#451,#463));
#39 = ADVANCED_FACE('',(#40),#74,.T.);
#40 = FACE_BOUND('',#41,.T.);
#41 = EDGE_LOOP('',(#42,#52,#60,#68));
#42 = ORIENTED_EDGE('',*,*,#43,.F.);
#43 = EDGE_CURVE('',#44,#46,#48,.T.);
#44 = VERTEX_POINT('',#45);
#45 = CARTESIAN_POINT('',(-1.59,-19.37,-2.819966482548E-16));
#46 = VERTEX_POINT('',#47);
#47 = CARTESIAN_POINT('',(-0.95,-19.37,-2.819966482548E-16));
#48 = LINE('',#49,#50);
#49 = CARTESIAN_POINT('',(-1.59,-19.37,-2.819966482548E-16));
#50 = VECTOR('',#51,1.);
#51 = DIRECTION('',(1.,0.,0.));
#52 = ORIENTED_EDGE('',*,*,#53,.T.);
#53 = EDGE_CURVE('',#44,#54,#56,.T.);
#54 = VERTEX_POINT('',#55);
#55 = CARTESIAN_POINT('',(-1.59,-19.37,-2.34));
#56 = LINE('',#57,#58);
#57 = CARTESIAN_POINT('',(-1.59,-19.37,-2.819966482548E-16));
#58 = VECTOR('',#59,1.);
#59 = DIRECTION('',(-0.,-0.,-1.));
#60 = ORIENTED_EDGE('',*,*,#61,.T.);
#61 = EDGE_CURVE('',#54,#62,#64,.T.);
#62 = VERTEX_POINT('',#63);
#63 = CARTESIAN_POINT('',(-0.95,-19.37,-2.34));
#64 = LINE('',#65,#66);
#65 = CARTESIAN_POINT('',(-1.59,-19.37,-2.34));
#66 = VECTOR('',#67,1.);
#67 = DIRECTION('',(1.,0.,0.));
#68 = ORIENTED_EDGE('',*,*,#69,.F.);
#69 = EDGE_CURVE('',#46,#62,#70,.T.);
#70 = LINE('',#71,#72);
#71 = CARTESIAN_POINT('',(-0.95,-19.37,-2.819966482548E-16));
#72 = VECTOR('',#73,1.);
#73 = DIRECTION('',(-0.,-0.,-1.));
#74 = PLANE('',#75);
#75 = AXIS2_PLACEMENT_3D('',#76,#77,#78);
#76 = CARTESIAN_POINT('',(-1.59,-19.37,-2.819966482548E-16));
#77 = DIRECTION('',(0.,-1.,0.));
#78 = DIRECTION('',(1.,0.,0.));
#79 = ADVANCED_FACE('',(#80),#105,.F.);
#80 = FACE_BOUND('',#81,.F.);
#81 = EDGE_LOOP('',(#82,#83,#91,#99));
#82 = ORIENTED_EDGE('',*,*,#43,.F.);
#83 = ORIENTED_EDGE('',*,*,#84,.T.);
#84 = EDGE_CURVE('',#44,#85,#87,.T.);
#85 = VERTEX_POINT('',#86);
#86 = CARTESIAN_POINT('',(-1.59,-19.37,8.18));
#87 = LINE('',#88,#89);
#88 = CARTESIAN_POINT('',(-1.59,-19.37,-2.819966482548E-16));
#89 = VECTOR('',#90,1.);
#90 = DIRECTION('',(0.,0.,1.));
#91 = ORIENTED_EDGE('',*,*,#92,.T.);
#92 = EDGE_CURVE('',#85,#93,#95,.T.);
#93 = VERTEX_POINT('',#94);
#94 = CARTESIAN_POINT('',(-0.95,-19.37,8.18));
#95 = LINE('',#96,#97);
#96 = CARTESIAN_POINT('',(-1.59,-19.37,8.18));
#97 = VECTOR('',#98,1.);
#98 = DIRECTION('',(1.,0.,0.));
#99 = ORIENTED_EDGE('',*,*,#100,.F.);
#100 = EDGE_CURVE('',#46,#93,#101,.T.);
#101 = LINE('',#102,#103);
#102 = CARTESIAN_POINT('',(-0.95,-19.37,-2.819966482548E-16));
#103 = VECTOR('',#104,1.);
#104 = DIRECTION('',(0.,0.,1.));
#105 = PLANE('',#106);
#106 = AXIS2_PLACEMENT_3D('',#107,#108,#109);
#107 = CARTESIAN_POINT('',(-1.59,-19.37,-2.819966482548E-16));
#108 = DIRECTION('',(0.,1.,0.));
#109 = DIRECTION('',(1.,0.,0.));
#110 = ADVANCED_FACE('',(#111),#136,.T.);
#111 = FACE_BOUND('',#112,.T.);
#112 = EDGE_LOOP('',(#113,#121,#122,#130));
#113 = ORIENTED_EDGE('',*,*,#114,.F.);
#114 = EDGE_CURVE('',#46,#115,#117,.T.);
#115 = VERTEX_POINT('',#116);
#116 = CARTESIAN_POINT('',(-0.95,-18.73,-2.819966482548E-16));
#117 = LINE('',#118,#119);
#118 = CARTESIAN_POINT('',(-0.95,-19.37,-2.819966482548E-16));
#119 = VECTOR('',#120,1.);
#120 = DIRECTION('',(0.,1.,0.));
#121 = ORIENTED_EDGE('',*,*,#69,.T.);
#122 = ORIENTED_EDGE('',*,*,#123,.T.);
#123 = EDGE_CURVE('',#62,#124,#126,.T.);
#124 = VERTEX_POINT('',#125);
#125 = CARTESIAN_POINT('',(-0.95,-18.73,-2.34));
#126 = LINE('',#127,#128);
#127 = CARTESIAN_POINT('',(-0.95,-19.37,-2.34));
#128 = VECTOR('',#129,1.);
#129 = DIRECTION('',(0.,1.,0.));
#130 = ORIENTED_EDGE('',*,*,#131,.F.);
#131 = EDGE_CURVE('',#115,#124,#132,.T.);
#132 = LINE('',#133,#134);
#133 = CARTESIAN_POINT('',(-0.95,-18.73,-2.819966482548E-16));
#134 = VECTOR('',#135,1.);
#135 = DIRECTION('',(-0.,-0.,-1.));
#136 = PLANE('',#137);
#137 = AXIS2_PLACEMENT_3D('',#138,#139,#140);
#138 = CARTESIAN_POINT('',(-0.95,-19.37,-2.819966482548E-16));
#139 = DIRECTION('',(1.,0.,0.));
#140 = DIRECTION('',(0.,1.,0.));
#141 = ADVANCED_FACE('',(#142),#167,.F.);
#142 = FACE_BOUND('',#143,.F.);
#143 = EDGE_LOOP('',(#144,#152,#153,#161));
#144 = ORIENTED_EDGE('',*,*,#145,.F.);
#145 = EDGE_CURVE('',#54,#146,#148,.T.);
#146 = VERTEX_POINT('',#147);
#147 = CARTESIAN_POINT('',(-1.39,-19.17,-2.54));
#148 = LINE('',#149,#150);
#149 = CARTESIAN_POINT('',(-1.416666666667,-19.19666666666,
    -2.513333333333));
#150 = VECTOR('',#151,1.);
#151 = DIRECTION('',(0.57735026919,0.57735026919,-0.57735026919));
#152 = ORIENTED_EDGE('',*,*,#61,.T.);
#153 = ORIENTED_EDGE('',*,*,#154,.T.);
#154 = EDGE_CURVE('',#62,#155,#157,.T.);
#155 = VERTEX_POINT('',#156);
#156 = CARTESIAN_POINT('',(-1.15,-19.17,-2.54));
#157 = LINE('',#158,#159);
#158 = CARTESIAN_POINT('',(-1.123333333333,-19.19666666666,
    -2.513333333333));
#159 = VECTOR('',#160,1.);
#160 = DIRECTION('',(-0.57735026919,0.57735026919,-0.57735026919));
#161 = ORIENTED_EDGE('',*,*,#162,.F.);
#162 = EDGE_CURVE('',#146,#155,#163,.T.);
#163 = LINE('',#164,#165);
#164 = CARTESIAN_POINT('',(-1.59,-19.17,-2.54));
#165 = VECTOR('',#166,1.);
#166 = DIRECTION('',(1.,0.,0.));
#167 = PLANE('',#168);
#168 = AXIS2_PLACEMENT_3D('',#169,#170,#171);
#169 = CARTESIAN_POINT('',(-1.59,-19.27,-2.44));
#170 = DIRECTION('',(0.,0.707106781187,0.707106781187));
#171 = DIRECTION('',(1.,0.,0.));
#172 = ADVANCED_FACE('',(#173),#198,.T.);
#173 = FACE_BOUND('',#174,.T.);
#174 = EDGE_LOOP('',(#175,#183,#191,#197));
#175 = ORIENTED_EDGE('',*,*,#176,.F.);
#176 = EDGE_CURVE('',#177,#44,#179,.T.);
#177 = VERTEX_POINT('',#178);
#178 = CARTESIAN_POINT('',(-1.59,-18.73,-2.819966482548E-16));
#179 = LINE('',#180,#181);
#180 = CARTESIAN_POINT('',(-1.59,-18.73,-2.819966482548E-16));
#181 = VECTOR('',#182,1.);
#182 = DIRECTION('',(0.,-1.,0.));
#183 = ORIENTED_EDGE('',*,*,#184,.T.);
#184 = EDGE_CURVE('',#177,#185,#187,.T.);
#185 = VERTEX_POINT('',#186);
#186 = CARTESIAN_POINT('',(-1.59,-18.73,-2.34));
#187 = LINE('',#188,#189);
#188 = CARTESIAN_POINT('',(-1.59,-18.73,-2.819966482548E-16));
#189 = VECTOR('',#190,1.);
#190 = DIRECTION('',(-0.,-0.,-1.));
#191 = ORIENTED_EDGE('',*,*,#192,.T.);
#192 = EDGE_CURVE('',#185,#54,#193,.T.);
#193 = LINE('',#194,#195);
#194 = CARTESIAN_POINT('',(-1.59,-18.73,-2.34));
#195 = VECTOR('',#196,1.);
#196 = DIRECTION('',(0.,-1.,0.));
#197 = ORIENTED_EDGE('',*,*,#53,.F.);
#198 = PLANE('',#199);
#199 = AXIS2_PLACEMENT_3D('',#200,#201,#202);
#200 = CARTESIAN_POINT('',(-1.59,-18.73,-2.819966482548E-16));
#201 = DIRECTION('',(-1.,0.,0.));
#202 = DIRECTION('',(0.,-1.,0.));
#203 = ADVANCED_FACE('',(#204),#222,.F.);
#204 = FACE_BOUND('',#205,.F.);
#205 = EDGE_LOOP('',(#206,#207,#208,#216));
#206 = ORIENTED_EDGE('',*,*,#114,.F.);
#207 = ORIENTED_EDGE('',*,*,#100,.T.);
#208 = ORIENTED_EDGE('',*,*,#209,.T.);
#209 = EDGE_CURVE('',#93,#210,#212,.T.);
#210 = VERTEX_POINT('',#211);
#211 = CARTESIAN_POINT('',(-0.95,-18.73,8.18));
#212 = LINE('',#213,#214);
#213 = CARTESIAN_POINT('',(-0.95,-19.37,8.18));
#214 = VECTOR('',#215,1.);
#215 = DIRECTION('',(0.,1.,0.));
#216 = ORIENTED_EDGE('',*,*,#217,.F.);
#217 = EDGE_CURVE('',#115,#210,#218,.T.);
#218 = LINE('',#219,#220);
#219 = CARTESIAN_POINT('',(-0.95,-18.73,-2.819966482548E-16));
#220 = VECTOR('',#221,1.);
#221 = DIRECTION('',(0.,0.,1.));
#222 = PLANE('',#223);
#223 = AXIS2_PLACEMENT_3D('',#224,#225,#226);
#224 = CARTESIAN_POINT('',(-0.95,-19.37,-2.819966482548E-16));
#225 = DIRECTION('',(-1.,0.,0.));
#226 = DIRECTION('',(0.,1.,0.));
#227 = ADVANCED_FACE('',(#228),#253,.F.);
#228 = FACE_BOUND('',#229,.T.);
#229 = EDGE_LOOP('',(#230,#238,#239,#247));
#230 = ORIENTED_EDGE('',*,*,#231,.F.);
#231 = EDGE_CURVE('',#85,#232,#234,.T.);
#232 = VERTEX_POINT('',#233);
#233 = CARTESIAN_POINT('',(-1.39,-19.17,8.38));
#234 = LINE('',#235,#236);
#235 = CARTESIAN_POINT('',(-1.416666666667,-19.19666666666,
    8.353333333333));
#236 = VECTOR('',#237,1.);
#237 = DIRECTION('',(0.57735026919,0.57735026919,0.57735026919));
#238 = ORIENTED_EDGE('',*,*,#92,.T.);
#239 = ORIENTED_EDGE('',*,*,#240,.T.);
#240 = EDGE_CURVE('',#93,#241,#243,.T.);
#241 = VERTEX_POINT('',#242);
#242 = CARTESIAN_POINT('',(-1.15,-19.17,8.38));
#243 = LINE('',#244,#245);
#244 = CARTESIAN_POINT('',(-1.123333333333,-19.19666666666,
    8.353333333333));
#245 = VECTOR('',#246,1.);
#246 = DIRECTION('',(-0.57735026919,0.57735026919,0.57735026919));
#247 = ORIENTED_EDGE('',*,*,#248,.F.);
#248 = EDGE_CURVE('',#232,#241,#249,.T.);
#249 = LINE('',#250,#251);
#250 = CARTESIAN_POINT('',(-1.59,-19.17,8.38));
#251 = VECTOR('',#252,1.);
#252 = DIRECTION('',(1.,0.,0.));
#253 = PLANE('',#254);
#254 = AXIS2_PLACEMENT_3D('',#255,#256,#257);
#255 = CARTESIAN_POINT('',(-1.59,-19.27,8.28));
#256 = DIRECTION('',(0.,0.707106781187,-0.707106781187));
#257 = DIRECTION('',(-1.,-0.,-0.));
#258 = ADVANCED_FACE('',(#259),#277,.F.);
#259 = FACE_BOUND('',#260,.F.);
#260 = EDGE_LOOP('',(#261,#262,#270,#276));
#261 = ORIENTED_EDGE('',*,*,#176,.F.);
#262 = ORIENTED_EDGE('',*,*,#263,.T.);
#263 = EDGE_CURVE('',#177,#264,#266,.T.);
#264 = VERTEX_POINT('',#265);
#265 = CARTESIAN_POINT('',(-1.59,-18.73,8.18));
#266 = LINE('',#267,#268);
#267 = CARTESIAN_POINT('',(-1.59,-18.73,-2.819966482548E-16));
#268 = VECTOR('',#269,1.);
#269 = DIRECTION('',(0.,0.,1.));
#270 = ORIENTED_EDGE('',*,*,#271,.T.);
#271 = EDGE_CURVE('',#264,#85,#272,.T.);
#272 = LINE('',#273,#274);
#273 = CARTESIAN_POINT('',(-1.59,-18.73,8.18));
#274 = VECTOR('',#275,1.);
#275 = DIRECTION('',(0.,-1.,0.));
#276 = ORIENTED_EDGE('',*,*,#84,.F.);
#277 = PLANE('',#278);
#278 = AXIS2_PLACEMENT_3D('',#279,#280,#281);
#279 = CARTESIAN_POINT('',(-1.59,-18.73,-2.819966482548E-16));
#280 = DIRECTION('',(1.,0.,0.));
#281 = DIRECTION('',(0.,-1.,0.));
#282 = ADVANCED_FACE('',(#283),#299,.T.);
#283 = FACE_BOUND('',#284,.T.);
#284 = EDGE_LOOP('',(#285,#291,#292,#298));
#285 = ORIENTED_EDGE('',*,*,#286,.F.);
#286 = EDGE_CURVE('',#115,#177,#287,.T.);
#287 = LINE('',#288,#289);
#288 = CARTESIAN_POINT('',(-0.95,-18.73,-2.819966482548E-16));
#289 = VECTOR('',#290,1.);
#290 = DIRECTION('',(-1.,0.,0.));
#291 = ORIENTED_EDGE('',*,*,#131,.T.);
#292 = ORIENTED_EDGE('',*,*,#293,.T.);
#293 = EDGE_CURVE('',#124,#185,#294,.T.);
#294 = LINE('',#295,#296);
#295 = CARTESIAN_POINT('',(-0.95,-18.73,-2.34));
#296 = VECTOR('',#297,1.);
#297 = DIRECTION('',(-1.,0.,0.));
#298 = ORIENTED_EDGE('',*,*,#184,.F.);
#299 = PLANE('',#300);
#300 = AXIS2_PLACEMENT_3D('',#301,#302,#303);
#301 = CARTESIAN_POINT('',(-0.95,-18.73,-2.819966482548E-16));
#302 = DIRECTION('',(0.,1.,0.));
#303 = DIRECTION('',(-1.,0.,0.));
#304 = ADVANCED_FACE('',(#305),#323,.F.);
#305 = FACE_BOUND('',#306,.F.);
#306 = EDGE_LOOP('',(#307,#308,#309,#317));
#307 = ORIENTED_EDGE('',*,*,#154,.F.);
#308 = ORIENTED_EDGE('',*,*,#123,.T.);
#309 = ORIENTED_EDGE('',*,*,#310,.F.);
#310 = EDGE_CURVE('',#311,#124,#313,.T.);
#311 = VERTEX_POINT('',#312);
#312 = CARTESIAN_POINT('',(-1.15,-18.93,-2.54));
#313 = LINE('',#314,#315);
#314 = CARTESIAN_POINT('',(-1.123333333333,-18.90333333333,
    -2.513333333333));
#315 = VECTOR('',#316,1.);
#316 = DIRECTION('',(0.57735026919,0.57735026919,0.57735026919));
#317 = ORIENTED_EDGE('',*,*,#318,.F.);
#318 = EDGE_CURVE('',#155,#311,#319,.T.);
#319 = LINE('',#320,#321);
#320 = CARTESIAN_POINT('',(-1.15,-19.37,-2.54));
#321 = VECTOR('',#322,1.);
#322 = DIRECTION('',(0.,1.,0.));
#323 = PLANE('',#324);
#324 = AXIS2_PLACEMENT_3D('',#325,#326,#327);
#325 = CARTESIAN_POINT('',(-1.05,-19.37,-2.44));
#326 = DIRECTION('',(-0.707106781187,0.,0.707106781187));
#327 = DIRECTION('',(0.,1.,0.));
#328 = ADVANCED_FACE('',(#329),#347,.F.);
#329 = FACE_BOUND('',#330,.F.);
#330 = EDGE_LOOP('',(#331,#339,#340,#341));
#331 = ORIENTED_EDGE('',*,*,#332,.F.);
#332 = EDGE_CURVE('',#185,#333,#335,.T.);
#333 = VERTEX_POINT('',#334);
#334 = CARTESIAN_POINT('',(-1.39,-18.93,-2.54));
#335 = LINE('',#336,#337);
#336 = CARTESIAN_POINT('',(-1.416666666667,-18.90333333333,
    -2.513333333333));
#337 = VECTOR('',#338,1.);
#338 = DIRECTION('',(0.57735026919,-0.57735026919,-0.57735026919));
#339 = ORIENTED_EDGE('',*,*,#192,.T.);
#340 = ORIENTED_EDGE('',*,*,#145,.T.);
#341 = ORIENTED_EDGE('',*,*,#342,.F.);
#342 = EDGE_CURVE('',#333,#146,#343,.T.);
#343 = LINE('',#344,#345);
#344 = CARTESIAN_POINT('',(-1.39,-18.73,-2.54));
#345 = VECTOR('',#346,1.);
#346 = DIRECTION('',(0.,-1.,0.));
#347 = PLANE('',#348);
#348 = AXIS2_PLACEMENT_3D('',#349,#350,#351);
#349 = CARTESIAN_POINT('',(-1.49,-18.73,-2.44));
#350 = DIRECTION('',(0.707106781187,0.,0.707106781187));
#351 = DIRECTION('',(0.,-1.,0.));
#352 = ADVANCED_FACE('',(#353),#364,.F.);
#353 = FACE_BOUND('',#354,.F.);
#354 = EDGE_LOOP('',(#355,#356,#357,#358));
#355 = ORIENTED_EDGE('',*,*,#342,.T.);
#356 = ORIENTED_EDGE('',*,*,#162,.T.);
#357 = ORIENTED_EDGE('',*,*,#318,.T.);
#358 = ORIENTED_EDGE('',*,*,#359,.T.);
#359 = EDGE_CURVE('',#311,#333,#360,.T.);
#360 = LINE('',#361,#362);
#361 = CARTESIAN_POINT('',(-0.95,-18.93,-2.54));
#362 = VECTOR('',#363,1.);
#363 = DIRECTION('',(-1.,0.,0.));
#364 = PLANE('',#365);
#365 = AXIS2_PLACEMENT_3D('',#366,#367,#368);
#366 = CARTESIAN_POINT('',(-1.27,-19.05,-2.54));
#367 = DIRECTION('',(0.,0.,1.));
#368 = DIRECTION('',(1.,0.,0.));
#369 = ADVANCED_FACE('',(#370),#381,.F.);
#370 = FACE_BOUND('',#371,.F.);
#371 = EDGE_LOOP('',(#372,#373,#374,#380));
#372 = ORIENTED_EDGE('',*,*,#286,.F.);
#373 = ORIENTED_EDGE('',*,*,#217,.T.);
#374 = ORIENTED_EDGE('',*,*,#375,.T.);
#375 = EDGE_CURVE('',#210,#264,#376,.T.);
#376 = LINE('',#377,#378);
#377 = CARTESIAN_POINT('',(-0.95,-18.73,8.18));
#378 = VECTOR('',#379,1.);
#379 = DIRECTION('',(-1.,0.,0.));
#380 = ORIENTED_EDGE('',*,*,#263,.F.);
#381 = PLANE('',#382);
#382 = AXIS2_PLACEMENT_3D('',#383,#384,#385);
#383 = CARTESIAN_POINT('',(-0.95,-18.73,-2.819966482548E-16));
#384 = DIRECTION('',(0.,-1.,0.));
#385 = DIRECTION('',(-1.,0.,0.));
#386 = ADVANCED_FACE('',(#387),#405,.F.);
#387 = FACE_BOUND('',#388,.T.);
#388 = EDGE_LOOP('',(#389,#390,#391,#399));
#389 = ORIENTED_EDGE('',*,*,#240,.F.);
#390 = ORIENTED_EDGE('',*,*,#209,.T.);
#391 = ORIENTED_EDGE('',*,*,#392,.F.);
#392 = EDGE_CURVE('',#393,#210,#395,.T.);
#393 = VERTEX_POINT('',#394);
#394 = CARTESIAN_POINT('',(-1.15,-18.93,8.38));
#395 = LINE('',#396,#397);
#396 = CARTESIAN_POINT('',(-1.123333333333,-18.90333333333,
    8.353333333333));
#397 = VECTOR('',#398,1.);
#398 = DIRECTION('',(0.57735026919,0.57735026919,-0.57735026919));
#399 = ORIENTED_EDGE('',*,*,#400,.F.);
#400 = EDGE_CURVE('',#241,#393,#401,.T.);
#401 = LINE('',#402,#403);
#402 = CARTESIAN_POINT('',(-1.15,-19.37,8.38));
#403 = VECTOR('',#404,1.);
#404 = DIRECTION('',(0.,1.,0.));
#405 = PLANE('',#406);
#406 = AXIS2_PLACEMENT_3D('',#407,#408,#409);
#407 = CARTESIAN_POINT('',(-1.05,-19.37,8.28));
#408 = DIRECTION('',(-0.707106781187,0.,-0.707106781187));
#409 = DIRECTION('',(-0.,-1.,-0.));
#410 = ADVANCED_FACE('',(#411),#429,.F.);
#411 = FACE_BOUND('',#412,.T.);
#412 = EDGE_LOOP('',(#413,#421,#422,#423));
#413 = ORIENTED_EDGE('',*,*,#414,.T.);
#414 = EDGE_CURVE('',#415,#264,#417,.T.);
#415 = VERTEX_POINT('',#416);
#416 = CARTESIAN_POINT('',(-1.39,-18.93,8.38));
#417 = LINE('',#418,#419);
#418 = CARTESIAN_POINT('',(-1.416666666667,-18.90333333333,
    8.353333333333));
#419 = VECTOR('',#420,1.);
#420 = DIRECTION('',(-0.57735026919,0.57735026919,-0.57735026919));
#421 = ORIENTED_EDGE('',*,*,#271,.T.);
#422 = ORIENTED_EDGE('',*,*,#231,.T.);
#423 = ORIENTED_EDGE('',*,*,#424,.F.);
#424 = EDGE_CURVE('',#415,#232,#425,.T.);
#425 = LINE('',#426,#427);
#426 = CARTESIAN_POINT('',(-1.39,-18.73,8.38));
#427 = VECTOR('',#428,1.);
#428 = DIRECTION('',(0.,-1.,0.));
#429 = PLANE('',#430);
#430 = AXIS2_PLACEMENT_3D('',#431,#432,#433);
#431 = CARTESIAN_POINT('',(-1.49,-18.73,8.28));
#432 = DIRECTION('',(0.707106781187,0.,-0.707106781187));
#433 = DIRECTION('',(0.,1.,0.));
#434 = ADVANCED_FACE('',(#435),#446,.T.);
#435 = FACE_BOUND('',#436,.T.);
#436 = EDGE_LOOP('',(#437,#438,#439,#440));
#437 = ORIENTED_EDGE('',*,*,#424,.T.);
#438 = ORIENTED_EDGE('',*,*,#248,.T.);
#439 = ORIENTED_EDGE('',*,*,#400,.T.);
#440 = ORIENTED_EDGE('',*,*,#441,.T.);
#441 = EDGE_CURVE('',#393,#415,#442,.T.);
#442 = LINE('',#443,#444);
#443 = CARTESIAN_POINT('',(-0.95,-18.93,8.38));
#444 = VECTOR('',#445,1.);
#445 = DIRECTION('',(-1.,0.,0.));
#446 = PLANE('',#447);
#447 = AXIS2_PLACEMENT_3D('',#448,#449,#450);
#448 = CARTESIAN_POINT('',(-1.27,-19.05,8.38));
#449 = DIRECTION('',(0.,0.,1.));
#450 = DIRECTION('',(1.,0.,0.));
#451 = ADVANCED_FACE('',(#452),#458,.F.);
#452 = FACE_BOUND('',#453,.T.);
#453 = EDGE_LOOP('',(#454,#455,#456,#457));
#454 = ORIENTED_EDGE('',*,*,#310,.F.);
#455 = ORIENTED_EDGE('',*,*,#359,.T.);
#456 = ORIENTED_EDGE('',*,*,#332,.F.);
#457 = ORIENTED_EDGE('',*,*,#293,.F.);
#458 = PLANE('',#459);
#459 = AXIS2_PLACEMENT_3D('',#460,#461,#462);
#460 = CARTESIAN_POINT('',(-0.95,-18.83,-2.44));
#461 = DIRECTION('',(0.,-0.707106781187,0.707106781187));
#462 = DIRECTION('',(1.,0.,0.));
#463 = ADVANCED_FACE('',(#464),#470,.F.);
#464 = FACE_BOUND('',#465,.F.);
#465 = EDGE_LOOP('',(#466,#467,#468,#469));
#466 = ORIENTED_EDGE('',*,*,#392,.F.);
#467 = ORIENTED_EDGE('',*,*,#441,.T.);
#468 = ORIENTED_EDGE('',*,*,#414,.T.);
#469 = ORIENTED_EDGE('',*,*,#375,.F.);
#470 = PLANE('',#471);
#471 = AXIS2_PLACEMENT_3D('',#472,#473,#474);
#472 = CARTESIAN_POINT('',(-0.95,-18.83,8.28));
#473 = DIRECTION('',(0.,-0.707106781187,-0.707106781187));
#474 = DIRECTION('',(-1.,0.,0.));
#475 = MANIFOLD_SOLID_BREP('',#476);
#476 = CLOSED_SHELL('',(#477,#517,#548,#579,#610,#641,#665,#696,#720,
    #742,#766,#790,#807,#824,#848,#872,#889,#901));
#477 = ADVANCED_FACE('',(#478),#512,.T.);
#478 = FACE_BOUND('',#479,.T.);
#479 = EDGE_LOOP('',(#480,#490,#498,#506));
#480 = ORIENTED_EDGE('',*,*,#481,.F.);
#481 = EDGE_CURVE('',#482,#484,#486,.T.);
#482 = VERTEX_POINT('',#483);
#483 = CARTESIAN_POINT('',(-1.59,-16.83,-5.639932965096E-16));
#484 = VERTEX_POINT('',#485);
#485 = CARTESIAN_POINT('',(-0.95,-16.83,-5.639932965096E-16));
#486 = LINE('',#487,#488);
#487 = CARTESIAN_POINT('',(-1.59,-16.83,-5.639932965096E-16));
#488 = VECTOR('',#489,1.);
#489 = DIRECTION('',(1.,0.,0.));
#490 = ORIENTED_EDGE('',*,*,#491,.T.);
#491 = EDGE_CURVE('',#482,#492,#494,.T.);
#492 = VERTEX_POINT('',#493);
#493 = CARTESIAN_POINT('',(-1.59,-16.83,-2.34));
#494 = LINE('',#495,#496);
#495 = CARTESIAN_POINT('',(-1.59,-16.83,-5.639932965096E-16));
#496 = VECTOR('',#497,1.);
#497 = DIRECTION('',(-0.,-0.,-1.));
#498 = ORIENTED_EDGE('',*,*,#499,.T.);
#499 = EDGE_CURVE('',#492,#500,#502,.T.);
#500 = VERTEX_POINT('',#501);
#501 = CARTESIAN_POINT('',(-0.95,-16.83,-2.34));
#502 = LINE('',#503,#504);
#503 = CARTESIAN_POINT('',(-1.59,-16.83,-2.34));
#504 = VECTOR('',#505,1.);
#505 = DIRECTION('',(1.,0.,0.));
#506 = ORIENTED_EDGE('',*,*,#507,.F.);
#507 = EDGE_CURVE('',#484,#500,#508,.T.);
#508 = LINE('',#509,#510);
#509 = CARTESIAN_POINT('',(-0.95,-16.83,-5.639932965096E-16));
#510 = VECTOR('',#511,1.);
#511 = DIRECTION('',(-0.,-0.,-1.));
#512 = PLANE('',#513);
#513 = AXIS2_PLACEMENT_3D('',#514,#515,#516);
#514 = CARTESIAN_POINT('',(-1.59,-16.83,-5.639932965096E-16));
#515 = DIRECTION('',(0.,-1.,0.));
#516 = DIRECTION('',(1.,0.,0.));
#517 = ADVANCED_FACE('',(#518),#543,.F.);
#518 = FACE_BOUND('',#519,.F.);
#519 = EDGE_LOOP('',(#520,#521,#529,#537));
#520 = ORIENTED_EDGE('',*,*,#481,.F.);
#521 = ORIENTED_EDGE('',*,*,#522,.T.);
#522 = EDGE_CURVE('',#482,#523,#525,.T.);
#523 = VERTEX_POINT('',#524);
#524 = CARTESIAN_POINT('',(-1.59,-16.83,8.18));
#525 = LINE('',#526,#527);
#526 = CARTESIAN_POINT('',(-1.59,-16.83,-5.639932965096E-16));
#527 = VECTOR('',#528,1.);
#528 = DIRECTION('',(0.,0.,1.));
#529 = ORIENTED_EDGE('',*,*,#530,.T.);
#530 = EDGE_CURVE('',#523,#531,#533,.T.);
#531 = VERTEX_POINT('',#532);
#532 = CARTESIAN_POINT('',(-0.95,-16.83,8.18));
#533 = LINE('',#534,#535);
#534 = CARTESIAN_POINT('',(-1.59,-16.83,8.18));
#535 = VECTOR('',#536,1.);
#536 = DIRECTION('',(1.,0.,0.));
#537 = ORIENTED_EDGE('',*,*,#538,.F.);
#538 = EDGE_CURVE('',#484,#531,#539,.T.);
#539 = LINE('',#540,#541);
#540 = CARTESIAN_POINT('',(-0.95,-16.83,-5.639932965096E-16));
#541 = VECTOR('',#542,1.);
#542 = DIRECTION('',(0.,0.,1.));
#543 = PLANE('',#544);
#544 = AXIS2_PLACEMENT_3D('',#545,#546,#547);
#545 = CARTESIAN_POINT('',(-1.59,-16.83,-5.639932965096E-16));
#546 = DIRECTION('',(0.,1.,0.));
#547 = DIRECTION('',(1.,0.,0.));
#548 = ADVANCED_FACE('',(#549),#574,.T.);
#549 = FACE_BOUND('',#550,.T.);
#550 = EDGE_LOOP('',(#551,#559,#560,#568));
#551 = ORIENTED_EDGE('',*,*,#552,.F.);
#552 = EDGE_CURVE('',#484,#553,#555,.T.);
#553 = VERTEX_POINT('',#554);
#554 = CARTESIAN_POINT('',(-0.95,-16.19,-5.639932965096E-16));
#555 = LINE('',#556,#557);
#556 = CARTESIAN_POINT('',(-0.95,-16.83,-5.639932965096E-16));
#557 = VECTOR('',#558,1.);
#558 = DIRECTION('',(0.,1.,0.));
#559 = ORIENTED_EDGE('',*,*,#507,.T.);
#560 = ORIENTED_EDGE('',*,*,#561,.T.);
#561 = EDGE_CURVE('',#500,#562,#564,.T.);
#562 = VERTEX_POINT('',#563);
#563 = CARTESIAN_POINT('',(-0.95,-16.19,-2.34));
#564 = LINE('',#565,#566);
#565 = CARTESIAN_POINT('',(-0.95,-16.83,-2.34));
#566 = VECTOR('',#567,1.);
#567 = DIRECTION('',(0.,1.,0.));
#568 = ORIENTED_EDGE('',*,*,#569,.F.);
#569 = EDGE_CURVE('',#553,#562,#570,.T.);
#570 = LINE('',#571,#572);
#571 = CARTESIAN_POINT('',(-0.95,-16.19,-5.639932965096E-16));
#572 = VECTOR('',#573,1.);
#573 = DIRECTION('',(-0.,-0.,-1.));
#574 = PLANE('',#575);
#575 = AXIS2_PLACEMENT_3D('',#576,#577,#578);
#576 = CARTESIAN_POINT('',(-0.95,-16.83,-5.639932965096E-16));
#577 = DIRECTION('',(1.,0.,0.));
#578 = DIRECTION('',(0.,1.,0.));
#579 = ADVANCED_FACE('',(#580),#605,.F.);
#580 = FACE_BOUND('',#581,.F.);
#581 = EDGE_LOOP('',(#582,#590,#591,#599));
#582 = ORIENTED_EDGE('',*,*,#583,.F.);
#583 = EDGE_CURVE('',#492,#584,#586,.T.);
#584 = VERTEX_POINT('',#585);
#585 = CARTESIAN_POINT('',(-1.39,-16.63,-2.54));
#586 = LINE('',#587,#588);
#587 = CARTESIAN_POINT('',(-1.416666666667,-16.65666666666,
    -2.513333333333));
#588 = VECTOR('',#589,1.);
#589 = DIRECTION('',(0.57735026919,0.57735026919,-0.57735026919));
#590 = ORIENTED_EDGE('',*,*,#499,.T.);
#591 = ORIENTED_EDGE('',*,*,#592,.T.);
#592 = EDGE_CURVE('',#500,#593,#595,.T.);
#593 = VERTEX_POINT('',#594);
#594 = CARTESIAN_POINT('',(-1.15,-16.63,-2.54));
#595 = LINE('',#596,#597);
#596 = CARTESIAN_POINT('',(-1.123333333333,-16.65666666666,
    -2.513333333333));
#597 = VECTOR('',#598,1.);
#598 = DIRECTION('',(-0.57735026919,0.57735026919,-0.57735026919));
#599 = ORIENTED_EDGE('',*,*,#600,.F.);
#600 = EDGE_CURVE('',#584,#593,#601,.T.);
#601 = LINE('',#602,#603);
#602 = CARTESIAN_POINT('',(-1.59,-16.63,-2.54));
#603 = VECTOR('',#604,1.);
#604 = DIRECTION('',(1.,0.,0.));
#605 = PLANE('',#606);
#606 = AXIS2_PLACEMENT_3D('',#607,#608,#609);
#607 = CARTESIAN_POINT('',(-1.59,-16.73,-2.44));
#608 = DIRECTION('',(0.,0.707106781187,0.707106781187));
#609 = DIRECTION('',(1.,0.,0.));
#610 = ADVANCED_FACE('',(#611),#636,.T.);
#611 = FACE_BOUND('',#612,.T.);
#612 = EDGE_LOOP('',(#613,#621,#629,#635));
#613 = ORIENTED_EDGE('',*,*,#614,.F.);
#614 = EDGE_CURVE('',#615,#482,#617,.T.);
#615 = VERTEX_POINT('',#616);
#616 = CARTESIAN_POINT('',(-1.59,-16.19,-5.639932965096E-16));
#617 = LINE('',#618,#619);
#618 = CARTESIAN_POINT('',(-1.59,-16.19,-5.639932965096E-16));
#619 = VECTOR('',#620,1.);
#620 = DIRECTION('',(0.,-1.,0.));
#621 = ORIENTED_EDGE('',*,*,#622,.T.);
#622 = EDGE_CURVE('',#615,#623,#625,.T.);
#623 = VERTEX_POINT('',#624);
#624 = CARTESIAN_POINT('',(-1.59,-16.19,-2.34));
#625 = LINE('',#626,#627);
#626 = CARTESIAN_POINT('',(-1.59,-16.19,-5.639932965096E-16));
#627 = VECTOR('',#628,1.);
#628 = DIRECTION('',(-0.,-0.,-1.));
#629 = ORIENTED_EDGE('',*,*,#630,.T.);
#630 = EDGE_CURVE('',#623,#492,#631,.T.);
#631 = LINE('',#632,#633);
#632 = CARTESIAN_POINT('',(-1.59,-16.19,-2.34));
#633 = VECTOR('',#634,1.);
#634 = DIRECTION('',(0.,-1.,0.));
#635 = ORIENTED_EDGE('',*,*,#491,.F.);
#636 = PLANE('',#637);
#637 = AXIS2_PLACEMENT_3D('',#638,#639,#640);
#638 = CARTESIAN_POINT('',(-1.59,-16.19,-5.639932965096E-16));
#639 = DIRECTION('',(-1.,0.,0.));
#640 = DIRECTION('',(0.,-1.,0.));
#641 = ADVANCED_FACE('',(#642),#660,.F.);
#642 = FACE_BOUND('',#643,.F.);
#643 = EDGE_LOOP('',(#644,#645,#646,#654));
#644 = ORIENTED_EDGE('',*,*,#552,.F.);
#645 = ORIENTED_EDGE('',*,*,#538,.T.);
#646 = ORIENTED_EDGE('',*,*,#647,.T.);
#647 = EDGE_CURVE('',#531,#648,#650,.T.);
#648 = VERTEX_POINT('',#649);
#649 = CARTESIAN_POINT('',(-0.95,-16.19,8.18));
#650 = LINE('',#651,#652);
#651 = CARTESIAN_POINT('',(-0.95,-16.83,8.18));
#652 = VECTOR('',#653,1.);
#653 = DIRECTION('',(0.,1.,0.));
#654 = ORIENTED_EDGE('',*,*,#655,.F.);
#655 = EDGE_CURVE('',#553,#648,#656,.T.);
#656 = LINE('',#657,#658);
#657 = CARTESIAN_POINT('',(-0.95,-16.19,-5.639932965096E-16));
#658 = VECTOR('',#659,1.);
#659 = DIRECTION('',(0.,0.,1.));
#660 = PLANE('',#661);
#661 = AXIS2_PLACEMENT_3D('',#662,#663,#664);
#662 = CARTESIAN_POINT('',(-0.95,-16.83,-5.639932965096E-16));
#663 = DIRECTION('',(-1.,0.,0.));
#664 = DIRECTION('',(0.,1.,0.));
#665 = ADVANCED_FACE('',(#666),#691,.F.);
#666 = FACE_BOUND('',#667,.T.);
#667 = EDGE_LOOP('',(#668,#676,#677,#685));
#668 = ORIENTED_EDGE('',*,*,#669,.F.);
#669 = EDGE_CURVE('',#523,#670,#672,.T.);
#670 = VERTEX_POINT('',#671);
#671 = CARTESIAN_POINT('',(-1.39,-16.63,8.38));
#672 = LINE('',#673,#674);
#673 = CARTESIAN_POINT('',(-1.416666666667,-16.65666666666,
    8.353333333333));
#674 = VECTOR('',#675,1.);
#675 = DIRECTION('',(0.57735026919,0.57735026919,0.57735026919));
#676 = ORIENTED_EDGE('',*,*,#530,.T.);
#677 = ORIENTED_EDGE('',*,*,#678,.T.);
#678 = EDGE_CURVE('',#531,#679,#681,.T.);
#679 = VERTEX_POINT('',#680);
#680 = CARTESIAN_POINT('',(-1.15,-16.63,8.38));
#681 = LINE('',#682,#683);
#682 = CARTESIAN_POINT('',(-1.123333333333,-16.65666666666,
    8.353333333333));
#683 = VECTOR('',#684,1.);
#684 = DIRECTION('',(-0.57735026919,0.57735026919,0.57735026919));
#685 = ORIENTED_EDGE('',*,*,#686,.F.);
#686 = EDGE_CURVE('',#670,#679,#687,.T.);
#687 = LINE('',#688,#689);
#688 = CARTESIAN_POINT('',(-1.59,-16.63,8.38));
#689 = VECTOR('',#690,1.);
#690 = DIRECTION('',(1.,0.,0.));
#691 = PLANE('',#692);
#692 = AXIS2_PLACEMENT_3D('',#693,#694,#695);
#693 = CARTESIAN_POINT('',(-1.59,-16.73,8.28));
#694 = DIRECTION('',(0.,0.707106781187,-0.707106781187));
#695 = DIRECTION('',(-1.,-0.,-0.));
#696 = ADVANCED_FACE('',(#697),#715,.F.);
#697 = FACE_BOUND('',#698,.F.);
#698 = EDGE_LOOP('',(#699,#700,#708,#714));
#699 = ORIENTED_EDGE('',*,*,#614,.F.);
#700 = ORIENTED_EDGE('',*,*,#701,.T.);
#701 = EDGE_CURVE('',#615,#702,#704,.T.);
#702 = VERTEX_POINT('',#703);
#703 = CARTESIAN_POINT('',(-1.59,-16.19,8.18));
#704 = LINE('',#705,#706);
#705 = CARTESIAN_POINT('',(-1.59,-16.19,-5.639932965096E-16));
#706 = VECTOR('',#707,1.);
#707 = DIRECTION('',(0.,0.,1.));
#708 = ORIENTED_EDGE('',*,*,#709,.T.);
#709 = EDGE_CURVE('',#702,#523,#710,.T.);
#710 = LINE('',#711,#712);
#711 = CARTESIAN_POINT('',(-1.59,-16.19,8.18));
#712 = VECTOR('',#713,1.);
#713 = DIRECTION('',(0.,-1.,0.));
#714 = ORIENTED_EDGE('',*,*,#522,.F.);
#715 = PLANE('',#716);
#716 = AXIS2_PLACEMENT_3D('',#717,#718,#719);
#717 = CARTESIAN_POINT('',(-1.59,-16.19,-5.639932965096E-16));
#718 = DIRECTION('',(1.,0.,0.));
#719 = DIRECTION('',(0.,-1.,0.));
#720 = ADVANCED_FACE('',(#721),#737,.T.);
#721 = FACE_BOUND('',#722,.T.);
#722 = EDGE_LOOP('',(#723,#729,#730,#736));
#723 = ORIENTED_EDGE('',*,*,#724,.F.);
#724 = EDGE_CURVE('',#553,#615,#725,.T.);
#725 = LINE('',#726,#727);
#726 = CARTESIAN_POINT('',(-0.95,-16.19,-5.639932965096E-16));
#727 = VECTOR('',#728,1.);
#728 = DIRECTION('',(-1.,0.,0.));
#729 = ORIENTED_EDGE('',*,*,#569,.T.);
#730 = ORIENTED_EDGE('',*,*,#731,.T.);
#731 = EDGE_CURVE('',#562,#623,#732,.T.);
#732 = LINE('',#733,#734);
#733 = CARTESIAN_POINT('',(-0.95,-16.19,-2.34));
#734 = VECTOR('',#735,1.);
#735 = DIRECTION('',(-1.,0.,0.));
#736 = ORIENTED_EDGE('',*,*,#622,.F.);
#737 = PLANE('',#738);
#738 = AXIS2_PLACEMENT_3D('',#739,#740,#741);
#739 = CARTESIAN_POINT('',(-0.95,-16.19,-5.639932965096E-16));
#740 = DIRECTION('',(0.,1.,0.));
#741 = DIRECTION('',(-1.,0.,0.));
#742 = ADVANCED_FACE('',(#743),#761,.F.);
#743 = FACE_BOUND('',#744,.F.);
#744 = EDGE_LOOP('',(#745,#746,#747,#755));
#745 = ORIENTED_EDGE('',*,*,#592,.F.);
#746 = ORIENTED_EDGE('',*,*,#561,.T.);
#747 = ORIENTED_EDGE('',*,*,#748,.F.);
#748 = EDGE_CURVE('',#749,#562,#751,.T.);
#749 = VERTEX_POINT('',#750);
#750 = CARTESIAN_POINT('',(-1.15,-16.39,-2.54));
#751 = LINE('',#752,#753);
#752 = CARTESIAN_POINT('',(-1.123333333333,-16.36333333333,
    -2.513333333333));
#753 = VECTOR('',#754,1.);
#754 = DIRECTION('',(0.57735026919,0.57735026919,0.57735026919));
#755 = ORIENTED_EDGE('',*,*,#756,.F.);
#756 = EDGE_CURVE('',#593,#749,#757,.T.);
#757 = LINE('',#758,#759);
#758 = CARTESIAN_POINT('',(-1.15,-16.83,-2.54));
#759 = VECTOR('',#760,1.);
#760 = DIRECTION('',(0.,1.,0.));
#761 = PLANE('',#762);
#762 = AXIS2_PLACEMENT_3D('',#763,#764,#765);
#763 = CARTESIAN_POINT('',(-1.05,-16.83,-2.44));
#764 = DIRECTION('',(-0.707106781187,0.,0.707106781187));
#765 = DIRECTION('',(0.,1.,0.));
#766 = ADVANCED_FACE('',(#767),#785,.F.);
#767 = FACE_BOUND('',#768,.F.);
#768 = EDGE_LOOP('',(#769,#777,#778,#779));
#769 = ORIENTED_EDGE('',*,*,#770,.F.);
#770 = EDGE_CURVE('',#623,#771,#773,.T.);
#771 = VERTEX_POINT('',#772);
#772 = CARTESIAN_POINT('',(-1.39,-16.39,-2.54));
#773 = LINE('',#774,#775);
#774 = CARTESIAN_POINT('',(-1.416666666667,-16.36333333333,
    -2.513333333333));
#775 = VECTOR('',#776,1.);
#776 = DIRECTION('',(0.57735026919,-0.57735026919,-0.57735026919));
#777 = ORIENTED_EDGE('',*,*,#630,.T.);
#778 = ORIENTED_EDGE('',*,*,#583,.T.);
#779 = ORIENTED_EDGE('',*,*,#780,.F.);
#780 = EDGE_CURVE('',#771,#584,#781,.T.);
#781 = LINE('',#782,#783);
#782 = CARTESIAN_POINT('',(-1.39,-16.19,-2.54));
#783 = VECTOR('',#784,1.);
#784 = DIRECTION('',(0.,-1.,0.));
#785 = PLANE('',#786);
#786 = AXIS2_PLACEMENT_3D('',#787,#788,#789);
#787 = CARTESIAN_POINT('',(-1.49,-16.19,-2.44));
#788 = DIRECTION('',(0.707106781187,0.,0.707106781187));
#789 = DIRECTION('',(0.,-1.,0.));
#790 = ADVANCED_FACE('',(#791),#802,.F.);
#791 = FACE_BOUND('',#792,.F.);
#792 = EDGE_LOOP('',(#793,#794,#795,#796));
#793 = ORIENTED_EDGE('',*,*,#780,.T.);
#794 = ORIENTED_EDGE('',*,*,#600,.T.);
#795 = ORIENTED_EDGE('',*,*,#756,.T.);
#796 = ORIENTED_EDGE('',*,*,#797,.T.);
#797 = EDGE_CURVE('',#749,#771,#798,.T.);
#798 = LINE('',#799,#800);
#799 = CARTESIAN_POINT('',(-0.95,-16.39,-2.54));
#800 = VECTOR('',#801,1.);
#801 = DIRECTION('',(-1.,0.,0.));
#802 = PLANE('',#803);
#803 = AXIS2_PLACEMENT_3D('',#804,#805,#806);
#804 = CARTESIAN_POINT('',(-1.27,-16.51,-2.54));
#805 = DIRECTION('',(0.,0.,1.));
#806 = DIRECTION('',(1.,0.,0.));
#807 = ADVANCED_FACE('',(#808),#819,.F.);
#808 = FACE_BOUND('',#809,.F.);
#809 = EDGE_LOOP('',(#810,#811,#812,#818));
#810 = ORIENTED_EDGE('',*,*,#724,.F.);
#811 = ORIENTED_EDGE('',*,*,#655,.T.);
#812 = ORIENTED_EDGE('',*,*,#813,.T.);
#813 = EDGE_CURVE('',#648,#702,#814,.T.);
#814 = LINE('',#815,#816);
#815 = CARTESIAN_POINT('',(-0.95,-16.19,8.18));
#816 = VECTOR('',#817,1.);
#817 = DIRECTION('',(-1.,0.,0.));
#818 = ORIENTED_EDGE('',*,*,#701,.F.);
#819 = PLANE('',#820);
#820 = AXIS2_PLACEMENT_3D('',#821,#822,#823);
#821 = CARTESIAN_POINT('',(-0.95,-16.19,-5.639932965096E-16));
#822 = DIRECTION('',(0.,-1.,0.));
#823 = DIRECTION('',(-1.,0.,0.));
#824 = ADVANCED_FACE('',(#825),#843,.F.);
#825 = FACE_BOUND('',#826,.T.);
#826 = EDGE_LOOP('',(#827,#828,#829,#837));
#827 = ORIENTED_EDGE('',*,*,#678,.F.);
#828 = ORIENTED_EDGE('',*,*,#647,.T.);
#829 = ORIENTED_EDGE('',*,*,#830,.F.);
#830 = EDGE_CURVE('',#831,#648,#833,.T.);
#831 = VERTEX_POINT('',#832);
#832 = CARTESIAN_POINT('',(-1.15,-16.39,8.38));
#833 = LINE('',#834,#835);
#834 = CARTESIAN_POINT('',(-1.123333333333,-16.36333333333,
    8.353333333333));
#835 = VECTOR('',#836,1.);
#836 = DIRECTION('',(0.57735026919,0.57735026919,-0.57735026919));
#837 = ORIENTED_EDGE('',*,*,#838,.F.);
#838 = EDGE_CURVE('',#679,#831,#839,.T.);
#839 = LINE('',#840,#841);
#840 = CARTESIAN_POINT('',(-1.15,-16.83,8.38));
#841 = VECTOR('',#842,1.);
#842 = DIRECTION('',(0.,1.,0.));
#843 = PLANE('',#844);
#844 = AXIS2_PLACEMENT_3D('',#845,#846,#847);
#845 = CARTESIAN_POINT('',(-1.05,-16.83,8.28));
#846 = DIRECTION('',(-0.707106781187,0.,-0.707106781187));
#847 = DIRECTION('',(-0.,-1.,-0.));
#848 = ADVANCED_FACE('',(#849),#867,.F.);
#849 = FACE_BOUND('',#850,.T.);
#850 = EDGE_LOOP('',(#851,#859,#860,#861));
#851 = ORIENTED_EDGE('',*,*,#852,.T.);
#852 = EDGE_CURVE('',#853,#702,#855,.T.);
#853 = VERTEX_POINT('',#854);
#854 = CARTESIAN_POINT('',(-1.39,-16.39,8.38));
#855 = LINE('',#856,#857);
#856 = CARTESIAN_POINT('',(-1.416666666667,-16.36333333333,
    8.353333333333));
#857 = VECTOR('',#858,1.);
#858 = DIRECTION('',(-0.57735026919,0.57735026919,-0.57735026919));
#859 = ORIENTED_EDGE('',*,*,#709,.T.);
#860 = ORIENTED_EDGE('',*,*,#669,.T.);
#861 = ORIENTED_EDGE('',*,*,#862,.F.);
#862 = EDGE_CURVE('',#853,#670,#863,.T.);
#863 = LINE('',#864,#865);
#864 = CARTESIAN_POINT('',(-1.39,-16.19,8.38));
#865 = VECTOR('',#866,1.);
#866 = DIRECTION('',(0.,-1.,0.));
#867 = PLANE('',#868);
#868 = AXIS2_PLACEMENT_3D('',#869,#870,#871);
#869 = CARTESIAN_POINT('',(-1.49,-16.19,8.28));
#870 = DIRECTION('',(0.707106781187,0.,-0.707106781187));
#871 = DIRECTION('',(0.,1.,0.));
#872 = ADVANCED_FACE('',(#873),#884,.T.);
#873 = FACE_BOUND('',#874,.T.);
#874 = EDGE_LOOP('',(#875,#876,#877,#878));
#875 = ORIENTED_EDGE('',*,*,#862,.T.);
#876 = ORIENTED_EDGE('',*,*,#686,.T.);
#877 = ORIENTED_EDGE('',*,*,#838,.T.);
#878 = ORIENTED_EDGE('',*,*,#879,.T.);
#879 = EDGE_CURVE('',#831,#853,#880,.T.);
#880 = LINE('',#881,#882);
#881 = CARTESIAN_POINT('',(-0.95,-16.39,8.38));
#882 = VECTOR('',#883,1.);
#883 = DIRECTION('',(-1.,0.,0.));
#884 = PLANE('',#885);
#885 = AXIS2_PLACEMENT_3D('',#886,#887,#888);
#886 = CARTESIAN_POINT('',(-1.27,-16.51,8.38));
#887 = DIRECTION('',(0.,0.,1.));
#888 = DIRECTION('',(1.,0.,0.));
#889 = ADVANCED_FACE('',(#890),#896,.F.);
#890 = FACE_BOUND('',#891,.T.);
#891 = EDGE_LOOP('',(#892,#893,#894,#895));
#892 = ORIENTED_EDGE('',*,*,#748,.F.);
#893 = ORIENTED_EDGE('',*,*,#797,.T.);
#894 = ORIENTED_EDGE('',*,*,#770,.F.);
#895 = ORIENTED_EDGE('',*,*,#731,.F.);
#896 = PLANE('',#897);
#897 = AXIS2_PLACEMENT_3D('',#898,#899,#900);
#898 = CARTESIAN_POINT('',(-0.95,-16.29,-2.44));
#899 = DIRECTION('',(0.,-0.707106781187,0.707106781187));
#900 = DIRECTION('',(1.,0.,0.));
#901 = ADVANCED_FACE('',(#902),#908,.F.);
#902 = FACE_BOUND('',#903,.F.);
#903 = EDGE_LOOP('',(#904,#905,#906,#907));
#904 = ORIENTED_EDGE('',*,*,#830,.F.);
#905 = ORIENTED_EDGE('',*,*,#879,.T.);
#906 = ORIENTED_EDGE('',*,*,#852,.T.);
#907 = ORIENTED_EDGE('',*,*,#813,.F.);
#908 = PLANE('',#909);
#909 = AXIS2_PLACEMENT_3D('',#910,#911,#912);
#910 = CARTESIAN_POINT('',(-0.95,-16.29,8.28));
#911 = DIRECTION('',(0.,-0.707106781187,-0.707106781187));
#912 = DIRECTION('',(-1.,0.,0.));
#913 = MANIFOLD_SOLID_BREP('',#914);
#914 = CLOSED_SHELL('',(#915,#955,#986,#1017,#1048,#1079,#1103,#1134,
    #1158,#1180,#1204,#1228,#1245,#1262,#1286,#1310,#1327,#1339));
#915 = ADVANCED_FACE('',(#916),#950,.T.);
#916 = FACE_BOUND('',#917,.T.);
#917 = EDGE_LOOP('',(#918,#928,#936,#944));
#918 = ORIENTED_EDGE('',*,*,#919,.F.);
#919 = EDGE_CURVE('',#920,#922,#924,.T.);
#920 = VERTEX_POINT('',#921);
#921 = CARTESIAN_POINT('',(-1.59,-14.29,-8.459899447644E-16));
#922 = VERTEX_POINT('',#923);
#923 = CARTESIAN_POINT('',(-0.95,-14.29,-8.459899447644E-16));
#924 = LINE('',#925,#926);
#925 = CARTESIAN_POINT('',(-1.59,-14.29,-8.459899447644E-16));
#926 = VECTOR('',#927,1.);
#927 = DIRECTION('',(1.,0.,0.));
#928 = ORIENTED_EDGE('',*,*,#929,.T.);
#929 = EDGE_CURVE('',#920,#930,#932,.T.);
#930 = VERTEX_POINT('',#931);
#931 = CARTESIAN_POINT('',(-1.59,-14.29,-2.34));
#932 = LINE('',#933,#934);
#933 = CARTESIAN_POINT('',(-1.59,-14.29,-8.459899447644E-16));
#934 = VECTOR('',#935,1.);
#935 = DIRECTION('',(-0.,-0.,-1.));
#936 = ORIENTED_EDGE('',*,*,#937,.T.);
#937 = EDGE_CURVE('',#930,#938,#940,.T.);
#938 = VERTEX_POINT('',#939);
#939 = CARTESIAN_POINT('',(-0.95,-14.29,-2.34));
#940 = LINE('',#941,#942);
#941 = CARTESIAN_POINT('',(-1.59,-14.29,-2.34));
#942 = VECTOR('',#943,1.);
#943 = DIRECTION('',(1.,0.,0.));
#944 = ORIENTED_EDGE('',*,*,#945,.F.);
#945 = EDGE_CURVE('',#922,#938,#946,.T.);
#946 = LINE('',#947,#948);
#947 = CARTESIAN_POINT('',(-0.95,-14.29,-8.459899447644E-16));
#948 = VECTOR('',#949,1.);
#949 = DIRECTION('',(-0.,-0.,-1.));
#950 = PLANE('',#951);
#951 = AXIS2_PLACEMENT_3D('',#952,#953,#954);
#952 = CARTESIAN_POINT('',(-1.59,-14.29,-8.459899447644E-16));
#953 = DIRECTION('',(0.,-1.,0.));
#954 = DIRECTION('',(1.,0.,0.));
#955 = ADVANCED_FACE('',(#956),#981,.F.);
#956 = FACE_BOUND('',#957,.F.);
#957 = EDGE_LOOP('',(#958,#959,#967,#975));
#958 = ORIENTED_EDGE('',*,*,#919,.F.);
#959 = ORIENTED_EDGE('',*,*,#960,.T.);
#960 = EDGE_CURVE('',#920,#961,#963,.T.);
#961 = VERTEX_POINT('',#962);
#962 = CARTESIAN_POINT('',(-1.59,-14.29,8.18));
#963 = LINE('',#964,#965);
#964 = CARTESIAN_POINT('',(-1.59,-14.29,-8.459899447644E-16));
#965 = VECTOR('',#966,1.);
#966 = DIRECTION('',(0.,0.,1.));
#967 = ORIENTED_EDGE('',*,*,#968,.T.);
#968 = EDGE_CURVE('',#961,#969,#971,.T.);
#969 = VERTEX_POINT('',#970);
#970 = CARTESIAN_POINT('',(-0.95,-14.29,8.18));
#971 = LINE('',#972,#973);
#972 = CARTESIAN_POINT('',(-1.59,-14.29,8.18));
#973 = VECTOR('',#974,1.);
#974 = DIRECTION('',(1.,0.,0.));
#975 = ORIENTED_EDGE('',*,*,#976,.F.);
#976 = EDGE_CURVE('',#922,#969,#977,.T.);
#977 = LINE('',#978,#979);
#978 = CARTESIAN_POINT('',(-0.95,-14.29,-8.459899447644E-16));
#979 = VECTOR('',#980,1.);
#980 = DIRECTION('',(0.,0.,1.));
#981 = PLANE('',#982);
#982 = AXIS2_PLACEMENT_3D('',#983,#984,#985);
#983 = CARTESIAN_POINT('',(-1.59,-14.29,-8.459899447644E-16));
#984 = DIRECTION('',(0.,1.,0.));
#985 = DIRECTION('',(1.,0.,0.));
#986 = ADVANCED_FACE('',(#987),#1012,.T.);
#987 = FACE_BOUND('',#988,.T.);
#988 = EDGE_LOOP('',(#989,#997,#998,#1006));
#989 = ORIENTED_EDGE('',*,*,#990,.F.);
#990 = EDGE_CURVE('',#922,#991,#993,.T.);
#991 = VERTEX_POINT('',#992);
#992 = CARTESIAN_POINT('',(-0.95,-13.65,-8.459899447644E-16));
#993 = LINE('',#994,#995);
#994 = CARTESIAN_POINT('',(-0.95,-14.29,-8.459899447644E-16));
#995 = VECTOR('',#996,1.);
#996 = DIRECTION('',(0.,1.,0.));
#997 = ORIENTED_EDGE('',*,*,#945,.T.);
#998 = ORIENTED_EDGE('',*,*,#999,.T.);
#999 = EDGE_CURVE('',#938,#1000,#1002,.T.);
#1000 = VERTEX_POINT('',#1001);
#1001 = CARTESIAN_POINT('',(-0.95,-13.65,-2.34));
#1002 = LINE('',#1003,#1004);
#1003 = CARTESIAN_POINT('',(-0.95,-14.29,-2.34));
#1004 = VECTOR('',#1005,1.);
#1005 = DIRECTION('',(0.,1.,0.));
#1006 = ORIENTED_EDGE('',*,*,#1007,.F.);
#1007 = EDGE_CURVE('',#991,#1000,#1008,.T.);
#1008 = LINE('',#1009,#1010);
#1009 = CARTESIAN_POINT('',(-0.95,-13.65,-8.459899447644E-16));
#1010 = VECTOR('',#1011,1.);
#1011 = DIRECTION('',(-0.,-0.,-1.));
#1012 = PLANE('',#1013);
#1013 = AXIS2_PLACEMENT_3D('',#1014,#1015,#1016);
#1014 = CARTESIAN_POINT('',(-0.95,-14.29,-8.459899447644E-16));
#1015 = DIRECTION('',(1.,0.,0.));
#1016 = DIRECTION('',(0.,1.,0.));
#1017 = ADVANCED_FACE('',(#1018),#1043,.F.);
#1018 = FACE_BOUND('',#1019,.F.);
#1019 = EDGE_LOOP('',(#1020,#1028,#1029,#1037));
#1020 = ORIENTED_EDGE('',*,*,#1021,.F.);
#1021 = EDGE_CURVE('',#930,#1022,#1024,.T.);
#1022 = VERTEX_POINT('',#1023);
#1023 = CARTESIAN_POINT('',(-1.39,-14.09,-2.54));
#1024 = LINE('',#1025,#1026);
#1025 = CARTESIAN_POINT('',(-1.416666666667,-14.11666666666,
    -2.513333333333));
#1026 = VECTOR('',#1027,1.);
#1027 = DIRECTION('',(0.57735026919,0.57735026919,-0.57735026919));
#1028 = ORIENTED_EDGE('',*,*,#937,.T.);
#1029 = ORIENTED_EDGE('',*,*,#1030,.T.);
#1030 = EDGE_CURVE('',#938,#1031,#1033,.T.);
#1031 = VERTEX_POINT('',#1032);
#1032 = CARTESIAN_POINT('',(-1.15,-14.09,-2.54));
#1033 = LINE('',#1034,#1035);
#1034 = CARTESIAN_POINT('',(-1.123333333333,-14.11666666666,
    -2.513333333333));
#1035 = VECTOR('',#1036,1.);
#1036 = DIRECTION('',(-0.57735026919,0.57735026919,-0.57735026919));
#1037 = ORIENTED_EDGE('',*,*,#1038,.F.);
#1038 = EDGE_CURVE('',#1022,#1031,#1039,.T.);
#1039 = LINE('',#1040,#1041);
#1040 = CARTESIAN_POINT('',(-1.59,-14.09,-2.54));
#1041 = VECTOR('',#1042,1.);
#1042 = DIRECTION('',(1.,0.,0.));
#1043 = PLANE('',#1044);
#1044 = AXIS2_PLACEMENT_3D('',#1045,#1046,#1047);
#1045 = CARTESIAN_POINT('',(-1.59,-14.19,-2.44));
#1046 = DIRECTION('',(0.,0.707106781187,0.707106781187));
#1047 = DIRECTION('',(1.,0.,0.));
#1048 = ADVANCED_FACE('',(#1049),#1074,.T.);
#1049 = FACE_BOUND('',#1050,.T.);
#1050 = EDGE_LOOP('',(#1051,#1059,#1067,#1073));
#1051 = ORIENTED_EDGE('',*,*,#1052,.F.);
#1052 = EDGE_CURVE('',#1053,#920,#1055,.T.);
#1053 = VERTEX_POINT('',#1054);
#1054 = CARTESIAN_POINT('',(-1.59,-13.65,-8.459899447644E-16));
#1055 = LINE('',#1056,#1057);
#1056 = CARTESIAN_POINT('',(-1.59,-13.65,-8.459899447644E-16));
#1057 = VECTOR('',#1058,1.);
#1058 = DIRECTION('',(0.,-1.,0.));
#1059 = ORIENTED_EDGE('',*,*,#1060,.T.);
#1060 = EDGE_CURVE('',#1053,#1061,#1063,.T.);
#1061 = VERTEX_POINT('',#1062);
#1062 = CARTESIAN_POINT('',(-1.59,-13.65,-2.34));
#1063 = LINE('',#1064,#1065);
#1064 = CARTESIAN_POINT('',(-1.59,-13.65,-8.459899447644E-16));
#1065 = VECTOR('',#1066,1.);
#1066 = DIRECTION('',(-0.,-0.,-1.));
#1067 = ORIENTED_EDGE('',*,*,#1068,.T.);
#1068 = EDGE_CURVE('',#1061,#930,#1069,.T.);
#1069 = LINE('',#1070,#1071);
#1070 = CARTESIAN_POINT('',(-1.59,-13.65,-2.34));
#1071 = VECTOR('',#1072,1.);
#1072 = DIRECTION('',(0.,-1.,0.));
#1073 = ORIENTED_EDGE('',*,*,#929,.F.);
#1074 = PLANE('',#1075);
#1075 = AXIS2_PLACEMENT_3D('',#1076,#1077,#1078);
#1076 = CARTESIAN_POINT('',(-1.59,-13.65,-8.459899447644E-16));
#1077 = DIRECTION('',(-1.,0.,0.));
#1078 = DIRECTION('',(0.,-1.,0.));
#1079 = ADVANCED_FACE('',(#1080),#1098,.F.);
#1080 = FACE_BOUND('',#1081,.F.);
#1081 = EDGE_LOOP('',(#1082,#1083,#1084,#1092));
#1082 = ORIENTED_EDGE('',*,*,#990,.F.);
#1083 = ORIENTED_EDGE('',*,*,#976,.T.);
#1084 = ORIENTED_EDGE('',*,*,#1085,.T.);
#1085 = EDGE_CURVE('',#969,#1086,#1088,.T.);
#1086 = VERTEX_POINT('',#1087);
#1087 = CARTESIAN_POINT('',(-0.95,-13.65,8.18));
#1088 = LINE('',#1089,#1090);
#1089 = CARTESIAN_POINT('',(-0.95,-14.29,8.18));
#1090 = VECTOR('',#1091,1.);
#1091 = DIRECTION('',(0.,1.,0.));
#1092 = ORIENTED_EDGE('',*,*,#1093,.F.);
#1093 = EDGE_CURVE('',#991,#1086,#1094,.T.);
#1094 = LINE('',#1095,#1096);
#1095 = CARTESIAN_POINT('',(-0.95,-13.65,-8.459899447644E-16));
#1096 = VECTOR('',#1097,1.);
#1097 = DIRECTION('',(0.,0.,1.));
#1098 = PLANE('',#1099);
#1099 = AXIS2_PLACEMENT_3D('',#1100,#1101,#1102);
#1100 = CARTESIAN_POINT('',(-0.95,-14.29,-8.459899447644E-16));
#1101 = DIRECTION('',(-1.,0.,0.));
#1102 = DIRECTION('',(0.,1.,0.));
#1103 = ADVANCED_FACE('',(#1104),#1129,.F.);
#1104 = FACE_BOUND('',#1105,.T.);
#1105 = EDGE_LOOP('',(#1106,#1114,#1115,#1123));
#1106 = ORIENTED_EDGE('',*,*,#1107,.F.);
#1107 = EDGE_CURVE('',#961,#1108,#1110,.T.);
#1108 = VERTEX_POINT('',#1109);
#1109 = CARTESIAN_POINT('',(-1.39,-14.09,8.38));
#1110 = LINE('',#1111,#1112);
#1111 = CARTESIAN_POINT('',(-1.416666666667,-14.11666666666,
    8.353333333333));
#1112 = VECTOR('',#1113,1.);
#1113 = DIRECTION('',(0.57735026919,0.57735026919,0.57735026919));
#1114 = ORIENTED_EDGE('',*,*,#968,.T.);
#1115 = ORIENTED_EDGE('',*,*,#1116,.T.);
#1116 = EDGE_CURVE('',#969,#1117,#1119,.T.);
#1117 = VERTEX_POINT('',#1118);
#1118 = CARTESIAN_POINT('',(-1.15,-14.09,8.38));
#1119 = LINE('',#1120,#1121);
#1120 = CARTESIAN_POINT('',(-1.123333333333,-14.11666666666,
    8.353333333333));
#1121 = VECTOR('',#1122,1.);
#1122 = DIRECTION('',(-0.57735026919,0.57735026919,0.57735026919));
#1123 = ORIENTED_EDGE('',*,*,#1124,.F.);
#1124 = EDGE_CURVE('',#1108,#1117,#1125,.T.);
#1125 = LINE('',#1126,#1127);
#1126 = CARTESIAN_POINT('',(-1.59,-14.09,8.38));
#1127 = VECTOR('',#1128,1.);
#1128 = DIRECTION('',(1.,0.,0.));
#1129 = PLANE('',#1130);
#1130 = AXIS2_PLACEMENT_3D('',#1131,#1132,#1133);
#1131 = CARTESIAN_POINT('',(-1.59,-14.19,8.28));
#1132 = DIRECTION('',(0.,0.707106781187,-0.707106781187));
#1133 = DIRECTION('',(-1.,-0.,-0.));
#1134 = ADVANCED_FACE('',(#1135),#1153,.F.);
#1135 = FACE_BOUND('',#1136,.F.);
#1136 = EDGE_LOOP('',(#1137,#1138,#1146,#1152));
#1137 = ORIENTED_EDGE('',*,*,#1052,.F.);
#1138 = ORIENTED_EDGE('',*,*,#1139,.T.);
#1139 = EDGE_CURVE('',#1053,#1140,#1142,.T.);
#1140 = VERTEX_POINT('',#1141);
#1141 = CARTESIAN_POINT('',(-1.59,-13.65,8.18));
#1142 = LINE('',#1143,#1144);
#1143 = CARTESIAN_POINT('',(-1.59,-13.65,-8.459899447644E-16));
#1144 = VECTOR('',#1145,1.);
#1145 = DIRECTION('',(0.,0.,1.));
#1146 = ORIENTED_EDGE('',*,*,#1147,.T.);
#1147 = EDGE_CURVE('',#1140,#961,#1148,.T.);
#1148 = LINE('',#1149,#1150);
#1149 = CARTESIAN_POINT('',(-1.59,-13.65,8.18));
#1150 = VECTOR('',#1151,1.);
#1151 = DIRECTION('',(0.,-1.,0.));
#1152 = ORIENTED_EDGE('',*,*,#960,.F.);
#1153 = PLANE('',#1154);
#1154 = AXIS2_PLACEMENT_3D('',#1155,#1156,#1157);
#1155 = CARTESIAN_POINT('',(-1.59,-13.65,-8.459899447644E-16));
#1156 = DIRECTION('',(1.,0.,0.));
#1157 = DIRECTION('',(0.,-1.,0.));
#1158 = ADVANCED_FACE('',(#1159),#1175,.T.);
#1159 = FACE_BOUND('',#1160,.T.);
#1160 = EDGE_LOOP('',(#1161,#1167,#1168,#1174));
#1161 = ORIENTED_EDGE('',*,*,#1162,.F.);
#1162 = EDGE_CURVE('',#991,#1053,#1163,.T.);
#1163 = LINE('',#1164,#1165);
#1164 = CARTESIAN_POINT('',(-0.95,-13.65,-8.459899447644E-16));
#1165 = VECTOR('',#1166,1.);
#1166 = DIRECTION('',(-1.,0.,0.));
#1167 = ORIENTED_EDGE('',*,*,#1007,.T.);
#1168 = ORIENTED_EDGE('',*,*,#1169,.T.);
#1169 = EDGE_CURVE('',#1000,#1061,#1170,.T.);
#1170 = LINE('',#1171,#1172);
#1171 = CARTESIAN_POINT('',(-0.95,-13.65,-2.34));
#1172 = VECTOR('',#1173,1.);
#1173 = DIRECTION('',(-1.,0.,0.));
#1174 = ORIENTED_EDGE('',*,*,#1060,.F.);
#1175 = PLANE('',#1176);
#1176 = AXIS2_PLACEMENT_3D('',#1177,#1178,#1179);
#1177 = CARTESIAN_POINT('',(-0.95,-13.65,-8.459899447644E-16));
#1178 = DIRECTION('',(0.,1.,0.));
#1179 = DIRECTION('',(-1.,0.,0.));
#1180 = ADVANCED_FACE('',(#1181),#1199,.F.);
#1181 = FACE_BOUND('',#1182,.F.);
#1182 = EDGE_LOOP('',(#1183,#1184,#1185,#1193));
#1183 = ORIENTED_EDGE('',*,*,#1030,.F.);
#1184 = ORIENTED_EDGE('',*,*,#999,.T.);
#1185 = ORIENTED_EDGE('',*,*,#1186,.F.);
#1186 = EDGE_CURVE('',#1187,#1000,#1189,.T.);
#1187 = VERTEX_POINT('',#1188);
#1188 = CARTESIAN_POINT('',(-1.15,-13.85,-2.54));
#1189 = LINE('',#1190,#1191);
#1190 = CARTESIAN_POINT('',(-1.123333333333,-13.82333333333,
    -2.513333333333));
#1191 = VECTOR('',#1192,1.);
#1192 = DIRECTION('',(0.57735026919,0.57735026919,0.57735026919));
#1193 = ORIENTED_EDGE('',*,*,#1194,.F.);
#1194 = EDGE_CURVE('',#1031,#1187,#1195,.T.);
#1195 = LINE('',#1196,#1197);
#1196 = CARTESIAN_POINT('',(-1.15,-14.29,-2.54));
#1197 = VECTOR('',#1198,1.);
#1198 = DIRECTION('',(0.,1.,0.));
#1199 = PLANE('',#1200);
#1200 = AXIS2_PLACEMENT_3D('',#1201,#1202,#1203);
#1201 = CARTESIAN_POINT('',(-1.05,-14.29,-2.44));
#1202 = DIRECTION('',(-0.707106781187,0.,0.707106781187));
#1203 = DIRECTION('',(0.,1.,0.));
#1204 = ADVANCED_FACE('',(#1205),#1223,.F.);
#1205 = FACE_BOUND('',#1206,.F.);
#1206 = EDGE_LOOP('',(#1207,#1215,#1216,#1217));
#1207 = ORIENTED_EDGE('',*,*,#1208,.F.);
#1208 = EDGE_CURVE('',#1061,#1209,#1211,.T.);
#1209 = VERTEX_POINT('',#1210);
#1210 = CARTESIAN_POINT('',(-1.39,-13.85,-2.54));
#1211 = LINE('',#1212,#1213);
#1212 = CARTESIAN_POINT('',(-1.416666666667,-13.82333333333,
    -2.513333333333));
#1213 = VECTOR('',#1214,1.);
#1214 = DIRECTION('',(0.57735026919,-0.57735026919,-0.57735026919));
#1215 = ORIENTED_EDGE('',*,*,#1068,.T.);
#1216 = ORIENTED_EDGE('',*,*,#1021,.T.);
#1217 = ORIENTED_EDGE('',*,*,#1218,.F.);
#1218 = EDGE_CURVE('',#1209,#1022,#1219,.T.);
#1219 = LINE('',#1220,#1221);
#1220 = CARTESIAN_POINT('',(-1.39,-13.65,-2.54));
#1221 = VECTOR('',#1222,1.);
#1222 = DIRECTION('',(0.,-1.,0.));
#1223 = PLANE('',#1224);
#1224 = AXIS2_PLACEMENT_3D('',#1225,#1226,#1227);
#1225 = CARTESIAN_POINT('',(-1.49,-13.65,-2.44));
#1226 = DIRECTION('',(0.707106781187,0.,0.707106781187));
#1227 = DIRECTION('',(0.,-1.,0.));
#1228 = ADVANCED_FACE('',(#1229),#1240,.F.);
#1229 = FACE_BOUND('',#1230,.F.);
#1230 = EDGE_LOOP('',(#1231,#1232,#1233,#1234));
#1231 = ORIENTED_EDGE('',*,*,#1218,.T.);
#1232 = ORIENTED_EDGE('',*,*,#1038,.T.);
#1233 = ORIENTED_EDGE('',*,*,#1194,.T.);
#1234 = ORIENTED_EDGE('',*,*,#1235,.T.);
#1235 = EDGE_CURVE('',#1187,#1209,#1236,.T.);
#1236 = LINE('',#1237,#1238);
#1237 = CARTESIAN_POINT('',(-0.95,-13.85,-2.54));
#1238 = VECTOR('',#1239,1.);
#1239 = DIRECTION('',(-1.,0.,0.));
#1240 = PLANE('',#1241);
#1241 = AXIS2_PLACEMENT_3D('',#1242,#1243,#1244);
#1242 = CARTESIAN_POINT('',(-1.27,-13.97,-2.54));
#1243 = DIRECTION('',(0.,0.,1.));
#1244 = DIRECTION('',(1.,0.,0.));
#1245 = ADVANCED_FACE('',(#1246),#1257,.F.);
#1246 = FACE_BOUND('',#1247,.F.);
#1247 = EDGE_LOOP('',(#1248,#1249,#1250,#1256));
#1248 = ORIENTED_EDGE('',*,*,#1162,.F.);
#1249 = ORIENTED_EDGE('',*,*,#1093,.T.);
#1250 = ORIENTED_EDGE('',*,*,#1251,.T.);
#1251 = EDGE_CURVE('',#1086,#1140,#1252,.T.);
#1252 = LINE('',#1253,#1254);
#1253 = CARTESIAN_POINT('',(-0.95,-13.65,8.18));
#1254 = VECTOR('',#1255,1.);
#1255 = DIRECTION('',(-1.,0.,0.));
#1256 = ORIENTED_EDGE('',*,*,#1139,.F.);
#1257 = PLANE('',#1258);
#1258 = AXIS2_PLACEMENT_3D('',#1259,#1260,#1261);
#1259 = CARTESIAN_POINT('',(-0.95,-13.65,-8.459899447644E-16));
#1260 = DIRECTION('',(0.,-1.,0.));
#1261 = DIRECTION('',(-1.,0.,0.));
#1262 = ADVANCED_FACE('',(#1263),#1281,.F.);
#1263 = FACE_BOUND('',#1264,.T.);
#1264 = EDGE_LOOP('',(#1265,#1266,#1267,#1275));
#1265 = ORIENTED_EDGE('',*,*,#1116,.F.);
#1266 = ORIENTED_EDGE('',*,*,#1085,.T.);
#1267 = ORIENTED_EDGE('',*,*,#1268,.F.);
#1268 = EDGE_CURVE('',#1269,#1086,#1271,.T.);
#1269 = VERTEX_POINT('',#1270);
#1270 = CARTESIAN_POINT('',(-1.15,-13.85,8.38));
#1271 = LINE('',#1272,#1273);
#1272 = CARTESIAN_POINT('',(-1.123333333333,-13.82333333333,
    8.353333333333));
#1273 = VECTOR('',#1274,1.);
#1274 = DIRECTION('',(0.57735026919,0.57735026919,-0.57735026919));
#1275 = ORIENTED_EDGE('',*,*,#1276,.F.);
#1276 = EDGE_CURVE('',#1117,#1269,#1277,.T.);
#1277 = LINE('',#1278,#1279);
#1278 = CARTESIAN_POINT('',(-1.15,-14.29,8.38));
#1279 = VECTOR('',#1280,1.);
#1280 = DIRECTION('',(0.,1.,0.));
#1281 = PLANE('',#1282);
#1282 = AXIS2_PLACEMENT_3D('',#1283,#1284,#1285);
#1283 = CARTESIAN_POINT('',(-1.05,-14.29,8.28));
#1284 = DIRECTION('',(-0.707106781187,0.,-0.707106781187));
#1285 = DIRECTION('',(-0.,-1.,-0.));
#1286 = ADVANCED_FACE('',(#1287),#1305,.F.);
#1287 = FACE_BOUND('',#1288,.T.);
#1288 = EDGE_LOOP('',(#1289,#1297,#1298,#1299));
#1289 = ORIENTED_EDGE('',*,*,#1290,.T.);
#1290 = EDGE_CURVE('',#1291,#1140,#1293,.T.);
#1291 = VERTEX_POINT('',#1292);
#1292 = CARTESIAN_POINT('',(-1.39,-13.85,8.38));
#1293 = LINE('',#1294,#1295);
#1294 = CARTESIAN_POINT('',(-1.416666666667,-13.82333333333,
    8.353333333333));
#1295 = VECTOR('',#1296,1.);
#1296 = DIRECTION('',(-0.57735026919,0.57735026919,-0.57735026919));
#1297 = ORIENTED_EDGE('',*,*,#1147,.T.);
#1298 = ORIENTED_EDGE('',*,*,#1107,.T.);
#1299 = ORIENTED_EDGE('',*,*,#1300,.F.);
#1300 = EDGE_CURVE('',#1291,#1108,#1301,.T.);
#1301 = LINE('',#1302,#1303);
#1302 = CARTESIAN_POINT('',(-1.39,-13.65,8.38));
#1303 = VECTOR('',#1304,1.);
#1304 = DIRECTION('',(0.,-1.,0.));
#1305 = PLANE('',#1306);
#1306 = AXIS2_PLACEMENT_3D('',#1307,#1308,#1309);
#1307 = CARTESIAN_POINT('',(-1.49,-13.65,8.28));
#1308 = DIRECTION('',(0.707106781187,0.,-0.707106781187));
#1309 = DIRECTION('',(0.,1.,0.));
#1310 = ADVANCED_FACE('',(#1311),#1322,.T.);
#1311 = FACE_BOUND('',#1312,.T.);
#1312 = EDGE_LOOP('',(#1313,#1314,#1315,#1316));
#1313 = ORIENTED_EDGE('',*,*,#1300,.T.);
#1314 = ORIENTED_EDGE('',*,*,#1124,.T.);
#1315 = ORIENTED_EDGE('',*,*,#1276,.T.);
#1316 = ORIENTED_EDGE('',*,*,#1317,.T.);
#1317 = EDGE_CURVE('',#1269,#1291,#1318,.T.);
#1318 = LINE('',#1319,#1320);
#1319 = CARTESIAN_POINT('',(-0.95,-13.85,8.38));
#1320 = VECTOR('',#1321,1.);
#1321 = DIRECTION('',(-1.,0.,0.));
#1322 = PLANE('',#1323);
#1323 = AXIS2_PLACEMENT_3D('',#1324,#1325,#1326);
#1324 = CARTESIAN_POINT('',(-1.27,-13.97,8.38));
#1325 = DIRECTION('',(0.,0.,1.));
#1326 = DIRECTION('',(1.,0.,0.));
#1327 = ADVANCED_FACE('',(#1328),#1334,.F.);
#1328 = FACE_BOUND('',#1329,.T.);
#1329 = EDGE_LOOP('',(#1330,#1331,#1332,#1333));
#1330 = ORIENTED_EDGE('',*,*,#1186,.F.);
#1331 = ORIENTED_EDGE('',*,*,#1235,.T.);
#1332 = ORIENTED_EDGE('',*,*,#1208,.F.);
#1333 = ORIENTED_EDGE('',*,*,#1169,.F.);
#1334 = PLANE('',#1335);
#1335 = AXIS2_PLACEMENT_3D('',#1336,#1337,#1338);
#1336 = CARTESIAN_POINT('',(-0.95,-13.75,-2.44));
#1337 = DIRECTION('',(0.,-0.707106781187,0.707106781187));
#1338 = DIRECTION('',(1.,0.,0.));
#1339 = ADVANCED_FACE('',(#1340),#1346,.F.);
#1340 = FACE_BOUND('',#1341,.F.);
#1341 = EDGE_LOOP('',(#1342,#1343,#1344,#1345));
#1342 = ORIENTED_EDGE('',*,*,#1268,.F.);
#1343 = ORIENTED_EDGE('',*,*,#1317,.T.);
#1344 = ORIENTED_EDGE('',*,*,#1290,.T.);
#1345 = ORIENTED_EDGE('',*,*,#1251,.F.);
#1346 = PLANE('',#1347);
#1347 = AXIS2_PLACEMENT_3D('',#1348,#1349,#1350);
#1348 = CARTESIAN_POINT('',(-0.95,-13.75,8.28));
#1349 = DIRECTION('',(0.,-0.707106781187,-0.707106781187));
#1350 = DIRECTION('',(-1.,0.,0.));
#1351 = MANIFOLD_SOLID_BREP('',#1352);
#1352 = CLOSED_SHELL('',(#1353,#1393,#1424,#1455,#1486,#1517,#1541,#1572
    ,#1596,#1618,#1642,#1666,#1683,#1700,#1724,#1748,#1765,#1777));
#1353 = ADVANCED_FACE('',(#1354),#1388,.T.);
#1354 = FACE_BOUND('',#1355,.T.);
#1355 = EDGE_LOOP('',(#1356,#1366,#1374,#1382));
#1356 = ORIENTED_EDGE('',*,*,#1357,.F.);
#1357 = EDGE_CURVE('',#1358,#1360,#1362,.T.);
#1358 = VERTEX_POINT('',#1359);
#1359 = CARTESIAN_POINT('',(-1.59,-11.75,-1.127986593019E-15));
#1360 = VERTEX_POINT('',#1361);
#1361 = CARTESIAN_POINT('',(-0.95,-11.75,-1.127986593019E-15));
#1362 = LINE('',#1363,#1364);
#1363 = CARTESIAN_POINT('',(-1.59,-11.75,-1.127986593019E-15));
#1364 = VECTOR('',#1365,1.);
#1365 = DIRECTION('',(1.,0.,0.));
#1366 = ORIENTED_EDGE('',*,*,#1367,.T.);
#1367 = EDGE_CURVE('',#1358,#1368,#1370,.T.);
#1368 = VERTEX_POINT('',#1369);
#1369 = CARTESIAN_POINT('',(-1.59,-11.75,-2.34));
#1370 = LINE('',#1371,#1372);
#1371 = CARTESIAN_POINT('',(-1.59,-11.75,-1.127986593019E-15));
#1372 = VECTOR('',#1373,1.);
#1373 = DIRECTION('',(-0.,-0.,-1.));
#1374 = ORIENTED_EDGE('',*,*,#1375,.T.);
#1375 = EDGE_CURVE('',#1368,#1376,#1378,.T.);
#1376 = VERTEX_POINT('',#1377);
#1377 = CARTESIAN_POINT('',(-0.95,-11.75,-2.34));
#1378 = LINE('',#1379,#1380);
#1379 = CARTESIAN_POINT('',(-1.59,-11.75,-2.34));
#1380 = VECTOR('',#1381,1.);
#1381 = DIRECTION('',(1.,0.,0.));
#1382 = ORIENTED_EDGE('',*,*,#1383,.F.);
#1383 = EDGE_CURVE('',#1360,#1376,#1384,.T.);
#1384 = LINE('',#1385,#1386);
#1385 = CARTESIAN_POINT('',(-0.95,-11.75,-1.127986593019E-15));
#1386 = VECTOR('',#1387,1.);
#1387 = DIRECTION('',(-0.,-0.,-1.));
#1388 = PLANE('',#1389);
#1389 = AXIS2_PLACEMENT_3D('',#1390,#1391,#1392);
#1390 = CARTESIAN_POINT('',(-1.59,-11.75,-1.127986593019E-15));
#1391 = DIRECTION('',(0.,-1.,0.));
#1392 = DIRECTION('',(1.,0.,0.));
#1393 = ADVANCED_FACE('',(#1394),#1419,.F.);
#1394 = FACE_BOUND('',#1395,.F.);
#1395 = EDGE_LOOP('',(#1396,#1397,#1405,#1413));
#1396 = ORIENTED_EDGE('',*,*,#1357,.F.);
#1397 = ORIENTED_EDGE('',*,*,#1398,.T.);
#1398 = EDGE_CURVE('',#1358,#1399,#1401,.T.);
#1399 = VERTEX_POINT('',#1400);
#1400 = CARTESIAN_POINT('',(-1.59,-11.75,8.18));
#1401 = LINE('',#1402,#1403);
#1402 = CARTESIAN_POINT('',(-1.59,-11.75,-1.127986593019E-15));
#1403 = VECTOR('',#1404,1.);
#1404 = DIRECTION('',(0.,0.,1.));
#1405 = ORIENTED_EDGE('',*,*,#1406,.T.);
#1406 = EDGE_CURVE('',#1399,#1407,#1409,.T.);
#1407 = VERTEX_POINT('',#1408);
#1408 = CARTESIAN_POINT('',(-0.95,-11.75,8.18));
#1409 = LINE('',#1410,#1411);
#1410 = CARTESIAN_POINT('',(-1.59,-11.75,8.18));
#1411 = VECTOR('',#1412,1.);
#1412 = DIRECTION('',(1.,0.,0.));
#1413 = ORIENTED_EDGE('',*,*,#1414,.F.);
#1414 = EDGE_CURVE('',#1360,#1407,#1415,.T.);
#1415 = LINE('',#1416,#1417);
#1416 = CARTESIAN_POINT('',(-0.95,-11.75,-1.127986593019E-15));
#1417 = VECTOR('',#1418,1.);
#1418 = DIRECTION('',(0.,0.,1.));
#1419 = PLANE('',#1420);
#1420 = AXIS2_PLACEMENT_3D('',#1421,#1422,#1423);
#1421 = CARTESIAN_POINT('',(-1.59,-11.75,-1.127986593019E-15));
#1422 = DIRECTION('',(0.,1.,0.));
#1423 = DIRECTION('',(1.,0.,0.));
#1424 = ADVANCED_FACE('',(#1425),#1450,.T.);
#1425 = FACE_BOUND('',#1426,.T.);
#1426 = EDGE_LOOP('',(#1427,#1435,#1436,#1444));
#1427 = ORIENTED_EDGE('',*,*,#1428,.F.);
#1428 = EDGE_CURVE('',#1360,#1429,#1431,.T.);
#1429 = VERTEX_POINT('',#1430);
#1430 = CARTESIAN_POINT('',(-0.95,-11.11,-1.127986593019E-15));
#1431 = LINE('',#1432,#1433);
#1432 = CARTESIAN_POINT('',(-0.95,-11.75,-1.127986593019E-15));
#1433 = VECTOR('',#1434,1.);
#1434 = DIRECTION('',(0.,1.,0.));
#1435 = ORIENTED_EDGE('',*,*,#1383,.T.);
#1436 = ORIENTED_EDGE('',*,*,#1437,.T.);
#1437 = EDGE_CURVE('',#1376,#1438,#1440,.T.);
#1438 = VERTEX_POINT('',#1439);
#1439 = CARTESIAN_POINT('',(-0.95,-11.11,-2.34));
#1440 = LINE('',#1441,#1442);
#1441 = CARTESIAN_POINT('',(-0.95,-11.75,-2.34));
#1442 = VECTOR('',#1443,1.);
#1443 = DIRECTION('',(0.,1.,0.));
#1444 = ORIENTED_EDGE('',*,*,#1445,.F.);
#1445 = EDGE_CURVE('',#1429,#1438,#1446,.T.);
#1446 = LINE('',#1447,#1448);
#1447 = CARTESIAN_POINT('',(-0.95,-11.11,-1.127986593019E-15));
#1448 = VECTOR('',#1449,1.);
#1449 = DIRECTION('',(-0.,-0.,-1.));
#1450 = PLANE('',#1451);
#1451 = AXIS2_PLACEMENT_3D('',#1452,#1453,#1454);
#1452 = CARTESIAN_POINT('',(-0.95,-11.75,-1.127986593019E-15));
#1453 = DIRECTION('',(1.,0.,0.));
#1454 = DIRECTION('',(0.,1.,0.));
#1455 = ADVANCED_FACE('',(#1456),#1481,.F.);
#1456 = FACE_BOUND('',#1457,.F.);
#1457 = EDGE_LOOP('',(#1458,#1466,#1467,#1475));
#1458 = ORIENTED_EDGE('',*,*,#1459,.F.);
#1459 = EDGE_CURVE('',#1368,#1460,#1462,.T.);
#1460 = VERTEX_POINT('',#1461);
#1461 = CARTESIAN_POINT('',(-1.39,-11.55,-2.54));
#1462 = LINE('',#1463,#1464);
#1463 = CARTESIAN_POINT('',(-1.416666666667,-11.57666666666,
    -2.513333333333));
#1464 = VECTOR('',#1465,1.);
#1465 = DIRECTION('',(0.57735026919,0.57735026919,-0.57735026919));
#1466 = ORIENTED_EDGE('',*,*,#1375,.T.);
#1467 = ORIENTED_EDGE('',*,*,#1468,.T.);
#1468 = EDGE_CURVE('',#1376,#1469,#1471,.T.);
#1469 = VERTEX_POINT('',#1470);
#1470 = CARTESIAN_POINT('',(-1.15,-11.55,-2.54));
#1471 = LINE('',#1472,#1473);
#1472 = CARTESIAN_POINT('',(-1.123333333333,-11.57666666666,
    -2.513333333333));
#1473 = VECTOR('',#1474,1.);
#1474 = DIRECTION('',(-0.57735026919,0.57735026919,-0.57735026919));
#1475 = ORIENTED_EDGE('',*,*,#1476,.F.);
#1476 = EDGE_CURVE('',#1460,#1469,#1477,.T.);
#1477 = LINE('',#1478,#1479);
#1478 = CARTESIAN_POINT('',(-1.59,-11.55,-2.54));
#1479 = VECTOR('',#1480,1.);
#1480 = DIRECTION('',(1.,0.,0.));
#1481 = PLANE('',#1482);
#1482 = AXIS2_PLACEMENT_3D('',#1483,#1484,#1485);
#1483 = CARTESIAN_POINT('',(-1.59,-11.65,-2.44));
#1484 = DIRECTION('',(0.,0.707106781187,0.707106781187));
#1485 = DIRECTION('',(1.,0.,0.));
#1486 = ADVANCED_FACE('',(#1487),#1512,.T.);
#1487 = FACE_BOUND('',#1488,.T.);
#1488 = EDGE_LOOP('',(#1489,#1497,#1505,#1511));
#1489 = ORIENTED_EDGE('',*,*,#1490,.F.);
#1490 = EDGE_CURVE('',#1491,#1358,#1493,.T.);
#1491 = VERTEX_POINT('',#1492);
#1492 = CARTESIAN_POINT('',(-1.59,-11.11,-1.127986593019E-15));
#1493 = LINE('',#1494,#1495);
#1494 = CARTESIAN_POINT('',(-1.59,-11.11,-1.127986593019E-15));
#1495 = VECTOR('',#1496,1.);
#1496 = DIRECTION('',(0.,-1.,0.));
#1497 = ORIENTED_EDGE('',*,*,#1498,.T.);
#1498 = EDGE_CURVE('',#1491,#1499,#1501,.T.);
#1499 = VERTEX_POINT('',#1500);
#1500 = CARTESIAN_POINT('',(-1.59,-11.11,-2.34));
#1501 = LINE('',#1502,#1503);
#1502 = CARTESIAN_POINT('',(-1.59,-11.11,-1.127986593019E-15));
#1503 = VECTOR('',#1504,1.);
#1504 = DIRECTION('',(-0.,-0.,-1.));
#1505 = ORIENTED_EDGE('',*,*,#1506,.T.);
#1506 = EDGE_CURVE('',#1499,#1368,#1507,.T.);
#1507 = LINE('',#1508,#1509);
#1508 = CARTESIAN_POINT('',(-1.59,-11.11,-2.34));
#1509 = VECTOR('',#1510,1.);
#1510 = DIRECTION('',(0.,-1.,0.));
#1511 = ORIENTED_EDGE('',*,*,#1367,.F.);
#1512 = PLANE('',#1513);
#1513 = AXIS2_PLACEMENT_3D('',#1514,#1515,#1516);
#1514 = CARTESIAN_POINT('',(-1.59,-11.11,-1.127986593019E-15));
#1515 = DIRECTION('',(-1.,0.,0.));
#1516 = DIRECTION('',(0.,-1.,0.));
#1517 = ADVANCED_FACE('',(#1518),#1536,.F.);
#1518 = FACE_BOUND('',#1519,.F.);
#1519 = EDGE_LOOP('',(#1520,#1521,#1522,#1530));
#1520 = ORIENTED_EDGE('',*,*,#1428,.F.);
#1521 = ORIENTED_EDGE('',*,*,#1414,.T.);
#1522 = ORIENTED_EDGE('',*,*,#1523,.T.);
#1523 = EDGE_CURVE('',#1407,#1524,#1526,.T.);
#1524 = VERTEX_POINT('',#1525);
#1525 = CARTESIAN_POINT('',(-0.95,-11.11,8.18));
#1526 = LINE('',#1527,#1528);
#1527 = CARTESIAN_POINT('',(-0.95,-11.75,8.18));
#1528 = VECTOR('',#1529,1.);
#1529 = DIRECTION('',(0.,1.,0.));
#1530 = ORIENTED_EDGE('',*,*,#1531,.F.);
#1531 = EDGE_CURVE('',#1429,#1524,#1532,.T.);
#1532 = LINE('',#1533,#1534);
#1533 = CARTESIAN_POINT('',(-0.95,-11.11,-1.127986593019E-15));
#1534 = VECTOR('',#1535,1.);
#1535 = DIRECTION('',(0.,0.,1.));
#1536 = PLANE('',#1537);
#1537 = AXIS2_PLACEMENT_3D('',#1538,#1539,#1540);
#1538 = CARTESIAN_POINT('',(-0.95,-11.75,-1.127986593019E-15));
#1539 = DIRECTION('',(-1.,0.,0.));
#1540 = DIRECTION('',(0.,1.,0.));
#1541 = ADVANCED_FACE('',(#1542),#1567,.F.);
#1542 = FACE_BOUND('',#1543,.T.);
#1543 = EDGE_LOOP('',(#1544,#1552,#1553,#1561));
#1544 = ORIENTED_EDGE('',*,*,#1545,.F.);
#1545 = EDGE_CURVE('',#1399,#1546,#1548,.T.);
#1546 = VERTEX_POINT('',#1547);
#1547 = CARTESIAN_POINT('',(-1.39,-11.55,8.38));
#1548 = LINE('',#1549,#1550);
#1549 = CARTESIAN_POINT('',(-1.416666666667,-11.57666666666,
    8.353333333333));
#1550 = VECTOR('',#1551,1.);
#1551 = DIRECTION('',(0.57735026919,0.57735026919,0.57735026919));
#1552 = ORIENTED_EDGE('',*,*,#1406,.T.);
#1553 = ORIENTED_EDGE('',*,*,#1554,.T.);
#1554 = EDGE_CURVE('',#1407,#1555,#1557,.T.);
#1555 = VERTEX_POINT('',#1556);
#1556 = CARTESIAN_POINT('',(-1.15,-11.55,8.38));
#1557 = LINE('',#1558,#1559);
#1558 = CARTESIAN_POINT('',(-1.123333333333,-11.57666666666,
    8.353333333333));
#1559 = VECTOR('',#1560,1.);
#1560 = DIRECTION('',(-0.57735026919,0.57735026919,0.57735026919));
#1561 = ORIENTED_EDGE('',*,*,#1562,.F.);
#1562 = EDGE_CURVE('',#1546,#1555,#1563,.T.);
#1563 = LINE('',#1564,#1565);
#1564 = CARTESIAN_POINT('',(-1.59,-11.55,8.38));
#1565 = VECTOR('',#1566,1.);
#1566 = DIRECTION('',(1.,0.,0.));
#1567 = PLANE('',#1568);
#1568 = AXIS2_PLACEMENT_3D('',#1569,#1570,#1571);
#1569 = CARTESIAN_POINT('',(-1.59,-11.65,8.28));
#1570 = DIRECTION('',(0.,0.707106781187,-0.707106781187));
#1571 = DIRECTION('',(-1.,-0.,-0.));
#1572 = ADVANCED_FACE('',(#1573),#1591,.F.);
#1573 = FACE_BOUND('',#1574,.F.);
#1574 = EDGE_LOOP('',(#1575,#1576,#1584,#1590));
#1575 = ORIENTED_EDGE('',*,*,#1490,.F.);
#1576 = ORIENTED_EDGE('',*,*,#1577,.T.);
#1577 = EDGE_CURVE('',#1491,#1578,#1580,.T.);
#1578 = VERTEX_POINT('',#1579);
#1579 = CARTESIAN_POINT('',(-1.59,-11.11,8.18));
#1580 = LINE('',#1581,#1582);
#1581 = CARTESIAN_POINT('',(-1.59,-11.11,-1.127986593019E-15));
#1582 = VECTOR('',#1583,1.);
#1583 = DIRECTION('',(0.,0.,1.));
#1584 = ORIENTED_EDGE('',*,*,#1585,.T.);
#1585 = EDGE_CURVE('',#1578,#1399,#1586,.T.);
#1586 = LINE('',#1587,#1588);
#1587 = CARTESIAN_POINT('',(-1.59,-11.11,8.18));
#1588 = VECTOR('',#1589,1.);
#1589 = DIRECTION('',(0.,-1.,0.));
#1590 = ORIENTED_EDGE('',*,*,#1398,.F.);
#1591 = PLANE('',#1592);
#1592 = AXIS2_PLACEMENT_3D('',#1593,#1594,#1595);
#1593 = CARTESIAN_POINT('',(-1.59,-11.11,-1.127986593019E-15));
#1594 = DIRECTION('',(1.,0.,0.));
#1595 = DIRECTION('',(0.,-1.,0.));
#1596 = ADVANCED_FACE('',(#1597),#1613,.T.);
#1597 = FACE_BOUND('',#1598,.T.);
#1598 = EDGE_LOOP('',(#1599,#1605,#1606,#1612));
#1599 = ORIENTED_EDGE('',*,*,#1600,.F.);
#1600 = EDGE_CURVE('',#1429,#1491,#1601,.T.);
#1601 = LINE('',#1602,#1603);
#1602 = CARTESIAN_POINT('',(-0.95,-11.11,-1.127986593019E-15));
#1603 = VECTOR('',#1604,1.);
#1604 = DIRECTION('',(-1.,0.,0.));
#1605 = ORIENTED_EDGE('',*,*,#1445,.T.);
#1606 = ORIENTED_EDGE('',*,*,#1607,.T.);
#1607 = EDGE_CURVE('',#1438,#1499,#1608,.T.);
#1608 = LINE('',#1609,#1610);
#1609 = CARTESIAN_POINT('',(-0.95,-11.11,-2.34));
#1610 = VECTOR('',#1611,1.);
#1611 = DIRECTION('',(-1.,0.,0.));
#1612 = ORIENTED_EDGE('',*,*,#1498,.F.);
#1613 = PLANE('',#1614);
#1614 = AXIS2_PLACEMENT_3D('',#1615,#1616,#1617);
#1615 = CARTESIAN_POINT('',(-0.95,-11.11,-1.127986593019E-15));
#1616 = DIRECTION('',(0.,1.,0.));
#1617 = DIRECTION('',(-1.,0.,0.));
#1618 = ADVANCED_FACE('',(#1619),#1637,.F.);
#1619 = FACE_BOUND('',#1620,.F.);
#1620 = EDGE_LOOP('',(#1621,#1622,#1623,#1631));
#1621 = ORIENTED_EDGE('',*,*,#1468,.F.);
#1622 = ORIENTED_EDGE('',*,*,#1437,.T.);
#1623 = ORIENTED_EDGE('',*,*,#1624,.F.);
#1624 = EDGE_CURVE('',#1625,#1438,#1627,.T.);
#1625 = VERTEX_POINT('',#1626);
#1626 = CARTESIAN_POINT('',(-1.15,-11.31,-2.54));
#1627 = LINE('',#1628,#1629);
#1628 = CARTESIAN_POINT('',(-1.123333333333,-11.28333333333,
    -2.513333333333));
#1629 = VECTOR('',#1630,1.);
#1630 = DIRECTION('',(0.57735026919,0.57735026919,0.57735026919));
#1631 = ORIENTED_EDGE('',*,*,#1632,.F.);
#1632 = EDGE_CURVE('',#1469,#1625,#1633,.T.);
#1633 = LINE('',#1634,#1635);
#1634 = CARTESIAN_POINT('',(-1.15,-11.75,-2.54));
#1635 = VECTOR('',#1636,1.);
#1636 = DIRECTION('',(0.,1.,0.));
#1637 = PLANE('',#1638);
#1638 = AXIS2_PLACEMENT_3D('',#1639,#1640,#1641);
#1639 = CARTESIAN_POINT('',(-1.05,-11.75,-2.44));
#1640 = DIRECTION('',(-0.707106781187,0.,0.707106781187));
#1641 = DIRECTION('',(0.,1.,0.));
#1642 = ADVANCED_FACE('',(#1643),#1661,.F.);
#1643 = FACE_BOUND('',#1644,.F.);
#1644 = EDGE_LOOP('',(#1645,#1653,#1654,#1655));
#1645 = ORIENTED_EDGE('',*,*,#1646,.F.);
#1646 = EDGE_CURVE('',#1499,#1647,#1649,.T.);
#1647 = VERTEX_POINT('',#1648);
#1648 = CARTESIAN_POINT('',(-1.39,-11.31,-2.54));
#1649 = LINE('',#1650,#1651);
#1650 = CARTESIAN_POINT('',(-1.416666666667,-11.28333333333,
    -2.513333333333));
#1651 = VECTOR('',#1652,1.);
#1652 = DIRECTION('',(0.57735026919,-0.57735026919,-0.57735026919));
#1653 = ORIENTED_EDGE('',*,*,#1506,.T.);
#1654 = ORIENTED_EDGE('',*,*,#1459,.T.);
#1655 = ORIENTED_EDGE('',*,*,#1656,.F.);
#1656 = EDGE_CURVE('',#1647,#1460,#1657,.T.);
#1657 = LINE('',#1658,#1659);
#1658 = CARTESIAN_POINT('',(-1.39,-11.11,-2.54));
#1659 = VECTOR('',#1660,1.);
#1660 = DIRECTION('',(0.,-1.,0.));
#1661 = PLANE('',#1662);
#1662 = AXIS2_PLACEMENT_3D('',#1663,#1664,#1665);
#1663 = CARTESIAN_POINT('',(-1.49,-11.11,-2.44));
#1664 = DIRECTION('',(0.707106781187,0.,0.707106781187));
#1665 = DIRECTION('',(0.,-1.,0.));
#1666 = ADVANCED_FACE('',(#1667),#1678,.F.);
#1667 = FACE_BOUND('',#1668,.F.);
#1668 = EDGE_LOOP('',(#1669,#1670,#1671,#1672));
#1669 = ORIENTED_EDGE('',*,*,#1656,.T.);
#1670 = ORIENTED_EDGE('',*,*,#1476,.T.);
#1671 = ORIENTED_EDGE('',*,*,#1632,.T.);
#1672 = ORIENTED_EDGE('',*,*,#1673,.T.);
#1673 = EDGE_CURVE('',#1625,#1647,#1674,.T.);
#1674 = LINE('',#1675,#1676);
#1675 = CARTESIAN_POINT('',(-0.95,-11.31,-2.54));
#1676 = VECTOR('',#1677,1.);
#1677 = DIRECTION('',(-1.,0.,0.));
#1678 = PLANE('',#1679);
#1679 = AXIS2_PLACEMENT_3D('',#1680,#1681,#1682);
#1680 = CARTESIAN_POINT('',(-1.27,-11.43,-2.54));
#1681 = DIRECTION('',(0.,0.,1.));
#1682 = DIRECTION('',(1.,0.,0.));
#1683 = ADVANCED_FACE('',(#1684),#1695,.F.);
#1684 = FACE_BOUND('',#1685,.F.);
#1685 = EDGE_LOOP('',(#1686,#1687,#1688,#1694));
#1686 = ORIENTED_EDGE('',*,*,#1600,.F.);
#1687 = ORIENTED_EDGE('',*,*,#1531,.T.);
#1688 = ORIENTED_EDGE('',*,*,#1689,.T.);
#1689 = EDGE_CURVE('',#1524,#1578,#1690,.T.);
#1690 = LINE('',#1691,#1692);
#1691 = CARTESIAN_POINT('',(-0.95,-11.11,8.18));
#1692 = VECTOR('',#1693,1.);
#1693 = DIRECTION('',(-1.,0.,0.));
#1694 = ORIENTED_EDGE('',*,*,#1577,.F.);
#1695 = PLANE('',#1696);
#1696 = AXIS2_PLACEMENT_3D('',#1697,#1698,#1699);
#1697 = CARTESIAN_POINT('',(-0.95,-11.11,-1.127986593019E-15));
#1698 = DIRECTION('',(0.,-1.,0.));
#1699 = DIRECTION('',(-1.,0.,0.));
#1700 = ADVANCED_FACE('',(#1701),#1719,.F.);
#1701 = FACE_BOUND('',#1702,.T.);
#1702 = EDGE_LOOP('',(#1703,#1704,#1705,#1713));
#1703 = ORIENTED_EDGE('',*,*,#1554,.F.);
#1704 = ORIENTED_EDGE('',*,*,#1523,.T.);
#1705 = ORIENTED_EDGE('',*,*,#1706,.F.);
#1706 = EDGE_CURVE('',#1707,#1524,#1709,.T.);
#1707 = VERTEX_POINT('',#1708);
#1708 = CARTESIAN_POINT('',(-1.15,-11.31,8.38));
#1709 = LINE('',#1710,#1711);
#1710 = CARTESIAN_POINT('',(-1.123333333333,-11.28333333333,
    8.353333333333));
#1711 = VECTOR('',#1712,1.);
#1712 = DIRECTION('',(0.57735026919,0.57735026919,-0.57735026919));
#1713 = ORIENTED_EDGE('',*,*,#1714,.F.);
#1714 = EDGE_CURVE('',#1555,#1707,#1715,.T.);
#1715 = LINE('',#1716,#1717);
#1716 = CARTESIAN_POINT('',(-1.15,-11.75,8.38));
#1717 = VECTOR('',#1718,1.);
#1718 = DIRECTION('',(0.,1.,0.));
#1719 = PLANE('',#1720);
#1720 = AXIS2_PLACEMENT_3D('',#1721,#1722,#1723);
#1721 = CARTESIAN_POINT('',(-1.05,-11.75,8.28));
#1722 = DIRECTION('',(-0.707106781187,0.,-0.707106781187));
#1723 = DIRECTION('',(-0.,-1.,-0.));
#1724 = ADVANCED_FACE('',(#1725),#1743,.F.);
#1725 = FACE_BOUND('',#1726,.T.);
#1726 = EDGE_LOOP('',(#1727,#1735,#1736,#1737));
#1727 = ORIENTED_EDGE('',*,*,#1728,.T.);
#1728 = EDGE_CURVE('',#1729,#1578,#1731,.T.);
#1729 = VERTEX_POINT('',#1730);
#1730 = CARTESIAN_POINT('',(-1.39,-11.31,8.38));
#1731 = LINE('',#1732,#1733);
#1732 = CARTESIAN_POINT('',(-1.416666666667,-11.28333333333,
    8.353333333333));
#1733 = VECTOR('',#1734,1.);
#1734 = DIRECTION('',(-0.57735026919,0.57735026919,-0.57735026919));
#1735 = ORIENTED_EDGE('',*,*,#1585,.T.);
#1736 = ORIENTED_EDGE('',*,*,#1545,.T.);
#1737 = ORIENTED_EDGE('',*,*,#1738,.F.);
#1738 = EDGE_CURVE('',#1729,#1546,#1739,.T.);
#1739 = LINE('',#1740,#1741);
#1740 = CARTESIAN_POINT('',(-1.39,-11.11,8.38));
#1741 = VECTOR('',#1742,1.);
#1742 = DIRECTION('',(0.,-1.,0.));
#1743 = PLANE('',#1744);
#1744 = AXIS2_PLACEMENT_3D('',#1745,#1746,#1747);
#1745 = CARTESIAN_POINT('',(-1.49,-11.11,8.28));
#1746 = DIRECTION('',(0.707106781187,0.,-0.707106781187));
#1747 = DIRECTION('',(0.,1.,0.));
#1748 = ADVANCED_FACE('',(#1749),#1760,.T.);
#1749 = FACE_BOUND('',#1750,.T.);
#1750 = EDGE_LOOP('',(#1751,#1752,#1753,#1754));
#1751 = ORIENTED_EDGE('',*,*,#1738,.T.);
#1752 = ORIENTED_EDGE('',*,*,#1562,.T.);
#1753 = ORIENTED_EDGE('',*,*,#1714,.T.);
#1754 = ORIENTED_EDGE('',*,*,#1755,.T.);
#1755 = EDGE_CURVE('',#1707,#1729,#1756,.T.);
#1756 = LINE('',#1757,#1758);
#1757 = CARTESIAN_POINT('',(-0.95,-11.31,8.38));
#1758 = VECTOR('',#1759,1.);
#1759 = DIRECTION('',(-1.,0.,0.));
#1760 = PLANE('',#1761);
#1761 = AXIS2_PLACEMENT_3D('',#1762,#1763,#1764);
#1762 = CARTESIAN_POINT('',(-1.27,-11.43,8.38));
#1763 = DIRECTION('',(0.,0.,1.));
#1764 = DIRECTION('',(1.,0.,0.));
#1765 = ADVANCED_FACE('',(#1766),#1772,.F.);
#1766 = FACE_BOUND('',#1767,.T.);
#1767 = EDGE_LOOP('',(#1768,#1769,#1770,#1771));
#1768 = ORIENTED_EDGE('',*,*,#1624,.F.);
#1769 = ORIENTED_EDGE('',*,*,#1673,.T.);
#1770 = ORIENTED_EDGE('',*,*,#1646,.F.);
#1771 = ORIENTED_EDGE('',*,*,#1607,.F.);
#1772 = PLANE('',#1773);
#1773 = AXIS2_PLACEMENT_3D('',#1774,#1775,#1776);
#1774 = CARTESIAN_POINT('',(-0.95,-11.21,-2.44));
#1775 = DIRECTION('',(0.,-0.707106781187,0.707106781187));
#1776 = DIRECTION('',(1.,0.,0.));
#1777 = ADVANCED_FACE('',(#1778),#1784,.F.);
#1778 = FACE_BOUND('',#1779,.F.);
#1779 = EDGE_LOOP('',(#1780,#1781,#1782,#1783));
#1780 = ORIENTED_EDGE('',*,*,#1706,.F.);
#1781 = ORIENTED_EDGE('',*,*,#1755,.T.);
#1782 = ORIENTED_EDGE('',*,*,#1728,.T.);
#1783 = ORIENTED_EDGE('',*,*,#1689,.F.);
#1784 = PLANE('',#1785);
#1785 = AXIS2_PLACEMENT_3D('',#1786,#1787,#1788);
#1786 = CARTESIAN_POINT('',(-0.95,-11.21,8.28));
#1787 = DIRECTION('',(0.,-0.707106781187,-0.707106781187));
#1788 = DIRECTION('',(-1.,0.,0.));
#1789 = MANIFOLD_SOLID_BREP('',#1790);
#1790 = CLOSED_SHELL('',(#1791,#1831,#1862,#1893,#1924,#1955,#1979,#2010
    ,#2034,#2056,#2080,#2104,#2121,#2138,#2162,#2186,#2203,#2215));
#1791 = ADVANCED_FACE('',(#1792),#1826,.T.);
#1792 = FACE_BOUND('',#1793,.T.);
#1793 = EDGE_LOOP('',(#1794,#1804,#1812,#1820));
#1794 = ORIENTED_EDGE('',*,*,#1795,.F.);
#1795 = EDGE_CURVE('',#1796,#1798,#1800,.T.);
#1796 = VERTEX_POINT('',#1797);
#1797 = CARTESIAN_POINT('',(-1.59,-9.21,-1.409983241274E-15));
#1798 = VERTEX_POINT('',#1799);
#1799 = CARTESIAN_POINT('',(-0.95,-9.21,-1.409983241274E-15));
#1800 = LINE('',#1801,#1802);
#1801 = CARTESIAN_POINT('',(-1.59,-9.21,-1.409983241274E-15));
#1802 = VECTOR('',#1803,1.);
#1803 = DIRECTION('',(1.,0.,0.));
#1804 = ORIENTED_EDGE('',*,*,#1805,.T.);
#1805 = EDGE_CURVE('',#1796,#1806,#1808,.T.);
#1806 = VERTEX_POINT('',#1807);
#1807 = CARTESIAN_POINT('',(-1.59,-9.21,-2.34));
#1808 = LINE('',#1809,#1810);
#1809 = CARTESIAN_POINT('',(-1.59,-9.21,-1.409983241274E-15));
#1810 = VECTOR('',#1811,1.);
#1811 = DIRECTION('',(-0.,-0.,-1.));
#1812 = ORIENTED_EDGE('',*,*,#1813,.T.);
#1813 = EDGE_CURVE('',#1806,#1814,#1816,.T.);
#1814 = VERTEX_POINT('',#1815);
#1815 = CARTESIAN_POINT('',(-0.95,-9.21,-2.34));
#1816 = LINE('',#1817,#1818);
#1817 = CARTESIAN_POINT('',(-1.59,-9.21,-2.34));
#1818 = VECTOR('',#1819,1.);
#1819 = DIRECTION('',(1.,0.,0.));
#1820 = ORIENTED_EDGE('',*,*,#1821,.F.);
#1821 = EDGE_CURVE('',#1798,#1814,#1822,.T.);
#1822 = LINE('',#1823,#1824);
#1823 = CARTESIAN_POINT('',(-0.95,-9.21,-1.409983241274E-15));
#1824 = VECTOR('',#1825,1.);
#1825 = DIRECTION('',(-0.,-0.,-1.));
#1826 = PLANE('',#1827);
#1827 = AXIS2_PLACEMENT_3D('',#1828,#1829,#1830);
#1828 = CARTESIAN_POINT('',(-1.59,-9.21,-1.409983241274E-15));
#1829 = DIRECTION('',(0.,-1.,0.));
#1830 = DIRECTION('',(1.,0.,0.));
#1831 = ADVANCED_FACE('',(#1832),#1857,.F.);
#1832 = FACE_BOUND('',#1833,.F.);
#1833 = EDGE_LOOP('',(#1834,#1835,#1843,#1851));
#1834 = ORIENTED_EDGE('',*,*,#1795,.F.);
#1835 = ORIENTED_EDGE('',*,*,#1836,.T.);
#1836 = EDGE_CURVE('',#1796,#1837,#1839,.T.);
#1837 = VERTEX_POINT('',#1838);
#1838 = CARTESIAN_POINT('',(-1.59,-9.21,8.18));
#1839 = LINE('',#1840,#1841);
#1840 = CARTESIAN_POINT('',(-1.59,-9.21,-1.409983241274E-15));
#1841 = VECTOR('',#1842,1.);
#1842 = DIRECTION('',(0.,0.,1.));
#1843 = ORIENTED_EDGE('',*,*,#1844,.T.);
#1844 = EDGE_CURVE('',#1837,#1845,#1847,.T.);
#1845 = VERTEX_POINT('',#1846);
#1846 = CARTESIAN_POINT('',(-0.95,-9.21,8.18));
#1847 = LINE('',#1848,#1849);
#1848 = CARTESIAN_POINT('',(-1.59,-9.21,8.18));
#1849 = VECTOR('',#1850,1.);
#1850 = DIRECTION('',(1.,0.,0.));
#1851 = ORIENTED_EDGE('',*,*,#1852,.F.);
#1852 = EDGE_CURVE('',#1798,#1845,#1853,.T.);
#1853 = LINE('',#1854,#1855);
#1854 = CARTESIAN_POINT('',(-0.95,-9.21,-1.409983241274E-15));
#1855 = VECTOR('',#1856,1.);
#1856 = DIRECTION('',(0.,0.,1.));
#1857 = PLANE('',#1858);
#1858 = AXIS2_PLACEMENT_3D('',#1859,#1860,#1861);
#1859 = CARTESIAN_POINT('',(-1.59,-9.21,-1.409983241274E-15));
#1860 = DIRECTION('',(0.,1.,0.));
#1861 = DIRECTION('',(1.,0.,0.));
#1862 = ADVANCED_FACE('',(#1863),#1888,.T.);
#1863 = FACE_BOUND('',#1864,.T.);
#1864 = EDGE_LOOP('',(#1865,#1873,#1874,#1882));
#1865 = ORIENTED_EDGE('',*,*,#1866,.F.);
#1866 = EDGE_CURVE('',#1798,#1867,#1869,.T.);
#1867 = VERTEX_POINT('',#1868);
#1868 = CARTESIAN_POINT('',(-0.95,-8.57,-1.409983241274E-15));
#1869 = LINE('',#1870,#1871);
#1870 = CARTESIAN_POINT('',(-0.95,-9.21,-1.409983241274E-15));
#1871 = VECTOR('',#1872,1.);
#1872 = DIRECTION('',(0.,1.,0.));
#1873 = ORIENTED_EDGE('',*,*,#1821,.T.);
#1874 = ORIENTED_EDGE('',*,*,#1875,.T.);
#1875 = EDGE_CURVE('',#1814,#1876,#1878,.T.);
#1876 = VERTEX_POINT('',#1877);
#1877 = CARTESIAN_POINT('',(-0.95,-8.57,-2.34));
#1878 = LINE('',#1879,#1880);
#1879 = CARTESIAN_POINT('',(-0.95,-9.21,-2.34));
#1880 = VECTOR('',#1881,1.);
#1881 = DIRECTION('',(0.,1.,0.));
#1882 = ORIENTED_EDGE('',*,*,#1883,.F.);
#1883 = EDGE_CURVE('',#1867,#1876,#1884,.T.);
#1884 = LINE('',#1885,#1886);
#1885 = CARTESIAN_POINT('',(-0.95,-8.57,-1.409983241274E-15));
#1886 = VECTOR('',#1887,1.);
#1887 = DIRECTION('',(-0.,-0.,-1.));
#1888 = PLANE('',#1889);
#1889 = AXIS2_PLACEMENT_3D('',#1890,#1891,#1892);
#1890 = CARTESIAN_POINT('',(-0.95,-9.21,-1.409983241274E-15));
#1891 = DIRECTION('',(1.,0.,0.));
#1892 = DIRECTION('',(0.,1.,0.));
#1893 = ADVANCED_FACE('',(#1894),#1919,.F.);
#1894 = FACE_BOUND('',#1895,.F.);
#1895 = EDGE_LOOP('',(#1896,#1904,#1905,#1913));
#1896 = ORIENTED_EDGE('',*,*,#1897,.F.);
#1897 = EDGE_CURVE('',#1806,#1898,#1900,.T.);
#1898 = VERTEX_POINT('',#1899);
#1899 = CARTESIAN_POINT('',(-1.39,-9.01,-2.54));
#1900 = LINE('',#1901,#1902);
#1901 = CARTESIAN_POINT('',(-1.416666666667,-9.036666666667,
    -2.513333333333));
#1902 = VECTOR('',#1903,1.);
#1903 = DIRECTION('',(0.57735026919,0.57735026919,-0.57735026919));
#1904 = ORIENTED_EDGE('',*,*,#1813,.T.);
#1905 = ORIENTED_EDGE('',*,*,#1906,.T.);
#1906 = EDGE_CURVE('',#1814,#1907,#1909,.T.);
#1907 = VERTEX_POINT('',#1908);
#1908 = CARTESIAN_POINT('',(-1.15,-9.01,-2.54));
#1909 = LINE('',#1910,#1911);
#1910 = CARTESIAN_POINT('',(-1.123333333333,-9.036666666667,
    -2.513333333333));
#1911 = VECTOR('',#1912,1.);
#1912 = DIRECTION('',(-0.57735026919,0.57735026919,-0.57735026919));
#1913 = ORIENTED_EDGE('',*,*,#1914,.F.);
#1914 = EDGE_CURVE('',#1898,#1907,#1915,.T.);
#1915 = LINE('',#1916,#1917);
#1916 = CARTESIAN_POINT('',(-1.59,-9.01,-2.54));
#1917 = VECTOR('',#1918,1.);
#1918 = DIRECTION('',(1.,0.,0.));
#1919 = PLANE('',#1920);
#1920 = AXIS2_PLACEMENT_3D('',#1921,#1922,#1923);
#1921 = CARTESIAN_POINT('',(-1.59,-9.11,-2.44));
#1922 = DIRECTION('',(0.,0.707106781187,0.707106781187));
#1923 = DIRECTION('',(1.,0.,0.));
#1924 = ADVANCED_FACE('',(#1925),#1950,.T.);
#1925 = FACE_BOUND('',#1926,.T.);
#1926 = EDGE_LOOP('',(#1927,#1935,#1943,#1949));
#1927 = ORIENTED_EDGE('',*,*,#1928,.F.);
#1928 = EDGE_CURVE('',#1929,#1796,#1931,.T.);
#1929 = VERTEX_POINT('',#1930);
#1930 = CARTESIAN_POINT('',(-1.59,-8.57,-1.409983241274E-15));
#1931 = LINE('',#1932,#1933);
#1932 = CARTESIAN_POINT('',(-1.59,-8.57,-1.409983241274E-15));
#1933 = VECTOR('',#1934,1.);
#1934 = DIRECTION('',(0.,-1.,0.));
#1935 = ORIENTED_EDGE('',*,*,#1936,.T.);
#1936 = EDGE_CURVE('',#1929,#1937,#1939,.T.);
#1937 = VERTEX_POINT('',#1938);
#1938 = CARTESIAN_POINT('',(-1.59,-8.57,-2.34));
#1939 = LINE('',#1940,#1941);
#1940 = CARTESIAN_POINT('',(-1.59,-8.57,-1.409983241274E-15));
#1941 = VECTOR('',#1942,1.);
#1942 = DIRECTION('',(-0.,-0.,-1.));
#1943 = ORIENTED_EDGE('',*,*,#1944,.T.);
#1944 = EDGE_CURVE('',#1937,#1806,#1945,.T.);
#1945 = LINE('',#1946,#1947);
#1946 = CARTESIAN_POINT('',(-1.59,-8.57,-2.34));
#1947 = VECTOR('',#1948,1.);
#1948 = DIRECTION('',(0.,-1.,0.));
#1949 = ORIENTED_EDGE('',*,*,#1805,.F.);
#1950 = PLANE('',#1951);
#1951 = AXIS2_PLACEMENT_3D('',#1952,#1953,#1954);
#1952 = CARTESIAN_POINT('',(-1.59,-8.57,-1.409983241274E-15));
#1953 = DIRECTION('',(-1.,0.,0.));
#1954 = DIRECTION('',(0.,-1.,0.));
#1955 = ADVANCED_FACE('',(#1956),#1974,.F.);
#1956 = FACE_BOUND('',#1957,.F.);
#1957 = EDGE_LOOP('',(#1958,#1959,#1960,#1968));
#1958 = ORIENTED_EDGE('',*,*,#1866,.F.);
#1959 = ORIENTED_EDGE('',*,*,#1852,.T.);
#1960 = ORIENTED_EDGE('',*,*,#1961,.T.);
#1961 = EDGE_CURVE('',#1845,#1962,#1964,.T.);
#1962 = VERTEX_POINT('',#1963);
#1963 = CARTESIAN_POINT('',(-0.95,-8.57,8.18));
#1964 = LINE('',#1965,#1966);
#1965 = CARTESIAN_POINT('',(-0.95,-9.21,8.18));
#1966 = VECTOR('',#1967,1.);
#1967 = DIRECTION('',(0.,1.,0.));
#1968 = ORIENTED_EDGE('',*,*,#1969,.F.);
#1969 = EDGE_CURVE('',#1867,#1962,#1970,.T.);
#1970 = LINE('',#1971,#1972);
#1971 = CARTESIAN_POINT('',(-0.95,-8.57,-1.409983241274E-15));
#1972 = VECTOR('',#1973,1.);
#1973 = DIRECTION('',(0.,0.,1.));
#1974 = PLANE('',#1975);
#1975 = AXIS2_PLACEMENT_3D('',#1976,#1977,#1978);
#1976 = CARTESIAN_POINT('',(-0.95,-9.21,-1.409983241274E-15));
#1977 = DIRECTION('',(-1.,0.,0.));
#1978 = DIRECTION('',(0.,1.,0.));
#1979 = ADVANCED_FACE('',(#1980),#2005,.F.);
#1980 = FACE_BOUND('',#1981,.T.);
#1981 = EDGE_LOOP('',(#1982,#1990,#1991,#1999));
#1982 = ORIENTED_EDGE('',*,*,#1983,.F.);
#1983 = EDGE_CURVE('',#1837,#1984,#1986,.T.);
#1984 = VERTEX_POINT('',#1985);
#1985 = CARTESIAN_POINT('',(-1.39,-9.01,8.38));
#1986 = LINE('',#1987,#1988);
#1987 = CARTESIAN_POINT('',(-1.416666666667,-9.036666666667,
    8.353333333333));
#1988 = VECTOR('',#1989,1.);
#1989 = DIRECTION('',(0.57735026919,0.57735026919,0.57735026919));
#1990 = ORIENTED_EDGE('',*,*,#1844,.T.);
#1991 = ORIENTED_EDGE('',*,*,#1992,.T.);
#1992 = EDGE_CURVE('',#1845,#1993,#1995,.T.);
#1993 = VERTEX_POINT('',#1994);
#1994 = CARTESIAN_POINT('',(-1.15,-9.01,8.38));
#1995 = LINE('',#1996,#1997);
#1996 = CARTESIAN_POINT('',(-1.123333333333,-9.036666666667,
    8.353333333333));
#1997 = VECTOR('',#1998,1.);
#1998 = DIRECTION('',(-0.57735026919,0.57735026919,0.57735026919));
#1999 = ORIENTED_EDGE('',*,*,#2000,.F.);
#2000 = EDGE_CURVE('',#1984,#1993,#2001,.T.);
#2001 = LINE('',#2002,#2003);
#2002 = CARTESIAN_POINT('',(-1.59,-9.01,8.38));
#2003 = VECTOR('',#2004,1.);
#2004 = DIRECTION('',(1.,0.,0.));
#2005 = PLANE('',#2006);
#2006 = AXIS2_PLACEMENT_3D('',#2007,#2008,#2009);
#2007 = CARTESIAN_POINT('',(-1.59,-9.11,8.28));
#2008 = DIRECTION('',(0.,0.707106781187,-0.707106781187));
#2009 = DIRECTION('',(-1.,-0.,-0.));
#2010 = ADVANCED_FACE('',(#2011),#2029,.F.);
#2011 = FACE_BOUND('',#2012,.F.);
#2012 = EDGE_LOOP('',(#2013,#2014,#2022,#2028));
#2013 = ORIENTED_EDGE('',*,*,#1928,.F.);
#2014 = ORIENTED_EDGE('',*,*,#2015,.T.);
#2015 = EDGE_CURVE('',#1929,#2016,#2018,.T.);
#2016 = VERTEX_POINT('',#2017);
#2017 = CARTESIAN_POINT('',(-1.59,-8.57,8.18));
#2018 = LINE('',#2019,#2020);
#2019 = CARTESIAN_POINT('',(-1.59,-8.57,-1.409983241274E-15));
#2020 = VECTOR('',#2021,1.);
#2021 = DIRECTION('',(0.,0.,1.));
#2022 = ORIENTED_EDGE('',*,*,#2023,.T.);
#2023 = EDGE_CURVE('',#2016,#1837,#2024,.T.);
#2024 = LINE('',#2025,#2026);
#2025 = CARTESIAN_POINT('',(-1.59,-8.57,8.18));
#2026 = VECTOR('',#2027,1.);
#2027 = DIRECTION('',(0.,-1.,0.));
#2028 = ORIENTED_EDGE('',*,*,#1836,.F.);
#2029 = PLANE('',#2030);
#2030 = AXIS2_PLACEMENT_3D('',#2031,#2032,#2033);
#2031 = CARTESIAN_POINT('',(-1.59,-8.57,-1.409983241274E-15));
#2032 = DIRECTION('',(1.,0.,0.));
#2033 = DIRECTION('',(0.,-1.,0.));
#2034 = ADVANCED_FACE('',(#2035),#2051,.T.);
#2035 = FACE_BOUND('',#2036,.T.);
#2036 = EDGE_LOOP('',(#2037,#2043,#2044,#2050));
#2037 = ORIENTED_EDGE('',*,*,#2038,.F.);
#2038 = EDGE_CURVE('',#1867,#1929,#2039,.T.);
#2039 = LINE('',#2040,#2041);
#2040 = CARTESIAN_POINT('',(-0.95,-8.57,-1.409983241274E-15));
#2041 = VECTOR('',#2042,1.);
#2042 = DIRECTION('',(-1.,0.,0.));
#2043 = ORIENTED_EDGE('',*,*,#1883,.T.);
#2044 = ORIENTED_EDGE('',*,*,#2045,.T.);
#2045 = EDGE_CURVE('',#1876,#1937,#2046,.T.);
#2046 = LINE('',#2047,#2048);
#2047 = CARTESIAN_POINT('',(-0.95,-8.57,-2.34));
#2048 = VECTOR('',#2049,1.);
#2049 = DIRECTION('',(-1.,0.,0.));
#2050 = ORIENTED_EDGE('',*,*,#1936,.F.);
#2051 = PLANE('',#2052);
#2052 = AXIS2_PLACEMENT_3D('',#2053,#2054,#2055);
#2053 = CARTESIAN_POINT('',(-0.95,-8.57,-1.409983241274E-15));
#2054 = DIRECTION('',(0.,1.,0.));
#2055 = DIRECTION('',(-1.,0.,0.));
#2056 = ADVANCED_FACE('',(#2057),#2075,.F.);
#2057 = FACE_BOUND('',#2058,.F.);
#2058 = EDGE_LOOP('',(#2059,#2060,#2061,#2069));
#2059 = ORIENTED_EDGE('',*,*,#1906,.F.);
#2060 = ORIENTED_EDGE('',*,*,#1875,.T.);
#2061 = ORIENTED_EDGE('',*,*,#2062,.F.);
#2062 = EDGE_CURVE('',#2063,#1876,#2065,.T.);
#2063 = VERTEX_POINT('',#2064);
#2064 = CARTESIAN_POINT('',(-1.15,-8.77,-2.54));
#2065 = LINE('',#2066,#2067);
#2066 = CARTESIAN_POINT('',(-1.123333333333,-8.743333333333,
    -2.513333333333));
#2067 = VECTOR('',#2068,1.);
#2068 = DIRECTION('',(0.57735026919,0.57735026919,0.57735026919));
#2069 = ORIENTED_EDGE('',*,*,#2070,.F.);
#2070 = EDGE_CURVE('',#1907,#2063,#2071,.T.);
#2071 = LINE('',#2072,#2073);
#2072 = CARTESIAN_POINT('',(-1.15,-9.21,-2.54));
#2073 = VECTOR('',#2074,1.);
#2074 = DIRECTION('',(0.,1.,0.));
#2075 = PLANE('',#2076);
#2076 = AXIS2_PLACEMENT_3D('',#2077,#2078,#2079);
#2077 = CARTESIAN_POINT('',(-1.05,-9.21,-2.44));
#2078 = DIRECTION('',(-0.707106781187,0.,0.707106781187));
#2079 = DIRECTION('',(0.,1.,0.));
#2080 = ADVANCED_FACE('',(#2081),#2099,.F.);
#2081 = FACE_BOUND('',#2082,.F.);
#2082 = EDGE_LOOP('',(#2083,#2091,#2092,#2093));
#2083 = ORIENTED_EDGE('',*,*,#2084,.F.);
#2084 = EDGE_CURVE('',#1937,#2085,#2087,.T.);
#2085 = VERTEX_POINT('',#2086);
#2086 = CARTESIAN_POINT('',(-1.39,-8.77,-2.54));
#2087 = LINE('',#2088,#2089);
#2088 = CARTESIAN_POINT('',(-1.416666666667,-8.743333333333,
    -2.513333333333));
#2089 = VECTOR('',#2090,1.);
#2090 = DIRECTION('',(0.57735026919,-0.57735026919,-0.57735026919));
#2091 = ORIENTED_EDGE('',*,*,#1944,.T.);
#2092 = ORIENTED_EDGE('',*,*,#1897,.T.);
#2093 = ORIENTED_EDGE('',*,*,#2094,.F.);
#2094 = EDGE_CURVE('',#2085,#1898,#2095,.T.);
#2095 = LINE('',#2096,#2097);
#2096 = CARTESIAN_POINT('',(-1.39,-8.57,-2.54));
#2097 = VECTOR('',#2098,1.);
#2098 = DIRECTION('',(0.,-1.,0.));
#2099 = PLANE('',#2100);
#2100 = AXIS2_PLACEMENT_3D('',#2101,#2102,#2103);
#2101 = CARTESIAN_POINT('',(-1.49,-8.57,-2.44));
#2102 = DIRECTION('',(0.707106781187,0.,0.707106781187));
#2103 = DIRECTION('',(0.,-1.,0.));
#2104 = ADVANCED_FACE('',(#2105),#2116,.F.);
#2105 = FACE_BOUND('',#2106,.F.);
#2106 = EDGE_LOOP('',(#2107,#2108,#2109,#2110));
#2107 = ORIENTED_EDGE('',*,*,#2094,.T.);
#2108 = ORIENTED_EDGE('',*,*,#1914,.T.);
#2109 = ORIENTED_EDGE('',*,*,#2070,.T.);
#2110 = ORIENTED_EDGE('',*,*,#2111,.T.);
#2111 = EDGE_CURVE('',#2063,#2085,#2112,.T.);
#2112 = LINE('',#2113,#2114);
#2113 = CARTESIAN_POINT('',(-0.95,-8.77,-2.54));
#2114 = VECTOR('',#2115,1.);
#2115 = DIRECTION('',(-1.,0.,0.));
#2116 = PLANE('',#2117);
#2117 = AXIS2_PLACEMENT_3D('',#2118,#2119,#2120);
#2118 = CARTESIAN_POINT('',(-1.27,-8.89,-2.54));
#2119 = DIRECTION('',(0.,0.,1.));
#2120 = DIRECTION('',(1.,0.,0.));
#2121 = ADVANCED_FACE('',(#2122),#2133,.F.);
#2122 = FACE_BOUND('',#2123,.F.);
#2123 = EDGE_LOOP('',(#2124,#2125,#2126,#2132));
#2124 = ORIENTED_EDGE('',*,*,#2038,.F.);
#2125 = ORIENTED_EDGE('',*,*,#1969,.T.);
#2126 = ORIENTED_EDGE('',*,*,#2127,.T.);
#2127 = EDGE_CURVE('',#1962,#2016,#2128,.T.);
#2128 = LINE('',#2129,#2130);
#2129 = CARTESIAN_POINT('',(-0.95,-8.57,8.18));
#2130 = VECTOR('',#2131,1.);
#2131 = DIRECTION('',(-1.,0.,0.));
#2132 = ORIENTED_EDGE('',*,*,#2015,.F.);
#2133 = PLANE('',#2134);
#2134 = AXIS2_PLACEMENT_3D('',#2135,#2136,#2137);
#2135 = CARTESIAN_POINT('',(-0.95,-8.57,-1.409983241274E-15));
#2136 = DIRECTION('',(0.,-1.,0.));
#2137 = DIRECTION('',(-1.,0.,0.));
#2138 = ADVANCED_FACE('',(#2139),#2157,.F.);
#2139 = FACE_BOUND('',#2140,.T.);
#2140 = EDGE_LOOP('',(#2141,#2142,#2143,#2151));
#2141 = ORIENTED_EDGE('',*,*,#1992,.F.);
#2142 = ORIENTED_EDGE('',*,*,#1961,.T.);
#2143 = ORIENTED_EDGE('',*,*,#2144,.F.);
#2144 = EDGE_CURVE('',#2145,#1962,#2147,.T.);
#2145 = VERTEX_POINT('',#2146);
#2146 = CARTESIAN_POINT('',(-1.15,-8.77,8.38));
#2147 = LINE('',#2148,#2149);
#2148 = CARTESIAN_POINT('',(-1.123333333333,-8.743333333333,
    8.353333333333));
#2149 = VECTOR('',#2150,1.);
#2150 = DIRECTION('',(0.57735026919,0.57735026919,-0.57735026919));
#2151 = ORIENTED_EDGE('',*,*,#2152,.F.);
#2152 = EDGE_CURVE('',#1993,#2145,#2153,.T.);
#2153 = LINE('',#2154,#2155);
#2154 = CARTESIAN_POINT('',(-1.15,-9.21,8.38));
#2155 = VECTOR('',#2156,1.);
#2156 = DIRECTION('',(0.,1.,0.));
#2157 = PLANE('',#2158);
#2158 = AXIS2_PLACEMENT_3D('',#2159,#2160,#2161);
#2159 = CARTESIAN_POINT('',(-1.05,-9.21,8.28));
#2160 = DIRECTION('',(-0.707106781187,0.,-0.707106781187));
#2161 = DIRECTION('',(-0.,-1.,-0.));
#2162 = ADVANCED_FACE('',(#2163),#2181,.F.);
#2163 = FACE_BOUND('',#2164,.T.);
#2164 = EDGE_LOOP('',(#2165,#2173,#2174,#2175));
#2165 = ORIENTED_EDGE('',*,*,#2166,.T.);
#2166 = EDGE_CURVE('',#2167,#2016,#2169,.T.);
#2167 = VERTEX_POINT('',#2168);
#2168 = CARTESIAN_POINT('',(-1.39,-8.77,8.38));
#2169 = LINE('',#2170,#2171);
#2170 = CARTESIAN_POINT('',(-1.416666666667,-8.743333333333,
    8.353333333333));
#2171 = VECTOR('',#2172,1.);
#2172 = DIRECTION('',(-0.57735026919,0.57735026919,-0.57735026919));
#2173 = ORIENTED_EDGE('',*,*,#2023,.T.);
#2174 = ORIENTED_EDGE('',*,*,#1983,.T.);
#2175 = ORIENTED_EDGE('',*,*,#2176,.F.);
#2176 = EDGE_CURVE('',#2167,#1984,#2177,.T.);
#2177 = LINE('',#2178,#2179);
#2178 = CARTESIAN_POINT('',(-1.39,-8.57,8.38));
#2179 = VECTOR('',#2180,1.);
#2180 = DIRECTION('',(0.,-1.,0.));
#2181 = PLANE('',#2182);
#2182 = AXIS2_PLACEMENT_3D('',#2183,#2184,#2185);
#2183 = CARTESIAN_POINT('',(-1.49,-8.57,8.28));
#2184 = DIRECTION('',(0.707106781187,0.,-0.707106781187));
#2185 = DIRECTION('',(0.,1.,0.));
#2186 = ADVANCED_FACE('',(#2187),#2198,.T.);
#2187 = FACE_BOUND('',#2188,.T.);
#2188 = EDGE_LOOP('',(#2189,#2190,#2191,#2192));
#2189 = ORIENTED_EDGE('',*,*,#2176,.T.);
#2190 = ORIENTED_EDGE('',*,*,#2000,.T.);
#2191 = ORIENTED_EDGE('',*,*,#2152,.T.);
#2192 = ORIENTED_EDGE('',*,*,#2193,.T.);
#2193 = EDGE_CURVE('',#2145,#2167,#2194,.T.);
#2194 = LINE('',#2195,#2196);
#2195 = CARTESIAN_POINT('',(-0.95,-8.77,8.38));
#2196 = VECTOR('',#2197,1.);
#2197 = DIRECTION('',(-1.,0.,0.));
#2198 = PLANE('',#2199);
#2199 = AXIS2_PLACEMENT_3D('',#2200,#2201,#2202);
#2200 = CARTESIAN_POINT('',(-1.27,-8.89,8.38));
#2201 = DIRECTION('',(0.,0.,1.));
#2202 = DIRECTION('',(1.,0.,0.));
#2203 = ADVANCED_FACE('',(#2204),#2210,.F.);
#2204 = FACE_BOUND('',#2205,.T.);
#2205 = EDGE_LOOP('',(#2206,#2207,#2208,#2209));
#2206 = ORIENTED_EDGE('',*,*,#2062,.F.);
#2207 = ORIENTED_EDGE('',*,*,#2111,.T.);
#2208 = ORIENTED_EDGE('',*,*,#2084,.F.);
#2209 = ORIENTED_EDGE('',*,*,#2045,.F.);
#2210 = PLANE('',#2211);
#2211 = AXIS2_PLACEMENT_3D('',#2212,#2213,#2214);
#2212 = CARTESIAN_POINT('',(-0.95,-8.67,-2.44));
#2213 = DIRECTION('',(0.,-0.707106781187,0.707106781187));
#2214 = DIRECTION('',(1.,0.,0.));
#2215 = ADVANCED_FACE('',(#2216),#2222,.F.);
#2216 = FACE_BOUND('',#2217,.F.);
#2217 = EDGE_LOOP('',(#2218,#2219,#2220,#2221));
#2218 = ORIENTED_EDGE('',*,*,#2144,.F.);
#2219 = ORIENTED_EDGE('',*,*,#2193,.T.);
#2220 = ORIENTED_EDGE('',*,*,#2166,.T.);
#2221 = ORIENTED_EDGE('',*,*,#2127,.F.);
#2222 = PLANE('',#2223);
#2223 = AXIS2_PLACEMENT_3D('',#2224,#2225,#2226);
#2224 = CARTESIAN_POINT('',(-0.95,-8.67,8.28));
#2225 = DIRECTION('',(0.,-0.707106781187,-0.707106781187));
#2226 = DIRECTION('',(-1.,0.,0.));
#2227 = MANIFOLD_SOLID_BREP('',#2228);
#2228 = CLOSED_SHELL('',(#2229,#2269,#2300,#2331,#2362,#2393,#2417,#2448
    ,#2472,#2494,#2518,#2542,#2559,#2576,#2600,#2624,#2641,#2653));
#2229 = ADVANCED_FACE('',(#2230),#2264,.T.);
#2230 = FACE_BOUND('',#2231,.T.);
#2231 = EDGE_LOOP('',(#2232,#2242,#2250,#2258));
#2232 = ORIENTED_EDGE('',*,*,#2233,.F.);
#2233 = EDGE_CURVE('',#2234,#2236,#2238,.T.);
#2234 = VERTEX_POINT('',#2235);
#2235 = CARTESIAN_POINT('',(-1.59,-6.67,-1.691979889529E-15));
#2236 = VERTEX_POINT('',#2237);
#2237 = CARTESIAN_POINT('',(-0.95,-6.67,-1.691979889529E-15));
#2238 = LINE('',#2239,#2240);
#2239 = CARTESIAN_POINT('',(-1.59,-6.67,-1.691979889529E-15));
#2240 = VECTOR('',#2241,1.);
#2241 = DIRECTION('',(1.,0.,0.));
#2242 = ORIENTED_EDGE('',*,*,#2243,.T.);
#2243 = EDGE_CURVE('',#2234,#2244,#2246,.T.);
#2244 = VERTEX_POINT('',#2245);
#2245 = CARTESIAN_POINT('',(-1.59,-6.67,-2.34));
#2246 = LINE('',#2247,#2248);
#2247 = CARTESIAN_POINT('',(-1.59,-6.67,-1.691979889529E-15));
#2248 = VECTOR('',#2249,1.);
#2249 = DIRECTION('',(-0.,-0.,-1.));
#2250 = ORIENTED_EDGE('',*,*,#2251,.T.);
#2251 = EDGE_CURVE('',#2244,#2252,#2254,.T.);
#2252 = VERTEX_POINT('',#2253);
#2253 = CARTESIAN_POINT('',(-0.95,-6.67,-2.34));
#2254 = LINE('',#2255,#2256);
#2255 = CARTESIAN_POINT('',(-1.59,-6.67,-2.34));
#2256 = VECTOR('',#2257,1.);
#2257 = DIRECTION('',(1.,0.,0.));
#2258 = ORIENTED_EDGE('',*,*,#2259,.F.);
#2259 = EDGE_CURVE('',#2236,#2252,#2260,.T.);
#2260 = LINE('',#2261,#2262);
#2261 = CARTESIAN_POINT('',(-0.95,-6.67,-1.691979889529E-15));
#2262 = VECTOR('',#2263,1.);
#2263 = DIRECTION('',(-0.,-0.,-1.));
#2264 = PLANE('',#2265);
#2265 = AXIS2_PLACEMENT_3D('',#2266,#2267,#2268);
#2266 = CARTESIAN_POINT('',(-1.59,-6.67,-1.691979889529E-15));
#2267 = DIRECTION('',(0.,-1.,0.));
#2268 = DIRECTION('',(1.,0.,0.));
#2269 = ADVANCED_FACE('',(#2270),#2295,.F.);
#2270 = FACE_BOUND('',#2271,.F.);
#2271 = EDGE_LOOP('',(#2272,#2273,#2281,#2289));
#2272 = ORIENTED_EDGE('',*,*,#2233,.F.);
#2273 = ORIENTED_EDGE('',*,*,#2274,.T.);
#2274 = EDGE_CURVE('',#2234,#2275,#2277,.T.);
#2275 = VERTEX_POINT('',#2276);
#2276 = CARTESIAN_POINT('',(-1.59,-6.67,8.18));
#2277 = LINE('',#2278,#2279);
#2278 = CARTESIAN_POINT('',(-1.59,-6.67,-1.691979889529E-15));
#2279 = VECTOR('',#2280,1.);
#2280 = DIRECTION('',(0.,0.,1.));
#2281 = ORIENTED_EDGE('',*,*,#2282,.T.);
#2282 = EDGE_CURVE('',#2275,#2283,#2285,.T.);
#2283 = VERTEX_POINT('',#2284);
#2284 = CARTESIAN_POINT('',(-0.95,-6.67,8.18));
#2285 = LINE('',#2286,#2287);
#2286 = CARTESIAN_POINT('',(-1.59,-6.67,8.18));
#2287 = VECTOR('',#2288,1.);
#2288 = DIRECTION('',(1.,0.,0.));
#2289 = ORIENTED_EDGE('',*,*,#2290,.F.);
#2290 = EDGE_CURVE('',#2236,#2283,#2291,.T.);
#2291 = LINE('',#2292,#2293);
#2292 = CARTESIAN_POINT('',(-0.95,-6.67,-1.691979889529E-15));
#2293 = VECTOR('',#2294,1.);
#2294 = DIRECTION('',(0.,0.,1.));
#2295 = PLANE('',#2296);
#2296 = AXIS2_PLACEMENT_3D('',#2297,#2298,#2299);
#2297 = CARTESIAN_POINT('',(-1.59,-6.67,-1.691979889529E-15));
#2298 = DIRECTION('',(0.,1.,0.));
#2299 = DIRECTION('',(1.,0.,0.));
#2300 = ADVANCED_FACE('',(#2301),#2326,.T.);
#2301 = FACE_BOUND('',#2302,.T.);
#2302 = EDGE_LOOP('',(#2303,#2311,#2312,#2320));
#2303 = ORIENTED_EDGE('',*,*,#2304,.F.);
#2304 = EDGE_CURVE('',#2236,#2305,#2307,.T.);
#2305 = VERTEX_POINT('',#2306);
#2306 = CARTESIAN_POINT('',(-0.95,-6.03,-1.691979889529E-15));
#2307 = LINE('',#2308,#2309);
#2308 = CARTESIAN_POINT('',(-0.95,-6.67,-1.691979889529E-15));
#2309 = VECTOR('',#2310,1.);
#2310 = DIRECTION('',(0.,1.,0.));
#2311 = ORIENTED_EDGE('',*,*,#2259,.T.);
#2312 = ORIENTED_EDGE('',*,*,#2313,.T.);
#2313 = EDGE_CURVE('',#2252,#2314,#2316,.T.);
#2314 = VERTEX_POINT('',#2315);
#2315 = CARTESIAN_POINT('',(-0.95,-6.03,-2.34));
#2316 = LINE('',#2317,#2318);
#2317 = CARTESIAN_POINT('',(-0.95,-6.67,-2.34));
#2318 = VECTOR('',#2319,1.);
#2319 = DIRECTION('',(0.,1.,0.));
#2320 = ORIENTED_EDGE('',*,*,#2321,.F.);
#2321 = EDGE_CURVE('',#2305,#2314,#2322,.T.);
#2322 = LINE('',#2323,#2324);
#2323 = CARTESIAN_POINT('',(-0.95,-6.03,-1.691979889529E-15));
#2324 = VECTOR('',#2325,1.);
#2325 = DIRECTION('',(-0.,-0.,-1.));
#2326 = PLANE('',#2327);
#2327 = AXIS2_PLACEMENT_3D('',#2328,#2329,#2330);
#2328 = CARTESIAN_POINT('',(-0.95,-6.67,-1.691979889529E-15));
#2329 = DIRECTION('',(1.,0.,0.));
#2330 = DIRECTION('',(0.,1.,0.));
#2331 = ADVANCED_FACE('',(#2332),#2357,.F.);
#2332 = FACE_BOUND('',#2333,.F.);
#2333 = EDGE_LOOP('',(#2334,#2342,#2343,#2351));
#2334 = ORIENTED_EDGE('',*,*,#2335,.F.);
#2335 = EDGE_CURVE('',#2244,#2336,#2338,.T.);
#2336 = VERTEX_POINT('',#2337);
#2337 = CARTESIAN_POINT('',(-1.39,-6.47,-2.54));
#2338 = LINE('',#2339,#2340);
#2339 = CARTESIAN_POINT('',(-1.416666666667,-6.496666666667,
    -2.513333333333));
#2340 = VECTOR('',#2341,1.);
#2341 = DIRECTION('',(0.57735026919,0.57735026919,-0.57735026919));
#2342 = ORIENTED_EDGE('',*,*,#2251,.T.);
#2343 = ORIENTED_EDGE('',*,*,#2344,.T.);
#2344 = EDGE_CURVE('',#2252,#2345,#2347,.T.);
#2345 = VERTEX_POINT('',#2346);
#2346 = CARTESIAN_POINT('',(-1.15,-6.47,-2.54));
#2347 = LINE('',#2348,#2349);
#2348 = CARTESIAN_POINT('',(-1.123333333333,-6.496666666667,
    -2.513333333333));
#2349 = VECTOR('',#2350,1.);
#2350 = DIRECTION('',(-0.57735026919,0.57735026919,-0.57735026919));
#2351 = ORIENTED_EDGE('',*,*,#2352,.F.);
#2352 = EDGE_CURVE('',#2336,#2345,#2353,.T.);
#2353 = LINE('',#2354,#2355);
#2354 = CARTESIAN_POINT('',(-1.59,-6.47,-2.54));
#2355 = VECTOR('',#2356,1.);
#2356 = DIRECTION('',(1.,0.,0.));
#2357 = PLANE('',#2358);
#2358 = AXIS2_PLACEMENT_3D('',#2359,#2360,#2361);
#2359 = CARTESIAN_POINT('',(-1.59,-6.57,-2.44));
#2360 = DIRECTION('',(0.,0.707106781187,0.707106781187));
#2361 = DIRECTION('',(1.,0.,0.));
#2362 = ADVANCED_FACE('',(#2363),#2388,.T.);
#2363 = FACE_BOUND('',#2364,.T.);
#2364 = EDGE_LOOP('',(#2365,#2373,#2381,#2387));
#2365 = ORIENTED_EDGE('',*,*,#2366,.F.);
#2366 = EDGE_CURVE('',#2367,#2234,#2369,.T.);
#2367 = VERTEX_POINT('',#2368);
#2368 = CARTESIAN_POINT('',(-1.59,-6.03,-1.691979889529E-15));
#2369 = LINE('',#2370,#2371);
#2370 = CARTESIAN_POINT('',(-1.59,-6.03,-1.691979889529E-15));
#2371 = VECTOR('',#2372,1.);
#2372 = DIRECTION('',(0.,-1.,0.));
#2373 = ORIENTED_EDGE('',*,*,#2374,.T.);
#2374 = EDGE_CURVE('',#2367,#2375,#2377,.T.);
#2375 = VERTEX_POINT('',#2376);
#2376 = CARTESIAN_POINT('',(-1.59,-6.03,-2.34));
#2377 = LINE('',#2378,#2379);
#2378 = CARTESIAN_POINT('',(-1.59,-6.03,-1.691979889529E-15));
#2379 = VECTOR('',#2380,1.);
#2380 = DIRECTION('',(-0.,-0.,-1.));
#2381 = ORIENTED_EDGE('',*,*,#2382,.T.);
#2382 = EDGE_CURVE('',#2375,#2244,#2383,.T.);
#2383 = LINE('',#2384,#2385);
#2384 = CARTESIAN_POINT('',(-1.59,-6.03,-2.34));
#2385 = VECTOR('',#2386,1.);
#2386 = DIRECTION('',(0.,-1.,0.));
#2387 = ORIENTED_EDGE('',*,*,#2243,.F.);
#2388 = PLANE('',#2389);
#2389 = AXIS2_PLACEMENT_3D('',#2390,#2391,#2392);
#2390 = CARTESIAN_POINT('',(-1.59,-6.03,-1.691979889529E-15));
#2391 = DIRECTION('',(-1.,0.,0.));
#2392 = DIRECTION('',(0.,-1.,0.));
#2393 = ADVANCED_FACE('',(#2394),#2412,.F.);
#2394 = FACE_BOUND('',#2395,.F.);
#2395 = EDGE_LOOP('',(#2396,#2397,#2398,#2406));
#2396 = ORIENTED_EDGE('',*,*,#2304,.F.);
#2397 = ORIENTED_EDGE('',*,*,#2290,.T.);
#2398 = ORIENTED_EDGE('',*,*,#2399,.T.);
#2399 = EDGE_CURVE('',#2283,#2400,#2402,.T.);
#2400 = VERTEX_POINT('',#2401);
#2401 = CARTESIAN_POINT('',(-0.95,-6.03,8.18));
#2402 = LINE('',#2403,#2404);
#2403 = CARTESIAN_POINT('',(-0.95,-6.67,8.18));
#2404 = VECTOR('',#2405,1.);
#2405 = DIRECTION('',(0.,1.,0.));
#2406 = ORIENTED_EDGE('',*,*,#2407,.F.);
#2407 = EDGE_CURVE('',#2305,#2400,#2408,.T.);
#2408 = LINE('',#2409,#2410);
#2409 = CARTESIAN_POINT('',(-0.95,-6.03,-1.691979889529E-15));
#2410 = VECTOR('',#2411,1.);
#2411 = DIRECTION('',(0.,0.,1.));
#2412 = PLANE('',#2413);
#2413 = AXIS2_PLACEMENT_3D('',#2414,#2415,#2416);
#2414 = CARTESIAN_POINT('',(-0.95,-6.67,-1.691979889529E-15));
#2415 = DIRECTION('',(-1.,0.,0.));
#2416 = DIRECTION('',(0.,1.,0.));
#2417 = ADVANCED_FACE('',(#2418),#2443,.F.);
#2418 = FACE_BOUND('',#2419,.T.);
#2419 = EDGE_LOOP('',(#2420,#2428,#2429,#2437));
#2420 = ORIENTED_EDGE('',*,*,#2421,.F.);
#2421 = EDGE_CURVE('',#2275,#2422,#2424,.T.);
#2422 = VERTEX_POINT('',#2423);
#2423 = CARTESIAN_POINT('',(-1.39,-6.47,8.38));
#2424 = LINE('',#2425,#2426);
#2425 = CARTESIAN_POINT('',(-1.416666666667,-6.496666666667,
    8.353333333333));
#2426 = VECTOR('',#2427,1.);
#2427 = DIRECTION('',(0.57735026919,0.57735026919,0.57735026919));
#2428 = ORIENTED_EDGE('',*,*,#2282,.T.);
#2429 = ORIENTED_EDGE('',*,*,#2430,.T.);
#2430 = EDGE_CURVE('',#2283,#2431,#2433,.T.);
#2431 = VERTEX_POINT('',#2432);
#2432 = CARTESIAN_POINT('',(-1.15,-6.47,8.38));
#2433 = LINE('',#2434,#2435);
#2434 = CARTESIAN_POINT('',(-1.123333333333,-6.496666666667,
    8.353333333333));
#2435 = VECTOR('',#2436,1.);
#2436 = DIRECTION('',(-0.57735026919,0.57735026919,0.57735026919));
#2437 = ORIENTED_EDGE('',*,*,#2438,.F.);
#2438 = EDGE_CURVE('',#2422,#2431,#2439,.T.);
#2439 = LINE('',#2440,#2441);
#2440 = CARTESIAN_POINT('',(-1.59,-6.47,8.38));
#2441 = VECTOR('',#2442,1.);
#2442 = DIRECTION('',(1.,0.,0.));
#2443 = PLANE('',#2444);
#2444 = AXIS2_PLACEMENT_3D('',#2445,#2446,#2447);
#2445 = CARTESIAN_POINT('',(-1.59,-6.57,8.28));
#2446 = DIRECTION('',(0.,0.707106781187,-0.707106781187));
#2447 = DIRECTION('',(-1.,-0.,-0.));
#2448 = ADVANCED_FACE('',(#2449),#2467,.F.);
#2449 = FACE_BOUND('',#2450,.F.);
#2450 = EDGE_LOOP('',(#2451,#2452,#2460,#2466));
#2451 = ORIENTED_EDGE('',*,*,#2366,.F.);
#2452 = ORIENTED_EDGE('',*,*,#2453,.T.);
#2453 = EDGE_CURVE('',#2367,#2454,#2456,.T.);
#2454 = VERTEX_POINT('',#2455);
#2455 = CARTESIAN_POINT('',(-1.59,-6.03,8.18));
#2456 = LINE('',#2457,#2458);
#2457 = CARTESIAN_POINT('',(-1.59,-6.03,-1.691979889529E-15));
#2458 = VECTOR('',#2459,1.);
#2459 = DIRECTION('',(0.,0.,1.));
#2460 = ORIENTED_EDGE('',*,*,#2461,.T.);
#2461 = EDGE_CURVE('',#2454,#2275,#2462,.T.);
#2462 = LINE('',#2463,#2464);
#2463 = CARTESIAN_POINT('',(-1.59,-6.03,8.18));
#2464 = VECTOR('',#2465,1.);
#2465 = DIRECTION('',(0.,-1.,0.));
#2466 = ORIENTED_EDGE('',*,*,#2274,.F.);
#2467 = PLANE('',#2468);
#2468 = AXIS2_PLACEMENT_3D('',#2469,#2470,#2471);
#2469 = CARTESIAN_POINT('',(-1.59,-6.03,-1.691979889529E-15));
#2470 = DIRECTION('',(1.,0.,0.));
#2471 = DIRECTION('',(0.,-1.,0.));
#2472 = ADVANCED_FACE('',(#2473),#2489,.T.);
#2473 = FACE_BOUND('',#2474,.T.);
#2474 = EDGE_LOOP('',(#2475,#2481,#2482,#2488));
#2475 = ORIENTED_EDGE('',*,*,#2476,.F.);
#2476 = EDGE_CURVE('',#2305,#2367,#2477,.T.);
#2477 = LINE('',#2478,#2479);
#2478 = CARTESIAN_POINT('',(-0.95,-6.03,-1.691979889529E-15));
#2479 = VECTOR('',#2480,1.);
#2480 = DIRECTION('',(-1.,0.,0.));
#2481 = ORIENTED_EDGE('',*,*,#2321,.T.);
#2482 = ORIENTED_EDGE('',*,*,#2483,.T.);
#2483 = EDGE_CURVE('',#2314,#2375,#2484,.T.);
#2484 = LINE('',#2485,#2486);
#2485 = CARTESIAN_POINT('',(-0.95,-6.03,-2.34));
#2486 = VECTOR('',#2487,1.);
#2487 = DIRECTION('',(-1.,0.,0.));
#2488 = ORIENTED_EDGE('',*,*,#2374,.F.);
#2489 = PLANE('',#2490);
#2490 = AXIS2_PLACEMENT_3D('',#2491,#2492,#2493);
#2491 = CARTESIAN_POINT('',(-0.95,-6.03,-1.691979889529E-15));
#2492 = DIRECTION('',(0.,1.,0.));
#2493 = DIRECTION('',(-1.,0.,0.));
#2494 = ADVANCED_FACE('',(#2495),#2513,.F.);
#2495 = FACE_BOUND('',#2496,.F.);
#2496 = EDGE_LOOP('',(#2497,#2498,#2499,#2507));
#2497 = ORIENTED_EDGE('',*,*,#2344,.F.);
#2498 = ORIENTED_EDGE('',*,*,#2313,.T.);
#2499 = ORIENTED_EDGE('',*,*,#2500,.F.);
#2500 = EDGE_CURVE('',#2501,#2314,#2503,.T.);
#2501 = VERTEX_POINT('',#2502);
#2502 = CARTESIAN_POINT('',(-1.15,-6.23,-2.54));
#2503 = LINE('',#2504,#2505);
#2504 = CARTESIAN_POINT('',(-1.123333333333,-6.203333333333,
    -2.513333333333));
#2505 = VECTOR('',#2506,1.);
#2506 = DIRECTION('',(0.57735026919,0.57735026919,0.57735026919));
#2507 = ORIENTED_EDGE('',*,*,#2508,.F.);
#2508 = EDGE_CURVE('',#2345,#2501,#2509,.T.);
#2509 = LINE('',#2510,#2511);
#2510 = CARTESIAN_POINT('',(-1.15,-6.67,-2.54));
#2511 = VECTOR('',#2512,1.);
#2512 = DIRECTION('',(0.,1.,0.));
#2513 = PLANE('',#2514);
#2514 = AXIS2_PLACEMENT_3D('',#2515,#2516,#2517);
#2515 = CARTESIAN_POINT('',(-1.05,-6.67,-2.44));
#2516 = DIRECTION('',(-0.707106781187,0.,0.707106781187));
#2517 = DIRECTION('',(0.,1.,0.));
#2518 = ADVANCED_FACE('',(#2519),#2537,.F.);
#2519 = FACE_BOUND('',#2520,.F.);
#2520 = EDGE_LOOP('',(#2521,#2529,#2530,#2531));
#2521 = ORIENTED_EDGE('',*,*,#2522,.F.);
#2522 = EDGE_CURVE('',#2375,#2523,#2525,.T.);
#2523 = VERTEX_POINT('',#2524);
#2524 = CARTESIAN_POINT('',(-1.39,-6.23,-2.54));
#2525 = LINE('',#2526,#2527);
#2526 = CARTESIAN_POINT('',(-1.416666666667,-6.203333333333,
    -2.513333333333));
#2527 = VECTOR('',#2528,1.);
#2528 = DIRECTION('',(0.57735026919,-0.57735026919,-0.57735026919));
#2529 = ORIENTED_EDGE('',*,*,#2382,.T.);
#2530 = ORIENTED_EDGE('',*,*,#2335,.T.);
#2531 = ORIENTED_EDGE('',*,*,#2532,.F.);
#2532 = EDGE_CURVE('',#2523,#2336,#2533,.T.);
#2533 = LINE('',#2534,#2535);
#2534 = CARTESIAN_POINT('',(-1.39,-6.03,-2.54));
#2535 = VECTOR('',#2536,1.);
#2536 = DIRECTION('',(0.,-1.,0.));
#2537 = PLANE('',#2538);
#2538 = AXIS2_PLACEMENT_3D('',#2539,#2540,#2541);
#2539 = CARTESIAN_POINT('',(-1.49,-6.03,-2.44));
#2540 = DIRECTION('',(0.707106781187,0.,0.707106781187));
#2541 = DIRECTION('',(0.,-1.,0.));
#2542 = ADVANCED_FACE('',(#2543),#2554,.F.);
#2543 = FACE_BOUND('',#2544,.F.);
#2544 = EDGE_LOOP('',(#2545,#2546,#2547,#2548));
#2545 = ORIENTED_EDGE('',*,*,#2532,.T.);
#2546 = ORIENTED_EDGE('',*,*,#2352,.T.);
#2547 = ORIENTED_EDGE('',*,*,#2508,.T.);
#2548 = ORIENTED_EDGE('',*,*,#2549,.T.);
#2549 = EDGE_CURVE('',#2501,#2523,#2550,.T.);
#2550 = LINE('',#2551,#2552);
#2551 = CARTESIAN_POINT('',(-0.95,-6.23,-2.54));
#2552 = VECTOR('',#2553,1.);
#2553 = DIRECTION('',(-1.,0.,0.));
#2554 = PLANE('',#2555);
#2555 = AXIS2_PLACEMENT_3D('',#2556,#2557,#2558);
#2556 = CARTESIAN_POINT('',(-1.27,-6.35,-2.54));
#2557 = DIRECTION('',(0.,0.,1.));
#2558 = DIRECTION('',(1.,0.,0.));
#2559 = ADVANCED_FACE('',(#2560),#2571,.F.);
#2560 = FACE_BOUND('',#2561,.F.);
#2561 = EDGE_LOOP('',(#2562,#2563,#2564,#2570));
#2562 = ORIENTED_EDGE('',*,*,#2476,.F.);
#2563 = ORIENTED_EDGE('',*,*,#2407,.T.);
#2564 = ORIENTED_EDGE('',*,*,#2565,.T.);
#2565 = EDGE_CURVE('',#2400,#2454,#2566,.T.);
#2566 = LINE('',#2567,#2568);
#2567 = CARTESIAN_POINT('',(-0.95,-6.03,8.18));
#2568 = VECTOR('',#2569,1.);
#2569 = DIRECTION('',(-1.,0.,0.));
#2570 = ORIENTED_EDGE('',*,*,#2453,.F.);
#2571 = PLANE('',#2572);
#2572 = AXIS2_PLACEMENT_3D('',#2573,#2574,#2575);
#2573 = CARTESIAN_POINT('',(-0.95,-6.03,-1.691979889529E-15));
#2574 = DIRECTION('',(0.,-1.,0.));
#2575 = DIRECTION('',(-1.,0.,0.));
#2576 = ADVANCED_FACE('',(#2577),#2595,.F.);
#2577 = FACE_BOUND('',#2578,.T.);
#2578 = EDGE_LOOP('',(#2579,#2580,#2581,#2589));
#2579 = ORIENTED_EDGE('',*,*,#2430,.F.);
#2580 = ORIENTED_EDGE('',*,*,#2399,.T.);
#2581 = ORIENTED_EDGE('',*,*,#2582,.F.);
#2582 = EDGE_CURVE('',#2583,#2400,#2585,.T.);
#2583 = VERTEX_POINT('',#2584);
#2584 = CARTESIAN_POINT('',(-1.15,-6.23,8.38));
#2585 = LINE('',#2586,#2587);
#2586 = CARTESIAN_POINT('',(-1.123333333333,-6.203333333333,
    8.353333333333));
#2587 = VECTOR('',#2588,1.);
#2588 = DIRECTION('',(0.57735026919,0.57735026919,-0.57735026919));
#2589 = ORIENTED_EDGE('',*,*,#2590,.F.);
#2590 = EDGE_CURVE('',#2431,#2583,#2591,.T.);
#2591 = LINE('',#2592,#2593);
#2592 = CARTESIAN_POINT('',(-1.15,-6.67,8.38));
#2593 = VECTOR('',#2594,1.);
#2594 = DIRECTION('',(0.,1.,0.));
#2595 = PLANE('',#2596);
#2596 = AXIS2_PLACEMENT_3D('',#2597,#2598,#2599);
#2597 = CARTESIAN_POINT('',(-1.05,-6.67,8.28));
#2598 = DIRECTION('',(-0.707106781187,0.,-0.707106781187));
#2599 = DIRECTION('',(-0.,-1.,-0.));
#2600 = ADVANCED_FACE('',(#2601),#2619,.F.);
#2601 = FACE_BOUND('',#2602,.T.);
#2602 = EDGE_LOOP('',(#2603,#2611,#2612,#2613));
#2603 = ORIENTED_EDGE('',*,*,#2604,.T.);
#2604 = EDGE_CURVE('',#2605,#2454,#2607,.T.);
#2605 = VERTEX_POINT('',#2606);
#2606 = CARTESIAN_POINT('',(-1.39,-6.23,8.38));
#2607 = LINE('',#2608,#2609);
#2608 = CARTESIAN_POINT('',(-1.416666666667,-6.203333333333,
    8.353333333333));
#2609 = VECTOR('',#2610,1.);
#2610 = DIRECTION('',(-0.57735026919,0.57735026919,-0.57735026919));
#2611 = ORIENTED_EDGE('',*,*,#2461,.T.);
#2612 = ORIENTED_EDGE('',*,*,#2421,.T.);
#2613 = ORIENTED_EDGE('',*,*,#2614,.F.);
#2614 = EDGE_CURVE('',#2605,#2422,#2615,.T.);
#2615 = LINE('',#2616,#2617);
#2616 = CARTESIAN_POINT('',(-1.39,-6.03,8.38));
#2617 = VECTOR('',#2618,1.);
#2618 = DIRECTION('',(0.,-1.,0.));
#2619 = PLANE('',#2620);
#2620 = AXIS2_PLACEMENT_3D('',#2621,#2622,#2623);
#2621 = CARTESIAN_POINT('',(-1.49,-6.03,8.28));
#2622 = DIRECTION('',(0.707106781187,0.,-0.707106781187));
#2623 = DIRECTION('',(0.,1.,0.));
#2624 = ADVANCED_FACE('',(#2625),#2636,.T.);
#2625 = FACE_BOUND('',#2626,.T.);
#2626 = EDGE_LOOP('',(#2627,#2628,#2629,#2630));
#2627 = ORIENTED_EDGE('',*,*,#2614,.T.);
#2628 = ORIENTED_EDGE('',*,*,#2438,.T.);
#2629 = ORIENTED_EDGE('',*,*,#2590,.T.);
#2630 = ORIENTED_EDGE('',*,*,#2631,.T.);
#2631 = EDGE_CURVE('',#2583,#2605,#2632,.T.);
#2632 = LINE('',#2633,#2634);
#2633 = CARTESIAN_POINT('',(-0.95,-6.23,8.38));
#2634 = VECTOR('',#2635,1.);
#2635 = DIRECTION('',(-1.,0.,0.));
#2636 = PLANE('',#2637);
#2637 = AXIS2_PLACEMENT_3D('',#2638,#2639,#2640);
#2638 = CARTESIAN_POINT('',(-1.27,-6.35,8.38));
#2639 = DIRECTION('',(0.,0.,1.));
#2640 = DIRECTION('',(1.,0.,0.));
#2641 = ADVANCED_FACE('',(#2642),#2648,.F.);
#2642 = FACE_BOUND('',#2643,.T.);
#2643 = EDGE_LOOP('',(#2644,#2645,#2646,#2647));
#2644 = ORIENTED_EDGE('',*,*,#2500,.F.);
#2645 = ORIENTED_EDGE('',*,*,#2549,.T.);
#2646 = ORIENTED_EDGE('',*,*,#2522,.F.);
#2647 = ORIENTED_EDGE('',*,*,#2483,.F.);
#2648 = PLANE('',#2649);
#2649 = AXIS2_PLACEMENT_3D('',#2650,#2651,#2652);
#2650 = CARTESIAN_POINT('',(-0.95,-6.13,-2.44));
#2651 = DIRECTION('',(0.,-0.707106781187,0.707106781187));
#2652 = DIRECTION('',(1.,0.,0.));
#2653 = ADVANCED_FACE('',(#2654),#2660,.F.);
#2654 = FACE_BOUND('',#2655,.F.);
#2655 = EDGE_LOOP('',(#2656,#2657,#2658,#2659));
#2656 = ORIENTED_EDGE('',*,*,#2582,.F.);
#2657 = ORIENTED_EDGE('',*,*,#2631,.T.);
#2658 = ORIENTED_EDGE('',*,*,#2604,.T.);
#2659 = ORIENTED_EDGE('',*,*,#2565,.F.);
#2660 = PLANE('',#2661);
#2661 = AXIS2_PLACEMENT_3D('',#2662,#2663,#2664);
#2662 = CARTESIAN_POINT('',(-0.95,-6.13,8.28));
#2663 = DIRECTION('',(0.,-0.707106781187,-0.707106781187));
#2664 = DIRECTION('',(-1.,0.,0.));
#2665 = MANIFOLD_SOLID_BREP('',#2666);
#2666 = CLOSED_SHELL('',(#2667,#2707,#2738,#2769,#2800,#2831,#2855,#2886
    ,#2910,#2932,#2956,#2980,#2997,#3014,#3038,#3062,#3079,#3091));
#2667 = ADVANCED_FACE('',(#2668),#2702,.T.);
#2668 = FACE_BOUND('',#2669,.T.);
#2669 = EDGE_LOOP('',(#2670,#2680,#2688,#2696));
#2670 = ORIENTED_EDGE('',*,*,#2671,.F.);
#2671 = EDGE_CURVE('',#2672,#2674,#2676,.T.);
#2672 = VERTEX_POINT('',#2673);
#2673 = CARTESIAN_POINT('',(-1.59,-4.13,-1.973976537784E-15));
#2674 = VERTEX_POINT('',#2675);
#2675 = CARTESIAN_POINT('',(-0.95,-4.13,-1.973976537784E-15));
#2676 = LINE('',#2677,#2678);
#2677 = CARTESIAN_POINT('',(-1.59,-4.13,-1.973976537784E-15));
#2678 = VECTOR('',#2679,1.);
#2679 = DIRECTION('',(1.,0.,0.));
#2680 = ORIENTED_EDGE('',*,*,#2681,.T.);
#2681 = EDGE_CURVE('',#2672,#2682,#2684,.T.);
#2682 = VERTEX_POINT('',#2683);
#2683 = CARTESIAN_POINT('',(-1.59,-4.13,-2.34));
#2684 = LINE('',#2685,#2686);
#2685 = CARTESIAN_POINT('',(-1.59,-4.13,-1.973976537784E-15));
#2686 = VECTOR('',#2687,1.);
#2687 = DIRECTION('',(-0.,-0.,-1.));
#2688 = ORIENTED_EDGE('',*,*,#2689,.T.);
#2689 = EDGE_CURVE('',#2682,#2690,#2692,.T.);
#2690 = VERTEX_POINT('',#2691);
#2691 = CARTESIAN_POINT('',(-0.95,-4.13,-2.34));
#2692 = LINE('',#2693,#2694);
#2693 = CARTESIAN_POINT('',(-1.59,-4.13,-2.34));
#2694 = VECTOR('',#2695,1.);
#2695 = DIRECTION('',(1.,0.,0.));
#2696 = ORIENTED_EDGE('',*,*,#2697,.F.);
#2697 = EDGE_CURVE('',#2674,#2690,#2698,.T.);
#2698 = LINE('',#2699,#2700);
#2699 = CARTESIAN_POINT('',(-0.95,-4.13,-1.973976537784E-15));
#2700 = VECTOR('',#2701,1.);
#2701 = DIRECTION('',(-0.,-0.,-1.));
#2702 = PLANE('',#2703);
#2703 = AXIS2_PLACEMENT_3D('',#2704,#2705,#2706);
#2704 = CARTESIAN_POINT('',(-1.59,-4.13,-1.973976537784E-15));
#2705 = DIRECTION('',(0.,-1.,0.));
#2706 = DIRECTION('',(1.,0.,0.));
#2707 = ADVANCED_FACE('',(#2708),#2733,.F.);
#2708 = FACE_BOUND('',#2709,.F.);
#2709 = EDGE_LOOP('',(#2710,#2711,#2719,#2727));
#2710 = ORIENTED_EDGE('',*,*,#2671,.F.);
#2711 = ORIENTED_EDGE('',*,*,#2712,.T.);
#2712 = EDGE_CURVE('',#2672,#2713,#2715,.T.);
#2713 = VERTEX_POINT('',#2714);
#2714 = CARTESIAN_POINT('',(-1.59,-4.13,8.18));
#2715 = LINE('',#2716,#2717);
#2716 = CARTESIAN_POINT('',(-1.59,-4.13,-1.973976537784E-15));
#2717 = VECTOR('',#2718,1.);
#2718 = DIRECTION('',(0.,0.,1.));
#2719 = ORIENTED_EDGE('',*,*,#2720,.T.);
#2720 = EDGE_CURVE('',#2713,#2721,#2723,.T.);
#2721 = VERTEX_POINT('',#2722);
#2722 = CARTESIAN_POINT('',(-0.95,-4.13,8.18));
#2723 = LINE('',#2724,#2725);
#2724 = CARTESIAN_POINT('',(-1.59,-4.13,8.18));
#2725 = VECTOR('',#2726,1.);
#2726 = DIRECTION('',(1.,0.,0.));
#2727 = ORIENTED_EDGE('',*,*,#2728,.F.);
#2728 = EDGE_CURVE('',#2674,#2721,#2729,.T.);
#2729 = LINE('',#2730,#2731);
#2730 = CARTESIAN_POINT('',(-0.95,-4.13,-1.973976537784E-15));
#2731 = VECTOR('',#2732,1.);
#2732 = DIRECTION('',(0.,0.,1.));
#2733 = PLANE('',#2734);
#2734 = AXIS2_PLACEMENT_3D('',#2735,#2736,#2737);
#2735 = CARTESIAN_POINT('',(-1.59,-4.13,-1.973976537784E-15));
#2736 = DIRECTION('',(0.,1.,0.));
#2737 = DIRECTION('',(1.,0.,0.));
#2738 = ADVANCED_FACE('',(#2739),#2764,.T.);
#2739 = FACE_BOUND('',#2740,.T.);
#2740 = EDGE_LOOP('',(#2741,#2749,#2750,#2758));
#2741 = ORIENTED_EDGE('',*,*,#2742,.F.);
#2742 = EDGE_CURVE('',#2674,#2743,#2745,.T.);
#2743 = VERTEX_POINT('',#2744);
#2744 = CARTESIAN_POINT('',(-0.95,-3.49,-1.973976537784E-15));
#2745 = LINE('',#2746,#2747);
#2746 = CARTESIAN_POINT('',(-0.95,-4.13,-1.973976537784E-15));
#2747 = VECTOR('',#2748,1.);
#2748 = DIRECTION('',(0.,1.,0.));
#2749 = ORIENTED_EDGE('',*,*,#2697,.T.);
#2750 = ORIENTED_EDGE('',*,*,#2751,.T.);
#2751 = EDGE_CURVE('',#2690,#2752,#2754,.T.);
#2752 = VERTEX_POINT('',#2753);
#2753 = CARTESIAN_POINT('',(-0.95,-3.49,-2.34));
#2754 = LINE('',#2755,#2756);
#2755 = CARTESIAN_POINT('',(-0.95,-4.13,-2.34));
#2756 = VECTOR('',#2757,1.);
#2757 = DIRECTION('',(0.,1.,0.));
#2758 = ORIENTED_EDGE('',*,*,#2759,.F.);
#2759 = EDGE_CURVE('',#2743,#2752,#2760,.T.);
#2760 = LINE('',#2761,#2762);
#2761 = CARTESIAN_POINT('',(-0.95,-3.49,-1.973976537784E-15));
#2762 = VECTOR('',#2763,1.);
#2763 = DIRECTION('',(-0.,-0.,-1.));
#2764 = PLANE('',#2765);
#2765 = AXIS2_PLACEMENT_3D('',#2766,#2767,#2768);
#2766 = CARTESIAN_POINT('',(-0.95,-4.13,-1.973976537784E-15));
#2767 = DIRECTION('',(1.,0.,0.));
#2768 = DIRECTION('',(0.,1.,0.));
#2769 = ADVANCED_FACE('',(#2770),#2795,.F.);
#2770 = FACE_BOUND('',#2771,.F.);
#2771 = EDGE_LOOP('',(#2772,#2780,#2781,#2789));
#2772 = ORIENTED_EDGE('',*,*,#2773,.F.);
#2773 = EDGE_CURVE('',#2682,#2774,#2776,.T.);
#2774 = VERTEX_POINT('',#2775);
#2775 = CARTESIAN_POINT('',(-1.39,-3.93,-2.54));
#2776 = LINE('',#2777,#2778);
#2777 = CARTESIAN_POINT('',(-1.416666666667,-3.956666666667,
    -2.513333333333));
#2778 = VECTOR('',#2779,1.);
#2779 = DIRECTION('',(0.57735026919,0.57735026919,-0.57735026919));
#2780 = ORIENTED_EDGE('',*,*,#2689,.T.);
#2781 = ORIENTED_EDGE('',*,*,#2782,.T.);
#2782 = EDGE_CURVE('',#2690,#2783,#2785,.T.);
#2783 = VERTEX_POINT('',#2784);
#2784 = CARTESIAN_POINT('',(-1.15,-3.93,-2.54));
#2785 = LINE('',#2786,#2787);
#2786 = CARTESIAN_POINT('',(-1.123333333333,-3.956666666667,
    -2.513333333333));
#2787 = VECTOR('',#2788,1.);
#2788 = DIRECTION('',(-0.57735026919,0.57735026919,-0.57735026919));
#2789 = ORIENTED_EDGE('',*,*,#2790,.F.);
#2790 = EDGE_CURVE('',#2774,#2783,#2791,.T.);
#2791 = LINE('',#2792,#2793);
#2792 = CARTESIAN_POINT('',(-1.59,-3.93,-2.54));
#2793 = VECTOR('',#2794,1.);
#2794 = DIRECTION('',(1.,0.,0.));
#2795 = PLANE('',#2796);
#2796 = AXIS2_PLACEMENT_3D('',#2797,#2798,#2799);
#2797 = CARTESIAN_POINT('',(-1.59,-4.03,-2.44));
#2798 = DIRECTION('',(0.,0.707106781187,0.707106781187));
#2799 = DIRECTION('',(1.,0.,0.));
#2800 = ADVANCED_FACE('',(#2801),#2826,.T.);
#2801 = FACE_BOUND('',#2802,.T.);
#2802 = EDGE_LOOP('',(#2803,#2811,#2819,#2825));
#2803 = ORIENTED_EDGE('',*,*,#2804,.F.);
#2804 = EDGE_CURVE('',#2805,#2672,#2807,.T.);
#2805 = VERTEX_POINT('',#2806);
#2806 = CARTESIAN_POINT('',(-1.59,-3.49,-1.973976537784E-15));
#2807 = LINE('',#2808,#2809);
#2808 = CARTESIAN_POINT('',(-1.59,-3.49,-1.973976537784E-15));
#2809 = VECTOR('',#2810,1.);
#2810 = DIRECTION('',(0.,-1.,0.));
#2811 = ORIENTED_EDGE('',*,*,#2812,.T.);
#2812 = EDGE_CURVE('',#2805,#2813,#2815,.T.);
#2813 = VERTEX_POINT('',#2814);
#2814 = CARTESIAN_POINT('',(-1.59,-3.49,-2.34));
#2815 = LINE('',#2816,#2817);
#2816 = CARTESIAN_POINT('',(-1.59,-3.49,-1.973976537784E-15));
#2817 = VECTOR('',#2818,1.);
#2818 = DIRECTION('',(-0.,-0.,-1.));
#2819 = ORIENTED_EDGE('',*,*,#2820,.T.);
#2820 = EDGE_CURVE('',#2813,#2682,#2821,.T.);
#2821 = LINE('',#2822,#2823);
#2822 = CARTESIAN_POINT('',(-1.59,-3.49,-2.34));
#2823 = VECTOR('',#2824,1.);
#2824 = DIRECTION('',(0.,-1.,0.));
#2825 = ORIENTED_EDGE('',*,*,#2681,.F.);
#2826 = PLANE('',#2827);
#2827 = AXIS2_PLACEMENT_3D('',#2828,#2829,#2830);
#2828 = CARTESIAN_POINT('',(-1.59,-3.49,-1.973976537784E-15));
#2829 = DIRECTION('',(-1.,0.,0.));
#2830 = DIRECTION('',(0.,-1.,0.));
#2831 = ADVANCED_FACE('',(#2832),#2850,.F.);
#2832 = FACE_BOUND('',#2833,.F.);
#2833 = EDGE_LOOP('',(#2834,#2835,#2836,#2844));
#2834 = ORIENTED_EDGE('',*,*,#2742,.F.);
#2835 = ORIENTED_EDGE('',*,*,#2728,.T.);
#2836 = ORIENTED_EDGE('',*,*,#2837,.T.);
#2837 = EDGE_CURVE('',#2721,#2838,#2840,.T.);
#2838 = VERTEX_POINT('',#2839);
#2839 = CARTESIAN_POINT('',(-0.95,-3.49,8.18));
#2840 = LINE('',#2841,#2842);
#2841 = CARTESIAN_POINT('',(-0.95,-4.13,8.18));
#2842 = VECTOR('',#2843,1.);
#2843 = DIRECTION('',(0.,1.,0.));
#2844 = ORIENTED_EDGE('',*,*,#2845,.F.);
#2845 = EDGE_CURVE('',#2743,#2838,#2846,.T.);
#2846 = LINE('',#2847,#2848);
#2847 = CARTESIAN_POINT('',(-0.95,-3.49,-1.973976537784E-15));
#2848 = VECTOR('',#2849,1.);
#2849 = DIRECTION('',(0.,0.,1.));
#2850 = PLANE('',#2851);
#2851 = AXIS2_PLACEMENT_3D('',#2852,#2853,#2854);
#2852 = CARTESIAN_POINT('',(-0.95,-4.13,-1.973976537784E-15));
#2853 = DIRECTION('',(-1.,0.,0.));
#2854 = DIRECTION('',(0.,1.,0.));
#2855 = ADVANCED_FACE('',(#2856),#2881,.F.);
#2856 = FACE_BOUND('',#2857,.T.);
#2857 = EDGE_LOOP('',(#2858,#2866,#2867,#2875));
#2858 = ORIENTED_EDGE('',*,*,#2859,.F.);
#2859 = EDGE_CURVE('',#2713,#2860,#2862,.T.);
#2860 = VERTEX_POINT('',#2861);
#2861 = CARTESIAN_POINT('',(-1.39,-3.93,8.38));
#2862 = LINE('',#2863,#2864);
#2863 = CARTESIAN_POINT('',(-1.416666666667,-3.956666666667,
    8.353333333333));
#2864 = VECTOR('',#2865,1.);
#2865 = DIRECTION('',(0.57735026919,0.57735026919,0.57735026919));
#2866 = ORIENTED_EDGE('',*,*,#2720,.T.);
#2867 = ORIENTED_EDGE('',*,*,#2868,.T.);
#2868 = EDGE_CURVE('',#2721,#2869,#2871,.T.);
#2869 = VERTEX_POINT('',#2870);
#2870 = CARTESIAN_POINT('',(-1.15,-3.93,8.38));
#2871 = LINE('',#2872,#2873);
#2872 = CARTESIAN_POINT('',(-1.123333333333,-3.956666666667,
    8.353333333333));
#2873 = VECTOR('',#2874,1.);
#2874 = DIRECTION('',(-0.57735026919,0.57735026919,0.57735026919));
#2875 = ORIENTED_EDGE('',*,*,#2876,.F.);
#2876 = EDGE_CURVE('',#2860,#2869,#2877,.T.);
#2877 = LINE('',#2878,#2879);
#2878 = CARTESIAN_POINT('',(-1.59,-3.93,8.38));
#2879 = VECTOR('',#2880,1.);
#2880 = DIRECTION('',(1.,0.,0.));
#2881 = PLANE('',#2882);
#2882 = AXIS2_PLACEMENT_3D('',#2883,#2884,#2885);
#2883 = CARTESIAN_POINT('',(-1.59,-4.03,8.28));
#2884 = DIRECTION('',(0.,0.707106781187,-0.707106781187));
#2885 = DIRECTION('',(-1.,-0.,-0.));
#2886 = ADVANCED_FACE('',(#2887),#2905,.F.);
#2887 = FACE_BOUND('',#2888,.F.);
#2888 = EDGE_LOOP('',(#2889,#2890,#2898,#2904));
#2889 = ORIENTED_EDGE('',*,*,#2804,.F.);
#2890 = ORIENTED_EDGE('',*,*,#2891,.T.);
#2891 = EDGE_CURVE('',#2805,#2892,#2894,.T.);
#2892 = VERTEX_POINT('',#2893);
#2893 = CARTESIAN_POINT('',(-1.59,-3.49,8.18));
#2894 = LINE('',#2895,#2896);
#2895 = CARTESIAN_POINT('',(-1.59,-3.49,-1.973976537784E-15));
#2896 = VECTOR('',#2897,1.);
#2897 = DIRECTION('',(0.,0.,1.));
#2898 = ORIENTED_EDGE('',*,*,#2899,.T.);
#2899 = EDGE_CURVE('',#2892,#2713,#2900,.T.);
#2900 = LINE('',#2901,#2902);
#2901 = CARTESIAN_POINT('',(-1.59,-3.49,8.18));
#2902 = VECTOR('',#2903,1.);
#2903 = DIRECTION('',(0.,-1.,0.));
#2904 = ORIENTED_EDGE('',*,*,#2712,.F.);
#2905 = PLANE('',#2906);
#2906 = AXIS2_PLACEMENT_3D('',#2907,#2908,#2909);
#2907 = CARTESIAN_POINT('',(-1.59,-3.49,-1.973976537784E-15));
#2908 = DIRECTION('',(1.,0.,0.));
#2909 = DIRECTION('',(0.,-1.,0.));
#2910 = ADVANCED_FACE('',(#2911),#2927,.T.);
#2911 = FACE_BOUND('',#2912,.T.);
#2912 = EDGE_LOOP('',(#2913,#2919,#2920,#2926));
#2913 = ORIENTED_EDGE('',*,*,#2914,.F.);
#2914 = EDGE_CURVE('',#2743,#2805,#2915,.T.);
#2915 = LINE('',#2916,#2917);
#2916 = CARTESIAN_POINT('',(-0.95,-3.49,-1.973976537784E-15));
#2917 = VECTOR('',#2918,1.);
#2918 = DIRECTION('',(-1.,0.,0.));
#2919 = ORIENTED_EDGE('',*,*,#2759,.T.);
#2920 = ORIENTED_EDGE('',*,*,#2921,.T.);
#2921 = EDGE_CURVE('',#2752,#2813,#2922,.T.);
#2922 = LINE('',#2923,#2924);
#2923 = CARTESIAN_POINT('',(-0.95,-3.49,-2.34));
#2924 = VECTOR('',#2925,1.);
#2925 = DIRECTION('',(-1.,0.,0.));
#2926 = ORIENTED_EDGE('',*,*,#2812,.F.);
#2927 = PLANE('',#2928);
#2928 = AXIS2_PLACEMENT_3D('',#2929,#2930,#2931);
#2929 = CARTESIAN_POINT('',(-0.95,-3.49,-1.973976537784E-15));
#2930 = DIRECTION('',(0.,1.,0.));
#2931 = DIRECTION('',(-1.,0.,0.));
#2932 = ADVANCED_FACE('',(#2933),#2951,.F.);
#2933 = FACE_BOUND('',#2934,.F.);
#2934 = EDGE_LOOP('',(#2935,#2936,#2937,#2945));
#2935 = ORIENTED_EDGE('',*,*,#2782,.F.);
#2936 = ORIENTED_EDGE('',*,*,#2751,.T.);
#2937 = ORIENTED_EDGE('',*,*,#2938,.F.);
#2938 = EDGE_CURVE('',#2939,#2752,#2941,.T.);
#2939 = VERTEX_POINT('',#2940);
#2940 = CARTESIAN_POINT('',(-1.15,-3.69,-2.54));
#2941 = LINE('',#2942,#2943);
#2942 = CARTESIAN_POINT('',(-1.123333333333,-3.663333333333,
    -2.513333333333));
#2943 = VECTOR('',#2944,1.);
#2944 = DIRECTION('',(0.57735026919,0.57735026919,0.57735026919));
#2945 = ORIENTED_EDGE('',*,*,#2946,.F.);
#2946 = EDGE_CURVE('',#2783,#2939,#2947,.T.);
#2947 = LINE('',#2948,#2949);
#2948 = CARTESIAN_POINT('',(-1.15,-4.13,-2.54));
#2949 = VECTOR('',#2950,1.);
#2950 = DIRECTION('',(0.,1.,0.));
#2951 = PLANE('',#2952);
#2952 = AXIS2_PLACEMENT_3D('',#2953,#2954,#2955);
#2953 = CARTESIAN_POINT('',(-1.05,-4.13,-2.44));
#2954 = DIRECTION('',(-0.707106781187,0.,0.707106781187));
#2955 = DIRECTION('',(0.,1.,0.));
#2956 = ADVANCED_FACE('',(#2957),#2975,.F.);
#2957 = FACE_BOUND('',#2958,.F.);
#2958 = EDGE_LOOP('',(#2959,#2967,#2968,#2969));
#2959 = ORIENTED_EDGE('',*,*,#2960,.F.);
#2960 = EDGE_CURVE('',#2813,#2961,#2963,.T.);
#2961 = VERTEX_POINT('',#2962);
#2962 = CARTESIAN_POINT('',(-1.39,-3.69,-2.54));
#2963 = LINE('',#2964,#2965);
#2964 = CARTESIAN_POINT('',(-1.416666666667,-3.663333333333,
    -2.513333333333));
#2965 = VECTOR('',#2966,1.);
#2966 = DIRECTION('',(0.57735026919,-0.57735026919,-0.57735026919));
#2967 = ORIENTED_EDGE('',*,*,#2820,.T.);
#2968 = ORIENTED_EDGE('',*,*,#2773,.T.);
#2969 = ORIENTED_EDGE('',*,*,#2970,.F.);
#2970 = EDGE_CURVE('',#2961,#2774,#2971,.T.);
#2971 = LINE('',#2972,#2973);
#2972 = CARTESIAN_POINT('',(-1.39,-3.49,-2.54));
#2973 = VECTOR('',#2974,1.);
#2974 = DIRECTION('',(0.,-1.,0.));
#2975 = PLANE('',#2976);
#2976 = AXIS2_PLACEMENT_3D('',#2977,#2978,#2979);
#2977 = CARTESIAN_POINT('',(-1.49,-3.49,-2.44));
#2978 = DIRECTION('',(0.707106781187,0.,0.707106781187));
#2979 = DIRECTION('',(0.,-1.,0.));
#2980 = ADVANCED_FACE('',(#2981),#2992,.F.);
#2981 = FACE_BOUND('',#2982,.F.);
#2982 = EDGE_LOOP('',(#2983,#2984,#2985,#2986));
#2983 = ORIENTED_EDGE('',*,*,#2970,.T.);
#2984 = ORIENTED_EDGE('',*,*,#2790,.T.);
#2985 = ORIENTED_EDGE('',*,*,#2946,.T.);
#2986 = ORIENTED_EDGE('',*,*,#2987,.T.);
#2987 = EDGE_CURVE('',#2939,#2961,#2988,.T.);
#2988 = LINE('',#2989,#2990);
#2989 = CARTESIAN_POINT('',(-0.95,-3.69,-2.54));
#2990 = VECTOR('',#2991,1.);
#2991 = DIRECTION('',(-1.,0.,0.));
#2992 = PLANE('',#2993);
#2993 = AXIS2_PLACEMENT_3D('',#2994,#2995,#2996);
#2994 = CARTESIAN_POINT('',(-1.27,-3.81,-2.54));
#2995 = DIRECTION('',(0.,0.,1.));
#2996 = DIRECTION('',(1.,0.,0.));
#2997 = ADVANCED_FACE('',(#2998),#3009,.F.);
#2998 = FACE_BOUND('',#2999,.F.);
#2999 = EDGE_LOOP('',(#3000,#3001,#3002,#3008));
#3000 = ORIENTED_EDGE('',*,*,#2914,.F.);
#3001 = ORIENTED_EDGE('',*,*,#2845,.T.);
#3002 = ORIENTED_EDGE('',*,*,#3003,.T.);
#3003 = EDGE_CURVE('',#2838,#2892,#3004,.T.);
#3004 = LINE('',#3005,#3006);
#3005 = CARTESIAN_POINT('',(-0.95,-3.49,8.18));
#3006 = VECTOR('',#3007,1.);
#3007 = DIRECTION('',(-1.,0.,0.));
#3008 = ORIENTED_EDGE('',*,*,#2891,.F.);
#3009 = PLANE('',#3010);
#3010 = AXIS2_PLACEMENT_3D('',#3011,#3012,#3013);
#3011 = CARTESIAN_POINT('',(-0.95,-3.49,-1.973976537784E-15));
#3012 = DIRECTION('',(0.,-1.,0.));
#3013 = DIRECTION('',(-1.,0.,0.));
#3014 = ADVANCED_FACE('',(#3015),#3033,.F.);
#3015 = FACE_BOUND('',#3016,.T.);
#3016 = EDGE_LOOP('',(#3017,#3018,#3019,#3027));
#3017 = ORIENTED_EDGE('',*,*,#2868,.F.);
#3018 = ORIENTED_EDGE('',*,*,#2837,.T.);
#3019 = ORIENTED_EDGE('',*,*,#3020,.F.);
#3020 = EDGE_CURVE('',#3021,#2838,#3023,.T.);
#3021 = VERTEX_POINT('',#3022);
#3022 = CARTESIAN_POINT('',(-1.15,-3.69,8.38));
#3023 = LINE('',#3024,#3025);
#3024 = CARTESIAN_POINT('',(-1.123333333333,-3.663333333333,
    8.353333333333));
#3025 = VECTOR('',#3026,1.);
#3026 = DIRECTION('',(0.57735026919,0.57735026919,-0.57735026919));
#3027 = ORIENTED_EDGE('',*,*,#3028,.F.);
#3028 = EDGE_CURVE('',#2869,#3021,#3029,.T.);
#3029 = LINE('',#3030,#3031);
#3030 = CARTESIAN_POINT('',(-1.15,-4.13,8.38));
#3031 = VECTOR('',#3032,1.);
#3032 = DIRECTION('',(0.,1.,0.));
#3033 = PLANE('',#3034);
#3034 = AXIS2_PLACEMENT_3D('',#3035,#3036,#3037);
#3035 = CARTESIAN_POINT('',(-1.05,-4.13,8.28));
#3036 = DIRECTION('',(-0.707106781187,0.,-0.707106781187));
#3037 = DIRECTION('',(-0.,-1.,-0.));
#3038 = ADVANCED_FACE('',(#3039),#3057,.F.);
#3039 = FACE_BOUND('',#3040,.T.);
#3040 = EDGE_LOOP('',(#3041,#3049,#3050,#3051));
#3041 = ORIENTED_EDGE('',*,*,#3042,.T.);
#3042 = EDGE_CURVE('',#3043,#2892,#3045,.T.);
#3043 = VERTEX_POINT('',#3044);
#3044 = CARTESIAN_POINT('',(-1.39,-3.69,8.38));
#3045 = LINE('',#3046,#3047);
#3046 = CARTESIAN_POINT('',(-1.416666666667,-3.663333333333,
    8.353333333333));
#3047 = VECTOR('',#3048,1.);
#3048 = DIRECTION('',(-0.57735026919,0.57735026919,-0.57735026919));
#3049 = ORIENTED_EDGE('',*,*,#2899,.T.);
#3050 = ORIENTED_EDGE('',*,*,#2859,.T.);
#3051 = ORIENTED_EDGE('',*,*,#3052,.F.);
#3052 = EDGE_CURVE('',#3043,#2860,#3053,.T.);
#3053 = LINE('',#3054,#3055);
#3054 = CARTESIAN_POINT('',(-1.39,-3.49,8.38));
#3055 = VECTOR('',#3056,1.);
#3056 = DIRECTION('',(0.,-1.,0.));
#3057 = PLANE('',#3058);
#3058 = AXIS2_PLACEMENT_3D('',#3059,#3060,#3061);
#3059 = CARTESIAN_POINT('',(-1.49,-3.49,8.28));
#3060 = DIRECTION('',(0.707106781187,0.,-0.707106781187));
#3061 = DIRECTION('',(0.,1.,0.));
#3062 = ADVANCED_FACE('',(#3063),#3074,.T.);
#3063 = FACE_BOUND('',#3064,.T.);
#3064 = EDGE_LOOP('',(#3065,#3066,#3067,#3068));
#3065 = ORIENTED_EDGE('',*,*,#3052,.T.);
#3066 = ORIENTED_EDGE('',*,*,#2876,.T.);
#3067 = ORIENTED_EDGE('',*,*,#3028,.T.);
#3068 = ORIENTED_EDGE('',*,*,#3069,.T.);
#3069 = EDGE_CURVE('',#3021,#3043,#3070,.T.);
#3070 = LINE('',#3071,#3072);
#3071 = CARTESIAN_POINT('',(-0.95,-3.69,8.38));
#3072 = VECTOR('',#3073,1.);
#3073 = DIRECTION('',(-1.,0.,0.));
#3074 = PLANE('',#3075);
#3075 = AXIS2_PLACEMENT_3D('',#3076,#3077,#3078);
#3076 = CARTESIAN_POINT('',(-1.27,-3.81,8.38));
#3077 = DIRECTION('',(0.,0.,1.));
#3078 = DIRECTION('',(1.,0.,0.));
#3079 = ADVANCED_FACE('',(#3080),#3086,.F.);
#3080 = FACE_BOUND('',#3081,.T.);
#3081 = EDGE_LOOP('',(#3082,#3083,#3084,#3085));
#3082 = ORIENTED_EDGE('',*,*,#2938,.F.);
#3083 = ORIENTED_EDGE('',*,*,#2987,.T.);
#3084 = ORIENTED_EDGE('',*,*,#2960,.F.);
#3085 = ORIENTED_EDGE('',*,*,#2921,.F.);
#3086 = PLANE('',#3087);
#3087 = AXIS2_PLACEMENT_3D('',#3088,#3089,#3090);
#3088 = CARTESIAN_POINT('',(-0.95,-3.59,-2.44));
#3089 = DIRECTION('',(0.,-0.707106781187,0.707106781187));
#3090 = DIRECTION('',(1.,0.,0.));
#3091 = ADVANCED_FACE('',(#3092),#3098,.F.);
#3092 = FACE_BOUND('',#3093,.F.);
#3093 = EDGE_LOOP('',(#3094,#3095,#3096,#3097));
#3094 = ORIENTED_EDGE('',*,*,#3020,.F.);
#3095 = ORIENTED_EDGE('',*,*,#3069,.T.);
#3096 = ORIENTED_EDGE('',*,*,#3042,.T.);
#3097 = ORIENTED_EDGE('',*,*,#3003,.F.);
#3098 = PLANE('',#3099);
#3099 = AXIS2_PLACEMENT_3D('',#3100,#3101,#3102);
#3100 = CARTESIAN_POINT('',(-0.95,-3.59,8.28));
#3101 = DIRECTION('',(0.,-0.707106781187,-0.707106781187));
#3102 = DIRECTION('',(-1.,0.,0.));
#3103 = MANIFOLD_SOLID_BREP('',#3104);
#3104 = CLOSED_SHELL('',(#3105,#3145,#3176,#3207,#3238,#3269,#3293,#3324
    ,#3348,#3370,#3394,#3418,#3435,#3452,#3476,#3500,#3517,#3529));
#3105 = ADVANCED_FACE('',(#3106),#3140,.T.);
#3106 = FACE_BOUND('',#3107,.T.);
#3107 = EDGE_LOOP('',(#3108,#3118,#3126,#3134));
#3108 = ORIENTED_EDGE('',*,*,#3109,.F.);
#3109 = EDGE_CURVE('',#3110,#3112,#3114,.T.);
#3110 = VERTEX_POINT('',#3111);
#3111 = CARTESIAN_POINT('',(-1.59,-1.59,-2.255973186038E-15));
#3112 = VERTEX_POINT('',#3113);
#3113 = CARTESIAN_POINT('',(-0.95,-1.59,-2.255973186038E-15));
#3114 = LINE('',#3115,#3116);
#3115 = CARTESIAN_POINT('',(-1.59,-1.59,-2.255973186038E-15));
#3116 = VECTOR('',#3117,1.);
#3117 = DIRECTION('',(1.,0.,0.));
#3118 = ORIENTED_EDGE('',*,*,#3119,.T.);
#3119 = EDGE_CURVE('',#3110,#3120,#3122,.T.);
#3120 = VERTEX_POINT('',#3121);
#3121 = CARTESIAN_POINT('',(-1.59,-1.59,-2.34));
#3122 = LINE('',#3123,#3124);
#3123 = CARTESIAN_POINT('',(-1.59,-1.59,-2.255973186038E-15));
#3124 = VECTOR('',#3125,1.);
#3125 = DIRECTION('',(-0.,-0.,-1.));
#3126 = ORIENTED_EDGE('',*,*,#3127,.T.);
#3127 = EDGE_CURVE('',#3120,#3128,#3130,.T.);
#3128 = VERTEX_POINT('',#3129);
#3129 = CARTESIAN_POINT('',(-0.95,-1.59,-2.34));
#3130 = LINE('',#3131,#3132);
#3131 = CARTESIAN_POINT('',(-1.59,-1.59,-2.34));
#3132 = VECTOR('',#3133,1.);
#3133 = DIRECTION('',(1.,0.,0.));
#3134 = ORIENTED_EDGE('',*,*,#3135,.F.);
#3135 = EDGE_CURVE('',#3112,#3128,#3136,.T.);
#3136 = LINE('',#3137,#3138);
#3137 = CARTESIAN_POINT('',(-0.95,-1.59,-2.255973186038E-15));
#3138 = VECTOR('',#3139,1.);
#3139 = DIRECTION('',(-0.,-0.,-1.));
#3140 = PLANE('',#3141);
#3141 = AXIS2_PLACEMENT_3D('',#3142,#3143,#3144);
#3142 = CARTESIAN_POINT('',(-1.59,-1.59,-2.255973186038E-15));
#3143 = DIRECTION('',(0.,-1.,0.));
#3144 = DIRECTION('',(1.,0.,0.));
#3145 = ADVANCED_FACE('',(#3146),#3171,.F.);
#3146 = FACE_BOUND('',#3147,.F.);
#3147 = EDGE_LOOP('',(#3148,#3149,#3157,#3165));
#3148 = ORIENTED_EDGE('',*,*,#3109,.F.);
#3149 = ORIENTED_EDGE('',*,*,#3150,.T.);
#3150 = EDGE_CURVE('',#3110,#3151,#3153,.T.);
#3151 = VERTEX_POINT('',#3152);
#3152 = CARTESIAN_POINT('',(-1.59,-1.59,8.18));
#3153 = LINE('',#3154,#3155);
#3154 = CARTESIAN_POINT('',(-1.59,-1.59,-2.255973186038E-15));
#3155 = VECTOR('',#3156,1.);
#3156 = DIRECTION('',(0.,0.,1.));
#3157 = ORIENTED_EDGE('',*,*,#3158,.T.);
#3158 = EDGE_CURVE('',#3151,#3159,#3161,.T.);
#3159 = VERTEX_POINT('',#3160);
#3160 = CARTESIAN_POINT('',(-0.95,-1.59,8.18));
#3161 = LINE('',#3162,#3163);
#3162 = CARTESIAN_POINT('',(-1.59,-1.59,8.18));
#3163 = VECTOR('',#3164,1.);
#3164 = DIRECTION('',(1.,0.,0.));
#3165 = ORIENTED_EDGE('',*,*,#3166,.F.);
#3166 = EDGE_CURVE('',#3112,#3159,#3167,.T.);
#3167 = LINE('',#3168,#3169);
#3168 = CARTESIAN_POINT('',(-0.95,-1.59,-2.255973186038E-15));
#3169 = VECTOR('',#3170,1.);
#3170 = DIRECTION('',(0.,0.,1.));
#3171 = PLANE('',#3172);
#3172 = AXIS2_PLACEMENT_3D('',#3173,#3174,#3175);
#3173 = CARTESIAN_POINT('',(-1.59,-1.59,-2.255973186038E-15));
#3174 = DIRECTION('',(0.,1.,0.));
#3175 = DIRECTION('',(1.,0.,0.));
#3176 = ADVANCED_FACE('',(#3177),#3202,.T.);
#3177 = FACE_BOUND('',#3178,.T.);
#3178 = EDGE_LOOP('',(#3179,#3187,#3188,#3196));
#3179 = ORIENTED_EDGE('',*,*,#3180,.F.);
#3180 = EDGE_CURVE('',#3112,#3181,#3183,.T.);
#3181 = VERTEX_POINT('',#3182);
#3182 = CARTESIAN_POINT('',(-0.95,-0.95,-2.255973186038E-15));
#3183 = LINE('',#3184,#3185);
#3184 = CARTESIAN_POINT('',(-0.95,-1.59,-2.255973186038E-15));
#3185 = VECTOR('',#3186,1.);
#3186 = DIRECTION('',(0.,1.,0.));
#3187 = ORIENTED_EDGE('',*,*,#3135,.T.);
#3188 = ORIENTED_EDGE('',*,*,#3189,.T.);
#3189 = EDGE_CURVE('',#3128,#3190,#3192,.T.);
#3190 = VERTEX_POINT('',#3191);
#3191 = CARTESIAN_POINT('',(-0.95,-0.95,-2.34));
#3192 = LINE('',#3193,#3194);
#3193 = CARTESIAN_POINT('',(-0.95,-1.59,-2.34));
#3194 = VECTOR('',#3195,1.);
#3195 = DIRECTION('',(0.,1.,0.));
#3196 = ORIENTED_EDGE('',*,*,#3197,.F.);
#3197 = EDGE_CURVE('',#3181,#3190,#3198,.T.);
#3198 = LINE('',#3199,#3200);
#3199 = CARTESIAN_POINT('',(-0.95,-0.95,-2.255973186038E-15));
#3200 = VECTOR('',#3201,1.);
#3201 = DIRECTION('',(-0.,-0.,-1.));
#3202 = PLANE('',#3203);
#3203 = AXIS2_PLACEMENT_3D('',#3204,#3205,#3206);
#3204 = CARTESIAN_POINT('',(-0.95,-1.59,-2.255973186038E-15));
#3205 = DIRECTION('',(1.,0.,0.));
#3206 = DIRECTION('',(0.,1.,0.));
#3207 = ADVANCED_FACE('',(#3208),#3233,.F.);
#3208 = FACE_BOUND('',#3209,.F.);
#3209 = EDGE_LOOP('',(#3210,#3218,#3219,#3227));
#3210 = ORIENTED_EDGE('',*,*,#3211,.F.);
#3211 = EDGE_CURVE('',#3120,#3212,#3214,.T.);
#3212 = VERTEX_POINT('',#3213);
#3213 = CARTESIAN_POINT('',(-1.39,-1.39,-2.54));
#3214 = LINE('',#3215,#3216);
#3215 = CARTESIAN_POINT('',(-1.416666666667,-1.416666666667,
    -2.513333333333));
#3216 = VECTOR('',#3217,1.);
#3217 = DIRECTION('',(0.57735026919,0.57735026919,-0.57735026919));
#3218 = ORIENTED_EDGE('',*,*,#3127,.T.);
#3219 = ORIENTED_EDGE('',*,*,#3220,.T.);
#3220 = EDGE_CURVE('',#3128,#3221,#3223,.T.);
#3221 = VERTEX_POINT('',#3222);
#3222 = CARTESIAN_POINT('',(-1.15,-1.39,-2.54));
#3223 = LINE('',#3224,#3225);
#3224 = CARTESIAN_POINT('',(-1.123333333333,-1.416666666667,
    -2.513333333333));
#3225 = VECTOR('',#3226,1.);
#3226 = DIRECTION('',(-0.57735026919,0.57735026919,-0.57735026919));
#3227 = ORIENTED_EDGE('',*,*,#3228,.F.);
#3228 = EDGE_CURVE('',#3212,#3221,#3229,.T.);
#3229 = LINE('',#3230,#3231);
#3230 = CARTESIAN_POINT('',(-1.59,-1.39,-2.54));
#3231 = VECTOR('',#3232,1.);
#3232 = DIRECTION('',(1.,0.,0.));
#3233 = PLANE('',#3234);
#3234 = AXIS2_PLACEMENT_3D('',#3235,#3236,#3237);
#3235 = CARTESIAN_POINT('',(-1.59,-1.49,-2.44));
#3236 = DIRECTION('',(0.,0.707106781187,0.707106781187));
#3237 = DIRECTION('',(1.,0.,0.));
#3238 = ADVANCED_FACE('',(#3239),#3264,.T.);
#3239 = FACE_BOUND('',#3240,.T.);
#3240 = EDGE_LOOP('',(#3241,#3249,#3257,#3263));
#3241 = ORIENTED_EDGE('',*,*,#3242,.F.);
#3242 = EDGE_CURVE('',#3243,#3110,#3245,.T.);
#3243 = VERTEX_POINT('',#3244);
#3244 = CARTESIAN_POINT('',(-1.59,-0.95,-2.255973186038E-15));
#3245 = LINE('',#3246,#3247);
#3246 = CARTESIAN_POINT('',(-1.59,-0.95,-2.255973186038E-15));
#3247 = VECTOR('',#3248,1.);
#3248 = DIRECTION('',(0.,-1.,0.));
#3249 = ORIENTED_EDGE('',*,*,#3250,.T.);
#3250 = EDGE_CURVE('',#3243,#3251,#3253,.T.);
#3251 = VERTEX_POINT('',#3252);
#3252 = CARTESIAN_POINT('',(-1.59,-0.95,-2.34));
#3253 = LINE('',#3254,#3255);
#3254 = CARTESIAN_POINT('',(-1.59,-0.95,-2.255973186038E-15));
#3255 = VECTOR('',#3256,1.);
#3256 = DIRECTION('',(-0.,-0.,-1.));
#3257 = ORIENTED_EDGE('',*,*,#3258,.T.);
#3258 = EDGE_CURVE('',#3251,#3120,#3259,.T.);
#3259 = LINE('',#3260,#3261);
#3260 = CARTESIAN_POINT('',(-1.59,-0.95,-2.34));
#3261 = VECTOR('',#3262,1.);
#3262 = DIRECTION('',(0.,-1.,0.));
#3263 = ORIENTED_EDGE('',*,*,#3119,.F.);
#3264 = PLANE('',#3265);
#3265 = AXIS2_PLACEMENT_3D('',#3266,#3267,#3268);
#3266 = CARTESIAN_POINT('',(-1.59,-0.95,-2.255973186038E-15));
#3267 = DIRECTION('',(-1.,0.,0.));
#3268 = DIRECTION('',(0.,-1.,0.));
#3269 = ADVANCED_FACE('',(#3270),#3288,.F.);
#3270 = FACE_BOUND('',#3271,.F.);
#3271 = EDGE_LOOP('',(#3272,#3273,#3274,#3282));
#3272 = ORIENTED_EDGE('',*,*,#3180,.F.);
#3273 = ORIENTED_EDGE('',*,*,#3166,.T.);
#3274 = ORIENTED_EDGE('',*,*,#3275,.T.);
#3275 = EDGE_CURVE('',#3159,#3276,#3278,.T.);
#3276 = VERTEX_POINT('',#3277);
#3277 = CARTESIAN_POINT('',(-0.95,-0.95,8.18));
#3278 = LINE('',#3279,#3280);
#3279 = CARTESIAN_POINT('',(-0.95,-1.59,8.18));
#3280 = VECTOR('',#3281,1.);
#3281 = DIRECTION('',(0.,1.,0.));
#3282 = ORIENTED_EDGE('',*,*,#3283,.F.);
#3283 = EDGE_CURVE('',#3181,#3276,#3284,.T.);
#3284 = LINE('',#3285,#3286);
#3285 = CARTESIAN_POINT('',(-0.95,-0.95,-2.255973186038E-15));
#3286 = VECTOR('',#3287,1.);
#3287 = DIRECTION('',(0.,0.,1.));
#3288 = PLANE('',#3289);
#3289 = AXIS2_PLACEMENT_3D('',#3290,#3291,#3292);
#3290 = CARTESIAN_POINT('',(-0.95,-1.59,-2.255973186038E-15));
#3291 = DIRECTION('',(-1.,0.,0.));
#3292 = DIRECTION('',(0.,1.,0.));
#3293 = ADVANCED_FACE('',(#3294),#3319,.F.);
#3294 = FACE_BOUND('',#3295,.T.);
#3295 = EDGE_LOOP('',(#3296,#3304,#3305,#3313));
#3296 = ORIENTED_EDGE('',*,*,#3297,.F.);
#3297 = EDGE_CURVE('',#3151,#3298,#3300,.T.);
#3298 = VERTEX_POINT('',#3299);
#3299 = CARTESIAN_POINT('',(-1.39,-1.39,8.38));
#3300 = LINE('',#3301,#3302);
#3301 = CARTESIAN_POINT('',(-1.416666666667,-1.416666666667,
    8.353333333333));
#3302 = VECTOR('',#3303,1.);
#3303 = DIRECTION('',(0.57735026919,0.57735026919,0.57735026919));
#3304 = ORIENTED_EDGE('',*,*,#3158,.T.);
#3305 = ORIENTED_EDGE('',*,*,#3306,.T.);
#3306 = EDGE_CURVE('',#3159,#3307,#3309,.T.);
#3307 = VERTEX_POINT('',#3308);
#3308 = CARTESIAN_POINT('',(-1.15,-1.39,8.38));
#3309 = LINE('',#3310,#3311);
#3310 = CARTESIAN_POINT('',(-1.123333333333,-1.416666666667,
    8.353333333333));
#3311 = VECTOR('',#3312,1.);
#3312 = DIRECTION('',(-0.57735026919,0.57735026919,0.57735026919));
#3313 = ORIENTED_EDGE('',*,*,#3314,.F.);
#3314 = EDGE_CURVE('',#3298,#3307,#3315,.T.);
#3315 = LINE('',#3316,#3317);
#3316 = CARTESIAN_POINT('',(-1.59,-1.39,8.38));
#3317 = VECTOR('',#3318,1.);
#3318 = DIRECTION('',(1.,0.,0.));
#3319 = PLANE('',#3320);
#3320 = AXIS2_PLACEMENT_3D('',#3321,#3322,#3323);
#3321 = CARTESIAN_POINT('',(-1.59,-1.49,8.28));
#3322 = DIRECTION('',(0.,0.707106781187,-0.707106781187));
#3323 = DIRECTION('',(-1.,-0.,-0.));
#3324 = ADVANCED_FACE('',(#3325),#3343,.F.);
#3325 = FACE_BOUND('',#3326,.F.);
#3326 = EDGE_LOOP('',(#3327,#3328,#3336,#3342));
#3327 = ORIENTED_EDGE('',*,*,#3242,.F.);
#3328 = ORIENTED_EDGE('',*,*,#3329,.T.);
#3329 = EDGE_CURVE('',#3243,#3330,#3332,.T.);
#3330 = VERTEX_POINT('',#3331);
#3331 = CARTESIAN_POINT('',(-1.59,-0.95,8.18));
#3332 = LINE('',#3333,#3334);
#3333 = CARTESIAN_POINT('',(-1.59,-0.95,-2.255973186038E-15));
#3334 = VECTOR('',#3335,1.);
#3335 = DIRECTION('',(0.,0.,1.));
#3336 = ORIENTED_EDGE('',*,*,#3337,.T.);
#3337 = EDGE_CURVE('',#3330,#3151,#3338,.T.);
#3338 = LINE('',#3339,#3340);
#3339 = CARTESIAN_POINT('',(-1.59,-0.95,8.18));
#3340 = VECTOR('',#3341,1.);
#3341 = DIRECTION('',(0.,-1.,0.));
#3342 = ORIENTED_EDGE('',*,*,#3150,.F.);
#3343 = PLANE('',#3344);
#3344 = AXIS2_PLACEMENT_3D('',#3345,#3346,#3347);
#3345 = CARTESIAN_POINT('',(-1.59,-0.95,-2.255973186038E-15));
#3346 = DIRECTION('',(1.,0.,0.));
#3347 = DIRECTION('',(0.,-1.,0.));
#3348 = ADVANCED_FACE('',(#3349),#3365,.T.);
#3349 = FACE_BOUND('',#3350,.T.);
#3350 = EDGE_LOOP('',(#3351,#3357,#3358,#3364));
#3351 = ORIENTED_EDGE('',*,*,#3352,.F.);
#3352 = EDGE_CURVE('',#3181,#3243,#3353,.T.);
#3353 = LINE('',#3354,#3355);
#3354 = CARTESIAN_POINT('',(-0.95,-0.95,-2.255973186038E-15));
#3355 = VECTOR('',#3356,1.);
#3356 = DIRECTION('',(-1.,0.,0.));
#3357 = ORIENTED_EDGE('',*,*,#3197,.T.);
#3358 = ORIENTED_EDGE('',*,*,#3359,.T.);
#3359 = EDGE_CURVE('',#3190,#3251,#3360,.T.);
#3360 = LINE('',#3361,#3362);
#3361 = CARTESIAN_POINT('',(-0.95,-0.95,-2.34));
#3362 = VECTOR('',#3363,1.);
#3363 = DIRECTION('',(-1.,0.,0.));
#3364 = ORIENTED_EDGE('',*,*,#3250,.F.);
#3365 = PLANE('',#3366);
#3366 = AXIS2_PLACEMENT_3D('',#3367,#3368,#3369);
#3367 = CARTESIAN_POINT('',(-0.95,-0.95,-2.255973186038E-15));
#3368 = DIRECTION('',(0.,1.,0.));
#3369 = DIRECTION('',(-1.,0.,0.));
#3370 = ADVANCED_FACE('',(#3371),#3389,.F.);
#3371 = FACE_BOUND('',#3372,.F.);
#3372 = EDGE_LOOP('',(#3373,#3374,#3375,#3383));
#3373 = ORIENTED_EDGE('',*,*,#3220,.F.);
#3374 = ORIENTED_EDGE('',*,*,#3189,.T.);
#3375 = ORIENTED_EDGE('',*,*,#3376,.F.);
#3376 = EDGE_CURVE('',#3377,#3190,#3379,.T.);
#3377 = VERTEX_POINT('',#3378);
#3378 = CARTESIAN_POINT('',(-1.15,-1.15,-2.54));
#3379 = LINE('',#3380,#3381);
#3380 = CARTESIAN_POINT('',(-1.123333333333,-1.123333333333,
    -2.513333333333));
#3381 = VECTOR('',#3382,1.);
#3382 = DIRECTION('',(0.57735026919,0.57735026919,0.57735026919));
#3383 = ORIENTED_EDGE('',*,*,#3384,.F.);
#3384 = EDGE_CURVE('',#3221,#3377,#3385,.T.);
#3385 = LINE('',#3386,#3387);
#3386 = CARTESIAN_POINT('',(-1.15,-1.59,-2.54));
#3387 = VECTOR('',#3388,1.);
#3388 = DIRECTION('',(0.,1.,0.));
#3389 = PLANE('',#3390);
#3390 = AXIS2_PLACEMENT_3D('',#3391,#3392,#3393);
#3391 = CARTESIAN_POINT('',(-1.05,-1.59,-2.44));
#3392 = DIRECTION('',(-0.707106781187,0.,0.707106781187));
#3393 = DIRECTION('',(0.,1.,0.));
#3394 = ADVANCED_FACE('',(#3395),#3413,.F.);
#3395 = FACE_BOUND('',#3396,.F.);
#3396 = EDGE_LOOP('',(#3397,#3405,#3406,#3407));
#3397 = ORIENTED_EDGE('',*,*,#3398,.F.);
#3398 = EDGE_CURVE('',#3251,#3399,#3401,.T.);
#3399 = VERTEX_POINT('',#3400);
#3400 = CARTESIAN_POINT('',(-1.39,-1.15,-2.54));
#3401 = LINE('',#3402,#3403);
#3402 = CARTESIAN_POINT('',(-1.416666666667,-1.123333333333,
    -2.513333333333));
#3403 = VECTOR('',#3404,1.);
#3404 = DIRECTION('',(0.57735026919,-0.57735026919,-0.57735026919));
#3405 = ORIENTED_EDGE('',*,*,#3258,.T.);
#3406 = ORIENTED_EDGE('',*,*,#3211,.T.);
#3407 = ORIENTED_EDGE('',*,*,#3408,.F.);
#3408 = EDGE_CURVE('',#3399,#3212,#3409,.T.);
#3409 = LINE('',#3410,#3411);
#3410 = CARTESIAN_POINT('',(-1.39,-0.95,-2.54));
#3411 = VECTOR('',#3412,1.);
#3412 = DIRECTION('',(0.,-1.,0.));
#3413 = PLANE('',#3414);
#3414 = AXIS2_PLACEMENT_3D('',#3415,#3416,#3417);
#3415 = CARTESIAN_POINT('',(-1.49,-0.95,-2.44));
#3416 = DIRECTION('',(0.707106781187,0.,0.707106781187));
#3417 = DIRECTION('',(0.,-1.,0.));
#3418 = ADVANCED_FACE('',(#3419),#3430,.F.);
#3419 = FACE_BOUND('',#3420,.F.);
#3420 = EDGE_LOOP('',(#3421,#3422,#3423,#3424));
#3421 = ORIENTED_EDGE('',*,*,#3408,.T.);
#3422 = ORIENTED_EDGE('',*,*,#3228,.T.);
#3423 = ORIENTED_EDGE('',*,*,#3384,.T.);
#3424 = ORIENTED_EDGE('',*,*,#3425,.T.);
#3425 = EDGE_CURVE('',#3377,#3399,#3426,.T.);
#3426 = LINE('',#3427,#3428);
#3427 = CARTESIAN_POINT('',(-0.95,-1.15,-2.54));
#3428 = VECTOR('',#3429,1.);
#3429 = DIRECTION('',(-1.,0.,0.));
#3430 = PLANE('',#3431);
#3431 = AXIS2_PLACEMENT_3D('',#3432,#3433,#3434);
#3432 = CARTESIAN_POINT('',(-1.27,-1.27,-2.54));
#3433 = DIRECTION('',(0.,0.,1.));
#3434 = DIRECTION('',(1.,0.,0.));
#3435 = ADVANCED_FACE('',(#3436),#3447,.F.);
#3436 = FACE_BOUND('',#3437,.F.);
#3437 = EDGE_LOOP('',(#3438,#3439,#3440,#3446));
#3438 = ORIENTED_EDGE('',*,*,#3352,.F.);
#3439 = ORIENTED_EDGE('',*,*,#3283,.T.);
#3440 = ORIENTED_EDGE('',*,*,#3441,.T.);
#3441 = EDGE_CURVE('',#3276,#3330,#3442,.T.);
#3442 = LINE('',#3443,#3444);
#3443 = CARTESIAN_POINT('',(-0.95,-0.95,8.18));
#3444 = VECTOR('',#3445,1.);
#3445 = DIRECTION('',(-1.,0.,0.));
#3446 = ORIENTED_EDGE('',*,*,#3329,.F.);
#3447 = PLANE('',#3448);
#3448 = AXIS2_PLACEMENT_3D('',#3449,#3450,#3451);
#3449 = CARTESIAN_POINT('',(-0.95,-0.95,-2.255973186038E-15));
#3450 = DIRECTION('',(0.,-1.,0.));
#3451 = DIRECTION('',(-1.,0.,0.));
#3452 = ADVANCED_FACE('',(#3453),#3471,.F.);
#3453 = FACE_BOUND('',#3454,.T.);
#3454 = EDGE_LOOP('',(#3455,#3456,#3457,#3465));
#3455 = ORIENTED_EDGE('',*,*,#3306,.F.);
#3456 = ORIENTED_EDGE('',*,*,#3275,.T.);
#3457 = ORIENTED_EDGE('',*,*,#3458,.F.);
#3458 = EDGE_CURVE('',#3459,#3276,#3461,.T.);
#3459 = VERTEX_POINT('',#3460);
#3460 = CARTESIAN_POINT('',(-1.15,-1.15,8.38));
#3461 = LINE('',#3462,#3463);
#3462 = CARTESIAN_POINT('',(-1.123333333333,-1.123333333333,
    8.353333333333));
#3463 = VECTOR('',#3464,1.);
#3464 = DIRECTION('',(0.57735026919,0.57735026919,-0.57735026919));
#3465 = ORIENTED_EDGE('',*,*,#3466,.F.);
#3466 = EDGE_CURVE('',#3307,#3459,#3467,.T.);
#3467 = LINE('',#3468,#3469);
#3468 = CARTESIAN_POINT('',(-1.15,-1.59,8.38));
#3469 = VECTOR('',#3470,1.);
#3470 = DIRECTION('',(0.,1.,0.));
#3471 = PLANE('',#3472);
#3472 = AXIS2_PLACEMENT_3D('',#3473,#3474,#3475);
#3473 = CARTESIAN_POINT('',(-1.05,-1.59,8.28));
#3474 = DIRECTION('',(-0.707106781187,0.,-0.707106781187));
#3475 = DIRECTION('',(-0.,-1.,-0.));
#3476 = ADVANCED_FACE('',(#3477),#3495,.F.);
#3477 = FACE_BOUND('',#3478,.T.);
#3478 = EDGE_LOOP('',(#3479,#3487,#3488,#3489));
#3479 = ORIENTED_EDGE('',*,*,#3480,.T.);
#3480 = EDGE_CURVE('',#3481,#3330,#3483,.T.);
#3481 = VERTEX_POINT('',#3482);
#3482 = CARTESIAN_POINT('',(-1.39,-1.15,8.38));
#3483 = LINE('',#3484,#3485);
#3484 = CARTESIAN_POINT('',(-1.416666666667,-1.123333333333,
    8.353333333333));
#3485 = VECTOR('',#3486,1.);
#3486 = DIRECTION('',(-0.57735026919,0.57735026919,-0.57735026919));
#3487 = ORIENTED_EDGE('',*,*,#3337,.T.);
#3488 = ORIENTED_EDGE('',*,*,#3297,.T.);
#3489 = ORIENTED_EDGE('',*,*,#3490,.F.);
#3490 = EDGE_CURVE('',#3481,#3298,#3491,.T.);
#3491 = LINE('',#3492,#3493);
#3492 = CARTESIAN_POINT('',(-1.39,-0.95,8.38));
#3493 = VECTOR('',#3494,1.);
#3494 = DIRECTION('',(0.,-1.,0.));
#3495 = PLANE('',#3496);
#3496 = AXIS2_PLACEMENT_3D('',#3497,#3498,#3499);
#3497 = CARTESIAN_POINT('',(-1.49,-0.95,8.28));
#3498 = DIRECTION('',(0.707106781187,0.,-0.707106781187));
#3499 = DIRECTION('',(0.,1.,0.));
#3500 = ADVANCED_FACE('',(#3501),#3512,.T.);
#3501 = FACE_BOUND('',#3502,.T.);
#3502 = EDGE_LOOP('',(#3503,#3504,#3505,#3506));
#3503 = ORIENTED_EDGE('',*,*,#3490,.T.);
#3504 = ORIENTED_EDGE('',*,*,#3314,.T.);
#3505 = ORIENTED_EDGE('',*,*,#3466,.T.);
#3506 = ORIENTED_EDGE('',*,*,#3507,.T.);
#3507 = EDGE_CURVE('',#3459,#3481,#3508,.T.);
#3508 = LINE('',#3509,#3510);
#3509 = CARTESIAN_POINT('',(-0.95,-1.15,8.38));
#3510 = VECTOR('',#3511,1.);
#3511 = DIRECTION('',(-1.,0.,0.));
#3512 = PLANE('',#3513);
#3513 = AXIS2_PLACEMENT_3D('',#3514,#3515,#3516);
#3514 = CARTESIAN_POINT('',(-1.27,-1.27,8.38));
#3515 = DIRECTION('',(0.,0.,1.));
#3516 = DIRECTION('',(1.,0.,0.));
#3517 = ADVANCED_FACE('',(#3518),#3524,.F.);
#3518 = FACE_BOUND('',#3519,.T.);
#3519 = EDGE_LOOP('',(#3520,#3521,#3522,#3523));
#3520 = ORIENTED_EDGE('',*,*,#3376,.F.);
#3521 = ORIENTED_EDGE('',*,*,#3425,.T.);
#3522 = ORIENTED_EDGE('',*,*,#3398,.F.);
#3523 = ORIENTED_EDGE('',*,*,#3359,.F.);
#3524 = PLANE('',#3525);
#3525 = AXIS2_PLACEMENT_3D('',#3526,#3527,#3528);
#3526 = CARTESIAN_POINT('',(-0.95,-1.05,-2.44));
#3527 = DIRECTION('',(0.,-0.707106781187,0.707106781187));
#3528 = DIRECTION('',(1.,0.,0.));
#3529 = ADVANCED_FACE('',(#3530),#3536,.F.);
#3530 = FACE_BOUND('',#3531,.F.);
#3531 = EDGE_LOOP('',(#3532,#3533,#3534,#3535));
#3532 = ORIENTED_EDGE('',*,*,#3458,.F.);
#3533 = ORIENTED_EDGE('',*,*,#3507,.T.);
#3534 = ORIENTED_EDGE('',*,*,#3480,.T.);
#3535 = ORIENTED_EDGE('',*,*,#3441,.F.);
#3536 = PLANE('',#3537);
#3537 = AXIS2_PLACEMENT_3D('',#3538,#3539,#3540);
#3538 = CARTESIAN_POINT('',(-0.95,-1.05,8.28));
#3539 = DIRECTION('',(0.,-0.707106781187,-0.707106781187));
#3540 = DIRECTION('',(-1.,0.,0.));
#3541 = MANIFOLD_SOLID_BREP('',#3542);
#3542 = CLOSED_SHELL('',(#3543,#3583,#3614,#3645,#3676,#3707,#3731,#3762
    ,#3786,#3808,#3832,#3856,#3873,#3890,#3914,#3938,#3955,#3967));
#3543 = ADVANCED_FACE('',(#3544),#3578,.T.);
#3544 = FACE_BOUND('',#3545,.T.);
#3545 = EDGE_LOOP('',(#3546,#3556,#3564,#3572));
#3546 = ORIENTED_EDGE('',*,*,#3547,.F.);
#3547 = EDGE_CURVE('',#3548,#3550,#3552,.T.);
#3548 = VERTEX_POINT('',#3549);
#3549 = CARTESIAN_POINT('',(-1.59,0.95,-2.537969834293E-15));
#3550 = VERTEX_POINT('',#3551);
#3551 = CARTESIAN_POINT('',(-0.95,0.95,-2.537969834293E-15));
#3552 = LINE('',#3553,#3554);
#3553 = CARTESIAN_POINT('',(-1.59,0.95,-2.537969834293E-15));
#3554 = VECTOR('',#3555,1.);
#3555 = DIRECTION('',(1.,0.,0.));
#3556 = ORIENTED_EDGE('',*,*,#3557,.T.);
#3557 = EDGE_CURVE('',#3548,#3558,#3560,.T.);
#3558 = VERTEX_POINT('',#3559);
#3559 = CARTESIAN_POINT('',(-1.59,0.95,-2.34));
#3560 = LINE('',#3561,#3562);
#3561 = CARTESIAN_POINT('',(-1.59,0.95,-2.537969834293E-15));
#3562 = VECTOR('',#3563,1.);
#3563 = DIRECTION('',(-0.,-0.,-1.));
#3564 = ORIENTED_EDGE('',*,*,#3565,.T.);
#3565 = EDGE_CURVE('',#3558,#3566,#3568,.T.);
#3566 = VERTEX_POINT('',#3567);
#3567 = CARTESIAN_POINT('',(-0.95,0.95,-2.34));
#3568 = LINE('',#3569,#3570);
#3569 = CARTESIAN_POINT('',(-1.59,0.95,-2.34));
#3570 = VECTOR('',#3571,1.);
#3571 = DIRECTION('',(1.,0.,0.));
#3572 = ORIENTED_EDGE('',*,*,#3573,.F.);
#3573 = EDGE_CURVE('',#3550,#3566,#3574,.T.);
#3574 = LINE('',#3575,#3576);
#3575 = CARTESIAN_POINT('',(-0.95,0.95,-2.537969834293E-15));
#3576 = VECTOR('',#3577,1.);
#3577 = DIRECTION('',(-0.,-0.,-1.));
#3578 = PLANE('',#3579);
#3579 = AXIS2_PLACEMENT_3D('',#3580,#3581,#3582);
#3580 = CARTESIAN_POINT('',(-1.59,0.95,-2.537969834293E-15));
#3581 = DIRECTION('',(0.,-1.,0.));
#3582 = DIRECTION('',(1.,0.,0.));
#3583 = ADVANCED_FACE('',(#3584),#3609,.F.);
#3584 = FACE_BOUND('',#3585,.F.);
#3585 = EDGE_LOOP('',(#3586,#3587,#3595,#3603));
#3586 = ORIENTED_EDGE('',*,*,#3547,.F.);
#3587 = ORIENTED_EDGE('',*,*,#3588,.T.);
#3588 = EDGE_CURVE('',#3548,#3589,#3591,.T.);
#3589 = VERTEX_POINT('',#3590);
#3590 = CARTESIAN_POINT('',(-1.59,0.95,8.18));
#3591 = LINE('',#3592,#3593);
#3592 = CARTESIAN_POINT('',(-1.59,0.95,-2.537969834293E-15));
#3593 = VECTOR('',#3594,1.);
#3594 = DIRECTION('',(0.,0.,1.));
#3595 = ORIENTED_EDGE('',*,*,#3596,.T.);
#3596 = EDGE_CURVE('',#3589,#3597,#3599,.T.);
#3597 = VERTEX_POINT('',#3598);
#3598 = CARTESIAN_POINT('',(-0.95,0.95,8.18));
#3599 = LINE('',#3600,#3601);
#3600 = CARTESIAN_POINT('',(-1.59,0.95,8.18));
#3601 = VECTOR('',#3602,1.);
#3602 = DIRECTION('',(1.,0.,0.));
#3603 = ORIENTED_EDGE('',*,*,#3604,.F.);
#3604 = EDGE_CURVE('',#3550,#3597,#3605,.T.);
#3605 = LINE('',#3606,#3607);
#3606 = CARTESIAN_POINT('',(-0.95,0.95,-2.537969834293E-15));
#3607 = VECTOR('',#3608,1.);
#3608 = DIRECTION('',(0.,0.,1.));
#3609 = PLANE('',#3610);
#3610 = AXIS2_PLACEMENT_3D('',#3611,#3612,#3613);
#3611 = CARTESIAN_POINT('',(-1.59,0.95,-2.537969834293E-15));
#3612 = DIRECTION('',(0.,1.,0.));
#3613 = DIRECTION('',(1.,0.,0.));
#3614 = ADVANCED_FACE('',(#3615),#3640,.T.);
#3615 = FACE_BOUND('',#3616,.T.);
#3616 = EDGE_LOOP('',(#3617,#3625,#3626,#3634));
#3617 = ORIENTED_EDGE('',*,*,#3618,.F.);
#3618 = EDGE_CURVE('',#3550,#3619,#3621,.T.);
#3619 = VERTEX_POINT('',#3620);
#3620 = CARTESIAN_POINT('',(-0.95,1.59,-2.537969834293E-15));
#3621 = LINE('',#3622,#3623);
#3622 = CARTESIAN_POINT('',(-0.95,0.95,-2.537969834293E-15));
#3623 = VECTOR('',#3624,1.);
#3624 = DIRECTION('',(0.,1.,0.));
#3625 = ORIENTED_EDGE('',*,*,#3573,.T.);
#3626 = ORIENTED_EDGE('',*,*,#3627,.T.);
#3627 = EDGE_CURVE('',#3566,#3628,#3630,.T.);
#3628 = VERTEX_POINT('',#3629);
#3629 = CARTESIAN_POINT('',(-0.95,1.59,-2.34));
#3630 = LINE('',#3631,#3632);
#3631 = CARTESIAN_POINT('',(-0.95,0.95,-2.34));
#3632 = VECTOR('',#3633,1.);
#3633 = DIRECTION('',(0.,1.,0.));
#3634 = ORIENTED_EDGE('',*,*,#3635,.F.);
#3635 = EDGE_CURVE('',#3619,#3628,#3636,.T.);
#3636 = LINE('',#3637,#3638);
#3637 = CARTESIAN_POINT('',(-0.95,1.59,-2.537969834293E-15));
#3638 = VECTOR('',#3639,1.);
#3639 = DIRECTION('',(-0.,-0.,-1.));
#3640 = PLANE('',#3641);
#3641 = AXIS2_PLACEMENT_3D('',#3642,#3643,#3644);
#3642 = CARTESIAN_POINT('',(-0.95,0.95,-2.537969834293E-15));
#3643 = DIRECTION('',(1.,0.,0.));
#3644 = DIRECTION('',(0.,1.,0.));
#3645 = ADVANCED_FACE('',(#3646),#3671,.F.);
#3646 = FACE_BOUND('',#3647,.F.);
#3647 = EDGE_LOOP('',(#3648,#3656,#3657,#3665));
#3648 = ORIENTED_EDGE('',*,*,#3649,.F.);
#3649 = EDGE_CURVE('',#3558,#3650,#3652,.T.);
#3650 = VERTEX_POINT('',#3651);
#3651 = CARTESIAN_POINT('',(-1.39,1.15,-2.54));
#3652 = LINE('',#3653,#3654);
#3653 = CARTESIAN_POINT('',(-1.416666666667,1.123333333333,
    -2.513333333333));
#3654 = VECTOR('',#3655,1.);
#3655 = DIRECTION('',(0.57735026919,0.57735026919,-0.57735026919));
#3656 = ORIENTED_EDGE('',*,*,#3565,.T.);
#3657 = ORIENTED_EDGE('',*,*,#3658,.T.);
#3658 = EDGE_CURVE('',#3566,#3659,#3661,.T.);
#3659 = VERTEX_POINT('',#3660);
#3660 = CARTESIAN_POINT('',(-1.15,1.15,-2.54));
#3661 = LINE('',#3662,#3663);
#3662 = CARTESIAN_POINT('',(-1.123333333333,1.123333333333,
    -2.513333333333));
#3663 = VECTOR('',#3664,1.);
#3664 = DIRECTION('',(-0.57735026919,0.57735026919,-0.57735026919));
#3665 = ORIENTED_EDGE('',*,*,#3666,.F.);
#3666 = EDGE_CURVE('',#3650,#3659,#3667,.T.);
#3667 = LINE('',#3668,#3669);
#3668 = CARTESIAN_POINT('',(-1.59,1.15,-2.54));
#3669 = VECTOR('',#3670,1.);
#3670 = DIRECTION('',(1.,0.,0.));
#3671 = PLANE('',#3672);
#3672 = AXIS2_PLACEMENT_3D('',#3673,#3674,#3675);
#3673 = CARTESIAN_POINT('',(-1.59,1.05,-2.44));
#3674 = DIRECTION('',(0.,0.707106781187,0.707106781187));
#3675 = DIRECTION('',(1.,0.,0.));
#3676 = ADVANCED_FACE('',(#3677),#3702,.T.);
#3677 = FACE_BOUND('',#3678,.T.);
#3678 = EDGE_LOOP('',(#3679,#3687,#3695,#3701));
#3679 = ORIENTED_EDGE('',*,*,#3680,.F.);
#3680 = EDGE_CURVE('',#3681,#3548,#3683,.T.);
#3681 = VERTEX_POINT('',#3682);
#3682 = CARTESIAN_POINT('',(-1.59,1.59,-2.537969834293E-15));
#3683 = LINE('',#3684,#3685);
#3684 = CARTESIAN_POINT('',(-1.59,1.59,-2.537969834293E-15));
#3685 = VECTOR('',#3686,1.);
#3686 = DIRECTION('',(0.,-1.,0.));
#3687 = ORIENTED_EDGE('',*,*,#3688,.T.);
#3688 = EDGE_CURVE('',#3681,#3689,#3691,.T.);
#3689 = VERTEX_POINT('',#3690);
#3690 = CARTESIAN_POINT('',(-1.59,1.59,-2.34));
#3691 = LINE('',#3692,#3693);
#3692 = CARTESIAN_POINT('',(-1.59,1.59,-2.537969834293E-15));
#3693 = VECTOR('',#3694,1.);
#3694 = DIRECTION('',(-0.,-0.,-1.));
#3695 = ORIENTED_EDGE('',*,*,#3696,.T.);
#3696 = EDGE_CURVE('',#3689,#3558,#3697,.T.);
#3697 = LINE('',#3698,#3699);
#3698 = CARTESIAN_POINT('',(-1.59,1.59,-2.34));
#3699 = VECTOR('',#3700,1.);
#3700 = DIRECTION('',(0.,-1.,0.));
#3701 = ORIENTED_EDGE('',*,*,#3557,.F.);
#3702 = PLANE('',#3703);
#3703 = AXIS2_PLACEMENT_3D('',#3704,#3705,#3706);
#3704 = CARTESIAN_POINT('',(-1.59,1.59,-2.537969834293E-15));
#3705 = DIRECTION('',(-1.,0.,0.));
#3706 = DIRECTION('',(0.,-1.,0.));
#3707 = ADVANCED_FACE('',(#3708),#3726,.F.);
#3708 = FACE_BOUND('',#3709,.F.);
#3709 = EDGE_LOOP('',(#3710,#3711,#3712,#3720));
#3710 = ORIENTED_EDGE('',*,*,#3618,.F.);
#3711 = ORIENTED_EDGE('',*,*,#3604,.T.);
#3712 = ORIENTED_EDGE('',*,*,#3713,.T.);
#3713 = EDGE_CURVE('',#3597,#3714,#3716,.T.);
#3714 = VERTEX_POINT('',#3715);
#3715 = CARTESIAN_POINT('',(-0.95,1.59,8.18));
#3716 = LINE('',#3717,#3718);
#3717 = CARTESIAN_POINT('',(-0.95,0.95,8.18));
#3718 = VECTOR('',#3719,1.);
#3719 = DIRECTION('',(0.,1.,0.));
#3720 = ORIENTED_EDGE('',*,*,#3721,.F.);
#3721 = EDGE_CURVE('',#3619,#3714,#3722,.T.);
#3722 = LINE('',#3723,#3724);
#3723 = CARTESIAN_POINT('',(-0.95,1.59,-2.537969834293E-15));
#3724 = VECTOR('',#3725,1.);
#3725 = DIRECTION('',(0.,0.,1.));
#3726 = PLANE('',#3727);
#3727 = AXIS2_PLACEMENT_3D('',#3728,#3729,#3730);
#3728 = CARTESIAN_POINT('',(-0.95,0.95,-2.537969834293E-15));
#3729 = DIRECTION('',(-1.,0.,0.));
#3730 = DIRECTION('',(0.,1.,0.));
#3731 = ADVANCED_FACE('',(#3732),#3757,.F.);
#3732 = FACE_BOUND('',#3733,.T.);
#3733 = EDGE_LOOP('',(#3734,#3742,#3743,#3751));
#3734 = ORIENTED_EDGE('',*,*,#3735,.F.);
#3735 = EDGE_CURVE('',#3589,#3736,#3738,.T.);
#3736 = VERTEX_POINT('',#3737);
#3737 = CARTESIAN_POINT('',(-1.39,1.15,8.38));
#3738 = LINE('',#3739,#3740);
#3739 = CARTESIAN_POINT('',(-1.416666666667,1.123333333333,
    8.353333333333));
#3740 = VECTOR('',#3741,1.);
#3741 = DIRECTION('',(0.57735026919,0.57735026919,0.57735026919));
#3742 = ORIENTED_EDGE('',*,*,#3596,.T.);
#3743 = ORIENTED_EDGE('',*,*,#3744,.T.);
#3744 = EDGE_CURVE('',#3597,#3745,#3747,.T.);
#3745 = VERTEX_POINT('',#3746);
#3746 = CARTESIAN_POINT('',(-1.15,1.15,8.38));
#3747 = LINE('',#3748,#3749);
#3748 = CARTESIAN_POINT('',(-1.123333333333,1.123333333333,
    8.353333333333));
#3749 = VECTOR('',#3750,1.);
#3750 = DIRECTION('',(-0.57735026919,0.57735026919,0.57735026919));
#3751 = ORIENTED_EDGE('',*,*,#3752,.F.);
#3752 = EDGE_CURVE('',#3736,#3745,#3753,.T.);
#3753 = LINE('',#3754,#3755);
#3754 = CARTESIAN_POINT('',(-1.59,1.15,8.38));
#3755 = VECTOR('',#3756,1.);
#3756 = DIRECTION('',(1.,0.,0.));
#3757 = PLANE('',#3758);
#3758 = AXIS2_PLACEMENT_3D('',#3759,#3760,#3761);
#3759 = CARTESIAN_POINT('',(-1.59,1.05,8.28));
#3760 = DIRECTION('',(0.,0.707106781187,-0.707106781187));
#3761 = DIRECTION('',(-1.,-0.,-0.));
#3762 = ADVANCED_FACE('',(#3763),#3781,.F.);
#3763 = FACE_BOUND('',#3764,.F.);
#3764 = EDGE_LOOP('',(#3765,#3766,#3774,#3780));
#3765 = ORIENTED_EDGE('',*,*,#3680,.F.);
#3766 = ORIENTED_EDGE('',*,*,#3767,.T.);
#3767 = EDGE_CURVE('',#3681,#3768,#3770,.T.);
#3768 = VERTEX_POINT('',#3769);
#3769 = CARTESIAN_POINT('',(-1.59,1.59,8.18));
#3770 = LINE('',#3771,#3772);
#3771 = CARTESIAN_POINT('',(-1.59,1.59,-2.537969834293E-15));
#3772 = VECTOR('',#3773,1.);
#3773 = DIRECTION('',(0.,0.,1.));
#3774 = ORIENTED_EDGE('',*,*,#3775,.T.);
#3775 = EDGE_CURVE('',#3768,#3589,#3776,.T.);
#3776 = LINE('',#3777,#3778);
#3777 = CARTESIAN_POINT('',(-1.59,1.59,8.18));
#3778 = VECTOR('',#3779,1.);
#3779 = DIRECTION('',(0.,-1.,0.));
#3780 = ORIENTED_EDGE('',*,*,#3588,.F.);
#3781 = PLANE('',#3782);
#3782 = AXIS2_PLACEMENT_3D('',#3783,#3784,#3785);
#3783 = CARTESIAN_POINT('',(-1.59,1.59,-2.537969834293E-15));
#3784 = DIRECTION('',(1.,0.,0.));
#3785 = DIRECTION('',(0.,-1.,0.));
#3786 = ADVANCED_FACE('',(#3787),#3803,.T.);
#3787 = FACE_BOUND('',#3788,.T.);
#3788 = EDGE_LOOP('',(#3789,#3795,#3796,#3802));
#3789 = ORIENTED_EDGE('',*,*,#3790,.F.);
#3790 = EDGE_CURVE('',#3619,#3681,#3791,.T.);
#3791 = LINE('',#3792,#3793);
#3792 = CARTESIAN_POINT('',(-0.95,1.59,-2.537969834293E-15));
#3793 = VECTOR('',#3794,1.);
#3794 = DIRECTION('',(-1.,0.,0.));
#3795 = ORIENTED_EDGE('',*,*,#3635,.T.);
#3796 = ORIENTED_EDGE('',*,*,#3797,.T.);
#3797 = EDGE_CURVE('',#3628,#3689,#3798,.T.);
#3798 = LINE('',#3799,#3800);
#3799 = CARTESIAN_POINT('',(-0.95,1.59,-2.34));
#3800 = VECTOR('',#3801,1.);
#3801 = DIRECTION('',(-1.,0.,0.));
#3802 = ORIENTED_EDGE('',*,*,#3688,.F.);
#3803 = PLANE('',#3804);
#3804 = AXIS2_PLACEMENT_3D('',#3805,#3806,#3807);
#3805 = CARTESIAN_POINT('',(-0.95,1.59,-2.537969834293E-15));
#3806 = DIRECTION('',(0.,1.,0.));
#3807 = DIRECTION('',(-1.,0.,0.));
#3808 = ADVANCED_FACE('',(#3809),#3827,.F.);
#3809 = FACE_BOUND('',#3810,.F.);
#3810 = EDGE_LOOP('',(#3811,#3812,#3813,#3821));
#3811 = ORIENTED_EDGE('',*,*,#3658,.F.);
#3812 = ORIENTED_EDGE('',*,*,#3627,.T.);
#3813 = ORIENTED_EDGE('',*,*,#3814,.F.);
#3814 = EDGE_CURVE('',#3815,#3628,#3817,.T.);
#3815 = VERTEX_POINT('',#3816);
#3816 = CARTESIAN_POINT('',(-1.15,1.39,-2.54));
#3817 = LINE('',#3818,#3819);
#3818 = CARTESIAN_POINT('',(-1.123333333333,1.416666666667,
    -2.513333333333));
#3819 = VECTOR('',#3820,1.);
#3820 = DIRECTION('',(0.57735026919,0.57735026919,0.57735026919));
#3821 = ORIENTED_EDGE('',*,*,#3822,.F.);
#3822 = EDGE_CURVE('',#3659,#3815,#3823,.T.);
#3823 = LINE('',#3824,#3825);
#3824 = CARTESIAN_POINT('',(-1.15,0.95,-2.54));
#3825 = VECTOR('',#3826,1.);
#3826 = DIRECTION('',(0.,1.,0.));
#3827 = PLANE('',#3828);
#3828 = AXIS2_PLACEMENT_3D('',#3829,#3830,#3831);
#3829 = CARTESIAN_POINT('',(-1.05,0.95,-2.44));
#3830 = DIRECTION('',(-0.707106781187,0.,0.707106781187));
#3831 = DIRECTION('',(0.,1.,0.));
#3832 = ADVANCED_FACE('',(#3833),#3851,.F.);
#3833 = FACE_BOUND('',#3834,.F.);
#3834 = EDGE_LOOP('',(#3835,#3843,#3844,#3845));
#3835 = ORIENTED_EDGE('',*,*,#3836,.F.);
#3836 = EDGE_CURVE('',#3689,#3837,#3839,.T.);
#3837 = VERTEX_POINT('',#3838);
#3838 = CARTESIAN_POINT('',(-1.39,1.39,-2.54));
#3839 = LINE('',#3840,#3841);
#3840 = CARTESIAN_POINT('',(-1.416666666667,1.416666666667,
    -2.513333333333));
#3841 = VECTOR('',#3842,1.);
#3842 = DIRECTION('',(0.57735026919,-0.57735026919,-0.57735026919));
#3843 = ORIENTED_EDGE('',*,*,#3696,.T.);
#3844 = ORIENTED_EDGE('',*,*,#3649,.T.);
#3845 = ORIENTED_EDGE('',*,*,#3846,.F.);
#3846 = EDGE_CURVE('',#3837,#3650,#3847,.T.);
#3847 = LINE('',#3848,#3849);
#3848 = CARTESIAN_POINT('',(-1.39,1.59,-2.54));
#3849 = VECTOR('',#3850,1.);
#3850 = DIRECTION('',(0.,-1.,0.));
#3851 = PLANE('',#3852);
#3852 = AXIS2_PLACEMENT_3D('',#3853,#3854,#3855);
#3853 = CARTESIAN_POINT('',(-1.49,1.59,-2.44));
#3854 = DIRECTION('',(0.707106781187,0.,0.707106781187));
#3855 = DIRECTION('',(0.,-1.,0.));
#3856 = ADVANCED_FACE('',(#3857),#3868,.F.);
#3857 = FACE_BOUND('',#3858,.F.);
#3858 = EDGE_LOOP('',(#3859,#3860,#3861,#3862));
#3859 = ORIENTED_EDGE('',*,*,#3846,.T.);
#3860 = ORIENTED_EDGE('',*,*,#3666,.T.);
#3861 = ORIENTED_EDGE('',*,*,#3822,.T.);
#3862 = ORIENTED_EDGE('',*,*,#3863,.T.);
#3863 = EDGE_CURVE('',#3815,#3837,#3864,.T.);
#3864 = LINE('',#3865,#3866);
#3865 = CARTESIAN_POINT('',(-0.95,1.39,-2.54));
#3866 = VECTOR('',#3867,1.);
#3867 = DIRECTION('',(-1.,0.,0.));
#3868 = PLANE('',#3869);
#3869 = AXIS2_PLACEMENT_3D('',#3870,#3871,#3872);
#3870 = CARTESIAN_POINT('',(-1.27,1.27,-2.54));
#3871 = DIRECTION('',(0.,0.,1.));
#3872 = DIRECTION('',(1.,0.,0.));
#3873 = ADVANCED_FACE('',(#3874),#3885,.F.);
#3874 = FACE_BOUND('',#3875,.F.);
#3875 = EDGE_LOOP('',(#3876,#3877,#3878,#3884));
#3876 = ORIENTED_EDGE('',*,*,#3790,.F.);
#3877 = ORIENTED_EDGE('',*,*,#3721,.T.);
#3878 = ORIENTED_EDGE('',*,*,#3879,.T.);
#3879 = EDGE_CURVE('',#3714,#3768,#3880,.T.);
#3880 = LINE('',#3881,#3882);
#3881 = CARTESIAN_POINT('',(-0.95,1.59,8.18));
#3882 = VECTOR('',#3883,1.);
#3883 = DIRECTION('',(-1.,0.,0.));
#3884 = ORIENTED_EDGE('',*,*,#3767,.F.);
#3885 = PLANE('',#3886);
#3886 = AXIS2_PLACEMENT_3D('',#3887,#3888,#3889);
#3887 = CARTESIAN_POINT('',(-0.95,1.59,-2.537969834293E-15));
#3888 = DIRECTION('',(0.,-1.,0.));
#3889 = DIRECTION('',(-1.,0.,0.));
#3890 = ADVANCED_FACE('',(#3891),#3909,.F.);
#3891 = FACE_BOUND('',#3892,.T.);
#3892 = EDGE_LOOP('',(#3893,#3894,#3895,#3903));
#3893 = ORIENTED_EDGE('',*,*,#3744,.F.);
#3894 = ORIENTED_EDGE('',*,*,#3713,.T.);
#3895 = ORIENTED_EDGE('',*,*,#3896,.F.);
#3896 = EDGE_CURVE('',#3897,#3714,#3899,.T.);
#3897 = VERTEX_POINT('',#3898);
#3898 = CARTESIAN_POINT('',(-1.15,1.39,8.38));
#3899 = LINE('',#3900,#3901);
#3900 = CARTESIAN_POINT('',(-1.123333333333,1.416666666667,
    8.353333333333));
#3901 = VECTOR('',#3902,1.);
#3902 = DIRECTION('',(0.57735026919,0.57735026919,-0.57735026919));
#3903 = ORIENTED_EDGE('',*,*,#3904,.F.);
#3904 = EDGE_CURVE('',#3745,#3897,#3905,.T.);
#3905 = LINE('',#3906,#3907);
#3906 = CARTESIAN_POINT('',(-1.15,0.95,8.38));
#3907 = VECTOR('',#3908,1.);
#3908 = DIRECTION('',(0.,1.,0.));
#3909 = PLANE('',#3910);
#3910 = AXIS2_PLACEMENT_3D('',#3911,#3912,#3913);
#3911 = CARTESIAN_POINT('',(-1.05,0.95,8.28));
#3912 = DIRECTION('',(-0.707106781187,0.,-0.707106781187));
#3913 = DIRECTION('',(-0.,-1.,-0.));
#3914 = ADVANCED_FACE('',(#3915),#3933,.F.);
#3915 = FACE_BOUND('',#3916,.T.);
#3916 = EDGE_LOOP('',(#3917,#3925,#3926,#3927));
#3917 = ORIENTED_EDGE('',*,*,#3918,.T.);
#3918 = EDGE_CURVE('',#3919,#3768,#3921,.T.);
#3919 = VERTEX_POINT('',#3920);
#3920 = CARTESIAN_POINT('',(-1.39,1.39,8.38));
#3921 = LINE('',#3922,#3923);
#3922 = CARTESIAN_POINT('',(-1.416666666667,1.416666666667,
    8.353333333333));
#3923 = VECTOR('',#3924,1.);
#3924 = DIRECTION('',(-0.57735026919,0.57735026919,-0.57735026919));
#3925 = ORIENTED_EDGE('',*,*,#3775,.T.);
#3926 = ORIENTED_EDGE('',*,*,#3735,.T.);
#3927 = ORIENTED_EDGE('',*,*,#3928,.F.);
#3928 = EDGE_CURVE('',#3919,#3736,#3929,.T.);
#3929 = LINE('',#3930,#3931);
#3930 = CARTESIAN_POINT('',(-1.39,1.59,8.38));
#3931 = VECTOR('',#3932,1.);
#3932 = DIRECTION('',(0.,-1.,0.));
#3933 = PLANE('',#3934);
#3934 = AXIS2_PLACEMENT_3D('',#3935,#3936,#3937);
#3935 = CARTESIAN_POINT('',(-1.49,1.59,8.28));
#3936 = DIRECTION('',(0.707106781187,0.,-0.707106781187));
#3937 = DIRECTION('',(0.,1.,0.));
#3938 = ADVANCED_FACE('',(#3939),#3950,.T.);
#3939 = FACE_BOUND('',#3940,.T.);
#3940 = EDGE_LOOP('',(#3941,#3942,#3943,#3944));
#3941 = ORIENTED_EDGE('',*,*,#3928,.T.);
#3942 = ORIENTED_EDGE('',*,*,#3752,.T.);
#3943 = ORIENTED_EDGE('',*,*,#3904,.T.);
#3944 = ORIENTED_EDGE('',*,*,#3945,.T.);
#3945 = EDGE_CURVE('',#3897,#3919,#3946,.T.);
#3946 = LINE('',#3947,#3948);
#3947 = CARTESIAN_POINT('',(-0.95,1.39,8.38));
#3948 = VECTOR('',#3949,1.);
#3949 = DIRECTION('',(-1.,0.,0.));
#3950 = PLANE('',#3951);
#3951 = AXIS2_PLACEMENT_3D('',#3952,#3953,#3954);
#3952 = CARTESIAN_POINT('',(-1.27,1.27,8.38));
#3953 = DIRECTION('',(0.,0.,1.));
#3954 = DIRECTION('',(1.,0.,0.));
#3955 = ADVANCED_FACE('',(#3956),#3962,.F.);
#3956 = FACE_BOUND('',#3957,.T.);
#3957 = EDGE_LOOP('',(#3958,#3959,#3960,#3961));
#3958 = ORIENTED_EDGE('',*,*,#3814,.F.);
#3959 = ORIENTED_EDGE('',*,*,#3863,.T.);
#3960 = ORIENTED_EDGE('',*,*,#3836,.F.);
#3961 = ORIENTED_EDGE('',*,*,#3797,.F.);
#3962 = PLANE('',#3963);
#3963 = AXIS2_PLACEMENT_3D('',#3964,#3965,#3966);
#3964 = CARTESIAN_POINT('',(-0.95,1.49,-2.44));
#3965 = DIRECTION('',(0.,-0.707106781187,0.707106781187));
#3966 = DIRECTION('',(1.,0.,0.));
#3967 = ADVANCED_FACE('',(#3968),#3974,.F.);
#3968 = FACE_BOUND('',#3969,.F.);
#3969 = EDGE_LOOP('',(#3970,#3971,#3972,#3973));
#3970 = ORIENTED_EDGE('',*,*,#3896,.F.);
#3971 = ORIENTED_EDGE('',*,*,#3945,.T.);
#3972 = ORIENTED_EDGE('',*,*,#3918,.T.);
#3973 = ORIENTED_EDGE('',*,*,#3879,.F.);
#3974 = PLANE('',#3975);
#3975 = AXIS2_PLACEMENT_3D('',#3976,#3977,#3978);
#3976 = CARTESIAN_POINT('',(-0.95,1.49,8.28));
#3977 = DIRECTION('',(0.,-0.707106781187,-0.707106781187));
#3978 = DIRECTION('',(-1.,0.,0.));
#3979 = MANIFOLD_SOLID_BREP('',#3980);
#3980 = CLOSED_SHELL('',(#3981,#4021,#4052,#4083,#4114,#4145,#4169,#4200
    ,#4224,#4246,#4270,#4294,#4311,#4328,#4352,#4376,#4393,#4405));
#3981 = ADVANCED_FACE('',(#3982),#4016,.T.);
#3982 = FACE_BOUND('',#3983,.T.);
#3983 = EDGE_LOOP('',(#3984,#3994,#4002,#4010));
#3984 = ORIENTED_EDGE('',*,*,#3985,.F.);
#3985 = EDGE_CURVE('',#3986,#3988,#3990,.T.);
#3986 = VERTEX_POINT('',#3987);
#3987 = CARTESIAN_POINT('',(-1.59,3.49,-2.819966482548E-15));
#3988 = VERTEX_POINT('',#3989);
#3989 = CARTESIAN_POINT('',(-0.95,3.49,-2.819966482548E-15));
#3990 = LINE('',#3991,#3992);
#3991 = CARTESIAN_POINT('',(-1.59,3.49,-2.819966482548E-15));
#3992 = VECTOR('',#3993,1.);
#3993 = DIRECTION('',(1.,0.,0.));
#3994 = ORIENTED_EDGE('',*,*,#3995,.T.);
#3995 = EDGE_CURVE('',#3986,#3996,#3998,.T.);
#3996 = VERTEX_POINT('',#3997);
#3997 = CARTESIAN_POINT('',(-1.59,3.49,-2.34));
#3998 = LINE('',#3999,#4000);
#3999 = CARTESIAN_POINT('',(-1.59,3.49,-2.819966482548E-15));
#4000 = VECTOR('',#4001,1.);
#4001 = DIRECTION('',(-0.,-0.,-1.));
#4002 = ORIENTED_EDGE('',*,*,#4003,.T.);
#4003 = EDGE_CURVE('',#3996,#4004,#4006,.T.);
#4004 = VERTEX_POINT('',#4005);
#4005 = CARTESIAN_POINT('',(-0.95,3.49,-2.34));
#4006 = LINE('',#4007,#4008);
#4007 = CARTESIAN_POINT('',(-1.59,3.49,-2.34));
#4008 = VECTOR('',#4009,1.);
#4009 = DIRECTION('',(1.,0.,0.));
#4010 = ORIENTED_EDGE('',*,*,#4011,.F.);
#4011 = EDGE_CURVE('',#3988,#4004,#4012,.T.);
#4012 = LINE('',#4013,#4014);
#4013 = CARTESIAN_POINT('',(-0.95,3.49,-2.819966482548E-15));
#4014 = VECTOR('',#4015,1.);
#4015 = DIRECTION('',(-0.,-0.,-1.));
#4016 = PLANE('',#4017);
#4017 = AXIS2_PLACEMENT_3D('',#4018,#4019,#4020);
#4018 = CARTESIAN_POINT('',(-1.59,3.49,-2.819966482548E-15));
#4019 = DIRECTION('',(0.,-1.,0.));
#4020 = DIRECTION('',(1.,0.,0.));
#4021 = ADVANCED_FACE('',(#4022),#4047,.F.);
#4022 = FACE_BOUND('',#4023,.F.);
#4023 = EDGE_LOOP('',(#4024,#4025,#4033,#4041));
#4024 = ORIENTED_EDGE('',*,*,#3985,.F.);
#4025 = ORIENTED_EDGE('',*,*,#4026,.T.);
#4026 = EDGE_CURVE('',#3986,#4027,#4029,.T.);
#4027 = VERTEX_POINT('',#4028);
#4028 = CARTESIAN_POINT('',(-1.59,3.49,8.18));
#4029 = LINE('',#4030,#4031);
#4030 = CARTESIAN_POINT('',(-1.59,3.49,-2.819966482548E-15));
#4031 = VECTOR('',#4032,1.);
#4032 = DIRECTION('',(0.,0.,1.));
#4033 = ORIENTED_EDGE('',*,*,#4034,.T.);
#4034 = EDGE_CURVE('',#4027,#4035,#4037,.T.);
#4035 = VERTEX_POINT('',#4036);
#4036 = CARTESIAN_POINT('',(-0.95,3.49,8.18));
#4037 = LINE('',#4038,#4039);
#4038 = CARTESIAN_POINT('',(-1.59,3.49,8.18));
#4039 = VECTOR('',#4040,1.);
#4040 = DIRECTION('',(1.,0.,0.));
#4041 = ORIENTED_EDGE('',*,*,#4042,.F.);
#4042 = EDGE_CURVE('',#3988,#4035,#4043,.T.);
#4043 = LINE('',#4044,#4045);
#4044 = CARTESIAN_POINT('',(-0.95,3.49,-2.819966482548E-15));
#4045 = VECTOR('',#4046,1.);
#4046 = DIRECTION('',(0.,0.,1.));
#4047 = PLANE('',#4048);
#4048 = AXIS2_PLACEMENT_3D('',#4049,#4050,#4051);
#4049 = CARTESIAN_POINT('',(-1.59,3.49,-2.819966482548E-15));
#4050 = DIRECTION('',(0.,1.,0.));
#4051 = DIRECTION('',(1.,0.,0.));
#4052 = ADVANCED_FACE('',(#4053),#4078,.T.);
#4053 = FACE_BOUND('',#4054,.T.);
#4054 = EDGE_LOOP('',(#4055,#4063,#4064,#4072));
#4055 = ORIENTED_EDGE('',*,*,#4056,.F.);
#4056 = EDGE_CURVE('',#3988,#4057,#4059,.T.);
#4057 = VERTEX_POINT('',#4058);
#4058 = CARTESIAN_POINT('',(-0.95,4.13,-2.819966482548E-15));
#4059 = LINE('',#4060,#4061);
#4060 = CARTESIAN_POINT('',(-0.95,3.49,-2.819966482548E-15));
#4061 = VECTOR('',#4062,1.);
#4062 = DIRECTION('',(0.,1.,0.));
#4063 = ORIENTED_EDGE('',*,*,#4011,.T.);
#4064 = ORIENTED_EDGE('',*,*,#4065,.T.);
#4065 = EDGE_CURVE('',#4004,#4066,#4068,.T.);
#4066 = VERTEX_POINT('',#4067);
#4067 = CARTESIAN_POINT('',(-0.95,4.13,-2.34));
#4068 = LINE('',#4069,#4070);
#4069 = CARTESIAN_POINT('',(-0.95,3.49,-2.34));
#4070 = VECTOR('',#4071,1.);
#4071 = DIRECTION('',(0.,1.,0.));
#4072 = ORIENTED_EDGE('',*,*,#4073,.F.);
#4073 = EDGE_CURVE('',#4057,#4066,#4074,.T.);
#4074 = LINE('',#4075,#4076);
#4075 = CARTESIAN_POINT('',(-0.95,4.13,-2.819966482548E-15));
#4076 = VECTOR('',#4077,1.);
#4077 = DIRECTION('',(-0.,-0.,-1.));
#4078 = PLANE('',#4079);
#4079 = AXIS2_PLACEMENT_3D('',#4080,#4081,#4082);
#4080 = CARTESIAN_POINT('',(-0.95,3.49,-2.819966482548E-15));
#4081 = DIRECTION('',(1.,0.,0.));
#4082 = DIRECTION('',(0.,1.,0.));
#4083 = ADVANCED_FACE('',(#4084),#4109,.F.);
#4084 = FACE_BOUND('',#4085,.F.);
#4085 = EDGE_LOOP('',(#4086,#4094,#4095,#4103));
#4086 = ORIENTED_EDGE('',*,*,#4087,.F.);
#4087 = EDGE_CURVE('',#3996,#4088,#4090,.T.);
#4088 = VERTEX_POINT('',#4089);
#4089 = CARTESIAN_POINT('',(-1.39,3.69,-2.54));
#4090 = LINE('',#4091,#4092);
#4091 = CARTESIAN_POINT('',(-1.416666666667,3.663333333333,
    -2.513333333333));
#4092 = VECTOR('',#4093,1.);
#4093 = DIRECTION('',(0.57735026919,0.57735026919,-0.57735026919));
#4094 = ORIENTED_EDGE('',*,*,#4003,.T.);
#4095 = ORIENTED_EDGE('',*,*,#4096,.T.);
#4096 = EDGE_CURVE('',#4004,#4097,#4099,.T.);
#4097 = VERTEX_POINT('',#4098);
#4098 = CARTESIAN_POINT('',(-1.15,3.69,-2.54));
#4099 = LINE('',#4100,#4101);
#4100 = CARTESIAN_POINT('',(-1.123333333333,3.663333333333,
    -2.513333333333));
#4101 = VECTOR('',#4102,1.);
#4102 = DIRECTION('',(-0.57735026919,0.57735026919,-0.57735026919));
#4103 = ORIENTED_EDGE('',*,*,#4104,.F.);
#4104 = EDGE_CURVE('',#4088,#4097,#4105,.T.);
#4105 = LINE('',#4106,#4107);
#4106 = CARTESIAN_POINT('',(-1.59,3.69,-2.54));
#4107 = VECTOR('',#4108,1.);
#4108 = DIRECTION('',(1.,0.,0.));
#4109 = PLANE('',#4110);
#4110 = AXIS2_PLACEMENT_3D('',#4111,#4112,#4113);
#4111 = CARTESIAN_POINT('',(-1.59,3.59,-2.44));
#4112 = DIRECTION('',(0.,0.707106781187,0.707106781187));
#4113 = DIRECTION('',(1.,0.,0.));
#4114 = ADVANCED_FACE('',(#4115),#4140,.T.);
#4115 = FACE_BOUND('',#4116,.T.);
#4116 = EDGE_LOOP('',(#4117,#4125,#4133,#4139));
#4117 = ORIENTED_EDGE('',*,*,#4118,.F.);
#4118 = EDGE_CURVE('',#4119,#3986,#4121,.T.);
#4119 = VERTEX_POINT('',#4120);
#4120 = CARTESIAN_POINT('',(-1.59,4.13,-2.819966482548E-15));
#4121 = LINE('',#4122,#4123);
#4122 = CARTESIAN_POINT('',(-1.59,4.13,-2.819966482548E-15));
#4123 = VECTOR('',#4124,1.);
#4124 = DIRECTION('',(0.,-1.,0.));
#4125 = ORIENTED_EDGE('',*,*,#4126,.T.);
#4126 = EDGE_CURVE('',#4119,#4127,#4129,.T.);
#4127 = VERTEX_POINT('',#4128);
#4128 = CARTESIAN_POINT('',(-1.59,4.13,-2.34));
#4129 = LINE('',#4130,#4131);
#4130 = CARTESIAN_POINT('',(-1.59,4.13,-2.819966482548E-15));
#4131 = VECTOR('',#4132,1.);
#4132 = DIRECTION('',(-0.,-0.,-1.));
#4133 = ORIENTED_EDGE('',*,*,#4134,.T.);
#4134 = EDGE_CURVE('',#4127,#3996,#4135,.T.);
#4135 = LINE('',#4136,#4137);
#4136 = CARTESIAN_POINT('',(-1.59,4.13,-2.34));
#4137 = VECTOR('',#4138,1.);
#4138 = DIRECTION('',(0.,-1.,0.));
#4139 = ORIENTED_EDGE('',*,*,#3995,.F.);
#4140 = PLANE('',#4141);
#4141 = AXIS2_PLACEMENT_3D('',#4142,#4143,#4144);
#4142 = CARTESIAN_POINT('',(-1.59,4.13,-2.819966482548E-15));
#4143 = DIRECTION('',(-1.,0.,0.));
#4144 = DIRECTION('',(0.,-1.,0.));
#4145 = ADVANCED_FACE('',(#4146),#4164,.F.);
#4146 = FACE_BOUND('',#4147,.F.);
#4147 = EDGE_LOOP('',(#4148,#4149,#4150,#4158));
#4148 = ORIENTED_EDGE('',*,*,#4056,.F.);
#4149 = ORIENTED_EDGE('',*,*,#4042,.T.);
#4150 = ORIENTED_EDGE('',*,*,#4151,.T.);
#4151 = EDGE_CURVE('',#4035,#4152,#4154,.T.);
#4152 = VERTEX_POINT('',#4153);
#4153 = CARTESIAN_POINT('',(-0.95,4.13,8.18));
#4154 = LINE('',#4155,#4156);
#4155 = CARTESIAN_POINT('',(-0.95,3.49,8.18));
#4156 = VECTOR('',#4157,1.);
#4157 = DIRECTION('',(0.,1.,0.));
#4158 = ORIENTED_EDGE('',*,*,#4159,.F.);
#4159 = EDGE_CURVE('',#4057,#4152,#4160,.T.);
#4160 = LINE('',#4161,#4162);
#4161 = CARTESIAN_POINT('',(-0.95,4.13,-2.819966482548E-15));
#4162 = VECTOR('',#4163,1.);
#4163 = DIRECTION('',(0.,0.,1.));
#4164 = PLANE('',#4165);
#4165 = AXIS2_PLACEMENT_3D('',#4166,#4167,#4168);
#4166 = CARTESIAN_POINT('',(-0.95,3.49,-2.819966482548E-15));
#4167 = DIRECTION('',(-1.,0.,0.));
#4168 = DIRECTION('',(0.,1.,0.));
#4169 = ADVANCED_FACE('',(#4170),#4195,.F.);
#4170 = FACE_BOUND('',#4171,.T.);
#4171 = EDGE_LOOP('',(#4172,#4180,#4181,#4189));
#4172 = ORIENTED_EDGE('',*,*,#4173,.F.);
#4173 = EDGE_CURVE('',#4027,#4174,#4176,.T.);
#4174 = VERTEX_POINT('',#4175);
#4175 = CARTESIAN_POINT('',(-1.39,3.69,8.38));
#4176 = LINE('',#4177,#4178);
#4177 = CARTESIAN_POINT('',(-1.416666666667,3.663333333333,
    8.353333333333));
#4178 = VECTOR('',#4179,1.);
#4179 = DIRECTION('',(0.57735026919,0.57735026919,0.57735026919));
#4180 = ORIENTED_EDGE('',*,*,#4034,.T.);
#4181 = ORIENTED_EDGE('',*,*,#4182,.T.);
#4182 = EDGE_CURVE('',#4035,#4183,#4185,.T.);
#4183 = VERTEX_POINT('',#4184);
#4184 = CARTESIAN_POINT('',(-1.15,3.69,8.38));
#4185 = LINE('',#4186,#4187);
#4186 = CARTESIAN_POINT('',(-1.123333333333,3.663333333333,
    8.353333333333));
#4187 = VECTOR('',#4188,1.);
#4188 = DIRECTION('',(-0.57735026919,0.57735026919,0.57735026919));
#4189 = ORIENTED_EDGE('',*,*,#4190,.F.);
#4190 = EDGE_CURVE('',#4174,#4183,#4191,.T.);
#4191 = LINE('',#4192,#4193);
#4192 = CARTESIAN_POINT('',(-1.59,3.69,8.38));
#4193 = VECTOR('',#4194,1.);
#4194 = DIRECTION('',(1.,0.,0.));
#4195 = PLANE('',#4196);
#4196 = AXIS2_PLACEMENT_3D('',#4197,#4198,#4199);
#4197 = CARTESIAN_POINT('',(-1.59,3.59,8.28));
#4198 = DIRECTION('',(0.,0.707106781187,-0.707106781187));
#4199 = DIRECTION('',(-1.,-0.,-0.));
#4200 = ADVANCED_FACE('',(#4201),#4219,.F.);
#4201 = FACE_BOUND('',#4202,.F.);
#4202 = EDGE_LOOP('',(#4203,#4204,#4212,#4218));
#4203 = ORIENTED_EDGE('',*,*,#4118,.F.);
#4204 = ORIENTED_EDGE('',*,*,#4205,.T.);
#4205 = EDGE_CURVE('',#4119,#4206,#4208,.T.);
#4206 = VERTEX_POINT('',#4207);
#4207 = CARTESIAN_POINT('',(-1.59,4.13,8.18));
#4208 = LINE('',#4209,#4210);
#4209 = CARTESIAN_POINT('',(-1.59,4.13,-2.819966482548E-15));
#4210 = VECTOR('',#4211,1.);
#4211 = DIRECTION('',(0.,0.,1.));
#4212 = ORIENTED_EDGE('',*,*,#4213,.T.);
#4213 = EDGE_CURVE('',#4206,#4027,#4214,.T.);
#4214 = LINE('',#4215,#4216);
#4215 = CARTESIAN_POINT('',(-1.59,4.13,8.18));
#4216 = VECTOR('',#4217,1.);
#4217 = DIRECTION('',(0.,-1.,0.));
#4218 = ORIENTED_EDGE('',*,*,#4026,.F.);
#4219 = PLANE('',#4220);
#4220 = AXIS2_PLACEMENT_3D('',#4221,#4222,#4223);
#4221 = CARTESIAN_POINT('',(-1.59,4.13,-2.819966482548E-15));
#4222 = DIRECTION('',(1.,0.,0.));
#4223 = DIRECTION('',(0.,-1.,0.));
#4224 = ADVANCED_FACE('',(#4225),#4241,.T.);
#4225 = FACE_BOUND('',#4226,.T.);
#4226 = EDGE_LOOP('',(#4227,#4233,#4234,#4240));
#4227 = ORIENTED_EDGE('',*,*,#4228,.F.);
#4228 = EDGE_CURVE('',#4057,#4119,#4229,.T.);
#4229 = LINE('',#4230,#4231);
#4230 = CARTESIAN_POINT('',(-0.95,4.13,-2.819966482548E-15));
#4231 = VECTOR('',#4232,1.);
#4232 = DIRECTION('',(-1.,0.,0.));
#4233 = ORIENTED_EDGE('',*,*,#4073,.T.);
#4234 = ORIENTED_EDGE('',*,*,#4235,.T.);
#4235 = EDGE_CURVE('',#4066,#4127,#4236,.T.);
#4236 = LINE('',#4237,#4238);
#4237 = CARTESIAN_POINT('',(-0.95,4.13,-2.34));
#4238 = VECTOR('',#4239,1.);
#4239 = DIRECTION('',(-1.,0.,0.));
#4240 = ORIENTED_EDGE('',*,*,#4126,.F.);
#4241 = PLANE('',#4242);
#4242 = AXIS2_PLACEMENT_3D('',#4243,#4244,#4245);
#4243 = CARTESIAN_POINT('',(-0.95,4.13,-2.819966482548E-15));
#4244 = DIRECTION('',(0.,1.,0.));
#4245 = DIRECTION('',(-1.,0.,0.));
#4246 = ADVANCED_FACE('',(#4247),#4265,.F.);
#4247 = FACE_BOUND('',#4248,.F.);
#4248 = EDGE_LOOP('',(#4249,#4250,#4251,#4259));
#4249 = ORIENTED_EDGE('',*,*,#4096,.F.);
#4250 = ORIENTED_EDGE('',*,*,#4065,.T.);
#4251 = ORIENTED_EDGE('',*,*,#4252,.F.);
#4252 = EDGE_CURVE('',#4253,#4066,#4255,.T.);
#4253 = VERTEX_POINT('',#4254);
#4254 = CARTESIAN_POINT('',(-1.15,3.93,-2.54));
#4255 = LINE('',#4256,#4257);
#4256 = CARTESIAN_POINT('',(-1.123333333333,3.956666666667,
    -2.513333333333));
#4257 = VECTOR('',#4258,1.);
#4258 = DIRECTION('',(0.57735026919,0.57735026919,0.57735026919));
#4259 = ORIENTED_EDGE('',*,*,#4260,.F.);
#4260 = EDGE_CURVE('',#4097,#4253,#4261,.T.);
#4261 = LINE('',#4262,#4263);
#4262 = CARTESIAN_POINT('',(-1.15,3.49,-2.54));
#4263 = VECTOR('',#4264,1.);
#4264 = DIRECTION('',(0.,1.,0.));
#4265 = PLANE('',#4266);
#4266 = AXIS2_PLACEMENT_3D('',#4267,#4268,#4269);
#4267 = CARTESIAN_POINT('',(-1.05,3.49,-2.44));
#4268 = DIRECTION('',(-0.707106781187,0.,0.707106781187));
#4269 = DIRECTION('',(0.,1.,0.));
#4270 = ADVANCED_FACE('',(#4271),#4289,.F.);
#4271 = FACE_BOUND('',#4272,.F.);
#4272 = EDGE_LOOP('',(#4273,#4281,#4282,#4283));
#4273 = ORIENTED_EDGE('',*,*,#4274,.F.);
#4274 = EDGE_CURVE('',#4127,#4275,#4277,.T.);
#4275 = VERTEX_POINT('',#4276);
#4276 = CARTESIAN_POINT('',(-1.39,3.93,-2.54));
#4277 = LINE('',#4278,#4279);
#4278 = CARTESIAN_POINT('',(-1.416666666667,3.956666666667,
    -2.513333333333));
#4279 = VECTOR('',#4280,1.);
#4280 = DIRECTION('',(0.57735026919,-0.57735026919,-0.57735026919));
#4281 = ORIENTED_EDGE('',*,*,#4134,.T.);
#4282 = ORIENTED_EDGE('',*,*,#4087,.T.);
#4283 = ORIENTED_EDGE('',*,*,#4284,.F.);
#4284 = EDGE_CURVE('',#4275,#4088,#4285,.T.);
#4285 = LINE('',#4286,#4287);
#4286 = CARTESIAN_POINT('',(-1.39,4.13,-2.54));
#4287 = VECTOR('',#4288,1.);
#4288 = DIRECTION('',(0.,-1.,0.));
#4289 = PLANE('',#4290);
#4290 = AXIS2_PLACEMENT_3D('',#4291,#4292,#4293);
#4291 = CARTESIAN_POINT('',(-1.49,4.13,-2.44));
#4292 = DIRECTION('',(0.707106781187,0.,0.707106781187));
#4293 = DIRECTION('',(0.,-1.,0.));
#4294 = ADVANCED_FACE('',(#4295),#4306,.F.);
#4295 = FACE_BOUND('',#4296,.F.);
#4296 = EDGE_LOOP('',(#4297,#4298,#4299,#4300));
#4297 = ORIENTED_EDGE('',*,*,#4284,.T.);
#4298 = ORIENTED_EDGE('',*,*,#4104,.T.);
#4299 = ORIENTED_EDGE('',*,*,#4260,.T.);
#4300 = ORIENTED_EDGE('',*,*,#4301,.T.);
#4301 = EDGE_CURVE('',#4253,#4275,#4302,.T.);
#4302 = LINE('',#4303,#4304);
#4303 = CARTESIAN_POINT('',(-0.95,3.93,-2.54));
#4304 = VECTOR('',#4305,1.);
#4305 = DIRECTION('',(-1.,0.,0.));
#4306 = PLANE('',#4307);
#4307 = AXIS2_PLACEMENT_3D('',#4308,#4309,#4310);
#4308 = CARTESIAN_POINT('',(-1.27,3.81,-2.54));
#4309 = DIRECTION('',(0.,0.,1.));
#4310 = DIRECTION('',(1.,0.,0.));
#4311 = ADVANCED_FACE('',(#4312),#4323,.F.);
#4312 = FACE_BOUND('',#4313,.F.);
#4313 = EDGE_LOOP('',(#4314,#4315,#4316,#4322));
#4314 = ORIENTED_EDGE('',*,*,#4228,.F.);
#4315 = ORIENTED_EDGE('',*,*,#4159,.T.);
#4316 = ORIENTED_EDGE('',*,*,#4317,.T.);
#4317 = EDGE_CURVE('',#4152,#4206,#4318,.T.);
#4318 = LINE('',#4319,#4320);
#4319 = CARTESIAN_POINT('',(-0.95,4.13,8.18));
#4320 = VECTOR('',#4321,1.);
#4321 = DIRECTION('',(-1.,0.,0.));
#4322 = ORIENTED_EDGE('',*,*,#4205,.F.);
#4323 = PLANE('',#4324);
#4324 = AXIS2_PLACEMENT_3D('',#4325,#4326,#4327);
#4325 = CARTESIAN_POINT('',(-0.95,4.13,-2.819966482548E-15));
#4326 = DIRECTION('',(0.,-1.,0.));
#4327 = DIRECTION('',(-1.,0.,0.));
#4328 = ADVANCED_FACE('',(#4329),#4347,.F.);
#4329 = FACE_BOUND('',#4330,.T.);
#4330 = EDGE_LOOP('',(#4331,#4332,#4333,#4341));
#4331 = ORIENTED_EDGE('',*,*,#4182,.F.);
#4332 = ORIENTED_EDGE('',*,*,#4151,.T.);
#4333 = ORIENTED_EDGE('',*,*,#4334,.F.);
#4334 = EDGE_CURVE('',#4335,#4152,#4337,.T.);
#4335 = VERTEX_POINT('',#4336);
#4336 = CARTESIAN_POINT('',(-1.15,3.93,8.38));
#4337 = LINE('',#4338,#4339);
#4338 = CARTESIAN_POINT('',(-1.123333333333,3.956666666667,
    8.353333333333));
#4339 = VECTOR('',#4340,1.);
#4340 = DIRECTION('',(0.57735026919,0.57735026919,-0.57735026919));
#4341 = ORIENTED_EDGE('',*,*,#4342,.F.);
#4342 = EDGE_CURVE('',#4183,#4335,#4343,.T.);
#4343 = LINE('',#4344,#4345);
#4344 = CARTESIAN_POINT('',(-1.15,3.49,8.38));
#4345 = VECTOR('',#4346,1.);
#4346 = DIRECTION('',(0.,1.,0.));
#4347 = PLANE('',#4348);
#4348 = AXIS2_PLACEMENT_3D('',#4349,#4350,#4351);
#4349 = CARTESIAN_POINT('',(-1.05,3.49,8.28));
#4350 = DIRECTION('',(-0.707106781187,0.,-0.707106781187));
#4351 = DIRECTION('',(-0.,-1.,-0.));
#4352 = ADVANCED_FACE('',(#4353),#4371,.F.);
#4353 = FACE_BOUND('',#4354,.T.);
#4354 = EDGE_LOOP('',(#4355,#4363,#4364,#4365));
#4355 = ORIENTED_EDGE('',*,*,#4356,.T.);
#4356 = EDGE_CURVE('',#4357,#4206,#4359,.T.);
#4357 = VERTEX_POINT('',#4358);
#4358 = CARTESIAN_POINT('',(-1.39,3.93,8.38));
#4359 = LINE('',#4360,#4361);
#4360 = CARTESIAN_POINT('',(-1.416666666667,3.956666666667,
    8.353333333333));
#4361 = VECTOR('',#4362,1.);
#4362 = DIRECTION('',(-0.57735026919,0.57735026919,-0.57735026919));
#4363 = ORIENTED_EDGE('',*,*,#4213,.T.);
#4364 = ORIENTED_EDGE('',*,*,#4173,.T.);
#4365 = ORIENTED_EDGE('',*,*,#4366,.F.);
#4366 = EDGE_CURVE('',#4357,#4174,#4367,.T.);
#4367 = LINE('',#4368,#4369);
#4368 = CARTESIAN_POINT('',(-1.39,4.13,8.38));
#4369 = VECTOR('',#4370,1.);
#4370 = DIRECTION('',(0.,-1.,0.));
#4371 = PLANE('',#4372);
#4372 = AXIS2_PLACEMENT_3D('',#4373,#4374,#4375);
#4373 = CARTESIAN_POINT('',(-1.49,4.13,8.28));
#4374 = DIRECTION('',(0.707106781187,0.,-0.707106781187));
#4375 = DIRECTION('',(0.,1.,0.));
#4376 = ADVANCED_FACE('',(#4377),#4388,.T.);
#4377 = FACE_BOUND('',#4378,.T.);
#4378 = EDGE_LOOP('',(#4379,#4380,#4381,#4382));
#4379 = ORIENTED_EDGE('',*,*,#4366,.T.);
#4380 = ORIENTED_EDGE('',*,*,#4190,.T.);
#4381 = ORIENTED_EDGE('',*,*,#4342,.T.);
#4382 = ORIENTED_EDGE('',*,*,#4383,.T.);
#4383 = EDGE_CURVE('',#4335,#4357,#4384,.T.);
#4384 = LINE('',#4385,#4386);
#4385 = CARTESIAN_POINT('',(-0.95,3.93,8.38));
#4386 = VECTOR('',#4387,1.);
#4387 = DIRECTION('',(-1.,0.,0.));
#4388 = PLANE('',#4389);
#4389 = AXIS2_PLACEMENT_3D('',#4390,#4391,#4392);
#4390 = CARTESIAN_POINT('',(-1.27,3.81,8.38));
#4391 = DIRECTION('',(0.,0.,1.));
#4392 = DIRECTION('',(1.,0.,0.));
#4393 = ADVANCED_FACE('',(#4394),#4400,.F.);
#4394 = FACE_BOUND('',#4395,.T.);
#4395 = EDGE_LOOP('',(#4396,#4397,#4398,#4399));
#4396 = ORIENTED_EDGE('',*,*,#4252,.F.);
#4397 = ORIENTED_EDGE('',*,*,#4301,.T.);
#4398 = ORIENTED_EDGE('',*,*,#4274,.F.);
#4399 = ORIENTED_EDGE('',*,*,#4235,.F.);
#4400 = PLANE('',#4401);
#4401 = AXIS2_PLACEMENT_3D('',#4402,#4403,#4404);
#4402 = CARTESIAN_POINT('',(-0.95,4.03,-2.44));
#4403 = DIRECTION('',(0.,-0.707106781187,0.707106781187));
#4404 = DIRECTION('',(1.,0.,0.));
#4405 = ADVANCED_FACE('',(#4406),#4412,.F.);
#4406 = FACE_BOUND('',#4407,.F.);
#4407 = EDGE_LOOP('',(#4408,#4409,#4410,#4411));
#4408 = ORIENTED_EDGE('',*,*,#4334,.F.);
#4409 = ORIENTED_EDGE('',*,*,#4383,.T.);
#4410 = ORIENTED_EDGE('',*,*,#4356,.T.);
#4411 = ORIENTED_EDGE('',*,*,#4317,.F.);
#4412 = PLANE('',#4413);
#4413 = AXIS2_PLACEMENT_3D('',#4414,#4415,#4416);
#4414 = CARTESIAN_POINT('',(-0.95,4.03,8.28));
#4415 = DIRECTION('',(0.,-0.707106781187,-0.707106781187));
#4416 = DIRECTION('',(-1.,0.,0.));
#4417 = MANIFOLD_SOLID_BREP('',#4418);
#4418 = CLOSED_SHELL('',(#4419,#4459,#4490,#4521,#4552,#4583,#4607,#4638
    ,#4662,#4684,#4708,#4732,#4749,#4766,#4790,#4814,#4831,#4843));
#4419 = ADVANCED_FACE('',(#4420),#4454,.T.);
#4420 = FACE_BOUND('',#4421,.T.);
#4421 = EDGE_LOOP('',(#4422,#4432,#4440,#4448));
#4422 = ORIENTED_EDGE('',*,*,#4423,.F.);
#4423 = EDGE_CURVE('',#4424,#4426,#4428,.T.);
#4424 = VERTEX_POINT('',#4425);
#4425 = CARTESIAN_POINT('',(-1.59,6.03,-3.101963130803E-15));
#4426 = VERTEX_POINT('',#4427);
#4427 = CARTESIAN_POINT('',(-0.95,6.03,-3.101963130803E-15));
#4428 = LINE('',#4429,#4430);
#4429 = CARTESIAN_POINT('',(-1.59,6.03,-3.101963130803E-15));
#4430 = VECTOR('',#4431,1.);
#4431 = DIRECTION('',(1.,0.,0.));
#4432 = ORIENTED_EDGE('',*,*,#4433,.T.);
#4433 = EDGE_CURVE('',#4424,#4434,#4436,.T.);
#4434 = VERTEX_POINT('',#4435);
#4435 = CARTESIAN_POINT('',(-1.59,6.03,-2.34));
#4436 = LINE('',#4437,#4438);
#4437 = CARTESIAN_POINT('',(-1.59,6.03,-3.101963130803E-15));
#4438 = VECTOR('',#4439,1.);
#4439 = DIRECTION('',(-0.,-0.,-1.));
#4440 = ORIENTED_EDGE('',*,*,#4441,.T.);
#4441 = EDGE_CURVE('',#4434,#4442,#4444,.T.);
#4442 = VERTEX_POINT('',#4443);
#4443 = CARTESIAN_POINT('',(-0.95,6.03,-2.34));
#4444 = LINE('',#4445,#4446);
#4445 = CARTESIAN_POINT('',(-1.59,6.03,-2.34));
#4446 = VECTOR('',#4447,1.);
#4447 = DIRECTION('',(1.,0.,0.));
#4448 = ORIENTED_EDGE('',*,*,#4449,.F.);
#4449 = EDGE_CURVE('',#4426,#4442,#4450,.T.);
#4450 = LINE('',#4451,#4452);
#4451 = CARTESIAN_POINT('',(-0.95,6.03,-3.101963130803E-15));
#4452 = VECTOR('',#4453,1.);
#4453 = DIRECTION('',(-0.,-0.,-1.));
#4454 = PLANE('',#4455);
#4455 = AXIS2_PLACEMENT_3D('',#4456,#4457,#4458);
#4456 = CARTESIAN_POINT('',(-1.59,6.03,-3.101963130803E-15));
#4457 = DIRECTION('',(0.,-1.,0.));
#4458 = DIRECTION('',(1.,0.,0.));
#4459 = ADVANCED_FACE('',(#4460),#4485,.F.);
#4460 = FACE_BOUND('',#4461,.F.);
#4461 = EDGE_LOOP('',(#4462,#4463,#4471,#4479));
#4462 = ORIENTED_EDGE('',*,*,#4423,.F.);
#4463 = ORIENTED_EDGE('',*,*,#4464,.T.);
#4464 = EDGE_CURVE('',#4424,#4465,#4467,.T.);
#4465 = VERTEX_POINT('',#4466);
#4466 = CARTESIAN_POINT('',(-1.59,6.03,8.18));
#4467 = LINE('',#4468,#4469);
#4468 = CARTESIAN_POINT('',(-1.59,6.03,-3.101963130803E-15));
#4469 = VECTOR('',#4470,1.);
#4470 = DIRECTION('',(0.,0.,1.));
#4471 = ORIENTED_EDGE('',*,*,#4472,.T.);
#4472 = EDGE_CURVE('',#4465,#4473,#4475,.T.);
#4473 = VERTEX_POINT('',#4474);
#4474 = CARTESIAN_POINT('',(-0.95,6.03,8.18));
#4475 = LINE('',#4476,#4477);
#4476 = CARTESIAN_POINT('',(-1.59,6.03,8.18));
#4477 = VECTOR('',#4478,1.);
#4478 = DIRECTION('',(1.,0.,0.));
#4479 = ORIENTED_EDGE('',*,*,#4480,.F.);
#4480 = EDGE_CURVE('',#4426,#4473,#4481,.T.);
#4481 = LINE('',#4482,#4483);
#4482 = CARTESIAN_POINT('',(-0.95,6.03,-3.101963130803E-15));
#4483 = VECTOR('',#4484,1.);
#4484 = DIRECTION('',(0.,0.,1.));
#4485 = PLANE('',#4486);
#4486 = AXIS2_PLACEMENT_3D('',#4487,#4488,#4489);
#4487 = CARTESIAN_POINT('',(-1.59,6.03,-3.101963130803E-15));
#4488 = DIRECTION('',(0.,1.,0.));
#4489 = DIRECTION('',(1.,0.,0.));
#4490 = ADVANCED_FACE('',(#4491),#4516,.T.);
#4491 = FACE_BOUND('',#4492,.T.);
#4492 = EDGE_LOOP('',(#4493,#4501,#4502,#4510));
#4493 = ORIENTED_EDGE('',*,*,#4494,.F.);
#4494 = EDGE_CURVE('',#4426,#4495,#4497,.T.);
#4495 = VERTEX_POINT('',#4496);
#4496 = CARTESIAN_POINT('',(-0.95,6.67,-3.101963130803E-15));
#4497 = LINE('',#4498,#4499);
#4498 = CARTESIAN_POINT('',(-0.95,6.03,-3.101963130803E-15));
#4499 = VECTOR('',#4500,1.);
#4500 = DIRECTION('',(0.,1.,0.));
#4501 = ORIENTED_EDGE('',*,*,#4449,.T.);
#4502 = ORIENTED_EDGE('',*,*,#4503,.T.);
#4503 = EDGE_CURVE('',#4442,#4504,#4506,.T.);
#4504 = VERTEX_POINT('',#4505);
#4505 = CARTESIAN_POINT('',(-0.95,6.67,-2.34));
#4506 = LINE('',#4507,#4508);
#4507 = CARTESIAN_POINT('',(-0.95,6.03,-2.34));
#4508 = VECTOR('',#4509,1.);
#4509 = DIRECTION('',(0.,1.,0.));
#4510 = ORIENTED_EDGE('',*,*,#4511,.F.);
#4511 = EDGE_CURVE('',#4495,#4504,#4512,.T.);
#4512 = LINE('',#4513,#4514);
#4513 = CARTESIAN_POINT('',(-0.95,6.67,-3.101963130803E-15));
#4514 = VECTOR('',#4515,1.);
#4515 = DIRECTION('',(-0.,-0.,-1.));
#4516 = PLANE('',#4517);
#4517 = AXIS2_PLACEMENT_3D('',#4518,#4519,#4520);
#4518 = CARTESIAN_POINT('',(-0.95,6.03,-3.101963130803E-15));
#4519 = DIRECTION('',(1.,0.,0.));
#4520 = DIRECTION('',(0.,1.,0.));
#4521 = ADVANCED_FACE('',(#4522),#4547,.F.);
#4522 = FACE_BOUND('',#4523,.F.);
#4523 = EDGE_LOOP('',(#4524,#4532,#4533,#4541));
#4524 = ORIENTED_EDGE('',*,*,#4525,.F.);
#4525 = EDGE_CURVE('',#4434,#4526,#4528,.T.);
#4526 = VERTEX_POINT('',#4527);
#4527 = CARTESIAN_POINT('',(-1.39,6.23,-2.54));
#4528 = LINE('',#4529,#4530);
#4529 = CARTESIAN_POINT('',(-1.416666666667,6.203333333333,
    -2.513333333333));
#4530 = VECTOR('',#4531,1.);
#4531 = DIRECTION('',(0.57735026919,0.57735026919,-0.57735026919));
#4532 = ORIENTED_EDGE('',*,*,#4441,.T.);
#4533 = ORIENTED_EDGE('',*,*,#4534,.T.);
#4534 = EDGE_CURVE('',#4442,#4535,#4537,.T.);
#4535 = VERTEX_POINT('',#4536);
#4536 = CARTESIAN_POINT('',(-1.15,6.23,-2.54));
#4537 = LINE('',#4538,#4539);
#4538 = CARTESIAN_POINT('',(-1.123333333333,6.203333333333,
    -2.513333333333));
#4539 = VECTOR('',#4540,1.);
#4540 = DIRECTION('',(-0.57735026919,0.57735026919,-0.57735026919));
#4541 = ORIENTED_EDGE('',*,*,#4542,.F.);
#4542 = EDGE_CURVE('',#4526,#4535,#4543,.T.);
#4543 = LINE('',#4544,#4545);
#4544 = CARTESIAN_POINT('',(-1.59,6.23,-2.54));
#4545 = VECTOR('',#4546,1.);
#4546 = DIRECTION('',(1.,0.,0.));
#4547 = PLANE('',#4548);
#4548 = AXIS2_PLACEMENT_3D('',#4549,#4550,#4551);
#4549 = CARTESIAN_POINT('',(-1.59,6.13,-2.44));
#4550 = DIRECTION('',(0.,0.707106781187,0.707106781187));
#4551 = DIRECTION('',(1.,0.,0.));
#4552 = ADVANCED_FACE('',(#4553),#4578,.T.);
#4553 = FACE_BOUND('',#4554,.T.);
#4554 = EDGE_LOOP('',(#4555,#4563,#4571,#4577));
#4555 = ORIENTED_EDGE('',*,*,#4556,.F.);
#4556 = EDGE_CURVE('',#4557,#4424,#4559,.T.);
#4557 = VERTEX_POINT('',#4558);
#4558 = CARTESIAN_POINT('',(-1.59,6.67,-3.101963130803E-15));
#4559 = LINE('',#4560,#4561);
#4560 = CARTESIAN_POINT('',(-1.59,6.67,-3.101963130803E-15));
#4561 = VECTOR('',#4562,1.);
#4562 = DIRECTION('',(0.,-1.,0.));
#4563 = ORIENTED_EDGE('',*,*,#4564,.T.);
#4564 = EDGE_CURVE('',#4557,#4565,#4567,.T.);
#4565 = VERTEX_POINT('',#4566);
#4566 = CARTESIAN_POINT('',(-1.59,6.67,-2.34));
#4567 = LINE('',#4568,#4569);
#4568 = CARTESIAN_POINT('',(-1.59,6.67,-3.101963130803E-15));
#4569 = VECTOR('',#4570,1.);
#4570 = DIRECTION('',(-0.,-0.,-1.));
#4571 = ORIENTED_EDGE('',*,*,#4572,.T.);
#4572 = EDGE_CURVE('',#4565,#4434,#4573,.T.);
#4573 = LINE('',#4574,#4575);
#4574 = CARTESIAN_POINT('',(-1.59,6.67,-2.34));
#4575 = VECTOR('',#4576,1.);
#4576 = DIRECTION('',(0.,-1.,0.));
#4577 = ORIENTED_EDGE('',*,*,#4433,.F.);
#4578 = PLANE('',#4579);
#4579 = AXIS2_PLACEMENT_3D('',#4580,#4581,#4582);
#4580 = CARTESIAN_POINT('',(-1.59,6.67,-3.101963130803E-15));
#4581 = DIRECTION('',(-1.,0.,0.));
#4582 = DIRECTION('',(0.,-1.,0.));
#4583 = ADVANCED_FACE('',(#4584),#4602,.F.);
#4584 = FACE_BOUND('',#4585,.F.);
#4585 = EDGE_LOOP('',(#4586,#4587,#4588,#4596));
#4586 = ORIENTED_EDGE('',*,*,#4494,.F.);
#4587 = ORIENTED_EDGE('',*,*,#4480,.T.);
#4588 = ORIENTED_EDGE('',*,*,#4589,.T.);
#4589 = EDGE_CURVE('',#4473,#4590,#4592,.T.);
#4590 = VERTEX_POINT('',#4591);
#4591 = CARTESIAN_POINT('',(-0.95,6.67,8.18));
#4592 = LINE('',#4593,#4594);
#4593 = CARTESIAN_POINT('',(-0.95,6.03,8.18));
#4594 = VECTOR('',#4595,1.);
#4595 = DIRECTION('',(0.,1.,0.));
#4596 = ORIENTED_EDGE('',*,*,#4597,.F.);
#4597 = EDGE_CURVE('',#4495,#4590,#4598,.T.);
#4598 = LINE('',#4599,#4600);
#4599 = CARTESIAN_POINT('',(-0.95,6.67,-3.101963130803E-15));
#4600 = VECTOR('',#4601,1.);
#4601 = DIRECTION('',(0.,0.,1.));
#4602 = PLANE('',#4603);
#4603 = AXIS2_PLACEMENT_3D('',#4604,#4605,#4606);
#4604 = CARTESIAN_POINT('',(-0.95,6.03,-3.101963130803E-15));
#4605 = DIRECTION('',(-1.,0.,0.));
#4606 = DIRECTION('',(0.,1.,0.));
#4607 = ADVANCED_FACE('',(#4608),#4633,.F.);
#4608 = FACE_BOUND('',#4609,.T.);
#4609 = EDGE_LOOP('',(#4610,#4618,#4619,#4627));
#4610 = ORIENTED_EDGE('',*,*,#4611,.F.);
#4611 = EDGE_CURVE('',#4465,#4612,#4614,.T.);
#4612 = VERTEX_POINT('',#4613);
#4613 = CARTESIAN_POINT('',(-1.39,6.23,8.38));
#4614 = LINE('',#4615,#4616);
#4615 = CARTESIAN_POINT('',(-1.416666666667,6.203333333333,
    8.353333333333));
#4616 = VECTOR('',#4617,1.);
#4617 = DIRECTION('',(0.57735026919,0.57735026919,0.57735026919));
#4618 = ORIENTED_EDGE('',*,*,#4472,.T.);
#4619 = ORIENTED_EDGE('',*,*,#4620,.T.);
#4620 = EDGE_CURVE('',#4473,#4621,#4623,.T.);
#4621 = VERTEX_POINT('',#4622);
#4622 = CARTESIAN_POINT('',(-1.15,6.23,8.38));
#4623 = LINE('',#4624,#4625);
#4624 = CARTESIAN_POINT('',(-1.123333333333,6.203333333333,
    8.353333333333));
#4625 = VECTOR('',#4626,1.);
#4626 = DIRECTION('',(-0.57735026919,0.57735026919,0.57735026919));
#4627 = ORIENTED_EDGE('',*,*,#4628,.F.);
#4628 = EDGE_CURVE('',#4612,#4621,#4629,.T.);
#4629 = LINE('',#4630,#4631);
#4630 = CARTESIAN_POINT('',(-1.59,6.23,8.38));
#4631 = VECTOR('',#4632,1.);
#4632 = DIRECTION('',(1.,0.,0.));
#4633 = PLANE('',#4634);
#4634 = AXIS2_PLACEMENT_3D('',#4635,#4636,#4637);
#4635 = CARTESIAN_POINT('',(-1.59,6.13,8.28));
#4636 = DIRECTION('',(0.,0.707106781187,-0.707106781187));
#4637 = DIRECTION('',(-1.,-0.,-0.));
#4638 = ADVANCED_FACE('',(#4639),#4657,.F.);
#4639 = FACE_BOUND('',#4640,.F.);
#4640 = EDGE_LOOP('',(#4641,#4642,#4650,#4656));
#4641 = ORIENTED_EDGE('',*,*,#4556,.F.);
#4642 = ORIENTED_EDGE('',*,*,#4643,.T.);
#4643 = EDGE_CURVE('',#4557,#4644,#4646,.T.);
#4644 = VERTEX_POINT('',#4645);
#4645 = CARTESIAN_POINT('',(-1.59,6.67,8.18));
#4646 = LINE('',#4647,#4648);
#4647 = CARTESIAN_POINT('',(-1.59,6.67,-3.101963130803E-15));
#4648 = VECTOR('',#4649,1.);
#4649 = DIRECTION('',(0.,0.,1.));
#4650 = ORIENTED_EDGE('',*,*,#4651,.T.);
#4651 = EDGE_CURVE('',#4644,#4465,#4652,.T.);
#4652 = LINE('',#4653,#4654);
#4653 = CARTESIAN_POINT('',(-1.59,6.67,8.18));
#4654 = VECTOR('',#4655,1.);
#4655 = DIRECTION('',(0.,-1.,0.));
#4656 = ORIENTED_EDGE('',*,*,#4464,.F.);
#4657 = PLANE('',#4658);
#4658 = AXIS2_PLACEMENT_3D('',#4659,#4660,#4661);
#4659 = CARTESIAN_POINT('',(-1.59,6.67,-3.101963130803E-15));
#4660 = DIRECTION('',(1.,0.,0.));
#4661 = DIRECTION('',(0.,-1.,0.));
#4662 = ADVANCED_FACE('',(#4663),#4679,.T.);
#4663 = FACE_BOUND('',#4664,.T.);
#4664 = EDGE_LOOP('',(#4665,#4671,#4672,#4678));
#4665 = ORIENTED_EDGE('',*,*,#4666,.F.);
#4666 = EDGE_CURVE('',#4495,#4557,#4667,.T.);
#4667 = LINE('',#4668,#4669);
#4668 = CARTESIAN_POINT('',(-0.95,6.67,-3.101963130803E-15));
#4669 = VECTOR('',#4670,1.);
#4670 = DIRECTION('',(-1.,0.,0.));
#4671 = ORIENTED_EDGE('',*,*,#4511,.T.);
#4672 = ORIENTED_EDGE('',*,*,#4673,.T.);
#4673 = EDGE_CURVE('',#4504,#4565,#4674,.T.);
#4674 = LINE('',#4675,#4676);
#4675 = CARTESIAN_POINT('',(-0.95,6.67,-2.34));
#4676 = VECTOR('',#4677,1.);
#4677 = DIRECTION('',(-1.,0.,0.));
#4678 = ORIENTED_EDGE('',*,*,#4564,.F.);
#4679 = PLANE('',#4680);
#4680 = AXIS2_PLACEMENT_3D('',#4681,#4682,#4683);
#4681 = CARTESIAN_POINT('',(-0.95,6.67,-3.101963130803E-15));
#4682 = DIRECTION('',(0.,1.,0.));
#4683 = DIRECTION('',(-1.,0.,0.));
#4684 = ADVANCED_FACE('',(#4685),#4703,.F.);
#4685 = FACE_BOUND('',#4686,.F.);
#4686 = EDGE_LOOP('',(#4687,#4688,#4689,#4697));
#4687 = ORIENTED_EDGE('',*,*,#4534,.F.);
#4688 = ORIENTED_EDGE('',*,*,#4503,.T.);
#4689 = ORIENTED_EDGE('',*,*,#4690,.F.);
#4690 = EDGE_CURVE('',#4691,#4504,#4693,.T.);
#4691 = VERTEX_POINT('',#4692);
#4692 = CARTESIAN_POINT('',(-1.15,6.47,-2.54));
#4693 = LINE('',#4694,#4695);
#4694 = CARTESIAN_POINT('',(-1.123333333333,6.496666666667,
    -2.513333333333));
#4695 = VECTOR('',#4696,1.);
#4696 = DIRECTION('',(0.57735026919,0.57735026919,0.57735026919));
#4697 = ORIENTED_EDGE('',*,*,#4698,.F.);
#4698 = EDGE_CURVE('',#4535,#4691,#4699,.T.);
#4699 = LINE('',#4700,#4701);
#4700 = CARTESIAN_POINT('',(-1.15,6.03,-2.54));
#4701 = VECTOR('',#4702,1.);
#4702 = DIRECTION('',(0.,1.,0.));
#4703 = PLANE('',#4704);
#4704 = AXIS2_PLACEMENT_3D('',#4705,#4706,#4707);
#4705 = CARTESIAN_POINT('',(-1.05,6.03,-2.44));
#4706 = DIRECTION('',(-0.707106781187,0.,0.707106781187));
#4707 = DIRECTION('',(0.,1.,0.));
#4708 = ADVANCED_FACE('',(#4709),#4727,.F.);
#4709 = FACE_BOUND('',#4710,.F.);
#4710 = EDGE_LOOP('',(#4711,#4719,#4720,#4721));
#4711 = ORIENTED_EDGE('',*,*,#4712,.F.);
#4712 = EDGE_CURVE('',#4565,#4713,#4715,.T.);
#4713 = VERTEX_POINT('',#4714);
#4714 = CARTESIAN_POINT('',(-1.39,6.47,-2.54));
#4715 = LINE('',#4716,#4717);
#4716 = CARTESIAN_POINT('',(-1.416666666667,6.496666666667,
    -2.513333333333));
#4717 = VECTOR('',#4718,1.);
#4718 = DIRECTION('',(0.57735026919,-0.57735026919,-0.57735026919));
#4719 = ORIENTED_EDGE('',*,*,#4572,.T.);
#4720 = ORIENTED_EDGE('',*,*,#4525,.T.);
#4721 = ORIENTED_EDGE('',*,*,#4722,.F.);
#4722 = EDGE_CURVE('',#4713,#4526,#4723,.T.);
#4723 = LINE('',#4724,#4725);
#4724 = CARTESIAN_POINT('',(-1.39,6.67,-2.54));
#4725 = VECTOR('',#4726,1.);
#4726 = DIRECTION('',(0.,-1.,0.));
#4727 = PLANE('',#4728);
#4728 = AXIS2_PLACEMENT_3D('',#4729,#4730,#4731);
#4729 = CARTESIAN_POINT('',(-1.49,6.67,-2.44));
#4730 = DIRECTION('',(0.707106781187,0.,0.707106781187));
#4731 = DIRECTION('',(0.,-1.,0.));
#4732 = ADVANCED_FACE('',(#4733),#4744,.F.);
#4733 = FACE_BOUND('',#4734,.F.);
#4734 = EDGE_LOOP('',(#4735,#4736,#4737,#4738));
#4735 = ORIENTED_EDGE('',*,*,#4722,.T.);
#4736 = ORIENTED_EDGE('',*,*,#4542,.T.);
#4737 = ORIENTED_EDGE('',*,*,#4698,.T.);
#4738 = ORIENTED_EDGE('',*,*,#4739,.T.);
#4739 = EDGE_CURVE('',#4691,#4713,#4740,.T.);
#4740 = LINE('',#4741,#4742);
#4741 = CARTESIAN_POINT('',(-0.95,6.47,-2.54));
#4742 = VECTOR('',#4743,1.);
#4743 = DIRECTION('',(-1.,0.,0.));
#4744 = PLANE('',#4745);
#4745 = AXIS2_PLACEMENT_3D('',#4746,#4747,#4748);
#4746 = CARTESIAN_POINT('',(-1.27,6.35,-2.54));
#4747 = DIRECTION('',(0.,0.,1.));
#4748 = DIRECTION('',(1.,0.,0.));
#4749 = ADVANCED_FACE('',(#4750),#4761,.F.);
#4750 = FACE_BOUND('',#4751,.F.);
#4751 = EDGE_LOOP('',(#4752,#4753,#4754,#4760));
#4752 = ORIENTED_EDGE('',*,*,#4666,.F.);
#4753 = ORIENTED_EDGE('',*,*,#4597,.T.);
#4754 = ORIENTED_EDGE('',*,*,#4755,.T.);
#4755 = EDGE_CURVE('',#4590,#4644,#4756,.T.);
#4756 = LINE('',#4757,#4758);
#4757 = CARTESIAN_POINT('',(-0.95,6.67,8.18));
#4758 = VECTOR('',#4759,1.);
#4759 = DIRECTION('',(-1.,0.,0.));
#4760 = ORIENTED_EDGE('',*,*,#4643,.F.);
#4761 = PLANE('',#4762);
#4762 = AXIS2_PLACEMENT_3D('',#4763,#4764,#4765);
#4763 = CARTESIAN_POINT('',(-0.95,6.67,-3.101963130803E-15));
#4764 = DIRECTION('',(0.,-1.,0.));
#4765 = DIRECTION('',(-1.,0.,0.));
#4766 = ADVANCED_FACE('',(#4767),#4785,.F.);
#4767 = FACE_BOUND('',#4768,.T.);
#4768 = EDGE_LOOP('',(#4769,#4770,#4771,#4779));
#4769 = ORIENTED_EDGE('',*,*,#4620,.F.);
#4770 = ORIENTED_EDGE('',*,*,#4589,.T.);
#4771 = ORIENTED_EDGE('',*,*,#4772,.F.);
#4772 = EDGE_CURVE('',#4773,#4590,#4775,.T.);
#4773 = VERTEX_POINT('',#4774);
#4774 = CARTESIAN_POINT('',(-1.15,6.47,8.38));
#4775 = LINE('',#4776,#4777);
#4776 = CARTESIAN_POINT('',(-1.123333333333,6.496666666667,
    8.353333333333));
#4777 = VECTOR('',#4778,1.);
#4778 = DIRECTION('',(0.57735026919,0.57735026919,-0.57735026919));
#4779 = ORIENTED_EDGE('',*,*,#4780,.F.);
#4780 = EDGE_CURVE('',#4621,#4773,#4781,.T.);
#4781 = LINE('',#4782,#4783);
#4782 = CARTESIAN_POINT('',(-1.15,6.03,8.38));
#4783 = VECTOR('',#4784,1.);
#4784 = DIRECTION('',(0.,1.,0.));
#4785 = PLANE('',#4786);
#4786 = AXIS2_PLACEMENT_3D('',#4787,#4788,#4789);
#4787 = CARTESIAN_POINT('',(-1.05,6.03,8.28));
#4788 = DIRECTION('',(-0.707106781187,0.,-0.707106781187));
#4789 = DIRECTION('',(-0.,-1.,-0.));
#4790 = ADVANCED_FACE('',(#4791),#4809,.F.);
#4791 = FACE_BOUND('',#4792,.T.);
#4792 = EDGE_LOOP('',(#4793,#4801,#4802,#4803));
#4793 = ORIENTED_EDGE('',*,*,#4794,.T.);
#4794 = EDGE_CURVE('',#4795,#4644,#4797,.T.);
#4795 = VERTEX_POINT('',#4796);
#4796 = CARTESIAN_POINT('',(-1.39,6.47,8.38));
#4797 = LINE('',#4798,#4799);
#4798 = CARTESIAN_POINT('',(-1.416666666667,6.496666666667,
    8.353333333333));
#4799 = VECTOR('',#4800,1.);
#4800 = DIRECTION('',(-0.57735026919,0.57735026919,-0.57735026919));
#4801 = ORIENTED_EDGE('',*,*,#4651,.T.);
#4802 = ORIENTED_EDGE('',*,*,#4611,.T.);
#4803 = ORIENTED_EDGE('',*,*,#4804,.F.);
#4804 = EDGE_CURVE('',#4795,#4612,#4805,.T.);
#4805 = LINE('',#4806,#4807);
#4806 = CARTESIAN_POINT('',(-1.39,6.67,8.38));
#4807 = VECTOR('',#4808,1.);
#4808 = DIRECTION('',(0.,-1.,0.));
#4809 = PLANE('',#4810);
#4810 = AXIS2_PLACEMENT_3D('',#4811,#4812,#4813);
#4811 = CARTESIAN_POINT('',(-1.49,6.67,8.28));
#4812 = DIRECTION('',(0.707106781187,0.,-0.707106781187));
#4813 = DIRECTION('',(0.,1.,0.));
#4814 = ADVANCED_FACE('',(#4815),#4826,.T.);
#4815 = FACE_BOUND('',#4816,.T.);
#4816 = EDGE_LOOP('',(#4817,#4818,#4819,#4820));
#4817 = ORIENTED_EDGE('',*,*,#4804,.T.);
#4818 = ORIENTED_EDGE('',*,*,#4628,.T.);
#4819 = ORIENTED_EDGE('',*,*,#4780,.T.);
#4820 = ORIENTED_EDGE('',*,*,#4821,.T.);
#4821 = EDGE_CURVE('',#4773,#4795,#4822,.T.);
#4822 = LINE('',#4823,#4824);
#4823 = CARTESIAN_POINT('',(-0.95,6.47,8.38));
#4824 = VECTOR('',#4825,1.);
#4825 = DIRECTION('',(-1.,0.,0.));
#4826 = PLANE('',#4827);
#4827 = AXIS2_PLACEMENT_3D('',#4828,#4829,#4830);
#4828 = CARTESIAN_POINT('',(-1.27,6.35,8.38));
#4829 = DIRECTION('',(0.,0.,1.));
#4830 = DIRECTION('',(1.,0.,0.));
#4831 = ADVANCED_FACE('',(#4832),#4838,.F.);
#4832 = FACE_BOUND('',#4833,.T.);
#4833 = EDGE_LOOP('',(#4834,#4835,#4836,#4837));
#4834 = ORIENTED_EDGE('',*,*,#4690,.F.);
#4835 = ORIENTED_EDGE('',*,*,#4739,.T.);
#4836 = ORIENTED_EDGE('',*,*,#4712,.F.);
#4837 = ORIENTED_EDGE('',*,*,#4673,.F.);
#4838 = PLANE('',#4839);
#4839 = AXIS2_PLACEMENT_3D('',#4840,#4841,#4842);
#4840 = CARTESIAN_POINT('',(-0.95,6.57,-2.44));
#4841 = DIRECTION('',(0.,-0.707106781187,0.707106781187));
#4842 = DIRECTION('',(1.,0.,0.));
#4843 = ADVANCED_FACE('',(#4844),#4850,.F.);
#4844 = FACE_BOUND('',#4845,.F.);
#4845 = EDGE_LOOP('',(#4846,#4847,#4848,#4849));
#4846 = ORIENTED_EDGE('',*,*,#4772,.F.);
#4847 = ORIENTED_EDGE('',*,*,#4821,.T.);
#4848 = ORIENTED_EDGE('',*,*,#4794,.T.);
#4849 = ORIENTED_EDGE('',*,*,#4755,.F.);
#4850 = PLANE('',#4851);
#4851 = AXIS2_PLACEMENT_3D('',#4852,#4853,#4854);
#4852 = CARTESIAN_POINT('',(-0.95,6.57,8.28));
#4853 = DIRECTION('',(0.,-0.707106781187,-0.707106781187));
#4854 = DIRECTION('',(-1.,0.,0.));
#4855 = MANIFOLD_SOLID_BREP('',#4856);
#4856 = CLOSED_SHELL('',(#4857,#4897,#4928,#4959,#4990,#5021,#5045,#5076
    ,#5100,#5122,#5146,#5170,#5187,#5204,#5228,#5252,#5269,#5281));
#4857 = ADVANCED_FACE('',(#4858),#4892,.T.);
#4858 = FACE_BOUND('',#4859,.T.);
#4859 = EDGE_LOOP('',(#4860,#4870,#4878,#4886));
#4860 = ORIENTED_EDGE('',*,*,#4861,.F.);
#4861 = EDGE_CURVE('',#4862,#4864,#4866,.T.);
#4862 = VERTEX_POINT('',#4863);
#4863 = CARTESIAN_POINT('',(-1.59,8.57,-3.383959779057E-15));
#4864 = VERTEX_POINT('',#4865);
#4865 = CARTESIAN_POINT('',(-0.95,8.57,-3.383959779057E-15));
#4866 = LINE('',#4867,#4868);
#4867 = CARTESIAN_POINT('',(-1.59,8.57,-3.383959779057E-15));
#4868 = VECTOR('',#4869,1.);
#4869 = DIRECTION('',(1.,0.,0.));
#4870 = ORIENTED_EDGE('',*,*,#4871,.T.);
#4871 = EDGE_CURVE('',#4862,#4872,#4874,.T.);
#4872 = VERTEX_POINT('',#4873);
#4873 = CARTESIAN_POINT('',(-1.59,8.57,-2.34));
#4874 = LINE('',#4875,#4876);
#4875 = CARTESIAN_POINT('',(-1.59,8.57,-3.383959779057E-15));
#4876 = VECTOR('',#4877,1.);
#4877 = DIRECTION('',(-0.,-0.,-1.));
#4878 = ORIENTED_EDGE('',*,*,#4879,.T.);
#4879 = EDGE_CURVE('',#4872,#4880,#4882,.T.);
#4880 = VERTEX_POINT('',#4881);
#4881 = CARTESIAN_POINT('',(-0.95,8.57,-2.34));
#4882 = LINE('',#4883,#4884);
#4883 = CARTESIAN_POINT('',(-1.59,8.57,-2.34));
#4884 = VECTOR('',#4885,1.);
#4885 = DIRECTION('',(1.,0.,0.));
#4886 = ORIENTED_EDGE('',*,*,#4887,.F.);
#4887 = EDGE_CURVE('',#4864,#4880,#4888,.T.);
#4888 = LINE('',#4889,#4890);
#4889 = CARTESIAN_POINT('',(-0.95,8.57,-3.383959779057E-15));
#4890 = VECTOR('',#4891,1.);
#4891 = DIRECTION('',(-0.,-0.,-1.));
#4892 = PLANE('',#4893);
#4893 = AXIS2_PLACEMENT_3D('',#4894,#4895,#4896);
#4894 = CARTESIAN_POINT('',(-1.59,8.57,-3.383959779057E-15));
#4895 = DIRECTION('',(0.,-1.,0.));
#4896 = DIRECTION('',(1.,0.,0.));
#4897 = ADVANCED_FACE('',(#4898),#4923,.F.);
#4898 = FACE_BOUND('',#4899,.F.);
#4899 = EDGE_LOOP('',(#4900,#4901,#4909,#4917));
#4900 = ORIENTED_EDGE('',*,*,#4861,.F.);
#4901 = ORIENTED_EDGE('',*,*,#4902,.T.);
#4902 = EDGE_CURVE('',#4862,#4903,#4905,.T.);
#4903 = VERTEX_POINT('',#4904);
#4904 = CARTESIAN_POINT('',(-1.59,8.57,8.18));
#4905 = LINE('',#4906,#4907);
#4906 = CARTESIAN_POINT('',(-1.59,8.57,-3.383959779057E-15));
#4907 = VECTOR('',#4908,1.);
#4908 = DIRECTION('',(0.,0.,1.));
#4909 = ORIENTED_EDGE('',*,*,#4910,.T.);
#4910 = EDGE_CURVE('',#4903,#4911,#4913,.T.);
#4911 = VERTEX_POINT('',#4912);
#4912 = CARTESIAN_POINT('',(-0.95,8.57,8.18));
#4913 = LINE('',#4914,#4915);
#4914 = CARTESIAN_POINT('',(-1.59,8.57,8.18));
#4915 = VECTOR('',#4916,1.);
#4916 = DIRECTION('',(1.,0.,0.));
#4917 = ORIENTED_EDGE('',*,*,#4918,.F.);
#4918 = EDGE_CURVE('',#4864,#4911,#4919,.T.);
#4919 = LINE('',#4920,#4921);
#4920 = CARTESIAN_POINT('',(-0.95,8.57,-3.383959779057E-15));
#4921 = VECTOR('',#4922,1.);
#4922 = DIRECTION('',(0.,0.,1.));
#4923 = PLANE('',#4924);
#4924 = AXIS2_PLACEMENT_3D('',#4925,#4926,#4927);
#4925 = CARTESIAN_POINT('',(-1.59,8.57,-3.383959779057E-15));
#4926 = DIRECTION('',(0.,1.,0.));
#4927 = DIRECTION('',(1.,0.,0.));
#4928 = ADVANCED_FACE('',(#4929),#4954,.T.);
#4929 = FACE_BOUND('',#4930,.T.);
#4930 = EDGE_LOOP('',(#4931,#4939,#4940,#4948));
#4931 = ORIENTED_EDGE('',*,*,#4932,.F.);
#4932 = EDGE_CURVE('',#4864,#4933,#4935,.T.);
#4933 = VERTEX_POINT('',#4934);
#4934 = CARTESIAN_POINT('',(-0.95,9.21,-3.383959779057E-15));
#4935 = LINE('',#4936,#4937);
#4936 = CARTESIAN_POINT('',(-0.95,8.57,-3.383959779057E-15));
#4937 = VECTOR('',#4938,1.);
#4938 = DIRECTION('',(0.,1.,0.));
#4939 = ORIENTED_EDGE('',*,*,#4887,.T.);
#4940 = ORIENTED_EDGE('',*,*,#4941,.T.);
#4941 = EDGE_CURVE('',#4880,#4942,#4944,.T.);
#4942 = VERTEX_POINT('',#4943);
#4943 = CARTESIAN_POINT('',(-0.95,9.21,-2.34));
#4944 = LINE('',#4945,#4946);
#4945 = CARTESIAN_POINT('',(-0.95,8.57,-2.34));
#4946 = VECTOR('',#4947,1.);
#4947 = DIRECTION('',(0.,1.,0.));
#4948 = ORIENTED_EDGE('',*,*,#4949,.F.);
#4949 = EDGE_CURVE('',#4933,#4942,#4950,.T.);
#4950 = LINE('',#4951,#4952);
#4951 = CARTESIAN_POINT('',(-0.95,9.21,-3.383959779057E-15));
#4952 = VECTOR('',#4953,1.);
#4953 = DIRECTION('',(-0.,-0.,-1.));
#4954 = PLANE('',#4955);
#4955 = AXIS2_PLACEMENT_3D('',#4956,#4957,#4958);
#4956 = CARTESIAN_POINT('',(-0.95,8.57,-3.383959779057E-15));
#4957 = DIRECTION('',(1.,0.,0.));
#4958 = DIRECTION('',(0.,1.,0.));
#4959 = ADVANCED_FACE('',(#4960),#4985,.F.);
#4960 = FACE_BOUND('',#4961,.F.);
#4961 = EDGE_LOOP('',(#4962,#4970,#4971,#4979));
#4962 = ORIENTED_EDGE('',*,*,#4963,.F.);
#4963 = EDGE_CURVE('',#4872,#4964,#4966,.T.);
#4964 = VERTEX_POINT('',#4965);
#4965 = CARTESIAN_POINT('',(-1.39,8.77,-2.54));
#4966 = LINE('',#4967,#4968);
#4967 = CARTESIAN_POINT('',(-1.416666666667,8.743333333333,
    -2.513333333333));
#4968 = VECTOR('',#4969,1.);
#4969 = DIRECTION('',(0.57735026919,0.57735026919,-0.57735026919));
#4970 = ORIENTED_EDGE('',*,*,#4879,.T.);
#4971 = ORIENTED_EDGE('',*,*,#4972,.T.);
#4972 = EDGE_CURVE('',#4880,#4973,#4975,.T.);
#4973 = VERTEX_POINT('',#4974);
#4974 = CARTESIAN_POINT('',(-1.15,8.77,-2.54));
#4975 = LINE('',#4976,#4977);
#4976 = CARTESIAN_POINT('',(-1.123333333333,8.743333333333,
    -2.513333333333));
#4977 = VECTOR('',#4978,1.);
#4978 = DIRECTION('',(-0.57735026919,0.57735026919,-0.57735026919));
#4979 = ORIENTED_EDGE('',*,*,#4980,.F.);
#4980 = EDGE_CURVE('',#4964,#4973,#4981,.T.);
#4981 = LINE('',#4982,#4983);
#4982 = CARTESIAN_POINT('',(-1.59,8.77,-2.54));
#4983 = VECTOR('',#4984,1.);
#4984 = DIRECTION('',(1.,0.,0.));
#4985 = PLANE('',#4986);
#4986 = AXIS2_PLACEMENT_3D('',#4987,#4988,#4989);
#4987 = CARTESIAN_POINT('',(-1.59,8.67,-2.44));
#4988 = DIRECTION('',(0.,0.707106781187,0.707106781187));
#4989 = DIRECTION('',(1.,0.,0.));
#4990 = ADVANCED_FACE('',(#4991),#5016,.T.);
#4991 = FACE_BOUND('',#4992,.T.);
#4992 = EDGE_LOOP('',(#4993,#5001,#5009,#5015));
#4993 = ORIENTED_EDGE('',*,*,#4994,.F.);
#4994 = EDGE_CURVE('',#4995,#4862,#4997,.T.);
#4995 = VERTEX_POINT('',#4996);
#4996 = CARTESIAN_POINT('',(-1.59,9.21,-3.383959779057E-15));
#4997 = LINE('',#4998,#4999);
#4998 = CARTESIAN_POINT('',(-1.59,9.21,-3.383959779057E-15));
#4999 = VECTOR('',#5000,1.);
#5000 = DIRECTION('',(0.,-1.,0.));
#5001 = ORIENTED_EDGE('',*,*,#5002,.T.);
#5002 = EDGE_CURVE('',#4995,#5003,#5005,.T.);
#5003 = VERTEX_POINT('',#5004);
#5004 = CARTESIAN_POINT('',(-1.59,9.21,-2.34));
#5005 = LINE('',#5006,#5007);
#5006 = CARTESIAN_POINT('',(-1.59,9.21,-3.383959779057E-15));
#5007 = VECTOR('',#5008,1.);
#5008 = DIRECTION('',(-0.,-0.,-1.));
#5009 = ORIENTED_EDGE('',*,*,#5010,.T.);
#5010 = EDGE_CURVE('',#5003,#4872,#5011,.T.);
#5011 = LINE('',#5012,#5013);
#5012 = CARTESIAN_POINT('',(-1.59,9.21,-2.34));
#5013 = VECTOR('',#5014,1.);
#5014 = DIRECTION('',(0.,-1.,0.));
#5015 = ORIENTED_EDGE('',*,*,#4871,.F.);
#5016 = PLANE('',#5017);
#5017 = AXIS2_PLACEMENT_3D('',#5018,#5019,#5020);
#5018 = CARTESIAN_POINT('',(-1.59,9.21,-3.383959779057E-15));
#5019 = DIRECTION('',(-1.,0.,0.));
#5020 = DIRECTION('',(0.,-1.,0.));
#5021 = ADVANCED_FACE('',(#5022),#5040,.F.);
#5022 = FACE_BOUND('',#5023,.F.);
#5023 = EDGE_LOOP('',(#5024,#5025,#5026,#5034));
#5024 = ORIENTED_EDGE('',*,*,#4932,.F.);
#5025 = ORIENTED_EDGE('',*,*,#4918,.T.);
#5026 = ORIENTED_EDGE('',*,*,#5027,.T.);
#5027 = EDGE_CURVE('',#4911,#5028,#5030,.T.);
#5028 = VERTEX_POINT('',#5029);
#5029 = CARTESIAN_POINT('',(-0.95,9.21,8.18));
#5030 = LINE('',#5031,#5032);
#5031 = CARTESIAN_POINT('',(-0.95,8.57,8.18));
#5032 = VECTOR('',#5033,1.);
#5033 = DIRECTION('',(0.,1.,0.));
#5034 = ORIENTED_EDGE('',*,*,#5035,.F.);
#5035 = EDGE_CURVE('',#4933,#5028,#5036,.T.);
#5036 = LINE('',#5037,#5038);
#5037 = CARTESIAN_POINT('',(-0.95,9.21,-3.383959779057E-15));
#5038 = VECTOR('',#5039,1.);
#5039 = DIRECTION('',(0.,0.,1.));
#5040 = PLANE('',#5041);
#5041 = AXIS2_PLACEMENT_3D('',#5042,#5043,#5044);
#5042 = CARTESIAN_POINT('',(-0.95,8.57,-3.383959779057E-15));
#5043 = DIRECTION('',(-1.,0.,0.));
#5044 = DIRECTION('',(0.,1.,0.));
#5045 = ADVANCED_FACE('',(#5046),#5071,.F.);
#5046 = FACE_BOUND('',#5047,.T.);
#5047 = EDGE_LOOP('',(#5048,#5056,#5057,#5065));
#5048 = ORIENTED_EDGE('',*,*,#5049,.F.);
#5049 = EDGE_CURVE('',#4903,#5050,#5052,.T.);
#5050 = VERTEX_POINT('',#5051);
#5051 = CARTESIAN_POINT('',(-1.39,8.77,8.38));
#5052 = LINE('',#5053,#5054);
#5053 = CARTESIAN_POINT('',(-1.416666666667,8.743333333333,
    8.353333333333));
#5054 = VECTOR('',#5055,1.);
#5055 = DIRECTION('',(0.57735026919,0.57735026919,0.57735026919));
#5056 = ORIENTED_EDGE('',*,*,#4910,.T.);
#5057 = ORIENTED_EDGE('',*,*,#5058,.T.);
#5058 = EDGE_CURVE('',#4911,#5059,#5061,.T.);
#5059 = VERTEX_POINT('',#5060);
#5060 = CARTESIAN_POINT('',(-1.15,8.77,8.38));
#5061 = LINE('',#5062,#5063);
#5062 = CARTESIAN_POINT('',(-1.123333333333,8.743333333333,
    8.353333333333));
#5063 = VECTOR('',#5064,1.);
#5064 = DIRECTION('',(-0.57735026919,0.57735026919,0.57735026919));
#5065 = ORIENTED_EDGE('',*,*,#5066,.F.);
#5066 = EDGE_CURVE('',#5050,#5059,#5067,.T.);
#5067 = LINE('',#5068,#5069);
#5068 = CARTESIAN_POINT('',(-1.59,8.77,8.38));
#5069 = VECTOR('',#5070,1.);
#5070 = DIRECTION('',(1.,0.,0.));
#5071 = PLANE('',#5072);
#5072 = AXIS2_PLACEMENT_3D('',#5073,#5074,#5075);
#5073 = CARTESIAN_POINT('',(-1.59,8.67,8.28));
#5074 = DIRECTION('',(0.,0.707106781187,-0.707106781187));
#5075 = DIRECTION('',(-1.,-0.,-0.));
#5076 = ADVANCED_FACE('',(#5077),#5095,.F.);
#5077 = FACE_BOUND('',#5078,.F.);
#5078 = EDGE_LOOP('',(#5079,#5080,#5088,#5094));
#5079 = ORIENTED_EDGE('',*,*,#4994,.F.);
#5080 = ORIENTED_EDGE('',*,*,#5081,.T.);
#5081 = EDGE_CURVE('',#4995,#5082,#5084,.T.);
#5082 = VERTEX_POINT('',#5083);
#5083 = CARTESIAN_POINT('',(-1.59,9.21,8.18));
#5084 = LINE('',#5085,#5086);
#5085 = CARTESIAN_POINT('',(-1.59,9.21,-3.383959779057E-15));
#5086 = VECTOR('',#5087,1.);
#5087 = DIRECTION('',(0.,0.,1.));
#5088 = ORIENTED_EDGE('',*,*,#5089,.T.);
#5089 = EDGE_CURVE('',#5082,#4903,#5090,.T.);
#5090 = LINE('',#5091,#5092);
#5091 = CARTESIAN_POINT('',(-1.59,9.21,8.18));
#5092 = VECTOR('',#5093,1.);
#5093 = DIRECTION('',(0.,-1.,0.));
#5094 = ORIENTED_EDGE('',*,*,#4902,.F.);
#5095 = PLANE('',#5096);
#5096 = AXIS2_PLACEMENT_3D('',#5097,#5098,#5099);
#5097 = CARTESIAN_POINT('',(-1.59,9.21,-3.383959779057E-15));
#5098 = DIRECTION('',(1.,0.,0.));
#5099 = DIRECTION('',(0.,-1.,0.));
#5100 = ADVANCED_FACE('',(#5101),#5117,.T.);
#5101 = FACE_BOUND('',#5102,.T.);
#5102 = EDGE_LOOP('',(#5103,#5109,#5110,#5116));
#5103 = ORIENTED_EDGE('',*,*,#5104,.F.);
#5104 = EDGE_CURVE('',#4933,#4995,#5105,.T.);
#5105 = LINE('',#5106,#5107);
#5106 = CARTESIAN_POINT('',(-0.95,9.21,-3.383959779057E-15));
#5107 = VECTOR('',#5108,1.);
#5108 = DIRECTION('',(-1.,0.,0.));
#5109 = ORIENTED_EDGE('',*,*,#4949,.T.);
#5110 = ORIENTED_EDGE('',*,*,#5111,.T.);
#5111 = EDGE_CURVE('',#4942,#5003,#5112,.T.);
#5112 = LINE('',#5113,#5114);
#5113 = CARTESIAN_POINT('',(-0.95,9.21,-2.34));
#5114 = VECTOR('',#5115,1.);
#5115 = DIRECTION('',(-1.,0.,0.));
#5116 = ORIENTED_EDGE('',*,*,#5002,.F.);
#5117 = PLANE('',#5118);
#5118 = AXIS2_PLACEMENT_3D('',#5119,#5120,#5121);
#5119 = CARTESIAN_POINT('',(-0.95,9.21,-3.383959779057E-15));
#5120 = DIRECTION('',(0.,1.,0.));
#5121 = DIRECTION('',(-1.,0.,0.));
#5122 = ADVANCED_FACE('',(#5123),#5141,.F.);
#5123 = FACE_BOUND('',#5124,.F.);
#5124 = EDGE_LOOP('',(#5125,#5126,#5127,#5135));
#5125 = ORIENTED_EDGE('',*,*,#4972,.F.);
#5126 = ORIENTED_EDGE('',*,*,#4941,.T.);
#5127 = ORIENTED_EDGE('',*,*,#5128,.F.);
#5128 = EDGE_CURVE('',#5129,#4942,#5131,.T.);
#5129 = VERTEX_POINT('',#5130);
#5130 = CARTESIAN_POINT('',(-1.15,9.01,-2.54));
#5131 = LINE('',#5132,#5133);
#5132 = CARTESIAN_POINT('',(-1.123333333333,9.036666666667,
    -2.513333333333));
#5133 = VECTOR('',#5134,1.);
#5134 = DIRECTION('',(0.57735026919,0.57735026919,0.57735026919));
#5135 = ORIENTED_EDGE('',*,*,#5136,.F.);
#5136 = EDGE_CURVE('',#4973,#5129,#5137,.T.);
#5137 = LINE('',#5138,#5139);
#5138 = CARTESIAN_POINT('',(-1.15,8.57,-2.54));
#5139 = VECTOR('',#5140,1.);
#5140 = DIRECTION('',(0.,1.,0.));
#5141 = PLANE('',#5142);
#5142 = AXIS2_PLACEMENT_3D('',#5143,#5144,#5145);
#5143 = CARTESIAN_POINT('',(-1.05,8.57,-2.44));
#5144 = DIRECTION('',(-0.707106781187,0.,0.707106781187));
#5145 = DIRECTION('',(0.,1.,0.));
#5146 = ADVANCED_FACE('',(#5147),#5165,.F.);
#5147 = FACE_BOUND('',#5148,.F.);
#5148 = EDGE_LOOP('',(#5149,#5157,#5158,#5159));
#5149 = ORIENTED_EDGE('',*,*,#5150,.F.);
#5150 = EDGE_CURVE('',#5003,#5151,#5153,.T.);
#5151 = VERTEX_POINT('',#5152);
#5152 = CARTESIAN_POINT('',(-1.39,9.01,-2.54));
#5153 = LINE('',#5154,#5155);
#5154 = CARTESIAN_POINT('',(-1.416666666667,9.036666666667,
    -2.513333333333));
#5155 = VECTOR('',#5156,1.);
#5156 = DIRECTION('',(0.57735026919,-0.57735026919,-0.57735026919));
#5157 = ORIENTED_EDGE('',*,*,#5010,.T.);
#5158 = ORIENTED_EDGE('',*,*,#4963,.T.);
#5159 = ORIENTED_EDGE('',*,*,#5160,.F.);
#5160 = EDGE_CURVE('',#5151,#4964,#5161,.T.);
#5161 = LINE('',#5162,#5163);
#5162 = CARTESIAN_POINT('',(-1.39,9.21,-2.54));
#5163 = VECTOR('',#5164,1.);
#5164 = DIRECTION('',(0.,-1.,0.));
#5165 = PLANE('',#5166);
#5166 = AXIS2_PLACEMENT_3D('',#5167,#5168,#5169);
#5167 = CARTESIAN_POINT('',(-1.49,9.21,-2.44));
#5168 = DIRECTION('',(0.707106781187,0.,0.707106781187));
#5169 = DIRECTION('',(0.,-1.,0.));
#5170 = ADVANCED_FACE('',(#5171),#5182,.F.);
#5171 = FACE_BOUND('',#5172,.F.);
#5172 = EDGE_LOOP('',(#5173,#5174,#5175,#5176));
#5173 = ORIENTED_EDGE('',*,*,#5160,.T.);
#5174 = ORIENTED_EDGE('',*,*,#4980,.T.);
#5175 = ORIENTED_EDGE('',*,*,#5136,.T.);
#5176 = ORIENTED_EDGE('',*,*,#5177,.T.);
#5177 = EDGE_CURVE('',#5129,#5151,#5178,.T.);
#5178 = LINE('',#5179,#5180);
#5179 = CARTESIAN_POINT('',(-0.95,9.01,-2.54));
#5180 = VECTOR('',#5181,1.);
#5181 = DIRECTION('',(-1.,0.,0.));
#5182 = PLANE('',#5183);
#5183 = AXIS2_PLACEMENT_3D('',#5184,#5185,#5186);
#5184 = CARTESIAN_POINT('',(-1.27,8.89,-2.54));
#5185 = DIRECTION('',(0.,0.,1.));
#5186 = DIRECTION('',(1.,0.,0.));
#5187 = ADVANCED_FACE('',(#5188),#5199,.F.);
#5188 = FACE_BOUND('',#5189,.F.);
#5189 = EDGE_LOOP('',(#5190,#5191,#5192,#5198));
#5190 = ORIENTED_EDGE('',*,*,#5104,.F.);
#5191 = ORIENTED_EDGE('',*,*,#5035,.T.);
#5192 = ORIENTED_EDGE('',*,*,#5193,.T.);
#5193 = EDGE_CURVE('',#5028,#5082,#5194,.T.);
#5194 = LINE('',#5195,#5196);
#5195 = CARTESIAN_POINT('',(-0.95,9.21,8.18));
#5196 = VECTOR('',#5197,1.);
#5197 = DIRECTION('',(-1.,0.,0.));
#5198 = ORIENTED_EDGE('',*,*,#5081,.F.);
#5199 = PLANE('',#5200);
#5200 = AXIS2_PLACEMENT_3D('',#5201,#5202,#5203);
#5201 = CARTESIAN_POINT('',(-0.95,9.21,-3.383959779057E-15));
#5202 = DIRECTION('',(0.,-1.,0.));
#5203 = DIRECTION('',(-1.,0.,0.));
#5204 = ADVANCED_FACE('',(#5205),#5223,.F.);
#5205 = FACE_BOUND('',#5206,.T.);
#5206 = EDGE_LOOP('',(#5207,#5208,#5209,#5217));
#5207 = ORIENTED_EDGE('',*,*,#5058,.F.);
#5208 = ORIENTED_EDGE('',*,*,#5027,.T.);
#5209 = ORIENTED_EDGE('',*,*,#5210,.F.);
#5210 = EDGE_CURVE('',#5211,#5028,#5213,.T.);
#5211 = VERTEX_POINT('',#5212);
#5212 = CARTESIAN_POINT('',(-1.15,9.01,8.38));
#5213 = LINE('',#5214,#5215);
#5214 = CARTESIAN_POINT('',(-1.123333333333,9.036666666667,
    8.353333333333));
#5215 = VECTOR('',#5216,1.);
#5216 = DIRECTION('',(0.57735026919,0.57735026919,-0.57735026919));
#5217 = ORIENTED_EDGE('',*,*,#5218,.F.);
#5218 = EDGE_CURVE('',#5059,#5211,#5219,.T.);
#5219 = LINE('',#5220,#5221);
#5220 = CARTESIAN_POINT('',(-1.15,8.57,8.38));
#5221 = VECTOR('',#5222,1.);
#5222 = DIRECTION('',(0.,1.,0.));
#5223 = PLANE('',#5224);
#5224 = AXIS2_PLACEMENT_3D('',#5225,#5226,#5227);
#5225 = CARTESIAN_POINT('',(-1.05,8.57,8.28));
#5226 = DIRECTION('',(-0.707106781187,0.,-0.707106781187));
#5227 = DIRECTION('',(-0.,-1.,-0.));
#5228 = ADVANCED_FACE('',(#5229),#5247,.F.);
#5229 = FACE_BOUND('',#5230,.T.);
#5230 = EDGE_LOOP('',(#5231,#5239,#5240,#5241));
#5231 = ORIENTED_EDGE('',*,*,#5232,.T.);
#5232 = EDGE_CURVE('',#5233,#5082,#5235,.T.);
#5233 = VERTEX_POINT('',#5234);
#5234 = CARTESIAN_POINT('',(-1.39,9.01,8.38));
#5235 = LINE('',#5236,#5237);
#5236 = CARTESIAN_POINT('',(-1.416666666667,9.036666666667,
    8.353333333333));
#5237 = VECTOR('',#5238,1.);
#5238 = DIRECTION('',(-0.57735026919,0.57735026919,-0.57735026919));
#5239 = ORIENTED_EDGE('',*,*,#5089,.T.);
#5240 = ORIENTED_EDGE('',*,*,#5049,.T.);
#5241 = ORIENTED_EDGE('',*,*,#5242,.F.);
#5242 = EDGE_CURVE('',#5233,#5050,#5243,.T.);
#5243 = LINE('',#5244,#5245);
#5244 = CARTESIAN_POINT('',(-1.39,9.21,8.38));
#5245 = VECTOR('',#5246,1.);
#5246 = DIRECTION('',(0.,-1.,0.));
#5247 = PLANE('',#5248);
#5248 = AXIS2_PLACEMENT_3D('',#5249,#5250,#5251);
#5249 = CARTESIAN_POINT('',(-1.49,9.21,8.28));
#5250 = DIRECTION('',(0.707106781187,0.,-0.707106781187));
#5251 = DIRECTION('',(0.,1.,0.));
#5252 = ADVANCED_FACE('',(#5253),#5264,.T.);
#5253 = FACE_BOUND('',#5254,.T.);
#5254 = EDGE_LOOP('',(#5255,#5256,#5257,#5258));
#5255 = ORIENTED_EDGE('',*,*,#5242,.T.);
#5256 = ORIENTED_EDGE('',*,*,#5066,.T.);
#5257 = ORIENTED_EDGE('',*,*,#5218,.T.);
#5258 = ORIENTED_EDGE('',*,*,#5259,.T.);
#5259 = EDGE_CURVE('',#5211,#5233,#5260,.T.);
#5260 = LINE('',#5261,#5262);
#5261 = CARTESIAN_POINT('',(-0.95,9.01,8.38));
#5262 = VECTOR('',#5263,1.);
#5263 = DIRECTION('',(-1.,0.,0.));
#5264 = PLANE('',#5265);
#5265 = AXIS2_PLACEMENT_3D('',#5266,#5267,#5268);
#5266 = CARTESIAN_POINT('',(-1.27,8.89,8.38));
#5267 = DIRECTION('',(0.,0.,1.));
#5268 = DIRECTION('',(1.,0.,0.));
#5269 = ADVANCED_FACE('',(#5270),#5276,.F.);
#5270 = FACE_BOUND('',#5271,.T.);
#5271 = EDGE_LOOP('',(#5272,#5273,#5274,#5275));
#5272 = ORIENTED_EDGE('',*,*,#5128,.F.);
#5273 = ORIENTED_EDGE('',*,*,#5177,.T.);
#5274 = ORIENTED_EDGE('',*,*,#5150,.F.);
#5275 = ORIENTED_EDGE('',*,*,#5111,.F.);
#5276 = PLANE('',#5277);
#5277 = AXIS2_PLACEMENT_3D('',#5278,#5279,#5280);
#5278 = CARTESIAN_POINT('',(-0.95,9.11,-2.44));
#5279 = DIRECTION('',(0.,-0.707106781187,0.707106781187));
#5280 = DIRECTION('',(1.,0.,0.));
#5281 = ADVANCED_FACE('',(#5282),#5288,.F.);
#5282 = FACE_BOUND('',#5283,.F.);
#5283 = EDGE_LOOP('',(#5284,#5285,#5286,#5287));
#5284 = ORIENTED_EDGE('',*,*,#5210,.F.);
#5285 = ORIENTED_EDGE('',*,*,#5259,.T.);
#5286 = ORIENTED_EDGE('',*,*,#5232,.T.);
#5287 = ORIENTED_EDGE('',*,*,#5193,.F.);
#5288 = PLANE('',#5289);
#5289 = AXIS2_PLACEMENT_3D('',#5290,#5291,#5292);
#5290 = CARTESIAN_POINT('',(-0.95,9.11,8.28));
#5291 = DIRECTION('',(0.,-0.707106781187,-0.707106781187));
#5292 = DIRECTION('',(-1.,0.,0.));
#5293 = MANIFOLD_SOLID_BREP('',#5294);
#5294 = CLOSED_SHELL('',(#5295,#5335,#5366,#5397,#5428,#5459,#5483,#5514
    ,#5538,#5560,#5584,#5608,#5625,#5642,#5666,#5690,#5707,#5719));
#5295 = ADVANCED_FACE('',(#5296),#5330,.T.);
#5296 = FACE_BOUND('',#5297,.T.);
#5297 = EDGE_LOOP('',(#5298,#5308,#5316,#5324));
#5298 = ORIENTED_EDGE('',*,*,#5299,.F.);
#5299 = EDGE_CURVE('',#5300,#5302,#5304,.T.);
#5300 = VERTEX_POINT('',#5301);
#5301 = CARTESIAN_POINT('',(-1.59,11.11,-3.665956427312E-15));
#5302 = VERTEX_POINT('',#5303);
#5303 = CARTESIAN_POINT('',(-0.95,11.11,-3.665956427312E-15));
#5304 = LINE('',#5305,#5306);
#5305 = CARTESIAN_POINT('',(-1.59,11.11,-3.665956427312E-15));
#5306 = VECTOR('',#5307,1.);
#5307 = DIRECTION('',(1.,0.,0.));
#5308 = ORIENTED_EDGE('',*,*,#5309,.T.);
#5309 = EDGE_CURVE('',#5300,#5310,#5312,.T.);
#5310 = VERTEX_POINT('',#5311);
#5311 = CARTESIAN_POINT('',(-1.59,11.11,-2.34));
#5312 = LINE('',#5313,#5314);
#5313 = CARTESIAN_POINT('',(-1.59,11.11,-3.665956427312E-15));
#5314 = VECTOR('',#5315,1.);
#5315 = DIRECTION('',(-0.,-0.,-1.));
#5316 = ORIENTED_EDGE('',*,*,#5317,.T.);
#5317 = EDGE_CURVE('',#5310,#5318,#5320,.T.);
#5318 = VERTEX_POINT('',#5319);
#5319 = CARTESIAN_POINT('',(-0.95,11.11,-2.34));
#5320 = LINE('',#5321,#5322);
#5321 = CARTESIAN_POINT('',(-1.59,11.11,-2.34));
#5322 = VECTOR('',#5323,1.);
#5323 = DIRECTION('',(1.,0.,0.));
#5324 = ORIENTED_EDGE('',*,*,#5325,.F.);
#5325 = EDGE_CURVE('',#5302,#5318,#5326,.T.);
#5326 = LINE('',#5327,#5328);
#5327 = CARTESIAN_POINT('',(-0.95,11.11,-3.665956427312E-15));
#5328 = VECTOR('',#5329,1.);
#5329 = DIRECTION('',(-0.,-0.,-1.));
#5330 = PLANE('',#5331);
#5331 = AXIS2_PLACEMENT_3D('',#5332,#5333,#5334);
#5332 = CARTESIAN_POINT('',(-1.59,11.11,-3.665956427312E-15));
#5333 = DIRECTION('',(0.,-1.,0.));
#5334 = DIRECTION('',(1.,0.,0.));
#5335 = ADVANCED_FACE('',(#5336),#5361,.F.);
#5336 = FACE_BOUND('',#5337,.F.);
#5337 = EDGE_LOOP('',(#5338,#5339,#5347,#5355));
#5338 = ORIENTED_EDGE('',*,*,#5299,.F.);
#5339 = ORIENTED_EDGE('',*,*,#5340,.T.);
#5340 = EDGE_CURVE('',#5300,#5341,#5343,.T.);
#5341 = VERTEX_POINT('',#5342);
#5342 = CARTESIAN_POINT('',(-1.59,11.11,8.18));
#5343 = LINE('',#5344,#5345);
#5344 = CARTESIAN_POINT('',(-1.59,11.11,-3.665956427312E-15));
#5345 = VECTOR('',#5346,1.);
#5346 = DIRECTION('',(0.,0.,1.));
#5347 = ORIENTED_EDGE('',*,*,#5348,.T.);
#5348 = EDGE_CURVE('',#5341,#5349,#5351,.T.);
#5349 = VERTEX_POINT('',#5350);
#5350 = CARTESIAN_POINT('',(-0.95,11.11,8.18));
#5351 = LINE('',#5352,#5353);
#5352 = CARTESIAN_POINT('',(-1.59,11.11,8.18));
#5353 = VECTOR('',#5354,1.);
#5354 = DIRECTION('',(1.,0.,0.));
#5355 = ORIENTED_EDGE('',*,*,#5356,.F.);
#5356 = EDGE_CURVE('',#5302,#5349,#5357,.T.);
#5357 = LINE('',#5358,#5359);
#5358 = CARTESIAN_POINT('',(-0.95,11.11,-3.665956427312E-15));
#5359 = VECTOR('',#5360,1.);
#5360 = DIRECTION('',(0.,0.,1.));
#5361 = PLANE('',#5362);
#5362 = AXIS2_PLACEMENT_3D('',#5363,#5364,#5365);
#5363 = CARTESIAN_POINT('',(-1.59,11.11,-3.665956427312E-15));
#5364 = DIRECTION('',(0.,1.,0.));
#5365 = DIRECTION('',(1.,0.,0.));
#5366 = ADVANCED_FACE('',(#5367),#5392,.T.);
#5367 = FACE_BOUND('',#5368,.T.);
#5368 = EDGE_LOOP('',(#5369,#5377,#5378,#5386));
#5369 = ORIENTED_EDGE('',*,*,#5370,.F.);
#5370 = EDGE_CURVE('',#5302,#5371,#5373,.T.);
#5371 = VERTEX_POINT('',#5372);
#5372 = CARTESIAN_POINT('',(-0.95,11.75,-3.665956427312E-15));
#5373 = LINE('',#5374,#5375);
#5374 = CARTESIAN_POINT('',(-0.95,11.11,-3.665956427312E-15));
#5375 = VECTOR('',#5376,1.);
#5376 = DIRECTION('',(0.,1.,0.));
#5377 = ORIENTED_EDGE('',*,*,#5325,.T.);
#5378 = ORIENTED_EDGE('',*,*,#5379,.T.);
#5379 = EDGE_CURVE('',#5318,#5380,#5382,.T.);
#5380 = VERTEX_POINT('',#5381);
#5381 = CARTESIAN_POINT('',(-0.95,11.75,-2.34));
#5382 = LINE('',#5383,#5384);
#5383 = CARTESIAN_POINT('',(-0.95,11.11,-2.34));
#5384 = VECTOR('',#5385,1.);
#5385 = DIRECTION('',(0.,1.,0.));
#5386 = ORIENTED_EDGE('',*,*,#5387,.F.);
#5387 = EDGE_CURVE('',#5371,#5380,#5388,.T.);
#5388 = LINE('',#5389,#5390);
#5389 = CARTESIAN_POINT('',(-0.95,11.75,-3.665956427312E-15));
#5390 = VECTOR('',#5391,1.);
#5391 = DIRECTION('',(-0.,-0.,-1.));
#5392 = PLANE('',#5393);
#5393 = AXIS2_PLACEMENT_3D('',#5394,#5395,#5396);
#5394 = CARTESIAN_POINT('',(-0.95,11.11,-3.665956427312E-15));
#5395 = DIRECTION('',(1.,0.,0.));
#5396 = DIRECTION('',(0.,1.,0.));
#5397 = ADVANCED_FACE('',(#5398),#5423,.F.);
#5398 = FACE_BOUND('',#5399,.F.);
#5399 = EDGE_LOOP('',(#5400,#5408,#5409,#5417));
#5400 = ORIENTED_EDGE('',*,*,#5401,.F.);
#5401 = EDGE_CURVE('',#5310,#5402,#5404,.T.);
#5402 = VERTEX_POINT('',#5403);
#5403 = CARTESIAN_POINT('',(-1.39,11.31,-2.54));
#5404 = LINE('',#5405,#5406);
#5405 = CARTESIAN_POINT('',(-1.416666666667,11.283333333333,
    -2.513333333333));
#5406 = VECTOR('',#5407,1.);
#5407 = DIRECTION('',(0.57735026919,0.57735026919,-0.57735026919));
#5408 = ORIENTED_EDGE('',*,*,#5317,.T.);
#5409 = ORIENTED_EDGE('',*,*,#5410,.T.);
#5410 = EDGE_CURVE('',#5318,#5411,#5413,.T.);
#5411 = VERTEX_POINT('',#5412);
#5412 = CARTESIAN_POINT('',(-1.15,11.31,-2.54));
#5413 = LINE('',#5414,#5415);
#5414 = CARTESIAN_POINT('',(-1.123333333333,11.283333333333,
    -2.513333333333));
#5415 = VECTOR('',#5416,1.);
#5416 = DIRECTION('',(-0.57735026919,0.57735026919,-0.57735026919));
#5417 = ORIENTED_EDGE('',*,*,#5418,.F.);
#5418 = EDGE_CURVE('',#5402,#5411,#5419,.T.);
#5419 = LINE('',#5420,#5421);
#5420 = CARTESIAN_POINT('',(-1.59,11.31,-2.54));
#5421 = VECTOR('',#5422,1.);
#5422 = DIRECTION('',(1.,0.,0.));
#5423 = PLANE('',#5424);
#5424 = AXIS2_PLACEMENT_3D('',#5425,#5426,#5427);
#5425 = CARTESIAN_POINT('',(-1.59,11.21,-2.44));
#5426 = DIRECTION('',(0.,0.707106781187,0.707106781187));
#5427 = DIRECTION('',(1.,0.,0.));
#5428 = ADVANCED_FACE('',(#5429),#5454,.T.);
#5429 = FACE_BOUND('',#5430,.T.);
#5430 = EDGE_LOOP('',(#5431,#5439,#5447,#5453));
#5431 = ORIENTED_EDGE('',*,*,#5432,.F.);
#5432 = EDGE_CURVE('',#5433,#5300,#5435,.T.);
#5433 = VERTEX_POINT('',#5434);
#5434 = CARTESIAN_POINT('',(-1.59,11.75,-3.665956427312E-15));
#5435 = LINE('',#5436,#5437);
#5436 = CARTESIAN_POINT('',(-1.59,11.75,-3.665956427312E-15));
#5437 = VECTOR('',#5438,1.);
#5438 = DIRECTION('',(0.,-1.,0.));
#5439 = ORIENTED_EDGE('',*,*,#5440,.T.);
#5440 = EDGE_CURVE('',#5433,#5441,#5443,.T.);
#5441 = VERTEX_POINT('',#5442);
#5442 = CARTESIAN_POINT('',(-1.59,11.75,-2.34));
#5443 = LINE('',#5444,#5445);
#5444 = CARTESIAN_POINT('',(-1.59,11.75,-3.665956427312E-15));
#5445 = VECTOR('',#5446,1.);
#5446 = DIRECTION('',(-0.,-0.,-1.));
#5447 = ORIENTED_EDGE('',*,*,#5448,.T.);
#5448 = EDGE_CURVE('',#5441,#5310,#5449,.T.);
#5449 = LINE('',#5450,#5451);
#5450 = CARTESIAN_POINT('',(-1.59,11.75,-2.34));
#5451 = VECTOR('',#5452,1.);
#5452 = DIRECTION('',(0.,-1.,0.));
#5453 = ORIENTED_EDGE('',*,*,#5309,.F.);
#5454 = PLANE('',#5455);
#5455 = AXIS2_PLACEMENT_3D('',#5456,#5457,#5458);
#5456 = CARTESIAN_POINT('',(-1.59,11.75,-3.665956427312E-15));
#5457 = DIRECTION('',(-1.,0.,0.));
#5458 = DIRECTION('',(0.,-1.,0.));
#5459 = ADVANCED_FACE('',(#5460),#5478,.F.);
#5460 = FACE_BOUND('',#5461,.F.);
#5461 = EDGE_LOOP('',(#5462,#5463,#5464,#5472));
#5462 = ORIENTED_EDGE('',*,*,#5370,.F.);
#5463 = ORIENTED_EDGE('',*,*,#5356,.T.);
#5464 = ORIENTED_EDGE('',*,*,#5465,.T.);
#5465 = EDGE_CURVE('',#5349,#5466,#5468,.T.);
#5466 = VERTEX_POINT('',#5467);
#5467 = CARTESIAN_POINT('',(-0.95,11.75,8.18));
#5468 = LINE('',#5469,#5470);
#5469 = CARTESIAN_POINT('',(-0.95,11.11,8.18));
#5470 = VECTOR('',#5471,1.);
#5471 = DIRECTION('',(0.,1.,0.));
#5472 = ORIENTED_EDGE('',*,*,#5473,.F.);
#5473 = EDGE_CURVE('',#5371,#5466,#5474,.T.);
#5474 = LINE('',#5475,#5476);
#5475 = CARTESIAN_POINT('',(-0.95,11.75,-3.665956427312E-15));
#5476 = VECTOR('',#5477,1.);
#5477 = DIRECTION('',(0.,0.,1.));
#5478 = PLANE('',#5479);
#5479 = AXIS2_PLACEMENT_3D('',#5480,#5481,#5482);
#5480 = CARTESIAN_POINT('',(-0.95,11.11,-3.665956427312E-15));
#5481 = DIRECTION('',(-1.,0.,0.));
#5482 = DIRECTION('',(0.,1.,0.));
#5483 = ADVANCED_FACE('',(#5484),#5509,.F.);
#5484 = FACE_BOUND('',#5485,.T.);
#5485 = EDGE_LOOP('',(#5486,#5494,#5495,#5503));
#5486 = ORIENTED_EDGE('',*,*,#5487,.F.);
#5487 = EDGE_CURVE('',#5341,#5488,#5490,.T.);
#5488 = VERTEX_POINT('',#5489);
#5489 = CARTESIAN_POINT('',(-1.39,11.31,8.38));
#5490 = LINE('',#5491,#5492);
#5491 = CARTESIAN_POINT('',(-1.416666666667,11.283333333333,
    8.353333333333));
#5492 = VECTOR('',#5493,1.);
#5493 = DIRECTION('',(0.57735026919,0.57735026919,0.57735026919));
#5494 = ORIENTED_EDGE('',*,*,#5348,.T.);
#5495 = ORIENTED_EDGE('',*,*,#5496,.T.);
#5496 = EDGE_CURVE('',#5349,#5497,#5499,.T.);
#5497 = VERTEX_POINT('',#5498);
#5498 = CARTESIAN_POINT('',(-1.15,11.31,8.38));
#5499 = LINE('',#5500,#5501);
#5500 = CARTESIAN_POINT('',(-1.123333333333,11.283333333333,
    8.353333333333));
#5501 = VECTOR('',#5502,1.);
#5502 = DIRECTION('',(-0.57735026919,0.57735026919,0.57735026919));
#5503 = ORIENTED_EDGE('',*,*,#5504,.F.);
#5504 = EDGE_CURVE('',#5488,#5497,#5505,.T.);
#5505 = LINE('',#5506,#5507);
#5506 = CARTESIAN_POINT('',(-1.59,11.31,8.38));
#5507 = VECTOR('',#5508,1.);
#5508 = DIRECTION('',(1.,0.,0.));
#5509 = PLANE('',#5510);
#5510 = AXIS2_PLACEMENT_3D('',#5511,#5512,#5513);
#5511 = CARTESIAN_POINT('',(-1.59,11.21,8.28));
#5512 = DIRECTION('',(0.,0.707106781187,-0.707106781187));
#5513 = DIRECTION('',(-1.,-0.,-0.));
#5514 = ADVANCED_FACE('',(#5515),#5533,.F.);
#5515 = FACE_BOUND('',#5516,.F.);
#5516 = EDGE_LOOP('',(#5517,#5518,#5526,#5532));
#5517 = ORIENTED_EDGE('',*,*,#5432,.F.);
#5518 = ORIENTED_EDGE('',*,*,#5519,.T.);
#5519 = EDGE_CURVE('',#5433,#5520,#5522,.T.);
#5520 = VERTEX_POINT('',#5521);
#5521 = CARTESIAN_POINT('',(-1.59,11.75,8.18));
#5522 = LINE('',#5523,#5524);
#5523 = CARTESIAN_POINT('',(-1.59,11.75,-3.665956427312E-15));
#5524 = VECTOR('',#5525,1.);
#5525 = DIRECTION('',(0.,0.,1.));
#5526 = ORIENTED_EDGE('',*,*,#5527,.T.);
#5527 = EDGE_CURVE('',#5520,#5341,#5528,.T.);
#5528 = LINE('',#5529,#5530);
#5529 = CARTESIAN_POINT('',(-1.59,11.75,8.18));
#5530 = VECTOR('',#5531,1.);
#5531 = DIRECTION('',(0.,-1.,0.));
#5532 = ORIENTED_EDGE('',*,*,#5340,.F.);
#5533 = PLANE('',#5534);
#5534 = AXIS2_PLACEMENT_3D('',#5535,#5536,#5537);
#5535 = CARTESIAN_POINT('',(-1.59,11.75,-3.665956427312E-15));
#5536 = DIRECTION('',(1.,0.,0.));
#5537 = DIRECTION('',(0.,-1.,0.));
#5538 = ADVANCED_FACE('',(#5539),#5555,.T.);
#5539 = FACE_BOUND('',#5540,.T.);
#5540 = EDGE_LOOP('',(#5541,#5547,#5548,#5554));
#5541 = ORIENTED_EDGE('',*,*,#5542,.F.);
#5542 = EDGE_CURVE('',#5371,#5433,#5543,.T.);
#5543 = LINE('',#5544,#5545);
#5544 = CARTESIAN_POINT('',(-0.95,11.75,-3.665956427312E-15));
#5545 = VECTOR('',#5546,1.);
#5546 = DIRECTION('',(-1.,0.,0.));
#5547 = ORIENTED_EDGE('',*,*,#5387,.T.);
#5548 = ORIENTED_EDGE('',*,*,#5549,.T.);
#5549 = EDGE_CURVE('',#5380,#5441,#5550,.T.);
#5550 = LINE('',#5551,#5552);
#5551 = CARTESIAN_POINT('',(-0.95,11.75,-2.34));
#5552 = VECTOR('',#5553,1.);
#5553 = DIRECTION('',(-1.,0.,0.));
#5554 = ORIENTED_EDGE('',*,*,#5440,.F.);
#5555 = PLANE('',#5556);
#5556 = AXIS2_PLACEMENT_3D('',#5557,#5558,#5559);
#5557 = CARTESIAN_POINT('',(-0.95,11.75,-3.665956427312E-15));
#5558 = DIRECTION('',(0.,1.,0.));
#5559 = DIRECTION('',(-1.,0.,0.));
#5560 = ADVANCED_FACE('',(#5561),#5579,.F.);
#5561 = FACE_BOUND('',#5562,.F.);
#5562 = EDGE_LOOP('',(#5563,#5564,#5565,#5573));
#5563 = ORIENTED_EDGE('',*,*,#5410,.F.);
#5564 = ORIENTED_EDGE('',*,*,#5379,.T.);
#5565 = ORIENTED_EDGE('',*,*,#5566,.F.);
#5566 = EDGE_CURVE('',#5567,#5380,#5569,.T.);
#5567 = VERTEX_POINT('',#5568);
#5568 = CARTESIAN_POINT('',(-1.15,11.55,-2.54));
#5569 = LINE('',#5570,#5571);
#5570 = CARTESIAN_POINT('',(-1.123333333333,11.576666666667,
    -2.513333333333));
#5571 = VECTOR('',#5572,1.);
#5572 = DIRECTION('',(0.57735026919,0.57735026919,0.57735026919));
#5573 = ORIENTED_EDGE('',*,*,#5574,.F.);
#5574 = EDGE_CURVE('',#5411,#5567,#5575,.T.);
#5575 = LINE('',#5576,#5577);
#5576 = CARTESIAN_POINT('',(-1.15,11.11,-2.54));
#5577 = VECTOR('',#5578,1.);
#5578 = DIRECTION('',(0.,1.,0.));
#5579 = PLANE('',#5580);
#5580 = AXIS2_PLACEMENT_3D('',#5581,#5582,#5583);
#5581 = CARTESIAN_POINT('',(-1.05,11.11,-2.44));
#5582 = DIRECTION('',(-0.707106781187,0.,0.707106781187));
#5583 = DIRECTION('',(0.,1.,0.));
#5584 = ADVANCED_FACE('',(#5585),#5603,.F.);
#5585 = FACE_BOUND('',#5586,.F.);
#5586 = EDGE_LOOP('',(#5587,#5595,#5596,#5597));
#5587 = ORIENTED_EDGE('',*,*,#5588,.F.);
#5588 = EDGE_CURVE('',#5441,#5589,#5591,.T.);
#5589 = VERTEX_POINT('',#5590);
#5590 = CARTESIAN_POINT('',(-1.39,11.55,-2.54));
#5591 = LINE('',#5592,#5593);
#5592 = CARTESIAN_POINT('',(-1.416666666667,11.576666666667,
    -2.513333333333));
#5593 = VECTOR('',#5594,1.);
#5594 = DIRECTION('',(0.57735026919,-0.57735026919,-0.57735026919));
#5595 = ORIENTED_EDGE('',*,*,#5448,.T.);
#5596 = ORIENTED_EDGE('',*,*,#5401,.T.);
#5597 = ORIENTED_EDGE('',*,*,#5598,.F.);
#5598 = EDGE_CURVE('',#5589,#5402,#5599,.T.);
#5599 = LINE('',#5600,#5601);
#5600 = CARTESIAN_POINT('',(-1.39,11.75,-2.54));
#5601 = VECTOR('',#5602,1.);
#5602 = DIRECTION('',(0.,-1.,0.));
#5603 = PLANE('',#5604);
#5604 = AXIS2_PLACEMENT_3D('',#5605,#5606,#5607);
#5605 = CARTESIAN_POINT('',(-1.49,11.75,-2.44));
#5606 = DIRECTION('',(0.707106781187,0.,0.707106781187));
#5607 = DIRECTION('',(0.,-1.,0.));
#5608 = ADVANCED_FACE('',(#5609),#5620,.F.);
#5609 = FACE_BOUND('',#5610,.F.);
#5610 = EDGE_LOOP('',(#5611,#5612,#5613,#5614));
#5611 = ORIENTED_EDGE('',*,*,#5598,.T.);
#5612 = ORIENTED_EDGE('',*,*,#5418,.T.);
#5613 = ORIENTED_EDGE('',*,*,#5574,.T.);
#5614 = ORIENTED_EDGE('',*,*,#5615,.T.);
#5615 = EDGE_CURVE('',#5567,#5589,#5616,.T.);
#5616 = LINE('',#5617,#5618);
#5617 = CARTESIAN_POINT('',(-0.95,11.55,-2.54));
#5618 = VECTOR('',#5619,1.);
#5619 = DIRECTION('',(-1.,0.,0.));
#5620 = PLANE('',#5621);
#5621 = AXIS2_PLACEMENT_3D('',#5622,#5623,#5624);
#5622 = CARTESIAN_POINT('',(-1.27,11.43,-2.54));
#5623 = DIRECTION('',(0.,0.,1.));
#5624 = DIRECTION('',(1.,0.,0.));
#5625 = ADVANCED_FACE('',(#5626),#5637,.F.);
#5626 = FACE_BOUND('',#5627,.F.);
#5627 = EDGE_LOOP('',(#5628,#5629,#5630,#5636));
#5628 = ORIENTED_EDGE('',*,*,#5542,.F.);
#5629 = ORIENTED_EDGE('',*,*,#5473,.T.);
#5630 = ORIENTED_EDGE('',*,*,#5631,.T.);
#5631 = EDGE_CURVE('',#5466,#5520,#5632,.T.);
#5632 = LINE('',#5633,#5634);
#5633 = CARTESIAN_POINT('',(-0.95,11.75,8.18));
#5634 = VECTOR('',#5635,1.);
#5635 = DIRECTION('',(-1.,0.,0.));
#5636 = ORIENTED_EDGE('',*,*,#5519,.F.);
#5637 = PLANE('',#5638);
#5638 = AXIS2_PLACEMENT_3D('',#5639,#5640,#5641);
#5639 = CARTESIAN_POINT('',(-0.95,11.75,-3.665956427312E-15));
#5640 = DIRECTION('',(0.,-1.,0.));
#5641 = DIRECTION('',(-1.,0.,0.));
#5642 = ADVANCED_FACE('',(#5643),#5661,.F.);
#5643 = FACE_BOUND('',#5644,.T.);
#5644 = EDGE_LOOP('',(#5645,#5646,#5647,#5655));
#5645 = ORIENTED_EDGE('',*,*,#5496,.F.);
#5646 = ORIENTED_EDGE('',*,*,#5465,.T.);
#5647 = ORIENTED_EDGE('',*,*,#5648,.F.);
#5648 = EDGE_CURVE('',#5649,#5466,#5651,.T.);
#5649 = VERTEX_POINT('',#5650);
#5650 = CARTESIAN_POINT('',(-1.15,11.55,8.38));
#5651 = LINE('',#5652,#5653);
#5652 = CARTESIAN_POINT('',(-1.123333333333,11.576666666667,
    8.353333333333));
#5653 = VECTOR('',#5654,1.);
#5654 = DIRECTION('',(0.57735026919,0.57735026919,-0.57735026919));
#5655 = ORIENTED_EDGE('',*,*,#5656,.F.);
#5656 = EDGE_CURVE('',#5497,#5649,#5657,.T.);
#5657 = LINE('',#5658,#5659);
#5658 = CARTESIAN_POINT('',(-1.15,11.11,8.38));
#5659 = VECTOR('',#5660,1.);
#5660 = DIRECTION('',(0.,1.,0.));
#5661 = PLANE('',#5662);
#5662 = AXIS2_PLACEMENT_3D('',#5663,#5664,#5665);
#5663 = CARTESIAN_POINT('',(-1.05,11.11,8.28));
#5664 = DIRECTION('',(-0.707106781187,0.,-0.707106781187));
#5665 = DIRECTION('',(-0.,-1.,-0.));
#5666 = ADVANCED_FACE('',(#5667),#5685,.F.);
#5667 = FACE_BOUND('',#5668,.T.);
#5668 = EDGE_LOOP('',(#5669,#5677,#5678,#5679));
#5669 = ORIENTED_EDGE('',*,*,#5670,.T.);
#5670 = EDGE_CURVE('',#5671,#5520,#5673,.T.);
#5671 = VERTEX_POINT('',#5672);
#5672 = CARTESIAN_POINT('',(-1.39,11.55,8.38));
#5673 = LINE('',#5674,#5675);
#5674 = CARTESIAN_POINT('',(-1.416666666667,11.576666666667,
    8.353333333333));
#5675 = VECTOR('',#5676,1.);
#5676 = DIRECTION('',(-0.57735026919,0.57735026919,-0.57735026919));
#5677 = ORIENTED_EDGE('',*,*,#5527,.T.);
#5678 = ORIENTED_EDGE('',*,*,#5487,.T.);
#5679 = ORIENTED_EDGE('',*,*,#5680,.F.);
#5680 = EDGE_CURVE('',#5671,#5488,#5681,.T.);
#5681 = LINE('',#5682,#5683);
#5682 = CARTESIAN_POINT('',(-1.39,11.75,8.38));
#5683 = VECTOR('',#5684,1.);
#5684 = DIRECTION('',(0.,-1.,0.));
#5685 = PLANE('',#5686);
#5686 = AXIS2_PLACEMENT_3D('',#5687,#5688,#5689);
#5687 = CARTESIAN_POINT('',(-1.49,11.75,8.28));
#5688 = DIRECTION('',(0.707106781187,0.,-0.707106781187));
#5689 = DIRECTION('',(0.,1.,0.));
#5690 = ADVANCED_FACE('',(#5691),#5702,.T.);
#5691 = FACE_BOUND('',#5692,.T.);
#5692 = EDGE_LOOP('',(#5693,#5694,#5695,#5696));
#5693 = ORIENTED_EDGE('',*,*,#5680,.T.);
#5694 = ORIENTED_EDGE('',*,*,#5504,.T.);
#5695 = ORIENTED_EDGE('',*,*,#5656,.T.);
#5696 = ORIENTED_EDGE('',*,*,#5697,.T.);
#5697 = EDGE_CURVE('',#5649,#5671,#5698,.T.);
#5698 = LINE('',#5699,#5700);
#5699 = CARTESIAN_POINT('',(-0.95,11.55,8.38));
#5700 = VECTOR('',#5701,1.);
#5701 = DIRECTION('',(-1.,0.,0.));
#5702 = PLANE('',#5703);
#5703 = AXIS2_PLACEMENT_3D('',#5704,#5705,#5706);
#5704 = CARTESIAN_POINT('',(-1.27,11.43,8.38));
#5705 = DIRECTION('',(0.,0.,1.));
#5706 = DIRECTION('',(1.,0.,0.));
#5707 = ADVANCED_FACE('',(#5708),#5714,.F.);
#5708 = FACE_BOUND('',#5709,.T.);
#5709 = EDGE_LOOP('',(#5710,#5711,#5712,#5713));
#5710 = ORIENTED_EDGE('',*,*,#5566,.F.);
#5711 = ORIENTED_EDGE('',*,*,#5615,.T.);
#5712 = ORIENTED_EDGE('',*,*,#5588,.F.);
#5713 = ORIENTED_EDGE('',*,*,#5549,.F.);
#5714 = PLANE('',#5715);
#5715 = AXIS2_PLACEMENT_3D('',#5716,#5717,#5718);
#5716 = CARTESIAN_POINT('',(-0.95,11.65,-2.44));
#5717 = DIRECTION('',(0.,-0.707106781187,0.707106781187));
#5718 = DIRECTION('',(1.,0.,0.));
#5719 = ADVANCED_FACE('',(#5720),#5726,.F.);
#5720 = FACE_BOUND('',#5721,.F.);
#5721 = EDGE_LOOP('',(#5722,#5723,#5724,#5725));
#5722 = ORIENTED_EDGE('',*,*,#5648,.F.);
#5723 = ORIENTED_EDGE('',*,*,#5697,.T.);
#5724 = ORIENTED_EDGE('',*,*,#5670,.T.);
#5725 = ORIENTED_EDGE('',*,*,#5631,.F.);
#5726 = PLANE('',#5727);
#5727 = AXIS2_PLACEMENT_3D('',#5728,#5729,#5730);
#5728 = CARTESIAN_POINT('',(-0.95,11.65,8.28));
#5729 = DIRECTION('',(0.,-0.707106781187,-0.707106781187));
#5730 = DIRECTION('',(-1.,0.,0.));
#5731 = MANIFOLD_SOLID_BREP('',#5732);
#5732 = CLOSED_SHELL('',(#5733,#5773,#5804,#5835,#5866,#5897,#5921,#5952
    ,#5976,#5998,#6022,#6046,#6063,#6080,#6104,#6128,#6145,#6157));
#5733 = ADVANCED_FACE('',(#5734),#5768,.T.);
#5734 = FACE_BOUND('',#5735,.T.);
#5735 = EDGE_LOOP('',(#5736,#5746,#5754,#5762));
#5736 = ORIENTED_EDGE('',*,*,#5737,.F.);
#5737 = EDGE_CURVE('',#5738,#5740,#5742,.T.);
#5738 = VERTEX_POINT('',#5739);
#5739 = CARTESIAN_POINT('',(-1.59,13.65,-3.947953075567E-15));
#5740 = VERTEX_POINT('',#5741);
#5741 = CARTESIAN_POINT('',(-0.95,13.65,-3.947953075567E-15));
#5742 = LINE('',#5743,#5744);
#5743 = CARTESIAN_POINT('',(-1.59,13.65,-3.947953075567E-15));
#5744 = VECTOR('',#5745,1.);
#5745 = DIRECTION('',(1.,0.,0.));
#5746 = ORIENTED_EDGE('',*,*,#5747,.T.);
#5747 = EDGE_CURVE('',#5738,#5748,#5750,.T.);
#5748 = VERTEX_POINT('',#5749);
#5749 = CARTESIAN_POINT('',(-1.59,13.65,-2.34));
#5750 = LINE('',#5751,#5752);
#5751 = CARTESIAN_POINT('',(-1.59,13.65,-3.947953075567E-15));
#5752 = VECTOR('',#5753,1.);
#5753 = DIRECTION('',(-0.,-0.,-1.));
#5754 = ORIENTED_EDGE('',*,*,#5755,.T.);
#5755 = EDGE_CURVE('',#5748,#5756,#5758,.T.);
#5756 = VERTEX_POINT('',#5757);
#5757 = CARTESIAN_POINT('',(-0.95,13.65,-2.34));
#5758 = LINE('',#5759,#5760);
#5759 = CARTESIAN_POINT('',(-1.59,13.65,-2.34));
#5760 = VECTOR('',#5761,1.);
#5761 = DIRECTION('',(1.,0.,0.));
#5762 = ORIENTED_EDGE('',*,*,#5763,.F.);
#5763 = EDGE_CURVE('',#5740,#5756,#5764,.T.);
#5764 = LINE('',#5765,#5766);
#5765 = CARTESIAN_POINT('',(-0.95,13.65,-3.947953075567E-15));
#5766 = VECTOR('',#5767,1.);
#5767 = DIRECTION('',(-0.,-0.,-1.));
#5768 = PLANE('',#5769);
#5769 = AXIS2_PLACEMENT_3D('',#5770,#5771,#5772);
#5770 = CARTESIAN_POINT('',(-1.59,13.65,-3.947953075567E-15));
#5771 = DIRECTION('',(0.,-1.,0.));
#5772 = DIRECTION('',(1.,0.,0.));
#5773 = ADVANCED_FACE('',(#5774),#5799,.F.);
#5774 = FACE_BOUND('',#5775,.F.);
#5775 = EDGE_LOOP('',(#5776,#5777,#5785,#5793));
#5776 = ORIENTED_EDGE('',*,*,#5737,.F.);
#5777 = ORIENTED_EDGE('',*,*,#5778,.T.);
#5778 = EDGE_CURVE('',#5738,#5779,#5781,.T.);
#5779 = VERTEX_POINT('',#5780);
#5780 = CARTESIAN_POINT('',(-1.59,13.65,8.18));
#5781 = LINE('',#5782,#5783);
#5782 = CARTESIAN_POINT('',(-1.59,13.65,-3.947953075567E-15));
#5783 = VECTOR('',#5784,1.);
#5784 = DIRECTION('',(0.,0.,1.));
#5785 = ORIENTED_EDGE('',*,*,#5786,.T.);
#5786 = EDGE_CURVE('',#5779,#5787,#5789,.T.);
#5787 = VERTEX_POINT('',#5788);
#5788 = CARTESIAN_POINT('',(-0.95,13.65,8.18));
#5789 = LINE('',#5790,#5791);
#5790 = CARTESIAN_POINT('',(-1.59,13.65,8.18));
#5791 = VECTOR('',#5792,1.);
#5792 = DIRECTION('',(1.,0.,0.));
#5793 = ORIENTED_EDGE('',*,*,#5794,.F.);
#5794 = EDGE_CURVE('',#5740,#5787,#5795,.T.);
#5795 = LINE('',#5796,#5797);
#5796 = CARTESIAN_POINT('',(-0.95,13.65,-3.947953075567E-15));
#5797 = VECTOR('',#5798,1.);
#5798 = DIRECTION('',(0.,0.,1.));
#5799 = PLANE('',#5800);
#5800 = AXIS2_PLACEMENT_3D('',#5801,#5802,#5803);
#5801 = CARTESIAN_POINT('',(-1.59,13.65,-3.947953075567E-15));
#5802 = DIRECTION('',(0.,1.,0.));
#5803 = DIRECTION('',(1.,0.,0.));
#5804 = ADVANCED_FACE('',(#5805),#5830,.T.);
#5805 = FACE_BOUND('',#5806,.T.);
#5806 = EDGE_LOOP('',(#5807,#5815,#5816,#5824));
#5807 = ORIENTED_EDGE('',*,*,#5808,.F.);
#5808 = EDGE_CURVE('',#5740,#5809,#5811,.T.);
#5809 = VERTEX_POINT('',#5810);
#5810 = CARTESIAN_POINT('',(-0.95,14.29,-3.947953075567E-15));
#5811 = LINE('',#5812,#5813);
#5812 = CARTESIAN_POINT('',(-0.95,13.65,-3.947953075567E-15));
#5813 = VECTOR('',#5814,1.);
#5814 = DIRECTION('',(0.,1.,0.));
#5815 = ORIENTED_EDGE('',*,*,#5763,.T.);
#5816 = ORIENTED_EDGE('',*,*,#5817,.T.);
#5817 = EDGE_CURVE('',#5756,#5818,#5820,.T.);
#5818 = VERTEX_POINT('',#5819);
#5819 = CARTESIAN_POINT('',(-0.95,14.29,-2.34));
#5820 = LINE('',#5821,#5822);
#5821 = CARTESIAN_POINT('',(-0.95,13.65,-2.34));
#5822 = VECTOR('',#5823,1.);
#5823 = DIRECTION('',(0.,1.,0.));
#5824 = ORIENTED_EDGE('',*,*,#5825,.F.);
#5825 = EDGE_CURVE('',#5809,#5818,#5826,.T.);
#5826 = LINE('',#5827,#5828);
#5827 = CARTESIAN_POINT('',(-0.95,14.29,-3.947953075567E-15));
#5828 = VECTOR('',#5829,1.);
#5829 = DIRECTION('',(-0.,-0.,-1.));
#5830 = PLANE('',#5831);
#5831 = AXIS2_PLACEMENT_3D('',#5832,#5833,#5834);
#5832 = CARTESIAN_POINT('',(-0.95,13.65,-3.947953075567E-15));
#5833 = DIRECTION('',(1.,0.,0.));
#5834 = DIRECTION('',(0.,1.,0.));
#5835 = ADVANCED_FACE('',(#5836),#5861,.F.);
#5836 = FACE_BOUND('',#5837,.F.);
#5837 = EDGE_LOOP('',(#5838,#5846,#5847,#5855));
#5838 = ORIENTED_EDGE('',*,*,#5839,.F.);
#5839 = EDGE_CURVE('',#5748,#5840,#5842,.T.);
#5840 = VERTEX_POINT('',#5841);
#5841 = CARTESIAN_POINT('',(-1.39,13.85,-2.54));
#5842 = LINE('',#5843,#5844);
#5843 = CARTESIAN_POINT('',(-1.416666666667,13.823333333333,
    -2.513333333333));
#5844 = VECTOR('',#5845,1.);
#5845 = DIRECTION('',(0.57735026919,0.57735026919,-0.57735026919));
#5846 = ORIENTED_EDGE('',*,*,#5755,.T.);
#5847 = ORIENTED_EDGE('',*,*,#5848,.T.);
#5848 = EDGE_CURVE('',#5756,#5849,#5851,.T.);
#5849 = VERTEX_POINT('',#5850);
#5850 = CARTESIAN_POINT('',(-1.15,13.85,-2.54));
#5851 = LINE('',#5852,#5853);
#5852 = CARTESIAN_POINT('',(-1.123333333333,13.823333333333,
    -2.513333333333));
#5853 = VECTOR('',#5854,1.);
#5854 = DIRECTION('',(-0.57735026919,0.57735026919,-0.57735026919));
#5855 = ORIENTED_EDGE('',*,*,#5856,.F.);
#5856 = EDGE_CURVE('',#5840,#5849,#5857,.T.);
#5857 = LINE('',#5858,#5859);
#5858 = CARTESIAN_POINT('',(-1.59,13.85,-2.54));
#5859 = VECTOR('',#5860,1.);
#5860 = DIRECTION('',(1.,0.,0.));
#5861 = PLANE('',#5862);
#5862 = AXIS2_PLACEMENT_3D('',#5863,#5864,#5865);
#5863 = CARTESIAN_POINT('',(-1.59,13.75,-2.44));
#5864 = DIRECTION('',(0.,0.707106781187,0.707106781187));
#5865 = DIRECTION('',(1.,0.,0.));
#5866 = ADVANCED_FACE('',(#5867),#5892,.T.);
#5867 = FACE_BOUND('',#5868,.T.);
#5868 = EDGE_LOOP('',(#5869,#5877,#5885,#5891));
#5869 = ORIENTED_EDGE('',*,*,#5870,.F.);
#5870 = EDGE_CURVE('',#5871,#5738,#5873,.T.);
#5871 = VERTEX_POINT('',#5872);
#5872 = CARTESIAN_POINT('',(-1.59,14.29,-3.947953075567E-15));
#5873 = LINE('',#5874,#5875);
#5874 = CARTESIAN_POINT('',(-1.59,14.29,-3.947953075567E-15));
#5875 = VECTOR('',#5876,1.);
#5876 = DIRECTION('',(0.,-1.,0.));
#5877 = ORIENTED_EDGE('',*,*,#5878,.T.);
#5878 = EDGE_CURVE('',#5871,#5879,#5881,.T.);
#5879 = VERTEX_POINT('',#5880);
#5880 = CARTESIAN_POINT('',(-1.59,14.29,-2.34));
#5881 = LINE('',#5882,#5883);
#5882 = CARTESIAN_POINT('',(-1.59,14.29,-3.947953075567E-15));
#5883 = VECTOR('',#5884,1.);
#5884 = DIRECTION('',(-0.,-0.,-1.));
#5885 = ORIENTED_EDGE('',*,*,#5886,.T.);
#5886 = EDGE_CURVE('',#5879,#5748,#5887,.T.);
#5887 = LINE('',#5888,#5889);
#5888 = CARTESIAN_POINT('',(-1.59,14.29,-2.34));
#5889 = VECTOR('',#5890,1.);
#5890 = DIRECTION('',(0.,-1.,0.));
#5891 = ORIENTED_EDGE('',*,*,#5747,.F.);
#5892 = PLANE('',#5893);
#5893 = AXIS2_PLACEMENT_3D('',#5894,#5895,#5896);
#5894 = CARTESIAN_POINT('',(-1.59,14.29,-3.947953075567E-15));
#5895 = DIRECTION('',(-1.,0.,0.));
#5896 = DIRECTION('',(0.,-1.,0.));
#5897 = ADVANCED_FACE('',(#5898),#5916,.F.);
#5898 = FACE_BOUND('',#5899,.F.);
#5899 = EDGE_LOOP('',(#5900,#5901,#5902,#5910));
#5900 = ORIENTED_EDGE('',*,*,#5808,.F.);
#5901 = ORIENTED_EDGE('',*,*,#5794,.T.);
#5902 = ORIENTED_EDGE('',*,*,#5903,.T.);
#5903 = EDGE_CURVE('',#5787,#5904,#5906,.T.);
#5904 = VERTEX_POINT('',#5905);
#5905 = CARTESIAN_POINT('',(-0.95,14.29,8.18));
#5906 = LINE('',#5907,#5908);
#5907 = CARTESIAN_POINT('',(-0.95,13.65,8.18));
#5908 = VECTOR('',#5909,1.);
#5909 = DIRECTION('',(0.,1.,0.));
#5910 = ORIENTED_EDGE('',*,*,#5911,.F.);
#5911 = EDGE_CURVE('',#5809,#5904,#5912,.T.);
#5912 = LINE('',#5913,#5914);
#5913 = CARTESIAN_POINT('',(-0.95,14.29,-3.947953075567E-15));
#5914 = VECTOR('',#5915,1.);
#5915 = DIRECTION('',(0.,0.,1.));
#5916 = PLANE('',#5917);
#5917 = AXIS2_PLACEMENT_3D('',#5918,#5919,#5920);
#5918 = CARTESIAN_POINT('',(-0.95,13.65,-3.947953075567E-15));
#5919 = DIRECTION('',(-1.,0.,0.));
#5920 = DIRECTION('',(0.,1.,0.));
#5921 = ADVANCED_FACE('',(#5922),#5947,.F.);
#5922 = FACE_BOUND('',#5923,.T.);
#5923 = EDGE_LOOP('',(#5924,#5932,#5933,#5941));
#5924 = ORIENTED_EDGE('',*,*,#5925,.F.);
#5925 = EDGE_CURVE('',#5779,#5926,#5928,.T.);
#5926 = VERTEX_POINT('',#5927);
#5927 = CARTESIAN_POINT('',(-1.39,13.85,8.38));
#5928 = LINE('',#5929,#5930);
#5929 = CARTESIAN_POINT('',(-1.416666666667,13.823333333333,
    8.353333333333));
#5930 = VECTOR('',#5931,1.);
#5931 = DIRECTION('',(0.57735026919,0.57735026919,0.57735026919));
#5932 = ORIENTED_EDGE('',*,*,#5786,.T.);
#5933 = ORIENTED_EDGE('',*,*,#5934,.T.);
#5934 = EDGE_CURVE('',#5787,#5935,#5937,.T.);
#5935 = VERTEX_POINT('',#5936);
#5936 = CARTESIAN_POINT('',(-1.15,13.85,8.38));
#5937 = LINE('',#5938,#5939);
#5938 = CARTESIAN_POINT('',(-1.123333333333,13.823333333333,
    8.353333333333));
#5939 = VECTOR('',#5940,1.);
#5940 = DIRECTION('',(-0.57735026919,0.57735026919,0.57735026919));
#5941 = ORIENTED_EDGE('',*,*,#5942,.F.);
#5942 = EDGE_CURVE('',#5926,#5935,#5943,.T.);
#5943 = LINE('',#5944,#5945);
#5944 = CARTESIAN_POINT('',(-1.59,13.85,8.38));
#5945 = VECTOR('',#5946,1.);
#5946 = DIRECTION('',(1.,0.,0.));
#5947 = PLANE('',#5948);
#5948 = AXIS2_PLACEMENT_3D('',#5949,#5950,#5951);
#5949 = CARTESIAN_POINT('',(-1.59,13.75,8.28));
#5950 = DIRECTION('',(0.,0.707106781187,-0.707106781187));
#5951 = DIRECTION('',(-1.,-0.,-0.));
#5952 = ADVANCED_FACE('',(#5953),#5971,.F.);
#5953 = FACE_BOUND('',#5954,.F.);
#5954 = EDGE_LOOP('',(#5955,#5956,#5964,#5970));
#5955 = ORIENTED_EDGE('',*,*,#5870,.F.);
#5956 = ORIENTED_EDGE('',*,*,#5957,.T.);
#5957 = EDGE_CURVE('',#5871,#5958,#5960,.T.);
#5958 = VERTEX_POINT('',#5959);
#5959 = CARTESIAN_POINT('',(-1.59,14.29,8.18));
#5960 = LINE('',#5961,#5962);
#5961 = CARTESIAN_POINT('',(-1.59,14.29,-3.947953075567E-15));
#5962 = VECTOR('',#5963,1.);
#5963 = DIRECTION('',(0.,0.,1.));
#5964 = ORIENTED_EDGE('',*,*,#5965,.T.);
#5965 = EDGE_CURVE('',#5958,#5779,#5966,.T.);
#5966 = LINE('',#5967,#5968);
#5967 = CARTESIAN_POINT('',(-1.59,14.29,8.18));
#5968 = VECTOR('',#5969,1.);
#5969 = DIRECTION('',(0.,-1.,0.));
#5970 = ORIENTED_EDGE('',*,*,#5778,.F.);
#5971 = PLANE('',#5972);
#5972 = AXIS2_PLACEMENT_3D('',#5973,#5974,#5975);
#5973 = CARTESIAN_POINT('',(-1.59,14.29,-3.947953075567E-15));
#5974 = DIRECTION('',(1.,0.,0.));
#5975 = DIRECTION('',(0.,-1.,0.));
#5976 = ADVANCED_FACE('',(#5977),#5993,.T.);
#5977 = FACE_BOUND('',#5978,.T.);
#5978 = EDGE_LOOP('',(#5979,#5985,#5986,#5992));
#5979 = ORIENTED_EDGE('',*,*,#5980,.F.);
#5980 = EDGE_CURVE('',#5809,#5871,#5981,.T.);
#5981 = LINE('',#5982,#5983);
#5982 = CARTESIAN_POINT('',(-0.95,14.29,-3.947953075567E-15));
#5983 = VECTOR('',#5984,1.);
#5984 = DIRECTION('',(-1.,0.,0.));
#5985 = ORIENTED_EDGE('',*,*,#5825,.T.);
#5986 = ORIENTED_EDGE('',*,*,#5987,.T.);
#5987 = EDGE_CURVE('',#5818,#5879,#5988,.T.);
#5988 = LINE('',#5989,#5990);
#5989 = CARTESIAN_POINT('',(-0.95,14.29,-2.34));
#5990 = VECTOR('',#5991,1.);
#5991 = DIRECTION('',(-1.,0.,0.));
#5992 = ORIENTED_EDGE('',*,*,#5878,.F.);
#5993 = PLANE('',#5994);
#5994 = AXIS2_PLACEMENT_3D('',#5995,#5996,#5997);
#5995 = CARTESIAN_POINT('',(-0.95,14.29,-3.947953075567E-15));
#5996 = DIRECTION('',(0.,1.,0.));
#5997 = DIRECTION('',(-1.,0.,0.));
#5998 = ADVANCED_FACE('',(#5999),#6017,.F.);
#5999 = FACE_BOUND('',#6000,.F.);
#6000 = EDGE_LOOP('',(#6001,#6002,#6003,#6011));
#6001 = ORIENTED_EDGE('',*,*,#5848,.F.);
#6002 = ORIENTED_EDGE('',*,*,#5817,.T.);
#6003 = ORIENTED_EDGE('',*,*,#6004,.F.);
#6004 = EDGE_CURVE('',#6005,#5818,#6007,.T.);
#6005 = VERTEX_POINT('',#6006);
#6006 = CARTESIAN_POINT('',(-1.15,14.09,-2.54));
#6007 = LINE('',#6008,#6009);
#6008 = CARTESIAN_POINT('',(-1.123333333333,14.116666666667,
    -2.513333333333));
#6009 = VECTOR('',#6010,1.);
#6010 = DIRECTION('',(0.57735026919,0.57735026919,0.57735026919));
#6011 = ORIENTED_EDGE('',*,*,#6012,.F.);
#6012 = EDGE_CURVE('',#5849,#6005,#6013,.T.);
#6013 = LINE('',#6014,#6015);
#6014 = CARTESIAN_POINT('',(-1.15,13.65,-2.54));
#6015 = VECTOR('',#6016,1.);
#6016 = DIRECTION('',(0.,1.,0.));
#6017 = PLANE('',#6018);
#6018 = AXIS2_PLACEMENT_3D('',#6019,#6020,#6021);
#6019 = CARTESIAN_POINT('',(-1.05,13.65,-2.44));
#6020 = DIRECTION('',(-0.707106781187,0.,0.707106781187));
#6021 = DIRECTION('',(0.,1.,0.));
#6022 = ADVANCED_FACE('',(#6023),#6041,.F.);
#6023 = FACE_BOUND('',#6024,.F.);
#6024 = EDGE_LOOP('',(#6025,#6033,#6034,#6035));
#6025 = ORIENTED_EDGE('',*,*,#6026,.F.);
#6026 = EDGE_CURVE('',#5879,#6027,#6029,.T.);
#6027 = VERTEX_POINT('',#6028);
#6028 = CARTESIAN_POINT('',(-1.39,14.09,-2.54));
#6029 = LINE('',#6030,#6031);
#6030 = CARTESIAN_POINT('',(-1.416666666667,14.116666666667,
    -2.513333333333));
#6031 = VECTOR('',#6032,1.);
#6032 = DIRECTION('',(0.57735026919,-0.57735026919,-0.57735026919));
#6033 = ORIENTED_EDGE('',*,*,#5886,.T.);
#6034 = ORIENTED_EDGE('',*,*,#5839,.T.);
#6035 = ORIENTED_EDGE('',*,*,#6036,.F.);
#6036 = EDGE_CURVE('',#6027,#5840,#6037,.T.);
#6037 = LINE('',#6038,#6039);
#6038 = CARTESIAN_POINT('',(-1.39,14.29,-2.54));
#6039 = VECTOR('',#6040,1.);
#6040 = DIRECTION('',(0.,-1.,0.));
#6041 = PLANE('',#6042);
#6042 = AXIS2_PLACEMENT_3D('',#6043,#6044,#6045);
#6043 = CARTESIAN_POINT('',(-1.49,14.29,-2.44));
#6044 = DIRECTION('',(0.707106781187,0.,0.707106781187));
#6045 = DIRECTION('',(0.,-1.,0.));
#6046 = ADVANCED_FACE('',(#6047),#6058,.F.);
#6047 = FACE_BOUND('',#6048,.F.);
#6048 = EDGE_LOOP('',(#6049,#6050,#6051,#6052));
#6049 = ORIENTED_EDGE('',*,*,#6036,.T.);
#6050 = ORIENTED_EDGE('',*,*,#5856,.T.);
#6051 = ORIENTED_EDGE('',*,*,#6012,.T.);
#6052 = ORIENTED_EDGE('',*,*,#6053,.T.);
#6053 = EDGE_CURVE('',#6005,#6027,#6054,.T.);
#6054 = LINE('',#6055,#6056);
#6055 = CARTESIAN_POINT('',(-0.95,14.09,-2.54));
#6056 = VECTOR('',#6057,1.);
#6057 = DIRECTION('',(-1.,0.,0.));
#6058 = PLANE('',#6059);
#6059 = AXIS2_PLACEMENT_3D('',#6060,#6061,#6062);
#6060 = CARTESIAN_POINT('',(-1.27,13.97,-2.54));
#6061 = DIRECTION('',(0.,0.,1.));
#6062 = DIRECTION('',(1.,0.,0.));
#6063 = ADVANCED_FACE('',(#6064),#6075,.F.);
#6064 = FACE_BOUND('',#6065,.F.);
#6065 = EDGE_LOOP('',(#6066,#6067,#6068,#6074));
#6066 = ORIENTED_EDGE('',*,*,#5980,.F.);
#6067 = ORIENTED_EDGE('',*,*,#5911,.T.);
#6068 = ORIENTED_EDGE('',*,*,#6069,.T.);
#6069 = EDGE_CURVE('',#5904,#5958,#6070,.T.);
#6070 = LINE('',#6071,#6072);
#6071 = CARTESIAN_POINT('',(-0.95,14.29,8.18));
#6072 = VECTOR('',#6073,1.);
#6073 = DIRECTION('',(-1.,0.,0.));
#6074 = ORIENTED_EDGE('',*,*,#5957,.F.);
#6075 = PLANE('',#6076);
#6076 = AXIS2_PLACEMENT_3D('',#6077,#6078,#6079);
#6077 = CARTESIAN_POINT('',(-0.95,14.29,-3.947953075567E-15));
#6078 = DIRECTION('',(0.,-1.,0.));
#6079 = DIRECTION('',(-1.,0.,0.));
#6080 = ADVANCED_FACE('',(#6081),#6099,.F.);
#6081 = FACE_BOUND('',#6082,.T.);
#6082 = EDGE_LOOP('',(#6083,#6084,#6085,#6093));
#6083 = ORIENTED_EDGE('',*,*,#5934,.F.);
#6084 = ORIENTED_EDGE('',*,*,#5903,.T.);
#6085 = ORIENTED_EDGE('',*,*,#6086,.F.);
#6086 = EDGE_CURVE('',#6087,#5904,#6089,.T.);
#6087 = VERTEX_POINT('',#6088);
#6088 = CARTESIAN_POINT('',(-1.15,14.09,8.38));
#6089 = LINE('',#6090,#6091);
#6090 = CARTESIAN_POINT('',(-1.123333333333,14.116666666667,
    8.353333333333));
#6091 = VECTOR('',#6092,1.);
#6092 = DIRECTION('',(0.57735026919,0.57735026919,-0.57735026919));
#6093 = ORIENTED_EDGE('',*,*,#6094,.F.);
#6094 = EDGE_CURVE('',#5935,#6087,#6095,.T.);
#6095 = LINE('',#6096,#6097);
#6096 = CARTESIAN_POINT('',(-1.15,13.65,8.38));
#6097 = VECTOR('',#6098,1.);
#6098 = DIRECTION('',(0.,1.,0.));
#6099 = PLANE('',#6100);
#6100 = AXIS2_PLACEMENT_3D('',#6101,#6102,#6103);
#6101 = CARTESIAN_POINT('',(-1.05,13.65,8.28));
#6102 = DIRECTION('',(-0.707106781187,0.,-0.707106781187));
#6103 = DIRECTION('',(-0.,-1.,-0.));
#6104 = ADVANCED_FACE('',(#6105),#6123,.F.);
#6105 = FACE_BOUND('',#6106,.T.);
#6106 = EDGE_LOOP('',(#6107,#6115,#6116,#6117));
#6107 = ORIENTED_EDGE('',*,*,#6108,.T.);
#6108 = EDGE_CURVE('',#6109,#5958,#6111,.T.);
#6109 = VERTEX_POINT('',#6110);
#6110 = CARTESIAN_POINT('',(-1.39,14.09,8.38));
#6111 = LINE('',#6112,#6113);
#6112 = CARTESIAN_POINT('',(-1.416666666667,14.116666666667,
    8.353333333333));
#6113 = VECTOR('',#6114,1.);
#6114 = DIRECTION('',(-0.57735026919,0.57735026919,-0.57735026919));
#6115 = ORIENTED_EDGE('',*,*,#5965,.T.);
#6116 = ORIENTED_EDGE('',*,*,#5925,.T.);
#6117 = ORIENTED_EDGE('',*,*,#6118,.F.);
#6118 = EDGE_CURVE('',#6109,#5926,#6119,.T.);
#6119 = LINE('',#6120,#6121);
#6120 = CARTESIAN_POINT('',(-1.39,14.29,8.38));
#6121 = VECTOR('',#6122,1.);
#6122 = DIRECTION('',(0.,-1.,0.));
#6123 = PLANE('',#6124);
#6124 = AXIS2_PLACEMENT_3D('',#6125,#6126,#6127);
#6125 = CARTESIAN_POINT('',(-1.49,14.29,8.28));
#6126 = DIRECTION('',(0.707106781187,0.,-0.707106781187));
#6127 = DIRECTION('',(0.,1.,0.));
#6128 = ADVANCED_FACE('',(#6129),#6140,.T.);
#6129 = FACE_BOUND('',#6130,.T.);
#6130 = EDGE_LOOP('',(#6131,#6132,#6133,#6134));
#6131 = ORIENTED_EDGE('',*,*,#6118,.T.);
#6132 = ORIENTED_EDGE('',*,*,#5942,.T.);
#6133 = ORIENTED_EDGE('',*,*,#6094,.T.);
#6134 = ORIENTED_EDGE('',*,*,#6135,.T.);
#6135 = EDGE_CURVE('',#6087,#6109,#6136,.T.);
#6136 = LINE('',#6137,#6138);
#6137 = CARTESIAN_POINT('',(-0.95,14.09,8.38));
#6138 = VECTOR('',#6139,1.);
#6139 = DIRECTION('',(-1.,0.,0.));
#6140 = PLANE('',#6141);
#6141 = AXIS2_PLACEMENT_3D('',#6142,#6143,#6144);
#6142 = CARTESIAN_POINT('',(-1.27,13.97,8.38));
#6143 = DIRECTION('',(0.,0.,1.));
#6144 = DIRECTION('',(1.,0.,0.));
#6145 = ADVANCED_FACE('',(#6146),#6152,.F.);
#6146 = FACE_BOUND('',#6147,.T.);
#6147 = EDGE_LOOP('',(#6148,#6149,#6150,#6151));
#6148 = ORIENTED_EDGE('',*,*,#6004,.F.);
#6149 = ORIENTED_EDGE('',*,*,#6053,.T.);
#6150 = ORIENTED_EDGE('',*,*,#6026,.F.);
#6151 = ORIENTED_EDGE('',*,*,#5987,.F.);
#6152 = PLANE('',#6153);
#6153 = AXIS2_PLACEMENT_3D('',#6154,#6155,#6156);
#6154 = CARTESIAN_POINT('',(-0.95,14.19,-2.44));
#6155 = DIRECTION('',(0.,-0.707106781187,0.707106781187));
#6156 = DIRECTION('',(1.,0.,0.));
#6157 = ADVANCED_FACE('',(#6158),#6164,.F.);
#6158 = FACE_BOUND('',#6159,.F.);
#6159 = EDGE_LOOP('',(#6160,#6161,#6162,#6163));
#6160 = ORIENTED_EDGE('',*,*,#6086,.F.);
#6161 = ORIENTED_EDGE('',*,*,#6135,.T.);
#6162 = ORIENTED_EDGE('',*,*,#6108,.T.);
#6163 = ORIENTED_EDGE('',*,*,#6069,.F.);
#6164 = PLANE('',#6165);
#6165 = AXIS2_PLACEMENT_3D('',#6166,#6167,#6168);
#6166 = CARTESIAN_POINT('',(-0.95,14.19,8.28));
#6167 = DIRECTION('',(0.,-0.707106781187,-0.707106781187));
#6168 = DIRECTION('',(-1.,0.,0.));
#6169 = MANIFOLD_SOLID_BREP('',#6170);
#6170 = CLOSED_SHELL('',(#6171,#6211,#6242,#6273,#6304,#6335,#6359,#6390
    ,#6414,#6436,#6460,#6484,#6501,#6518,#6542,#6566,#6583,#6595));
#6171 = ADVANCED_FACE('',(#6172),#6206,.T.);
#6172 = FACE_BOUND('',#6173,.T.);
#6173 = EDGE_LOOP('',(#6174,#6184,#6192,#6200));
#6174 = ORIENTED_EDGE('',*,*,#6175,.F.);
#6175 = EDGE_CURVE('',#6176,#6178,#6180,.T.);
#6176 = VERTEX_POINT('',#6177);
#6177 = CARTESIAN_POINT('',(-1.59,16.19,-4.229949723822E-15));
#6178 = VERTEX_POINT('',#6179);
#6179 = CARTESIAN_POINT('',(-0.95,16.19,-4.229949723822E-15));
#6180 = LINE('',#6181,#6182);
#6181 = CARTESIAN_POINT('',(-1.59,16.19,-4.229949723822E-15));
#6182 = VECTOR('',#6183,1.);
#6183 = DIRECTION('',(1.,0.,0.));
#6184 = ORIENTED_EDGE('',*,*,#6185,.T.);
#6185 = EDGE_CURVE('',#6176,#6186,#6188,.T.);
#6186 = VERTEX_POINT('',#6187);
#6187 = CARTESIAN_POINT('',(-1.59,16.19,-2.34));
#6188 = LINE('',#6189,#6190);
#6189 = CARTESIAN_POINT('',(-1.59,16.19,-4.229949723822E-15));
#6190 = VECTOR('',#6191,1.);
#6191 = DIRECTION('',(-0.,-0.,-1.));
#6192 = ORIENTED_EDGE('',*,*,#6193,.T.);
#6193 = EDGE_CURVE('',#6186,#6194,#6196,.T.);
#6194 = VERTEX_POINT('',#6195);
#6195 = CARTESIAN_POINT('',(-0.95,16.19,-2.34));
#6196 = LINE('',#6197,#6198);
#6197 = CARTESIAN_POINT('',(-1.59,16.19,-2.34));
#6198 = VECTOR('',#6199,1.);
#6199 = DIRECTION('',(1.,0.,0.));
#6200 = ORIENTED_EDGE('',*,*,#6201,.F.);
#6201 = EDGE_CURVE('',#6178,#6194,#6202,.T.);
#6202 = LINE('',#6203,#6204);
#6203 = CARTESIAN_POINT('',(-0.95,16.19,-4.229949723822E-15));
#6204 = VECTOR('',#6205,1.);
#6205 = DIRECTION('',(-0.,-0.,-1.));
#6206 = PLANE('',#6207);
#6207 = AXIS2_PLACEMENT_3D('',#6208,#6209,#6210);
#6208 = CARTESIAN_POINT('',(-1.59,16.19,-4.229949723822E-15));
#6209 = DIRECTION('',(0.,-1.,0.));
#6210 = DIRECTION('',(1.,0.,0.));
#6211 = ADVANCED_FACE('',(#6212),#6237,.F.);
#6212 = FACE_BOUND('',#6213,.F.);
#6213 = EDGE_LOOP('',(#6214,#6215,#6223,#6231));
#6214 = ORIENTED_EDGE('',*,*,#6175,.F.);
#6215 = ORIENTED_EDGE('',*,*,#6216,.T.);
#6216 = EDGE_CURVE('',#6176,#6217,#6219,.T.);
#6217 = VERTEX_POINT('',#6218);
#6218 = CARTESIAN_POINT('',(-1.59,16.19,8.18));
#6219 = LINE('',#6220,#6221);
#6220 = CARTESIAN_POINT('',(-1.59,16.19,-4.229949723822E-15));
#6221 = VECTOR('',#6222,1.);
#6222 = DIRECTION('',(0.,0.,1.));
#6223 = ORIENTED_EDGE('',*,*,#6224,.T.);
#6224 = EDGE_CURVE('',#6217,#6225,#6227,.T.);
#6225 = VERTEX_POINT('',#6226);
#6226 = CARTESIAN_POINT('',(-0.95,16.19,8.18));
#6227 = LINE('',#6228,#6229);
#6228 = CARTESIAN_POINT('',(-1.59,16.19,8.18));
#6229 = VECTOR('',#6230,1.);
#6230 = DIRECTION('',(1.,0.,0.));
#6231 = ORIENTED_EDGE('',*,*,#6232,.F.);
#6232 = EDGE_CURVE('',#6178,#6225,#6233,.T.);
#6233 = LINE('',#6234,#6235);
#6234 = CARTESIAN_POINT('',(-0.95,16.19,-4.229949723822E-15));
#6235 = VECTOR('',#6236,1.);
#6236 = DIRECTION('',(0.,0.,1.));
#6237 = PLANE('',#6238);
#6238 = AXIS2_PLACEMENT_3D('',#6239,#6240,#6241);
#6239 = CARTESIAN_POINT('',(-1.59,16.19,-4.229949723822E-15));
#6240 = DIRECTION('',(0.,1.,0.));
#6241 = DIRECTION('',(1.,0.,0.));
#6242 = ADVANCED_FACE('',(#6243),#6268,.T.);
#6243 = FACE_BOUND('',#6244,.T.);
#6244 = EDGE_LOOP('',(#6245,#6253,#6254,#6262));
#6245 = ORIENTED_EDGE('',*,*,#6246,.F.);
#6246 = EDGE_CURVE('',#6178,#6247,#6249,.T.);
#6247 = VERTEX_POINT('',#6248);
#6248 = CARTESIAN_POINT('',(-0.95,16.83,-4.229949723822E-15));
#6249 = LINE('',#6250,#6251);
#6250 = CARTESIAN_POINT('',(-0.95,16.19,-4.229949723822E-15));
#6251 = VECTOR('',#6252,1.);
#6252 = DIRECTION('',(0.,1.,0.));
#6253 = ORIENTED_EDGE('',*,*,#6201,.T.);
#6254 = ORIENTED_EDGE('',*,*,#6255,.T.);
#6255 = EDGE_CURVE('',#6194,#6256,#6258,.T.);
#6256 = VERTEX_POINT('',#6257);
#6257 = CARTESIAN_POINT('',(-0.95,16.83,-2.34));
#6258 = LINE('',#6259,#6260);
#6259 = CARTESIAN_POINT('',(-0.95,16.19,-2.34));
#6260 = VECTOR('',#6261,1.);
#6261 = DIRECTION('',(0.,1.,0.));
#6262 = ORIENTED_EDGE('',*,*,#6263,.F.);
#6263 = EDGE_CURVE('',#6247,#6256,#6264,.T.);
#6264 = LINE('',#6265,#6266);
#6265 = CARTESIAN_POINT('',(-0.95,16.83,-4.229949723822E-15));
#6266 = VECTOR('',#6267,1.);
#6267 = DIRECTION('',(-0.,-0.,-1.));
#6268 = PLANE('',#6269);
#6269 = AXIS2_PLACEMENT_3D('',#6270,#6271,#6272);
#6270 = CARTESIAN_POINT('',(-0.95,16.19,-4.229949723822E-15));
#6271 = DIRECTION('',(1.,0.,0.));
#6272 = DIRECTION('',(0.,1.,0.));
#6273 = ADVANCED_FACE('',(#6274),#6299,.F.);
#6274 = FACE_BOUND('',#6275,.F.);
#6275 = EDGE_LOOP('',(#6276,#6284,#6285,#6293));
#6276 = ORIENTED_EDGE('',*,*,#6277,.F.);
#6277 = EDGE_CURVE('',#6186,#6278,#6280,.T.);
#6278 = VERTEX_POINT('',#6279);
#6279 = CARTESIAN_POINT('',(-1.39,16.39,-2.54));
#6280 = LINE('',#6281,#6282);
#6281 = CARTESIAN_POINT('',(-1.416666666667,16.363333333333,
    -2.513333333333));
#6282 = VECTOR('',#6283,1.);
#6283 = DIRECTION('',(0.57735026919,0.57735026919,-0.57735026919));
#6284 = ORIENTED_EDGE('',*,*,#6193,.T.);
#6285 = ORIENTED_EDGE('',*,*,#6286,.T.);
#6286 = EDGE_CURVE('',#6194,#6287,#6289,.T.);
#6287 = VERTEX_POINT('',#6288);
#6288 = CARTESIAN_POINT('',(-1.15,16.39,-2.54));
#6289 = LINE('',#6290,#6291);
#6290 = CARTESIAN_POINT('',(-1.123333333333,16.363333333333,
    -2.513333333333));
#6291 = VECTOR('',#6292,1.);
#6292 = DIRECTION('',(-0.57735026919,0.57735026919,-0.57735026919));
#6293 = ORIENTED_EDGE('',*,*,#6294,.F.);
#6294 = EDGE_CURVE('',#6278,#6287,#6295,.T.);
#6295 = LINE('',#6296,#6297);
#6296 = CARTESIAN_POINT('',(-1.59,16.39,-2.54));
#6297 = VECTOR('',#6298,1.);
#6298 = DIRECTION('',(1.,0.,0.));
#6299 = PLANE('',#6300);
#6300 = AXIS2_PLACEMENT_3D('',#6301,#6302,#6303);
#6301 = CARTESIAN_POINT('',(-1.59,16.29,-2.44));
#6302 = DIRECTION('',(0.,0.707106781187,0.707106781187));
#6303 = DIRECTION('',(1.,0.,0.));
#6304 = ADVANCED_FACE('',(#6305),#6330,.T.);
#6305 = FACE_BOUND('',#6306,.T.);
#6306 = EDGE_LOOP('',(#6307,#6315,#6323,#6329));
#6307 = ORIENTED_EDGE('',*,*,#6308,.F.);
#6308 = EDGE_CURVE('',#6309,#6176,#6311,.T.);
#6309 = VERTEX_POINT('',#6310);
#6310 = CARTESIAN_POINT('',(-1.59,16.83,-4.229949723822E-15));
#6311 = LINE('',#6312,#6313);
#6312 = CARTESIAN_POINT('',(-1.59,16.83,-4.229949723822E-15));
#6313 = VECTOR('',#6314,1.);
#6314 = DIRECTION('',(0.,-1.,0.));
#6315 = ORIENTED_EDGE('',*,*,#6316,.T.);
#6316 = EDGE_CURVE('',#6309,#6317,#6319,.T.);
#6317 = VERTEX_POINT('',#6318);
#6318 = CARTESIAN_POINT('',(-1.59,16.83,-2.34));
#6319 = LINE('',#6320,#6321);
#6320 = CARTESIAN_POINT('',(-1.59,16.83,-4.229949723822E-15));
#6321 = VECTOR('',#6322,1.);
#6322 = DIRECTION('',(-0.,-0.,-1.));
#6323 = ORIENTED_EDGE('',*,*,#6324,.T.);
#6324 = EDGE_CURVE('',#6317,#6186,#6325,.T.);
#6325 = LINE('',#6326,#6327);
#6326 = CARTESIAN_POINT('',(-1.59,16.83,-2.34));
#6327 = VECTOR('',#6328,1.);
#6328 = DIRECTION('',(0.,-1.,0.));
#6329 = ORIENTED_EDGE('',*,*,#6185,.F.);
#6330 = PLANE('',#6331);
#6331 = AXIS2_PLACEMENT_3D('',#6332,#6333,#6334);
#6332 = CARTESIAN_POINT('',(-1.59,16.83,-4.229949723822E-15));
#6333 = DIRECTION('',(-1.,0.,0.));
#6334 = DIRECTION('',(0.,-1.,0.));
#6335 = ADVANCED_FACE('',(#6336),#6354,.F.);
#6336 = FACE_BOUND('',#6337,.F.);
#6337 = EDGE_LOOP('',(#6338,#6339,#6340,#6348));
#6338 = ORIENTED_EDGE('',*,*,#6246,.F.);
#6339 = ORIENTED_EDGE('',*,*,#6232,.T.);
#6340 = ORIENTED_EDGE('',*,*,#6341,.T.);
#6341 = EDGE_CURVE('',#6225,#6342,#6344,.T.);
#6342 = VERTEX_POINT('',#6343);
#6343 = CARTESIAN_POINT('',(-0.95,16.83,8.18));
#6344 = LINE('',#6345,#6346);
#6345 = CARTESIAN_POINT('',(-0.95,16.19,8.18));
#6346 = VECTOR('',#6347,1.);
#6347 = DIRECTION('',(0.,1.,0.));
#6348 = ORIENTED_EDGE('',*,*,#6349,.F.);
#6349 = EDGE_CURVE('',#6247,#6342,#6350,.T.);
#6350 = LINE('',#6351,#6352);
#6351 = CARTESIAN_POINT('',(-0.95,16.83,-4.229949723822E-15));
#6352 = VECTOR('',#6353,1.);
#6353 = DIRECTION('',(0.,0.,1.));
#6354 = PLANE('',#6355);
#6355 = AXIS2_PLACEMENT_3D('',#6356,#6357,#6358);
#6356 = CARTESIAN_POINT('',(-0.95,16.19,-4.229949723822E-15));
#6357 = DIRECTION('',(-1.,0.,0.));
#6358 = DIRECTION('',(0.,1.,0.));
#6359 = ADVANCED_FACE('',(#6360),#6385,.F.);
#6360 = FACE_BOUND('',#6361,.T.);
#6361 = EDGE_LOOP('',(#6362,#6370,#6371,#6379));
#6362 = ORIENTED_EDGE('',*,*,#6363,.F.);
#6363 = EDGE_CURVE('',#6217,#6364,#6366,.T.);
#6364 = VERTEX_POINT('',#6365);
#6365 = CARTESIAN_POINT('',(-1.39,16.39,8.38));
#6366 = LINE('',#6367,#6368);
#6367 = CARTESIAN_POINT('',(-1.416666666667,16.363333333333,
    8.353333333333));
#6368 = VECTOR('',#6369,1.);
#6369 = DIRECTION('',(0.57735026919,0.57735026919,0.57735026919));
#6370 = ORIENTED_EDGE('',*,*,#6224,.T.);
#6371 = ORIENTED_EDGE('',*,*,#6372,.T.);
#6372 = EDGE_CURVE('',#6225,#6373,#6375,.T.);
#6373 = VERTEX_POINT('',#6374);
#6374 = CARTESIAN_POINT('',(-1.15,16.39,8.38));
#6375 = LINE('',#6376,#6377);
#6376 = CARTESIAN_POINT('',(-1.123333333333,16.363333333333,
    8.353333333333));
#6377 = VECTOR('',#6378,1.);
#6378 = DIRECTION('',(-0.57735026919,0.57735026919,0.57735026919));
#6379 = ORIENTED_EDGE('',*,*,#6380,.F.);
#6380 = EDGE_CURVE('',#6364,#6373,#6381,.T.);
#6381 = LINE('',#6382,#6383);
#6382 = CARTESIAN_POINT('',(-1.59,16.39,8.38));
#6383 = VECTOR('',#6384,1.);
#6384 = DIRECTION('',(1.,0.,0.));
#6385 = PLANE('',#6386);
#6386 = AXIS2_PLACEMENT_3D('',#6387,#6388,#6389);
#6387 = CARTESIAN_POINT('',(-1.59,16.29,8.28));
#6388 = DIRECTION('',(0.,0.707106781187,-0.707106781187));
#6389 = DIRECTION('',(-1.,-0.,-0.));
#6390 = ADVANCED_FACE('',(#6391),#6409,.F.);
#6391 = FACE_BOUND('',#6392,.F.);
#6392 = EDGE_LOOP('',(#6393,#6394,#6402,#6408));
#6393 = ORIENTED_EDGE('',*,*,#6308,.F.);
#6394 = ORIENTED_EDGE('',*,*,#6395,.T.);
#6395 = EDGE_CURVE('',#6309,#6396,#6398,.T.);
#6396 = VERTEX_POINT('',#6397);
#6397 = CARTESIAN_POINT('',(-1.59,16.83,8.18));
#6398 = LINE('',#6399,#6400);
#6399 = CARTESIAN_POINT('',(-1.59,16.83,-4.229949723822E-15));
#6400 = VECTOR('',#6401,1.);
#6401 = DIRECTION('',(0.,0.,1.));
#6402 = ORIENTED_EDGE('',*,*,#6403,.T.);
#6403 = EDGE_CURVE('',#6396,#6217,#6404,.T.);
#6404 = LINE('',#6405,#6406);
#6405 = CARTESIAN_POINT('',(-1.59,16.83,8.18));
#6406 = VECTOR('',#6407,1.);
#6407 = DIRECTION('',(0.,-1.,0.));
#6408 = ORIENTED_EDGE('',*,*,#6216,.F.);
#6409 = PLANE('',#6410);
#6410 = AXIS2_PLACEMENT_3D('',#6411,#6412,#6413);
#6411 = CARTESIAN_POINT('',(-1.59,16.83,-4.229949723822E-15));
#6412 = DIRECTION('',(1.,0.,0.));
#6413 = DIRECTION('',(0.,-1.,0.));
#6414 = ADVANCED_FACE('',(#6415),#6431,.T.);
#6415 = FACE_BOUND('',#6416,.T.);
#6416 = EDGE_LOOP('',(#6417,#6423,#6424,#6430));
#6417 = ORIENTED_EDGE('',*,*,#6418,.F.);
#6418 = EDGE_CURVE('',#6247,#6309,#6419,.T.);
#6419 = LINE('',#6420,#6421);
#6420 = CARTESIAN_POINT('',(-0.95,16.83,-4.229949723822E-15));
#6421 = VECTOR('',#6422,1.);
#6422 = DIRECTION('',(-1.,0.,0.));
#6423 = ORIENTED_EDGE('',*,*,#6263,.T.);
#6424 = ORIENTED_EDGE('',*,*,#6425,.T.);
#6425 = EDGE_CURVE('',#6256,#6317,#6426,.T.);
#6426 = LINE('',#6427,#6428);
#6427 = CARTESIAN_POINT('',(-0.95,16.83,-2.34));
#6428 = VECTOR('',#6429,1.);
#6429 = DIRECTION('',(-1.,0.,0.));
#6430 = ORIENTED_EDGE('',*,*,#6316,.F.);
#6431 = PLANE('',#6432);
#6432 = AXIS2_PLACEMENT_3D('',#6433,#6434,#6435);
#6433 = CARTESIAN_POINT('',(-0.95,16.83,-4.229949723822E-15));
#6434 = DIRECTION('',(0.,1.,0.));
#6435 = DIRECTION('',(-1.,0.,0.));
#6436 = ADVANCED_FACE('',(#6437),#6455,.F.);
#6437 = FACE_BOUND('',#6438,.F.);
#6438 = EDGE_LOOP('',(#6439,#6440,#6441,#6449));
#6439 = ORIENTED_EDGE('',*,*,#6286,.F.);
#6440 = ORIENTED_EDGE('',*,*,#6255,.T.);
#6441 = ORIENTED_EDGE('',*,*,#6442,.F.);
#6442 = EDGE_CURVE('',#6443,#6256,#6445,.T.);
#6443 = VERTEX_POINT('',#6444);
#6444 = CARTESIAN_POINT('',(-1.15,16.63,-2.54));
#6445 = LINE('',#6446,#6447);
#6446 = CARTESIAN_POINT('',(-1.123333333333,16.656666666667,
    -2.513333333333));
#6447 = VECTOR('',#6448,1.);
#6448 = DIRECTION('',(0.57735026919,0.57735026919,0.57735026919));
#6449 = ORIENTED_EDGE('',*,*,#6450,.F.);
#6450 = EDGE_CURVE('',#6287,#6443,#6451,.T.);
#6451 = LINE('',#6452,#6453);
#6452 = CARTESIAN_POINT('',(-1.15,16.19,-2.54));
#6453 = VECTOR('',#6454,1.);
#6454 = DIRECTION('',(0.,1.,0.));
#6455 = PLANE('',#6456);
#6456 = AXIS2_PLACEMENT_3D('',#6457,#6458,#6459);
#6457 = CARTESIAN_POINT('',(-1.05,16.19,-2.44));
#6458 = DIRECTION('',(-0.707106781187,0.,0.707106781187));
#6459 = DIRECTION('',(0.,1.,0.));
#6460 = ADVANCED_FACE('',(#6461),#6479,.F.);
#6461 = FACE_BOUND('',#6462,.F.);
#6462 = EDGE_LOOP('',(#6463,#6471,#6472,#6473));
#6463 = ORIENTED_EDGE('',*,*,#6464,.F.);
#6464 = EDGE_CURVE('',#6317,#6465,#6467,.T.);
#6465 = VERTEX_POINT('',#6466);
#6466 = CARTESIAN_POINT('',(-1.39,16.63,-2.54));
#6467 = LINE('',#6468,#6469);
#6468 = CARTESIAN_POINT('',(-1.416666666667,16.656666666667,
    -2.513333333333));
#6469 = VECTOR('',#6470,1.);
#6470 = DIRECTION('',(0.57735026919,-0.57735026919,-0.57735026919));
#6471 = ORIENTED_EDGE('',*,*,#6324,.T.);
#6472 = ORIENTED_EDGE('',*,*,#6277,.T.);
#6473 = ORIENTED_EDGE('',*,*,#6474,.F.);
#6474 = EDGE_CURVE('',#6465,#6278,#6475,.T.);
#6475 = LINE('',#6476,#6477);
#6476 = CARTESIAN_POINT('',(-1.39,16.83,-2.54));
#6477 = VECTOR('',#6478,1.);
#6478 = DIRECTION('',(0.,-1.,0.));
#6479 = PLANE('',#6480);
#6480 = AXIS2_PLACEMENT_3D('',#6481,#6482,#6483);
#6481 = CARTESIAN_POINT('',(-1.49,16.83,-2.44));
#6482 = DIRECTION('',(0.707106781187,0.,0.707106781187));
#6483 = DIRECTION('',(0.,-1.,0.));
#6484 = ADVANCED_FACE('',(#6485),#6496,.F.);
#6485 = FACE_BOUND('',#6486,.F.);
#6486 = EDGE_LOOP('',(#6487,#6488,#6489,#6490));
#6487 = ORIENTED_EDGE('',*,*,#6474,.T.);
#6488 = ORIENTED_EDGE('',*,*,#6294,.T.);
#6489 = ORIENTED_EDGE('',*,*,#6450,.T.);
#6490 = ORIENTED_EDGE('',*,*,#6491,.T.);
#6491 = EDGE_CURVE('',#6443,#6465,#6492,.T.);
#6492 = LINE('',#6493,#6494);
#6493 = CARTESIAN_POINT('',(-0.95,16.63,-2.54));
#6494 = VECTOR('',#6495,1.);
#6495 = DIRECTION('',(-1.,0.,0.));
#6496 = PLANE('',#6497);
#6497 = AXIS2_PLACEMENT_3D('',#6498,#6499,#6500);
#6498 = CARTESIAN_POINT('',(-1.27,16.51,-2.54));
#6499 = DIRECTION('',(0.,0.,1.));
#6500 = DIRECTION('',(1.,0.,0.));
#6501 = ADVANCED_FACE('',(#6502),#6513,.F.);
#6502 = FACE_BOUND('',#6503,.F.);
#6503 = EDGE_LOOP('',(#6504,#6505,#6506,#6512));
#6504 = ORIENTED_EDGE('',*,*,#6418,.F.);
#6505 = ORIENTED_EDGE('',*,*,#6349,.T.);
#6506 = ORIENTED_EDGE('',*,*,#6507,.T.);
#6507 = EDGE_CURVE('',#6342,#6396,#6508,.T.);
#6508 = LINE('',#6509,#6510);
#6509 = CARTESIAN_POINT('',(-0.95,16.83,8.18));
#6510 = VECTOR('',#6511,1.);
#6511 = DIRECTION('',(-1.,0.,0.));
#6512 = ORIENTED_EDGE('',*,*,#6395,.F.);
#6513 = PLANE('',#6514);
#6514 = AXIS2_PLACEMENT_3D('',#6515,#6516,#6517);
#6515 = CARTESIAN_POINT('',(-0.95,16.83,-4.229949723822E-15));
#6516 = DIRECTION('',(0.,-1.,0.));
#6517 = DIRECTION('',(-1.,0.,0.));
#6518 = ADVANCED_FACE('',(#6519),#6537,.F.);
#6519 = FACE_BOUND('',#6520,.T.);
#6520 = EDGE_LOOP('',(#6521,#6522,#6523,#6531));
#6521 = ORIENTED_EDGE('',*,*,#6372,.F.);
#6522 = ORIENTED_EDGE('',*,*,#6341,.T.);
#6523 = ORIENTED_EDGE('',*,*,#6524,.F.);
#6524 = EDGE_CURVE('',#6525,#6342,#6527,.T.);
#6525 = VERTEX_POINT('',#6526);
#6526 = CARTESIAN_POINT('',(-1.15,16.63,8.38));
#6527 = LINE('',#6528,#6529);
#6528 = CARTESIAN_POINT('',(-1.123333333333,16.656666666667,
    8.353333333333));
#6529 = VECTOR('',#6530,1.);
#6530 = DIRECTION('',(0.57735026919,0.57735026919,-0.57735026919));
#6531 = ORIENTED_EDGE('',*,*,#6532,.F.);
#6532 = EDGE_CURVE('',#6373,#6525,#6533,.T.);
#6533 = LINE('',#6534,#6535);
#6534 = CARTESIAN_POINT('',(-1.15,16.19,8.38));
#6535 = VECTOR('',#6536,1.);
#6536 = DIRECTION('',(0.,1.,0.));
#6537 = PLANE('',#6538);
#6538 = AXIS2_PLACEMENT_3D('',#6539,#6540,#6541);
#6539 = CARTESIAN_POINT('',(-1.05,16.19,8.28));
#6540 = DIRECTION('',(-0.707106781187,0.,-0.707106781187));
#6541 = DIRECTION('',(-0.,-1.,-0.));
#6542 = ADVANCED_FACE('',(#6543),#6561,.F.);
#6543 = FACE_BOUND('',#6544,.T.);
#6544 = EDGE_LOOP('',(#6545,#6553,#6554,#6555));
#6545 = ORIENTED_EDGE('',*,*,#6546,.T.);
#6546 = EDGE_CURVE('',#6547,#6396,#6549,.T.);
#6547 = VERTEX_POINT('',#6548);
#6548 = CARTESIAN_POINT('',(-1.39,16.63,8.38));
#6549 = LINE('',#6550,#6551);
#6550 = CARTESIAN_POINT('',(-1.416666666667,16.656666666667,
    8.353333333333));
#6551 = VECTOR('',#6552,1.);
#6552 = DIRECTION('',(-0.57735026919,0.57735026919,-0.57735026919));
#6553 = ORIENTED_EDGE('',*,*,#6403,.T.);
#6554 = ORIENTED_EDGE('',*,*,#6363,.T.);
#6555 = ORIENTED_EDGE('',*,*,#6556,.F.);
#6556 = EDGE_CURVE('',#6547,#6364,#6557,.T.);
#6557 = LINE('',#6558,#6559);
#6558 = CARTESIAN_POINT('',(-1.39,16.83,8.38));
#6559 = VECTOR('',#6560,1.);
#6560 = DIRECTION('',(0.,-1.,0.));
#6561 = PLANE('',#6562);
#6562 = AXIS2_PLACEMENT_3D('',#6563,#6564,#6565);
#6563 = CARTESIAN_POINT('',(-1.49,16.83,8.28));
#6564 = DIRECTION('',(0.707106781187,0.,-0.707106781187));
#6565 = DIRECTION('',(0.,1.,0.));
#6566 = ADVANCED_FACE('',(#6567),#6578,.T.);
#6567 = FACE_BOUND('',#6568,.T.);
#6568 = EDGE_LOOP('',(#6569,#6570,#6571,#6572));
#6569 = ORIENTED_EDGE('',*,*,#6556,.T.);
#6570 = ORIENTED_EDGE('',*,*,#6380,.T.);
#6571 = ORIENTED_EDGE('',*,*,#6532,.T.);
#6572 = ORIENTED_EDGE('',*,*,#6573,.T.);
#6573 = EDGE_CURVE('',#6525,#6547,#6574,.T.);
#6574 = LINE('',#6575,#6576);
#6575 = CARTESIAN_POINT('',(-0.95,16.63,8.38));
#6576 = VECTOR('',#6577,1.);
#6577 = DIRECTION('',(-1.,0.,0.));
#6578 = PLANE('',#6579);
#6579 = AXIS2_PLACEMENT_3D('',#6580,#6581,#6582);
#6580 = CARTESIAN_POINT('',(-1.27,16.51,8.38));
#6581 = DIRECTION('',(0.,0.,1.));
#6582 = DIRECTION('',(1.,0.,0.));
#6583 = ADVANCED_FACE('',(#6584),#6590,.F.);
#6584 = FACE_BOUND('',#6585,.T.);
#6585 = EDGE_LOOP('',(#6586,#6587,#6588,#6589));
#6586 = ORIENTED_EDGE('',*,*,#6442,.F.);
#6587 = ORIENTED_EDGE('',*,*,#6491,.T.);
#6588 = ORIENTED_EDGE('',*,*,#6464,.F.);
#6589 = ORIENTED_EDGE('',*,*,#6425,.F.);
#6590 = PLANE('',#6591);
#6591 = AXIS2_PLACEMENT_3D('',#6592,#6593,#6594);
#6592 = CARTESIAN_POINT('',(-0.95,16.73,-2.44));
#6593 = DIRECTION('',(0.,-0.707106781187,0.707106781187));
#6594 = DIRECTION('',(1.,0.,0.));
#6595 = ADVANCED_FACE('',(#6596),#6602,.F.);
#6596 = FACE_BOUND('',#6597,.F.);
#6597 = EDGE_LOOP('',(#6598,#6599,#6600,#6601));
#6598 = ORIENTED_EDGE('',*,*,#6524,.F.);
#6599 = ORIENTED_EDGE('',*,*,#6573,.T.);
#6600 = ORIENTED_EDGE('',*,*,#6546,.T.);
#6601 = ORIENTED_EDGE('',*,*,#6507,.F.);
#6602 = PLANE('',#6603);
#6603 = AXIS2_PLACEMENT_3D('',#6604,#6605,#6606);
#6604 = CARTESIAN_POINT('',(-0.95,16.73,8.28));
#6605 = DIRECTION('',(0.,-0.707106781187,-0.707106781187));
#6606 = DIRECTION('',(-1.,0.,0.));
#6607 = MANIFOLD_SOLID_BREP('',#6608);
#6608 = CLOSED_SHELL('',(#6609,#6649,#6680,#6711,#6742,#6773,#6797,#6828
    ,#6852,#6874,#6898,#6922,#6939,#6956,#6980,#7004,#7021,#7033));
#6609 = ADVANCED_FACE('',(#6610),#6644,.T.);
#6610 = FACE_BOUND('',#6611,.T.);
#6611 = EDGE_LOOP('',(#6612,#6622,#6630,#6638));
#6612 = ORIENTED_EDGE('',*,*,#6613,.F.);
#6613 = EDGE_CURVE('',#6614,#6616,#6618,.T.);
#6614 = VERTEX_POINT('',#6615);
#6615 = CARTESIAN_POINT('',(-1.59,18.73,-4.511946372077E-15));
#6616 = VERTEX_POINT('',#6617);
#6617 = CARTESIAN_POINT('',(-0.95,18.73,-4.511946372077E-15));
#6618 = LINE('',#6619,#6620);
#6619 = CARTESIAN_POINT('',(-1.59,18.73,-4.511946372077E-15));
#6620 = VECTOR('',#6621,1.);
#6621 = DIRECTION('',(1.,0.,0.));
#6622 = ORIENTED_EDGE('',*,*,#6623,.T.);
#6623 = EDGE_CURVE('',#6614,#6624,#6626,.T.);
#6624 = VERTEX_POINT('',#6625);
#6625 = CARTESIAN_POINT('',(-1.59,18.73,-2.34));
#6626 = LINE('',#6627,#6628);
#6627 = CARTESIAN_POINT('',(-1.59,18.73,-4.511946372077E-15));
#6628 = VECTOR('',#6629,1.);
#6629 = DIRECTION('',(-0.,-0.,-1.));
#6630 = ORIENTED_EDGE('',*,*,#6631,.T.);
#6631 = EDGE_CURVE('',#6624,#6632,#6634,.T.);
#6632 = VERTEX_POINT('',#6633);
#6633 = CARTESIAN_POINT('',(-0.95,18.73,-2.34));
#6634 = LINE('',#6635,#6636);
#6635 = CARTESIAN_POINT('',(-1.59,18.73,-2.34));
#6636 = VECTOR('',#6637,1.);
#6637 = DIRECTION('',(1.,0.,0.));
#6638 = ORIENTED_EDGE('',*,*,#6639,.F.);
#6639 = EDGE_CURVE('',#6616,#6632,#6640,.T.);
#6640 = LINE('',#6641,#6642);
#6641 = CARTESIAN_POINT('',(-0.95,18.73,-4.511946372077E-15));
#6642 = VECTOR('',#6643,1.);
#6643 = DIRECTION('',(-0.,-0.,-1.));
#6644 = PLANE('',#6645);
#6645 = AXIS2_PLACEMENT_3D('',#6646,#6647,#6648);
#6646 = CARTESIAN_POINT('',(-1.59,18.73,-4.511946372077E-15));
#6647 = DIRECTION('',(0.,-1.,0.));
#6648 = DIRECTION('',(1.,0.,0.));
#6649 = ADVANCED_FACE('',(#6650),#6675,.F.);
#6650 = FACE_BOUND('',#6651,.F.);
#6651 = EDGE_LOOP('',(#6652,#6653,#6661,#6669));
#6652 = ORIENTED_EDGE('',*,*,#6613,.F.);
#6653 = ORIENTED_EDGE('',*,*,#6654,.T.);
#6654 = EDGE_CURVE('',#6614,#6655,#6657,.T.);
#6655 = VERTEX_POINT('',#6656);
#6656 = CARTESIAN_POINT('',(-1.59,18.73,8.18));
#6657 = LINE('',#6658,#6659);
#6658 = CARTESIAN_POINT('',(-1.59,18.73,-4.511946372077E-15));
#6659 = VECTOR('',#6660,1.);
#6660 = DIRECTION('',(0.,0.,1.));
#6661 = ORIENTED_EDGE('',*,*,#6662,.T.);
#6662 = EDGE_CURVE('',#6655,#6663,#6665,.T.);
#6663 = VERTEX_POINT('',#6664);
#6664 = CARTESIAN_POINT('',(-0.95,18.73,8.18));
#6665 = LINE('',#6666,#6667);
#6666 = CARTESIAN_POINT('',(-1.59,18.73,8.18));
#6667 = VECTOR('',#6668,1.);
#6668 = DIRECTION('',(1.,0.,0.));
#6669 = ORIENTED_EDGE('',*,*,#6670,.F.);
#6670 = EDGE_CURVE('',#6616,#6663,#6671,.T.);
#6671 = LINE('',#6672,#6673);
#6672 = CARTESIAN_POINT('',(-0.95,18.73,-4.511946372077E-15));
#6673 = VECTOR('',#6674,1.);
#6674 = DIRECTION('',(0.,0.,1.));
#6675 = PLANE('',#6676);
#6676 = AXIS2_PLACEMENT_3D('',#6677,#6678,#6679);
#6677 = CARTESIAN_POINT('',(-1.59,18.73,-4.511946372077E-15));
#6678 = DIRECTION('',(0.,1.,0.));
#6679 = DIRECTION('',(1.,0.,0.));
#6680 = ADVANCED_FACE('',(#6681),#6706,.T.);
#6681 = FACE_BOUND('',#6682,.T.);
#6682 = EDGE_LOOP('',(#6683,#6691,#6692,#6700));
#6683 = ORIENTED_EDGE('',*,*,#6684,.F.);
#6684 = EDGE_CURVE('',#6616,#6685,#6687,.T.);
#6685 = VERTEX_POINT('',#6686);
#6686 = CARTESIAN_POINT('',(-0.95,19.37,-4.511946372077E-15));
#6687 = LINE('',#6688,#6689);
#6688 = CARTESIAN_POINT('',(-0.95,18.73,-4.511946372077E-15));
#6689 = VECTOR('',#6690,1.);
#6690 = DIRECTION('',(0.,1.,0.));
#6691 = ORIENTED_EDGE('',*,*,#6639,.T.);
#6692 = ORIENTED_EDGE('',*,*,#6693,.T.);
#6693 = EDGE_CURVE('',#6632,#6694,#6696,.T.);
#6694 = VERTEX_POINT('',#6695);
#6695 = CARTESIAN_POINT('',(-0.95,19.37,-2.34));
#6696 = LINE('',#6697,#6698);
#6697 = CARTESIAN_POINT('',(-0.95,18.73,-2.34));
#6698 = VECTOR('',#6699,1.);
#6699 = DIRECTION('',(0.,1.,0.));
#6700 = ORIENTED_EDGE('',*,*,#6701,.F.);
#6701 = EDGE_CURVE('',#6685,#6694,#6702,.T.);
#6702 = LINE('',#6703,#6704);
#6703 = CARTESIAN_POINT('',(-0.95,19.37,-4.511946372077E-15));
#6704 = VECTOR('',#6705,1.);
#6705 = DIRECTION('',(-0.,-0.,-1.));
#6706 = PLANE('',#6707);
#6707 = AXIS2_PLACEMENT_3D('',#6708,#6709,#6710);
#6708 = CARTESIAN_POINT('',(-0.95,18.73,-4.511946372077E-15));
#6709 = DIRECTION('',(1.,0.,0.));
#6710 = DIRECTION('',(0.,1.,0.));
#6711 = ADVANCED_FACE('',(#6712),#6737,.F.);
#6712 = FACE_BOUND('',#6713,.F.);
#6713 = EDGE_LOOP('',(#6714,#6722,#6723,#6731));
#6714 = ORIENTED_EDGE('',*,*,#6715,.F.);
#6715 = EDGE_CURVE('',#6624,#6716,#6718,.T.);
#6716 = VERTEX_POINT('',#6717);
#6717 = CARTESIAN_POINT('',(-1.39,18.93,-2.54));
#6718 = LINE('',#6719,#6720);
#6719 = CARTESIAN_POINT('',(-1.416666666667,18.903333333333,
    -2.513333333333));
#6720 = VECTOR('',#6721,1.);
#6721 = DIRECTION('',(0.57735026919,0.57735026919,-0.57735026919));
#6722 = ORIENTED_EDGE('',*,*,#6631,.T.);
#6723 = ORIENTED_EDGE('',*,*,#6724,.T.);
#6724 = EDGE_CURVE('',#6632,#6725,#6727,.T.);
#6725 = VERTEX_POINT('',#6726);
#6726 = CARTESIAN_POINT('',(-1.15,18.93,-2.54));
#6727 = LINE('',#6728,#6729);
#6728 = CARTESIAN_POINT('',(-1.123333333333,18.903333333333,
    -2.513333333333));
#6729 = VECTOR('',#6730,1.);
#6730 = DIRECTION('',(-0.57735026919,0.57735026919,-0.57735026919));
#6731 = ORIENTED_EDGE('',*,*,#6732,.F.);
#6732 = EDGE_CURVE('',#6716,#6725,#6733,.T.);
#6733 = LINE('',#6734,#6735);
#6734 = CARTESIAN_POINT('',(-1.59,18.93,-2.54));
#6735 = VECTOR('',#6736,1.);
#6736 = DIRECTION('',(1.,0.,0.));
#6737 = PLANE('',#6738);
#6738 = AXIS2_PLACEMENT_3D('',#6739,#6740,#6741);
#6739 = CARTESIAN_POINT('',(-1.59,18.83,-2.44));
#6740 = DIRECTION('',(0.,0.707106781187,0.707106781187));
#6741 = DIRECTION('',(1.,0.,0.));
#6742 = ADVANCED_FACE('',(#6743),#6768,.T.);
#6743 = FACE_BOUND('',#6744,.T.);
#6744 = EDGE_LOOP('',(#6745,#6753,#6761,#6767));
#6745 = ORIENTED_EDGE('',*,*,#6746,.F.);
#6746 = EDGE_CURVE('',#6747,#6614,#6749,.T.);
#6747 = VERTEX_POINT('',#6748);
#6748 = CARTESIAN_POINT('',(-1.59,19.37,-4.511946372077E-15));
#6749 = LINE('',#6750,#6751);
#6750 = CARTESIAN_POINT('',(-1.59,19.37,-4.511946372077E-15));
#6751 = VECTOR('',#6752,1.);
#6752 = DIRECTION('',(0.,-1.,0.));
#6753 = ORIENTED_EDGE('',*,*,#6754,.T.);
#6754 = EDGE_CURVE('',#6747,#6755,#6757,.T.);
#6755 = VERTEX_POINT('',#6756);
#6756 = CARTESIAN_POINT('',(-1.59,19.37,-2.34));
#6757 = LINE('',#6758,#6759);
#6758 = CARTESIAN_POINT('',(-1.59,19.37,-4.511946372077E-15));
#6759 = VECTOR('',#6760,1.);
#6760 = DIRECTION('',(-0.,-0.,-1.));
#6761 = ORIENTED_EDGE('',*,*,#6762,.T.);
#6762 = EDGE_CURVE('',#6755,#6624,#6763,.T.);
#6763 = LINE('',#6764,#6765);
#6764 = CARTESIAN_POINT('',(-1.59,19.37,-2.34));
#6765 = VECTOR('',#6766,1.);
#6766 = DIRECTION('',(0.,-1.,0.));
#6767 = ORIENTED_EDGE('',*,*,#6623,.F.);
#6768 = PLANE('',#6769);
#6769 = AXIS2_PLACEMENT_3D('',#6770,#6771,#6772);
#6770 = CARTESIAN_POINT('',(-1.59,19.37,-4.511946372077E-15));
#6771 = DIRECTION('',(-1.,0.,0.));
#6772 = DIRECTION('',(0.,-1.,0.));
#6773 = ADVANCED_FACE('',(#6774),#6792,.F.);
#6774 = FACE_BOUND('',#6775,.F.);
#6775 = EDGE_LOOP('',(#6776,#6777,#6778,#6786));
#6776 = ORIENTED_EDGE('',*,*,#6684,.F.);
#6777 = ORIENTED_EDGE('',*,*,#6670,.T.);
#6778 = ORIENTED_EDGE('',*,*,#6779,.T.);
#6779 = EDGE_CURVE('',#6663,#6780,#6782,.T.);
#6780 = VERTEX_POINT('',#6781);
#6781 = CARTESIAN_POINT('',(-0.95,19.37,8.18));
#6782 = LINE('',#6783,#6784);
#6783 = CARTESIAN_POINT('',(-0.95,18.73,8.18));
#6784 = VECTOR('',#6785,1.);
#6785 = DIRECTION('',(0.,1.,0.));
#6786 = ORIENTED_EDGE('',*,*,#6787,.F.);
#6787 = EDGE_CURVE('',#6685,#6780,#6788,.T.);
#6788 = LINE('',#6789,#6790);
#6789 = CARTESIAN_POINT('',(-0.95,19.37,-4.511946372077E-15));
#6790 = VECTOR('',#6791,1.);
#6791 = DIRECTION('',(0.,0.,1.));
#6792 = PLANE('',#6793);
#6793 = AXIS2_PLACEMENT_3D('',#6794,#6795,#6796);
#6794 = CARTESIAN_POINT('',(-0.95,18.73,-4.511946372077E-15));
#6795 = DIRECTION('',(-1.,0.,0.));
#6796 = DIRECTION('',(0.,1.,0.));
#6797 = ADVANCED_FACE('',(#6798),#6823,.F.);
#6798 = FACE_BOUND('',#6799,.T.);
#6799 = EDGE_LOOP('',(#6800,#6808,#6809,#6817));
#6800 = ORIENTED_EDGE('',*,*,#6801,.F.);
#6801 = EDGE_CURVE('',#6655,#6802,#6804,.T.);
#6802 = VERTEX_POINT('',#6803);
#6803 = CARTESIAN_POINT('',(-1.39,18.93,8.38));
#6804 = LINE('',#6805,#6806);
#6805 = CARTESIAN_POINT('',(-1.416666666667,18.903333333333,
    8.353333333333));
#6806 = VECTOR('',#6807,1.);
#6807 = DIRECTION('',(0.57735026919,0.57735026919,0.57735026919));
#6808 = ORIENTED_EDGE('',*,*,#6662,.T.);
#6809 = ORIENTED_EDGE('',*,*,#6810,.T.);
#6810 = EDGE_CURVE('',#6663,#6811,#6813,.T.);
#6811 = VERTEX_POINT('',#6812);
#6812 = CARTESIAN_POINT('',(-1.15,18.93,8.38));
#6813 = LINE('',#6814,#6815);
#6814 = CARTESIAN_POINT('',(-1.123333333333,18.903333333333,
    8.353333333333));
#6815 = VECTOR('',#6816,1.);
#6816 = DIRECTION('',(-0.57735026919,0.57735026919,0.57735026919));
#6817 = ORIENTED_EDGE('',*,*,#6818,.F.);
#6818 = EDGE_CURVE('',#6802,#6811,#6819,.T.);
#6819 = LINE('',#6820,#6821);
#6820 = CARTESIAN_POINT('',(-1.59,18.93,8.38));
#6821 = VECTOR('',#6822,1.);
#6822 = DIRECTION('',(1.,0.,0.));
#6823 = PLANE('',#6824);
#6824 = AXIS2_PLACEMENT_3D('',#6825,#6826,#6827);
#6825 = CARTESIAN_POINT('',(-1.59,18.83,8.28));
#6826 = DIRECTION('',(0.,0.707106781187,-0.707106781187));
#6827 = DIRECTION('',(-1.,-0.,-0.));
#6828 = ADVANCED_FACE('',(#6829),#6847,.F.);
#6829 = FACE_BOUND('',#6830,.F.);
#6830 = EDGE_LOOP('',(#6831,#6832,#6840,#6846));
#6831 = ORIENTED_EDGE('',*,*,#6746,.F.);
#6832 = ORIENTED_EDGE('',*,*,#6833,.T.);
#6833 = EDGE_CURVE('',#6747,#6834,#6836,.T.);
#6834 = VERTEX_POINT('',#6835);
#6835 = CARTESIAN_POINT('',(-1.59,19.37,8.18));
#6836 = LINE('',#6837,#6838);
#6837 = CARTESIAN_POINT('',(-1.59,19.37,-4.511946372077E-15));
#6838 = VECTOR('',#6839,1.);
#6839 = DIRECTION('',(0.,0.,1.));
#6840 = ORIENTED_EDGE('',*,*,#6841,.T.);
#6841 = EDGE_CURVE('',#6834,#6655,#6842,.T.);
#6842 = LINE('',#6843,#6844);
#6843 = CARTESIAN_POINT('',(-1.59,19.37,8.18));
#6844 = VECTOR('',#6845,1.);
#6845 = DIRECTION('',(0.,-1.,0.));
#6846 = ORIENTED_EDGE('',*,*,#6654,.F.);
#6847 = PLANE('',#6848);
#6848 = AXIS2_PLACEMENT_3D('',#6849,#6850,#6851);
#6849 = CARTESIAN_POINT('',(-1.59,19.37,-4.511946372077E-15));
#6850 = DIRECTION('',(1.,0.,0.));
#6851 = DIRECTION('',(0.,-1.,0.));
#6852 = ADVANCED_FACE('',(#6853),#6869,.T.);
#6853 = FACE_BOUND('',#6854,.T.);
#6854 = EDGE_LOOP('',(#6855,#6861,#6862,#6868));
#6855 = ORIENTED_EDGE('',*,*,#6856,.F.);
#6856 = EDGE_CURVE('',#6685,#6747,#6857,.T.);
#6857 = LINE('',#6858,#6859);
#6858 = CARTESIAN_POINT('',(-0.95,19.37,-4.511946372077E-15));
#6859 = VECTOR('',#6860,1.);
#6860 = DIRECTION('',(-1.,0.,0.));
#6861 = ORIENTED_EDGE('',*,*,#6701,.T.);
#6862 = ORIENTED_EDGE('',*,*,#6863,.T.);
#6863 = EDGE_CURVE('',#6694,#6755,#6864,.T.);
#6864 = LINE('',#6865,#6866);
#6865 = CARTESIAN_POINT('',(-0.95,19.37,-2.34));
#6866 = VECTOR('',#6867,1.);
#6867 = DIRECTION('',(-1.,0.,0.));
#6868 = ORIENTED_EDGE('',*,*,#6754,.F.);
#6869 = PLANE('',#6870);
#6870 = AXIS2_PLACEMENT_3D('',#6871,#6872,#6873);
#6871 = CARTESIAN_POINT('',(-0.95,19.37,-4.511946372077E-15));
#6872 = DIRECTION('',(0.,1.,0.));
#6873 = DIRECTION('',(-1.,0.,0.));
#6874 = ADVANCED_FACE('',(#6875),#6893,.F.);
#6875 = FACE_BOUND('',#6876,.F.);
#6876 = EDGE_LOOP('',(#6877,#6878,#6879,#6887));
#6877 = ORIENTED_EDGE('',*,*,#6724,.F.);
#6878 = ORIENTED_EDGE('',*,*,#6693,.T.);
#6879 = ORIENTED_EDGE('',*,*,#6880,.F.);
#6880 = EDGE_CURVE('',#6881,#6694,#6883,.T.);
#6881 = VERTEX_POINT('',#6882);
#6882 = CARTESIAN_POINT('',(-1.15,19.17,-2.54));
#6883 = LINE('',#6884,#6885);
#6884 = CARTESIAN_POINT('',(-1.123333333333,19.196666666667,
    -2.513333333333));
#6885 = VECTOR('',#6886,1.);
#6886 = DIRECTION('',(0.57735026919,0.57735026919,0.57735026919));
#6887 = ORIENTED_EDGE('',*,*,#6888,.F.);
#6888 = EDGE_CURVE('',#6725,#6881,#6889,.T.);
#6889 = LINE('',#6890,#6891);
#6890 = CARTESIAN_POINT('',(-1.15,18.73,-2.54));
#6891 = VECTOR('',#6892,1.);
#6892 = DIRECTION('',(0.,1.,0.));
#6893 = PLANE('',#6894);
#6894 = AXIS2_PLACEMENT_3D('',#6895,#6896,#6897);
#6895 = CARTESIAN_POINT('',(-1.05,18.73,-2.44));
#6896 = DIRECTION('',(-0.707106781187,0.,0.707106781187));
#6897 = DIRECTION('',(0.,1.,0.));
#6898 = ADVANCED_FACE('',(#6899),#6917,.F.);
#6899 = FACE_BOUND('',#6900,.F.);
#6900 = EDGE_LOOP('',(#6901,#6909,#6910,#6911));
#6901 = ORIENTED_EDGE('',*,*,#6902,.F.);
#6902 = EDGE_CURVE('',#6755,#6903,#6905,.T.);
#6903 = VERTEX_POINT('',#6904);
#6904 = CARTESIAN_POINT('',(-1.39,19.17,-2.54));
#6905 = LINE('',#6906,#6907);
#6906 = CARTESIAN_POINT('',(-1.416666666667,19.196666666667,
    -2.513333333333));
#6907 = VECTOR('',#6908,1.);
#6908 = DIRECTION('',(0.57735026919,-0.57735026919,-0.57735026919));
#6909 = ORIENTED_EDGE('',*,*,#6762,.T.);
#6910 = ORIENTED_EDGE('',*,*,#6715,.T.);
#6911 = ORIENTED_EDGE('',*,*,#6912,.F.);
#6912 = EDGE_CURVE('',#6903,#6716,#6913,.T.);
#6913 = LINE('',#6914,#6915);
#6914 = CARTESIAN_POINT('',(-1.39,19.37,-2.54));
#6915 = VECTOR('',#6916,1.);
#6916 = DIRECTION('',(0.,-1.,0.));
#6917 = PLANE('',#6918);
#6918 = AXIS2_PLACEMENT_3D('',#6919,#6920,#6921);
#6919 = CARTESIAN_POINT('',(-1.49,19.37,-2.44));
#6920 = DIRECTION('',(0.707106781187,0.,0.707106781187));
#6921 = DIRECTION('',(0.,-1.,0.));
#6922 = ADVANCED_FACE('',(#6923),#6934,.F.);
#6923 = FACE_BOUND('',#6924,.F.);
#6924 = EDGE_LOOP('',(#6925,#6926,#6927,#6928));
#6925 = ORIENTED_EDGE('',*,*,#6912,.T.);
#6926 = ORIENTED_EDGE('',*,*,#6732,.T.);
#6927 = ORIENTED_EDGE('',*,*,#6888,.T.);
#6928 = ORIENTED_EDGE('',*,*,#6929,.T.);
#6929 = EDGE_CURVE('',#6881,#6903,#6930,.T.);
#6930 = LINE('',#6931,#6932);
#6931 = CARTESIAN_POINT('',(-0.95,19.17,-2.54));
#6932 = VECTOR('',#6933,1.);
#6933 = DIRECTION('',(-1.,0.,0.));
#6934 = PLANE('',#6935);
#6935 = AXIS2_PLACEMENT_3D('',#6936,#6937,#6938);
#6936 = CARTESIAN_POINT('',(-1.27,19.05,-2.54));
#6937 = DIRECTION('',(0.,0.,1.));
#6938 = DIRECTION('',(1.,0.,0.));
#6939 = ADVANCED_FACE('',(#6940),#6951,.F.);
#6940 = FACE_BOUND('',#6941,.F.);
#6941 = EDGE_LOOP('',(#6942,#6943,#6944,#6950));
#6942 = ORIENTED_EDGE('',*,*,#6856,.F.);
#6943 = ORIENTED_EDGE('',*,*,#6787,.T.);
#6944 = ORIENTED_EDGE('',*,*,#6945,.T.);
#6945 = EDGE_CURVE('',#6780,#6834,#6946,.T.);
#6946 = LINE('',#6947,#6948);
#6947 = CARTESIAN_POINT('',(-0.95,19.37,8.18));
#6948 = VECTOR('',#6949,1.);
#6949 = DIRECTION('',(-1.,0.,0.));
#6950 = ORIENTED_EDGE('',*,*,#6833,.F.);
#6951 = PLANE('',#6952);
#6952 = AXIS2_PLACEMENT_3D('',#6953,#6954,#6955);
#6953 = CARTESIAN_POINT('',(-0.95,19.37,-4.511946372077E-15));
#6954 = DIRECTION('',(0.,-1.,0.));
#6955 = DIRECTION('',(-1.,0.,0.));
#6956 = ADVANCED_FACE('',(#6957),#6975,.F.);
#6957 = FACE_BOUND('',#6958,.T.);
#6958 = EDGE_LOOP('',(#6959,#6960,#6961,#6969));
#6959 = ORIENTED_EDGE('',*,*,#6810,.F.);
#6960 = ORIENTED_EDGE('',*,*,#6779,.T.);
#6961 = ORIENTED_EDGE('',*,*,#6962,.F.);
#6962 = EDGE_CURVE('',#6963,#6780,#6965,.T.);
#6963 = VERTEX_POINT('',#6964);
#6964 = CARTESIAN_POINT('',(-1.15,19.17,8.38));
#6965 = LINE('',#6966,#6967);
#6966 = CARTESIAN_POINT('',(-1.123333333333,19.196666666667,
    8.353333333333));
#6967 = VECTOR('',#6968,1.);
#6968 = DIRECTION('',(0.57735026919,0.57735026919,-0.57735026919));
#6969 = ORIENTED_EDGE('',*,*,#6970,.F.);
#6970 = EDGE_CURVE('',#6811,#6963,#6971,.T.);
#6971 = LINE('',#6972,#6973);
#6972 = CARTESIAN_POINT('',(-1.15,18.73,8.38));
#6973 = VECTOR('',#6974,1.);
#6974 = DIRECTION('',(0.,1.,0.));
#6975 = PLANE('',#6976);
#6976 = AXIS2_PLACEMENT_3D('',#6977,#6978,#6979);
#6977 = CARTESIAN_POINT('',(-1.05,18.73,8.28));
#6978 = DIRECTION('',(-0.707106781187,0.,-0.707106781187));
#6979 = DIRECTION('',(-0.,-1.,-0.));
#6980 = ADVANCED_FACE('',(#6981),#6999,.F.);
#6981 = FACE_BOUND('',#6982,.T.);
#6982 = EDGE_LOOP('',(#6983,#6991,#6992,#6993));
#6983 = ORIENTED_EDGE('',*,*,#6984,.T.);
#6984 = EDGE_CURVE('',#6985,#6834,#6987,.T.);
#6985 = VERTEX_POINT('',#6986);
#6986 = CARTESIAN_POINT('',(-1.39,19.17,8.38));
#6987 = LINE('',#6988,#6989);
#6988 = CARTESIAN_POINT('',(-1.416666666667,19.196666666667,
    8.353333333333));
#6989 = VECTOR('',#6990,1.);
#6990 = DIRECTION('',(-0.57735026919,0.57735026919,-0.57735026919));
#6991 = ORIENTED_EDGE('',*,*,#6841,.T.);
#6992 = ORIENTED_EDGE('',*,*,#6801,.T.);
#6993 = ORIENTED_EDGE('',*,*,#6994,.F.);
#6994 = EDGE_CURVE('',#6985,#6802,#6995,.T.);
#6995 = LINE('',#6996,#6997);
#6996 = CARTESIAN_POINT('',(-1.39,19.37,8.38));
#6997 = VECTOR('',#6998,1.);
#6998 = DIRECTION('',(0.,-1.,0.));
#6999 = PLANE('',#7000);
#7000 = AXIS2_PLACEMENT_3D('',#7001,#7002,#7003);
#7001 = CARTESIAN_POINT('',(-1.49,19.37,8.28));
#7002 = DIRECTION('',(0.707106781187,0.,-0.707106781187));
#7003 = DIRECTION('',(0.,1.,0.));
#7004 = ADVANCED_FACE('',(#7005),#7016,.T.);
#7005 = FACE_BOUND('',#7006,.T.);
#7006 = EDGE_LOOP('',(#7007,#7008,#7009,#7010));
#7007 = ORIENTED_EDGE('',*,*,#6994,.T.);
#7008 = ORIENTED_EDGE('',*,*,#6818,.T.);
#7009 = ORIENTED_EDGE('',*,*,#6970,.T.);
#7010 = ORIENTED_EDGE('',*,*,#7011,.T.);
#7011 = EDGE_CURVE('',#6963,#6985,#7012,.T.);
#7012 = LINE('',#7013,#7014);
#7013 = CARTESIAN_POINT('',(-0.95,19.17,8.38));
#7014 = VECTOR('',#7015,1.);
#7015 = DIRECTION('',(-1.,0.,0.));
#7016 = PLANE('',#7017);
#7017 = AXIS2_PLACEMENT_3D('',#7018,#7019,#7020);
#7018 = CARTESIAN_POINT('',(-1.27,19.05,8.38));
#7019 = DIRECTION('',(0.,0.,1.));
#7020 = DIRECTION('',(1.,0.,0.));
#7021 = ADVANCED_FACE('',(#7022),#7028,.F.);
#7022 = FACE_BOUND('',#7023,.T.);
#7023 = EDGE_LOOP('',(#7024,#7025,#7026,#7027));
#7024 = ORIENTED_EDGE('',*,*,#6880,.F.);
#7025 = ORIENTED_EDGE('',*,*,#6929,.T.);
#7026 = ORIENTED_EDGE('',*,*,#6902,.F.);
#7027 = ORIENTED_EDGE('',*,*,#6863,.F.);
#7028 = PLANE('',#7029);
#7029 = AXIS2_PLACEMENT_3D('',#7030,#7031,#7032);
#7030 = CARTESIAN_POINT('',(-0.95,19.27,-2.44));
#7031 = DIRECTION('',(0.,-0.707106781187,0.707106781187));
#7032 = DIRECTION('',(1.,0.,0.));
#7033 = ADVANCED_FACE('',(#7034),#7040,.F.);
#7034 = FACE_BOUND('',#7035,.F.);
#7035 = EDGE_LOOP('',(#7036,#7037,#7038,#7039));
#7036 = ORIENTED_EDGE('',*,*,#6962,.F.);
#7037 = ORIENTED_EDGE('',*,*,#7011,.T.);
#7038 = ORIENTED_EDGE('',*,*,#6984,.T.);
#7039 = ORIENTED_EDGE('',*,*,#6945,.F.);
#7040 = PLANE('',#7041);
#7041 = AXIS2_PLACEMENT_3D('',#7042,#7043,#7044);
#7042 = CARTESIAN_POINT('',(-0.95,19.27,8.28));
#7043 = DIRECTION('',(0.,-0.707106781187,-0.707106781187));
#7044 = DIRECTION('',(-1.,0.,0.));
#7045 = MANIFOLD_SOLID_BREP('',#7046);
#7046 = CLOSED_SHELL('',(#7047,#7087,#7118,#7149,#7180,#7211,#7235,#7266
    ,#7290,#7312,#7336,#7360,#7377,#7394,#7418,#7442,#7459,#7471));
#7047 = ADVANCED_FACE('',(#7048),#7082,.T.);
#7048 = FACE_BOUND('',#7049,.T.);
#7049 = EDGE_LOOP('',(#7050,#7060,#7068,#7076));
#7050 = ORIENTED_EDGE('',*,*,#7051,.F.);
#7051 = EDGE_CURVE('',#7052,#7054,#7056,.T.);
#7052 = VERTEX_POINT('',#7053);
#7053 = CARTESIAN_POINT('',(-1.59,21.27,-4.793943020331E-15));
#7054 = VERTEX_POINT('',#7055);
#7055 = CARTESIAN_POINT('',(-0.95,21.27,-4.793943020331E-15));
#7056 = LINE('',#7057,#7058);
#7057 = CARTESIAN_POINT('',(-1.59,21.27,-4.793943020331E-15));
#7058 = VECTOR('',#7059,1.);
#7059 = DIRECTION('',(1.,0.,0.));
#7060 = ORIENTED_EDGE('',*,*,#7061,.T.);
#7061 = EDGE_CURVE('',#7052,#7062,#7064,.T.);
#7062 = VERTEX_POINT('',#7063);
#7063 = CARTESIAN_POINT('',(-1.59,21.27,-2.34));
#7064 = LINE('',#7065,#7066);
#7065 = CARTESIAN_POINT('',(-1.59,21.27,-4.793943020331E-15));
#7066 = VECTOR('',#7067,1.);
#7067 = DIRECTION('',(-0.,-0.,-1.));
#7068 = ORIENTED_EDGE('',*,*,#7069,.T.);
#7069 = EDGE_CURVE('',#7062,#7070,#7072,.T.);
#7070 = VERTEX_POINT('',#7071);
#7071 = CARTESIAN_POINT('',(-0.95,21.27,-2.34));
#7072 = LINE('',#7073,#7074);
#7073 = CARTESIAN_POINT('',(-1.59,21.27,-2.34));
#7074 = VECTOR('',#7075,1.);
#7075 = DIRECTION('',(1.,0.,0.));
#7076 = ORIENTED_EDGE('',*,*,#7077,.F.);
#7077 = EDGE_CURVE('',#7054,#7070,#7078,.T.);
#7078 = LINE('',#7079,#7080);
#7079 = CARTESIAN_POINT('',(-0.95,21.27,-4.793943020331E-15));
#7080 = VECTOR('',#7081,1.);
#7081 = DIRECTION('',(-0.,-0.,-1.));
#7082 = PLANE('',#7083);
#7083 = AXIS2_PLACEMENT_3D('',#7084,#7085,#7086);
#7084 = CARTESIAN_POINT('',(-1.59,21.27,-4.793943020331E-15));
#7085 = DIRECTION('',(0.,-1.,0.));
#7086 = DIRECTION('',(1.,0.,0.));
#7087 = ADVANCED_FACE('',(#7088),#7113,.F.);
#7088 = FACE_BOUND('',#7089,.F.);
#7089 = EDGE_LOOP('',(#7090,#7091,#7099,#7107));
#7090 = ORIENTED_EDGE('',*,*,#7051,.F.);
#7091 = ORIENTED_EDGE('',*,*,#7092,.T.);
#7092 = EDGE_CURVE('',#7052,#7093,#7095,.T.);
#7093 = VERTEX_POINT('',#7094);
#7094 = CARTESIAN_POINT('',(-1.59,21.27,8.18));
#7095 = LINE('',#7096,#7097);
#7096 = CARTESIAN_POINT('',(-1.59,21.27,-4.793943020331E-15));
#7097 = VECTOR('',#7098,1.);
#7098 = DIRECTION('',(0.,0.,1.));
#7099 = ORIENTED_EDGE('',*,*,#7100,.T.);
#7100 = EDGE_CURVE('',#7093,#7101,#7103,.T.);
#7101 = VERTEX_POINT('',#7102);
#7102 = CARTESIAN_POINT('',(-0.95,21.27,8.18));
#7103 = LINE('',#7104,#7105);
#7104 = CARTESIAN_POINT('',(-1.59,21.27,8.18));
#7105 = VECTOR('',#7106,1.);
#7106 = DIRECTION('',(1.,0.,0.));
#7107 = ORIENTED_EDGE('',*,*,#7108,.F.);
#7108 = EDGE_CURVE('',#7054,#7101,#7109,.T.);
#7109 = LINE('',#7110,#7111);
#7110 = CARTESIAN_POINT('',(-0.95,21.27,-4.793943020331E-15));
#7111 = VECTOR('',#7112,1.);
#7112 = DIRECTION('',(0.,0.,1.));
#7113 = PLANE('',#7114);
#7114 = AXIS2_PLACEMENT_3D('',#7115,#7116,#7117);
#7115 = CARTESIAN_POINT('',(-1.59,21.27,-4.793943020331E-15));
#7116 = DIRECTION('',(0.,1.,0.));
#7117 = DIRECTION('',(1.,0.,0.));
#7118 = ADVANCED_FACE('',(#7119),#7144,.T.);
#7119 = FACE_BOUND('',#7120,.T.);
#7120 = EDGE_LOOP('',(#7121,#7129,#7130,#7138));
#7121 = ORIENTED_EDGE('',*,*,#7122,.F.);
#7122 = EDGE_CURVE('',#7054,#7123,#7125,.T.);
#7123 = VERTEX_POINT('',#7124);
#7124 = CARTESIAN_POINT('',(-0.95,21.91,-4.793943020331E-15));
#7125 = LINE('',#7126,#7127);
#7126 = CARTESIAN_POINT('',(-0.95,21.27,-4.793943020331E-15));
#7127 = VECTOR('',#7128,1.);
#7128 = DIRECTION('',(0.,1.,0.));
#7129 = ORIENTED_EDGE('',*,*,#7077,.T.);
#7130 = ORIENTED_EDGE('',*,*,#7131,.T.);
#7131 = EDGE_CURVE('',#7070,#7132,#7134,.T.);
#7132 = VERTEX_POINT('',#7133);
#7133 = CARTESIAN_POINT('',(-0.95,21.91,-2.34));
#7134 = LINE('',#7135,#7136);
#7135 = CARTESIAN_POINT('',(-0.95,21.27,-2.34));
#7136 = VECTOR('',#7137,1.);
#7137 = DIRECTION('',(0.,1.,0.));
#7138 = ORIENTED_EDGE('',*,*,#7139,.F.);
#7139 = EDGE_CURVE('',#7123,#7132,#7140,.T.);
#7140 = LINE('',#7141,#7142);
#7141 = CARTESIAN_POINT('',(-0.95,21.91,-4.793943020331E-15));
#7142 = VECTOR('',#7143,1.);
#7143 = DIRECTION('',(-0.,-0.,-1.));
#7144 = PLANE('',#7145);
#7145 = AXIS2_PLACEMENT_3D('',#7146,#7147,#7148);
#7146 = CARTESIAN_POINT('',(-0.95,21.27,-4.793943020331E-15));
#7147 = DIRECTION('',(1.,0.,0.));
#7148 = DIRECTION('',(0.,1.,0.));
#7149 = ADVANCED_FACE('',(#7150),#7175,.F.);
#7150 = FACE_BOUND('',#7151,.F.);
#7151 = EDGE_LOOP('',(#7152,#7160,#7161,#7169));
#7152 = ORIENTED_EDGE('',*,*,#7153,.F.);
#7153 = EDGE_CURVE('',#7062,#7154,#7156,.T.);
#7154 = VERTEX_POINT('',#7155);
#7155 = CARTESIAN_POINT('',(-1.39,21.47,-2.54));
#7156 = LINE('',#7157,#7158);
#7157 = CARTESIAN_POINT('',(-1.416666666667,21.443333333333,
    -2.513333333333));
#7158 = VECTOR('',#7159,1.);
#7159 = DIRECTION('',(0.57735026919,0.57735026919,-0.57735026919));
#7160 = ORIENTED_EDGE('',*,*,#7069,.T.);
#7161 = ORIENTED_EDGE('',*,*,#7162,.T.);
#7162 = EDGE_CURVE('',#7070,#7163,#7165,.T.);
#7163 = VERTEX_POINT('',#7164);
#7164 = CARTESIAN_POINT('',(-1.15,21.47,-2.54));
#7165 = LINE('',#7166,#7167);
#7166 = CARTESIAN_POINT('',(-1.123333333333,21.443333333333,
    -2.513333333333));
#7167 = VECTOR('',#7168,1.);
#7168 = DIRECTION('',(-0.57735026919,0.57735026919,-0.57735026919));
#7169 = ORIENTED_EDGE('',*,*,#7170,.F.);
#7170 = EDGE_CURVE('',#7154,#7163,#7171,.T.);
#7171 = LINE('',#7172,#7173);
#7172 = CARTESIAN_POINT('',(-1.59,21.47,-2.54));
#7173 = VECTOR('',#7174,1.);
#7174 = DIRECTION('',(1.,0.,0.));
#7175 = PLANE('',#7176);
#7176 = AXIS2_PLACEMENT_3D('',#7177,#7178,#7179);
#7177 = CARTESIAN_POINT('',(-1.59,21.37,-2.44));
#7178 = DIRECTION('',(0.,0.707106781187,0.707106781187));
#7179 = DIRECTION('',(1.,0.,0.));
#7180 = ADVANCED_FACE('',(#7181),#7206,.T.);
#7181 = FACE_BOUND('',#7182,.T.);
#7182 = EDGE_LOOP('',(#7183,#7191,#7199,#7205));
#7183 = ORIENTED_EDGE('',*,*,#7184,.F.);
#7184 = EDGE_CURVE('',#7185,#7052,#7187,.T.);
#7185 = VERTEX_POINT('',#7186);
#7186 = CARTESIAN_POINT('',(-1.59,21.91,-4.793943020331E-15));
#7187 = LINE('',#7188,#7189);
#7188 = CARTESIAN_POINT('',(-1.59,21.91,-4.793943020331E-15));
#7189 = VECTOR('',#7190,1.);
#7190 = DIRECTION('',(0.,-1.,0.));
#7191 = ORIENTED_EDGE('',*,*,#7192,.T.);
#7192 = EDGE_CURVE('',#7185,#7193,#7195,.T.);
#7193 = VERTEX_POINT('',#7194);
#7194 = CARTESIAN_POINT('',(-1.59,21.91,-2.34));
#7195 = LINE('',#7196,#7197);
#7196 = CARTESIAN_POINT('',(-1.59,21.91,-4.793943020331E-15));
#7197 = VECTOR('',#7198,1.);
#7198 = DIRECTION('',(-0.,-0.,-1.));
#7199 = ORIENTED_EDGE('',*,*,#7200,.T.);
#7200 = EDGE_CURVE('',#7193,#7062,#7201,.T.);
#7201 = LINE('',#7202,#7203);
#7202 = CARTESIAN_POINT('',(-1.59,21.91,-2.34));
#7203 = VECTOR('',#7204,1.);
#7204 = DIRECTION('',(0.,-1.,0.));
#7205 = ORIENTED_EDGE('',*,*,#7061,.F.);
#7206 = PLANE('',#7207);
#7207 = AXIS2_PLACEMENT_3D('',#7208,#7209,#7210);
#7208 = CARTESIAN_POINT('',(-1.59,21.91,-4.793943020331E-15));
#7209 = DIRECTION('',(-1.,0.,0.));
#7210 = DIRECTION('',(0.,-1.,0.));
#7211 = ADVANCED_FACE('',(#7212),#7230,.F.);
#7212 = FACE_BOUND('',#7213,.F.);
#7213 = EDGE_LOOP('',(#7214,#7215,#7216,#7224));
#7214 = ORIENTED_EDGE('',*,*,#7122,.F.);
#7215 = ORIENTED_EDGE('',*,*,#7108,.T.);
#7216 = ORIENTED_EDGE('',*,*,#7217,.T.);
#7217 = EDGE_CURVE('',#7101,#7218,#7220,.T.);
#7218 = VERTEX_POINT('',#7219);
#7219 = CARTESIAN_POINT('',(-0.95,21.91,8.18));
#7220 = LINE('',#7221,#7222);
#7221 = CARTESIAN_POINT('',(-0.95,21.27,8.18));
#7222 = VECTOR('',#7223,1.);
#7223 = DIRECTION('',(0.,1.,0.));
#7224 = ORIENTED_EDGE('',*,*,#7225,.F.);
#7225 = EDGE_CURVE('',#7123,#7218,#7226,.T.);
#7226 = LINE('',#7227,#7228);
#7227 = CARTESIAN_POINT('',(-0.95,21.91,-4.793943020331E-15));
#7228 = VECTOR('',#7229,1.);
#7229 = DIRECTION('',(0.,0.,1.));
#7230 = PLANE('',#7231);
#7231 = AXIS2_PLACEMENT_3D('',#7232,#7233,#7234);
#7232 = CARTESIAN_POINT('',(-0.95,21.27,-4.793943020331E-15));
#7233 = DIRECTION('',(-1.,0.,0.));
#7234 = DIRECTION('',(0.,1.,0.));
#7235 = ADVANCED_FACE('',(#7236),#7261,.F.);
#7236 = FACE_BOUND('',#7237,.T.);
#7237 = EDGE_LOOP('',(#7238,#7246,#7247,#7255));
#7238 = ORIENTED_EDGE('',*,*,#7239,.F.);
#7239 = EDGE_CURVE('',#7093,#7240,#7242,.T.);
#7240 = VERTEX_POINT('',#7241);
#7241 = CARTESIAN_POINT('',(-1.39,21.47,8.38));
#7242 = LINE('',#7243,#7244);
#7243 = CARTESIAN_POINT('',(-1.416666666667,21.443333333333,
    8.353333333333));
#7244 = VECTOR('',#7245,1.);
#7245 = DIRECTION('',(0.57735026919,0.57735026919,0.57735026919));
#7246 = ORIENTED_EDGE('',*,*,#7100,.T.);
#7247 = ORIENTED_EDGE('',*,*,#7248,.T.);
#7248 = EDGE_CURVE('',#7101,#7249,#7251,.T.);
#7249 = VERTEX_POINT('',#7250);
#7250 = CARTESIAN_POINT('',(-1.15,21.47,8.38));
#7251 = LINE('',#7252,#7253);
#7252 = CARTESIAN_POINT('',(-1.123333333333,21.443333333333,
    8.353333333333));
#7253 = VECTOR('',#7254,1.);
#7254 = DIRECTION('',(-0.57735026919,0.57735026919,0.57735026919));
#7255 = ORIENTED_EDGE('',*,*,#7256,.F.);
#7256 = EDGE_CURVE('',#7240,#7249,#7257,.T.);
#7257 = LINE('',#7258,#7259);
#7258 = CARTESIAN_POINT('',(-1.59,21.47,8.38));
#7259 = VECTOR('',#7260,1.);
#7260 = DIRECTION('',(1.,0.,0.));
#7261 = PLANE('',#7262);
#7262 = AXIS2_PLACEMENT_3D('',#7263,#7264,#7265);
#7263 = CARTESIAN_POINT('',(-1.59,21.37,8.28));
#7264 = DIRECTION('',(0.,0.707106781187,-0.707106781187));
#7265 = DIRECTION('',(-1.,-0.,-0.));
#7266 = ADVANCED_FACE('',(#7267),#7285,.F.);
#7267 = FACE_BOUND('',#7268,.F.);
#7268 = EDGE_LOOP('',(#7269,#7270,#7278,#7284));
#7269 = ORIENTED_EDGE('',*,*,#7184,.F.);
#7270 = ORIENTED_EDGE('',*,*,#7271,.T.);
#7271 = EDGE_CURVE('',#7185,#7272,#7274,.T.);
#7272 = VERTEX_POINT('',#7273);
#7273 = CARTESIAN_POINT('',(-1.59,21.91,8.18));
#7274 = LINE('',#7275,#7276);
#7275 = CARTESIAN_POINT('',(-1.59,21.91,-4.793943020331E-15));
#7276 = VECTOR('',#7277,1.);
#7277 = DIRECTION('',(0.,0.,1.));
#7278 = ORIENTED_EDGE('',*,*,#7279,.T.);
#7279 = EDGE_CURVE('',#7272,#7093,#7280,.T.);
#7280 = LINE('',#7281,#7282);
#7281 = CARTESIAN_POINT('',(-1.59,21.91,8.18));
#7282 = VECTOR('',#7283,1.);
#7283 = DIRECTION('',(0.,-1.,0.));
#7284 = ORIENTED_EDGE('',*,*,#7092,.F.);
#7285 = PLANE('',#7286);
#7286 = AXIS2_PLACEMENT_3D('',#7287,#7288,#7289);
#7287 = CARTESIAN_POINT('',(-1.59,21.91,-4.793943020331E-15));
#7288 = DIRECTION('',(1.,0.,0.));
#7289 = DIRECTION('',(0.,-1.,0.));
#7290 = ADVANCED_FACE('',(#7291),#7307,.T.);
#7291 = FACE_BOUND('',#7292,.T.);
#7292 = EDGE_LOOP('',(#7293,#7299,#7300,#7306));
#7293 = ORIENTED_EDGE('',*,*,#7294,.F.);
#7294 = EDGE_CURVE('',#7123,#7185,#7295,.T.);
#7295 = LINE('',#7296,#7297);
#7296 = CARTESIAN_POINT('',(-0.95,21.91,-4.793943020331E-15));
#7297 = VECTOR('',#7298,1.);
#7298 = DIRECTION('',(-1.,0.,0.));
#7299 = ORIENTED_EDGE('',*,*,#7139,.T.);
#7300 = ORIENTED_EDGE('',*,*,#7301,.T.);
#7301 = EDGE_CURVE('',#7132,#7193,#7302,.T.);
#7302 = LINE('',#7303,#7304);
#7303 = CARTESIAN_POINT('',(-0.95,21.91,-2.34));
#7304 = VECTOR('',#7305,1.);
#7305 = DIRECTION('',(-1.,0.,0.));
#7306 = ORIENTED_EDGE('',*,*,#7192,.F.);
#7307 = PLANE('',#7308);
#7308 = AXIS2_PLACEMENT_3D('',#7309,#7310,#7311);
#7309 = CARTESIAN_POINT('',(-0.95,21.91,-4.793943020331E-15));
#7310 = DIRECTION('',(0.,1.,0.));
#7311 = DIRECTION('',(-1.,0.,0.));
#7312 = ADVANCED_FACE('',(#7313),#7331,.F.);
#7313 = FACE_BOUND('',#7314,.F.);
#7314 = EDGE_LOOP('',(#7315,#7316,#7317,#7325));
#7315 = ORIENTED_EDGE('',*,*,#7162,.F.);
#7316 = ORIENTED_EDGE('',*,*,#7131,.T.);
#7317 = ORIENTED_EDGE('',*,*,#7318,.F.);
#7318 = EDGE_CURVE('',#7319,#7132,#7321,.T.);
#7319 = VERTEX_POINT('',#7320);
#7320 = CARTESIAN_POINT('',(-1.15,21.71,-2.54));
#7321 = LINE('',#7322,#7323);
#7322 = CARTESIAN_POINT('',(-1.123333333333,21.736666666667,
    -2.513333333333));
#7323 = VECTOR('',#7324,1.);
#7324 = DIRECTION('',(0.57735026919,0.57735026919,0.57735026919));
#7325 = ORIENTED_EDGE('',*,*,#7326,.F.);
#7326 = EDGE_CURVE('',#7163,#7319,#7327,.T.);
#7327 = LINE('',#7328,#7329);
#7328 = CARTESIAN_POINT('',(-1.15,21.27,-2.54));
#7329 = VECTOR('',#7330,1.);
#7330 = DIRECTION('',(0.,1.,0.));
#7331 = PLANE('',#7332);
#7332 = AXIS2_PLACEMENT_3D('',#7333,#7334,#7335);
#7333 = CARTESIAN_POINT('',(-1.05,21.27,-2.44));
#7334 = DIRECTION('',(-0.707106781187,0.,0.707106781187));
#7335 = DIRECTION('',(0.,1.,0.));
#7336 = ADVANCED_FACE('',(#7337),#7355,.F.);
#7337 = FACE_BOUND('',#7338,.F.);
#7338 = EDGE_LOOP('',(#7339,#7347,#7348,#7349));
#7339 = ORIENTED_EDGE('',*,*,#7340,.F.);
#7340 = EDGE_CURVE('',#7193,#7341,#7343,.T.);
#7341 = VERTEX_POINT('',#7342);
#7342 = CARTESIAN_POINT('',(-1.39,21.71,-2.54));
#7343 = LINE('',#7344,#7345);
#7344 = CARTESIAN_POINT('',(-1.416666666667,21.736666666667,
    -2.513333333333));
#7345 = VECTOR('',#7346,1.);
#7346 = DIRECTION('',(0.57735026919,-0.57735026919,-0.57735026919));
#7347 = ORIENTED_EDGE('',*,*,#7200,.T.);
#7348 = ORIENTED_EDGE('',*,*,#7153,.T.);
#7349 = ORIENTED_EDGE('',*,*,#7350,.F.);
#7350 = EDGE_CURVE('',#7341,#7154,#7351,.T.);
#7351 = LINE('',#7352,#7353);
#7352 = CARTESIAN_POINT('',(-1.39,21.91,-2.54));
#7353 = VECTOR('',#7354,1.);
#7354 = DIRECTION('',(0.,-1.,0.));
#7355 = PLANE('',#7356);
#7356 = AXIS2_PLACEMENT_3D('',#7357,#7358,#7359);
#7357 = CARTESIAN_POINT('',(-1.49,21.91,-2.44));
#7358 = DIRECTION('',(0.707106781187,0.,0.707106781187));
#7359 = DIRECTION('',(0.,-1.,0.));
#7360 = ADVANCED_FACE('',(#7361),#7372,.F.);
#7361 = FACE_BOUND('',#7362,.F.);
#7362 = EDGE_LOOP('',(#7363,#7364,#7365,#7366));
#7363 = ORIENTED_EDGE('',*,*,#7350,.T.);
#7364 = ORIENTED_EDGE('',*,*,#7170,.T.);
#7365 = ORIENTED_EDGE('',*,*,#7326,.T.);
#7366 = ORIENTED_EDGE('',*,*,#7367,.T.);
#7367 = EDGE_CURVE('',#7319,#7341,#7368,.T.);
#7368 = LINE('',#7369,#7370);
#7369 = CARTESIAN_POINT('',(-0.95,21.71,-2.54));
#7370 = VECTOR('',#7371,1.);
#7371 = DIRECTION('',(-1.,0.,0.));
#7372 = PLANE('',#7373);
#7373 = AXIS2_PLACEMENT_3D('',#7374,#7375,#7376);
#7374 = CARTESIAN_POINT('',(-1.27,21.59,-2.54));
#7375 = DIRECTION('',(0.,0.,1.));
#7376 = DIRECTION('',(1.,0.,0.));
#7377 = ADVANCED_FACE('',(#7378),#7389,.F.);
#7378 = FACE_BOUND('',#7379,.F.);
#7379 = EDGE_LOOP('',(#7380,#7381,#7382,#7388));
#7380 = ORIENTED_EDGE('',*,*,#7294,.F.);
#7381 = ORIENTED_EDGE('',*,*,#7225,.T.);
#7382 = ORIENTED_EDGE('',*,*,#7383,.T.);
#7383 = EDGE_CURVE('',#7218,#7272,#7384,.T.);
#7384 = LINE('',#7385,#7386);
#7385 = CARTESIAN_POINT('',(-0.95,21.91,8.18));
#7386 = VECTOR('',#7387,1.);
#7387 = DIRECTION('',(-1.,0.,0.));
#7388 = ORIENTED_EDGE('',*,*,#7271,.F.);
#7389 = PLANE('',#7390);
#7390 = AXIS2_PLACEMENT_3D('',#7391,#7392,#7393);
#7391 = CARTESIAN_POINT('',(-0.95,21.91,-4.793943020331E-15));
#7392 = DIRECTION('',(0.,-1.,0.));
#7393 = DIRECTION('',(-1.,0.,0.));
#7394 = ADVANCED_FACE('',(#7395),#7413,.F.);
#7395 = FACE_BOUND('',#7396,.T.);
#7396 = EDGE_LOOP('',(#7397,#7398,#7399,#7407));
#7397 = ORIENTED_EDGE('',*,*,#7248,.F.);
#7398 = ORIENTED_EDGE('',*,*,#7217,.T.);
#7399 = ORIENTED_EDGE('',*,*,#7400,.F.);
#7400 = EDGE_CURVE('',#7401,#7218,#7403,.T.);
#7401 = VERTEX_POINT('',#7402);
#7402 = CARTESIAN_POINT('',(-1.15,21.71,8.38));
#7403 = LINE('',#7404,#7405);
#7404 = CARTESIAN_POINT('',(-1.123333333333,21.736666666667,
    8.353333333333));
#7405 = VECTOR('',#7406,1.);
#7406 = DIRECTION('',(0.57735026919,0.57735026919,-0.57735026919));
#7407 = ORIENTED_EDGE('',*,*,#7408,.F.);
#7408 = EDGE_CURVE('',#7249,#7401,#7409,.T.);
#7409 = LINE('',#7410,#7411);
#7410 = CARTESIAN_POINT('',(-1.15,21.27,8.38));
#7411 = VECTOR('',#7412,1.);
#7412 = DIRECTION('',(0.,1.,0.));
#7413 = PLANE('',#7414);
#7414 = AXIS2_PLACEMENT_3D('',#7415,#7416,#7417);
#7415 = CARTESIAN_POINT('',(-1.05,21.27,8.28));
#7416 = DIRECTION('',(-0.707106781187,0.,-0.707106781187));
#7417 = DIRECTION('',(-0.,-1.,-0.));
#7418 = ADVANCED_FACE('',(#7419),#7437,.F.);
#7419 = FACE_BOUND('',#7420,.T.);
#7420 = EDGE_LOOP('',(#7421,#7429,#7430,#7431));
#7421 = ORIENTED_EDGE('',*,*,#7422,.T.);
#7422 = EDGE_CURVE('',#7423,#7272,#7425,.T.);
#7423 = VERTEX_POINT('',#7424);
#7424 = CARTESIAN_POINT('',(-1.39,21.71,8.38));
#7425 = LINE('',#7426,#7427);
#7426 = CARTESIAN_POINT('',(-1.416666666667,21.736666666667,
    8.353333333333));
#7427 = VECTOR('',#7428,1.);
#7428 = DIRECTION('',(-0.57735026919,0.57735026919,-0.57735026919));
#7429 = ORIENTED_EDGE('',*,*,#7279,.T.);
#7430 = ORIENTED_EDGE('',*,*,#7239,.T.);
#7431 = ORIENTED_EDGE('',*,*,#7432,.F.);
#7432 = EDGE_CURVE('',#7423,#7240,#7433,.T.);
#7433 = LINE('',#7434,#7435);
#7434 = CARTESIAN_POINT('',(-1.39,21.91,8.38));
#7435 = VECTOR('',#7436,1.);
#7436 = DIRECTION('',(0.,-1.,0.));
#7437 = PLANE('',#7438);
#7438 = AXIS2_PLACEMENT_3D('',#7439,#7440,#7441);
#7439 = CARTESIAN_POINT('',(-1.49,21.91,8.28));
#7440 = DIRECTION('',(0.707106781187,0.,-0.707106781187));
#7441 = DIRECTION('',(0.,1.,0.));
#7442 = ADVANCED_FACE('',(#7443),#7454,.T.);
#7443 = FACE_BOUND('',#7444,.T.);
#7444 = EDGE_LOOP('',(#7445,#7446,#7447,#7448));
#7445 = ORIENTED_EDGE('',*,*,#7432,.T.);
#7446 = ORIENTED_EDGE('',*,*,#7256,.T.);
#7447 = ORIENTED_EDGE('',*,*,#7408,.T.);
#7448 = ORIENTED_EDGE('',*,*,#7449,.T.);
#7449 = EDGE_CURVE('',#7401,#7423,#7450,.T.);
#7450 = LINE('',#7451,#7452);
#7451 = CARTESIAN_POINT('',(-0.95,21.71,8.38));
#7452 = VECTOR('',#7453,1.);
#7453 = DIRECTION('',(-1.,0.,0.));
#7454 = PLANE('',#7455);
#7455 = AXIS2_PLACEMENT_3D('',#7456,#7457,#7458);
#7456 = CARTESIAN_POINT('',(-1.27,21.59,8.38));
#7457 = DIRECTION('',(0.,0.,1.));
#7458 = DIRECTION('',(1.,0.,0.));
#7459 = ADVANCED_FACE('',(#7460),#7466,.F.);
#7460 = FACE_BOUND('',#7461,.T.);
#7461 = EDGE_LOOP('',(#7462,#7463,#7464,#7465));
#7462 = ORIENTED_EDGE('',*,*,#7318,.F.);
#7463 = ORIENTED_EDGE('',*,*,#7367,.T.);
#7464 = ORIENTED_EDGE('',*,*,#7340,.F.);
#7465 = ORIENTED_EDGE('',*,*,#7301,.F.);
#7466 = PLANE('',#7467);
#7467 = AXIS2_PLACEMENT_3D('',#7468,#7469,#7470);
#7468 = CARTESIAN_POINT('',(-0.95,21.81,-2.44));
#7469 = DIRECTION('',(0.,-0.707106781187,0.707106781187));
#7470 = DIRECTION('',(1.,0.,0.));
#7471 = ADVANCED_FACE('',(#7472),#7478,.F.);
#7472 = FACE_BOUND('',#7473,.F.);
#7473 = EDGE_LOOP('',(#7474,#7475,#7476,#7477));
#7474 = ORIENTED_EDGE('',*,*,#7400,.F.);
#7475 = ORIENTED_EDGE('',*,*,#7449,.T.);
#7476 = ORIENTED_EDGE('',*,*,#7422,.T.);
#7477 = ORIENTED_EDGE('',*,*,#7383,.F.);
#7478 = PLANE('',#7479);
#7479 = AXIS2_PLACEMENT_3D('',#7480,#7481,#7482);
#7480 = CARTESIAN_POINT('',(-0.95,21.81,8.28));
#7481 = DIRECTION('',(0.,-0.707106781187,-0.707106781187));
#7482 = DIRECTION('',(-1.,0.,0.));
#7483 = MANIFOLD_SOLID_BREP('',#7484);
#7484 = CLOSED_SHELL('',(#7485,#7525,#7556,#7587,#7618,#7649,#7673,#7704
    ,#7728,#7750,#7774,#7798,#7815,#7832,#7856,#7880,#7897,#7909));
#7485 = ADVANCED_FACE('',(#7486),#7520,.T.);
#7486 = FACE_BOUND('',#7487,.T.);
#7487 = EDGE_LOOP('',(#7488,#7498,#7506,#7514));
#7488 = ORIENTED_EDGE('',*,*,#7489,.F.);
#7489 = EDGE_CURVE('',#7490,#7492,#7494,.T.);
#7490 = VERTEX_POINT('',#7491);
#7491 = CARTESIAN_POINT('',(0.95,-21.91,0.));
#7492 = VERTEX_POINT('',#7493);
#7493 = CARTESIAN_POINT('',(1.59,-21.91,0.));
#7494 = LINE('',#7495,#7496);
#7495 = CARTESIAN_POINT('',(0.95,-21.91,0.));
#7496 = VECTOR('',#7497,1.);
#7497 = DIRECTION('',(1.,0.,0.));
#7498 = ORIENTED_EDGE('',*,*,#7499,.T.);
#7499 = EDGE_CURVE('',#7490,#7500,#7502,.T.);
#7500 = VERTEX_POINT('',#7501);
#7501 = CARTESIAN_POINT('',(0.95,-21.91,-2.34));
#7502 = LINE('',#7503,#7504);
#7503 = CARTESIAN_POINT('',(0.95,-21.91,0.));
#7504 = VECTOR('',#7505,1.);
#7505 = DIRECTION('',(-0.,-0.,-1.));
#7506 = ORIENTED_EDGE('',*,*,#7507,.T.);
#7507 = EDGE_CURVE('',#7500,#7508,#7510,.T.);
#7508 = VERTEX_POINT('',#7509);
#7509 = CARTESIAN_POINT('',(1.59,-21.91,-2.34));
#7510 = LINE('',#7511,#7512);
#7511 = CARTESIAN_POINT('',(0.95,-21.91,-2.34));
#7512 = VECTOR('',#7513,1.);
#7513 = DIRECTION('',(1.,0.,0.));
#7514 = ORIENTED_EDGE('',*,*,#7515,.F.);
#7515 = EDGE_CURVE('',#7492,#7508,#7516,.T.);
#7516 = LINE('',#7517,#7518);
#7517 = CARTESIAN_POINT('',(1.59,-21.91,0.));
#7518 = VECTOR('',#7519,1.);
#7519 = DIRECTION('',(-0.,-0.,-1.));
#7520 = PLANE('',#7521);
#7521 = AXIS2_PLACEMENT_3D('',#7522,#7523,#7524);
#7522 = CARTESIAN_POINT('',(0.95,-21.91,0.));
#7523 = DIRECTION('',(0.,-1.,0.));
#7524 = DIRECTION('',(1.,0.,0.));
#7525 = ADVANCED_FACE('',(#7526),#7551,.F.);
#7526 = FACE_BOUND('',#7527,.F.);
#7527 = EDGE_LOOP('',(#7528,#7529,#7537,#7545));
#7528 = ORIENTED_EDGE('',*,*,#7489,.F.);
#7529 = ORIENTED_EDGE('',*,*,#7530,.T.);
#7530 = EDGE_CURVE('',#7490,#7531,#7533,.T.);
#7531 = VERTEX_POINT('',#7532);
#7532 = CARTESIAN_POINT('',(0.95,-21.91,8.18));
#7533 = LINE('',#7534,#7535);
#7534 = CARTESIAN_POINT('',(0.95,-21.91,0.));
#7535 = VECTOR('',#7536,1.);
#7536 = DIRECTION('',(0.,0.,1.));
#7537 = ORIENTED_EDGE('',*,*,#7538,.T.);
#7538 = EDGE_CURVE('',#7531,#7539,#7541,.T.);
#7539 = VERTEX_POINT('',#7540);
#7540 = CARTESIAN_POINT('',(1.59,-21.91,8.18));
#7541 = LINE('',#7542,#7543);
#7542 = CARTESIAN_POINT('',(0.95,-21.91,8.18));
#7543 = VECTOR('',#7544,1.);
#7544 = DIRECTION('',(1.,0.,0.));
#7545 = ORIENTED_EDGE('',*,*,#7546,.F.);
#7546 = EDGE_CURVE('',#7492,#7539,#7547,.T.);
#7547 = LINE('',#7548,#7549);
#7548 = CARTESIAN_POINT('',(1.59,-21.91,0.));
#7549 = VECTOR('',#7550,1.);
#7550 = DIRECTION('',(0.,0.,1.));
#7551 = PLANE('',#7552);
#7552 = AXIS2_PLACEMENT_3D('',#7553,#7554,#7555);
#7553 = CARTESIAN_POINT('',(0.95,-21.91,0.));
#7554 = DIRECTION('',(0.,1.,0.));
#7555 = DIRECTION('',(1.,0.,0.));
#7556 = ADVANCED_FACE('',(#7557),#7582,.T.);
#7557 = FACE_BOUND('',#7558,.T.);
#7558 = EDGE_LOOP('',(#7559,#7567,#7568,#7576));
#7559 = ORIENTED_EDGE('',*,*,#7560,.F.);
#7560 = EDGE_CURVE('',#7492,#7561,#7563,.T.);
#7561 = VERTEX_POINT('',#7562);
#7562 = CARTESIAN_POINT('',(1.59,-21.27,0.));
#7563 = LINE('',#7564,#7565);
#7564 = CARTESIAN_POINT('',(1.59,-21.91,0.));
#7565 = VECTOR('',#7566,1.);
#7566 = DIRECTION('',(0.,1.,0.));
#7567 = ORIENTED_EDGE('',*,*,#7515,.T.);
#7568 = ORIENTED_EDGE('',*,*,#7569,.T.);
#7569 = EDGE_CURVE('',#7508,#7570,#7572,.T.);
#7570 = VERTEX_POINT('',#7571);
#7571 = CARTESIAN_POINT('',(1.59,-21.27,-2.34));
#7572 = LINE('',#7573,#7574);
#7573 = CARTESIAN_POINT('',(1.59,-21.91,-2.34));
#7574 = VECTOR('',#7575,1.);
#7575 = DIRECTION('',(0.,1.,0.));
#7576 = ORIENTED_EDGE('',*,*,#7577,.F.);
#7577 = EDGE_CURVE('',#7561,#7570,#7578,.T.);
#7578 = LINE('',#7579,#7580);
#7579 = CARTESIAN_POINT('',(1.59,-21.27,0.));
#7580 = VECTOR('',#7581,1.);
#7581 = DIRECTION('',(-0.,-0.,-1.));
#7582 = PLANE('',#7583);
#7583 = AXIS2_PLACEMENT_3D('',#7584,#7585,#7586);
#7584 = CARTESIAN_POINT('',(1.59,-21.91,0.));
#7585 = DIRECTION('',(1.,0.,0.));
#7586 = DIRECTION('',(0.,1.,0.));
#7587 = ADVANCED_FACE('',(#7588),#7613,.F.);
#7588 = FACE_BOUND('',#7589,.F.);
#7589 = EDGE_LOOP('',(#7590,#7598,#7599,#7607));
#7590 = ORIENTED_EDGE('',*,*,#7591,.F.);
#7591 = EDGE_CURVE('',#7500,#7592,#7594,.T.);
#7592 = VERTEX_POINT('',#7593);
#7593 = CARTESIAN_POINT('',(1.15,-21.71,-2.54));
#7594 = LINE('',#7595,#7596);
#7595 = CARTESIAN_POINT('',(1.123333333333,-21.73666666666,
    -2.513333333333));
#7596 = VECTOR('',#7597,1.);
#7597 = DIRECTION('',(0.57735026919,0.57735026919,-0.57735026919));
#7598 = ORIENTED_EDGE('',*,*,#7507,.T.);
#7599 = ORIENTED_EDGE('',*,*,#7600,.T.);
#7600 = EDGE_CURVE('',#7508,#7601,#7603,.T.);
#7601 = VERTEX_POINT('',#7602);
#7602 = CARTESIAN_POINT('',(1.39,-21.71,-2.54));
#7603 = LINE('',#7604,#7605);
#7604 = CARTESIAN_POINT('',(1.416666666667,-21.73666666666,
    -2.513333333333));
#7605 = VECTOR('',#7606,1.);
#7606 = DIRECTION('',(-0.57735026919,0.57735026919,-0.57735026919));
#7607 = ORIENTED_EDGE('',*,*,#7608,.F.);
#7608 = EDGE_CURVE('',#7592,#7601,#7609,.T.);
#7609 = LINE('',#7610,#7611);
#7610 = CARTESIAN_POINT('',(0.95,-21.71,-2.54));
#7611 = VECTOR('',#7612,1.);
#7612 = DIRECTION('',(1.,0.,0.));
#7613 = PLANE('',#7614);
#7614 = AXIS2_PLACEMENT_3D('',#7615,#7616,#7617);
#7615 = CARTESIAN_POINT('',(0.95,-21.81,-2.44));
#7616 = DIRECTION('',(0.,0.707106781187,0.707106781187));
#7617 = DIRECTION('',(1.,0.,0.));
#7618 = ADVANCED_FACE('',(#7619),#7644,.T.);
#7619 = FACE_BOUND('',#7620,.T.);
#7620 = EDGE_LOOP('',(#7621,#7629,#7637,#7643));
#7621 = ORIENTED_EDGE('',*,*,#7622,.F.);
#7622 = EDGE_CURVE('',#7623,#7490,#7625,.T.);
#7623 = VERTEX_POINT('',#7624);
#7624 = CARTESIAN_POINT('',(0.95,-21.27,0.));
#7625 = LINE('',#7626,#7627);
#7626 = CARTESIAN_POINT('',(0.95,-21.27,0.));
#7627 = VECTOR('',#7628,1.);
#7628 = DIRECTION('',(0.,-1.,0.));
#7629 = ORIENTED_EDGE('',*,*,#7630,.T.);
#7630 = EDGE_CURVE('',#7623,#7631,#7633,.T.);
#7631 = VERTEX_POINT('',#7632);
#7632 = CARTESIAN_POINT('',(0.95,-21.27,-2.34));
#7633 = LINE('',#7634,#7635);
#7634 = CARTESIAN_POINT('',(0.95,-21.27,0.));
#7635 = VECTOR('',#7636,1.);
#7636 = DIRECTION('',(-0.,-0.,-1.));
#7637 = ORIENTED_EDGE('',*,*,#7638,.T.);
#7638 = EDGE_CURVE('',#7631,#7500,#7639,.T.);
#7639 = LINE('',#7640,#7641);
#7640 = CARTESIAN_POINT('',(0.95,-21.27,-2.34));
#7641 = VECTOR('',#7642,1.);
#7642 = DIRECTION('',(0.,-1.,0.));
#7643 = ORIENTED_EDGE('',*,*,#7499,.F.);
#7644 = PLANE('',#7645);
#7645 = AXIS2_PLACEMENT_3D('',#7646,#7647,#7648);
#7646 = CARTESIAN_POINT('',(0.95,-21.27,0.));
#7647 = DIRECTION('',(-1.,0.,0.));
#7648 = DIRECTION('',(0.,-1.,0.));
#7649 = ADVANCED_FACE('',(#7650),#7668,.F.);
#7650 = FACE_BOUND('',#7651,.F.);
#7651 = EDGE_LOOP('',(#7652,#7653,#7654,#7662));
#7652 = ORIENTED_EDGE('',*,*,#7560,.F.);
#7653 = ORIENTED_EDGE('',*,*,#7546,.T.);
#7654 = ORIENTED_EDGE('',*,*,#7655,.T.);
#7655 = EDGE_CURVE('',#7539,#7656,#7658,.T.);
#7656 = VERTEX_POINT('',#7657);
#7657 = CARTESIAN_POINT('',(1.59,-21.27,8.18));
#7658 = LINE('',#7659,#7660);
#7659 = CARTESIAN_POINT('',(1.59,-21.91,8.18));
#7660 = VECTOR('',#7661,1.);
#7661 = DIRECTION('',(0.,1.,0.));
#7662 = ORIENTED_EDGE('',*,*,#7663,.F.);
#7663 = EDGE_CURVE('',#7561,#7656,#7664,.T.);
#7664 = LINE('',#7665,#7666);
#7665 = CARTESIAN_POINT('',(1.59,-21.27,0.));
#7666 = VECTOR('',#7667,1.);
#7667 = DIRECTION('',(0.,0.,1.));
#7668 = PLANE('',#7669);
#7669 = AXIS2_PLACEMENT_3D('',#7670,#7671,#7672);
#7670 = CARTESIAN_POINT('',(1.59,-21.91,0.));
#7671 = DIRECTION('',(-1.,0.,0.));
#7672 = DIRECTION('',(0.,1.,0.));
#7673 = ADVANCED_FACE('',(#7674),#7699,.F.);
#7674 = FACE_BOUND('',#7675,.T.);
#7675 = EDGE_LOOP('',(#7676,#7684,#7685,#7693));
#7676 = ORIENTED_EDGE('',*,*,#7677,.F.);
#7677 = EDGE_CURVE('',#7531,#7678,#7680,.T.);
#7678 = VERTEX_POINT('',#7679);
#7679 = CARTESIAN_POINT('',(1.15,-21.71,8.38));
#7680 = LINE('',#7681,#7682);
#7681 = CARTESIAN_POINT('',(1.123333333333,-21.73666666666,
    8.353333333333));
#7682 = VECTOR('',#7683,1.);
#7683 = DIRECTION('',(0.57735026919,0.57735026919,0.57735026919));
#7684 = ORIENTED_EDGE('',*,*,#7538,.T.);
#7685 = ORIENTED_EDGE('',*,*,#7686,.T.);
#7686 = EDGE_CURVE('',#7539,#7687,#7689,.T.);
#7687 = VERTEX_POINT('',#7688);
#7688 = CARTESIAN_POINT('',(1.39,-21.71,8.38));
#7689 = LINE('',#7690,#7691);
#7690 = CARTESIAN_POINT('',(1.416666666667,-21.73666666666,
    8.353333333333));
#7691 = VECTOR('',#7692,1.);
#7692 = DIRECTION('',(-0.57735026919,0.57735026919,0.57735026919));
#7693 = ORIENTED_EDGE('',*,*,#7694,.F.);
#7694 = EDGE_CURVE('',#7678,#7687,#7695,.T.);
#7695 = LINE('',#7696,#7697);
#7696 = CARTESIAN_POINT('',(0.95,-21.71,8.38));
#7697 = VECTOR('',#7698,1.);
#7698 = DIRECTION('',(1.,0.,0.));
#7699 = PLANE('',#7700);
#7700 = AXIS2_PLACEMENT_3D('',#7701,#7702,#7703);
#7701 = CARTESIAN_POINT('',(0.95,-21.81,8.28));
#7702 = DIRECTION('',(0.,0.707106781187,-0.707106781187));
#7703 = DIRECTION('',(-1.,-0.,-0.));
#7704 = ADVANCED_FACE('',(#7705),#7723,.F.);
#7705 = FACE_BOUND('',#7706,.F.);
#7706 = EDGE_LOOP('',(#7707,#7708,#7716,#7722));
#7707 = ORIENTED_EDGE('',*,*,#7622,.F.);
#7708 = ORIENTED_EDGE('',*,*,#7709,.T.);
#7709 = EDGE_CURVE('',#7623,#7710,#7712,.T.);
#7710 = VERTEX_POINT('',#7711);
#7711 = CARTESIAN_POINT('',(0.95,-21.27,8.18));
#7712 = LINE('',#7713,#7714);
#7713 = CARTESIAN_POINT('',(0.95,-21.27,0.));
#7714 = VECTOR('',#7715,1.);
#7715 = DIRECTION('',(0.,0.,1.));
#7716 = ORIENTED_EDGE('',*,*,#7717,.T.);
#7717 = EDGE_CURVE('',#7710,#7531,#7718,.T.);
#7718 = LINE('',#7719,#7720);
#7719 = CARTESIAN_POINT('',(0.95,-21.27,8.18));
#7720 = VECTOR('',#7721,1.);
#7721 = DIRECTION('',(0.,-1.,0.));
#7722 = ORIENTED_EDGE('',*,*,#7530,.F.);
#7723 = PLANE('',#7724);
#7724 = AXIS2_PLACEMENT_3D('',#7725,#7726,#7727);
#7725 = CARTESIAN_POINT('',(0.95,-21.27,0.));
#7726 = DIRECTION('',(1.,0.,0.));
#7727 = DIRECTION('',(0.,-1.,0.));
#7728 = ADVANCED_FACE('',(#7729),#7745,.T.);
#7729 = FACE_BOUND('',#7730,.T.);
#7730 = EDGE_LOOP('',(#7731,#7737,#7738,#7744));
#7731 = ORIENTED_EDGE('',*,*,#7732,.F.);
#7732 = EDGE_CURVE('',#7561,#7623,#7733,.T.);
#7733 = LINE('',#7734,#7735);
#7734 = CARTESIAN_POINT('',(1.59,-21.27,0.));
#7735 = VECTOR('',#7736,1.);
#7736 = DIRECTION('',(-1.,0.,0.));
#7737 = ORIENTED_EDGE('',*,*,#7577,.T.);
#7738 = ORIENTED_EDGE('',*,*,#7739,.T.);
#7739 = EDGE_CURVE('',#7570,#7631,#7740,.T.);
#7740 = LINE('',#7741,#7742);
#7741 = CARTESIAN_POINT('',(1.59,-21.27,-2.34));
#7742 = VECTOR('',#7743,1.);
#7743 = DIRECTION('',(-1.,0.,0.));
#7744 = ORIENTED_EDGE('',*,*,#7630,.F.);
#7745 = PLANE('',#7746);
#7746 = AXIS2_PLACEMENT_3D('',#7747,#7748,#7749);
#7747 = CARTESIAN_POINT('',(1.59,-21.27,0.));
#7748 = DIRECTION('',(0.,1.,0.));
#7749 = DIRECTION('',(-1.,0.,0.));
#7750 = ADVANCED_FACE('',(#7751),#7769,.F.);
#7751 = FACE_BOUND('',#7752,.F.);
#7752 = EDGE_LOOP('',(#7753,#7754,#7755,#7763));
#7753 = ORIENTED_EDGE('',*,*,#7600,.F.);
#7754 = ORIENTED_EDGE('',*,*,#7569,.T.);
#7755 = ORIENTED_EDGE('',*,*,#7756,.F.);
#7756 = EDGE_CURVE('',#7757,#7570,#7759,.T.);
#7757 = VERTEX_POINT('',#7758);
#7758 = CARTESIAN_POINT('',(1.39,-21.47,-2.54));
#7759 = LINE('',#7760,#7761);
#7760 = CARTESIAN_POINT('',(1.416666666667,-21.44333333333,
    -2.513333333333));
#7761 = VECTOR('',#7762,1.);
#7762 = DIRECTION('',(0.57735026919,0.57735026919,0.57735026919));
#7763 = ORIENTED_EDGE('',*,*,#7764,.F.);
#7764 = EDGE_CURVE('',#7601,#7757,#7765,.T.);
#7765 = LINE('',#7766,#7767);
#7766 = CARTESIAN_POINT('',(1.39,-21.91,-2.54));
#7767 = VECTOR('',#7768,1.);
#7768 = DIRECTION('',(0.,1.,0.));
#7769 = PLANE('',#7770);
#7770 = AXIS2_PLACEMENT_3D('',#7771,#7772,#7773);
#7771 = CARTESIAN_POINT('',(1.49,-21.91,-2.44));
#7772 = DIRECTION('',(-0.707106781187,0.,0.707106781187));
#7773 = DIRECTION('',(0.,1.,0.));
#7774 = ADVANCED_FACE('',(#7775),#7793,.F.);
#7775 = FACE_BOUND('',#7776,.F.);
#7776 = EDGE_LOOP('',(#7777,#7785,#7786,#7787));
#7777 = ORIENTED_EDGE('',*,*,#7778,.F.);
#7778 = EDGE_CURVE('',#7631,#7779,#7781,.T.);
#7779 = VERTEX_POINT('',#7780);
#7780 = CARTESIAN_POINT('',(1.15,-21.47,-2.54));
#7781 = LINE('',#7782,#7783);
#7782 = CARTESIAN_POINT('',(1.123333333333,-21.44333333333,
    -2.513333333333));
#7783 = VECTOR('',#7784,1.);
#7784 = DIRECTION('',(0.57735026919,-0.57735026919,-0.57735026919));
#7785 = ORIENTED_EDGE('',*,*,#7638,.T.);
#7786 = ORIENTED_EDGE('',*,*,#7591,.T.);
#7787 = ORIENTED_EDGE('',*,*,#7788,.F.);
#7788 = EDGE_CURVE('',#7779,#7592,#7789,.T.);
#7789 = LINE('',#7790,#7791);
#7790 = CARTESIAN_POINT('',(1.15,-21.27,-2.54));
#7791 = VECTOR('',#7792,1.);
#7792 = DIRECTION('',(0.,-1.,0.));
#7793 = PLANE('',#7794);
#7794 = AXIS2_PLACEMENT_3D('',#7795,#7796,#7797);
#7795 = CARTESIAN_POINT('',(1.05,-21.27,-2.44));
#7796 = DIRECTION('',(0.707106781187,0.,0.707106781187));
#7797 = DIRECTION('',(0.,-1.,0.));
#7798 = ADVANCED_FACE('',(#7799),#7810,.F.);
#7799 = FACE_BOUND('',#7800,.F.);
#7800 = EDGE_LOOP('',(#7801,#7802,#7803,#7804));
#7801 = ORIENTED_EDGE('',*,*,#7788,.T.);
#7802 = ORIENTED_EDGE('',*,*,#7608,.T.);
#7803 = ORIENTED_EDGE('',*,*,#7764,.T.);
#7804 = ORIENTED_EDGE('',*,*,#7805,.T.);
#7805 = EDGE_CURVE('',#7757,#7779,#7806,.T.);
#7806 = LINE('',#7807,#7808);
#7807 = CARTESIAN_POINT('',(1.59,-21.47,-2.54));
#7808 = VECTOR('',#7809,1.);
#7809 = DIRECTION('',(-1.,0.,0.));
#7810 = PLANE('',#7811);
#7811 = AXIS2_PLACEMENT_3D('',#7812,#7813,#7814);
#7812 = CARTESIAN_POINT('',(1.27,-21.59,-2.54));
#7813 = DIRECTION('',(0.,0.,1.));
#7814 = DIRECTION('',(1.,0.,0.));
#7815 = ADVANCED_FACE('',(#7816),#7827,.F.);
#7816 = FACE_BOUND('',#7817,.F.);
#7817 = EDGE_LOOP('',(#7818,#7819,#7820,#7826));
#7818 = ORIENTED_EDGE('',*,*,#7732,.F.);
#7819 = ORIENTED_EDGE('',*,*,#7663,.T.);
#7820 = ORIENTED_EDGE('',*,*,#7821,.T.);
#7821 = EDGE_CURVE('',#7656,#7710,#7822,.T.);
#7822 = LINE('',#7823,#7824);
#7823 = CARTESIAN_POINT('',(1.59,-21.27,8.18));
#7824 = VECTOR('',#7825,1.);
#7825 = DIRECTION('',(-1.,0.,0.));
#7826 = ORIENTED_EDGE('',*,*,#7709,.F.);
#7827 = PLANE('',#7828);
#7828 = AXIS2_PLACEMENT_3D('',#7829,#7830,#7831);
#7829 = CARTESIAN_POINT('',(1.59,-21.27,0.));
#7830 = DIRECTION('',(0.,-1.,0.));
#7831 = DIRECTION('',(-1.,0.,0.));
#7832 = ADVANCED_FACE('',(#7833),#7851,.F.);
#7833 = FACE_BOUND('',#7834,.T.);
#7834 = EDGE_LOOP('',(#7835,#7836,#7837,#7845));
#7835 = ORIENTED_EDGE('',*,*,#7686,.F.);
#7836 = ORIENTED_EDGE('',*,*,#7655,.T.);
#7837 = ORIENTED_EDGE('',*,*,#7838,.F.);
#7838 = EDGE_CURVE('',#7839,#7656,#7841,.T.);
#7839 = VERTEX_POINT('',#7840);
#7840 = CARTESIAN_POINT('',(1.39,-21.47,8.38));
#7841 = LINE('',#7842,#7843);
#7842 = CARTESIAN_POINT('',(1.416666666667,-21.44333333333,
    8.353333333333));
#7843 = VECTOR('',#7844,1.);
#7844 = DIRECTION('',(0.57735026919,0.57735026919,-0.57735026919));
#7845 = ORIENTED_EDGE('',*,*,#7846,.F.);
#7846 = EDGE_CURVE('',#7687,#7839,#7847,.T.);
#7847 = LINE('',#7848,#7849);
#7848 = CARTESIAN_POINT('',(1.39,-21.91,8.38));
#7849 = VECTOR('',#7850,1.);
#7850 = DIRECTION('',(0.,1.,0.));
#7851 = PLANE('',#7852);
#7852 = AXIS2_PLACEMENT_3D('',#7853,#7854,#7855);
#7853 = CARTESIAN_POINT('',(1.49,-21.91,8.28));
#7854 = DIRECTION('',(-0.707106781187,0.,-0.707106781187));
#7855 = DIRECTION('',(-0.,-1.,-0.));
#7856 = ADVANCED_FACE('',(#7857),#7875,.F.);
#7857 = FACE_BOUND('',#7858,.T.);
#7858 = EDGE_LOOP('',(#7859,#7867,#7868,#7869));
#7859 = ORIENTED_EDGE('',*,*,#7860,.T.);
#7860 = EDGE_CURVE('',#7861,#7710,#7863,.T.);
#7861 = VERTEX_POINT('',#7862);
#7862 = CARTESIAN_POINT('',(1.15,-21.47,8.38));
#7863 = LINE('',#7864,#7865);
#7864 = CARTESIAN_POINT('',(1.123333333333,-21.44333333333,
    8.353333333333));
#7865 = VECTOR('',#7866,1.);
#7866 = DIRECTION('',(-0.57735026919,0.57735026919,-0.57735026919));
#7867 = ORIENTED_EDGE('',*,*,#7717,.T.);
#7868 = ORIENTED_EDGE('',*,*,#7677,.T.);
#7869 = ORIENTED_EDGE('',*,*,#7870,.F.);
#7870 = EDGE_CURVE('',#7861,#7678,#7871,.T.);
#7871 = LINE('',#7872,#7873);
#7872 = CARTESIAN_POINT('',(1.15,-21.27,8.38));
#7873 = VECTOR('',#7874,1.);
#7874 = DIRECTION('',(0.,-1.,0.));
#7875 = PLANE('',#7876);
#7876 = AXIS2_PLACEMENT_3D('',#7877,#7878,#7879);
#7877 = CARTESIAN_POINT('',(1.05,-21.27,8.28));
#7878 = DIRECTION('',(0.707106781187,0.,-0.707106781187));
#7879 = DIRECTION('',(0.,1.,0.));
#7880 = ADVANCED_FACE('',(#7881),#7892,.T.);
#7881 = FACE_BOUND('',#7882,.T.);
#7882 = EDGE_LOOP('',(#7883,#7884,#7885,#7886));
#7883 = ORIENTED_EDGE('',*,*,#7870,.T.);
#7884 = ORIENTED_EDGE('',*,*,#7694,.T.);
#7885 = ORIENTED_EDGE('',*,*,#7846,.T.);
#7886 = ORIENTED_EDGE('',*,*,#7887,.T.);
#7887 = EDGE_CURVE('',#7839,#7861,#7888,.T.);
#7888 = LINE('',#7889,#7890);
#7889 = CARTESIAN_POINT('',(1.59,-21.47,8.38));
#7890 = VECTOR('',#7891,1.);
#7891 = DIRECTION('',(-1.,0.,0.));
#7892 = PLANE('',#7893);
#7893 = AXIS2_PLACEMENT_3D('',#7894,#7895,#7896);
#7894 = CARTESIAN_POINT('',(1.27,-21.59,8.38));
#7895 = DIRECTION('',(0.,0.,1.));
#7896 = DIRECTION('',(1.,0.,0.));
#7897 = ADVANCED_FACE('',(#7898),#7904,.F.);
#7898 = FACE_BOUND('',#7899,.T.);
#7899 = EDGE_LOOP('',(#7900,#7901,#7902,#7903));
#7900 = ORIENTED_EDGE('',*,*,#7756,.F.);
#7901 = ORIENTED_EDGE('',*,*,#7805,.T.);
#7902 = ORIENTED_EDGE('',*,*,#7778,.F.);
#7903 = ORIENTED_EDGE('',*,*,#7739,.F.);
#7904 = PLANE('',#7905);
#7905 = AXIS2_PLACEMENT_3D('',#7906,#7907,#7908);
#7906 = CARTESIAN_POINT('',(1.59,-21.37,-2.44));
#7907 = DIRECTION('',(0.,-0.707106781187,0.707106781187));
#7908 = DIRECTION('',(1.,0.,0.));
#7909 = ADVANCED_FACE('',(#7910),#7916,.F.);
#7910 = FACE_BOUND('',#7911,.F.);
#7911 = EDGE_LOOP('',(#7912,#7913,#7914,#7915));
#7912 = ORIENTED_EDGE('',*,*,#7838,.F.);
#7913 = ORIENTED_EDGE('',*,*,#7887,.T.);
#7914 = ORIENTED_EDGE('',*,*,#7860,.T.);
#7915 = ORIENTED_EDGE('',*,*,#7821,.F.);
#7916 = PLANE('',#7917);
#7917 = AXIS2_PLACEMENT_3D('',#7918,#7919,#7920);
#7918 = CARTESIAN_POINT('',(1.59,-21.37,8.28));
#7919 = DIRECTION('',(0.,-0.707106781187,-0.707106781187));
#7920 = DIRECTION('',(-1.,0.,0.));
#7921 = MANIFOLD_SOLID_BREP('',#7922);
#7922 = CLOSED_SHELL('',(#7923,#7963,#7994,#8025,#8056,#8087,#8111,#8142
    ,#8166,#8188,#8212,#8236,#8253,#8270,#8294,#8318,#8335,#8347));
#7923 = ADVANCED_FACE('',(#7924),#7958,.T.);
#7924 = FACE_BOUND('',#7925,.T.);
#7925 = EDGE_LOOP('',(#7926,#7936,#7944,#7952));
#7926 = ORIENTED_EDGE('',*,*,#7927,.F.);
#7927 = EDGE_CURVE('',#7928,#7930,#7932,.T.);
#7928 = VERTEX_POINT('',#7929);
#7929 = CARTESIAN_POINT('',(0.95,-19.37,-2.819966482548E-16));
#7930 = VERTEX_POINT('',#7931);
#7931 = CARTESIAN_POINT('',(1.59,-19.37,-2.819966482548E-16));
#7932 = LINE('',#7933,#7934);
#7933 = CARTESIAN_POINT('',(0.95,-19.37,-2.819966482548E-16));
#7934 = VECTOR('',#7935,1.);
#7935 = DIRECTION('',(1.,0.,0.));
#7936 = ORIENTED_EDGE('',*,*,#7937,.T.);
#7937 = EDGE_CURVE('',#7928,#7938,#7940,.T.);
#7938 = VERTEX_POINT('',#7939);
#7939 = CARTESIAN_POINT('',(0.95,-19.37,-2.34));
#7940 = LINE('',#7941,#7942);
#7941 = CARTESIAN_POINT('',(0.95,-19.37,-2.819966482548E-16));
#7942 = VECTOR('',#7943,1.);
#7943 = DIRECTION('',(-0.,-0.,-1.));
#7944 = ORIENTED_EDGE('',*,*,#7945,.T.);
#7945 = EDGE_CURVE('',#7938,#7946,#7948,.T.);
#7946 = VERTEX_POINT('',#7947);
#7947 = CARTESIAN_POINT('',(1.59,-19.37,-2.34));
#7948 = LINE('',#7949,#7950);
#7949 = CARTESIAN_POINT('',(0.95,-19.37,-2.34));
#7950 = VECTOR('',#7951,1.);
#7951 = DIRECTION('',(1.,0.,0.));
#7952 = ORIENTED_EDGE('',*,*,#7953,.F.);
#7953 = EDGE_CURVE('',#7930,#7946,#7954,.T.);
#7954 = LINE('',#7955,#7956);
#7955 = CARTESIAN_POINT('',(1.59,-19.37,-2.819966482548E-16));
#7956 = VECTOR('',#7957,1.);
#7957 = DIRECTION('',(-0.,-0.,-1.));
#7958 = PLANE('',#7959);
#7959 = AXIS2_PLACEMENT_3D('',#7960,#7961,#7962);
#7960 = CARTESIAN_POINT('',(0.95,-19.37,-2.819966482548E-16));
#7961 = DIRECTION('',(0.,-1.,0.));
#7962 = DIRECTION('',(1.,0.,0.));
#7963 = ADVANCED_FACE('',(#7964),#7989,.F.);
#7964 = FACE_BOUND('',#7965,.F.);
#7965 = EDGE_LOOP('',(#7966,#7967,#7975,#7983));
#7966 = ORIENTED_EDGE('',*,*,#7927,.F.);
#7967 = ORIENTED_EDGE('',*,*,#7968,.T.);
#7968 = EDGE_CURVE('',#7928,#7969,#7971,.T.);
#7969 = VERTEX_POINT('',#7970);
#7970 = CARTESIAN_POINT('',(0.95,-19.37,8.18));
#7971 = LINE('',#7972,#7973);
#7972 = CARTESIAN_POINT('',(0.95,-19.37,-2.819966482548E-16));
#7973 = VECTOR('',#7974,1.);
#7974 = DIRECTION('',(0.,0.,1.));
#7975 = ORIENTED_EDGE('',*,*,#7976,.T.);
#7976 = EDGE_CURVE('',#7969,#7977,#7979,.T.);
#7977 = VERTEX_POINT('',#7978);
#7978 = CARTESIAN_POINT('',(1.59,-19.37,8.18));
#7979 = LINE('',#7980,#7981);
#7980 = CARTESIAN_POINT('',(0.95,-19.37,8.18));
#7981 = VECTOR('',#7982,1.);
#7982 = DIRECTION('',(1.,0.,0.));
#7983 = ORIENTED_EDGE('',*,*,#7984,.F.);
#7984 = EDGE_CURVE('',#7930,#7977,#7985,.T.);
#7985 = LINE('',#7986,#7987);
#7986 = CARTESIAN_POINT('',(1.59,-19.37,-2.819966482548E-16));
#7987 = VECTOR('',#7988,1.);
#7988 = DIRECTION('',(0.,0.,1.));
#7989 = PLANE('',#7990);
#7990 = AXIS2_PLACEMENT_3D('',#7991,#7992,#7993);
#7991 = CARTESIAN_POINT('',(0.95,-19.37,-2.819966482548E-16));
#7992 = DIRECTION('',(0.,1.,0.));
#7993 = DIRECTION('',(1.,0.,0.));
#7994 = ADVANCED_FACE('',(#7995),#8020,.T.);
#7995 = FACE_BOUND('',#7996,.T.);
#7996 = EDGE_LOOP('',(#7997,#8005,#8006,#8014));
#7997 = ORIENTED_EDGE('',*,*,#7998,.F.);
#7998 = EDGE_CURVE('',#7930,#7999,#8001,.T.);
#7999 = VERTEX_POINT('',#8000);
#8000 = CARTESIAN_POINT('',(1.59,-18.73,-2.819966482548E-16));
#8001 = LINE('',#8002,#8003);
#8002 = CARTESIAN_POINT('',(1.59,-19.37,-2.819966482548E-16));
#8003 = VECTOR('',#8004,1.);
#8004 = DIRECTION('',(0.,1.,0.));
#8005 = ORIENTED_EDGE('',*,*,#7953,.T.);
#8006 = ORIENTED_EDGE('',*,*,#8007,.T.);
#8007 = EDGE_CURVE('',#7946,#8008,#8010,.T.);
#8008 = VERTEX_POINT('',#8009);
#8009 = CARTESIAN_POINT('',(1.59,-18.73,-2.34));
#8010 = LINE('',#8011,#8012);
#8011 = CARTESIAN_POINT('',(1.59,-19.37,-2.34));
#8012 = VECTOR('',#8013,1.);
#8013 = DIRECTION('',(0.,1.,0.));
#8014 = ORIENTED_EDGE('',*,*,#8015,.F.);
#8015 = EDGE_CURVE('',#7999,#8008,#8016,.T.);
#8016 = LINE('',#8017,#8018);
#8017 = CARTESIAN_POINT('',(1.59,-18.73,-2.819966482548E-16));
#8018 = VECTOR('',#8019,1.);
#8019 = DIRECTION('',(-0.,-0.,-1.));
#8020 = PLANE('',#8021);
#8021 = AXIS2_PLACEMENT_3D('',#8022,#8023,#8024);
#8022 = CARTESIAN_POINT('',(1.59,-19.37,-2.819966482548E-16));
#8023 = DIRECTION('',(1.,0.,0.));
#8024 = DIRECTION('',(0.,1.,0.));
#8025 = ADVANCED_FACE('',(#8026),#8051,.F.);
#8026 = FACE_BOUND('',#8027,.F.);
#8027 = EDGE_LOOP('',(#8028,#8036,#8037,#8045));
#8028 = ORIENTED_EDGE('',*,*,#8029,.F.);
#8029 = EDGE_CURVE('',#7938,#8030,#8032,.T.);
#8030 = VERTEX_POINT('',#8031);
#8031 = CARTESIAN_POINT('',(1.15,-19.17,-2.54));
#8032 = LINE('',#8033,#8034);
#8033 = CARTESIAN_POINT('',(1.123333333333,-19.19666666666,
    -2.513333333333));
#8034 = VECTOR('',#8035,1.);
#8035 = DIRECTION('',(0.57735026919,0.57735026919,-0.57735026919));
#8036 = ORIENTED_EDGE('',*,*,#7945,.T.);
#8037 = ORIENTED_EDGE('',*,*,#8038,.T.);
#8038 = EDGE_CURVE('',#7946,#8039,#8041,.T.);
#8039 = VERTEX_POINT('',#8040);
#8040 = CARTESIAN_POINT('',(1.39,-19.17,-2.54));
#8041 = LINE('',#8042,#8043);
#8042 = CARTESIAN_POINT('',(1.416666666667,-19.19666666666,
    -2.513333333333));
#8043 = VECTOR('',#8044,1.);
#8044 = DIRECTION('',(-0.57735026919,0.57735026919,-0.57735026919));
#8045 = ORIENTED_EDGE('',*,*,#8046,.F.);
#8046 = EDGE_CURVE('',#8030,#8039,#8047,.T.);
#8047 = LINE('',#8048,#8049);
#8048 = CARTESIAN_POINT('',(0.95,-19.17,-2.54));
#8049 = VECTOR('',#8050,1.);
#8050 = DIRECTION('',(1.,0.,0.));
#8051 = PLANE('',#8052);
#8052 = AXIS2_PLACEMENT_3D('',#8053,#8054,#8055);
#8053 = CARTESIAN_POINT('',(0.95,-19.27,-2.44));
#8054 = DIRECTION('',(0.,0.707106781187,0.707106781187));
#8055 = DIRECTION('',(1.,0.,0.));
#8056 = ADVANCED_FACE('',(#8057),#8082,.T.);
#8057 = FACE_BOUND('',#8058,.T.);
#8058 = EDGE_LOOP('',(#8059,#8067,#8075,#8081));
#8059 = ORIENTED_EDGE('',*,*,#8060,.F.);
#8060 = EDGE_CURVE('',#8061,#7928,#8063,.T.);
#8061 = VERTEX_POINT('',#8062);
#8062 = CARTESIAN_POINT('',(0.95,-18.73,-2.819966482548E-16));
#8063 = LINE('',#8064,#8065);
#8064 = CARTESIAN_POINT('',(0.95,-18.73,-2.819966482548E-16));
#8065 = VECTOR('',#8066,1.);
#8066 = DIRECTION('',(0.,-1.,0.));
#8067 = ORIENTED_EDGE('',*,*,#8068,.T.);
#8068 = EDGE_CURVE('',#8061,#8069,#8071,.T.);
#8069 = VERTEX_POINT('',#8070);
#8070 = CARTESIAN_POINT('',(0.95,-18.73,-2.34));
#8071 = LINE('',#8072,#8073);
#8072 = CARTESIAN_POINT('',(0.95,-18.73,-2.819966482548E-16));
#8073 = VECTOR('',#8074,1.);
#8074 = DIRECTION('',(-0.,-0.,-1.));
#8075 = ORIENTED_EDGE('',*,*,#8076,.T.);
#8076 = EDGE_CURVE('',#8069,#7938,#8077,.T.);
#8077 = LINE('',#8078,#8079);
#8078 = CARTESIAN_POINT('',(0.95,-18.73,-2.34));
#8079 = VECTOR('',#8080,1.);
#8080 = DIRECTION('',(0.,-1.,0.));
#8081 = ORIENTED_EDGE('',*,*,#7937,.F.);
#8082 = PLANE('',#8083);
#8083 = AXIS2_PLACEMENT_3D('',#8084,#8085,#8086);
#8084 = CARTESIAN_POINT('',(0.95,-18.73,-2.819966482548E-16));
#8085 = DIRECTION('',(-1.,0.,0.));
#8086 = DIRECTION('',(0.,-1.,0.));
#8087 = ADVANCED_FACE('',(#8088),#8106,.F.);
#8088 = FACE_BOUND('',#8089,.F.);
#8089 = EDGE_LOOP('',(#8090,#8091,#8092,#8100));
#8090 = ORIENTED_EDGE('',*,*,#7998,.F.);
#8091 = ORIENTED_EDGE('',*,*,#7984,.T.);
#8092 = ORIENTED_EDGE('',*,*,#8093,.T.);
#8093 = EDGE_CURVE('',#7977,#8094,#8096,.T.);
#8094 = VERTEX_POINT('',#8095);
#8095 = CARTESIAN_POINT('',(1.59,-18.73,8.18));
#8096 = LINE('',#8097,#8098);
#8097 = CARTESIAN_POINT('',(1.59,-19.37,8.18));
#8098 = VECTOR('',#8099,1.);
#8099 = DIRECTION('',(0.,1.,0.));
#8100 = ORIENTED_EDGE('',*,*,#8101,.F.);
#8101 = EDGE_CURVE('',#7999,#8094,#8102,.T.);
#8102 = LINE('',#8103,#8104);
#8103 = CARTESIAN_POINT('',(1.59,-18.73,-2.819966482548E-16));
#8104 = VECTOR('',#8105,1.);
#8105 = DIRECTION('',(0.,0.,1.));
#8106 = PLANE('',#8107);
#8107 = AXIS2_PLACEMENT_3D('',#8108,#8109,#8110);
#8108 = CARTESIAN_POINT('',(1.59,-19.37,-2.819966482548E-16));
#8109 = DIRECTION('',(-1.,0.,0.));
#8110 = DIRECTION('',(0.,1.,0.));
#8111 = ADVANCED_FACE('',(#8112),#8137,.F.);
#8112 = FACE_BOUND('',#8113,.T.);
#8113 = EDGE_LOOP('',(#8114,#8122,#8123,#8131));
#8114 = ORIENTED_EDGE('',*,*,#8115,.F.);
#8115 = EDGE_CURVE('',#7969,#8116,#8118,.T.);
#8116 = VERTEX_POINT('',#8117);
#8117 = CARTESIAN_POINT('',(1.15,-19.17,8.38));
#8118 = LINE('',#8119,#8120);
#8119 = CARTESIAN_POINT('',(1.123333333333,-19.19666666666,
    8.353333333333));
#8120 = VECTOR('',#8121,1.);
#8121 = DIRECTION('',(0.57735026919,0.57735026919,0.57735026919));
#8122 = ORIENTED_EDGE('',*,*,#7976,.T.);
#8123 = ORIENTED_EDGE('',*,*,#8124,.T.);
#8124 = EDGE_CURVE('',#7977,#8125,#8127,.T.);
#8125 = VERTEX_POINT('',#8126);
#8126 = CARTESIAN_POINT('',(1.39,-19.17,8.38));
#8127 = LINE('',#8128,#8129);
#8128 = CARTESIAN_POINT('',(1.416666666667,-19.19666666666,
    8.353333333333));
#8129 = VECTOR('',#8130,1.);
#8130 = DIRECTION('',(-0.57735026919,0.57735026919,0.57735026919));
#8131 = ORIENTED_EDGE('',*,*,#8132,.F.);
#8132 = EDGE_CURVE('',#8116,#8125,#8133,.T.);
#8133 = LINE('',#8134,#8135);
#8134 = CARTESIAN_POINT('',(0.95,-19.17,8.38));
#8135 = VECTOR('',#8136,1.);
#8136 = DIRECTION('',(1.,0.,0.));
#8137 = PLANE('',#8138);
#8138 = AXIS2_PLACEMENT_3D('',#8139,#8140,#8141);
#8139 = CARTESIAN_POINT('',(0.95,-19.27,8.28));
#8140 = DIRECTION('',(0.,0.707106781187,-0.707106781187));
#8141 = DIRECTION('',(-1.,-0.,-0.));
#8142 = ADVANCED_FACE('',(#8143),#8161,.F.);
#8143 = FACE_BOUND('',#8144,.F.);
#8144 = EDGE_LOOP('',(#8145,#8146,#8154,#8160));
#8145 = ORIENTED_EDGE('',*,*,#8060,.F.);
#8146 = ORIENTED_EDGE('',*,*,#8147,.T.);
#8147 = EDGE_CURVE('',#8061,#8148,#8150,.T.);
#8148 = VERTEX_POINT('',#8149);
#8149 = CARTESIAN_POINT('',(0.95,-18.73,8.18));
#8150 = LINE('',#8151,#8152);
#8151 = CARTESIAN_POINT('',(0.95,-18.73,-2.819966482548E-16));
#8152 = VECTOR('',#8153,1.);
#8153 = DIRECTION('',(0.,0.,1.));
#8154 = ORIENTED_EDGE('',*,*,#8155,.T.);
#8155 = EDGE_CURVE('',#8148,#7969,#8156,.T.);
#8156 = LINE('',#8157,#8158);
#8157 = CARTESIAN_POINT('',(0.95,-18.73,8.18));
#8158 = VECTOR('',#8159,1.);
#8159 = DIRECTION('',(0.,-1.,0.));
#8160 = ORIENTED_EDGE('',*,*,#7968,.F.);
#8161 = PLANE('',#8162);
#8162 = AXIS2_PLACEMENT_3D('',#8163,#8164,#8165);
#8163 = CARTESIAN_POINT('',(0.95,-18.73,-2.819966482548E-16));
#8164 = DIRECTION('',(1.,0.,0.));
#8165 = DIRECTION('',(0.,-1.,0.));
#8166 = ADVANCED_FACE('',(#8167),#8183,.T.);
#8167 = FACE_BOUND('',#8168,.T.);
#8168 = EDGE_LOOP('',(#8169,#8175,#8176,#8182));
#8169 = ORIENTED_EDGE('',*,*,#8170,.F.);
#8170 = EDGE_CURVE('',#7999,#8061,#8171,.T.);
#8171 = LINE('',#8172,#8173);
#8172 = CARTESIAN_POINT('',(1.59,-18.73,-2.819966482548E-16));
#8173 = VECTOR('',#8174,1.);
#8174 = DIRECTION('',(-1.,0.,0.));
#8175 = ORIENTED_EDGE('',*,*,#8015,.T.);
#8176 = ORIENTED_EDGE('',*,*,#8177,.T.);
#8177 = EDGE_CURVE('',#8008,#8069,#8178,.T.);
#8178 = LINE('',#8179,#8180);
#8179 = CARTESIAN_POINT('',(1.59,-18.73,-2.34));
#8180 = VECTOR('',#8181,1.);
#8181 = DIRECTION('',(-1.,0.,0.));
#8182 = ORIENTED_EDGE('',*,*,#8068,.F.);
#8183 = PLANE('',#8184);
#8184 = AXIS2_PLACEMENT_3D('',#8185,#8186,#8187);
#8185 = CARTESIAN_POINT('',(1.59,-18.73,-2.819966482548E-16));
#8186 = DIRECTION('',(0.,1.,0.));
#8187 = DIRECTION('',(-1.,0.,0.));
#8188 = ADVANCED_FACE('',(#8189),#8207,.F.);
#8189 = FACE_BOUND('',#8190,.F.);
#8190 = EDGE_LOOP('',(#8191,#8192,#8193,#8201));
#8191 = ORIENTED_EDGE('',*,*,#8038,.F.);
#8192 = ORIENTED_EDGE('',*,*,#8007,.T.);
#8193 = ORIENTED_EDGE('',*,*,#8194,.F.);
#8194 = EDGE_CURVE('',#8195,#8008,#8197,.T.);
#8195 = VERTEX_POINT('',#8196);
#8196 = CARTESIAN_POINT('',(1.39,-18.93,-2.54));
#8197 = LINE('',#8198,#8199);
#8198 = CARTESIAN_POINT('',(1.416666666667,-18.90333333333,
    -2.513333333333));
#8199 = VECTOR('',#8200,1.);
#8200 = DIRECTION('',(0.57735026919,0.57735026919,0.57735026919));
#8201 = ORIENTED_EDGE('',*,*,#8202,.F.);
#8202 = EDGE_CURVE('',#8039,#8195,#8203,.T.);
#8203 = LINE('',#8204,#8205);
#8204 = CARTESIAN_POINT('',(1.39,-19.37,-2.54));
#8205 = VECTOR('',#8206,1.);
#8206 = DIRECTION('',(0.,1.,0.));
#8207 = PLANE('',#8208);
#8208 = AXIS2_PLACEMENT_3D('',#8209,#8210,#8211);
#8209 = CARTESIAN_POINT('',(1.49,-19.37,-2.44));
#8210 = DIRECTION('',(-0.707106781187,0.,0.707106781187));
#8211 = DIRECTION('',(0.,1.,0.));
#8212 = ADVANCED_FACE('',(#8213),#8231,.F.);
#8213 = FACE_BOUND('',#8214,.F.);
#8214 = EDGE_LOOP('',(#8215,#8223,#8224,#8225));
#8215 = ORIENTED_EDGE('',*,*,#8216,.F.);
#8216 = EDGE_CURVE('',#8069,#8217,#8219,.T.);
#8217 = VERTEX_POINT('',#8218);
#8218 = CARTESIAN_POINT('',(1.15,-18.93,-2.54));
#8219 = LINE('',#8220,#8221);
#8220 = CARTESIAN_POINT('',(1.123333333333,-18.90333333333,
    -2.513333333333));
#8221 = VECTOR('',#8222,1.);
#8222 = DIRECTION('',(0.57735026919,-0.57735026919,-0.57735026919));
#8223 = ORIENTED_EDGE('',*,*,#8076,.T.);
#8224 = ORIENTED_EDGE('',*,*,#8029,.T.);
#8225 = ORIENTED_EDGE('',*,*,#8226,.F.);
#8226 = EDGE_CURVE('',#8217,#8030,#8227,.T.);
#8227 = LINE('',#8228,#8229);
#8228 = CARTESIAN_POINT('',(1.15,-18.73,-2.54));
#8229 = VECTOR('',#8230,1.);
#8230 = DIRECTION('',(0.,-1.,0.));
#8231 = PLANE('',#8232);
#8232 = AXIS2_PLACEMENT_3D('',#8233,#8234,#8235);
#8233 = CARTESIAN_POINT('',(1.05,-18.73,-2.44));
#8234 = DIRECTION('',(0.707106781187,0.,0.707106781187));
#8235 = DIRECTION('',(0.,-1.,0.));
#8236 = ADVANCED_FACE('',(#8237),#8248,.F.);
#8237 = FACE_BOUND('',#8238,.F.);
#8238 = EDGE_LOOP('',(#8239,#8240,#8241,#8242));
#8239 = ORIENTED_EDGE('',*,*,#8226,.T.);
#8240 = ORIENTED_EDGE('',*,*,#8046,.T.);
#8241 = ORIENTED_EDGE('',*,*,#8202,.T.);
#8242 = ORIENTED_EDGE('',*,*,#8243,.T.);
#8243 = EDGE_CURVE('',#8195,#8217,#8244,.T.);
#8244 = LINE('',#8245,#8246);
#8245 = CARTESIAN_POINT('',(1.59,-18.93,-2.54));
#8246 = VECTOR('',#8247,1.);
#8247 = DIRECTION('',(-1.,0.,0.));
#8248 = PLANE('',#8249);
#8249 = AXIS2_PLACEMENT_3D('',#8250,#8251,#8252);
#8250 = CARTESIAN_POINT('',(1.27,-19.05,-2.54));
#8251 = DIRECTION('',(0.,0.,1.));
#8252 = DIRECTION('',(1.,0.,0.));
#8253 = ADVANCED_FACE('',(#8254),#8265,.F.);
#8254 = FACE_BOUND('',#8255,.F.);
#8255 = EDGE_LOOP('',(#8256,#8257,#8258,#8264));
#8256 = ORIENTED_EDGE('',*,*,#8170,.F.);
#8257 = ORIENTED_EDGE('',*,*,#8101,.T.);
#8258 = ORIENTED_EDGE('',*,*,#8259,.T.);
#8259 = EDGE_CURVE('',#8094,#8148,#8260,.T.);
#8260 = LINE('',#8261,#8262);
#8261 = CARTESIAN_POINT('',(1.59,-18.73,8.18));
#8262 = VECTOR('',#8263,1.);
#8263 = DIRECTION('',(-1.,0.,0.));
#8264 = ORIENTED_EDGE('',*,*,#8147,.F.);
#8265 = PLANE('',#8266);
#8266 = AXIS2_PLACEMENT_3D('',#8267,#8268,#8269);
#8267 = CARTESIAN_POINT('',(1.59,-18.73,-2.819966482548E-16));
#8268 = DIRECTION('',(0.,-1.,0.));
#8269 = DIRECTION('',(-1.,0.,0.));
#8270 = ADVANCED_FACE('',(#8271),#8289,.F.);
#8271 = FACE_BOUND('',#8272,.T.);
#8272 = EDGE_LOOP('',(#8273,#8274,#8275,#8283));
#8273 = ORIENTED_EDGE('',*,*,#8124,.F.);
#8274 = ORIENTED_EDGE('',*,*,#8093,.T.);
#8275 = ORIENTED_EDGE('',*,*,#8276,.F.);
#8276 = EDGE_CURVE('',#8277,#8094,#8279,.T.);
#8277 = VERTEX_POINT('',#8278);
#8278 = CARTESIAN_POINT('',(1.39,-18.93,8.38));
#8279 = LINE('',#8280,#8281);
#8280 = CARTESIAN_POINT('',(1.416666666667,-18.90333333333,
    8.353333333333));
#8281 = VECTOR('',#8282,1.);
#8282 = DIRECTION('',(0.57735026919,0.57735026919,-0.57735026919));
#8283 = ORIENTED_EDGE('',*,*,#8284,.F.);
#8284 = EDGE_CURVE('',#8125,#8277,#8285,.T.);
#8285 = LINE('',#8286,#8287);
#8286 = CARTESIAN_POINT('',(1.39,-19.37,8.38));
#8287 = VECTOR('',#8288,1.);
#8288 = DIRECTION('',(0.,1.,0.));
#8289 = PLANE('',#8290);
#8290 = AXIS2_PLACEMENT_3D('',#8291,#8292,#8293);
#8291 = CARTESIAN_POINT('',(1.49,-19.37,8.28));
#8292 = DIRECTION('',(-0.707106781187,0.,-0.707106781187));
#8293 = DIRECTION('',(-0.,-1.,-0.));
#8294 = ADVANCED_FACE('',(#8295),#8313,.F.);
#8295 = FACE_BOUND('',#8296,.T.);
#8296 = EDGE_LOOP('',(#8297,#8305,#8306,#8307));
#8297 = ORIENTED_EDGE('',*,*,#8298,.T.);
#8298 = EDGE_CURVE('',#8299,#8148,#8301,.T.);
#8299 = VERTEX_POINT('',#8300);
#8300 = CARTESIAN_POINT('',(1.15,-18.93,8.38));
#8301 = LINE('',#8302,#8303);
#8302 = CARTESIAN_POINT('',(1.123333333333,-18.90333333333,
    8.353333333333));
#8303 = VECTOR('',#8304,1.);
#8304 = DIRECTION('',(-0.57735026919,0.57735026919,-0.57735026919));
#8305 = ORIENTED_EDGE('',*,*,#8155,.T.);
#8306 = ORIENTED_EDGE('',*,*,#8115,.T.);
#8307 = ORIENTED_EDGE('',*,*,#8308,.F.);
#8308 = EDGE_CURVE('',#8299,#8116,#8309,.T.);
#8309 = LINE('',#8310,#8311);
#8310 = CARTESIAN_POINT('',(1.15,-18.73,8.38));
#8311 = VECTOR('',#8312,1.);
#8312 = DIRECTION('',(0.,-1.,0.));
#8313 = PLANE('',#8314);
#8314 = AXIS2_PLACEMENT_3D('',#8315,#8316,#8317);
#8315 = CARTESIAN_POINT('',(1.05,-18.73,8.28));
#8316 = DIRECTION('',(0.707106781187,0.,-0.707106781187));
#8317 = DIRECTION('',(0.,1.,0.));
#8318 = ADVANCED_FACE('',(#8319),#8330,.T.);
#8319 = FACE_BOUND('',#8320,.T.);
#8320 = EDGE_LOOP('',(#8321,#8322,#8323,#8324));
#8321 = ORIENTED_EDGE('',*,*,#8308,.T.);
#8322 = ORIENTED_EDGE('',*,*,#8132,.T.);
#8323 = ORIENTED_EDGE('',*,*,#8284,.T.);
#8324 = ORIENTED_EDGE('',*,*,#8325,.T.);
#8325 = EDGE_CURVE('',#8277,#8299,#8326,.T.);
#8326 = LINE('',#8327,#8328);
#8327 = CARTESIAN_POINT('',(1.59,-18.93,8.38));
#8328 = VECTOR('',#8329,1.);
#8329 = DIRECTION('',(-1.,0.,0.));
#8330 = PLANE('',#8331);
#8331 = AXIS2_PLACEMENT_3D('',#8332,#8333,#8334);
#8332 = CARTESIAN_POINT('',(1.27,-19.05,8.38));
#8333 = DIRECTION('',(0.,0.,1.));
#8334 = DIRECTION('',(1.,0.,0.));
#8335 = ADVANCED_FACE('',(#8336),#8342,.F.);
#8336 = FACE_BOUND('',#8337,.T.);
#8337 = EDGE_LOOP('',(#8338,#8339,#8340,#8341));
#8338 = ORIENTED_EDGE('',*,*,#8194,.F.);
#8339 = ORIENTED_EDGE('',*,*,#8243,.T.);
#8340 = ORIENTED_EDGE('',*,*,#8216,.F.);
#8341 = ORIENTED_EDGE('',*,*,#8177,.F.);
#8342 = PLANE('',#8343);
#8343 = AXIS2_PLACEMENT_3D('',#8344,#8345,#8346);
#8344 = CARTESIAN_POINT('',(1.59,-18.83,-2.44));
#8345 = DIRECTION('',(0.,-0.707106781187,0.707106781187));
#8346 = DIRECTION('',(1.,0.,0.));
#8347 = ADVANCED_FACE('',(#8348),#8354,.F.);
#8348 = FACE_BOUND('',#8349,.F.);
#8349 = EDGE_LOOP('',(#8350,#8351,#8352,#8353));
#8350 = ORIENTED_EDGE('',*,*,#8276,.F.);
#8351 = ORIENTED_EDGE('',*,*,#8325,.T.);
#8352 = ORIENTED_EDGE('',*,*,#8298,.T.);
#8353 = ORIENTED_EDGE('',*,*,#8259,.F.);
#8354 = PLANE('',#8355);
#8355 = AXIS2_PLACEMENT_3D('',#8356,#8357,#8358);
#8356 = CARTESIAN_POINT('',(1.59,-18.83,8.28));
#8357 = DIRECTION('',(0.,-0.707106781187,-0.707106781187));
#8358 = DIRECTION('',(-1.,0.,0.));
#8359 = MANIFOLD_SOLID_BREP('',#8360);
#8360 = CLOSED_SHELL('',(#8361,#8401,#8432,#8463,#8494,#8525,#8549,#8580
    ,#8604,#8626,#8650,#8674,#8691,#8708,#8732,#8756,#8773,#8785));
#8361 = ADVANCED_FACE('',(#8362),#8396,.T.);
#8362 = FACE_BOUND('',#8363,.T.);
#8363 = EDGE_LOOP('',(#8364,#8374,#8382,#8390));
#8364 = ORIENTED_EDGE('',*,*,#8365,.F.);
#8365 = EDGE_CURVE('',#8366,#8368,#8370,.T.);
#8366 = VERTEX_POINT('',#8367);
#8367 = CARTESIAN_POINT('',(0.95,-16.83,-5.639932965096E-16));
#8368 = VERTEX_POINT('',#8369);
#8369 = CARTESIAN_POINT('',(1.59,-16.83,-5.639932965096E-16));
#8370 = LINE('',#8371,#8372);
#8371 = CARTESIAN_POINT('',(0.95,-16.83,-5.639932965096E-16));
#8372 = VECTOR('',#8373,1.);
#8373 = DIRECTION('',(1.,0.,0.));
#8374 = ORIENTED_EDGE('',*,*,#8375,.T.);
#8375 = EDGE_CURVE('',#8366,#8376,#8378,.T.);
#8376 = VERTEX_POINT('',#8377);
#8377 = CARTESIAN_POINT('',(0.95,-16.83,-2.34));
#8378 = LINE('',#8379,#8380);
#8379 = CARTESIAN_POINT('',(0.95,-16.83,-5.639932965096E-16));
#8380 = VECTOR('',#8381,1.);
#8381 = DIRECTION('',(-0.,-0.,-1.));
#8382 = ORIENTED_EDGE('',*,*,#8383,.T.);
#8383 = EDGE_CURVE('',#8376,#8384,#8386,.T.);
#8384 = VERTEX_POINT('',#8385);
#8385 = CARTESIAN_POINT('',(1.59,-16.83,-2.34));
#8386 = LINE('',#8387,#8388);
#8387 = CARTESIAN_POINT('',(0.95,-16.83,-2.34));
#8388 = VECTOR('',#8389,1.);
#8389 = DIRECTION('',(1.,0.,0.));
#8390 = ORIENTED_EDGE('',*,*,#8391,.F.);
#8391 = EDGE_CURVE('',#8368,#8384,#8392,.T.);
#8392 = LINE('',#8393,#8394);
#8393 = CARTESIAN_POINT('',(1.59,-16.83,-5.639932965096E-16));
#8394 = VECTOR('',#8395,1.);
#8395 = DIRECTION('',(-0.,-0.,-1.));
#8396 = PLANE('',#8397);
#8397 = AXIS2_PLACEMENT_3D('',#8398,#8399,#8400);
#8398 = CARTESIAN_POINT('',(0.95,-16.83,-5.639932965096E-16));
#8399 = DIRECTION('',(0.,-1.,0.));
#8400 = DIRECTION('',(1.,0.,0.));
#8401 = ADVANCED_FACE('',(#8402),#8427,.F.);
#8402 = FACE_BOUND('',#8403,.F.);
#8403 = EDGE_LOOP('',(#8404,#8405,#8413,#8421));
#8404 = ORIENTED_EDGE('',*,*,#8365,.F.);
#8405 = ORIENTED_EDGE('',*,*,#8406,.T.);
#8406 = EDGE_CURVE('',#8366,#8407,#8409,.T.);
#8407 = VERTEX_POINT('',#8408);
#8408 = CARTESIAN_POINT('',(0.95,-16.83,8.18));
#8409 = LINE('',#8410,#8411);
#8410 = CARTESIAN_POINT('',(0.95,-16.83,-5.639932965096E-16));
#8411 = VECTOR('',#8412,1.);
#8412 = DIRECTION('',(0.,0.,1.));
#8413 = ORIENTED_EDGE('',*,*,#8414,.T.);
#8414 = EDGE_CURVE('',#8407,#8415,#8417,.T.);
#8415 = VERTEX_POINT('',#8416);
#8416 = CARTESIAN_POINT('',(1.59,-16.83,8.18));
#8417 = LINE('',#8418,#8419);
#8418 = CARTESIAN_POINT('',(0.95,-16.83,8.18));
#8419 = VECTOR('',#8420,1.);
#8420 = DIRECTION('',(1.,0.,0.));
#8421 = ORIENTED_EDGE('',*,*,#8422,.F.);
#8422 = EDGE_CURVE('',#8368,#8415,#8423,.T.);
#8423 = LINE('',#8424,#8425);
#8424 = CARTESIAN_POINT('',(1.59,-16.83,-5.639932965096E-16));
#8425 = VECTOR('',#8426,1.);
#8426 = DIRECTION('',(0.,0.,1.));
#8427 = PLANE('',#8428);
#8428 = AXIS2_PLACEMENT_3D('',#8429,#8430,#8431);
#8429 = CARTESIAN_POINT('',(0.95,-16.83,-5.639932965096E-16));
#8430 = DIRECTION('',(0.,1.,0.));
#8431 = DIRECTION('',(1.,0.,0.));
#8432 = ADVANCED_FACE('',(#8433),#8458,.T.);
#8433 = FACE_BOUND('',#8434,.T.);
#8434 = EDGE_LOOP('',(#8435,#8443,#8444,#8452));
#8435 = ORIENTED_EDGE('',*,*,#8436,.F.);
#8436 = EDGE_CURVE('',#8368,#8437,#8439,.T.);
#8437 = VERTEX_POINT('',#8438);
#8438 = CARTESIAN_POINT('',(1.59,-16.19,-5.639932965096E-16));
#8439 = LINE('',#8440,#8441);
#8440 = CARTESIAN_POINT('',(1.59,-16.83,-5.639932965096E-16));
#8441 = VECTOR('',#8442,1.);
#8442 = DIRECTION('',(0.,1.,0.));
#8443 = ORIENTED_EDGE('',*,*,#8391,.T.);
#8444 = ORIENTED_EDGE('',*,*,#8445,.T.);
#8445 = EDGE_CURVE('',#8384,#8446,#8448,.T.);
#8446 = VERTEX_POINT('',#8447);
#8447 = CARTESIAN_POINT('',(1.59,-16.19,-2.34));
#8448 = LINE('',#8449,#8450);
#8449 = CARTESIAN_POINT('',(1.59,-16.83,-2.34));
#8450 = VECTOR('',#8451,1.);
#8451 = DIRECTION('',(0.,1.,0.));
#8452 = ORIENTED_EDGE('',*,*,#8453,.F.);
#8453 = EDGE_CURVE('',#8437,#8446,#8454,.T.);
#8454 = LINE('',#8455,#8456);
#8455 = CARTESIAN_POINT('',(1.59,-16.19,-5.639932965096E-16));
#8456 = VECTOR('',#8457,1.);
#8457 = DIRECTION('',(-0.,-0.,-1.));
#8458 = PLANE('',#8459);
#8459 = AXIS2_PLACEMENT_3D('',#8460,#8461,#8462);
#8460 = CARTESIAN_POINT('',(1.59,-16.83,-5.639932965096E-16));
#8461 = DIRECTION('',(1.,0.,0.));
#8462 = DIRECTION('',(0.,1.,0.));
#8463 = ADVANCED_FACE('',(#8464),#8489,.F.);
#8464 = FACE_BOUND('',#8465,.F.);
#8465 = EDGE_LOOP('',(#8466,#8474,#8475,#8483));
#8466 = ORIENTED_EDGE('',*,*,#8467,.F.);
#8467 = EDGE_CURVE('',#8376,#8468,#8470,.T.);
#8468 = VERTEX_POINT('',#8469);
#8469 = CARTESIAN_POINT('',(1.15,-16.63,-2.54));
#8470 = LINE('',#8471,#8472);
#8471 = CARTESIAN_POINT('',(1.123333333333,-16.65666666666,
    -2.513333333333));
#8472 = VECTOR('',#8473,1.);
#8473 = DIRECTION('',(0.57735026919,0.57735026919,-0.57735026919));
#8474 = ORIENTED_EDGE('',*,*,#8383,.T.);
#8475 = ORIENTED_EDGE('',*,*,#8476,.T.);
#8476 = EDGE_CURVE('',#8384,#8477,#8479,.T.);
#8477 = VERTEX_POINT('',#8478);
#8478 = CARTESIAN_POINT('',(1.39,-16.63,-2.54));
#8479 = LINE('',#8480,#8481);
#8480 = CARTESIAN_POINT('',(1.416666666667,-16.65666666666,
    -2.513333333333));
#8481 = VECTOR('',#8482,1.);
#8482 = DIRECTION('',(-0.57735026919,0.57735026919,-0.57735026919));
#8483 = ORIENTED_EDGE('',*,*,#8484,.F.);
#8484 = EDGE_CURVE('',#8468,#8477,#8485,.T.);
#8485 = LINE('',#8486,#8487);
#8486 = CARTESIAN_POINT('',(0.95,-16.63,-2.54));
#8487 = VECTOR('',#8488,1.);
#8488 = DIRECTION('',(1.,0.,0.));
#8489 = PLANE('',#8490);
#8490 = AXIS2_PLACEMENT_3D('',#8491,#8492,#8493);
#8491 = CARTESIAN_POINT('',(0.95,-16.73,-2.44));
#8492 = DIRECTION('',(0.,0.707106781187,0.707106781187));
#8493 = DIRECTION('',(1.,0.,0.));
#8494 = ADVANCED_FACE('',(#8495),#8520,.T.);
#8495 = FACE_BOUND('',#8496,.T.);
#8496 = EDGE_LOOP('',(#8497,#8505,#8513,#8519));
#8497 = ORIENTED_EDGE('',*,*,#8498,.F.);
#8498 = EDGE_CURVE('',#8499,#8366,#8501,.T.);
#8499 = VERTEX_POINT('',#8500);
#8500 = CARTESIAN_POINT('',(0.95,-16.19,-5.639932965096E-16));
#8501 = LINE('',#8502,#8503);
#8502 = CARTESIAN_POINT('',(0.95,-16.19,-5.639932965096E-16));
#8503 = VECTOR('',#8504,1.);
#8504 = DIRECTION('',(0.,-1.,0.));
#8505 = ORIENTED_EDGE('',*,*,#8506,.T.);
#8506 = EDGE_CURVE('',#8499,#8507,#8509,.T.);
#8507 = VERTEX_POINT('',#8508);
#8508 = CARTESIAN_POINT('',(0.95,-16.19,-2.34));
#8509 = LINE('',#8510,#8511);
#8510 = CARTESIAN_POINT('',(0.95,-16.19,-5.639932965096E-16));
#8511 = VECTOR('',#8512,1.);
#8512 = DIRECTION('',(-0.,-0.,-1.));
#8513 = ORIENTED_EDGE('',*,*,#8514,.T.);
#8514 = EDGE_CURVE('',#8507,#8376,#8515,.T.);
#8515 = LINE('',#8516,#8517);
#8516 = CARTESIAN_POINT('',(0.95,-16.19,-2.34));
#8517 = VECTOR('',#8518,1.);
#8518 = DIRECTION('',(0.,-1.,0.));
#8519 = ORIENTED_EDGE('',*,*,#8375,.F.);
#8520 = PLANE('',#8521);
#8521 = AXIS2_PLACEMENT_3D('',#8522,#8523,#8524);
#8522 = CARTESIAN_POINT('',(0.95,-16.19,-5.639932965096E-16));
#8523 = DIRECTION('',(-1.,0.,0.));
#8524 = DIRECTION('',(0.,-1.,0.));
#8525 = ADVANCED_FACE('',(#8526),#8544,.F.);
#8526 = FACE_BOUND('',#8527,.F.);
#8527 = EDGE_LOOP('',(#8528,#8529,#8530,#8538));
#8528 = ORIENTED_EDGE('',*,*,#8436,.F.);
#8529 = ORIENTED_EDGE('',*,*,#8422,.T.);
#8530 = ORIENTED_EDGE('',*,*,#8531,.T.);
#8531 = EDGE_CURVE('',#8415,#8532,#8534,.T.);
#8532 = VERTEX_POINT('',#8533);
#8533 = CARTESIAN_POINT('',(1.59,-16.19,8.18));
#8534 = LINE('',#8535,#8536);
#8535 = CARTESIAN_POINT('',(1.59,-16.83,8.18));
#8536 = VECTOR('',#8537,1.);
#8537 = DIRECTION('',(0.,1.,0.));
#8538 = ORIENTED_EDGE('',*,*,#8539,.F.);
#8539 = EDGE_CURVE('',#8437,#8532,#8540,.T.);
#8540 = LINE('',#8541,#8542);
#8541 = CARTESIAN_POINT('',(1.59,-16.19,-5.639932965096E-16));
#8542 = VECTOR('',#8543,1.);
#8543 = DIRECTION('',(0.,0.,1.));
#8544 = PLANE('',#8545);
#8545 = AXIS2_PLACEMENT_3D('',#8546,#8547,#8548);
#8546 = CARTESIAN_POINT('',(1.59,-16.83,-5.639932965096E-16));
#8547 = DIRECTION('',(-1.,0.,0.));
#8548 = DIRECTION('',(0.,1.,0.));
#8549 = ADVANCED_FACE('',(#8550),#8575,.F.);
#8550 = FACE_BOUND('',#8551,.T.);
#8551 = EDGE_LOOP('',(#8552,#8560,#8561,#8569));
#8552 = ORIENTED_EDGE('',*,*,#8553,.F.);
#8553 = EDGE_CURVE('',#8407,#8554,#8556,.T.);
#8554 = VERTEX_POINT('',#8555);
#8555 = CARTESIAN_POINT('',(1.15,-16.63,8.38));
#8556 = LINE('',#8557,#8558);
#8557 = CARTESIAN_POINT('',(1.123333333333,-16.65666666666,
    8.353333333333));
#8558 = VECTOR('',#8559,1.);
#8559 = DIRECTION('',(0.57735026919,0.57735026919,0.57735026919));
#8560 = ORIENTED_EDGE('',*,*,#8414,.T.);
#8561 = ORIENTED_EDGE('',*,*,#8562,.T.);
#8562 = EDGE_CURVE('',#8415,#8563,#8565,.T.);
#8563 = VERTEX_POINT('',#8564);
#8564 = CARTESIAN_POINT('',(1.39,-16.63,8.38));
#8565 = LINE('',#8566,#8567);
#8566 = CARTESIAN_POINT('',(1.416666666667,-16.65666666666,
    8.353333333333));
#8567 = VECTOR('',#8568,1.);
#8568 = DIRECTION('',(-0.57735026919,0.57735026919,0.57735026919));
#8569 = ORIENTED_EDGE('',*,*,#8570,.F.);
#8570 = EDGE_CURVE('',#8554,#8563,#8571,.T.);
#8571 = LINE('',#8572,#8573);
#8572 = CARTESIAN_POINT('',(0.95,-16.63,8.38));
#8573 = VECTOR('',#8574,1.);
#8574 = DIRECTION('',(1.,0.,0.));
#8575 = PLANE('',#8576);
#8576 = AXIS2_PLACEMENT_3D('',#8577,#8578,#8579);
#8577 = CARTESIAN_POINT('',(0.95,-16.73,8.28));
#8578 = DIRECTION('',(0.,0.707106781187,-0.707106781187));
#8579 = DIRECTION('',(-1.,-0.,-0.));
#8580 = ADVANCED_FACE('',(#8581),#8599,.F.);
#8581 = FACE_BOUND('',#8582,.F.);
#8582 = EDGE_LOOP('',(#8583,#8584,#8592,#8598));
#8583 = ORIENTED_EDGE('',*,*,#8498,.F.);
#8584 = ORIENTED_EDGE('',*,*,#8585,.T.);
#8585 = EDGE_CURVE('',#8499,#8586,#8588,.T.);
#8586 = VERTEX_POINT('',#8587);
#8587 = CARTESIAN_POINT('',(0.95,-16.19,8.18));
#8588 = LINE('',#8589,#8590);
#8589 = CARTESIAN_POINT('',(0.95,-16.19,-5.639932965096E-16));
#8590 = VECTOR('',#8591,1.);
#8591 = DIRECTION('',(0.,0.,1.));
#8592 = ORIENTED_EDGE('',*,*,#8593,.T.);
#8593 = EDGE_CURVE('',#8586,#8407,#8594,.T.);
#8594 = LINE('',#8595,#8596);
#8595 = CARTESIAN_POINT('',(0.95,-16.19,8.18));
#8596 = VECTOR('',#8597,1.);
#8597 = DIRECTION('',(0.,-1.,0.));
#8598 = ORIENTED_EDGE('',*,*,#8406,.F.);
#8599 = PLANE('',#8600);
#8600 = AXIS2_PLACEMENT_3D('',#8601,#8602,#8603);
#8601 = CARTESIAN_POINT('',(0.95,-16.19,-5.639932965096E-16));
#8602 = DIRECTION('',(1.,0.,0.));
#8603 = DIRECTION('',(0.,-1.,0.));
#8604 = ADVANCED_FACE('',(#8605),#8621,.T.);
#8605 = FACE_BOUND('',#8606,.T.);
#8606 = EDGE_LOOP('',(#8607,#8613,#8614,#8620));
#8607 = ORIENTED_EDGE('',*,*,#8608,.F.);
#8608 = EDGE_CURVE('',#8437,#8499,#8609,.T.);
#8609 = LINE('',#8610,#8611);
#8610 = CARTESIAN_POINT('',(1.59,-16.19,-5.639932965096E-16));
#8611 = VECTOR('',#8612,1.);
#8612 = DIRECTION('',(-1.,0.,0.));
#8613 = ORIENTED_EDGE('',*,*,#8453,.T.);
#8614 = ORIENTED_EDGE('',*,*,#8615,.T.);
#8615 = EDGE_CURVE('',#8446,#8507,#8616,.T.);
#8616 = LINE('',#8617,#8618);
#8617 = CARTESIAN_POINT('',(1.59,-16.19,-2.34));
#8618 = VECTOR('',#8619,1.);
#8619 = DIRECTION('',(-1.,0.,0.));
#8620 = ORIENTED_EDGE('',*,*,#8506,.F.);
#8621 = PLANE('',#8622);
#8622 = AXIS2_PLACEMENT_3D('',#8623,#8624,#8625);
#8623 = CARTESIAN_POINT('',(1.59,-16.19,-5.639932965096E-16));
#8624 = DIRECTION('',(0.,1.,0.));
#8625 = DIRECTION('',(-1.,0.,0.));
#8626 = ADVANCED_FACE('',(#8627),#8645,.F.);
#8627 = FACE_BOUND('',#8628,.F.);
#8628 = EDGE_LOOP('',(#8629,#8630,#8631,#8639));
#8629 = ORIENTED_EDGE('',*,*,#8476,.F.);
#8630 = ORIENTED_EDGE('',*,*,#8445,.T.);
#8631 = ORIENTED_EDGE('',*,*,#8632,.F.);
#8632 = EDGE_CURVE('',#8633,#8446,#8635,.T.);
#8633 = VERTEX_POINT('',#8634);
#8634 = CARTESIAN_POINT('',(1.39,-16.39,-2.54));
#8635 = LINE('',#8636,#8637);
#8636 = CARTESIAN_POINT('',(1.416666666667,-16.36333333333,
    -2.513333333333));
#8637 = VECTOR('',#8638,1.);
#8638 = DIRECTION('',(0.57735026919,0.57735026919,0.57735026919));
#8639 = ORIENTED_EDGE('',*,*,#8640,.F.);
#8640 = EDGE_CURVE('',#8477,#8633,#8641,.T.);
#8641 = LINE('',#8642,#8643);
#8642 = CARTESIAN_POINT('',(1.39,-16.83,-2.54));
#8643 = VECTOR('',#8644,1.);
#8644 = DIRECTION('',(0.,1.,0.));
#8645 = PLANE('',#8646);
#8646 = AXIS2_PLACEMENT_3D('',#8647,#8648,#8649);
#8647 = CARTESIAN_POINT('',(1.49,-16.83,-2.44));
#8648 = DIRECTION('',(-0.707106781187,0.,0.707106781187));
#8649 = DIRECTION('',(0.,1.,0.));
#8650 = ADVANCED_FACE('',(#8651),#8669,.F.);
#8651 = FACE_BOUND('',#8652,.F.);
#8652 = EDGE_LOOP('',(#8653,#8661,#8662,#8663));
#8653 = ORIENTED_EDGE('',*,*,#8654,.F.);
#8654 = EDGE_CURVE('',#8507,#8655,#8657,.T.);
#8655 = VERTEX_POINT('',#8656);
#8656 = CARTESIAN_POINT('',(1.15,-16.39,-2.54));
#8657 = LINE('',#8658,#8659);
#8658 = CARTESIAN_POINT('',(1.123333333333,-16.36333333333,
    -2.513333333333));
#8659 = VECTOR('',#8660,1.);
#8660 = DIRECTION('',(0.57735026919,-0.57735026919,-0.57735026919));
#8661 = ORIENTED_EDGE('',*,*,#8514,.T.);
#8662 = ORIENTED_EDGE('',*,*,#8467,.T.);
#8663 = ORIENTED_EDGE('',*,*,#8664,.F.);
#8664 = EDGE_CURVE('',#8655,#8468,#8665,.T.);
#8665 = LINE('',#8666,#8667);
#8666 = CARTESIAN_POINT('',(1.15,-16.19,-2.54));
#8667 = VECTOR('',#8668,1.);
#8668 = DIRECTION('',(0.,-1.,0.));
#8669 = PLANE('',#8670);
#8670 = AXIS2_PLACEMENT_3D('',#8671,#8672,#8673);
#8671 = CARTESIAN_POINT('',(1.05,-16.19,-2.44));
#8672 = DIRECTION('',(0.707106781187,0.,0.707106781187));
#8673 = DIRECTION('',(0.,-1.,0.));
#8674 = ADVANCED_FACE('',(#8675),#8686,.F.);
#8675 = FACE_BOUND('',#8676,.F.);
#8676 = EDGE_LOOP('',(#8677,#8678,#8679,#8680));
#8677 = ORIENTED_EDGE('',*,*,#8664,.T.);
#8678 = ORIENTED_EDGE('',*,*,#8484,.T.);
#8679 = ORIENTED_EDGE('',*,*,#8640,.T.);
#8680 = ORIENTED_EDGE('',*,*,#8681,.T.);
#8681 = EDGE_CURVE('',#8633,#8655,#8682,.T.);
#8682 = LINE('',#8683,#8684);
#8683 = CARTESIAN_POINT('',(1.59,-16.39,-2.54));
#8684 = VECTOR('',#8685,1.);
#8685 = DIRECTION('',(-1.,0.,0.));
#8686 = PLANE('',#8687);
#8687 = AXIS2_PLACEMENT_3D('',#8688,#8689,#8690);
#8688 = CARTESIAN_POINT('',(1.27,-16.51,-2.54));
#8689 = DIRECTION('',(0.,0.,1.));
#8690 = DIRECTION('',(1.,0.,0.));
#8691 = ADVANCED_FACE('',(#8692),#8703,.F.);
#8692 = FACE_BOUND('',#8693,.F.);
#8693 = EDGE_LOOP('',(#8694,#8695,#8696,#8702));
#8694 = ORIENTED_EDGE('',*,*,#8608,.F.);
#8695 = ORIENTED_EDGE('',*,*,#8539,.T.);
#8696 = ORIENTED_EDGE('',*,*,#8697,.T.);
#8697 = EDGE_CURVE('',#8532,#8586,#8698,.T.);
#8698 = LINE('',#8699,#8700);
#8699 = CARTESIAN_POINT('',(1.59,-16.19,8.18));
#8700 = VECTOR('',#8701,1.);
#8701 = DIRECTION('',(-1.,0.,0.));
#8702 = ORIENTED_EDGE('',*,*,#8585,.F.);
#8703 = PLANE('',#8704);
#8704 = AXIS2_PLACEMENT_3D('',#8705,#8706,#8707);
#8705 = CARTESIAN_POINT('',(1.59,-16.19,-5.639932965096E-16));
#8706 = DIRECTION('',(0.,-1.,0.));
#8707 = DIRECTION('',(-1.,0.,0.));
#8708 = ADVANCED_FACE('',(#8709),#8727,.F.);
#8709 = FACE_BOUND('',#8710,.T.);
#8710 = EDGE_LOOP('',(#8711,#8712,#8713,#8721));
#8711 = ORIENTED_EDGE('',*,*,#8562,.F.);
#8712 = ORIENTED_EDGE('',*,*,#8531,.T.);
#8713 = ORIENTED_EDGE('',*,*,#8714,.F.);
#8714 = EDGE_CURVE('',#8715,#8532,#8717,.T.);
#8715 = VERTEX_POINT('',#8716);
#8716 = CARTESIAN_POINT('',(1.39,-16.39,8.38));
#8717 = LINE('',#8718,#8719);
#8718 = CARTESIAN_POINT('',(1.416666666667,-16.36333333333,
    8.353333333333));
#8719 = VECTOR('',#8720,1.);
#8720 = DIRECTION('',(0.57735026919,0.57735026919,-0.57735026919));
#8721 = ORIENTED_EDGE('',*,*,#8722,.F.);
#8722 = EDGE_CURVE('',#8563,#8715,#8723,.T.);
#8723 = LINE('',#8724,#8725);
#8724 = CARTESIAN_POINT('',(1.39,-16.83,8.38));
#8725 = VECTOR('',#8726,1.);
#8726 = DIRECTION('',(0.,1.,0.));
#8727 = PLANE('',#8728);
#8728 = AXIS2_PLACEMENT_3D('',#8729,#8730,#8731);
#8729 = CARTESIAN_POINT('',(1.49,-16.83,8.28));
#8730 = DIRECTION('',(-0.707106781187,0.,-0.707106781187));
#8731 = DIRECTION('',(-0.,-1.,-0.));
#8732 = ADVANCED_FACE('',(#8733),#8751,.F.);
#8733 = FACE_BOUND('',#8734,.T.);
#8734 = EDGE_LOOP('',(#8735,#8743,#8744,#8745));
#8735 = ORIENTED_EDGE('',*,*,#8736,.T.);
#8736 = EDGE_CURVE('',#8737,#8586,#8739,.T.);
#8737 = VERTEX_POINT('',#8738);
#8738 = CARTESIAN_POINT('',(1.15,-16.39,8.38));
#8739 = LINE('',#8740,#8741);
#8740 = CARTESIAN_POINT('',(1.123333333333,-16.36333333333,
    8.353333333333));
#8741 = VECTOR('',#8742,1.);
#8742 = DIRECTION('',(-0.57735026919,0.57735026919,-0.57735026919));
#8743 = ORIENTED_EDGE('',*,*,#8593,.T.);
#8744 = ORIENTED_EDGE('',*,*,#8553,.T.);
#8745 = ORIENTED_EDGE('',*,*,#8746,.F.);
#8746 = EDGE_CURVE('',#8737,#8554,#8747,.T.);
#8747 = LINE('',#8748,#8749);
#8748 = CARTESIAN_POINT('',(1.15,-16.19,8.38));
#8749 = VECTOR('',#8750,1.);
#8750 = DIRECTION('',(0.,-1.,0.));
#8751 = PLANE('',#8752);
#8752 = AXIS2_PLACEMENT_3D('',#8753,#8754,#8755);
#8753 = CARTESIAN_POINT('',(1.05,-16.19,8.28));
#8754 = DIRECTION('',(0.707106781187,0.,-0.707106781187));
#8755 = DIRECTION('',(0.,1.,0.));
#8756 = ADVANCED_FACE('',(#8757),#8768,.T.);
#8757 = FACE_BOUND('',#8758,.T.);
#8758 = EDGE_LOOP('',(#8759,#8760,#8761,#8762));
#8759 = ORIENTED_EDGE('',*,*,#8746,.T.);
#8760 = ORIENTED_EDGE('',*,*,#8570,.T.);
#8761 = ORIENTED_EDGE('',*,*,#8722,.T.);
#8762 = ORIENTED_EDGE('',*,*,#8763,.T.);
#8763 = EDGE_CURVE('',#8715,#8737,#8764,.T.);
#8764 = LINE('',#8765,#8766);
#8765 = CARTESIAN_POINT('',(1.59,-16.39,8.38));
#8766 = VECTOR('',#8767,1.);
#8767 = DIRECTION('',(-1.,0.,0.));
#8768 = PLANE('',#8769);
#8769 = AXIS2_PLACEMENT_3D('',#8770,#8771,#8772);
#8770 = CARTESIAN_POINT('',(1.27,-16.51,8.38));
#8771 = DIRECTION('',(0.,0.,1.));
#8772 = DIRECTION('',(1.,0.,0.));
#8773 = ADVANCED_FACE('',(#8774),#8780,.F.);
#8774 = FACE_BOUND('',#8775,.T.);
#8775 = EDGE_LOOP('',(#8776,#8777,#8778,#8779));
#8776 = ORIENTED_EDGE('',*,*,#8632,.F.);
#8777 = ORIENTED_EDGE('',*,*,#8681,.T.);
#8778 = ORIENTED_EDGE('',*,*,#8654,.F.);
#8779 = ORIENTED_EDGE('',*,*,#8615,.F.);
#8780 = PLANE('',#8781);
#8781 = AXIS2_PLACEMENT_3D('',#8782,#8783,#8784);
#8782 = CARTESIAN_POINT('',(1.59,-16.29,-2.44));
#8783 = DIRECTION('',(0.,-0.707106781187,0.707106781187));
#8784 = DIRECTION('',(1.,0.,0.));
#8785 = ADVANCED_FACE('',(#8786),#8792,.F.);
#8786 = FACE_BOUND('',#8787,.F.);
#8787 = EDGE_LOOP('',(#8788,#8789,#8790,#8791));
#8788 = ORIENTED_EDGE('',*,*,#8714,.F.);
#8789 = ORIENTED_EDGE('',*,*,#8763,.T.);
#8790 = ORIENTED_EDGE('',*,*,#8736,.T.);
#8791 = ORIENTED_EDGE('',*,*,#8697,.F.);
#8792 = PLANE('',#8793);
#8793 = AXIS2_PLACEMENT_3D('',#8794,#8795,#8796);
#8794 = CARTESIAN_POINT('',(1.59,-16.29,8.28));
#8795 = DIRECTION('',(0.,-0.707106781187,-0.707106781187));
#8796 = DIRECTION('',(-1.,0.,0.));
#8797 = MANIFOLD_SOLID_BREP('',#8798);
#8798 = CLOSED_SHELL('',(#8799,#8839,#8870,#8901,#8932,#8963,#8987,#9018
    ,#9042,#9064,#9088,#9112,#9129,#9146,#9170,#9194,#9211,#9223));
#8799 = ADVANCED_FACE('',(#8800),#8834,.T.);
#8800 = FACE_BOUND('',#8801,.T.);
#8801 = EDGE_LOOP('',(#8802,#8812,#8820,#8828));
#8802 = ORIENTED_EDGE('',*,*,#8803,.F.);
#8803 = EDGE_CURVE('',#8804,#8806,#8808,.T.);
#8804 = VERTEX_POINT('',#8805);
#8805 = CARTESIAN_POINT('',(0.95,-14.29,-8.459899447644E-16));
#8806 = VERTEX_POINT('',#8807);
#8807 = CARTESIAN_POINT('',(1.59,-14.29,-8.459899447644E-16));
#8808 = LINE('',#8809,#8810);
#8809 = CARTESIAN_POINT('',(0.95,-14.29,-8.459899447644E-16));
#8810 = VECTOR('',#8811,1.);
#8811 = DIRECTION('',(1.,0.,0.));
#8812 = ORIENTED_EDGE('',*,*,#8813,.T.);
#8813 = EDGE_CURVE('',#8804,#8814,#8816,.T.);
#8814 = VERTEX_POINT('',#8815);
#8815 = CARTESIAN_POINT('',(0.95,-14.29,-2.34));
#8816 = LINE('',#8817,#8818);
#8817 = CARTESIAN_POINT('',(0.95,-14.29,-8.459899447644E-16));
#8818 = VECTOR('',#8819,1.);
#8819 = DIRECTION('',(-0.,-0.,-1.));
#8820 = ORIENTED_EDGE('',*,*,#8821,.T.);
#8821 = EDGE_CURVE('',#8814,#8822,#8824,.T.);
#8822 = VERTEX_POINT('',#8823);
#8823 = CARTESIAN_POINT('',(1.59,-14.29,-2.34));
#8824 = LINE('',#8825,#8826);
#8825 = CARTESIAN_POINT('',(0.95,-14.29,-2.34));
#8826 = VECTOR('',#8827,1.);
#8827 = DIRECTION('',(1.,0.,0.));
#8828 = ORIENTED_EDGE('',*,*,#8829,.F.);
#8829 = EDGE_CURVE('',#8806,#8822,#8830,.T.);
#8830 = LINE('',#8831,#8832);
#8831 = CARTESIAN_POINT('',(1.59,-14.29,-8.459899447644E-16));
#8832 = VECTOR('',#8833,1.);
#8833 = DIRECTION('',(-0.,-0.,-1.));
#8834 = PLANE('',#8835);
#8835 = AXIS2_PLACEMENT_3D('',#8836,#8837,#8838);
#8836 = CARTESIAN_POINT('',(0.95,-14.29,-8.459899447644E-16));
#8837 = DIRECTION('',(0.,-1.,0.));
#8838 = DIRECTION('',(1.,0.,0.));
#8839 = ADVANCED_FACE('',(#8840),#8865,.F.);
#8840 = FACE_BOUND('',#8841,.F.);
#8841 = EDGE_LOOP('',(#8842,#8843,#8851,#8859));
#8842 = ORIENTED_EDGE('',*,*,#8803,.F.);
#8843 = ORIENTED_EDGE('',*,*,#8844,.T.);
#8844 = EDGE_CURVE('',#8804,#8845,#8847,.T.);
#8845 = VERTEX_POINT('',#8846);
#8846 = CARTESIAN_POINT('',(0.95,-14.29,8.18));
#8847 = LINE('',#8848,#8849);
#8848 = CARTESIAN_POINT('',(0.95,-14.29,-8.459899447644E-16));
#8849 = VECTOR('',#8850,1.);
#8850 = DIRECTION('',(0.,0.,1.));
#8851 = ORIENTED_EDGE('',*,*,#8852,.T.);
#8852 = EDGE_CURVE('',#8845,#8853,#8855,.T.);
#8853 = VERTEX_POINT('',#8854);
#8854 = CARTESIAN_POINT('',(1.59,-14.29,8.18));
#8855 = LINE('',#8856,#8857);
#8856 = CARTESIAN_POINT('',(0.95,-14.29,8.18));
#8857 = VECTOR('',#8858,1.);
#8858 = DIRECTION('',(1.,0.,0.));
#8859 = ORIENTED_EDGE('',*,*,#8860,.F.);
#8860 = EDGE_CURVE('',#8806,#8853,#8861,.T.);
#8861 = LINE('',#8862,#8863);
#8862 = CARTESIAN_POINT('',(1.59,-14.29,-8.459899447644E-16));
#8863 = VECTOR('',#8864,1.);
#8864 = DIRECTION('',(0.,0.,1.));
#8865 = PLANE('',#8866);
#8866 = AXIS2_PLACEMENT_3D('',#8867,#8868,#8869);
#8867 = CARTESIAN_POINT('',(0.95,-14.29,-8.459899447644E-16));
#8868 = DIRECTION('',(0.,1.,0.));
#8869 = DIRECTION('',(1.,0.,0.));
#8870 = ADVANCED_FACE('',(#8871),#8896,.T.);
#8871 = FACE_BOUND('',#8872,.T.);
#8872 = EDGE_LOOP('',(#8873,#8881,#8882,#8890));
#8873 = ORIENTED_EDGE('',*,*,#8874,.F.);
#8874 = EDGE_CURVE('',#8806,#8875,#8877,.T.);
#8875 = VERTEX_POINT('',#8876);
#8876 = CARTESIAN_POINT('',(1.59,-13.65,-8.459899447644E-16));
#8877 = LINE('',#8878,#8879);
#8878 = CARTESIAN_POINT('',(1.59,-14.29,-8.459899447644E-16));
#8879 = VECTOR('',#8880,1.);
#8880 = DIRECTION('',(0.,1.,0.));
#8881 = ORIENTED_EDGE('',*,*,#8829,.T.);
#8882 = ORIENTED_EDGE('',*,*,#8883,.T.);
#8883 = EDGE_CURVE('',#8822,#8884,#8886,.T.);
#8884 = VERTEX_POINT('',#8885);
#8885 = CARTESIAN_POINT('',(1.59,-13.65,-2.34));
#8886 = LINE('',#8887,#8888);
#8887 = CARTESIAN_POINT('',(1.59,-14.29,-2.34));
#8888 = VECTOR('',#8889,1.);
#8889 = DIRECTION('',(0.,1.,0.));
#8890 = ORIENTED_EDGE('',*,*,#8891,.F.);
#8891 = EDGE_CURVE('',#8875,#8884,#8892,.T.);
#8892 = LINE('',#8893,#8894);
#8893 = CARTESIAN_POINT('',(1.59,-13.65,-8.459899447644E-16));
#8894 = VECTOR('',#8895,1.);
#8895 = DIRECTION('',(-0.,-0.,-1.));
#8896 = PLANE('',#8897);
#8897 = AXIS2_PLACEMENT_3D('',#8898,#8899,#8900);
#8898 = CARTESIAN_POINT('',(1.59,-14.29,-8.459899447644E-16));
#8899 = DIRECTION('',(1.,0.,0.));
#8900 = DIRECTION('',(0.,1.,0.));
#8901 = ADVANCED_FACE('',(#8902),#8927,.F.);
#8902 = FACE_BOUND('',#8903,.F.);
#8903 = EDGE_LOOP('',(#8904,#8912,#8913,#8921));
#8904 = ORIENTED_EDGE('',*,*,#8905,.F.);
#8905 = EDGE_CURVE('',#8814,#8906,#8908,.T.);
#8906 = VERTEX_POINT('',#8907);
#8907 = CARTESIAN_POINT('',(1.15,-14.09,-2.54));
#8908 = LINE('',#8909,#8910);
#8909 = CARTESIAN_POINT('',(1.123333333333,-14.11666666666,
    -2.513333333333));
#8910 = VECTOR('',#8911,1.);
#8911 = DIRECTION('',(0.57735026919,0.57735026919,-0.57735026919));
#8912 = ORIENTED_EDGE('',*,*,#8821,.T.);
#8913 = ORIENTED_EDGE('',*,*,#8914,.T.);
#8914 = EDGE_CURVE('',#8822,#8915,#8917,.T.);
#8915 = VERTEX_POINT('',#8916);
#8916 = CARTESIAN_POINT('',(1.39,-14.09,-2.54));
#8917 = LINE('',#8918,#8919);
#8918 = CARTESIAN_POINT('',(1.416666666667,-14.11666666666,
    -2.513333333333));
#8919 = VECTOR('',#8920,1.);
#8920 = DIRECTION('',(-0.57735026919,0.57735026919,-0.57735026919));
#8921 = ORIENTED_EDGE('',*,*,#8922,.F.);
#8922 = EDGE_CURVE('',#8906,#8915,#8923,.T.);
#8923 = LINE('',#8924,#8925);
#8924 = CARTESIAN_POINT('',(0.95,-14.09,-2.54));
#8925 = VECTOR('',#8926,1.);
#8926 = DIRECTION('',(1.,0.,0.));
#8927 = PLANE('',#8928);
#8928 = AXIS2_PLACEMENT_3D('',#8929,#8930,#8931);
#8929 = CARTESIAN_POINT('',(0.95,-14.19,-2.44));
#8930 = DIRECTION('',(0.,0.707106781187,0.707106781187));
#8931 = DIRECTION('',(1.,0.,0.));
#8932 = ADVANCED_FACE('',(#8933),#8958,.T.);
#8933 = FACE_BOUND('',#8934,.T.);
#8934 = EDGE_LOOP('',(#8935,#8943,#8951,#8957));
#8935 = ORIENTED_EDGE('',*,*,#8936,.F.);
#8936 = EDGE_CURVE('',#8937,#8804,#8939,.T.);
#8937 = VERTEX_POINT('',#8938);
#8938 = CARTESIAN_POINT('',(0.95,-13.65,-8.459899447644E-16));
#8939 = LINE('',#8940,#8941);
#8940 = CARTESIAN_POINT('',(0.95,-13.65,-8.459899447644E-16));
#8941 = VECTOR('',#8942,1.);
#8942 = DIRECTION('',(0.,-1.,0.));
#8943 = ORIENTED_EDGE('',*,*,#8944,.T.);
#8944 = EDGE_CURVE('',#8937,#8945,#8947,.T.);
#8945 = VERTEX_POINT('',#8946);
#8946 = CARTESIAN_POINT('',(0.95,-13.65,-2.34));
#8947 = LINE('',#8948,#8949);
#8948 = CARTESIAN_POINT('',(0.95,-13.65,-8.459899447644E-16));
#8949 = VECTOR('',#8950,1.);
#8950 = DIRECTION('',(-0.,-0.,-1.));
#8951 = ORIENTED_EDGE('',*,*,#8952,.T.);
#8952 = EDGE_CURVE('',#8945,#8814,#8953,.T.);
#8953 = LINE('',#8954,#8955);
#8954 = CARTESIAN_POINT('',(0.95,-13.65,-2.34));
#8955 = VECTOR('',#8956,1.);
#8956 = DIRECTION('',(0.,-1.,0.));
#8957 = ORIENTED_EDGE('',*,*,#8813,.F.);
#8958 = PLANE('',#8959);
#8959 = AXIS2_PLACEMENT_3D('',#8960,#8961,#8962);
#8960 = CARTESIAN_POINT('',(0.95,-13.65,-8.459899447644E-16));
#8961 = DIRECTION('',(-1.,0.,0.));
#8962 = DIRECTION('',(0.,-1.,0.));
#8963 = ADVANCED_FACE('',(#8964),#8982,.F.);
#8964 = FACE_BOUND('',#8965,.F.);
#8965 = EDGE_LOOP('',(#8966,#8967,#8968,#8976));
#8966 = ORIENTED_EDGE('',*,*,#8874,.F.);
#8967 = ORIENTED_EDGE('',*,*,#8860,.T.);
#8968 = ORIENTED_EDGE('',*,*,#8969,.T.);
#8969 = EDGE_CURVE('',#8853,#8970,#8972,.T.);
#8970 = VERTEX_POINT('',#8971);
#8971 = CARTESIAN_POINT('',(1.59,-13.65,8.18));
#8972 = LINE('',#8973,#8974);
#8973 = CARTESIAN_POINT('',(1.59,-14.29,8.18));
#8974 = VECTOR('',#8975,1.);
#8975 = DIRECTION('',(0.,1.,0.));
#8976 = ORIENTED_EDGE('',*,*,#8977,.F.);
#8977 = EDGE_CURVE('',#8875,#8970,#8978,.T.);
#8978 = LINE('',#8979,#8980);
#8979 = CARTESIAN_POINT('',(1.59,-13.65,-8.459899447644E-16));
#8980 = VECTOR('',#8981,1.);
#8981 = DIRECTION('',(0.,0.,1.));
#8982 = PLANE('',#8983);
#8983 = AXIS2_PLACEMENT_3D('',#8984,#8985,#8986);
#8984 = CARTESIAN_POINT('',(1.59,-14.29,-8.459899447644E-16));
#8985 = DIRECTION('',(-1.,0.,0.));
#8986 = DIRECTION('',(0.,1.,0.));
#8987 = ADVANCED_FACE('',(#8988),#9013,.F.);
#8988 = FACE_BOUND('',#8989,.T.);
#8989 = EDGE_LOOP('',(#8990,#8998,#8999,#9007));
#8990 = ORIENTED_EDGE('',*,*,#8991,.F.);
#8991 = EDGE_CURVE('',#8845,#8992,#8994,.T.);
#8992 = VERTEX_POINT('',#8993);
#8993 = CARTESIAN_POINT('',(1.15,-14.09,8.38));
#8994 = LINE('',#8995,#8996);
#8995 = CARTESIAN_POINT('',(1.123333333333,-14.11666666666,
    8.353333333333));
#8996 = VECTOR('',#8997,1.);
#8997 = DIRECTION('',(0.57735026919,0.57735026919,0.57735026919));
#8998 = ORIENTED_EDGE('',*,*,#8852,.T.);
#8999 = ORIENTED_EDGE('',*,*,#9000,.T.);
#9000 = EDGE_CURVE('',#8853,#9001,#9003,.T.);
#9001 = VERTEX_POINT('',#9002);
#9002 = CARTESIAN_POINT('',(1.39,-14.09,8.38));
#9003 = LINE('',#9004,#9005);
#9004 = CARTESIAN_POINT('',(1.416666666667,-14.11666666666,
    8.353333333333));
#9005 = VECTOR('',#9006,1.);
#9006 = DIRECTION('',(-0.57735026919,0.57735026919,0.57735026919));
#9007 = ORIENTED_EDGE('',*,*,#9008,.F.);
#9008 = EDGE_CURVE('',#8992,#9001,#9009,.T.);
#9009 = LINE('',#9010,#9011);
#9010 = CARTESIAN_POINT('',(0.95,-14.09,8.38));
#9011 = VECTOR('',#9012,1.);
#9012 = DIRECTION('',(1.,0.,0.));
#9013 = PLANE('',#9014);
#9014 = AXIS2_PLACEMENT_3D('',#9015,#9016,#9017);
#9015 = CARTESIAN_POINT('',(0.95,-14.19,8.28));
#9016 = DIRECTION('',(0.,0.707106781187,-0.707106781187));
#9017 = DIRECTION('',(-1.,-0.,-0.));
#9018 = ADVANCED_FACE('',(#9019),#9037,.F.);
#9019 = FACE_BOUND('',#9020,.F.);
#9020 = EDGE_LOOP('',(#9021,#9022,#9030,#9036));
#9021 = ORIENTED_EDGE('',*,*,#8936,.F.);
#9022 = ORIENTED_EDGE('',*,*,#9023,.T.);
#9023 = EDGE_CURVE('',#8937,#9024,#9026,.T.);
#9024 = VERTEX_POINT('',#9025);
#9025 = CARTESIAN_POINT('',(0.95,-13.65,8.18));
#9026 = LINE('',#9027,#9028);
#9027 = CARTESIAN_POINT('',(0.95,-13.65,-8.459899447644E-16));
#9028 = VECTOR('',#9029,1.);
#9029 = DIRECTION('',(0.,0.,1.));
#9030 = ORIENTED_EDGE('',*,*,#9031,.T.);
#9031 = EDGE_CURVE('',#9024,#8845,#9032,.T.);
#9032 = LINE('',#9033,#9034);
#9033 = CARTESIAN_POINT('',(0.95,-13.65,8.18));
#9034 = VECTOR('',#9035,1.);
#9035 = DIRECTION('',(0.,-1.,0.));
#9036 = ORIENTED_EDGE('',*,*,#8844,.F.);
#9037 = PLANE('',#9038);
#9038 = AXIS2_PLACEMENT_3D('',#9039,#9040,#9041);
#9039 = CARTESIAN_POINT('',(0.95,-13.65,-8.459899447644E-16));
#9040 = DIRECTION('',(1.,0.,0.));
#9041 = DIRECTION('',(0.,-1.,0.));
#9042 = ADVANCED_FACE('',(#9043),#9059,.T.);
#9043 = FACE_BOUND('',#9044,.T.);
#9044 = EDGE_LOOP('',(#9045,#9051,#9052,#9058));
#9045 = ORIENTED_EDGE('',*,*,#9046,.F.);
#9046 = EDGE_CURVE('',#8875,#8937,#9047,.T.);
#9047 = LINE('',#9048,#9049);
#9048 = CARTESIAN_POINT('',(1.59,-13.65,-8.459899447644E-16));
#9049 = VECTOR('',#9050,1.);
#9050 = DIRECTION('',(-1.,0.,0.));
#9051 = ORIENTED_EDGE('',*,*,#8891,.T.);
#9052 = ORIENTED_EDGE('',*,*,#9053,.T.);
#9053 = EDGE_CURVE('',#8884,#8945,#9054,.T.);
#9054 = LINE('',#9055,#9056);
#9055 = CARTESIAN_POINT('',(1.59,-13.65,-2.34));
#9056 = VECTOR('',#9057,1.);
#9057 = DIRECTION('',(-1.,0.,0.));
#9058 = ORIENTED_EDGE('',*,*,#8944,.F.);
#9059 = PLANE('',#9060);
#9060 = AXIS2_PLACEMENT_3D('',#9061,#9062,#9063);
#9061 = CARTESIAN_POINT('',(1.59,-13.65,-8.459899447644E-16));
#9062 = DIRECTION('',(0.,1.,0.));
#9063 = DIRECTION('',(-1.,0.,0.));
#9064 = ADVANCED_FACE('',(#9065),#9083,.F.);
#9065 = FACE_BOUND('',#9066,.F.);
#9066 = EDGE_LOOP('',(#9067,#9068,#9069,#9077));
#9067 = ORIENTED_EDGE('',*,*,#8914,.F.);
#9068 = ORIENTED_EDGE('',*,*,#8883,.T.);
#9069 = ORIENTED_EDGE('',*,*,#9070,.F.);
#9070 = EDGE_CURVE('',#9071,#8884,#9073,.T.);
#9071 = VERTEX_POINT('',#9072);
#9072 = CARTESIAN_POINT('',(1.39,-13.85,-2.54));
#9073 = LINE('',#9074,#9075);
#9074 = CARTESIAN_POINT('',(1.416666666667,-13.82333333333,
    -2.513333333333));
#9075 = VECTOR('',#9076,1.);
#9076 = DIRECTION('',(0.57735026919,0.57735026919,0.57735026919));
#9077 = ORIENTED_EDGE('',*,*,#9078,.F.);
#9078 = EDGE_CURVE('',#8915,#9071,#9079,.T.);
#9079 = LINE('',#9080,#9081);
#9080 = CARTESIAN_POINT('',(1.39,-14.29,-2.54));
#9081 = VECTOR('',#9082,1.);
#9082 = DIRECTION('',(0.,1.,0.));
#9083 = PLANE('',#9084);
#9084 = AXIS2_PLACEMENT_3D('',#9085,#9086,#9087);
#9085 = CARTESIAN_POINT('',(1.49,-14.29,-2.44));
#9086 = DIRECTION('',(-0.707106781187,0.,0.707106781187));
#9087 = DIRECTION('',(0.,1.,0.));
#9088 = ADVANCED_FACE('',(#9089),#9107,.F.);
#9089 = FACE_BOUND('',#9090,.F.);
#9090 = EDGE_LOOP('',(#9091,#9099,#9100,#9101));
#9091 = ORIENTED_EDGE('',*,*,#9092,.F.);
#9092 = EDGE_CURVE('',#8945,#9093,#9095,.T.);
#9093 = VERTEX_POINT('',#9094);
#9094 = CARTESIAN_POINT('',(1.15,-13.85,-2.54));
#9095 = LINE('',#9096,#9097);
#9096 = CARTESIAN_POINT('',(1.123333333333,-13.82333333333,
    -2.513333333333));
#9097 = VECTOR('',#9098,1.);
#9098 = DIRECTION('',(0.57735026919,-0.57735026919,-0.57735026919));
#9099 = ORIENTED_EDGE('',*,*,#8952,.T.);
#9100 = ORIENTED_EDGE('',*,*,#8905,.T.);
#9101 = ORIENTED_EDGE('',*,*,#9102,.F.);
#9102 = EDGE_CURVE('',#9093,#8906,#9103,.T.);
#9103 = LINE('',#9104,#9105);
#9104 = CARTESIAN_POINT('',(1.15,-13.65,-2.54));
#9105 = VECTOR('',#9106,1.);
#9106 = DIRECTION('',(0.,-1.,0.));
#9107 = PLANE('',#9108);
#9108 = AXIS2_PLACEMENT_3D('',#9109,#9110,#9111);
#9109 = CARTESIAN_POINT('',(1.05,-13.65,-2.44));
#9110 = DIRECTION('',(0.707106781187,0.,0.707106781187));
#9111 = DIRECTION('',(0.,-1.,0.));
#9112 = ADVANCED_FACE('',(#9113),#9124,.F.);
#9113 = FACE_BOUND('',#9114,.F.);
#9114 = EDGE_LOOP('',(#9115,#9116,#9117,#9118));
#9115 = ORIENTED_EDGE('',*,*,#9102,.T.);
#9116 = ORIENTED_EDGE('',*,*,#8922,.T.);
#9117 = ORIENTED_EDGE('',*,*,#9078,.T.);
#9118 = ORIENTED_EDGE('',*,*,#9119,.T.);
#9119 = EDGE_CURVE('',#9071,#9093,#9120,.T.);
#9120 = LINE('',#9121,#9122);
#9121 = CARTESIAN_POINT('',(1.59,-13.85,-2.54));
#9122 = VECTOR('',#9123,1.);
#9123 = DIRECTION('',(-1.,0.,0.));
#9124 = PLANE('',#9125);
#9125 = AXIS2_PLACEMENT_3D('',#9126,#9127,#9128);
#9126 = CARTESIAN_POINT('',(1.27,-13.97,-2.54));
#9127 = DIRECTION('',(0.,0.,1.));
#9128 = DIRECTION('',(1.,0.,0.));
#9129 = ADVANCED_FACE('',(#9130),#9141,.F.);
#9130 = FACE_BOUND('',#9131,.F.);
#9131 = EDGE_LOOP('',(#9132,#9133,#9134,#9140));
#9132 = ORIENTED_EDGE('',*,*,#9046,.F.);
#9133 = ORIENTED_EDGE('',*,*,#8977,.T.);
#9134 = ORIENTED_EDGE('',*,*,#9135,.T.);
#9135 = EDGE_CURVE('',#8970,#9024,#9136,.T.);
#9136 = LINE('',#9137,#9138);
#9137 = CARTESIAN_POINT('',(1.59,-13.65,8.18));
#9138 = VECTOR('',#9139,1.);
#9139 = DIRECTION('',(-1.,0.,0.));
#9140 = ORIENTED_EDGE('',*,*,#9023,.F.);
#9141 = PLANE('',#9142);
#9142 = AXIS2_PLACEMENT_3D('',#9143,#9144,#9145);
#9143 = CARTESIAN_POINT('',(1.59,-13.65,-8.459899447644E-16));
#9144 = DIRECTION('',(0.,-1.,0.));
#9145 = DIRECTION('',(-1.,0.,0.));
#9146 = ADVANCED_FACE('',(#9147),#9165,.F.);
#9147 = FACE_BOUND('',#9148,.T.);
#9148 = EDGE_LOOP('',(#9149,#9150,#9151,#9159));
#9149 = ORIENTED_EDGE('',*,*,#9000,.F.);
#9150 = ORIENTED_EDGE('',*,*,#8969,.T.);
#9151 = ORIENTED_EDGE('',*,*,#9152,.F.);
#9152 = EDGE_CURVE('',#9153,#8970,#9155,.T.);
#9153 = VERTEX_POINT('',#9154);
#9154 = CARTESIAN_POINT('',(1.39,-13.85,8.38));
#9155 = LINE('',#9156,#9157);
#9156 = CARTESIAN_POINT('',(1.416666666667,-13.82333333333,
    8.353333333333));
#9157 = VECTOR('',#9158,1.);
#9158 = DIRECTION('',(0.57735026919,0.57735026919,-0.57735026919));
#9159 = ORIENTED_EDGE('',*,*,#9160,.F.);
#9160 = EDGE_CURVE('',#9001,#9153,#9161,.T.);
#9161 = LINE('',#9162,#9163);
#9162 = CARTESIAN_POINT('',(1.39,-14.29,8.38));
#9163 = VECTOR('',#9164,1.);
#9164 = DIRECTION('',(0.,1.,0.));
#9165 = PLANE('',#9166);
#9166 = AXIS2_PLACEMENT_3D('',#9167,#9168,#9169);
#9167 = CARTESIAN_POINT('',(1.49,-14.29,8.28));
#9168 = DIRECTION('',(-0.707106781187,0.,-0.707106781187));
#9169 = DIRECTION('',(-0.,-1.,-0.));
#9170 = ADVANCED_FACE('',(#9171),#9189,.F.);
#9171 = FACE_BOUND('',#9172,.T.);
#9172 = EDGE_LOOP('',(#9173,#9181,#9182,#9183));
#9173 = ORIENTED_EDGE('',*,*,#9174,.T.);
#9174 = EDGE_CURVE('',#9175,#9024,#9177,.T.);
#9175 = VERTEX_POINT('',#9176);
#9176 = CARTESIAN_POINT('',(1.15,-13.85,8.38));
#9177 = LINE('',#9178,#9179);
#9178 = CARTESIAN_POINT('',(1.123333333333,-13.82333333333,
    8.353333333333));
#9179 = VECTOR('',#9180,1.);
#9180 = DIRECTION('',(-0.57735026919,0.57735026919,-0.57735026919));
#9181 = ORIENTED_EDGE('',*,*,#9031,.T.);
#9182 = ORIENTED_EDGE('',*,*,#8991,.T.);
#9183 = ORIENTED_EDGE('',*,*,#9184,.F.);
#9184 = EDGE_CURVE('',#9175,#8992,#9185,.T.);
#9185 = LINE('',#9186,#9187);
#9186 = CARTESIAN_POINT('',(1.15,-13.65,8.38));
#9187 = VECTOR('',#9188,1.);
#9188 = DIRECTION('',(0.,-1.,0.));
#9189 = PLANE('',#9190);
#9190 = AXIS2_PLACEMENT_3D('',#9191,#9192,#9193);
#9191 = CARTESIAN_POINT('',(1.05,-13.65,8.28));
#9192 = DIRECTION('',(0.707106781187,0.,-0.707106781187));
#9193 = DIRECTION('',(0.,1.,0.));
#9194 = ADVANCED_FACE('',(#9195),#9206,.T.);
#9195 = FACE_BOUND('',#9196,.T.);
#9196 = EDGE_LOOP('',(#9197,#9198,#9199,#9200));
#9197 = ORIENTED_EDGE('',*,*,#9184,.T.);
#9198 = ORIENTED_EDGE('',*,*,#9008,.T.);
#9199 = ORIENTED_EDGE('',*,*,#9160,.T.);
#9200 = ORIENTED_EDGE('',*,*,#9201,.T.);
#9201 = EDGE_CURVE('',#9153,#9175,#9202,.T.);
#9202 = LINE('',#9203,#9204);
#9203 = CARTESIAN_POINT('',(1.59,-13.85,8.38));
#9204 = VECTOR('',#9205,1.);
#9205 = DIRECTION('',(-1.,0.,0.));
#9206 = PLANE('',#9207);
#9207 = AXIS2_PLACEMENT_3D('',#9208,#9209,#9210);
#9208 = CARTESIAN_POINT('',(1.27,-13.97,8.38));
#9209 = DIRECTION('',(0.,0.,1.));
#9210 = DIRECTION('',(1.,0.,0.));
#9211 = ADVANCED_FACE('',(#9212),#9218,.F.);
#9212 = FACE_BOUND('',#9213,.T.);
#9213 = EDGE_LOOP('',(#9214,#9215,#9216,#9217));
#9214 = ORIENTED_EDGE('',*,*,#9070,.F.);
#9215 = ORIENTED_EDGE('',*,*,#9119,.T.);
#9216 = ORIENTED_EDGE('',*,*,#9092,.F.);
#9217 = ORIENTED_EDGE('',*,*,#9053,.F.);
#9218 = PLANE('',#9219);
#9219 = AXIS2_PLACEMENT_3D('',#9220,#9221,#9222);
#9220 = CARTESIAN_POINT('',(1.59,-13.75,-2.44));
#9221 = DIRECTION('',(0.,-0.707106781187,0.707106781187));
#9222 = DIRECTION('',(1.,0.,0.));
#9223 = ADVANCED_FACE('',(#9224),#9230,.F.);
#9224 = FACE_BOUND('',#9225,.F.);
#9225 = EDGE_LOOP('',(#9226,#9227,#9228,#9229));
#9226 = ORIENTED_EDGE('',*,*,#9152,.F.);
#9227 = ORIENTED_EDGE('',*,*,#9201,.T.);
#9228 = ORIENTED_EDGE('',*,*,#9174,.T.);
#9229 = ORIENTED_EDGE('',*,*,#9135,.F.);
#9230 = PLANE('',#9231);
#9231 = AXIS2_PLACEMENT_3D('',#9232,#9233,#9234);
#9232 = CARTESIAN_POINT('',(1.59,-13.75,8.28));
#9233 = DIRECTION('',(0.,-0.707106781187,-0.707106781187));
#9234 = DIRECTION('',(-1.,0.,0.));
#9235 = MANIFOLD_SOLID_BREP('',#9236);
#9236 = CLOSED_SHELL('',(#9237,#9277,#9308,#9339,#9370,#9401,#9425,#9456
    ,#9480,#9502,#9526,#9550,#9567,#9584,#9608,#9632,#9649,#9661));
#9237 = ADVANCED_FACE('',(#9238),#9272,.T.);
#9238 = FACE_BOUND('',#9239,.T.);
#9239 = EDGE_LOOP('',(#9240,#9250,#9258,#9266));
#9240 = ORIENTED_EDGE('',*,*,#9241,.F.);
#9241 = EDGE_CURVE('',#9242,#9244,#9246,.T.);
#9242 = VERTEX_POINT('',#9243);
#9243 = CARTESIAN_POINT('',(0.95,-11.75,-1.127986593019E-15));
#9244 = VERTEX_POINT('',#9245);
#9245 = CARTESIAN_POINT('',(1.59,-11.75,-1.127986593019E-15));
#9246 = LINE('',#9247,#9248);
#9247 = CARTESIAN_POINT('',(0.95,-11.75,-1.127986593019E-15));
#9248 = VECTOR('',#9249,1.);
#9249 = DIRECTION('',(1.,0.,0.));
#9250 = ORIENTED_EDGE('',*,*,#9251,.T.);
#9251 = EDGE_CURVE('',#9242,#9252,#9254,.T.);
#9252 = VERTEX_POINT('',#9253);
#9253 = CARTESIAN_POINT('',(0.95,-11.75,-2.34));
#9254 = LINE('',#9255,#9256);
#9255 = CARTESIAN_POINT('',(0.95,-11.75,-1.127986593019E-15));
#9256 = VECTOR('',#9257,1.);
#9257 = DIRECTION('',(-0.,-0.,-1.));
#9258 = ORIENTED_EDGE('',*,*,#9259,.T.);
#9259 = EDGE_CURVE('',#9252,#9260,#9262,.T.);
#9260 = VERTEX_POINT('',#9261);
#9261 = CARTESIAN_POINT('',(1.59,-11.75,-2.34));
#9262 = LINE('',#9263,#9264);
#9263 = CARTESIAN_POINT('',(0.95,-11.75,-2.34));
#9264 = VECTOR('',#9265,1.);
#9265 = DIRECTION('',(1.,0.,0.));
#9266 = ORIENTED_EDGE('',*,*,#9267,.F.);
#9267 = EDGE_CURVE('',#9244,#9260,#9268,.T.);
#9268 = LINE('',#9269,#9270);
#9269 = CARTESIAN_POINT('',(1.59,-11.75,-1.127986593019E-15));
#9270 = VECTOR('',#9271,1.);
#9271 = DIRECTION('',(-0.,-0.,-1.));
#9272 = PLANE('',#9273);
#9273 = AXIS2_PLACEMENT_3D('',#9274,#9275,#9276);
#9274 = CARTESIAN_POINT('',(0.95,-11.75,-1.127986593019E-15));
#9275 = DIRECTION('',(0.,-1.,0.));
#9276 = DIRECTION('',(1.,0.,0.));
#9277 = ADVANCED_FACE('',(#9278),#9303,.F.);
#9278 = FACE_BOUND('',#9279,.F.);
#9279 = EDGE_LOOP('',(#9280,#9281,#9289,#9297));
#9280 = ORIENTED_EDGE('',*,*,#9241,.F.);
#9281 = ORIENTED_EDGE('',*,*,#9282,.T.);
#9282 = EDGE_CURVE('',#9242,#9283,#9285,.T.);
#9283 = VERTEX_POINT('',#9284);
#9284 = CARTESIAN_POINT('',(0.95,-11.75,8.18));
#9285 = LINE('',#9286,#9287);
#9286 = CARTESIAN_POINT('',(0.95,-11.75,-1.127986593019E-15));
#9287 = VECTOR('',#9288,1.);
#9288 = DIRECTION('',(0.,0.,1.));
#9289 = ORIENTED_EDGE('',*,*,#9290,.T.);
#9290 = EDGE_CURVE('',#9283,#9291,#9293,.T.);
#9291 = VERTEX_POINT('',#9292);
#9292 = CARTESIAN_POINT('',(1.59,-11.75,8.18));
#9293 = LINE('',#9294,#9295);
#9294 = CARTESIAN_POINT('',(0.95,-11.75,8.18));
#9295 = VECTOR('',#9296,1.);
#9296 = DIRECTION('',(1.,0.,0.));
#9297 = ORIENTED_EDGE('',*,*,#9298,.F.);
#9298 = EDGE_CURVE('',#9244,#9291,#9299,.T.);
#9299 = LINE('',#9300,#9301);
#9300 = CARTESIAN_POINT('',(1.59,-11.75,-1.127986593019E-15));
#9301 = VECTOR('',#9302,1.);
#9302 = DIRECTION('',(0.,0.,1.));
#9303 = PLANE('',#9304);
#9304 = AXIS2_PLACEMENT_3D('',#9305,#9306,#9307);
#9305 = CARTESIAN_POINT('',(0.95,-11.75,-1.127986593019E-15));
#9306 = DIRECTION('',(0.,1.,0.));
#9307 = DIRECTION('',(1.,0.,0.));
#9308 = ADVANCED_FACE('',(#9309),#9334,.T.);
#9309 = FACE_BOUND('',#9310,.T.);
#9310 = EDGE_LOOP('',(#9311,#9319,#9320,#9328));
#9311 = ORIENTED_EDGE('',*,*,#9312,.F.);
#9312 = EDGE_CURVE('',#9244,#9313,#9315,.T.);
#9313 = VERTEX_POINT('',#9314);
#9314 = CARTESIAN_POINT('',(1.59,-11.11,-1.127986593019E-15));
#9315 = LINE('',#9316,#9317);
#9316 = CARTESIAN_POINT('',(1.59,-11.75,-1.127986593019E-15));
#9317 = VECTOR('',#9318,1.);
#9318 = DIRECTION('',(0.,1.,0.));
#9319 = ORIENTED_EDGE('',*,*,#9267,.T.);
#9320 = ORIENTED_EDGE('',*,*,#9321,.T.);
#9321 = EDGE_CURVE('',#9260,#9322,#9324,.T.);
#9322 = VERTEX_POINT('',#9323);
#9323 = CARTESIAN_POINT('',(1.59,-11.11,-2.34));
#9324 = LINE('',#9325,#9326);
#9325 = CARTESIAN_POINT('',(1.59,-11.75,-2.34));
#9326 = VECTOR('',#9327,1.);
#9327 = DIRECTION('',(0.,1.,0.));
#9328 = ORIENTED_EDGE('',*,*,#9329,.F.);
#9329 = EDGE_CURVE('',#9313,#9322,#9330,.T.);
#9330 = LINE('',#9331,#9332);
#9331 = CARTESIAN_POINT('',(1.59,-11.11,-1.127986593019E-15));
#9332 = VECTOR('',#9333,1.);
#9333 = DIRECTION('',(-0.,-0.,-1.));
#9334 = PLANE('',#9335);
#9335 = AXIS2_PLACEMENT_3D('',#9336,#9337,#9338);
#9336 = CARTESIAN_POINT('',(1.59,-11.75,-1.127986593019E-15));
#9337 = DIRECTION('',(1.,0.,0.));
#9338 = DIRECTION('',(0.,1.,0.));
#9339 = ADVANCED_FACE('',(#9340),#9365,.F.);
#9340 = FACE_BOUND('',#9341,.F.);
#9341 = EDGE_LOOP('',(#9342,#9350,#9351,#9359));
#9342 = ORIENTED_EDGE('',*,*,#9343,.F.);
#9343 = EDGE_CURVE('',#9252,#9344,#9346,.T.);
#9344 = VERTEX_POINT('',#9345);
#9345 = CARTESIAN_POINT('',(1.15,-11.55,-2.54));
#9346 = LINE('',#9347,#9348);
#9347 = CARTESIAN_POINT('',(1.123333333333,-11.57666666666,
    -2.513333333333));
#9348 = VECTOR('',#9349,1.);
#9349 = DIRECTION('',(0.57735026919,0.57735026919,-0.57735026919));
#9350 = ORIENTED_EDGE('',*,*,#9259,.T.);
#9351 = ORIENTED_EDGE('',*,*,#9352,.T.);
#9352 = EDGE_CURVE('',#9260,#9353,#9355,.T.);
#9353 = VERTEX_POINT('',#9354);
#9354 = CARTESIAN_POINT('',(1.39,-11.55,-2.54));
#9355 = LINE('',#9356,#9357);
#9356 = CARTESIAN_POINT('',(1.416666666667,-11.57666666666,
    -2.513333333333));
#9357 = VECTOR('',#9358,1.);
#9358 = DIRECTION('',(-0.57735026919,0.57735026919,-0.57735026919));
#9359 = ORIENTED_EDGE('',*,*,#9360,.F.);
#9360 = EDGE_CURVE('',#9344,#9353,#9361,.T.);
#9361 = LINE('',#9362,#9363);
#9362 = CARTESIAN_POINT('',(0.95,-11.55,-2.54));
#9363 = VECTOR('',#9364,1.);
#9364 = DIRECTION('',(1.,0.,0.));
#9365 = PLANE('',#9366);
#9366 = AXIS2_PLACEMENT_3D('',#9367,#9368,#9369);
#9367 = CARTESIAN_POINT('',(0.95,-11.65,-2.44));
#9368 = DIRECTION('',(0.,0.707106781187,0.707106781187));
#9369 = DIRECTION('',(1.,0.,0.));
#9370 = ADVANCED_FACE('',(#9371),#9396,.T.);
#9371 = FACE_BOUND('',#9372,.T.);
#9372 = EDGE_LOOP('',(#9373,#9381,#9389,#9395));
#9373 = ORIENTED_EDGE('',*,*,#9374,.F.);
#9374 = EDGE_CURVE('',#9375,#9242,#9377,.T.);
#9375 = VERTEX_POINT('',#9376);
#9376 = CARTESIAN_POINT('',(0.95,-11.11,-1.127986593019E-15));
#9377 = LINE('',#9378,#9379);
#9378 = CARTESIAN_POINT('',(0.95,-11.11,-1.127986593019E-15));
#9379 = VECTOR('',#9380,1.);
#9380 = DIRECTION('',(0.,-1.,0.));
#9381 = ORIENTED_EDGE('',*,*,#9382,.T.);
#9382 = EDGE_CURVE('',#9375,#9383,#9385,.T.);
#9383 = VERTEX_POINT('',#9384);
#9384 = CARTESIAN_POINT('',(0.95,-11.11,-2.34));
#9385 = LINE('',#9386,#9387);
#9386 = CARTESIAN_POINT('',(0.95,-11.11,-1.127986593019E-15));
#9387 = VECTOR('',#9388,1.);
#9388 = DIRECTION('',(-0.,-0.,-1.));
#9389 = ORIENTED_EDGE('',*,*,#9390,.T.);
#9390 = EDGE_CURVE('',#9383,#9252,#9391,.T.);
#9391 = LINE('',#9392,#9393);
#9392 = CARTESIAN_POINT('',(0.95,-11.11,-2.34));
#9393 = VECTOR('',#9394,1.);
#9394 = DIRECTION('',(0.,-1.,0.));
#9395 = ORIENTED_EDGE('',*,*,#9251,.F.);
#9396 = PLANE('',#9397);
#9397 = AXIS2_PLACEMENT_3D('',#9398,#9399,#9400);
#9398 = CARTESIAN_POINT('',(0.95,-11.11,-1.127986593019E-15));
#9399 = DIRECTION('',(-1.,0.,0.));
#9400 = DIRECTION('',(0.,-1.,0.));
#9401 = ADVANCED_FACE('',(#9402),#9420,.F.);
#9402 = FACE_BOUND('',#9403,.F.);
#9403 = EDGE_LOOP('',(#9404,#9405,#9406,#9414));
#9404 = ORIENTED_EDGE('',*,*,#9312,.F.);
#9405 = ORIENTED_EDGE('',*,*,#9298,.T.);
#9406 = ORIENTED_EDGE('',*,*,#9407,.T.);
#9407 = EDGE_CURVE('',#9291,#9408,#9410,.T.);
#9408 = VERTEX_POINT('',#9409);
#9409 = CARTESIAN_POINT('',(1.59,-11.11,8.18));
#9410 = LINE('',#9411,#9412);
#9411 = CARTESIAN_POINT('',(1.59,-11.75,8.18));
#9412 = VECTOR('',#9413,1.);
#9413 = DIRECTION('',(0.,1.,0.));
#9414 = ORIENTED_EDGE('',*,*,#9415,.F.);
#9415 = EDGE_CURVE('',#9313,#9408,#9416,.T.);
#9416 = LINE('',#9417,#9418);
#9417 = CARTESIAN_POINT('',(1.59,-11.11,-1.127986593019E-15));
#9418 = VECTOR('',#9419,1.);
#9419 = DIRECTION('',(0.,0.,1.));
#9420 = PLANE('',#9421);
#9421 = AXIS2_PLACEMENT_3D('',#9422,#9423,#9424);
#9422 = CARTESIAN_POINT('',(1.59,-11.75,-1.127986593019E-15));
#9423 = DIRECTION('',(-1.,0.,0.));
#9424 = DIRECTION('',(0.,1.,0.));
#9425 = ADVANCED_FACE('',(#9426),#9451,.F.);
#9426 = FACE_BOUND('',#9427,.T.);
#9427 = EDGE_LOOP('',(#9428,#9436,#9437,#9445));
#9428 = ORIENTED_EDGE('',*,*,#9429,.F.);
#9429 = EDGE_CURVE('',#9283,#9430,#9432,.T.);
#9430 = VERTEX_POINT('',#9431);
#9431 = CARTESIAN_POINT('',(1.15,-11.55,8.38));
#9432 = LINE('',#9433,#9434);
#9433 = CARTESIAN_POINT('',(1.123333333333,-11.57666666666,
    8.353333333333));
#9434 = VECTOR('',#9435,1.);
#9435 = DIRECTION('',(0.57735026919,0.57735026919,0.57735026919));
#9436 = ORIENTED_EDGE('',*,*,#9290,.T.);
#9437 = ORIENTED_EDGE('',*,*,#9438,.T.);
#9438 = EDGE_CURVE('',#9291,#9439,#9441,.T.);
#9439 = VERTEX_POINT('',#9440);
#9440 = CARTESIAN_POINT('',(1.39,-11.55,8.38));
#9441 = LINE('',#9442,#9443);
#9442 = CARTESIAN_POINT('',(1.416666666667,-11.57666666666,
    8.353333333333));
#9443 = VECTOR('',#9444,1.);
#9444 = DIRECTION('',(-0.57735026919,0.57735026919,0.57735026919));
#9445 = ORIENTED_EDGE('',*,*,#9446,.F.);
#9446 = EDGE_CURVE('',#9430,#9439,#9447,.T.);
#9447 = LINE('',#9448,#9449);
#9448 = CARTESIAN_POINT('',(0.95,-11.55,8.38));
#9449 = VECTOR('',#9450,1.);
#9450 = DIRECTION('',(1.,0.,0.));
#9451 = PLANE('',#9452);
#9452 = AXIS2_PLACEMENT_3D('',#9453,#9454,#9455);
#9453 = CARTESIAN_POINT('',(0.95,-11.65,8.28));
#9454 = DIRECTION('',(0.,0.707106781187,-0.707106781187));
#9455 = DIRECTION('',(-1.,-0.,-0.));
#9456 = ADVANCED_FACE('',(#9457),#9475,.F.);
#9457 = FACE_BOUND('',#9458,.F.);
#9458 = EDGE_LOOP('',(#9459,#9460,#9468,#9474));
#9459 = ORIENTED_EDGE('',*,*,#9374,.F.);
#9460 = ORIENTED_EDGE('',*,*,#9461,.T.);
#9461 = EDGE_CURVE('',#9375,#9462,#9464,.T.);
#9462 = VERTEX_POINT('',#9463);
#9463 = CARTESIAN_POINT('',(0.95,-11.11,8.18));
#9464 = LINE('',#9465,#9466);
#9465 = CARTESIAN_POINT('',(0.95,-11.11,-1.127986593019E-15));
#9466 = VECTOR('',#9467,1.);
#9467 = DIRECTION('',(0.,0.,1.));
#9468 = ORIENTED_EDGE('',*,*,#9469,.T.);
#9469 = EDGE_CURVE('',#9462,#9283,#9470,.T.);
#9470 = LINE('',#9471,#9472);
#9471 = CARTESIAN_POINT('',(0.95,-11.11,8.18));
#9472 = VECTOR('',#9473,1.);
#9473 = DIRECTION('',(0.,-1.,0.));
#9474 = ORIENTED_EDGE('',*,*,#9282,.F.);
#9475 = PLANE('',#9476);
#9476 = AXIS2_PLACEMENT_3D('',#9477,#9478,#9479);
#9477 = CARTESIAN_POINT('',(0.95,-11.11,-1.127986593019E-15));
#9478 = DIRECTION('',(1.,0.,0.));
#9479 = DIRECTION('',(0.,-1.,0.));
#9480 = ADVANCED_FACE('',(#9481),#9497,.T.);
#9481 = FACE_BOUND('',#9482,.T.);
#9482 = EDGE_LOOP('',(#9483,#9489,#9490,#9496));
#9483 = ORIENTED_EDGE('',*,*,#9484,.F.);
#9484 = EDGE_CURVE('',#9313,#9375,#9485,.T.);
#9485 = LINE('',#9486,#9487);
#9486 = CARTESIAN_POINT('',(1.59,-11.11,-1.127986593019E-15));
#9487 = VECTOR('',#9488,1.);
#9488 = DIRECTION('',(-1.,0.,0.));
#9489 = ORIENTED_EDGE('',*,*,#9329,.T.);
#9490 = ORIENTED_EDGE('',*,*,#9491,.T.);
#9491 = EDGE_CURVE('',#9322,#9383,#9492,.T.);
#9492 = LINE('',#9493,#9494);
#9493 = CARTESIAN_POINT('',(1.59,-11.11,-2.34));
#9494 = VECTOR('',#9495,1.);
#9495 = DIRECTION('',(-1.,0.,0.));
#9496 = ORIENTED_EDGE('',*,*,#9382,.F.);
#9497 = PLANE('',#9498);
#9498 = AXIS2_PLACEMENT_3D('',#9499,#9500,#9501);
#9499 = CARTESIAN_POINT('',(1.59,-11.11,-1.127986593019E-15));
#9500 = DIRECTION('',(0.,1.,0.));
#9501 = DIRECTION('',(-1.,0.,0.));
#9502 = ADVANCED_FACE('',(#9503),#9521,.F.);
#9503 = FACE_BOUND('',#9504,.F.);
#9504 = EDGE_LOOP('',(#9505,#9506,#9507,#9515));
#9505 = ORIENTED_EDGE('',*,*,#9352,.F.);
#9506 = ORIENTED_EDGE('',*,*,#9321,.T.);
#9507 = ORIENTED_EDGE('',*,*,#9508,.F.);
#9508 = EDGE_CURVE('',#9509,#9322,#9511,.T.);
#9509 = VERTEX_POINT('',#9510);
#9510 = CARTESIAN_POINT('',(1.39,-11.31,-2.54));
#9511 = LINE('',#9512,#9513);
#9512 = CARTESIAN_POINT('',(1.416666666667,-11.28333333333,
    -2.513333333333));
#9513 = VECTOR('',#9514,1.);
#9514 = DIRECTION('',(0.57735026919,0.57735026919,0.57735026919));
#9515 = ORIENTED_EDGE('',*,*,#9516,.F.);
#9516 = EDGE_CURVE('',#9353,#9509,#9517,.T.);
#9517 = LINE('',#9518,#9519);
#9518 = CARTESIAN_POINT('',(1.39,-11.75,-2.54));
#9519 = VECTOR('',#9520,1.);
#9520 = DIRECTION('',(0.,1.,0.));
#9521 = PLANE('',#9522);
#9522 = AXIS2_PLACEMENT_3D('',#9523,#9524,#9525);
#9523 = CARTESIAN_POINT('',(1.49,-11.75,-2.44));
#9524 = DIRECTION('',(-0.707106781187,0.,0.707106781187));
#9525 = DIRECTION('',(0.,1.,0.));
#9526 = ADVANCED_FACE('',(#9527),#9545,.F.);
#9527 = FACE_BOUND('',#9528,.F.);
#9528 = EDGE_LOOP('',(#9529,#9537,#9538,#9539));
#9529 = ORIENTED_EDGE('',*,*,#9530,.F.);
#9530 = EDGE_CURVE('',#9383,#9531,#9533,.T.);
#9531 = VERTEX_POINT('',#9532);
#9532 = CARTESIAN_POINT('',(1.15,-11.31,-2.54));
#9533 = LINE('',#9534,#9535);
#9534 = CARTESIAN_POINT('',(1.123333333333,-11.28333333333,
    -2.513333333333));
#9535 = VECTOR('',#9536,1.);
#9536 = DIRECTION('',(0.57735026919,-0.57735026919,-0.57735026919));
#9537 = ORIENTED_EDGE('',*,*,#9390,.T.);
#9538 = ORIENTED_EDGE('',*,*,#9343,.T.);
#9539 = ORIENTED_EDGE('',*,*,#9540,.F.);
#9540 = EDGE_CURVE('',#9531,#9344,#9541,.T.);
#9541 = LINE('',#9542,#9543);
#9542 = CARTESIAN_POINT('',(1.15,-11.11,-2.54));
#9543 = VECTOR('',#9544,1.);
#9544 = DIRECTION('',(0.,-1.,0.));
#9545 = PLANE('',#9546);
#9546 = AXIS2_PLACEMENT_3D('',#9547,#9548,#9549);
#9547 = CARTESIAN_POINT('',(1.05,-11.11,-2.44));
#9548 = DIRECTION('',(0.707106781187,0.,0.707106781187));
#9549 = DIRECTION('',(0.,-1.,0.));
#9550 = ADVANCED_FACE('',(#9551),#9562,.F.);
#9551 = FACE_BOUND('',#9552,.F.);
#9552 = EDGE_LOOP('',(#9553,#9554,#9555,#9556));
#9553 = ORIENTED_EDGE('',*,*,#9540,.T.);
#9554 = ORIENTED_EDGE('',*,*,#9360,.T.);
#9555 = ORIENTED_EDGE('',*,*,#9516,.T.);
#9556 = ORIENTED_EDGE('',*,*,#9557,.T.);
#9557 = EDGE_CURVE('',#9509,#9531,#9558,.T.);
#9558 = LINE('',#9559,#9560);
#9559 = CARTESIAN_POINT('',(1.59,-11.31,-2.54));
#9560 = VECTOR('',#9561,1.);
#9561 = DIRECTION('',(-1.,0.,0.));
#9562 = PLANE('',#9563);
#9563 = AXIS2_PLACEMENT_3D('',#9564,#9565,#9566);
#9564 = CARTESIAN_POINT('',(1.27,-11.43,-2.54));
#9565 = DIRECTION('',(0.,0.,1.));
#9566 = DIRECTION('',(1.,0.,0.));
#9567 = ADVANCED_FACE('',(#9568),#9579,.F.);
#9568 = FACE_BOUND('',#9569,.F.);
#9569 = EDGE_LOOP('',(#9570,#9571,#9572,#9578));
#9570 = ORIENTED_EDGE('',*,*,#9484,.F.);
#9571 = ORIENTED_EDGE('',*,*,#9415,.T.);
#9572 = ORIENTED_EDGE('',*,*,#9573,.T.);
#9573 = EDGE_CURVE('',#9408,#9462,#9574,.T.);
#9574 = LINE('',#9575,#9576);
#9575 = CARTESIAN_POINT('',(1.59,-11.11,8.18));
#9576 = VECTOR('',#9577,1.);
#9577 = DIRECTION('',(-1.,0.,0.));
#9578 = ORIENTED_EDGE('',*,*,#9461,.F.);
#9579 = PLANE('',#9580);
#9580 = AXIS2_PLACEMENT_3D('',#9581,#9582,#9583);
#9581 = CARTESIAN_POINT('',(1.59,-11.11,-1.127986593019E-15));
#9582 = DIRECTION('',(0.,-1.,0.));
#9583 = DIRECTION('',(-1.,0.,0.));
#9584 = ADVANCED_FACE('',(#9585),#9603,.F.);
#9585 = FACE_BOUND('',#9586,.T.);
#9586 = EDGE_LOOP('',(#9587,#9588,#9589,#9597));
#9587 = ORIENTED_EDGE('',*,*,#9438,.F.);
#9588 = ORIENTED_EDGE('',*,*,#9407,.T.);
#9589 = ORIENTED_EDGE('',*,*,#9590,.F.);
#9590 = EDGE_CURVE('',#9591,#9408,#9593,.T.);
#9591 = VERTEX_POINT('',#9592);
#9592 = CARTESIAN_POINT('',(1.39,-11.31,8.38));
#9593 = LINE('',#9594,#9595);
#9594 = CARTESIAN_POINT('',(1.416666666667,-11.28333333333,
    8.353333333333));
#9595 = VECTOR('',#9596,1.);
#9596 = DIRECTION('',(0.57735026919,0.57735026919,-0.57735026919));
#9597 = ORIENTED_EDGE('',*,*,#9598,.F.);
#9598 = EDGE_CURVE('',#9439,#9591,#9599,.T.);
#9599 = LINE('',#9600,#9601);
#9600 = CARTESIAN_POINT('',(1.39,-11.75,8.38));
#9601 = VECTOR('',#9602,1.);
#9602 = DIRECTION('',(0.,1.,0.));
#9603 = PLANE('',#9604);
#9604 = AXIS2_PLACEMENT_3D('',#9605,#9606,#9607);
#9605 = CARTESIAN_POINT('',(1.49,-11.75,8.28));
#9606 = DIRECTION('',(-0.707106781187,0.,-0.707106781187));
#9607 = DIRECTION('',(-0.,-1.,-0.));
#9608 = ADVANCED_FACE('',(#9609),#9627,.F.);
#9609 = FACE_BOUND('',#9610,.T.);
#9610 = EDGE_LOOP('',(#9611,#9619,#9620,#9621));
#9611 = ORIENTED_EDGE('',*,*,#9612,.T.);
#9612 = EDGE_CURVE('',#9613,#9462,#9615,.T.);
#9613 = VERTEX_POINT('',#9614);
#9614 = CARTESIAN_POINT('',(1.15,-11.31,8.38));
#9615 = LINE('',#9616,#9617);
#9616 = CARTESIAN_POINT('',(1.123333333333,-11.28333333333,
    8.353333333333));
#9617 = VECTOR('',#9618,1.);
#9618 = DIRECTION('',(-0.57735026919,0.57735026919,-0.57735026919));
#9619 = ORIENTED_EDGE('',*,*,#9469,.T.);
#9620 = ORIENTED_EDGE('',*,*,#9429,.T.);
#9621 = ORIENTED_EDGE('',*,*,#9622,.F.);
#9622 = EDGE_CURVE('',#9613,#9430,#9623,.T.);
#9623 = LINE('',#9624,#9625);
#9624 = CARTESIAN_POINT('',(1.15,-11.11,8.38));
#9625 = VECTOR('',#9626,1.);
#9626 = DIRECTION('',(0.,-1.,0.));
#9627 = PLANE('',#9628);
#9628 = AXIS2_PLACEMENT_3D('',#9629,#9630,#9631);
#9629 = CARTESIAN_POINT('',(1.05,-11.11,8.28));
#9630 = DIRECTION('',(0.707106781187,0.,-0.707106781187));
#9631 = DIRECTION('',(0.,1.,0.));
#9632 = ADVANCED_FACE('',(#9633),#9644,.T.);
#9633 = FACE_BOUND('',#9634,.T.);
#9634 = EDGE_LOOP('',(#9635,#9636,#9637,#9638));
#9635 = ORIENTED_EDGE('',*,*,#9622,.T.);
#9636 = ORIENTED_EDGE('',*,*,#9446,.T.);
#9637 = ORIENTED_EDGE('',*,*,#9598,.T.);
#9638 = ORIENTED_EDGE('',*,*,#9639,.T.);
#9639 = EDGE_CURVE('',#9591,#9613,#9640,.T.);
#9640 = LINE('',#9641,#9642);
#9641 = CARTESIAN_POINT('',(1.59,-11.31,8.38));
#9642 = VECTOR('',#9643,1.);
#9643 = DIRECTION('',(-1.,0.,0.));
#9644 = PLANE('',#9645);
#9645 = AXIS2_PLACEMENT_3D('',#9646,#9647,#9648);
#9646 = CARTESIAN_POINT('',(1.27,-11.43,8.38));
#9647 = DIRECTION('',(0.,0.,1.));
#9648 = DIRECTION('',(1.,0.,0.));
#9649 = ADVANCED_FACE('',(#9650),#9656,.F.);
#9650 = FACE_BOUND('',#9651,.T.);
#9651 = EDGE_LOOP('',(#9652,#9653,#9654,#9655));
#9652 = ORIENTED_EDGE('',*,*,#9508,.F.);
#9653 = ORIENTED_EDGE('',*,*,#9557,.T.);
#9654 = ORIENTED_EDGE('',*,*,#9530,.F.);
#9655 = ORIENTED_EDGE('',*,*,#9491,.F.);
#9656 = PLANE('',#9657);
#9657 = AXIS2_PLACEMENT_3D('',#9658,#9659,#9660);
#9658 = CARTESIAN_POINT('',(1.59,-11.21,-2.44));
#9659 = DIRECTION('',(0.,-0.707106781187,0.707106781187));
#9660 = DIRECTION('',(1.,0.,0.));
#9661 = ADVANCED_FACE('',(#9662),#9668,.F.);
#9662 = FACE_BOUND('',#9663,.F.);
#9663 = EDGE_LOOP('',(#9664,#9665,#9666,#9667));
#9664 = ORIENTED_EDGE('',*,*,#9590,.F.);
#9665 = ORIENTED_EDGE('',*,*,#9639,.T.);
#9666 = ORIENTED_EDGE('',*,*,#9612,.T.);
#9667 = ORIENTED_EDGE('',*,*,#9573,.F.);
#9668 = PLANE('',#9669);
#9669 = AXIS2_PLACEMENT_3D('',#9670,#9671,#9672);
#9670 = CARTESIAN_POINT('',(1.59,-11.21,8.28));
#9671 = DIRECTION('',(0.,-0.707106781187,-0.707106781187));
#9672 = DIRECTION('',(-1.,0.,0.));
#9673 = MANIFOLD_SOLID_BREP('',#9674);
#9674 = CLOSED_SHELL('',(#9675,#9715,#9746,#9777,#9808,#9839,#9863,#9894
    ,#9918,#9940,#9964,#9988,#10005,#10022,#10046,#10070,#10087,#10099)
  );
#9675 = ADVANCED_FACE('',(#9676),#9710,.T.);
#9676 = FACE_BOUND('',#9677,.T.);
#9677 = EDGE_LOOP('',(#9678,#9688,#9696,#9704));
#9678 = ORIENTED_EDGE('',*,*,#9679,.F.);
#9679 = EDGE_CURVE('',#9680,#9682,#9684,.T.);
#9680 = VERTEX_POINT('',#9681);
#9681 = CARTESIAN_POINT('',(0.95,-9.21,-1.409983241274E-15));
#9682 = VERTEX_POINT('',#9683);
#9683 = CARTESIAN_POINT('',(1.59,-9.21,-1.409983241274E-15));
#9684 = LINE('',#9685,#9686);
#9685 = CARTESIAN_POINT('',(0.95,-9.21,-1.409983241274E-15));
#9686 = VECTOR('',#9687,1.);
#9687 = DIRECTION('',(1.,0.,0.));
#9688 = ORIENTED_EDGE('',*,*,#9689,.T.);
#9689 = EDGE_CURVE('',#9680,#9690,#9692,.T.);
#9690 = VERTEX_POINT('',#9691);
#9691 = CARTESIAN_POINT('',(0.95,-9.21,-2.34));
#9692 = LINE('',#9693,#9694);
#9693 = CARTESIAN_POINT('',(0.95,-9.21,-1.409983241274E-15));
#9694 = VECTOR('',#9695,1.);
#9695 = DIRECTION('',(-0.,-0.,-1.));
#9696 = ORIENTED_EDGE('',*,*,#9697,.T.);
#9697 = EDGE_CURVE('',#9690,#9698,#9700,.T.);
#9698 = VERTEX_POINT('',#9699);
#9699 = CARTESIAN_POINT('',(1.59,-9.21,-2.34));
#9700 = LINE('',#9701,#9702);
#9701 = CARTESIAN_POINT('',(0.95,-9.21,-2.34));
#9702 = VECTOR('',#9703,1.);
#9703 = DIRECTION('',(1.,0.,0.));
#9704 = ORIENTED_EDGE('',*,*,#9705,.F.);
#9705 = EDGE_CURVE('',#9682,#9698,#9706,.T.);
#9706 = LINE('',#9707,#9708);
#9707 = CARTESIAN_POINT('',(1.59,-9.21,-1.409983241274E-15));
#9708 = VECTOR('',#9709,1.);
#9709 = DIRECTION('',(-0.,-0.,-1.));
#9710 = PLANE('',#9711);
#9711 = AXIS2_PLACEMENT_3D('',#9712,#9713,#9714);
#9712 = CARTESIAN_POINT('',(0.95,-9.21,-1.409983241274E-15));
#9713 = DIRECTION('',(0.,-1.,0.));
#9714 = DIRECTION('',(1.,0.,0.));
#9715 = ADVANCED_FACE('',(#9716),#9741,.F.);
#9716 = FACE_BOUND('',#9717,.F.);
#9717 = EDGE_LOOP('',(#9718,#9719,#9727,#9735));
#9718 = ORIENTED_EDGE('',*,*,#9679,.F.);
#9719 = ORIENTED_EDGE('',*,*,#9720,.T.);
#9720 = EDGE_CURVE('',#9680,#9721,#9723,.T.);
#9721 = VERTEX_POINT('',#9722);
#9722 = CARTESIAN_POINT('',(0.95,-9.21,8.18));
#9723 = LINE('',#9724,#9725);
#9724 = CARTESIAN_POINT('',(0.95,-9.21,-1.409983241274E-15));
#9725 = VECTOR('',#9726,1.);
#9726 = DIRECTION('',(0.,0.,1.));
#9727 = ORIENTED_EDGE('',*,*,#9728,.T.);
#9728 = EDGE_CURVE('',#9721,#9729,#9731,.T.);
#9729 = VERTEX_POINT('',#9730);
#9730 = CARTESIAN_POINT('',(1.59,-9.21,8.18));
#9731 = LINE('',#9732,#9733);
#9732 = CARTESIAN_POINT('',(0.95,-9.21,8.18));
#9733 = VECTOR('',#9734,1.);
#9734 = DIRECTION('',(1.,0.,0.));
#9735 = ORIENTED_EDGE('',*,*,#9736,.F.);
#9736 = EDGE_CURVE('',#9682,#9729,#9737,.T.);
#9737 = LINE('',#9738,#9739);
#9738 = CARTESIAN_POINT('',(1.59,-9.21,-1.409983241274E-15));
#9739 = VECTOR('',#9740,1.);
#9740 = DIRECTION('',(0.,0.,1.));
#9741 = PLANE('',#9742);
#9742 = AXIS2_PLACEMENT_3D('',#9743,#9744,#9745);
#9743 = CARTESIAN_POINT('',(0.95,-9.21,-1.409983241274E-15));
#9744 = DIRECTION('',(0.,1.,0.));
#9745 = DIRECTION('',(1.,0.,0.));
#9746 = ADVANCED_FACE('',(#9747),#9772,.T.);
#9747 = FACE_BOUND('',#9748,.T.);
#9748 = EDGE_LOOP('',(#9749,#9757,#9758,#9766));
#9749 = ORIENTED_EDGE('',*,*,#9750,.F.);
#9750 = EDGE_CURVE('',#9682,#9751,#9753,.T.);
#9751 = VERTEX_POINT('',#9752);
#9752 = CARTESIAN_POINT('',(1.59,-8.57,-1.409983241274E-15));
#9753 = LINE('',#9754,#9755);
#9754 = CARTESIAN_POINT('',(1.59,-9.21,-1.409983241274E-15));
#9755 = VECTOR('',#9756,1.);
#9756 = DIRECTION('',(0.,1.,0.));
#9757 = ORIENTED_EDGE('',*,*,#9705,.T.);
#9758 = ORIENTED_EDGE('',*,*,#9759,.T.);
#9759 = EDGE_CURVE('',#9698,#9760,#9762,.T.);
#9760 = VERTEX_POINT('',#9761);
#9761 = CARTESIAN_POINT('',(1.59,-8.57,-2.34));
#9762 = LINE('',#9763,#9764);
#9763 = CARTESIAN_POINT('',(1.59,-9.21,-2.34));
#9764 = VECTOR('',#9765,1.);
#9765 = DIRECTION('',(0.,1.,0.));
#9766 = ORIENTED_EDGE('',*,*,#9767,.F.);
#9767 = EDGE_CURVE('',#9751,#9760,#9768,.T.);
#9768 = LINE('',#9769,#9770);
#9769 = CARTESIAN_POINT('',(1.59,-8.57,-1.409983241274E-15));
#9770 = VECTOR('',#9771,1.);
#9771 = DIRECTION('',(-0.,-0.,-1.));
#9772 = PLANE('',#9773);
#9773 = AXIS2_PLACEMENT_3D('',#9774,#9775,#9776);
#9774 = CARTESIAN_POINT('',(1.59,-9.21,-1.409983241274E-15));
#9775 = DIRECTION('',(1.,0.,0.));
#9776 = DIRECTION('',(0.,1.,0.));
#9777 = ADVANCED_FACE('',(#9778),#9803,.F.);
#9778 = FACE_BOUND('',#9779,.F.);
#9779 = EDGE_LOOP('',(#9780,#9788,#9789,#9797));
#9780 = ORIENTED_EDGE('',*,*,#9781,.F.);
#9781 = EDGE_CURVE('',#9690,#9782,#9784,.T.);
#9782 = VERTEX_POINT('',#9783);
#9783 = CARTESIAN_POINT('',(1.15,-9.01,-2.54));
#9784 = LINE('',#9785,#9786);
#9785 = CARTESIAN_POINT('',(1.123333333333,-9.036666666667,
    -2.513333333333));
#9786 = VECTOR('',#9787,1.);
#9787 = DIRECTION('',(0.57735026919,0.57735026919,-0.57735026919));
#9788 = ORIENTED_EDGE('',*,*,#9697,.T.);
#9789 = ORIENTED_EDGE('',*,*,#9790,.T.);
#9790 = EDGE_CURVE('',#9698,#9791,#9793,.T.);
#9791 = VERTEX_POINT('',#9792);
#9792 = CARTESIAN_POINT('',(1.39,-9.01,-2.54));
#9793 = LINE('',#9794,#9795);
#9794 = CARTESIAN_POINT('',(1.416666666667,-9.036666666667,
    -2.513333333333));
#9795 = VECTOR('',#9796,1.);
#9796 = DIRECTION('',(-0.57735026919,0.57735026919,-0.57735026919));
#9797 = ORIENTED_EDGE('',*,*,#9798,.F.);
#9798 = EDGE_CURVE('',#9782,#9791,#9799,.T.);
#9799 = LINE('',#9800,#9801);
#9800 = CARTESIAN_POINT('',(0.95,-9.01,-2.54));
#9801 = VECTOR('',#9802,1.);
#9802 = DIRECTION('',(1.,0.,0.));
#9803 = PLANE('',#9804);
#9804 = AXIS2_PLACEMENT_3D('',#9805,#9806,#9807);
#9805 = CARTESIAN_POINT('',(0.95,-9.11,-2.44));
#9806 = DIRECTION('',(0.,0.707106781187,0.707106781187));
#9807 = DIRECTION('',(1.,0.,0.));
#9808 = ADVANCED_FACE('',(#9809),#9834,.T.);
#9809 = FACE_BOUND('',#9810,.T.);
#9810 = EDGE_LOOP('',(#9811,#9819,#9827,#9833));
#9811 = ORIENTED_EDGE('',*,*,#9812,.F.);
#9812 = EDGE_CURVE('',#9813,#9680,#9815,.T.);
#9813 = VERTEX_POINT('',#9814);
#9814 = CARTESIAN_POINT('',(0.95,-8.57,-1.409983241274E-15));
#9815 = LINE('',#9816,#9817);
#9816 = CARTESIAN_POINT('',(0.95,-8.57,-1.409983241274E-15));
#9817 = VECTOR('',#9818,1.);
#9818 = DIRECTION('',(0.,-1.,0.));
#9819 = ORIENTED_EDGE('',*,*,#9820,.T.);
#9820 = EDGE_CURVE('',#9813,#9821,#9823,.T.);
#9821 = VERTEX_POINT('',#9822);
#9822 = CARTESIAN_POINT('',(0.95,-8.57,-2.34));
#9823 = LINE('',#9824,#9825);
#9824 = CARTESIAN_POINT('',(0.95,-8.57,-1.409983241274E-15));
#9825 = VECTOR('',#9826,1.);
#9826 = DIRECTION('',(-0.,-0.,-1.));
#9827 = ORIENTED_EDGE('',*,*,#9828,.T.);
#9828 = EDGE_CURVE('',#9821,#9690,#9829,.T.);
#9829 = LINE('',#9830,#9831);
#9830 = CARTESIAN_POINT('',(0.95,-8.57,-2.34));
#9831 = VECTOR('',#9832,1.);
#9832 = DIRECTION('',(0.,-1.,0.));
#9833 = ORIENTED_EDGE('',*,*,#9689,.F.);
#9834 = PLANE('',#9835);
#9835 = AXIS2_PLACEMENT_3D('',#9836,#9837,#9838);
#9836 = CARTESIAN_POINT('',(0.95,-8.57,-1.409983241274E-15));
#9837 = DIRECTION('',(-1.,0.,0.));
#9838 = DIRECTION('',(0.,-1.,0.));
#9839 = ADVANCED_FACE('',(#9840),#9858,.F.);
#9840 = FACE_BOUND('',#9841,.F.);
#9841 = EDGE_LOOP('',(#9842,#9843,#9844,#9852));
#9842 = ORIENTED_EDGE('',*,*,#9750,.F.);
#9843 = ORIENTED_EDGE('',*,*,#9736,.T.);
#9844 = ORIENTED_EDGE('',*,*,#9845,.T.);
#9845 = EDGE_CURVE('',#9729,#9846,#9848,.T.);
#9846 = VERTEX_POINT('',#9847);
#9847 = CARTESIAN_POINT('',(1.59,-8.57,8.18));
#9848 = LINE('',#9849,#9850);
#9849 = CARTESIAN_POINT('',(1.59,-9.21,8.18));
#9850 = VECTOR('',#9851,1.);
#9851 = DIRECTION('',(0.,1.,0.));
#9852 = ORIENTED_EDGE('',*,*,#9853,.F.);
#9853 = EDGE_CURVE('',#9751,#9846,#9854,.T.);
#9854 = LINE('',#9855,#9856);
#9855 = CARTESIAN_POINT('',(1.59,-8.57,-1.409983241274E-15));
#9856 = VECTOR('',#9857,1.);
#9857 = DIRECTION('',(0.,0.,1.));
#9858 = PLANE('',#9859);
#9859 = AXIS2_PLACEMENT_3D('',#9860,#9861,#9862);
#9860 = CARTESIAN_POINT('',(1.59,-9.21,-1.409983241274E-15));
#9861 = DIRECTION('',(-1.,0.,0.));
#9862 = DIRECTION('',(0.,1.,0.));
#9863 = ADVANCED_FACE('',(#9864),#9889,.F.);
#9864 = FACE_BOUND('',#9865,.T.);
#9865 = EDGE_LOOP('',(#9866,#9874,#9875,#9883));
#9866 = ORIENTED_EDGE('',*,*,#9867,.F.);
#9867 = EDGE_CURVE('',#9721,#9868,#9870,.T.);
#9868 = VERTEX_POINT('',#9869);
#9869 = CARTESIAN_POINT('',(1.15,-9.01,8.38));
#9870 = LINE('',#9871,#9872);
#9871 = CARTESIAN_POINT('',(1.123333333333,-9.036666666667,
    8.353333333333));
#9872 = VECTOR('',#9873,1.);
#9873 = DIRECTION('',(0.57735026919,0.57735026919,0.57735026919));
#9874 = ORIENTED_EDGE('',*,*,#9728,.T.);
#9875 = ORIENTED_EDGE('',*,*,#9876,.T.);
#9876 = EDGE_CURVE('',#9729,#9877,#9879,.T.);
#9877 = VERTEX_POINT('',#9878);
#9878 = CARTESIAN_POINT('',(1.39,-9.01,8.38));
#9879 = LINE('',#9880,#9881);
#9880 = CARTESIAN_POINT('',(1.416666666667,-9.036666666667,
    8.353333333333));
#9881 = VECTOR('',#9882,1.);
#9882 = DIRECTION('',(-0.57735026919,0.57735026919,0.57735026919));
#9883 = ORIENTED_EDGE('',*,*,#9884,.F.);
#9884 = EDGE_CURVE('',#9868,#9877,#9885,.T.);
#9885 = LINE('',#9886,#9887);
#9886 = CARTESIAN_POINT('',(0.95,-9.01,8.38));
#9887 = VECTOR('',#9888,1.);
#9888 = DIRECTION('',(1.,0.,0.));
#9889 = PLANE('',#9890);
#9890 = AXIS2_PLACEMENT_3D('',#9891,#9892,#9893);
#9891 = CARTESIAN_POINT('',(0.95,-9.11,8.28));
#9892 = DIRECTION('',(0.,0.707106781187,-0.707106781187));
#9893 = DIRECTION('',(-1.,-0.,-0.));
#9894 = ADVANCED_FACE('',(#9895),#9913,.F.);
#9895 = FACE_BOUND('',#9896,.F.);
#9896 = EDGE_LOOP('',(#9897,#9898,#9906,#9912));
#9897 = ORIENTED_EDGE('',*,*,#9812,.F.);
#9898 = ORIENTED_EDGE('',*,*,#9899,.T.);
#9899 = EDGE_CURVE('',#9813,#9900,#9902,.T.);
#9900 = VERTEX_POINT('',#9901);
#9901 = CARTESIAN_POINT('',(0.95,-8.57,8.18));
#9902 = LINE('',#9903,#9904);
#9903 = CARTESIAN_POINT('',(0.95,-8.57,-1.409983241274E-15));
#9904 = VECTOR('',#9905,1.);
#9905 = DIRECTION('',(0.,0.,1.));
#9906 = ORIENTED_EDGE('',*,*,#9907,.T.);
#9907 = EDGE_CURVE('',#9900,#9721,#9908,.T.);
#9908 = LINE('',#9909,#9910);
#9909 = CARTESIAN_POINT('',(0.95,-8.57,8.18));
#9910 = VECTOR('',#9911,1.);
#9911 = DIRECTION('',(0.,-1.,0.));
#9912 = ORIENTED_EDGE('',*,*,#9720,.F.);
#9913 = PLANE('',#9914);
#9914 = AXIS2_PLACEMENT_3D('',#9915,#9916,#9917);
#9915 = CARTESIAN_POINT('',(0.95,-8.57,-1.409983241274E-15));
#9916 = DIRECTION('',(1.,0.,0.));
#9917 = DIRECTION('',(0.,-1.,0.));
#9918 = ADVANCED_FACE('',(#9919),#9935,.T.);
#9919 = FACE_BOUND('',#9920,.T.);
#9920 = EDGE_LOOP('',(#9921,#9927,#9928,#9934));
#9921 = ORIENTED_EDGE('',*,*,#9922,.F.);
#9922 = EDGE_CURVE('',#9751,#9813,#9923,.T.);
#9923 = LINE('',#9924,#9925);
#9924 = CARTESIAN_POINT('',(1.59,-8.57,-1.409983241274E-15));
#9925 = VECTOR('',#9926,1.);
#9926 = DIRECTION('',(-1.,0.,0.));
#9927 = ORIENTED_EDGE('',*,*,#9767,.T.);
#9928 = ORIENTED_EDGE('',*,*,#9929,.T.);
#9929 = EDGE_CURVE('',#9760,#9821,#9930,.T.);
#9930 = LINE('',#9931,#9932);
#9931 = CARTESIAN_POINT('',(1.59,-8.57,-2.34));
#9932 = VECTOR('',#9933,1.);
#9933 = DIRECTION('',(-1.,0.,0.));
#9934 = ORIENTED_EDGE('',*,*,#9820,.F.);
#9935 = PLANE('',#9936);
#9936 = AXIS2_PLACEMENT_3D('',#9937,#9938,#9939);
#9937 = CARTESIAN_POINT('',(1.59,-8.57,-1.409983241274E-15));
#9938 = DIRECTION('',(0.,1.,0.));
#9939 = DIRECTION('',(-1.,0.,0.));
#9940 = ADVANCED_FACE('',(#9941),#9959,.F.);
#9941 = FACE_BOUND('',#9942,.F.);
#9942 = EDGE_LOOP('',(#9943,#9944,#9945,#9953));
#9943 = ORIENTED_EDGE('',*,*,#9790,.F.);
#9944 = ORIENTED_EDGE('',*,*,#9759,.T.);
#9945 = ORIENTED_EDGE('',*,*,#9946,.F.);
#9946 = EDGE_CURVE('',#9947,#9760,#9949,.T.);
#9947 = VERTEX_POINT('',#9948);
#9948 = CARTESIAN_POINT('',(1.39,-8.77,-2.54));
#9949 = LINE('',#9950,#9951);
#9950 = CARTESIAN_POINT('',(1.416666666667,-8.743333333333,
    -2.513333333333));
#9951 = VECTOR('',#9952,1.);
#9952 = DIRECTION('',(0.57735026919,0.57735026919,0.57735026919));
#9953 = ORIENTED_EDGE('',*,*,#9954,.F.);
#9954 = EDGE_CURVE('',#9791,#9947,#9955,.T.);
#9955 = LINE('',#9956,#9957);
#9956 = CARTESIAN_POINT('',(1.39,-9.21,-2.54));
#9957 = VECTOR('',#9958,1.);
#9958 = DIRECTION('',(0.,1.,0.));
#9959 = PLANE('',#9960);
#9960 = AXIS2_PLACEMENT_3D('',#9961,#9962,#9963);
#9961 = CARTESIAN_POINT('',(1.49,-9.21,-2.44));
#9962 = DIRECTION('',(-0.707106781187,0.,0.707106781187));
#9963 = DIRECTION('',(0.,1.,0.));
#9964 = ADVANCED_FACE('',(#9965),#9983,.F.);
#9965 = FACE_BOUND('',#9966,.F.);
#9966 = EDGE_LOOP('',(#9967,#9975,#9976,#9977));
#9967 = ORIENTED_EDGE('',*,*,#9968,.F.);
#9968 = EDGE_CURVE('',#9821,#9969,#9971,.T.);
#9969 = VERTEX_POINT('',#9970);
#9970 = CARTESIAN_POINT('',(1.15,-8.77,-2.54));
#9971 = LINE('',#9972,#9973);
#9972 = CARTESIAN_POINT('',(1.123333333333,-8.743333333333,
    -2.513333333333));
#9973 = VECTOR('',#9974,1.);
#9974 = DIRECTION('',(0.57735026919,-0.57735026919,-0.57735026919));
#9975 = ORIENTED_EDGE('',*,*,#9828,.T.);
#9976 = ORIENTED_EDGE('',*,*,#9781,.T.);
#9977 = ORIENTED_EDGE('',*,*,#9978,.F.);
#9978 = EDGE_CURVE('',#9969,#9782,#9979,.T.);
#9979 = LINE('',#9980,#9981);
#9980 = CARTESIAN_POINT('',(1.15,-8.57,-2.54));
#9981 = VECTOR('',#9982,1.);
#9982 = DIRECTION('',(0.,-1.,0.));
#9983 = PLANE('',#9984);
#9984 = AXIS2_PLACEMENT_3D('',#9985,#9986,#9987);
#9985 = CARTESIAN_POINT('',(1.05,-8.57,-2.44));
#9986 = DIRECTION('',(0.707106781187,0.,0.707106781187));
#9987 = DIRECTION('',(0.,-1.,0.));
#9988 = ADVANCED_FACE('',(#9989),#10000,.F.);
#9989 = FACE_BOUND('',#9990,.F.);
#9990 = EDGE_LOOP('',(#9991,#9992,#9993,#9994));
#9991 = ORIENTED_EDGE('',*,*,#9978,.T.);
#9992 = ORIENTED_EDGE('',*,*,#9798,.T.);
#9993 = ORIENTED_EDGE('',*,*,#9954,.T.);
#9994 = ORIENTED_EDGE('',*,*,#9995,.T.);
#9995 = EDGE_CURVE('',#9947,#9969,#9996,.T.);
#9996 = LINE('',#9997,#9998);
#9997 = CARTESIAN_POINT('',(1.59,-8.77,-2.54));
#9998 = VECTOR('',#9999,1.);
#9999 = DIRECTION('',(-1.,0.,0.));
#10000 = PLANE('',#10001);
#10001 = AXIS2_PLACEMENT_3D('',#10002,#10003,#10004);
#10002 = CARTESIAN_POINT('',(1.27,-8.89,-2.54));
#10003 = DIRECTION('',(0.,0.,1.));
#10004 = DIRECTION('',(1.,0.,0.));
#10005 = ADVANCED_FACE('',(#10006),#10017,.F.);
#10006 = FACE_BOUND('',#10007,.F.);
#10007 = EDGE_LOOP('',(#10008,#10009,#10010,#10016));
#10008 = ORIENTED_EDGE('',*,*,#9922,.F.);
#10009 = ORIENTED_EDGE('',*,*,#9853,.T.);
#10010 = ORIENTED_EDGE('',*,*,#10011,.T.);
#10011 = EDGE_CURVE('',#9846,#9900,#10012,.T.);
#10012 = LINE('',#10013,#10014);
#10013 = CARTESIAN_POINT('',(1.59,-8.57,8.18));
#10014 = VECTOR('',#10015,1.);
#10015 = DIRECTION('',(-1.,0.,0.));
#10016 = ORIENTED_EDGE('',*,*,#9899,.F.);
#10017 = PLANE('',#10018);
#10018 = AXIS2_PLACEMENT_3D('',#10019,#10020,#10021);
#10019 = CARTESIAN_POINT('',(1.59,-8.57,-1.409983241274E-15));
#10020 = DIRECTION('',(0.,-1.,0.));
#10021 = DIRECTION('',(-1.,0.,0.));
#10022 = ADVANCED_FACE('',(#10023),#10041,.F.);
#10023 = FACE_BOUND('',#10024,.T.);
#10024 = EDGE_LOOP('',(#10025,#10026,#10027,#10035));
#10025 = ORIENTED_EDGE('',*,*,#9876,.F.);
#10026 = ORIENTED_EDGE('',*,*,#9845,.T.);
#10027 = ORIENTED_EDGE('',*,*,#10028,.F.);
#10028 = EDGE_CURVE('',#10029,#9846,#10031,.T.);
#10029 = VERTEX_POINT('',#10030);
#10030 = CARTESIAN_POINT('',(1.39,-8.77,8.38));
#10031 = LINE('',#10032,#10033);
#10032 = CARTESIAN_POINT('',(1.416666666667,-8.743333333333,
    8.353333333333));
#10033 = VECTOR('',#10034,1.);
#10034 = DIRECTION('',(0.57735026919,0.57735026919,-0.57735026919));
#10035 = ORIENTED_EDGE('',*,*,#10036,.F.);
#10036 = EDGE_CURVE('',#9877,#10029,#10037,.T.);
#10037 = LINE('',#10038,#10039);
#10038 = CARTESIAN_POINT('',(1.39,-9.21,8.38));
#10039 = VECTOR('',#10040,1.);
#10040 = DIRECTION('',(0.,1.,0.));
#10041 = PLANE('',#10042);
#10042 = AXIS2_PLACEMENT_3D('',#10043,#10044,#10045);
#10043 = CARTESIAN_POINT('',(1.49,-9.21,8.28));
#10044 = DIRECTION('',(-0.707106781187,0.,-0.707106781187));
#10045 = DIRECTION('',(-0.,-1.,-0.));
#10046 = ADVANCED_FACE('',(#10047),#10065,.F.);
#10047 = FACE_BOUND('',#10048,.T.);
#10048 = EDGE_LOOP('',(#10049,#10057,#10058,#10059));
#10049 = ORIENTED_EDGE('',*,*,#10050,.T.);
#10050 = EDGE_CURVE('',#10051,#9900,#10053,.T.);
#10051 = VERTEX_POINT('',#10052);
#10052 = CARTESIAN_POINT('',(1.15,-8.77,8.38));
#10053 = LINE('',#10054,#10055);
#10054 = CARTESIAN_POINT('',(1.123333333333,-8.743333333333,
    8.353333333333));
#10055 = VECTOR('',#10056,1.);
#10056 = DIRECTION('',(-0.57735026919,0.57735026919,-0.57735026919));
#10057 = ORIENTED_EDGE('',*,*,#9907,.T.);
#10058 = ORIENTED_EDGE('',*,*,#9867,.T.);
#10059 = ORIENTED_EDGE('',*,*,#10060,.F.);
#10060 = EDGE_CURVE('',#10051,#9868,#10061,.T.);
#10061 = LINE('',#10062,#10063);
#10062 = CARTESIAN_POINT('',(1.15,-8.57,8.38));
#10063 = VECTOR('',#10064,1.);
#10064 = DIRECTION('',(0.,-1.,0.));
#10065 = PLANE('',#10066);
#10066 = AXIS2_PLACEMENT_3D('',#10067,#10068,#10069);
#10067 = CARTESIAN_POINT('',(1.05,-8.57,8.28));
#10068 = DIRECTION('',(0.707106781187,0.,-0.707106781187));
#10069 = DIRECTION('',(0.,1.,0.));
#10070 = ADVANCED_FACE('',(#10071),#10082,.T.);
#10071 = FACE_BOUND('',#10072,.T.);
#10072 = EDGE_LOOP('',(#10073,#10074,#10075,#10076));
#10073 = ORIENTED_EDGE('',*,*,#10060,.T.);
#10074 = ORIENTED_EDGE('',*,*,#9884,.T.);
#10075 = ORIENTED_EDGE('',*,*,#10036,.T.);
#10076 = ORIENTED_EDGE('',*,*,#10077,.T.);
#10077 = EDGE_CURVE('',#10029,#10051,#10078,.T.);
#10078 = LINE('',#10079,#10080);
#10079 = CARTESIAN_POINT('',(1.59,-8.77,8.38));
#10080 = VECTOR('',#10081,1.);
#10081 = DIRECTION('',(-1.,0.,0.));
#10082 = PLANE('',#10083);
#10083 = AXIS2_PLACEMENT_3D('',#10084,#10085,#10086);
#10084 = CARTESIAN_POINT('',(1.27,-8.89,8.38));
#10085 = DIRECTION('',(0.,0.,1.));
#10086 = DIRECTION('',(1.,0.,0.));
#10087 = ADVANCED_FACE('',(#10088),#10094,.F.);
#10088 = FACE_BOUND('',#10089,.T.);
#10089 = EDGE_LOOP('',(#10090,#10091,#10092,#10093));
#10090 = ORIENTED_EDGE('',*,*,#9946,.F.);
#10091 = ORIENTED_EDGE('',*,*,#9995,.T.);
#10092 = ORIENTED_EDGE('',*,*,#9968,.F.);
#10093 = ORIENTED_EDGE('',*,*,#9929,.F.);
#10094 = PLANE('',#10095);
#10095 = AXIS2_PLACEMENT_3D('',#10096,#10097,#10098);
#10096 = CARTESIAN_POINT('',(1.59,-8.67,-2.44));
#10097 = DIRECTION('',(0.,-0.707106781187,0.707106781187));
#10098 = DIRECTION('',(1.,0.,0.));
#10099 = ADVANCED_FACE('',(#10100),#10106,.F.);
#10100 = FACE_BOUND('',#10101,.F.);
#10101 = EDGE_LOOP('',(#10102,#10103,#10104,#10105));
#10102 = ORIENTED_EDGE('',*,*,#10028,.F.);
#10103 = ORIENTED_EDGE('',*,*,#10077,.T.);
#10104 = ORIENTED_EDGE('',*,*,#10050,.T.);
#10105 = ORIENTED_EDGE('',*,*,#10011,.F.);
#10106 = PLANE('',#10107);
#10107 = AXIS2_PLACEMENT_3D('',#10108,#10109,#10110);
#10108 = CARTESIAN_POINT('',(1.59,-8.67,8.28));
#10109 = DIRECTION('',(0.,-0.707106781187,-0.707106781187));
#10110 = DIRECTION('',(-1.,0.,0.));
#10111 = MANIFOLD_SOLID_BREP('',#10112);
#10112 = CLOSED_SHELL('',(#10113,#10153,#10184,#10215,#10246,#10277,
    #10301,#10332,#10356,#10378,#10402,#10426,#10443,#10460,#10484,
    #10508,#10525,#10537));
#10113 = ADVANCED_FACE('',(#10114),#10148,.T.);
#10114 = FACE_BOUND('',#10115,.T.);
#10115 = EDGE_LOOP('',(#10116,#10126,#10134,#10142));
#10116 = ORIENTED_EDGE('',*,*,#10117,.F.);
#10117 = EDGE_CURVE('',#10118,#10120,#10122,.T.);
#10118 = VERTEX_POINT('',#10119);
#10119 = CARTESIAN_POINT('',(0.95,-6.67,-1.691979889529E-15));
#10120 = VERTEX_POINT('',#10121);
#10121 = CARTESIAN_POINT('',(1.59,-6.67,-1.691979889529E-15));
#10122 = LINE('',#10123,#10124);
#10123 = CARTESIAN_POINT('',(0.95,-6.67,-1.691979889529E-15));
#10124 = VECTOR('',#10125,1.);
#10125 = DIRECTION('',(1.,0.,0.));
#10126 = ORIENTED_EDGE('',*,*,#10127,.T.);
#10127 = EDGE_CURVE('',#10118,#10128,#10130,.T.);
#10128 = VERTEX_POINT('',#10129);
#10129 = CARTESIAN_POINT('',(0.95,-6.67,-2.34));
#10130 = LINE('',#10131,#10132);
#10131 = CARTESIAN_POINT('',(0.95,-6.67,-1.691979889529E-15));
#10132 = VECTOR('',#10133,1.);
#10133 = DIRECTION('',(-0.,-0.,-1.));
#10134 = ORIENTED_EDGE('',*,*,#10135,.T.);
#10135 = EDGE_CURVE('',#10128,#10136,#10138,.T.);
#10136 = VERTEX_POINT('',#10137);
#10137 = CARTESIAN_POINT('',(1.59,-6.67,-2.34));
#10138 = LINE('',#10139,#10140);
#10139 = CARTESIAN_POINT('',(0.95,-6.67,-2.34));
#10140 = VECTOR('',#10141,1.);
#10141 = DIRECTION('',(1.,0.,0.));
#10142 = ORIENTED_EDGE('',*,*,#10143,.F.);
#10143 = EDGE_CURVE('',#10120,#10136,#10144,.T.);
#10144 = LINE('',#10145,#10146);
#10145 = CARTESIAN_POINT('',(1.59,-6.67,-1.691979889529E-15));
#10146 = VECTOR('',#10147,1.);
#10147 = DIRECTION('',(-0.,-0.,-1.));
#10148 = PLANE('',#10149);
#10149 = AXIS2_PLACEMENT_3D('',#10150,#10151,#10152);
#10150 = CARTESIAN_POINT('',(0.95,-6.67,-1.691979889529E-15));
#10151 = DIRECTION('',(0.,-1.,0.));
#10152 = DIRECTION('',(1.,0.,0.));
#10153 = ADVANCED_FACE('',(#10154),#10179,.F.);
#10154 = FACE_BOUND('',#10155,.F.);
#10155 = EDGE_LOOP('',(#10156,#10157,#10165,#10173));
#10156 = ORIENTED_EDGE('',*,*,#10117,.F.);
#10157 = ORIENTED_EDGE('',*,*,#10158,.T.);
#10158 = EDGE_CURVE('',#10118,#10159,#10161,.T.);
#10159 = VERTEX_POINT('',#10160);
#10160 = CARTESIAN_POINT('',(0.95,-6.67,8.18));
#10161 = LINE('',#10162,#10163);
#10162 = CARTESIAN_POINT('',(0.95,-6.67,-1.691979889529E-15));
#10163 = VECTOR('',#10164,1.);
#10164 = DIRECTION('',(0.,0.,1.));
#10165 = ORIENTED_EDGE('',*,*,#10166,.T.);
#10166 = EDGE_CURVE('',#10159,#10167,#10169,.T.);
#10167 = VERTEX_POINT('',#10168);
#10168 = CARTESIAN_POINT('',(1.59,-6.67,8.18));
#10169 = LINE('',#10170,#10171);
#10170 = CARTESIAN_POINT('',(0.95,-6.67,8.18));
#10171 = VECTOR('',#10172,1.);
#10172 = DIRECTION('',(1.,0.,0.));
#10173 = ORIENTED_EDGE('',*,*,#10174,.F.);
#10174 = EDGE_CURVE('',#10120,#10167,#10175,.T.);
#10175 = LINE('',#10176,#10177);
#10176 = CARTESIAN_POINT('',(1.59,-6.67,-1.691979889529E-15));
#10177 = VECTOR('',#10178,1.);
#10178 = DIRECTION('',(0.,0.,1.));
#10179 = PLANE('',#10180);
#10180 = AXIS2_PLACEMENT_3D('',#10181,#10182,#10183);
#10181 = CARTESIAN_POINT('',(0.95,-6.67,-1.691979889529E-15));
#10182 = DIRECTION('',(0.,1.,0.));
#10183 = DIRECTION('',(1.,0.,0.));
#10184 = ADVANCED_FACE('',(#10185),#10210,.T.);
#10185 = FACE_BOUND('',#10186,.T.);
#10186 = EDGE_LOOP('',(#10187,#10195,#10196,#10204));
#10187 = ORIENTED_EDGE('',*,*,#10188,.F.);
#10188 = EDGE_CURVE('',#10120,#10189,#10191,.T.);
#10189 = VERTEX_POINT('',#10190);
#10190 = CARTESIAN_POINT('',(1.59,-6.03,-1.691979889529E-15));
#10191 = LINE('',#10192,#10193);
#10192 = CARTESIAN_POINT('',(1.59,-6.67,-1.691979889529E-15));
#10193 = VECTOR('',#10194,1.);
#10194 = DIRECTION('',(0.,1.,0.));
#10195 = ORIENTED_EDGE('',*,*,#10143,.T.);
#10196 = ORIENTED_EDGE('',*,*,#10197,.T.);
#10197 = EDGE_CURVE('',#10136,#10198,#10200,.T.);
#10198 = VERTEX_POINT('',#10199);
#10199 = CARTESIAN_POINT('',(1.59,-6.03,-2.34));
#10200 = LINE('',#10201,#10202);
#10201 = CARTESIAN_POINT('',(1.59,-6.67,-2.34));
#10202 = VECTOR('',#10203,1.);
#10203 = DIRECTION('',(0.,1.,0.));
#10204 = ORIENTED_EDGE('',*,*,#10205,.F.);
#10205 = EDGE_CURVE('',#10189,#10198,#10206,.T.);
#10206 = LINE('',#10207,#10208);
#10207 = CARTESIAN_POINT('',(1.59,-6.03,-1.691979889529E-15));
#10208 = VECTOR('',#10209,1.);
#10209 = DIRECTION('',(-0.,-0.,-1.));
#10210 = PLANE('',#10211);
#10211 = AXIS2_PLACEMENT_3D('',#10212,#10213,#10214);
#10212 = CARTESIAN_POINT('',(1.59,-6.67,-1.691979889529E-15));
#10213 = DIRECTION('',(1.,0.,0.));
#10214 = DIRECTION('',(0.,1.,0.));
#10215 = ADVANCED_FACE('',(#10216),#10241,.F.);
#10216 = FACE_BOUND('',#10217,.F.);
#10217 = EDGE_LOOP('',(#10218,#10226,#10227,#10235));
#10218 = ORIENTED_EDGE('',*,*,#10219,.F.);
#10219 = EDGE_CURVE('',#10128,#10220,#10222,.T.);
#10220 = VERTEX_POINT('',#10221);
#10221 = CARTESIAN_POINT('',(1.15,-6.47,-2.54));
#10222 = LINE('',#10223,#10224);
#10223 = CARTESIAN_POINT('',(1.123333333333,-6.496666666667,
    -2.513333333333));
#10224 = VECTOR('',#10225,1.);
#10225 = DIRECTION('',(0.57735026919,0.57735026919,-0.57735026919));
#10226 = ORIENTED_EDGE('',*,*,#10135,.T.);
#10227 = ORIENTED_EDGE('',*,*,#10228,.T.);
#10228 = EDGE_CURVE('',#10136,#10229,#10231,.T.);
#10229 = VERTEX_POINT('',#10230);
#10230 = CARTESIAN_POINT('',(1.39,-6.47,-2.54));
#10231 = LINE('',#10232,#10233);
#10232 = CARTESIAN_POINT('',(1.416666666667,-6.496666666667,
    -2.513333333333));
#10233 = VECTOR('',#10234,1.);
#10234 = DIRECTION('',(-0.57735026919,0.57735026919,-0.57735026919));
#10235 = ORIENTED_EDGE('',*,*,#10236,.F.);
#10236 = EDGE_CURVE('',#10220,#10229,#10237,.T.);
#10237 = LINE('',#10238,#10239);
#10238 = CARTESIAN_POINT('',(0.95,-6.47,-2.54));
#10239 = VECTOR('',#10240,1.);
#10240 = DIRECTION('',(1.,0.,0.));
#10241 = PLANE('',#10242);
#10242 = AXIS2_PLACEMENT_3D('',#10243,#10244,#10245);
#10243 = CARTESIAN_POINT('',(0.95,-6.57,-2.44));
#10244 = DIRECTION('',(0.,0.707106781187,0.707106781187));
#10245 = DIRECTION('',(1.,0.,0.));
#10246 = ADVANCED_FACE('',(#10247),#10272,.T.);
#10247 = FACE_BOUND('',#10248,.T.);
#10248 = EDGE_LOOP('',(#10249,#10257,#10265,#10271));
#10249 = ORIENTED_EDGE('',*,*,#10250,.F.);
#10250 = EDGE_CURVE('',#10251,#10118,#10253,.T.);
#10251 = VERTEX_POINT('',#10252);
#10252 = CARTESIAN_POINT('',(0.95,-6.03,-1.691979889529E-15));
#10253 = LINE('',#10254,#10255);
#10254 = CARTESIAN_POINT('',(0.95,-6.03,-1.691979889529E-15));
#10255 = VECTOR('',#10256,1.);
#10256 = DIRECTION('',(0.,-1.,0.));
#10257 = ORIENTED_EDGE('',*,*,#10258,.T.);
#10258 = EDGE_CURVE('',#10251,#10259,#10261,.T.);
#10259 = VERTEX_POINT('',#10260);
#10260 = CARTESIAN_POINT('',(0.95,-6.03,-2.34));
#10261 = LINE('',#10262,#10263);
#10262 = CARTESIAN_POINT('',(0.95,-6.03,-1.691979889529E-15));
#10263 = VECTOR('',#10264,1.);
#10264 = DIRECTION('',(-0.,-0.,-1.));
#10265 = ORIENTED_EDGE('',*,*,#10266,.T.);
#10266 = EDGE_CURVE('',#10259,#10128,#10267,.T.);
#10267 = LINE('',#10268,#10269);
#10268 = CARTESIAN_POINT('',(0.95,-6.03,-2.34));
#10269 = VECTOR('',#10270,1.);
#10270 = DIRECTION('',(0.,-1.,0.));
#10271 = ORIENTED_EDGE('',*,*,#10127,.F.);
#10272 = PLANE('',#10273);
#10273 = AXIS2_PLACEMENT_3D('',#10274,#10275,#10276);
#10274 = CARTESIAN_POINT('',(0.95,-6.03,-1.691979889529E-15));
#10275 = DIRECTION('',(-1.,0.,0.));
#10276 = DIRECTION('',(0.,-1.,0.));
#10277 = ADVANCED_FACE('',(#10278),#10296,.F.);
#10278 = FACE_BOUND('',#10279,.F.);
#10279 = EDGE_LOOP('',(#10280,#10281,#10282,#10290));
#10280 = ORIENTED_EDGE('',*,*,#10188,.F.);
#10281 = ORIENTED_EDGE('',*,*,#10174,.T.);
#10282 = ORIENTED_EDGE('',*,*,#10283,.T.);
#10283 = EDGE_CURVE('',#10167,#10284,#10286,.T.);
#10284 = VERTEX_POINT('',#10285);
#10285 = CARTESIAN_POINT('',(1.59,-6.03,8.18));
#10286 = LINE('',#10287,#10288);
#10287 = CARTESIAN_POINT('',(1.59,-6.67,8.18));
#10288 = VECTOR('',#10289,1.);
#10289 = DIRECTION('',(0.,1.,0.));
#10290 = ORIENTED_EDGE('',*,*,#10291,.F.);
#10291 = EDGE_CURVE('',#10189,#10284,#10292,.T.);
#10292 = LINE('',#10293,#10294);
#10293 = CARTESIAN_POINT('',(1.59,-6.03,-1.691979889529E-15));
#10294 = VECTOR('',#10295,1.);
#10295 = DIRECTION('',(0.,0.,1.));
#10296 = PLANE('',#10297);
#10297 = AXIS2_PLACEMENT_3D('',#10298,#10299,#10300);
#10298 = CARTESIAN_POINT('',(1.59,-6.67,-1.691979889529E-15));
#10299 = DIRECTION('',(-1.,0.,0.));
#10300 = DIRECTION('',(0.,1.,0.));
#10301 = ADVANCED_FACE('',(#10302),#10327,.F.);
#10302 = FACE_BOUND('',#10303,.T.);
#10303 = EDGE_LOOP('',(#10304,#10312,#10313,#10321));
#10304 = ORIENTED_EDGE('',*,*,#10305,.F.);
#10305 = EDGE_CURVE('',#10159,#10306,#10308,.T.);
#10306 = VERTEX_POINT('',#10307);
#10307 = CARTESIAN_POINT('',(1.15,-6.47,8.38));
#10308 = LINE('',#10309,#10310);
#10309 = CARTESIAN_POINT('',(1.123333333333,-6.496666666667,
    8.353333333333));
#10310 = VECTOR('',#10311,1.);
#10311 = DIRECTION('',(0.57735026919,0.57735026919,0.57735026919));
#10312 = ORIENTED_EDGE('',*,*,#10166,.T.);
#10313 = ORIENTED_EDGE('',*,*,#10314,.T.);
#10314 = EDGE_CURVE('',#10167,#10315,#10317,.T.);
#10315 = VERTEX_POINT('',#10316);
#10316 = CARTESIAN_POINT('',(1.39,-6.47,8.38));
#10317 = LINE('',#10318,#10319);
#10318 = CARTESIAN_POINT('',(1.416666666667,-6.496666666667,
    8.353333333333));
#10319 = VECTOR('',#10320,1.);
#10320 = DIRECTION('',(-0.57735026919,0.57735026919,0.57735026919));
#10321 = ORIENTED_EDGE('',*,*,#10322,.F.);
#10322 = EDGE_CURVE('',#10306,#10315,#10323,.T.);
#10323 = LINE('',#10324,#10325);
#10324 = CARTESIAN_POINT('',(0.95,-6.47,8.38));
#10325 = VECTOR('',#10326,1.);
#10326 = DIRECTION('',(1.,0.,0.));
#10327 = PLANE('',#10328);
#10328 = AXIS2_PLACEMENT_3D('',#10329,#10330,#10331);
#10329 = CARTESIAN_POINT('',(0.95,-6.57,8.28));
#10330 = DIRECTION('',(0.,0.707106781187,-0.707106781187));
#10331 = DIRECTION('',(-1.,-0.,-0.));
#10332 = ADVANCED_FACE('',(#10333),#10351,.F.);
#10333 = FACE_BOUND('',#10334,.F.);
#10334 = EDGE_LOOP('',(#10335,#10336,#10344,#10350));
#10335 = ORIENTED_EDGE('',*,*,#10250,.F.);
#10336 = ORIENTED_EDGE('',*,*,#10337,.T.);
#10337 = EDGE_CURVE('',#10251,#10338,#10340,.T.);
#10338 = VERTEX_POINT('',#10339);
#10339 = CARTESIAN_POINT('',(0.95,-6.03,8.18));
#10340 = LINE('',#10341,#10342);
#10341 = CARTESIAN_POINT('',(0.95,-6.03,-1.691979889529E-15));
#10342 = VECTOR('',#10343,1.);
#10343 = DIRECTION('',(0.,0.,1.));
#10344 = ORIENTED_EDGE('',*,*,#10345,.T.);
#10345 = EDGE_CURVE('',#10338,#10159,#10346,.T.);
#10346 = LINE('',#10347,#10348);
#10347 = CARTESIAN_POINT('',(0.95,-6.03,8.18));
#10348 = VECTOR('',#10349,1.);
#10349 = DIRECTION('',(0.,-1.,0.));
#10350 = ORIENTED_EDGE('',*,*,#10158,.F.);
#10351 = PLANE('',#10352);
#10352 = AXIS2_PLACEMENT_3D('',#10353,#10354,#10355);
#10353 = CARTESIAN_POINT('',(0.95,-6.03,-1.691979889529E-15));
#10354 = DIRECTION('',(1.,0.,0.));
#10355 = DIRECTION('',(0.,-1.,0.));
#10356 = ADVANCED_FACE('',(#10357),#10373,.T.);
#10357 = FACE_BOUND('',#10358,.T.);
#10358 = EDGE_LOOP('',(#10359,#10365,#10366,#10372));
#10359 = ORIENTED_EDGE('',*,*,#10360,.F.);
#10360 = EDGE_CURVE('',#10189,#10251,#10361,.T.);
#10361 = LINE('',#10362,#10363);
#10362 = CARTESIAN_POINT('',(1.59,-6.03,-1.691979889529E-15));
#10363 = VECTOR('',#10364,1.);
#10364 = DIRECTION('',(-1.,0.,0.));
#10365 = ORIENTED_EDGE('',*,*,#10205,.T.);
#10366 = ORIENTED_EDGE('',*,*,#10367,.T.);
#10367 = EDGE_CURVE('',#10198,#10259,#10368,.T.);
#10368 = LINE('',#10369,#10370);
#10369 = CARTESIAN_POINT('',(1.59,-6.03,-2.34));
#10370 = VECTOR('',#10371,1.);
#10371 = DIRECTION('',(-1.,0.,0.));
#10372 = ORIENTED_EDGE('',*,*,#10258,.F.);
#10373 = PLANE('',#10374);
#10374 = AXIS2_PLACEMENT_3D('',#10375,#10376,#10377);
#10375 = CARTESIAN_POINT('',(1.59,-6.03,-1.691979889529E-15));
#10376 = DIRECTION('',(0.,1.,0.));
#10377 = DIRECTION('',(-1.,0.,0.));
#10378 = ADVANCED_FACE('',(#10379),#10397,.F.);
#10379 = FACE_BOUND('',#10380,.F.);
#10380 = EDGE_LOOP('',(#10381,#10382,#10383,#10391));
#10381 = ORIENTED_EDGE('',*,*,#10228,.F.);
#10382 = ORIENTED_EDGE('',*,*,#10197,.T.);
#10383 = ORIENTED_EDGE('',*,*,#10384,.F.);
#10384 = EDGE_CURVE('',#10385,#10198,#10387,.T.);
#10385 = VERTEX_POINT('',#10386);
#10386 = CARTESIAN_POINT('',(1.39,-6.23,-2.54));
#10387 = LINE('',#10388,#10389);
#10388 = CARTESIAN_POINT('',(1.416666666667,-6.203333333333,
    -2.513333333333));
#10389 = VECTOR('',#10390,1.);
#10390 = DIRECTION('',(0.57735026919,0.57735026919,0.57735026919));
#10391 = ORIENTED_EDGE('',*,*,#10392,.F.);
#10392 = EDGE_CURVE('',#10229,#10385,#10393,.T.);
#10393 = LINE('',#10394,#10395);
#10394 = CARTESIAN_POINT('',(1.39,-6.67,-2.54));
#10395 = VECTOR('',#10396,1.);
#10396 = DIRECTION('',(0.,1.,0.));
#10397 = PLANE('',#10398);
#10398 = AXIS2_PLACEMENT_3D('',#10399,#10400,#10401);
#10399 = CARTESIAN_POINT('',(1.49,-6.67,-2.44));
#10400 = DIRECTION('',(-0.707106781187,0.,0.707106781187));
#10401 = DIRECTION('',(0.,1.,0.));
#10402 = ADVANCED_FACE('',(#10403),#10421,.F.);
#10403 = FACE_BOUND('',#10404,.F.);
#10404 = EDGE_LOOP('',(#10405,#10413,#10414,#10415));
#10405 = ORIENTED_EDGE('',*,*,#10406,.F.);
#10406 = EDGE_CURVE('',#10259,#10407,#10409,.T.);
#10407 = VERTEX_POINT('',#10408);
#10408 = CARTESIAN_POINT('',(1.15,-6.23,-2.54));
#10409 = LINE('',#10410,#10411);
#10410 = CARTESIAN_POINT('',(1.123333333333,-6.203333333333,
    -2.513333333333));
#10411 = VECTOR('',#10412,1.);
#10412 = DIRECTION('',(0.57735026919,-0.57735026919,-0.57735026919));
#10413 = ORIENTED_EDGE('',*,*,#10266,.T.);
#10414 = ORIENTED_EDGE('',*,*,#10219,.T.);
#10415 = ORIENTED_EDGE('',*,*,#10416,.F.);
#10416 = EDGE_CURVE('',#10407,#10220,#10417,.T.);
#10417 = LINE('',#10418,#10419);
#10418 = CARTESIAN_POINT('',(1.15,-6.03,-2.54));
#10419 = VECTOR('',#10420,1.);
#10420 = DIRECTION('',(0.,-1.,0.));
#10421 = PLANE('',#10422);
#10422 = AXIS2_PLACEMENT_3D('',#10423,#10424,#10425);
#10423 = CARTESIAN_POINT('',(1.05,-6.03,-2.44));
#10424 = DIRECTION('',(0.707106781187,0.,0.707106781187));
#10425 = DIRECTION('',(0.,-1.,0.));
#10426 = ADVANCED_FACE('',(#10427),#10438,.F.);
#10427 = FACE_BOUND('',#10428,.F.);
#10428 = EDGE_LOOP('',(#10429,#10430,#10431,#10432));
#10429 = ORIENTED_EDGE('',*,*,#10416,.T.);
#10430 = ORIENTED_EDGE('',*,*,#10236,.T.);
#10431 = ORIENTED_EDGE('',*,*,#10392,.T.);
#10432 = ORIENTED_EDGE('',*,*,#10433,.T.);
#10433 = EDGE_CURVE('',#10385,#10407,#10434,.T.);
#10434 = LINE('',#10435,#10436);
#10435 = CARTESIAN_POINT('',(1.59,-6.23,-2.54));
#10436 = VECTOR('',#10437,1.);
#10437 = DIRECTION('',(-1.,0.,0.));
#10438 = PLANE('',#10439);
#10439 = AXIS2_PLACEMENT_3D('',#10440,#10441,#10442);
#10440 = CARTESIAN_POINT('',(1.27,-6.35,-2.54));
#10441 = DIRECTION('',(0.,0.,1.));
#10442 = DIRECTION('',(1.,0.,0.));
#10443 = ADVANCED_FACE('',(#10444),#10455,.F.);
#10444 = FACE_BOUND('',#10445,.F.);
#10445 = EDGE_LOOP('',(#10446,#10447,#10448,#10454));
#10446 = ORIENTED_EDGE('',*,*,#10360,.F.);
#10447 = ORIENTED_EDGE('',*,*,#10291,.T.);
#10448 = ORIENTED_EDGE('',*,*,#10449,.T.);
#10449 = EDGE_CURVE('',#10284,#10338,#10450,.T.);
#10450 = LINE('',#10451,#10452);
#10451 = CARTESIAN_POINT('',(1.59,-6.03,8.18));
#10452 = VECTOR('',#10453,1.);
#10453 = DIRECTION('',(-1.,0.,0.));
#10454 = ORIENTED_EDGE('',*,*,#10337,.F.);
#10455 = PLANE('',#10456);
#10456 = AXIS2_PLACEMENT_3D('',#10457,#10458,#10459);
#10457 = CARTESIAN_POINT('',(1.59,-6.03,-1.691979889529E-15));
#10458 = DIRECTION('',(0.,-1.,0.));
#10459 = DIRECTION('',(-1.,0.,0.));
#10460 = ADVANCED_FACE('',(#10461),#10479,.F.);
#10461 = FACE_BOUND('',#10462,.T.);
#10462 = EDGE_LOOP('',(#10463,#10464,#10465,#10473));
#10463 = ORIENTED_EDGE('',*,*,#10314,.F.);
#10464 = ORIENTED_EDGE('',*,*,#10283,.T.);
#10465 = ORIENTED_EDGE('',*,*,#10466,.F.);
#10466 = EDGE_CURVE('',#10467,#10284,#10469,.T.);
#10467 = VERTEX_POINT('',#10468);
#10468 = CARTESIAN_POINT('',(1.39,-6.23,8.38));
#10469 = LINE('',#10470,#10471);
#10470 = CARTESIAN_POINT('',(1.416666666667,-6.203333333333,
    8.353333333333));
#10471 = VECTOR('',#10472,1.);
#10472 = DIRECTION('',(0.57735026919,0.57735026919,-0.57735026919));
#10473 = ORIENTED_EDGE('',*,*,#10474,.F.);
#10474 = EDGE_CURVE('',#10315,#10467,#10475,.T.);
#10475 = LINE('',#10476,#10477);
#10476 = CARTESIAN_POINT('',(1.39,-6.67,8.38));
#10477 = VECTOR('',#10478,1.);
#10478 = DIRECTION('',(0.,1.,0.));
#10479 = PLANE('',#10480);
#10480 = AXIS2_PLACEMENT_3D('',#10481,#10482,#10483);
#10481 = CARTESIAN_POINT('',(1.49,-6.67,8.28));
#10482 = DIRECTION('',(-0.707106781187,0.,-0.707106781187));
#10483 = DIRECTION('',(-0.,-1.,-0.));
#10484 = ADVANCED_FACE('',(#10485),#10503,.F.);
#10485 = FACE_BOUND('',#10486,.T.);
#10486 = EDGE_LOOP('',(#10487,#10495,#10496,#10497));
#10487 = ORIENTED_EDGE('',*,*,#10488,.T.);
#10488 = EDGE_CURVE('',#10489,#10338,#10491,.T.);
#10489 = VERTEX_POINT('',#10490);
#10490 = CARTESIAN_POINT('',(1.15,-6.23,8.38));
#10491 = LINE('',#10492,#10493);
#10492 = CARTESIAN_POINT('',(1.123333333333,-6.203333333333,
    8.353333333333));
#10493 = VECTOR('',#10494,1.);
#10494 = DIRECTION('',(-0.57735026919,0.57735026919,-0.57735026919));
#10495 = ORIENTED_EDGE('',*,*,#10345,.T.);
#10496 = ORIENTED_EDGE('',*,*,#10305,.T.);
#10497 = ORIENTED_EDGE('',*,*,#10498,.F.);
#10498 = EDGE_CURVE('',#10489,#10306,#10499,.T.);
#10499 = LINE('',#10500,#10501);
#10500 = CARTESIAN_POINT('',(1.15,-6.03,8.38));
#10501 = VECTOR('',#10502,1.);
#10502 = DIRECTION('',(0.,-1.,0.));
#10503 = PLANE('',#10504);
#10504 = AXIS2_PLACEMENT_3D('',#10505,#10506,#10507);
#10505 = CARTESIAN_POINT('',(1.05,-6.03,8.28));
#10506 = DIRECTION('',(0.707106781187,0.,-0.707106781187));
#10507 = DIRECTION('',(0.,1.,0.));
#10508 = ADVANCED_FACE('',(#10509),#10520,.T.);
#10509 = FACE_BOUND('',#10510,.T.);
#10510 = EDGE_LOOP('',(#10511,#10512,#10513,#10514));
#10511 = ORIENTED_EDGE('',*,*,#10498,.T.);
#10512 = ORIENTED_EDGE('',*,*,#10322,.T.);
#10513 = ORIENTED_EDGE('',*,*,#10474,.T.);
#10514 = ORIENTED_EDGE('',*,*,#10515,.T.);
#10515 = EDGE_CURVE('',#10467,#10489,#10516,.T.);
#10516 = LINE('',#10517,#10518);
#10517 = CARTESIAN_POINT('',(1.59,-6.23,8.38));
#10518 = VECTOR('',#10519,1.);
#10519 = DIRECTION('',(-1.,0.,0.));
#10520 = PLANE('',#10521);
#10521 = AXIS2_PLACEMENT_3D('',#10522,#10523,#10524);
#10522 = CARTESIAN_POINT('',(1.27,-6.35,8.38));
#10523 = DIRECTION('',(0.,0.,1.));
#10524 = DIRECTION('',(1.,0.,0.));
#10525 = ADVANCED_FACE('',(#10526),#10532,.F.);
#10526 = FACE_BOUND('',#10527,.T.);
#10527 = EDGE_LOOP('',(#10528,#10529,#10530,#10531));
#10528 = ORIENTED_EDGE('',*,*,#10384,.F.);
#10529 = ORIENTED_EDGE('',*,*,#10433,.T.);
#10530 = ORIENTED_EDGE('',*,*,#10406,.F.);
#10531 = ORIENTED_EDGE('',*,*,#10367,.F.);
#10532 = PLANE('',#10533);
#10533 = AXIS2_PLACEMENT_3D('',#10534,#10535,#10536);
#10534 = CARTESIAN_POINT('',(1.59,-6.13,-2.44));
#10535 = DIRECTION('',(0.,-0.707106781187,0.707106781187));
#10536 = DIRECTION('',(1.,0.,0.));
#10537 = ADVANCED_FACE('',(#10538),#10544,.F.);
#10538 = FACE_BOUND('',#10539,.F.);
#10539 = EDGE_LOOP('',(#10540,#10541,#10542,#10543));
#10540 = ORIENTED_EDGE('',*,*,#10466,.F.);
#10541 = ORIENTED_EDGE('',*,*,#10515,.T.);
#10542 = ORIENTED_EDGE('',*,*,#10488,.T.);
#10543 = ORIENTED_EDGE('',*,*,#10449,.F.);
#10544 = PLANE('',#10545);
#10545 = AXIS2_PLACEMENT_3D('',#10546,#10547,#10548);
#10546 = CARTESIAN_POINT('',(1.59,-6.13,8.28));
#10547 = DIRECTION('',(0.,-0.707106781187,-0.707106781187));
#10548 = DIRECTION('',(-1.,0.,0.));
#10549 = MANIFOLD_SOLID_BREP('',#10550);
#10550 = CLOSED_SHELL('',(#10551,#10591,#10622,#10653,#10684,#10715,
    #10739,#10770,#10794,#10816,#10840,#10864,#10881,#10898,#10922,
    #10946,#10963,#10975));
#10551 = ADVANCED_FACE('',(#10552),#10586,.T.);
#10552 = FACE_BOUND('',#10553,.T.);
#10553 = EDGE_LOOP('',(#10554,#10564,#10572,#10580));
#10554 = ORIENTED_EDGE('',*,*,#10555,.F.);
#10555 = EDGE_CURVE('',#10556,#10558,#10560,.T.);
#10556 = VERTEX_POINT('',#10557);
#10557 = CARTESIAN_POINT('',(0.95,-4.13,-1.973976537784E-15));
#10558 = VERTEX_POINT('',#10559);
#10559 = CARTESIAN_POINT('',(1.59,-4.13,-1.973976537784E-15));
#10560 = LINE('',#10561,#10562);
#10561 = CARTESIAN_POINT('',(0.95,-4.13,-1.973976537784E-15));
#10562 = VECTOR('',#10563,1.);
#10563 = DIRECTION('',(1.,0.,0.));
#10564 = ORIENTED_EDGE('',*,*,#10565,.T.);
#10565 = EDGE_CURVE('',#10556,#10566,#10568,.T.);
#10566 = VERTEX_POINT('',#10567);
#10567 = CARTESIAN_POINT('',(0.95,-4.13,-2.34));
#10568 = LINE('',#10569,#10570);
#10569 = CARTESIAN_POINT('',(0.95,-4.13,-1.973976537784E-15));
#10570 = VECTOR('',#10571,1.);
#10571 = DIRECTION('',(-0.,-0.,-1.));
#10572 = ORIENTED_EDGE('',*,*,#10573,.T.);
#10573 = EDGE_CURVE('',#10566,#10574,#10576,.T.);
#10574 = VERTEX_POINT('',#10575);
#10575 = CARTESIAN_POINT('',(1.59,-4.13,-2.34));
#10576 = LINE('',#10577,#10578);
#10577 = CARTESIAN_POINT('',(0.95,-4.13,-2.34));
#10578 = VECTOR('',#10579,1.);
#10579 = DIRECTION('',(1.,0.,0.));
#10580 = ORIENTED_EDGE('',*,*,#10581,.F.);
#10581 = EDGE_CURVE('',#10558,#10574,#10582,.T.);
#10582 = LINE('',#10583,#10584);
#10583 = CARTESIAN_POINT('',(1.59,-4.13,-1.973976537784E-15));
#10584 = VECTOR('',#10585,1.);
#10585 = DIRECTION('',(-0.,-0.,-1.));
#10586 = PLANE('',#10587);
#10587 = AXIS2_PLACEMENT_3D('',#10588,#10589,#10590);
#10588 = CARTESIAN_POINT('',(0.95,-4.13,-1.973976537784E-15));
#10589 = DIRECTION('',(0.,-1.,0.));
#10590 = DIRECTION('',(1.,0.,0.));
#10591 = ADVANCED_FACE('',(#10592),#10617,.F.);
#10592 = FACE_BOUND('',#10593,.F.);
#10593 = EDGE_LOOP('',(#10594,#10595,#10603,#10611));
#10594 = ORIENTED_EDGE('',*,*,#10555,.F.);
#10595 = ORIENTED_EDGE('',*,*,#10596,.T.);
#10596 = EDGE_CURVE('',#10556,#10597,#10599,.T.);
#10597 = VERTEX_POINT('',#10598);
#10598 = CARTESIAN_POINT('',(0.95,-4.13,8.18));
#10599 = LINE('',#10600,#10601);
#10600 = CARTESIAN_POINT('',(0.95,-4.13,-1.973976537784E-15));
#10601 = VECTOR('',#10602,1.);
#10602 = DIRECTION('',(0.,0.,1.));
#10603 = ORIENTED_EDGE('',*,*,#10604,.T.);
#10604 = EDGE_CURVE('',#10597,#10605,#10607,.T.);
#10605 = VERTEX_POINT('',#10606);
#10606 = CARTESIAN_POINT('',(1.59,-4.13,8.18));
#10607 = LINE('',#10608,#10609);
#10608 = CARTESIAN_POINT('',(0.95,-4.13,8.18));
#10609 = VECTOR('',#10610,1.);
#10610 = DIRECTION('',(1.,0.,0.));
#10611 = ORIENTED_EDGE('',*,*,#10612,.F.);
#10612 = EDGE_CURVE('',#10558,#10605,#10613,.T.);
#10613 = LINE('',#10614,#10615);
#10614 = CARTESIAN_POINT('',(1.59,-4.13,-1.973976537784E-15));
#10615 = VECTOR('',#10616,1.);
#10616 = DIRECTION('',(0.,0.,1.));
#10617 = PLANE('',#10618);
#10618 = AXIS2_PLACEMENT_3D('',#10619,#10620,#10621);
#10619 = CARTESIAN_POINT('',(0.95,-4.13,-1.973976537784E-15));
#10620 = DIRECTION('',(0.,1.,0.));
#10621 = DIRECTION('',(1.,0.,0.));
#10622 = ADVANCED_FACE('',(#10623),#10648,.T.);
#10623 = FACE_BOUND('',#10624,.T.);
#10624 = EDGE_LOOP('',(#10625,#10633,#10634,#10642));
#10625 = ORIENTED_EDGE('',*,*,#10626,.F.);
#10626 = EDGE_CURVE('',#10558,#10627,#10629,.T.);
#10627 = VERTEX_POINT('',#10628);
#10628 = CARTESIAN_POINT('',(1.59,-3.49,-1.973976537784E-15));
#10629 = LINE('',#10630,#10631);
#10630 = CARTESIAN_POINT('',(1.59,-4.13,-1.973976537784E-15));
#10631 = VECTOR('',#10632,1.);
#10632 = DIRECTION('',(0.,1.,0.));
#10633 = ORIENTED_EDGE('',*,*,#10581,.T.);
#10634 = ORIENTED_EDGE('',*,*,#10635,.T.);
#10635 = EDGE_CURVE('',#10574,#10636,#10638,.T.);
#10636 = VERTEX_POINT('',#10637);
#10637 = CARTESIAN_POINT('',(1.59,-3.49,-2.34));
#10638 = LINE('',#10639,#10640);
#10639 = CARTESIAN_POINT('',(1.59,-4.13,-2.34));
#10640 = VECTOR('',#10641,1.);
#10641 = DIRECTION('',(0.,1.,0.));
#10642 = ORIENTED_EDGE('',*,*,#10643,.F.);
#10643 = EDGE_CURVE('',#10627,#10636,#10644,.T.);
#10644 = LINE('',#10645,#10646);
#10645 = CARTESIAN_POINT('',(1.59,-3.49,-1.973976537784E-15));
#10646 = VECTOR('',#10647,1.);
#10647 = DIRECTION('',(-0.,-0.,-1.));
#10648 = PLANE('',#10649);
#10649 = AXIS2_PLACEMENT_3D('',#10650,#10651,#10652);
#10650 = CARTESIAN_POINT('',(1.59,-4.13,-1.973976537784E-15));
#10651 = DIRECTION('',(1.,0.,0.));
#10652 = DIRECTION('',(0.,1.,0.));
#10653 = ADVANCED_FACE('',(#10654),#10679,.F.);
#10654 = FACE_BOUND('',#10655,.F.);
#10655 = EDGE_LOOP('',(#10656,#10664,#10665,#10673));
#10656 = ORIENTED_EDGE('',*,*,#10657,.F.);
#10657 = EDGE_CURVE('',#10566,#10658,#10660,.T.);
#10658 = VERTEX_POINT('',#10659);
#10659 = CARTESIAN_POINT('',(1.15,-3.93,-2.54));
#10660 = LINE('',#10661,#10662);
#10661 = CARTESIAN_POINT('',(1.123333333333,-3.956666666667,
    -2.513333333333));
#10662 = VECTOR('',#10663,1.);
#10663 = DIRECTION('',(0.57735026919,0.57735026919,-0.57735026919));
#10664 = ORIENTED_EDGE('',*,*,#10573,.T.);
#10665 = ORIENTED_EDGE('',*,*,#10666,.T.);
#10666 = EDGE_CURVE('',#10574,#10667,#10669,.T.);
#10667 = VERTEX_POINT('',#10668);
#10668 = CARTESIAN_POINT('',(1.39,-3.93,-2.54));
#10669 = LINE('',#10670,#10671);
#10670 = CARTESIAN_POINT('',(1.416666666667,-3.956666666667,
    -2.513333333333));
#10671 = VECTOR('',#10672,1.);
#10672 = DIRECTION('',(-0.57735026919,0.57735026919,-0.57735026919));
#10673 = ORIENTED_EDGE('',*,*,#10674,.F.);
#10674 = EDGE_CURVE('',#10658,#10667,#10675,.T.);
#10675 = LINE('',#10676,#10677);
#10676 = CARTESIAN_POINT('',(0.95,-3.93,-2.54));
#10677 = VECTOR('',#10678,1.);
#10678 = DIRECTION('',(1.,0.,0.));
#10679 = PLANE('',#10680);
#10680 = AXIS2_PLACEMENT_3D('',#10681,#10682,#10683);
#10681 = CARTESIAN_POINT('',(0.95,-4.03,-2.44));
#10682 = DIRECTION('',(0.,0.707106781187,0.707106781187));
#10683 = DIRECTION('',(1.,0.,0.));
#10684 = ADVANCED_FACE('',(#10685),#10710,.T.);
#10685 = FACE_BOUND('',#10686,.T.);
#10686 = EDGE_LOOP('',(#10687,#10695,#10703,#10709));
#10687 = ORIENTED_EDGE('',*,*,#10688,.F.);
#10688 = EDGE_CURVE('',#10689,#10556,#10691,.T.);
#10689 = VERTEX_POINT('',#10690);
#10690 = CARTESIAN_POINT('',(0.95,-3.49,-1.973976537784E-15));
#10691 = LINE('',#10692,#10693);
#10692 = CARTESIAN_POINT('',(0.95,-3.49,-1.973976537784E-15));
#10693 = VECTOR('',#10694,1.);
#10694 = DIRECTION('',(0.,-1.,0.));
#10695 = ORIENTED_EDGE('',*,*,#10696,.T.);
#10696 = EDGE_CURVE('',#10689,#10697,#10699,.T.);
#10697 = VERTEX_POINT('',#10698);
#10698 = CARTESIAN_POINT('',(0.95,-3.49,-2.34));
#10699 = LINE('',#10700,#10701);
#10700 = CARTESIAN_POINT('',(0.95,-3.49,-1.973976537784E-15));
#10701 = VECTOR('',#10702,1.);
#10702 = DIRECTION('',(-0.,-0.,-1.));
#10703 = ORIENTED_EDGE('',*,*,#10704,.T.);
#10704 = EDGE_CURVE('',#10697,#10566,#10705,.T.);
#10705 = LINE('',#10706,#10707);
#10706 = CARTESIAN_POINT('',(0.95,-3.49,-2.34));
#10707 = VECTOR('',#10708,1.);
#10708 = DIRECTION('',(0.,-1.,0.));
#10709 = ORIENTED_EDGE('',*,*,#10565,.F.);
#10710 = PLANE('',#10711);
#10711 = AXIS2_PLACEMENT_3D('',#10712,#10713,#10714);
#10712 = CARTESIAN_POINT('',(0.95,-3.49,-1.973976537784E-15));
#10713 = DIRECTION('',(-1.,0.,0.));
#10714 = DIRECTION('',(0.,-1.,0.));
#10715 = ADVANCED_FACE('',(#10716),#10734,.F.);
#10716 = FACE_BOUND('',#10717,.F.);
#10717 = EDGE_LOOP('',(#10718,#10719,#10720,#10728));
#10718 = ORIENTED_EDGE('',*,*,#10626,.F.);
#10719 = ORIENTED_EDGE('',*,*,#10612,.T.);
#10720 = ORIENTED_EDGE('',*,*,#10721,.T.);
#10721 = EDGE_CURVE('',#10605,#10722,#10724,.T.);
#10722 = VERTEX_POINT('',#10723);
#10723 = CARTESIAN_POINT('',(1.59,-3.49,8.18));
#10724 = LINE('',#10725,#10726);
#10725 = CARTESIAN_POINT('',(1.59,-4.13,8.18));
#10726 = VECTOR('',#10727,1.);
#10727 = DIRECTION('',(0.,1.,0.));
#10728 = ORIENTED_EDGE('',*,*,#10729,.F.);
#10729 = EDGE_CURVE('',#10627,#10722,#10730,.T.);
#10730 = LINE('',#10731,#10732);
#10731 = CARTESIAN_POINT('',(1.59,-3.49,-1.973976537784E-15));
#10732 = VECTOR('',#10733,1.);
#10733 = DIRECTION('',(0.,0.,1.));
#10734 = PLANE('',#10735);
#10735 = AXIS2_PLACEMENT_3D('',#10736,#10737,#10738);
#10736 = CARTESIAN_POINT('',(1.59,-4.13,-1.973976537784E-15));
#10737 = DIRECTION('',(-1.,0.,0.));
#10738 = DIRECTION('',(0.,1.,0.));
#10739 = ADVANCED_FACE('',(#10740),#10765,.F.);
#10740 = FACE_BOUND('',#10741,.T.);
#10741 = EDGE_LOOP('',(#10742,#10750,#10751,#10759));
#10742 = ORIENTED_EDGE('',*,*,#10743,.F.);
#10743 = EDGE_CURVE('',#10597,#10744,#10746,.T.);
#10744 = VERTEX_POINT('',#10745);
#10745 = CARTESIAN_POINT('',(1.15,-3.93,8.38));
#10746 = LINE('',#10747,#10748);
#10747 = CARTESIAN_POINT('',(1.123333333333,-3.956666666667,
    8.353333333333));
#10748 = VECTOR('',#10749,1.);
#10749 = DIRECTION('',(0.57735026919,0.57735026919,0.57735026919));
#10750 = ORIENTED_EDGE('',*,*,#10604,.T.);
#10751 = ORIENTED_EDGE('',*,*,#10752,.T.);
#10752 = EDGE_CURVE('',#10605,#10753,#10755,.T.);
#10753 = VERTEX_POINT('',#10754);
#10754 = CARTESIAN_POINT('',(1.39,-3.93,8.38));
#10755 = LINE('',#10756,#10757);
#10756 = CARTESIAN_POINT('',(1.416666666667,-3.956666666667,
    8.353333333333));
#10757 = VECTOR('',#10758,1.);
#10758 = DIRECTION('',(-0.57735026919,0.57735026919,0.57735026919));
#10759 = ORIENTED_EDGE('',*,*,#10760,.F.);
#10760 = EDGE_CURVE('',#10744,#10753,#10761,.T.);
#10761 = LINE('',#10762,#10763);
#10762 = CARTESIAN_POINT('',(0.95,-3.93,8.38));
#10763 = VECTOR('',#10764,1.);
#10764 = DIRECTION('',(1.,0.,0.));
#10765 = PLANE('',#10766);
#10766 = AXIS2_PLACEMENT_3D('',#10767,#10768,#10769);
#10767 = CARTESIAN_POINT('',(0.95,-4.03,8.28));
#10768 = DIRECTION('',(0.,0.707106781187,-0.707106781187));
#10769 = DIRECTION('',(-1.,-0.,-0.));
#10770 = ADVANCED_FACE('',(#10771),#10789,.F.);
#10771 = FACE_BOUND('',#10772,.F.);
#10772 = EDGE_LOOP('',(#10773,#10774,#10782,#10788));
#10773 = ORIENTED_EDGE('',*,*,#10688,.F.);
#10774 = ORIENTED_EDGE('',*,*,#10775,.T.);
#10775 = EDGE_CURVE('',#10689,#10776,#10778,.T.);
#10776 = VERTEX_POINT('',#10777);
#10777 = CARTESIAN_POINT('',(0.95,-3.49,8.18));
#10778 = LINE('',#10779,#10780);
#10779 = CARTESIAN_POINT('',(0.95,-3.49,-1.973976537784E-15));
#10780 = VECTOR('',#10781,1.);
#10781 = DIRECTION('',(0.,0.,1.));
#10782 = ORIENTED_EDGE('',*,*,#10783,.T.);
#10783 = EDGE_CURVE('',#10776,#10597,#10784,.T.);
#10784 = LINE('',#10785,#10786);
#10785 = CARTESIAN_POINT('',(0.95,-3.49,8.18));
#10786 = VECTOR('',#10787,1.);
#10787 = DIRECTION('',(0.,-1.,0.));
#10788 = ORIENTED_EDGE('',*,*,#10596,.F.);
#10789 = PLANE('',#10790);
#10790 = AXIS2_PLACEMENT_3D('',#10791,#10792,#10793);
#10791 = CARTESIAN_POINT('',(0.95,-3.49,-1.973976537784E-15));
#10792 = DIRECTION('',(1.,0.,0.));
#10793 = DIRECTION('',(0.,-1.,0.));
#10794 = ADVANCED_FACE('',(#10795),#10811,.T.);
#10795 = FACE_BOUND('',#10796,.T.);
#10796 = EDGE_LOOP('',(#10797,#10803,#10804,#10810));
#10797 = ORIENTED_EDGE('',*,*,#10798,.F.);
#10798 = EDGE_CURVE('',#10627,#10689,#10799,.T.);
#10799 = LINE('',#10800,#10801);
#10800 = CARTESIAN_POINT('',(1.59,-3.49,-1.973976537784E-15));
#10801 = VECTOR('',#10802,1.);
#10802 = DIRECTION('',(-1.,0.,0.));
#10803 = ORIENTED_EDGE('',*,*,#10643,.T.);
#10804 = ORIENTED_EDGE('',*,*,#10805,.T.);
#10805 = EDGE_CURVE('',#10636,#10697,#10806,.T.);
#10806 = LINE('',#10807,#10808);
#10807 = CARTESIAN_POINT('',(1.59,-3.49,-2.34));
#10808 = VECTOR('',#10809,1.);
#10809 = DIRECTION('',(-1.,0.,0.));
#10810 = ORIENTED_EDGE('',*,*,#10696,.F.);
#10811 = PLANE('',#10812);
#10812 = AXIS2_PLACEMENT_3D('',#10813,#10814,#10815);
#10813 = CARTESIAN_POINT('',(1.59,-3.49,-1.973976537784E-15));
#10814 = DIRECTION('',(0.,1.,0.));
#10815 = DIRECTION('',(-1.,0.,0.));
#10816 = ADVANCED_FACE('',(#10817),#10835,.F.);
#10817 = FACE_BOUND('',#10818,.F.);
#10818 = EDGE_LOOP('',(#10819,#10820,#10821,#10829));
#10819 = ORIENTED_EDGE('',*,*,#10666,.F.);
#10820 = ORIENTED_EDGE('',*,*,#10635,.T.);
#10821 = ORIENTED_EDGE('',*,*,#10822,.F.);
#10822 = EDGE_CURVE('',#10823,#10636,#10825,.T.);
#10823 = VERTEX_POINT('',#10824);
#10824 = CARTESIAN_POINT('',(1.39,-3.69,-2.54));
#10825 = LINE('',#10826,#10827);
#10826 = CARTESIAN_POINT('',(1.416666666667,-3.663333333333,
    -2.513333333333));
#10827 = VECTOR('',#10828,1.);
#10828 = DIRECTION('',(0.57735026919,0.57735026919,0.57735026919));
#10829 = ORIENTED_EDGE('',*,*,#10830,.F.);
#10830 = EDGE_CURVE('',#10667,#10823,#10831,.T.);
#10831 = LINE('',#10832,#10833);
#10832 = CARTESIAN_POINT('',(1.39,-4.13,-2.54));
#10833 = VECTOR('',#10834,1.);
#10834 = DIRECTION('',(0.,1.,0.));
#10835 = PLANE('',#10836);
#10836 = AXIS2_PLACEMENT_3D('',#10837,#10838,#10839);
#10837 = CARTESIAN_POINT('',(1.49,-4.13,-2.44));
#10838 = DIRECTION('',(-0.707106781187,0.,0.707106781187));
#10839 = DIRECTION('',(0.,1.,0.));
#10840 = ADVANCED_FACE('',(#10841),#10859,.F.);
#10841 = FACE_BOUND('',#10842,.F.);
#10842 = EDGE_LOOP('',(#10843,#10851,#10852,#10853));
#10843 = ORIENTED_EDGE('',*,*,#10844,.F.);
#10844 = EDGE_CURVE('',#10697,#10845,#10847,.T.);
#10845 = VERTEX_POINT('',#10846);
#10846 = CARTESIAN_POINT('',(1.15,-3.69,-2.54));
#10847 = LINE('',#10848,#10849);
#10848 = CARTESIAN_POINT('',(1.123333333333,-3.663333333333,
    -2.513333333333));
#10849 = VECTOR('',#10850,1.);
#10850 = DIRECTION('',(0.57735026919,-0.57735026919,-0.57735026919));
#10851 = ORIENTED_EDGE('',*,*,#10704,.T.);
#10852 = ORIENTED_EDGE('',*,*,#10657,.T.);
#10853 = ORIENTED_EDGE('',*,*,#10854,.F.);
#10854 = EDGE_CURVE('',#10845,#10658,#10855,.T.);
#10855 = LINE('',#10856,#10857);
#10856 = CARTESIAN_POINT('',(1.15,-3.49,-2.54));
#10857 = VECTOR('',#10858,1.);
#10858 = DIRECTION('',(0.,-1.,0.));
#10859 = PLANE('',#10860);
#10860 = AXIS2_PLACEMENT_3D('',#10861,#10862,#10863);
#10861 = CARTESIAN_POINT('',(1.05,-3.49,-2.44));
#10862 = DIRECTION('',(0.707106781187,0.,0.707106781187));
#10863 = DIRECTION('',(0.,-1.,0.));
#10864 = ADVANCED_FACE('',(#10865),#10876,.F.);
#10865 = FACE_BOUND('',#10866,.F.);
#10866 = EDGE_LOOP('',(#10867,#10868,#10869,#10870));
#10867 = ORIENTED_EDGE('',*,*,#10854,.T.);
#10868 = ORIENTED_EDGE('',*,*,#10674,.T.);
#10869 = ORIENTED_EDGE('',*,*,#10830,.T.);
#10870 = ORIENTED_EDGE('',*,*,#10871,.T.);
#10871 = EDGE_CURVE('',#10823,#10845,#10872,.T.);
#10872 = LINE('',#10873,#10874);
#10873 = CARTESIAN_POINT('',(1.59,-3.69,-2.54));
#10874 = VECTOR('',#10875,1.);
#10875 = DIRECTION('',(-1.,0.,0.));
#10876 = PLANE('',#10877);
#10877 = AXIS2_PLACEMENT_3D('',#10878,#10879,#10880);
#10878 = CARTESIAN_POINT('',(1.27,-3.81,-2.54));
#10879 = DIRECTION('',(0.,0.,1.));
#10880 = DIRECTION('',(1.,0.,0.));
#10881 = ADVANCED_FACE('',(#10882),#10893,.F.);
#10882 = FACE_BOUND('',#10883,.F.);
#10883 = EDGE_LOOP('',(#10884,#10885,#10886,#10892));
#10884 = ORIENTED_EDGE('',*,*,#10798,.F.);
#10885 = ORIENTED_EDGE('',*,*,#10729,.T.);
#10886 = ORIENTED_EDGE('',*,*,#10887,.T.);
#10887 = EDGE_CURVE('',#10722,#10776,#10888,.T.);
#10888 = LINE('',#10889,#10890);
#10889 = CARTESIAN_POINT('',(1.59,-3.49,8.18));
#10890 = VECTOR('',#10891,1.);
#10891 = DIRECTION('',(-1.,0.,0.));
#10892 = ORIENTED_EDGE('',*,*,#10775,.F.);
#10893 = PLANE('',#10894);
#10894 = AXIS2_PLACEMENT_3D('',#10895,#10896,#10897);
#10895 = CARTESIAN_POINT('',(1.59,-3.49,-1.973976537784E-15));
#10896 = DIRECTION('',(0.,-1.,0.));
#10897 = DIRECTION('',(-1.,0.,0.));
#10898 = ADVANCED_FACE('',(#10899),#10917,.F.);
#10899 = FACE_BOUND('',#10900,.T.);
#10900 = EDGE_LOOP('',(#10901,#10902,#10903,#10911));
#10901 = ORIENTED_EDGE('',*,*,#10752,.F.);
#10902 = ORIENTED_EDGE('',*,*,#10721,.T.);
#10903 = ORIENTED_EDGE('',*,*,#10904,.F.);
#10904 = EDGE_CURVE('',#10905,#10722,#10907,.T.);
#10905 = VERTEX_POINT('',#10906);
#10906 = CARTESIAN_POINT('',(1.39,-3.69,8.38));
#10907 = LINE('',#10908,#10909);
#10908 = CARTESIAN_POINT('',(1.416666666667,-3.663333333333,
    8.353333333333));
#10909 = VECTOR('',#10910,1.);
#10910 = DIRECTION('',(0.57735026919,0.57735026919,-0.57735026919));
#10911 = ORIENTED_EDGE('',*,*,#10912,.F.);
#10912 = EDGE_CURVE('',#10753,#10905,#10913,.T.);
#10913 = LINE('',#10914,#10915);
#10914 = CARTESIAN_POINT('',(1.39,-4.13,8.38));
#10915 = VECTOR('',#10916,1.);
#10916 = DIRECTION('',(0.,1.,0.));
#10917 = PLANE('',#10918);
#10918 = AXIS2_PLACEMENT_3D('',#10919,#10920,#10921);
#10919 = CARTESIAN_POINT('',(1.49,-4.13,8.28));
#10920 = DIRECTION('',(-0.707106781187,0.,-0.707106781187));
#10921 = DIRECTION('',(-0.,-1.,-0.));
#10922 = ADVANCED_FACE('',(#10923),#10941,.F.);
#10923 = FACE_BOUND('',#10924,.T.);
#10924 = EDGE_LOOP('',(#10925,#10933,#10934,#10935));
#10925 = ORIENTED_EDGE('',*,*,#10926,.T.);
#10926 = EDGE_CURVE('',#10927,#10776,#10929,.T.);
#10927 = VERTEX_POINT('',#10928);
#10928 = CARTESIAN_POINT('',(1.15,-3.69,8.38));
#10929 = LINE('',#10930,#10931);
#10930 = CARTESIAN_POINT('',(1.123333333333,-3.663333333333,
    8.353333333333));
#10931 = VECTOR('',#10932,1.);
#10932 = DIRECTION('',(-0.57735026919,0.57735026919,-0.57735026919));
#10933 = ORIENTED_EDGE('',*,*,#10783,.T.);
#10934 = ORIENTED_EDGE('',*,*,#10743,.T.);
#10935 = ORIENTED_EDGE('',*,*,#10936,.F.);
#10936 = EDGE_CURVE('',#10927,#10744,#10937,.T.);
#10937 = LINE('',#10938,#10939);
#10938 = CARTESIAN_POINT('',(1.15,-3.49,8.38));
#10939 = VECTOR('',#10940,1.);
#10940 = DIRECTION('',(0.,-1.,0.));
#10941 = PLANE('',#10942);
#10942 = AXIS2_PLACEMENT_3D('',#10943,#10944,#10945);
#10943 = CARTESIAN_POINT('',(1.05,-3.49,8.28));
#10944 = DIRECTION('',(0.707106781187,0.,-0.707106781187));
#10945 = DIRECTION('',(0.,1.,0.));
#10946 = ADVANCED_FACE('',(#10947),#10958,.T.);
#10947 = FACE_BOUND('',#10948,.T.);
#10948 = EDGE_LOOP('',(#10949,#10950,#10951,#10952));
#10949 = ORIENTED_EDGE('',*,*,#10936,.T.);
#10950 = ORIENTED_EDGE('',*,*,#10760,.T.);
#10951 = ORIENTED_EDGE('',*,*,#10912,.T.);
#10952 = ORIENTED_EDGE('',*,*,#10953,.T.);
#10953 = EDGE_CURVE('',#10905,#10927,#10954,.T.);
#10954 = LINE('',#10955,#10956);
#10955 = CARTESIAN_POINT('',(1.59,-3.69,8.38));
#10956 = VECTOR('',#10957,1.);
#10957 = DIRECTION('',(-1.,0.,0.));
#10958 = PLANE('',#10959);
#10959 = AXIS2_PLACEMENT_3D('',#10960,#10961,#10962);
#10960 = CARTESIAN_POINT('',(1.27,-3.81,8.38));
#10961 = DIRECTION('',(0.,0.,1.));
#10962 = DIRECTION('',(1.,0.,0.));
#10963 = ADVANCED_FACE('',(#10964),#10970,.F.);
#10964 = FACE_BOUND('',#10965,.T.);
#10965 = EDGE_LOOP('',(#10966,#10967,#10968,#10969));
#10966 = ORIENTED_EDGE('',*,*,#10822,.F.);
#10967 = ORIENTED_EDGE('',*,*,#10871,.T.);
#10968 = ORIENTED_EDGE('',*,*,#10844,.F.);
#10969 = ORIENTED_EDGE('',*,*,#10805,.F.);
#10970 = PLANE('',#10971);
#10971 = AXIS2_PLACEMENT_3D('',#10972,#10973,#10974);
#10972 = CARTESIAN_POINT('',(1.59,-3.59,-2.44));
#10973 = DIRECTION('',(0.,-0.707106781187,0.707106781187));
#10974 = DIRECTION('',(1.,0.,0.));
#10975 = ADVANCED_FACE('',(#10976),#10982,.F.);
#10976 = FACE_BOUND('',#10977,.F.);
#10977 = EDGE_LOOP('',(#10978,#10979,#10980,#10981));
#10978 = ORIENTED_EDGE('',*,*,#10904,.F.);
#10979 = ORIENTED_EDGE('',*,*,#10953,.T.);
#10980 = ORIENTED_EDGE('',*,*,#10926,.T.);
#10981 = ORIENTED_EDGE('',*,*,#10887,.F.);
#10982 = PLANE('',#10983);
#10983 = AXIS2_PLACEMENT_3D('',#10984,#10985,#10986);
#10984 = CARTESIAN_POINT('',(1.59,-3.59,8.28));
#10985 = DIRECTION('',(0.,-0.707106781187,-0.707106781187));
#10986 = DIRECTION('',(-1.,0.,0.));
#10987 = MANIFOLD_SOLID_BREP('',#10988);
#10988 = CLOSED_SHELL('',(#10989,#11029,#11060,#11091,#11122,#11153,
    #11177,#11208,#11232,#11254,#11278,#11302,#11319,#11336,#11360,
    #11384,#11401,#11413));
#10989 = ADVANCED_FACE('',(#10990),#11024,.T.);
#10990 = FACE_BOUND('',#10991,.T.);
#10991 = EDGE_LOOP('',(#10992,#11002,#11010,#11018));
#10992 = ORIENTED_EDGE('',*,*,#10993,.F.);
#10993 = EDGE_CURVE('',#10994,#10996,#10998,.T.);
#10994 = VERTEX_POINT('',#10995);
#10995 = CARTESIAN_POINT('',(0.95,-1.59,-2.255973186038E-15));
#10996 = VERTEX_POINT('',#10997);
#10997 = CARTESIAN_POINT('',(1.59,-1.59,-2.255973186038E-15));
#10998 = LINE('',#10999,#11000);
#10999 = CARTESIAN_POINT('',(0.95,-1.59,-2.255973186038E-15));
#11000 = VECTOR('',#11001,1.);
#11001 = DIRECTION('',(1.,0.,0.));
#11002 = ORIENTED_EDGE('',*,*,#11003,.T.);
#11003 = EDGE_CURVE('',#10994,#11004,#11006,.T.);
#11004 = VERTEX_POINT('',#11005);
#11005 = CARTESIAN_POINT('',(0.95,-1.59,-2.34));
#11006 = LINE('',#11007,#11008);
#11007 = CARTESIAN_POINT('',(0.95,-1.59,-2.255973186038E-15));
#11008 = VECTOR('',#11009,1.);
#11009 = DIRECTION('',(-0.,-0.,-1.));
#11010 = ORIENTED_EDGE('',*,*,#11011,.T.);
#11011 = EDGE_CURVE('',#11004,#11012,#11014,.T.);
#11012 = VERTEX_POINT('',#11013);
#11013 = CARTESIAN_POINT('',(1.59,-1.59,-2.34));
#11014 = LINE('',#11015,#11016);
#11015 = CARTESIAN_POINT('',(0.95,-1.59,-2.34));
#11016 = VECTOR('',#11017,1.);
#11017 = DIRECTION('',(1.,0.,0.));
#11018 = ORIENTED_EDGE('',*,*,#11019,.F.);
#11019 = EDGE_CURVE('',#10996,#11012,#11020,.T.);
#11020 = LINE('',#11021,#11022);
#11021 = CARTESIAN_POINT('',(1.59,-1.59,-2.255973186038E-15));
#11022 = VECTOR('',#11023,1.);
#11023 = DIRECTION('',(-0.,-0.,-1.));
#11024 = PLANE('',#11025);
#11025 = AXIS2_PLACEMENT_3D('',#11026,#11027,#11028);
#11026 = CARTESIAN_POINT('',(0.95,-1.59,-2.255973186038E-15));
#11027 = DIRECTION('',(0.,-1.,0.));
#11028 = DIRECTION('',(1.,0.,0.));
#11029 = ADVANCED_FACE('',(#11030),#11055,.F.);
#11030 = FACE_BOUND('',#11031,.F.);
#11031 = EDGE_LOOP('',(#11032,#11033,#11041,#11049));
#11032 = ORIENTED_EDGE('',*,*,#10993,.F.);
#11033 = ORIENTED_EDGE('',*,*,#11034,.T.);
#11034 = EDGE_CURVE('',#10994,#11035,#11037,.T.);
#11035 = VERTEX_POINT('',#11036);
#11036 = CARTESIAN_POINT('',(0.95,-1.59,8.18));
#11037 = LINE('',#11038,#11039);
#11038 = CARTESIAN_POINT('',(0.95,-1.59,-2.255973186038E-15));
#11039 = VECTOR('',#11040,1.);
#11040 = DIRECTION('',(0.,0.,1.));
#11041 = ORIENTED_EDGE('',*,*,#11042,.T.);
#11042 = EDGE_CURVE('',#11035,#11043,#11045,.T.);
#11043 = VERTEX_POINT('',#11044);
#11044 = CARTESIAN_POINT('',(1.59,-1.59,8.18));
#11045 = LINE('',#11046,#11047);
#11046 = CARTESIAN_POINT('',(0.95,-1.59,8.18));
#11047 = VECTOR('',#11048,1.);
#11048 = DIRECTION('',(1.,0.,0.));
#11049 = ORIENTED_EDGE('',*,*,#11050,.F.);
#11050 = EDGE_CURVE('',#10996,#11043,#11051,.T.);
#11051 = LINE('',#11052,#11053);
#11052 = CARTESIAN_POINT('',(1.59,-1.59,-2.255973186038E-15));
#11053 = VECTOR('',#11054,1.);
#11054 = DIRECTION('',(0.,0.,1.));
#11055 = PLANE('',#11056);
#11056 = AXIS2_PLACEMENT_3D('',#11057,#11058,#11059);
#11057 = CARTESIAN_POINT('',(0.95,-1.59,-2.255973186038E-15));
#11058 = DIRECTION('',(0.,1.,0.));
#11059 = DIRECTION('',(1.,0.,0.));
#11060 = ADVANCED_FACE('',(#11061),#11086,.T.);
#11061 = FACE_BOUND('',#11062,.T.);
#11062 = EDGE_LOOP('',(#11063,#11071,#11072,#11080));
#11063 = ORIENTED_EDGE('',*,*,#11064,.F.);
#11064 = EDGE_CURVE('',#10996,#11065,#11067,.T.);
#11065 = VERTEX_POINT('',#11066);
#11066 = CARTESIAN_POINT('',(1.59,-0.95,-2.255973186038E-15));
#11067 = LINE('',#11068,#11069);
#11068 = CARTESIAN_POINT('',(1.59,-1.59,-2.255973186038E-15));
#11069 = VECTOR('',#11070,1.);
#11070 = DIRECTION('',(0.,1.,0.));
#11071 = ORIENTED_EDGE('',*,*,#11019,.T.);
#11072 = ORIENTED_EDGE('',*,*,#11073,.T.);
#11073 = EDGE_CURVE('',#11012,#11074,#11076,.T.);
#11074 = VERTEX_POINT('',#11075);
#11075 = CARTESIAN_POINT('',(1.59,-0.95,-2.34));
#11076 = LINE('',#11077,#11078);
#11077 = CARTESIAN_POINT('',(1.59,-1.59,-2.34));
#11078 = VECTOR('',#11079,1.);
#11079 = DIRECTION('',(0.,1.,0.));
#11080 = ORIENTED_EDGE('',*,*,#11081,.F.);
#11081 = EDGE_CURVE('',#11065,#11074,#11082,.T.);
#11082 = LINE('',#11083,#11084);
#11083 = CARTESIAN_POINT('',(1.59,-0.95,-2.255973186038E-15));
#11084 = VECTOR('',#11085,1.);
#11085 = DIRECTION('',(-0.,-0.,-1.));
#11086 = PLANE('',#11087);
#11087 = AXIS2_PLACEMENT_3D('',#11088,#11089,#11090);
#11088 = CARTESIAN_POINT('',(1.59,-1.59,-2.255973186038E-15));
#11089 = DIRECTION('',(1.,0.,0.));
#11090 = DIRECTION('',(0.,1.,0.));
#11091 = ADVANCED_FACE('',(#11092),#11117,.F.);
#11092 = FACE_BOUND('',#11093,.F.);
#11093 = EDGE_LOOP('',(#11094,#11102,#11103,#11111));
#11094 = ORIENTED_EDGE('',*,*,#11095,.F.);
#11095 = EDGE_CURVE('',#11004,#11096,#11098,.T.);
#11096 = VERTEX_POINT('',#11097);
#11097 = CARTESIAN_POINT('',(1.15,-1.39,-2.54));
#11098 = LINE('',#11099,#11100);
#11099 = CARTESIAN_POINT('',(1.123333333333,-1.416666666667,
    -2.513333333333));
#11100 = VECTOR('',#11101,1.);
#11101 = DIRECTION('',(0.57735026919,0.57735026919,-0.57735026919));
#11102 = ORIENTED_EDGE('',*,*,#11011,.T.);
#11103 = ORIENTED_EDGE('',*,*,#11104,.T.);
#11104 = EDGE_CURVE('',#11012,#11105,#11107,.T.);
#11105 = VERTEX_POINT('',#11106);
#11106 = CARTESIAN_POINT('',(1.39,-1.39,-2.54));
#11107 = LINE('',#11108,#11109);
#11108 = CARTESIAN_POINT('',(1.416666666667,-1.416666666667,
    -2.513333333333));
#11109 = VECTOR('',#11110,1.);
#11110 = DIRECTION('',(-0.57735026919,0.57735026919,-0.57735026919));
#11111 = ORIENTED_EDGE('',*,*,#11112,.F.);
#11112 = EDGE_CURVE('',#11096,#11105,#11113,.T.);
#11113 = LINE('',#11114,#11115);
#11114 = CARTESIAN_POINT('',(0.95,-1.39,-2.54));
#11115 = VECTOR('',#11116,1.);
#11116 = DIRECTION('',(1.,0.,0.));
#11117 = PLANE('',#11118);
#11118 = AXIS2_PLACEMENT_3D('',#11119,#11120,#11121);
#11119 = CARTESIAN_POINT('',(0.95,-1.49,-2.44));
#11120 = DIRECTION('',(0.,0.707106781187,0.707106781187));
#11121 = DIRECTION('',(1.,0.,0.));
#11122 = ADVANCED_FACE('',(#11123),#11148,.T.);
#11123 = FACE_BOUND('',#11124,.T.);
#11124 = EDGE_LOOP('',(#11125,#11133,#11141,#11147));
#11125 = ORIENTED_EDGE('',*,*,#11126,.F.);
#11126 = EDGE_CURVE('',#11127,#10994,#11129,.T.);
#11127 = VERTEX_POINT('',#11128);
#11128 = CARTESIAN_POINT('',(0.95,-0.95,-2.255973186038E-15));
#11129 = LINE('',#11130,#11131);
#11130 = CARTESIAN_POINT('',(0.95,-0.95,-2.255973186038E-15));
#11131 = VECTOR('',#11132,1.);
#11132 = DIRECTION('',(0.,-1.,0.));
#11133 = ORIENTED_EDGE('',*,*,#11134,.T.);
#11134 = EDGE_CURVE('',#11127,#11135,#11137,.T.);
#11135 = VERTEX_POINT('',#11136);
#11136 = CARTESIAN_POINT('',(0.95,-0.95,-2.34));
#11137 = LINE('',#11138,#11139);
#11138 = CARTESIAN_POINT('',(0.95,-0.95,-2.255973186038E-15));
#11139 = VECTOR('',#11140,1.);
#11140 = DIRECTION('',(-0.,-0.,-1.));
#11141 = ORIENTED_EDGE('',*,*,#11142,.T.);
#11142 = EDGE_CURVE('',#11135,#11004,#11143,.T.);
#11143 = LINE('',#11144,#11145);
#11144 = CARTESIAN_POINT('',(0.95,-0.95,-2.34));
#11145 = VECTOR('',#11146,1.);
#11146 = DIRECTION('',(0.,-1.,0.));
#11147 = ORIENTED_EDGE('',*,*,#11003,.F.);
#11148 = PLANE('',#11149);
#11149 = AXIS2_PLACEMENT_3D('',#11150,#11151,#11152);
#11150 = CARTESIAN_POINT('',(0.95,-0.95,-2.255973186038E-15));
#11151 = DIRECTION('',(-1.,0.,0.));
#11152 = DIRECTION('',(0.,-1.,0.));
#11153 = ADVANCED_FACE('',(#11154),#11172,.F.);
#11154 = FACE_BOUND('',#11155,.F.);
#11155 = EDGE_LOOP('',(#11156,#11157,#11158,#11166));
#11156 = ORIENTED_EDGE('',*,*,#11064,.F.);
#11157 = ORIENTED_EDGE('',*,*,#11050,.T.);
#11158 = ORIENTED_EDGE('',*,*,#11159,.T.);
#11159 = EDGE_CURVE('',#11043,#11160,#11162,.T.);
#11160 = VERTEX_POINT('',#11161);
#11161 = CARTESIAN_POINT('',(1.59,-0.95,8.18));
#11162 = LINE('',#11163,#11164);
#11163 = CARTESIAN_POINT('',(1.59,-1.59,8.18));
#11164 = VECTOR('',#11165,1.);
#11165 = DIRECTION('',(0.,1.,0.));
#11166 = ORIENTED_EDGE('',*,*,#11167,.F.);
#11167 = EDGE_CURVE('',#11065,#11160,#11168,.T.);
#11168 = LINE('',#11169,#11170);
#11169 = CARTESIAN_POINT('',(1.59,-0.95,-2.255973186038E-15));
#11170 = VECTOR('',#11171,1.);
#11171 = DIRECTION('',(0.,0.,1.));
#11172 = PLANE('',#11173);
#11173 = AXIS2_PLACEMENT_3D('',#11174,#11175,#11176);
#11174 = CARTESIAN_POINT('',(1.59,-1.59,-2.255973186038E-15));
#11175 = DIRECTION('',(-1.,0.,0.));
#11176 = DIRECTION('',(0.,1.,0.));
#11177 = ADVANCED_FACE('',(#11178),#11203,.F.);
#11178 = FACE_BOUND('',#11179,.T.);
#11179 = EDGE_LOOP('',(#11180,#11188,#11189,#11197));
#11180 = ORIENTED_EDGE('',*,*,#11181,.F.);
#11181 = EDGE_CURVE('',#11035,#11182,#11184,.T.);
#11182 = VERTEX_POINT('',#11183);
#11183 = CARTESIAN_POINT('',(1.15,-1.39,8.38));
#11184 = LINE('',#11185,#11186);
#11185 = CARTESIAN_POINT('',(1.123333333333,-1.416666666667,
    8.353333333333));
#11186 = VECTOR('',#11187,1.);
#11187 = DIRECTION('',(0.57735026919,0.57735026919,0.57735026919));
#11188 = ORIENTED_EDGE('',*,*,#11042,.T.);
#11189 = ORIENTED_EDGE('',*,*,#11190,.T.);
#11190 = EDGE_CURVE('',#11043,#11191,#11193,.T.);
#11191 = VERTEX_POINT('',#11192);
#11192 = CARTESIAN_POINT('',(1.39,-1.39,8.38));
#11193 = LINE('',#11194,#11195);
#11194 = CARTESIAN_POINT('',(1.416666666667,-1.416666666667,
    8.353333333333));
#11195 = VECTOR('',#11196,1.);
#11196 = DIRECTION('',(-0.57735026919,0.57735026919,0.57735026919));
#11197 = ORIENTED_EDGE('',*,*,#11198,.F.);
#11198 = EDGE_CURVE('',#11182,#11191,#11199,.T.);
#11199 = LINE('',#11200,#11201);
#11200 = CARTESIAN_POINT('',(0.95,-1.39,8.38));
#11201 = VECTOR('',#11202,1.);
#11202 = DIRECTION('',(1.,0.,0.));
#11203 = PLANE('',#11204);
#11204 = AXIS2_PLACEMENT_3D('',#11205,#11206,#11207);
#11205 = CARTESIAN_POINT('',(0.95,-1.49,8.28));
#11206 = DIRECTION('',(0.,0.707106781187,-0.707106781187));
#11207 = DIRECTION('',(-1.,-0.,-0.));
#11208 = ADVANCED_FACE('',(#11209),#11227,.F.);
#11209 = FACE_BOUND('',#11210,.F.);
#11210 = EDGE_LOOP('',(#11211,#11212,#11220,#11226));
#11211 = ORIENTED_EDGE('',*,*,#11126,.F.);
#11212 = ORIENTED_EDGE('',*,*,#11213,.T.);
#11213 = EDGE_CURVE('',#11127,#11214,#11216,.T.);
#11214 = VERTEX_POINT('',#11215);
#11215 = CARTESIAN_POINT('',(0.95,-0.95,8.18));
#11216 = LINE('',#11217,#11218);
#11217 = CARTESIAN_POINT('',(0.95,-0.95,-2.255973186038E-15));
#11218 = VECTOR('',#11219,1.);
#11219 = DIRECTION('',(0.,0.,1.));
#11220 = ORIENTED_EDGE('',*,*,#11221,.T.);
#11221 = EDGE_CURVE('',#11214,#11035,#11222,.T.);
#11222 = LINE('',#11223,#11224);
#11223 = CARTESIAN_POINT('',(0.95,-0.95,8.18));
#11224 = VECTOR('',#11225,1.);
#11225 = DIRECTION('',(0.,-1.,0.));
#11226 = ORIENTED_EDGE('',*,*,#11034,.F.);
#11227 = PLANE('',#11228);
#11228 = AXIS2_PLACEMENT_3D('',#11229,#11230,#11231);
#11229 = CARTESIAN_POINT('',(0.95,-0.95,-2.255973186038E-15));
#11230 = DIRECTION('',(1.,0.,0.));
#11231 = DIRECTION('',(0.,-1.,0.));
#11232 = ADVANCED_FACE('',(#11233),#11249,.T.);
#11233 = FACE_BOUND('',#11234,.T.);
#11234 = EDGE_LOOP('',(#11235,#11241,#11242,#11248));
#11235 = ORIENTED_EDGE('',*,*,#11236,.F.);
#11236 = EDGE_CURVE('',#11065,#11127,#11237,.T.);
#11237 = LINE('',#11238,#11239);
#11238 = CARTESIAN_POINT('',(1.59,-0.95,-2.255973186038E-15));
#11239 = VECTOR('',#11240,1.);
#11240 = DIRECTION('',(-1.,0.,0.));
#11241 = ORIENTED_EDGE('',*,*,#11081,.T.);
#11242 = ORIENTED_EDGE('',*,*,#11243,.T.);
#11243 = EDGE_CURVE('',#11074,#11135,#11244,.T.);
#11244 = LINE('',#11245,#11246);
#11245 = CARTESIAN_POINT('',(1.59,-0.95,-2.34));
#11246 = VECTOR('',#11247,1.);
#11247 = DIRECTION('',(-1.,0.,0.));
#11248 = ORIENTED_EDGE('',*,*,#11134,.F.);
#11249 = PLANE('',#11250);
#11250 = AXIS2_PLACEMENT_3D('',#11251,#11252,#11253);
#11251 = CARTESIAN_POINT('',(1.59,-0.95,-2.255973186038E-15));
#11252 = DIRECTION('',(0.,1.,0.));
#11253 = DIRECTION('',(-1.,0.,0.));
#11254 = ADVANCED_FACE('',(#11255),#11273,.F.);
#11255 = FACE_BOUND('',#11256,.F.);
#11256 = EDGE_LOOP('',(#11257,#11258,#11259,#11267));
#11257 = ORIENTED_EDGE('',*,*,#11104,.F.);
#11258 = ORIENTED_EDGE('',*,*,#11073,.T.);
#11259 = ORIENTED_EDGE('',*,*,#11260,.F.);
#11260 = EDGE_CURVE('',#11261,#11074,#11263,.T.);
#11261 = VERTEX_POINT('',#11262);
#11262 = CARTESIAN_POINT('',(1.39,-1.15,-2.54));
#11263 = LINE('',#11264,#11265);
#11264 = CARTESIAN_POINT('',(1.416666666667,-1.123333333333,
    -2.513333333333));
#11265 = VECTOR('',#11266,1.);
#11266 = DIRECTION('',(0.57735026919,0.57735026919,0.57735026919));
#11267 = ORIENTED_EDGE('',*,*,#11268,.F.);
#11268 = EDGE_CURVE('',#11105,#11261,#11269,.T.);
#11269 = LINE('',#11270,#11271);
#11270 = CARTESIAN_POINT('',(1.39,-1.59,-2.54));
#11271 = VECTOR('',#11272,1.);
#11272 = DIRECTION('',(0.,1.,0.));
#11273 = PLANE('',#11274);
#11274 = AXIS2_PLACEMENT_3D('',#11275,#11276,#11277);
#11275 = CARTESIAN_POINT('',(1.49,-1.59,-2.44));
#11276 = DIRECTION('',(-0.707106781187,0.,0.707106781187));
#11277 = DIRECTION('',(0.,1.,0.));
#11278 = ADVANCED_FACE('',(#11279),#11297,.F.);
#11279 = FACE_BOUND('',#11280,.F.);
#11280 = EDGE_LOOP('',(#11281,#11289,#11290,#11291));
#11281 = ORIENTED_EDGE('',*,*,#11282,.F.);
#11282 = EDGE_CURVE('',#11135,#11283,#11285,.T.);
#11283 = VERTEX_POINT('',#11284);
#11284 = CARTESIAN_POINT('',(1.15,-1.15,-2.54));
#11285 = LINE('',#11286,#11287);
#11286 = CARTESIAN_POINT('',(1.123333333333,-1.123333333333,
    -2.513333333333));
#11287 = VECTOR('',#11288,1.);
#11288 = DIRECTION('',(0.57735026919,-0.57735026919,-0.57735026919));
#11289 = ORIENTED_EDGE('',*,*,#11142,.T.);
#11290 = ORIENTED_EDGE('',*,*,#11095,.T.);
#11291 = ORIENTED_EDGE('',*,*,#11292,.F.);
#11292 = EDGE_CURVE('',#11283,#11096,#11293,.T.);
#11293 = LINE('',#11294,#11295);
#11294 = CARTESIAN_POINT('',(1.15,-0.95,-2.54));
#11295 = VECTOR('',#11296,1.);
#11296 = DIRECTION('',(0.,-1.,0.));
#11297 = PLANE('',#11298);
#11298 = AXIS2_PLACEMENT_3D('',#11299,#11300,#11301);
#11299 = CARTESIAN_POINT('',(1.05,-0.95,-2.44));
#11300 = DIRECTION('',(0.707106781187,0.,0.707106781187));
#11301 = DIRECTION('',(0.,-1.,0.));
#11302 = ADVANCED_FACE('',(#11303),#11314,.F.);
#11303 = FACE_BOUND('',#11304,.F.);
#11304 = EDGE_LOOP('',(#11305,#11306,#11307,#11308));
#11305 = ORIENTED_EDGE('',*,*,#11292,.T.);
#11306 = ORIENTED_EDGE('',*,*,#11112,.T.);
#11307 = ORIENTED_EDGE('',*,*,#11268,.T.);
#11308 = ORIENTED_EDGE('',*,*,#11309,.T.);
#11309 = EDGE_CURVE('',#11261,#11283,#11310,.T.);
#11310 = LINE('',#11311,#11312);
#11311 = CARTESIAN_POINT('',(1.59,-1.15,-2.54));
#11312 = VECTOR('',#11313,1.);
#11313 = DIRECTION('',(-1.,0.,0.));
#11314 = PLANE('',#11315);
#11315 = AXIS2_PLACEMENT_3D('',#11316,#11317,#11318);
#11316 = CARTESIAN_POINT('',(1.27,-1.27,-2.54));
#11317 = DIRECTION('',(0.,0.,1.));
#11318 = DIRECTION('',(1.,0.,0.));
#11319 = ADVANCED_FACE('',(#11320),#11331,.F.);
#11320 = FACE_BOUND('',#11321,.F.);
#11321 = EDGE_LOOP('',(#11322,#11323,#11324,#11330));
#11322 = ORIENTED_EDGE('',*,*,#11236,.F.);
#11323 = ORIENTED_EDGE('',*,*,#11167,.T.);
#11324 = ORIENTED_EDGE('',*,*,#11325,.T.);
#11325 = EDGE_CURVE('',#11160,#11214,#11326,.T.);
#11326 = LINE('',#11327,#11328);
#11327 = CARTESIAN_POINT('',(1.59,-0.95,8.18));
#11328 = VECTOR('',#11329,1.);
#11329 = DIRECTION('',(-1.,0.,0.));
#11330 = ORIENTED_EDGE('',*,*,#11213,.F.);
#11331 = PLANE('',#11332);
#11332 = AXIS2_PLACEMENT_3D('',#11333,#11334,#11335);
#11333 = CARTESIAN_POINT('',(1.59,-0.95,-2.255973186038E-15));
#11334 = DIRECTION('',(0.,-1.,0.));
#11335 = DIRECTION('',(-1.,0.,0.));
#11336 = ADVANCED_FACE('',(#11337),#11355,.F.);
#11337 = FACE_BOUND('',#11338,.T.);
#11338 = EDGE_LOOP('',(#11339,#11340,#11341,#11349));
#11339 = ORIENTED_EDGE('',*,*,#11190,.F.);
#11340 = ORIENTED_EDGE('',*,*,#11159,.T.);
#11341 = ORIENTED_EDGE('',*,*,#11342,.F.);
#11342 = EDGE_CURVE('',#11343,#11160,#11345,.T.);
#11343 = VERTEX_POINT('',#11344);
#11344 = CARTESIAN_POINT('',(1.39,-1.15,8.38));
#11345 = LINE('',#11346,#11347);
#11346 = CARTESIAN_POINT('',(1.416666666667,-1.123333333333,
    8.353333333333));
#11347 = VECTOR('',#11348,1.);
#11348 = DIRECTION('',(0.57735026919,0.57735026919,-0.57735026919));
#11349 = ORIENTED_EDGE('',*,*,#11350,.F.);
#11350 = EDGE_CURVE('',#11191,#11343,#11351,.T.);
#11351 = LINE('',#11352,#11353);
#11352 = CARTESIAN_POINT('',(1.39,-1.59,8.38));
#11353 = VECTOR('',#11354,1.);
#11354 = DIRECTION('',(0.,1.,0.));
#11355 = PLANE('',#11356);
#11356 = AXIS2_PLACEMENT_3D('',#11357,#11358,#11359);
#11357 = CARTESIAN_POINT('',(1.49,-1.59,8.28));
#11358 = DIRECTION('',(-0.707106781187,0.,-0.707106781187));
#11359 = DIRECTION('',(-0.,-1.,-0.));
#11360 = ADVANCED_FACE('',(#11361),#11379,.F.);
#11361 = FACE_BOUND('',#11362,.T.);
#11362 = EDGE_LOOP('',(#11363,#11371,#11372,#11373));
#11363 = ORIENTED_EDGE('',*,*,#11364,.T.);
#11364 = EDGE_CURVE('',#11365,#11214,#11367,.T.);
#11365 = VERTEX_POINT('',#11366);
#11366 = CARTESIAN_POINT('',(1.15,-1.15,8.38));
#11367 = LINE('',#11368,#11369);
#11368 = CARTESIAN_POINT('',(1.123333333333,-1.123333333333,
    8.353333333333));
#11369 = VECTOR('',#11370,1.);
#11370 = DIRECTION('',(-0.57735026919,0.57735026919,-0.57735026919));
#11371 = ORIENTED_EDGE('',*,*,#11221,.T.);
#11372 = ORIENTED_EDGE('',*,*,#11181,.T.);
#11373 = ORIENTED_EDGE('',*,*,#11374,.F.);
#11374 = EDGE_CURVE('',#11365,#11182,#11375,.T.);
#11375 = LINE('',#11376,#11377);
#11376 = CARTESIAN_POINT('',(1.15,-0.95,8.38));
#11377 = VECTOR('',#11378,1.);
#11378 = DIRECTION('',(0.,-1.,0.));
#11379 = PLANE('',#11380);
#11380 = AXIS2_PLACEMENT_3D('',#11381,#11382,#11383);
#11381 = CARTESIAN_POINT('',(1.05,-0.95,8.28));
#11382 = DIRECTION('',(0.707106781187,0.,-0.707106781187));
#11383 = DIRECTION('',(0.,1.,0.));
#11384 = ADVANCED_FACE('',(#11385),#11396,.T.);
#11385 = FACE_BOUND('',#11386,.T.);
#11386 = EDGE_LOOP('',(#11387,#11388,#11389,#11390));
#11387 = ORIENTED_EDGE('',*,*,#11374,.T.);
#11388 = ORIENTED_EDGE('',*,*,#11198,.T.);
#11389 = ORIENTED_EDGE('',*,*,#11350,.T.);
#11390 = ORIENTED_EDGE('',*,*,#11391,.T.);
#11391 = EDGE_CURVE('',#11343,#11365,#11392,.T.);
#11392 = LINE('',#11393,#11394);
#11393 = CARTESIAN_POINT('',(1.59,-1.15,8.38));
#11394 = VECTOR('',#11395,1.);
#11395 = DIRECTION('',(-1.,0.,0.));
#11396 = PLANE('',#11397);
#11397 = AXIS2_PLACEMENT_3D('',#11398,#11399,#11400);
#11398 = CARTESIAN_POINT('',(1.27,-1.27,8.38));
#11399 = DIRECTION('',(0.,0.,1.));
#11400 = DIRECTION('',(1.,0.,0.));
#11401 = ADVANCED_FACE('',(#11402),#11408,.F.);
#11402 = FACE_BOUND('',#11403,.T.);
#11403 = EDGE_LOOP('',(#11404,#11405,#11406,#11407));
#11404 = ORIENTED_EDGE('',*,*,#11260,.F.);
#11405 = ORIENTED_EDGE('',*,*,#11309,.T.);
#11406 = ORIENTED_EDGE('',*,*,#11282,.F.);
#11407 = ORIENTED_EDGE('',*,*,#11243,.F.);
#11408 = PLANE('',#11409);
#11409 = AXIS2_PLACEMENT_3D('',#11410,#11411,#11412);
#11410 = CARTESIAN_POINT('',(1.59,-1.05,-2.44));
#11411 = DIRECTION('',(0.,-0.707106781187,0.707106781187));
#11412 = DIRECTION('',(1.,0.,0.));
#11413 = ADVANCED_FACE('',(#11414),#11420,.F.);
#11414 = FACE_BOUND('',#11415,.F.);
#11415 = EDGE_LOOP('',(#11416,#11417,#11418,#11419));
#11416 = ORIENTED_EDGE('',*,*,#11342,.F.);
#11417 = ORIENTED_EDGE('',*,*,#11391,.T.);
#11418 = ORIENTED_EDGE('',*,*,#11364,.T.);
#11419 = ORIENTED_EDGE('',*,*,#11325,.F.);
#11420 = PLANE('',#11421);
#11421 = AXIS2_PLACEMENT_3D('',#11422,#11423,#11424);
#11422 = CARTESIAN_POINT('',(1.59,-1.05,8.28));
#11423 = DIRECTION('',(0.,-0.707106781187,-0.707106781187));
#11424 = DIRECTION('',(-1.,0.,0.));
#11425 = MANIFOLD_SOLID_BREP('',#11426);
#11426 = CLOSED_SHELL('',(#11427,#11467,#11498,#11529,#11560,#11591,
    #11615,#11646,#11670,#11692,#11716,#11740,#11757,#11774,#11798,
    #11822,#11839,#11851));
#11427 = ADVANCED_FACE('',(#11428),#11462,.T.);
#11428 = FACE_BOUND('',#11429,.T.);
#11429 = EDGE_LOOP('',(#11430,#11440,#11448,#11456));
#11430 = ORIENTED_EDGE('',*,*,#11431,.F.);
#11431 = EDGE_CURVE('',#11432,#11434,#11436,.T.);
#11432 = VERTEX_POINT('',#11433);
#11433 = CARTESIAN_POINT('',(0.95,0.95,-2.537969834293E-15));
#11434 = VERTEX_POINT('',#11435);
#11435 = CARTESIAN_POINT('',(1.59,0.95,-2.537969834293E-15));
#11436 = LINE('',#11437,#11438);
#11437 = CARTESIAN_POINT('',(0.95,0.95,-2.537969834293E-15));
#11438 = VECTOR('',#11439,1.);
#11439 = DIRECTION('',(1.,0.,0.));
#11440 = ORIENTED_EDGE('',*,*,#11441,.T.);
#11441 = EDGE_CURVE('',#11432,#11442,#11444,.T.);
#11442 = VERTEX_POINT('',#11443);
#11443 = CARTESIAN_POINT('',(0.95,0.95,-2.34));
#11444 = LINE('',#11445,#11446);
#11445 = CARTESIAN_POINT('',(0.95,0.95,-2.537969834293E-15));
#11446 = VECTOR('',#11447,1.);
#11447 = DIRECTION('',(-0.,-0.,-1.));
#11448 = ORIENTED_EDGE('',*,*,#11449,.T.);
#11449 = EDGE_CURVE('',#11442,#11450,#11452,.T.);
#11450 = VERTEX_POINT('',#11451);
#11451 = CARTESIAN_POINT('',(1.59,0.95,-2.34));
#11452 = LINE('',#11453,#11454);
#11453 = CARTESIAN_POINT('',(0.95,0.95,-2.34));
#11454 = VECTOR('',#11455,1.);
#11455 = DIRECTION('',(1.,0.,0.));
#11456 = ORIENTED_EDGE('',*,*,#11457,.F.);
#11457 = EDGE_CURVE('',#11434,#11450,#11458,.T.);
#11458 = LINE('',#11459,#11460);
#11459 = CARTESIAN_POINT('',(1.59,0.95,-2.537969834293E-15));
#11460 = VECTOR('',#11461,1.);
#11461 = DIRECTION('',(-0.,-0.,-1.));
#11462 = PLANE('',#11463);
#11463 = AXIS2_PLACEMENT_3D('',#11464,#11465,#11466);
#11464 = CARTESIAN_POINT('',(0.95,0.95,-2.537969834293E-15));
#11465 = DIRECTION('',(0.,-1.,0.));
#11466 = DIRECTION('',(1.,0.,0.));
#11467 = ADVANCED_FACE('',(#11468),#11493,.F.);
#11468 = FACE_BOUND('',#11469,.F.);
#11469 = EDGE_LOOP('',(#11470,#11471,#11479,#11487));
#11470 = ORIENTED_EDGE('',*,*,#11431,.F.);
#11471 = ORIENTED_EDGE('',*,*,#11472,.T.);
#11472 = EDGE_CURVE('',#11432,#11473,#11475,.T.);
#11473 = VERTEX_POINT('',#11474);
#11474 = CARTESIAN_POINT('',(0.95,0.95,8.18));
#11475 = LINE('',#11476,#11477);
#11476 = CARTESIAN_POINT('',(0.95,0.95,-2.537969834293E-15));
#11477 = VECTOR('',#11478,1.);
#11478 = DIRECTION('',(0.,0.,1.));
#11479 = ORIENTED_EDGE('',*,*,#11480,.T.);
#11480 = EDGE_CURVE('',#11473,#11481,#11483,.T.);
#11481 = VERTEX_POINT('',#11482);
#11482 = CARTESIAN_POINT('',(1.59,0.95,8.18));
#11483 = LINE('',#11484,#11485);
#11484 = CARTESIAN_POINT('',(0.95,0.95,8.18));
#11485 = VECTOR('',#11486,1.);
#11486 = DIRECTION('',(1.,0.,0.));
#11487 = ORIENTED_EDGE('',*,*,#11488,.F.);
#11488 = EDGE_CURVE('',#11434,#11481,#11489,.T.);
#11489 = LINE('',#11490,#11491);
#11490 = CARTESIAN_POINT('',(1.59,0.95,-2.537969834293E-15));
#11491 = VECTOR('',#11492,1.);
#11492 = DIRECTION('',(0.,0.,1.));
#11493 = PLANE('',#11494);
#11494 = AXIS2_PLACEMENT_3D('',#11495,#11496,#11497);
#11495 = CARTESIAN_POINT('',(0.95,0.95,-2.537969834293E-15));
#11496 = DIRECTION('',(0.,1.,0.));
#11497 = DIRECTION('',(1.,0.,0.));
#11498 = ADVANCED_FACE('',(#11499),#11524,.T.);
#11499 = FACE_BOUND('',#11500,.T.);
#11500 = EDGE_LOOP('',(#11501,#11509,#11510,#11518));
#11501 = ORIENTED_EDGE('',*,*,#11502,.F.);
#11502 = EDGE_CURVE('',#11434,#11503,#11505,.T.);
#11503 = VERTEX_POINT('',#11504);
#11504 = CARTESIAN_POINT('',(1.59,1.59,-2.537969834293E-15));
#11505 = LINE('',#11506,#11507);
#11506 = CARTESIAN_POINT('',(1.59,0.95,-2.537969834293E-15));
#11507 = VECTOR('',#11508,1.);
#11508 = DIRECTION('',(0.,1.,0.));
#11509 = ORIENTED_EDGE('',*,*,#11457,.T.);
#11510 = ORIENTED_EDGE('',*,*,#11511,.T.);
#11511 = EDGE_CURVE('',#11450,#11512,#11514,.T.);
#11512 = VERTEX_POINT('',#11513);
#11513 = CARTESIAN_POINT('',(1.59,1.59,-2.34));
#11514 = LINE('',#11515,#11516);
#11515 = CARTESIAN_POINT('',(1.59,0.95,-2.34));
#11516 = VECTOR('',#11517,1.);
#11517 = DIRECTION('',(0.,1.,0.));
#11518 = ORIENTED_EDGE('',*,*,#11519,.F.);
#11519 = EDGE_CURVE('',#11503,#11512,#11520,.T.);
#11520 = LINE('',#11521,#11522);
#11521 = CARTESIAN_POINT('',(1.59,1.59,-2.537969834293E-15));
#11522 = VECTOR('',#11523,1.);
#11523 = DIRECTION('',(-0.,-0.,-1.));
#11524 = PLANE('',#11525);
#11525 = AXIS2_PLACEMENT_3D('',#11526,#11527,#11528);
#11526 = CARTESIAN_POINT('',(1.59,0.95,-2.537969834293E-15));
#11527 = DIRECTION('',(1.,0.,0.));
#11528 = DIRECTION('',(0.,1.,0.));
#11529 = ADVANCED_FACE('',(#11530),#11555,.F.);
#11530 = FACE_BOUND('',#11531,.F.);
#11531 = EDGE_LOOP('',(#11532,#11540,#11541,#11549));
#11532 = ORIENTED_EDGE('',*,*,#11533,.F.);
#11533 = EDGE_CURVE('',#11442,#11534,#11536,.T.);
#11534 = VERTEX_POINT('',#11535);
#11535 = CARTESIAN_POINT('',(1.15,1.15,-2.54));
#11536 = LINE('',#11537,#11538);
#11537 = CARTESIAN_POINT('',(1.123333333333,1.123333333333,
    -2.513333333333));
#11538 = VECTOR('',#11539,1.);
#11539 = DIRECTION('',(0.57735026919,0.57735026919,-0.57735026919));
#11540 = ORIENTED_EDGE('',*,*,#11449,.T.);
#11541 = ORIENTED_EDGE('',*,*,#11542,.T.);
#11542 = EDGE_CURVE('',#11450,#11543,#11545,.T.);
#11543 = VERTEX_POINT('',#11544);
#11544 = CARTESIAN_POINT('',(1.39,1.15,-2.54));
#11545 = LINE('',#11546,#11547);
#11546 = CARTESIAN_POINT('',(1.416666666667,1.123333333333,
    -2.513333333333));
#11547 = VECTOR('',#11548,1.);
#11548 = DIRECTION('',(-0.57735026919,0.57735026919,-0.57735026919));
#11549 = ORIENTED_EDGE('',*,*,#11550,.F.);
#11550 = EDGE_CURVE('',#11534,#11543,#11551,.T.);
#11551 = LINE('',#11552,#11553);
#11552 = CARTESIAN_POINT('',(0.95,1.15,-2.54));
#11553 = VECTOR('',#11554,1.);
#11554 = DIRECTION('',(1.,0.,0.));
#11555 = PLANE('',#11556);
#11556 = AXIS2_PLACEMENT_3D('',#11557,#11558,#11559);
#11557 = CARTESIAN_POINT('',(0.95,1.05,-2.44));
#11558 = DIRECTION('',(0.,0.707106781187,0.707106781187));
#11559 = DIRECTION('',(1.,0.,0.));
#11560 = ADVANCED_FACE('',(#11561),#11586,.T.);
#11561 = FACE_BOUND('',#11562,.T.);
#11562 = EDGE_LOOP('',(#11563,#11571,#11579,#11585));
#11563 = ORIENTED_EDGE('',*,*,#11564,.F.);
#11564 = EDGE_CURVE('',#11565,#11432,#11567,.T.);
#11565 = VERTEX_POINT('',#11566);
#11566 = CARTESIAN_POINT('',(0.95,1.59,-2.537969834293E-15));
#11567 = LINE('',#11568,#11569);
#11568 = CARTESIAN_POINT('',(0.95,1.59,-2.537969834293E-15));
#11569 = VECTOR('',#11570,1.);
#11570 = DIRECTION('',(0.,-1.,0.));
#11571 = ORIENTED_EDGE('',*,*,#11572,.T.);
#11572 = EDGE_CURVE('',#11565,#11573,#11575,.T.);
#11573 = VERTEX_POINT('',#11574);
#11574 = CARTESIAN_POINT('',(0.95,1.59,-2.34));
#11575 = LINE('',#11576,#11577);
#11576 = CARTESIAN_POINT('',(0.95,1.59,-2.537969834293E-15));
#11577 = VECTOR('',#11578,1.);
#11578 = DIRECTION('',(-0.,-0.,-1.));
#11579 = ORIENTED_EDGE('',*,*,#11580,.T.);
#11580 = EDGE_CURVE('',#11573,#11442,#11581,.T.);
#11581 = LINE('',#11582,#11583);
#11582 = CARTESIAN_POINT('',(0.95,1.59,-2.34));
#11583 = VECTOR('',#11584,1.);
#11584 = DIRECTION('',(0.,-1.,0.));
#11585 = ORIENTED_EDGE('',*,*,#11441,.F.);
#11586 = PLANE('',#11587);
#11587 = AXIS2_PLACEMENT_3D('',#11588,#11589,#11590);
#11588 = CARTESIAN_POINT('',(0.95,1.59,-2.537969834293E-15));
#11589 = DIRECTION('',(-1.,0.,0.));
#11590 = DIRECTION('',(0.,-1.,0.));
#11591 = ADVANCED_FACE('',(#11592),#11610,.F.);
#11592 = FACE_BOUND('',#11593,.F.);
#11593 = EDGE_LOOP('',(#11594,#11595,#11596,#11604));
#11594 = ORIENTED_EDGE('',*,*,#11502,.F.);
#11595 = ORIENTED_EDGE('',*,*,#11488,.T.);
#11596 = ORIENTED_EDGE('',*,*,#11597,.T.);
#11597 = EDGE_CURVE('',#11481,#11598,#11600,.T.);
#11598 = VERTEX_POINT('',#11599);
#11599 = CARTESIAN_POINT('',(1.59,1.59,8.18));
#11600 = LINE('',#11601,#11602);
#11601 = CARTESIAN_POINT('',(1.59,0.95,8.18));
#11602 = VECTOR('',#11603,1.);
#11603 = DIRECTION('',(0.,1.,0.));
#11604 = ORIENTED_EDGE('',*,*,#11605,.F.);
#11605 = EDGE_CURVE('',#11503,#11598,#11606,.T.);
#11606 = LINE('',#11607,#11608);
#11607 = CARTESIAN_POINT('',(1.59,1.59,-2.537969834293E-15));
#11608 = VECTOR('',#11609,1.);
#11609 = DIRECTION('',(0.,0.,1.));
#11610 = PLANE('',#11611);
#11611 = AXIS2_PLACEMENT_3D('',#11612,#11613,#11614);
#11612 = CARTESIAN_POINT('',(1.59,0.95,-2.537969834293E-15));
#11613 = DIRECTION('',(-1.,0.,0.));
#11614 = DIRECTION('',(0.,1.,0.));
#11615 = ADVANCED_FACE('',(#11616),#11641,.F.);
#11616 = FACE_BOUND('',#11617,.T.);
#11617 = EDGE_LOOP('',(#11618,#11626,#11627,#11635));
#11618 = ORIENTED_EDGE('',*,*,#11619,.F.);
#11619 = EDGE_CURVE('',#11473,#11620,#11622,.T.);
#11620 = VERTEX_POINT('',#11621);
#11621 = CARTESIAN_POINT('',(1.15,1.15,8.38));
#11622 = LINE('',#11623,#11624);
#11623 = CARTESIAN_POINT('',(1.123333333333,1.123333333333,
    8.353333333333));
#11624 = VECTOR('',#11625,1.);
#11625 = DIRECTION('',(0.57735026919,0.57735026919,0.57735026919));
#11626 = ORIENTED_EDGE('',*,*,#11480,.T.);
#11627 = ORIENTED_EDGE('',*,*,#11628,.T.);
#11628 = EDGE_CURVE('',#11481,#11629,#11631,.T.);
#11629 = VERTEX_POINT('',#11630);
#11630 = CARTESIAN_POINT('',(1.39,1.15,8.38));
#11631 = LINE('',#11632,#11633);
#11632 = CARTESIAN_POINT('',(1.416666666667,1.123333333333,
    8.353333333333));
#11633 = VECTOR('',#11634,1.);
#11634 = DIRECTION('',(-0.57735026919,0.57735026919,0.57735026919));
#11635 = ORIENTED_EDGE('',*,*,#11636,.F.);
#11636 = EDGE_CURVE('',#11620,#11629,#11637,.T.);
#11637 = LINE('',#11638,#11639);
#11638 = CARTESIAN_POINT('',(0.95,1.15,8.38));
#11639 = VECTOR('',#11640,1.);
#11640 = DIRECTION('',(1.,0.,0.));
#11641 = PLANE('',#11642);
#11642 = AXIS2_PLACEMENT_3D('',#11643,#11644,#11645);
#11643 = CARTESIAN_POINT('',(0.95,1.05,8.28));
#11644 = DIRECTION('',(0.,0.707106781187,-0.707106781187));
#11645 = DIRECTION('',(-1.,-0.,-0.));
#11646 = ADVANCED_FACE('',(#11647),#11665,.F.);
#11647 = FACE_BOUND('',#11648,.F.);
#11648 = EDGE_LOOP('',(#11649,#11650,#11658,#11664));
#11649 = ORIENTED_EDGE('',*,*,#11564,.F.);
#11650 = ORIENTED_EDGE('',*,*,#11651,.T.);
#11651 = EDGE_CURVE('',#11565,#11652,#11654,.T.);
#11652 = VERTEX_POINT('',#11653);
#11653 = CARTESIAN_POINT('',(0.95,1.59,8.18));
#11654 = LINE('',#11655,#11656);
#11655 = CARTESIAN_POINT('',(0.95,1.59,-2.537969834293E-15));
#11656 = VECTOR('',#11657,1.);
#11657 = DIRECTION('',(0.,0.,1.));
#11658 = ORIENTED_EDGE('',*,*,#11659,.T.);
#11659 = EDGE_CURVE('',#11652,#11473,#11660,.T.);
#11660 = LINE('',#11661,#11662);
#11661 = CARTESIAN_POINT('',(0.95,1.59,8.18));
#11662 = VECTOR('',#11663,1.);
#11663 = DIRECTION('',(0.,-1.,0.));
#11664 = ORIENTED_EDGE('',*,*,#11472,.F.);
#11665 = PLANE('',#11666);
#11666 = AXIS2_PLACEMENT_3D('',#11667,#11668,#11669);
#11667 = CARTESIAN_POINT('',(0.95,1.59,-2.537969834293E-15));
#11668 = DIRECTION('',(1.,0.,0.));
#11669 = DIRECTION('',(0.,-1.,0.));
#11670 = ADVANCED_FACE('',(#11671),#11687,.T.);
#11671 = FACE_BOUND('',#11672,.T.);
#11672 = EDGE_LOOP('',(#11673,#11679,#11680,#11686));
#11673 = ORIENTED_EDGE('',*,*,#11674,.F.);
#11674 = EDGE_CURVE('',#11503,#11565,#11675,.T.);
#11675 = LINE('',#11676,#11677);
#11676 = CARTESIAN_POINT('',(1.59,1.59,-2.537969834293E-15));
#11677 = VECTOR('',#11678,1.);
#11678 = DIRECTION('',(-1.,0.,0.));
#11679 = ORIENTED_EDGE('',*,*,#11519,.T.);
#11680 = ORIENTED_EDGE('',*,*,#11681,.T.);
#11681 = EDGE_CURVE('',#11512,#11573,#11682,.T.);
#11682 = LINE('',#11683,#11684);
#11683 = CARTESIAN_POINT('',(1.59,1.59,-2.34));
#11684 = VECTOR('',#11685,1.);
#11685 = DIRECTION('',(-1.,0.,0.));
#11686 = ORIENTED_EDGE('',*,*,#11572,.F.);
#11687 = PLANE('',#11688);
#11688 = AXIS2_PLACEMENT_3D('',#11689,#11690,#11691);
#11689 = CARTESIAN_POINT('',(1.59,1.59,-2.537969834293E-15));
#11690 = DIRECTION('',(0.,1.,0.));
#11691 = DIRECTION('',(-1.,0.,0.));
#11692 = ADVANCED_FACE('',(#11693),#11711,.F.);
#11693 = FACE_BOUND('',#11694,.F.);
#11694 = EDGE_LOOP('',(#11695,#11696,#11697,#11705));
#11695 = ORIENTED_EDGE('',*,*,#11542,.F.);
#11696 = ORIENTED_EDGE('',*,*,#11511,.T.);
#11697 = ORIENTED_EDGE('',*,*,#11698,.F.);
#11698 = EDGE_CURVE('',#11699,#11512,#11701,.T.);
#11699 = VERTEX_POINT('',#11700);
#11700 = CARTESIAN_POINT('',(1.39,1.39,-2.54));
#11701 = LINE('',#11702,#11703);
#11702 = CARTESIAN_POINT('',(1.416666666667,1.416666666667,
    -2.513333333333));
#11703 = VECTOR('',#11704,1.);
#11704 = DIRECTION('',(0.57735026919,0.57735026919,0.57735026919));
#11705 = ORIENTED_EDGE('',*,*,#11706,.F.);
#11706 = EDGE_CURVE('',#11543,#11699,#11707,.T.);
#11707 = LINE('',#11708,#11709);
#11708 = CARTESIAN_POINT('',(1.39,0.95,-2.54));
#11709 = VECTOR('',#11710,1.);
#11710 = DIRECTION('',(0.,1.,0.));
#11711 = PLANE('',#11712);
#11712 = AXIS2_PLACEMENT_3D('',#11713,#11714,#11715);
#11713 = CARTESIAN_POINT('',(1.49,0.95,-2.44));
#11714 = DIRECTION('',(-0.707106781187,0.,0.707106781187));
#11715 = DIRECTION('',(0.,1.,0.));
#11716 = ADVANCED_FACE('',(#11717),#11735,.F.);
#11717 = FACE_BOUND('',#11718,.F.);
#11718 = EDGE_LOOP('',(#11719,#11727,#11728,#11729));
#11719 = ORIENTED_EDGE('',*,*,#11720,.F.);
#11720 = EDGE_CURVE('',#11573,#11721,#11723,.T.);
#11721 = VERTEX_POINT('',#11722);
#11722 = CARTESIAN_POINT('',(1.15,1.39,-2.54));
#11723 = LINE('',#11724,#11725);
#11724 = CARTESIAN_POINT('',(1.123333333333,1.416666666667,
    -2.513333333333));
#11725 = VECTOR('',#11726,1.);
#11726 = DIRECTION('',(0.57735026919,-0.57735026919,-0.57735026919));
#11727 = ORIENTED_EDGE('',*,*,#11580,.T.);
#11728 = ORIENTED_EDGE('',*,*,#11533,.T.);
#11729 = ORIENTED_EDGE('',*,*,#11730,.F.);
#11730 = EDGE_CURVE('',#11721,#11534,#11731,.T.);
#11731 = LINE('',#11732,#11733);
#11732 = CARTESIAN_POINT('',(1.15,1.59,-2.54));
#11733 = VECTOR('',#11734,1.);
#11734 = DIRECTION('',(0.,-1.,0.));
#11735 = PLANE('',#11736);
#11736 = AXIS2_PLACEMENT_3D('',#11737,#11738,#11739);
#11737 = CARTESIAN_POINT('',(1.05,1.59,-2.44));
#11738 = DIRECTION('',(0.707106781187,0.,0.707106781187));
#11739 = DIRECTION('',(0.,-1.,0.));
#11740 = ADVANCED_FACE('',(#11741),#11752,.F.);
#11741 = FACE_BOUND('',#11742,.F.);
#11742 = EDGE_LOOP('',(#11743,#11744,#11745,#11746));
#11743 = ORIENTED_EDGE('',*,*,#11730,.T.);
#11744 = ORIENTED_EDGE('',*,*,#11550,.T.);
#11745 = ORIENTED_EDGE('',*,*,#11706,.T.);
#11746 = ORIENTED_EDGE('',*,*,#11747,.T.);
#11747 = EDGE_CURVE('',#11699,#11721,#11748,.T.);
#11748 = LINE('',#11749,#11750);
#11749 = CARTESIAN_POINT('',(1.59,1.39,-2.54));
#11750 = VECTOR('',#11751,1.);
#11751 = DIRECTION('',(-1.,0.,0.));
#11752 = PLANE('',#11753);
#11753 = AXIS2_PLACEMENT_3D('',#11754,#11755,#11756);
#11754 = CARTESIAN_POINT('',(1.27,1.27,-2.54));
#11755 = DIRECTION('',(0.,0.,1.));
#11756 = DIRECTION('',(1.,0.,0.));
#11757 = ADVANCED_FACE('',(#11758),#11769,.F.);
#11758 = FACE_BOUND('',#11759,.F.);
#11759 = EDGE_LOOP('',(#11760,#11761,#11762,#11768));
#11760 = ORIENTED_EDGE('',*,*,#11674,.F.);
#11761 = ORIENTED_EDGE('',*,*,#11605,.T.);
#11762 = ORIENTED_EDGE('',*,*,#11763,.T.);
#11763 = EDGE_CURVE('',#11598,#11652,#11764,.T.);
#11764 = LINE('',#11765,#11766);
#11765 = CARTESIAN_POINT('',(1.59,1.59,8.18));
#11766 = VECTOR('',#11767,1.);
#11767 = DIRECTION('',(-1.,0.,0.));
#11768 = ORIENTED_EDGE('',*,*,#11651,.F.);
#11769 = PLANE('',#11770);
#11770 = AXIS2_PLACEMENT_3D('',#11771,#11772,#11773);
#11771 = CARTESIAN_POINT('',(1.59,1.59,-2.537969834293E-15));
#11772 = DIRECTION('',(0.,-1.,0.));
#11773 = DIRECTION('',(-1.,0.,0.));
#11774 = ADVANCED_FACE('',(#11775),#11793,.F.);
#11775 = FACE_BOUND('',#11776,.T.);
#11776 = EDGE_LOOP('',(#11777,#11778,#11779,#11787));
#11777 = ORIENTED_EDGE('',*,*,#11628,.F.);
#11778 = ORIENTED_EDGE('',*,*,#11597,.T.);
#11779 = ORIENTED_EDGE('',*,*,#11780,.F.);
#11780 = EDGE_CURVE('',#11781,#11598,#11783,.T.);
#11781 = VERTEX_POINT('',#11782);
#11782 = CARTESIAN_POINT('',(1.39,1.39,8.38));
#11783 = LINE('',#11784,#11785);
#11784 = CARTESIAN_POINT('',(1.416666666667,1.416666666667,
    8.353333333333));
#11785 = VECTOR('',#11786,1.);
#11786 = DIRECTION('',(0.57735026919,0.57735026919,-0.57735026919));
#11787 = ORIENTED_EDGE('',*,*,#11788,.F.);
#11788 = EDGE_CURVE('',#11629,#11781,#11789,.T.);
#11789 = LINE('',#11790,#11791);
#11790 = CARTESIAN_POINT('',(1.39,0.95,8.38));
#11791 = VECTOR('',#11792,1.);
#11792 = DIRECTION('',(0.,1.,0.));
#11793 = PLANE('',#11794);
#11794 = AXIS2_PLACEMENT_3D('',#11795,#11796,#11797);
#11795 = CARTESIAN_POINT('',(1.49,0.95,8.28));
#11796 = DIRECTION('',(-0.707106781187,0.,-0.707106781187));
#11797 = DIRECTION('',(-0.,-1.,-0.));
#11798 = ADVANCED_FACE('',(#11799),#11817,.F.);
#11799 = FACE_BOUND('',#11800,.T.);
#11800 = EDGE_LOOP('',(#11801,#11809,#11810,#11811));
#11801 = ORIENTED_EDGE('',*,*,#11802,.T.);
#11802 = EDGE_CURVE('',#11803,#11652,#11805,.T.);
#11803 = VERTEX_POINT('',#11804);
#11804 = CARTESIAN_POINT('',(1.15,1.39,8.38));
#11805 = LINE('',#11806,#11807);
#11806 = CARTESIAN_POINT('',(1.123333333333,1.416666666667,
    8.353333333333));
#11807 = VECTOR('',#11808,1.);
#11808 = DIRECTION('',(-0.57735026919,0.57735026919,-0.57735026919));
#11809 = ORIENTED_EDGE('',*,*,#11659,.T.);
#11810 = ORIENTED_EDGE('',*,*,#11619,.T.);
#11811 = ORIENTED_EDGE('',*,*,#11812,.F.);
#11812 = EDGE_CURVE('',#11803,#11620,#11813,.T.);
#11813 = LINE('',#11814,#11815);
#11814 = CARTESIAN_POINT('',(1.15,1.59,8.38));
#11815 = VECTOR('',#11816,1.);
#11816 = DIRECTION('',(0.,-1.,0.));
#11817 = PLANE('',#11818);
#11818 = AXIS2_PLACEMENT_3D('',#11819,#11820,#11821);
#11819 = CARTESIAN_POINT('',(1.05,1.59,8.28));
#11820 = DIRECTION('',(0.707106781187,0.,-0.707106781187));
#11821 = DIRECTION('',(0.,1.,0.));
#11822 = ADVANCED_FACE('',(#11823),#11834,.T.);
#11823 = FACE_BOUND('',#11824,.T.);
#11824 = EDGE_LOOP('',(#11825,#11826,#11827,#11828));
#11825 = ORIENTED_EDGE('',*,*,#11812,.T.);
#11826 = ORIENTED_EDGE('',*,*,#11636,.T.);
#11827 = ORIENTED_EDGE('',*,*,#11788,.T.);
#11828 = ORIENTED_EDGE('',*,*,#11829,.T.);
#11829 = EDGE_CURVE('',#11781,#11803,#11830,.T.);
#11830 = LINE('',#11831,#11832);
#11831 = CARTESIAN_POINT('',(1.59,1.39,8.38));
#11832 = VECTOR('',#11833,1.);
#11833 = DIRECTION('',(-1.,0.,0.));
#11834 = PLANE('',#11835);
#11835 = AXIS2_PLACEMENT_3D('',#11836,#11837,#11838);
#11836 = CARTESIAN_POINT('',(1.27,1.27,8.38));
#11837 = DIRECTION('',(0.,0.,1.));
#11838 = DIRECTION('',(1.,0.,0.));
#11839 = ADVANCED_FACE('',(#11840),#11846,.F.);
#11840 = FACE_BOUND('',#11841,.T.);
#11841 = EDGE_LOOP('',(#11842,#11843,#11844,#11845));
#11842 = ORIENTED_EDGE('',*,*,#11698,.F.);
#11843 = ORIENTED_EDGE('',*,*,#11747,.T.);
#11844 = ORIENTED_EDGE('',*,*,#11720,.F.);
#11845 = ORIENTED_EDGE('',*,*,#11681,.F.);
#11846 = PLANE('',#11847);
#11847 = AXIS2_PLACEMENT_3D('',#11848,#11849,#11850);
#11848 = CARTESIAN_POINT('',(1.59,1.49,-2.44));
#11849 = DIRECTION('',(0.,-0.707106781187,0.707106781187));
#11850 = DIRECTION('',(1.,0.,0.));
#11851 = ADVANCED_FACE('',(#11852),#11858,.F.);
#11852 = FACE_BOUND('',#11853,.F.);
#11853 = EDGE_LOOP('',(#11854,#11855,#11856,#11857));
#11854 = ORIENTED_EDGE('',*,*,#11780,.F.);
#11855 = ORIENTED_EDGE('',*,*,#11829,.T.);
#11856 = ORIENTED_EDGE('',*,*,#11802,.T.);
#11857 = ORIENTED_EDGE('',*,*,#11763,.F.);
#11858 = PLANE('',#11859);
#11859 = AXIS2_PLACEMENT_3D('',#11860,#11861,#11862);
#11860 = CARTESIAN_POINT('',(1.59,1.49,8.28));
#11861 = DIRECTION('',(0.,-0.707106781187,-0.707106781187));
#11862 = DIRECTION('',(-1.,0.,0.));
#11863 = MANIFOLD_SOLID_BREP('',#11864);
#11864 = CLOSED_SHELL('',(#11865,#11905,#11936,#11967,#11998,#12029,
    #12053,#12084,#12108,#12130,#12154,#12178,#12195,#12212,#12236,
    #12260,#12277,#12289));
#11865 = ADVANCED_FACE('',(#11866),#11900,.T.);
#11866 = FACE_BOUND('',#11867,.T.);
#11867 = EDGE_LOOP('',(#11868,#11878,#11886,#11894));
#11868 = ORIENTED_EDGE('',*,*,#11869,.F.);
#11869 = EDGE_CURVE('',#11870,#11872,#11874,.T.);
#11870 = VERTEX_POINT('',#11871);
#11871 = CARTESIAN_POINT('',(0.95,3.49,-2.819966482548E-15));
#11872 = VERTEX_POINT('',#11873);
#11873 = CARTESIAN_POINT('',(1.59,3.49,-2.819966482548E-15));
#11874 = LINE('',#11875,#11876);
#11875 = CARTESIAN_POINT('',(0.95,3.49,-2.819966482548E-15));
#11876 = VECTOR('',#11877,1.);
#11877 = DIRECTION('',(1.,0.,0.));
#11878 = ORIENTED_EDGE('',*,*,#11879,.T.);
#11879 = EDGE_CURVE('',#11870,#11880,#11882,.T.);
#11880 = VERTEX_POINT('',#11881);
#11881 = CARTESIAN_POINT('',(0.95,3.49,-2.34));
#11882 = LINE('',#11883,#11884);
#11883 = CARTESIAN_POINT('',(0.95,3.49,-2.819966482548E-15));
#11884 = VECTOR('',#11885,1.);
#11885 = DIRECTION('',(-0.,-0.,-1.));
#11886 = ORIENTED_EDGE('',*,*,#11887,.T.);
#11887 = EDGE_CURVE('',#11880,#11888,#11890,.T.);
#11888 = VERTEX_POINT('',#11889);
#11889 = CARTESIAN_POINT('',(1.59,3.49,-2.34));
#11890 = LINE('',#11891,#11892);
#11891 = CARTESIAN_POINT('',(0.95,3.49,-2.34));
#11892 = VECTOR('',#11893,1.);
#11893 = DIRECTION('',(1.,0.,0.));
#11894 = ORIENTED_EDGE('',*,*,#11895,.F.);
#11895 = EDGE_CURVE('',#11872,#11888,#11896,.T.);
#11896 = LINE('',#11897,#11898);
#11897 = CARTESIAN_POINT('',(1.59,3.49,-2.819966482548E-15));
#11898 = VECTOR('',#11899,1.);
#11899 = DIRECTION('',(-0.,-0.,-1.));
#11900 = PLANE('',#11901);
#11901 = AXIS2_PLACEMENT_3D('',#11902,#11903,#11904);
#11902 = CARTESIAN_POINT('',(0.95,3.49,-2.819966482548E-15));
#11903 = DIRECTION('',(0.,-1.,0.));
#11904 = DIRECTION('',(1.,0.,0.));
#11905 = ADVANCED_FACE('',(#11906),#11931,.F.);
#11906 = FACE_BOUND('',#11907,.F.);
#11907 = EDGE_LOOP('',(#11908,#11909,#11917,#11925));
#11908 = ORIENTED_EDGE('',*,*,#11869,.F.);
#11909 = ORIENTED_EDGE('',*,*,#11910,.T.);
#11910 = EDGE_CURVE('',#11870,#11911,#11913,.T.);
#11911 = VERTEX_POINT('',#11912);
#11912 = CARTESIAN_POINT('',(0.95,3.49,8.18));
#11913 = LINE('',#11914,#11915);
#11914 = CARTESIAN_POINT('',(0.95,3.49,-2.819966482548E-15));
#11915 = VECTOR('',#11916,1.);
#11916 = DIRECTION('',(0.,0.,1.));
#11917 = ORIENTED_EDGE('',*,*,#11918,.T.);
#11918 = EDGE_CURVE('',#11911,#11919,#11921,.T.);
#11919 = VERTEX_POINT('',#11920);
#11920 = CARTESIAN_POINT('',(1.59,3.49,8.18));
#11921 = LINE('',#11922,#11923);
#11922 = CARTESIAN_POINT('',(0.95,3.49,8.18));
#11923 = VECTOR('',#11924,1.);
#11924 = DIRECTION('',(1.,0.,0.));
#11925 = ORIENTED_EDGE('',*,*,#11926,.F.);
#11926 = EDGE_CURVE('',#11872,#11919,#11927,.T.);
#11927 = LINE('',#11928,#11929);
#11928 = CARTESIAN_POINT('',(1.59,3.49,-2.819966482548E-15));
#11929 = VECTOR('',#11930,1.);
#11930 = DIRECTION('',(0.,0.,1.));
#11931 = PLANE('',#11932);
#11932 = AXIS2_PLACEMENT_3D('',#11933,#11934,#11935);
#11933 = CARTESIAN_POINT('',(0.95,3.49,-2.819966482548E-15));
#11934 = DIRECTION('',(0.,1.,0.));
#11935 = DIRECTION('',(1.,0.,0.));
#11936 = ADVANCED_FACE('',(#11937),#11962,.T.);
#11937 = FACE_BOUND('',#11938,.T.);
#11938 = EDGE_LOOP('',(#11939,#11947,#11948,#11956));
#11939 = ORIENTED_EDGE('',*,*,#11940,.F.);
#11940 = EDGE_CURVE('',#11872,#11941,#11943,.T.);
#11941 = VERTEX_POINT('',#11942);
#11942 = CARTESIAN_POINT('',(1.59,4.13,-2.819966482548E-15));
#11943 = LINE('',#11944,#11945);
#11944 = CARTESIAN_POINT('',(1.59,3.49,-2.819966482548E-15));
#11945 = VECTOR('',#11946,1.);
#11946 = DIRECTION('',(0.,1.,0.));
#11947 = ORIENTED_EDGE('',*,*,#11895,.T.);
#11948 = ORIENTED_EDGE('',*,*,#11949,.T.);
#11949 = EDGE_CURVE('',#11888,#11950,#11952,.T.);
#11950 = VERTEX_POINT('',#11951);
#11951 = CARTESIAN_POINT('',(1.59,4.13,-2.34));
#11952 = LINE('',#11953,#11954);
#11953 = CARTESIAN_POINT('',(1.59,3.49,-2.34));
#11954 = VECTOR('',#11955,1.);
#11955 = DIRECTION('',(0.,1.,0.));
#11956 = ORIENTED_EDGE('',*,*,#11957,.F.);
#11957 = EDGE_CURVE('',#11941,#11950,#11958,.T.);
#11958 = LINE('',#11959,#11960);
#11959 = CARTESIAN_POINT('',(1.59,4.13,-2.819966482548E-15));
#11960 = VECTOR('',#11961,1.);
#11961 = DIRECTION('',(-0.,-0.,-1.));
#11962 = PLANE('',#11963);
#11963 = AXIS2_PLACEMENT_3D('',#11964,#11965,#11966);
#11964 = CARTESIAN_POINT('',(1.59,3.49,-2.819966482548E-15));
#11965 = DIRECTION('',(1.,0.,0.));
#11966 = DIRECTION('',(0.,1.,0.));
#11967 = ADVANCED_FACE('',(#11968),#11993,.F.);
#11968 = FACE_BOUND('',#11969,.F.);
#11969 = EDGE_LOOP('',(#11970,#11978,#11979,#11987));
#11970 = ORIENTED_EDGE('',*,*,#11971,.F.);
#11971 = EDGE_CURVE('',#11880,#11972,#11974,.T.);
#11972 = VERTEX_POINT('',#11973);
#11973 = CARTESIAN_POINT('',(1.15,3.69,-2.54));
#11974 = LINE('',#11975,#11976);
#11975 = CARTESIAN_POINT('',(1.123333333333,3.663333333333,
    -2.513333333333));
#11976 = VECTOR('',#11977,1.);
#11977 = DIRECTION('',(0.57735026919,0.57735026919,-0.57735026919));
#11978 = ORIENTED_EDGE('',*,*,#11887,.T.);
#11979 = ORIENTED_EDGE('',*,*,#11980,.T.);
#11980 = EDGE_CURVE('',#11888,#11981,#11983,.T.);
#11981 = VERTEX_POINT('',#11982);
#11982 = CARTESIAN_POINT('',(1.39,3.69,-2.54));
#11983 = LINE('',#11984,#11985);
#11984 = CARTESIAN_POINT('',(1.416666666667,3.663333333333,
    -2.513333333333));
#11985 = VECTOR('',#11986,1.);
#11986 = DIRECTION('',(-0.57735026919,0.57735026919,-0.57735026919));
#11987 = ORIENTED_EDGE('',*,*,#11988,.F.);
#11988 = EDGE_CURVE('',#11972,#11981,#11989,.T.);
#11989 = LINE('',#11990,#11991);
#11990 = CARTESIAN_POINT('',(0.95,3.69,-2.54));
#11991 = VECTOR('',#11992,1.);
#11992 = DIRECTION('',(1.,0.,0.));
#11993 = PLANE('',#11994);
#11994 = AXIS2_PLACEMENT_3D('',#11995,#11996,#11997);
#11995 = CARTESIAN_POINT('',(0.95,3.59,-2.44));
#11996 = DIRECTION('',(0.,0.707106781187,0.707106781187));
#11997 = DIRECTION('',(1.,0.,0.));
#11998 = ADVANCED_FACE('',(#11999),#12024,.T.);
#11999 = FACE_BOUND('',#12000,.T.);
#12000 = EDGE_LOOP('',(#12001,#12009,#12017,#12023));
#12001 = ORIENTED_EDGE('',*,*,#12002,.F.);
#12002 = EDGE_CURVE('',#12003,#11870,#12005,.T.);
#12003 = VERTEX_POINT('',#12004);
#12004 = CARTESIAN_POINT('',(0.95,4.13,-2.819966482548E-15));
#12005 = LINE('',#12006,#12007);
#12006 = CARTESIAN_POINT('',(0.95,4.13,-2.819966482548E-15));
#12007 = VECTOR('',#12008,1.);
#12008 = DIRECTION('',(0.,-1.,0.));
#12009 = ORIENTED_EDGE('',*,*,#12010,.T.);
#12010 = EDGE_CURVE('',#12003,#12011,#12013,.T.);
#12011 = VERTEX_POINT('',#12012);
#12012 = CARTESIAN_POINT('',(0.95,4.13,-2.34));
#12013 = LINE('',#12014,#12015);
#12014 = CARTESIAN_POINT('',(0.95,4.13,-2.819966482548E-15));
#12015 = VECTOR('',#12016,1.);
#12016 = DIRECTION('',(-0.,-0.,-1.));
#12017 = ORIENTED_EDGE('',*,*,#12018,.T.);
#12018 = EDGE_CURVE('',#12011,#11880,#12019,.T.);
#12019 = LINE('',#12020,#12021);
#12020 = CARTESIAN_POINT('',(0.95,4.13,-2.34));
#12021 = VECTOR('',#12022,1.);
#12022 = DIRECTION('',(0.,-1.,0.));
#12023 = ORIENTED_EDGE('',*,*,#11879,.F.);
#12024 = PLANE('',#12025);
#12025 = AXIS2_PLACEMENT_3D('',#12026,#12027,#12028);
#12026 = CARTESIAN_POINT('',(0.95,4.13,-2.819966482548E-15));
#12027 = DIRECTION('',(-1.,0.,0.));
#12028 = DIRECTION('',(0.,-1.,0.));
#12029 = ADVANCED_FACE('',(#12030),#12048,.F.);
#12030 = FACE_BOUND('',#12031,.F.);
#12031 = EDGE_LOOP('',(#12032,#12033,#12034,#12042));
#12032 = ORIENTED_EDGE('',*,*,#11940,.F.);
#12033 = ORIENTED_EDGE('',*,*,#11926,.T.);
#12034 = ORIENTED_EDGE('',*,*,#12035,.T.);
#12035 = EDGE_CURVE('',#11919,#12036,#12038,.T.);
#12036 = VERTEX_POINT('',#12037);
#12037 = CARTESIAN_POINT('',(1.59,4.13,8.18));
#12038 = LINE('',#12039,#12040);
#12039 = CARTESIAN_POINT('',(1.59,3.49,8.18));
#12040 = VECTOR('',#12041,1.);
#12041 = DIRECTION('',(0.,1.,0.));
#12042 = ORIENTED_EDGE('',*,*,#12043,.F.);
#12043 = EDGE_CURVE('',#11941,#12036,#12044,.T.);
#12044 = LINE('',#12045,#12046);
#12045 = CARTESIAN_POINT('',(1.59,4.13,-2.819966482548E-15));
#12046 = VECTOR('',#12047,1.);
#12047 = DIRECTION('',(0.,0.,1.));
#12048 = PLANE('',#12049);
#12049 = AXIS2_PLACEMENT_3D('',#12050,#12051,#12052);
#12050 = CARTESIAN_POINT('',(1.59,3.49,-2.819966482548E-15));
#12051 = DIRECTION('',(-1.,0.,0.));
#12052 = DIRECTION('',(0.,1.,0.));
#12053 = ADVANCED_FACE('',(#12054),#12079,.F.);
#12054 = FACE_BOUND('',#12055,.T.);
#12055 = EDGE_LOOP('',(#12056,#12064,#12065,#12073));
#12056 = ORIENTED_EDGE('',*,*,#12057,.F.);
#12057 = EDGE_CURVE('',#11911,#12058,#12060,.T.);
#12058 = VERTEX_POINT('',#12059);
#12059 = CARTESIAN_POINT('',(1.15,3.69,8.38));
#12060 = LINE('',#12061,#12062);
#12061 = CARTESIAN_POINT('',(1.123333333333,3.663333333333,
    8.353333333333));
#12062 = VECTOR('',#12063,1.);
#12063 = DIRECTION('',(0.57735026919,0.57735026919,0.57735026919));
#12064 = ORIENTED_EDGE('',*,*,#11918,.T.);
#12065 = ORIENTED_EDGE('',*,*,#12066,.T.);
#12066 = EDGE_CURVE('',#11919,#12067,#12069,.T.);
#12067 = VERTEX_POINT('',#12068);
#12068 = CARTESIAN_POINT('',(1.39,3.69,8.38));
#12069 = LINE('',#12070,#12071);
#12070 = CARTESIAN_POINT('',(1.416666666667,3.663333333333,
    8.353333333333));
#12071 = VECTOR('',#12072,1.);
#12072 = DIRECTION('',(-0.57735026919,0.57735026919,0.57735026919));
#12073 = ORIENTED_EDGE('',*,*,#12074,.F.);
#12074 = EDGE_CURVE('',#12058,#12067,#12075,.T.);
#12075 = LINE('',#12076,#12077);
#12076 = CARTESIAN_POINT('',(0.95,3.69,8.38));
#12077 = VECTOR('',#12078,1.);
#12078 = DIRECTION('',(1.,0.,0.));
#12079 = PLANE('',#12080);
#12080 = AXIS2_PLACEMENT_3D('',#12081,#12082,#12083);
#12081 = CARTESIAN_POINT('',(0.95,3.59,8.28));
#12082 = DIRECTION('',(0.,0.707106781187,-0.707106781187));
#12083 = DIRECTION('',(-1.,-0.,-0.));
#12084 = ADVANCED_FACE('',(#12085),#12103,.F.);
#12085 = FACE_BOUND('',#12086,.F.);
#12086 = EDGE_LOOP('',(#12087,#12088,#12096,#12102));
#12087 = ORIENTED_EDGE('',*,*,#12002,.F.);
#12088 = ORIENTED_EDGE('',*,*,#12089,.T.);
#12089 = EDGE_CURVE('',#12003,#12090,#12092,.T.);
#12090 = VERTEX_POINT('',#12091);
#12091 = CARTESIAN_POINT('',(0.95,4.13,8.18));
#12092 = LINE('',#12093,#12094);
#12093 = CARTESIAN_POINT('',(0.95,4.13,-2.819966482548E-15));
#12094 = VECTOR('',#12095,1.);
#12095 = DIRECTION('',(0.,0.,1.));
#12096 = ORIENTED_EDGE('',*,*,#12097,.T.);
#12097 = EDGE_CURVE('',#12090,#11911,#12098,.T.);
#12098 = LINE('',#12099,#12100);
#12099 = CARTESIAN_POINT('',(0.95,4.13,8.18));
#12100 = VECTOR('',#12101,1.);
#12101 = DIRECTION('',(0.,-1.,0.));
#12102 = ORIENTED_EDGE('',*,*,#11910,.F.);
#12103 = PLANE('',#12104);
#12104 = AXIS2_PLACEMENT_3D('',#12105,#12106,#12107);
#12105 = CARTESIAN_POINT('',(0.95,4.13,-2.819966482548E-15));
#12106 = DIRECTION('',(1.,0.,0.));
#12107 = DIRECTION('',(0.,-1.,0.));
#12108 = ADVANCED_FACE('',(#12109),#12125,.T.);
#12109 = FACE_BOUND('',#12110,.T.);
#12110 = EDGE_LOOP('',(#12111,#12117,#12118,#12124));
#12111 = ORIENTED_EDGE('',*,*,#12112,.F.);
#12112 = EDGE_CURVE('',#11941,#12003,#12113,.T.);
#12113 = LINE('',#12114,#12115);
#12114 = CARTESIAN_POINT('',(1.59,4.13,-2.819966482548E-15));
#12115 = VECTOR('',#12116,1.);
#12116 = DIRECTION('',(-1.,0.,0.));
#12117 = ORIENTED_EDGE('',*,*,#11957,.T.);
#12118 = ORIENTED_EDGE('',*,*,#12119,.T.);
#12119 = EDGE_CURVE('',#11950,#12011,#12120,.T.);
#12120 = LINE('',#12121,#12122);
#12121 = CARTESIAN_POINT('',(1.59,4.13,-2.34));
#12122 = VECTOR('',#12123,1.);
#12123 = DIRECTION('',(-1.,0.,0.));
#12124 = ORIENTED_EDGE('',*,*,#12010,.F.);
#12125 = PLANE('',#12126);
#12126 = AXIS2_PLACEMENT_3D('',#12127,#12128,#12129);
#12127 = CARTESIAN_POINT('',(1.59,4.13,-2.819966482548E-15));
#12128 = DIRECTION('',(0.,1.,0.));
#12129 = DIRECTION('',(-1.,0.,0.));
#12130 = ADVANCED_FACE('',(#12131),#12149,.F.);
#12131 = FACE_BOUND('',#12132,.F.);
#12132 = EDGE_LOOP('',(#12133,#12134,#12135,#12143));
#12133 = ORIENTED_EDGE('',*,*,#11980,.F.);
#12134 = ORIENTED_EDGE('',*,*,#11949,.T.);
#12135 = ORIENTED_EDGE('',*,*,#12136,.F.);
#12136 = EDGE_CURVE('',#12137,#11950,#12139,.T.);
#12137 = VERTEX_POINT('',#12138);
#12138 = CARTESIAN_POINT('',(1.39,3.93,-2.54));
#12139 = LINE('',#12140,#12141);
#12140 = CARTESIAN_POINT('',(1.416666666667,3.956666666667,
    -2.513333333333));
#12141 = VECTOR('',#12142,1.);
#12142 = DIRECTION('',(0.57735026919,0.57735026919,0.57735026919));
#12143 = ORIENTED_EDGE('',*,*,#12144,.F.);
#12144 = EDGE_CURVE('',#11981,#12137,#12145,.T.);
#12145 = LINE('',#12146,#12147);
#12146 = CARTESIAN_POINT('',(1.39,3.49,-2.54));
#12147 = VECTOR('',#12148,1.);
#12148 = DIRECTION('',(0.,1.,0.));
#12149 = PLANE('',#12150);
#12150 = AXIS2_PLACEMENT_3D('',#12151,#12152,#12153);
#12151 = CARTESIAN_POINT('',(1.49,3.49,-2.44));
#12152 = DIRECTION('',(-0.707106781187,0.,0.707106781187));
#12153 = DIRECTION('',(0.,1.,0.));
#12154 = ADVANCED_FACE('',(#12155),#12173,.F.);
#12155 = FACE_BOUND('',#12156,.F.);
#12156 = EDGE_LOOP('',(#12157,#12165,#12166,#12167));
#12157 = ORIENTED_EDGE('',*,*,#12158,.F.);
#12158 = EDGE_CURVE('',#12011,#12159,#12161,.T.);
#12159 = VERTEX_POINT('',#12160);
#12160 = CARTESIAN_POINT('',(1.15,3.93,-2.54));
#12161 = LINE('',#12162,#12163);
#12162 = CARTESIAN_POINT('',(1.123333333333,3.956666666667,
    -2.513333333333));
#12163 = VECTOR('',#12164,1.);
#12164 = DIRECTION('',(0.57735026919,-0.57735026919,-0.57735026919));
#12165 = ORIENTED_EDGE('',*,*,#12018,.T.);
#12166 = ORIENTED_EDGE('',*,*,#11971,.T.);
#12167 = ORIENTED_EDGE('',*,*,#12168,.F.);
#12168 = EDGE_CURVE('',#12159,#11972,#12169,.T.);
#12169 = LINE('',#12170,#12171);
#12170 = CARTESIAN_POINT('',(1.15,4.13,-2.54));
#12171 = VECTOR('',#12172,1.);
#12172 = DIRECTION('',(0.,-1.,0.));
#12173 = PLANE('',#12174);
#12174 = AXIS2_PLACEMENT_3D('',#12175,#12176,#12177);
#12175 = CARTESIAN_POINT('',(1.05,4.13,-2.44));
#12176 = DIRECTION('',(0.707106781187,0.,0.707106781187));
#12177 = DIRECTION('',(0.,-1.,0.));
#12178 = ADVANCED_FACE('',(#12179),#12190,.F.);
#12179 = FACE_BOUND('',#12180,.F.);
#12180 = EDGE_LOOP('',(#12181,#12182,#12183,#12184));
#12181 = ORIENTED_EDGE('',*,*,#12168,.T.);
#12182 = ORIENTED_EDGE('',*,*,#11988,.T.);
#12183 = ORIENTED_EDGE('',*,*,#12144,.T.);
#12184 = ORIENTED_EDGE('',*,*,#12185,.T.);
#12185 = EDGE_CURVE('',#12137,#12159,#12186,.T.);
#12186 = LINE('',#12187,#12188);
#12187 = CARTESIAN_POINT('',(1.59,3.93,-2.54));
#12188 = VECTOR('',#12189,1.);
#12189 = DIRECTION('',(-1.,0.,0.));
#12190 = PLANE('',#12191);
#12191 = AXIS2_PLACEMENT_3D('',#12192,#12193,#12194);
#12192 = CARTESIAN_POINT('',(1.27,3.81,-2.54));
#12193 = DIRECTION('',(0.,0.,1.));
#12194 = DIRECTION('',(1.,0.,0.));
#12195 = ADVANCED_FACE('',(#12196),#12207,.F.);
#12196 = FACE_BOUND('',#12197,.F.);
#12197 = EDGE_LOOP('',(#12198,#12199,#12200,#12206));
#12198 = ORIENTED_EDGE('',*,*,#12112,.F.);
#12199 = ORIENTED_EDGE('',*,*,#12043,.T.);
#12200 = ORIENTED_EDGE('',*,*,#12201,.T.);
#12201 = EDGE_CURVE('',#12036,#12090,#12202,.T.);
#12202 = LINE('',#12203,#12204);
#12203 = CARTESIAN_POINT('',(1.59,4.13,8.18));
#12204 = VECTOR('',#12205,1.);
#12205 = DIRECTION('',(-1.,0.,0.));
#12206 = ORIENTED_EDGE('',*,*,#12089,.F.);
#12207 = PLANE('',#12208);
#12208 = AXIS2_PLACEMENT_3D('',#12209,#12210,#12211);
#12209 = CARTESIAN_POINT('',(1.59,4.13,-2.819966482548E-15));
#12210 = DIRECTION('',(0.,-1.,0.));
#12211 = DIRECTION('',(-1.,0.,0.));
#12212 = ADVANCED_FACE('',(#12213),#12231,.F.);
#12213 = FACE_BOUND('',#12214,.T.);
#12214 = EDGE_LOOP('',(#12215,#12216,#12217,#12225));
#12215 = ORIENTED_EDGE('',*,*,#12066,.F.);
#12216 = ORIENTED_EDGE('',*,*,#12035,.T.);
#12217 = ORIENTED_EDGE('',*,*,#12218,.F.);
#12218 = EDGE_CURVE('',#12219,#12036,#12221,.T.);
#12219 = VERTEX_POINT('',#12220);
#12220 = CARTESIAN_POINT('',(1.39,3.93,8.38));
#12221 = LINE('',#12222,#12223);
#12222 = CARTESIAN_POINT('',(1.416666666667,3.956666666667,
    8.353333333333));
#12223 = VECTOR('',#12224,1.);
#12224 = DIRECTION('',(0.57735026919,0.57735026919,-0.57735026919));
#12225 = ORIENTED_EDGE('',*,*,#12226,.F.);
#12226 = EDGE_CURVE('',#12067,#12219,#12227,.T.);
#12227 = LINE('',#12228,#12229);
#12228 = CARTESIAN_POINT('',(1.39,3.49,8.38));
#12229 = VECTOR('',#12230,1.);
#12230 = DIRECTION('',(0.,1.,0.));
#12231 = PLANE('',#12232);
#12232 = AXIS2_PLACEMENT_3D('',#12233,#12234,#12235);
#12233 = CARTESIAN_POINT('',(1.49,3.49,8.28));
#12234 = DIRECTION('',(-0.707106781187,0.,-0.707106781187));
#12235 = DIRECTION('',(-0.,-1.,-0.));
#12236 = ADVANCED_FACE('',(#12237),#12255,.F.);
#12237 = FACE_BOUND('',#12238,.T.);
#12238 = EDGE_LOOP('',(#12239,#12247,#12248,#12249));
#12239 = ORIENTED_EDGE('',*,*,#12240,.T.);
#12240 = EDGE_CURVE('',#12241,#12090,#12243,.T.);
#12241 = VERTEX_POINT('',#12242);
#12242 = CARTESIAN_POINT('',(1.15,3.93,8.38));
#12243 = LINE('',#12244,#12245);
#12244 = CARTESIAN_POINT('',(1.123333333333,3.956666666667,
    8.353333333333));
#12245 = VECTOR('',#12246,1.);
#12246 = DIRECTION('',(-0.57735026919,0.57735026919,-0.57735026919));
#12247 = ORIENTED_EDGE('',*,*,#12097,.T.);
#12248 = ORIENTED_EDGE('',*,*,#12057,.T.);
#12249 = ORIENTED_EDGE('',*,*,#12250,.F.);
#12250 = EDGE_CURVE('',#12241,#12058,#12251,.T.);
#12251 = LINE('',#12252,#12253);
#12252 = CARTESIAN_POINT('',(1.15,4.13,8.38));
#12253 = VECTOR('',#12254,1.);
#12254 = DIRECTION('',(0.,-1.,0.));
#12255 = PLANE('',#12256);
#12256 = AXIS2_PLACEMENT_3D('',#12257,#12258,#12259);
#12257 = CARTESIAN_POINT('',(1.05,4.13,8.28));
#12258 = DIRECTION('',(0.707106781187,0.,-0.707106781187));
#12259 = DIRECTION('',(0.,1.,0.));
#12260 = ADVANCED_FACE('',(#12261),#12272,.T.);
#12261 = FACE_BOUND('',#12262,.T.);
#12262 = EDGE_LOOP('',(#12263,#12264,#12265,#12266));
#12263 = ORIENTED_EDGE('',*,*,#12250,.T.);
#12264 = ORIENTED_EDGE('',*,*,#12074,.T.);
#12265 = ORIENTED_EDGE('',*,*,#12226,.T.);
#12266 = ORIENTED_EDGE('',*,*,#12267,.T.);
#12267 = EDGE_CURVE('',#12219,#12241,#12268,.T.);
#12268 = LINE('',#12269,#12270);
#12269 = CARTESIAN_POINT('',(1.59,3.93,8.38));
#12270 = VECTOR('',#12271,1.);
#12271 = DIRECTION('',(-1.,0.,0.));
#12272 = PLANE('',#12273);
#12273 = AXIS2_PLACEMENT_3D('',#12274,#12275,#12276);
#12274 = CARTESIAN_POINT('',(1.27,3.81,8.38));
#12275 = DIRECTION('',(0.,0.,1.));
#12276 = DIRECTION('',(1.,0.,0.));
#12277 = ADVANCED_FACE('',(#12278),#12284,.F.);
#12278 = FACE_BOUND('',#12279,.T.);
#12279 = EDGE_LOOP('',(#12280,#12281,#12282,#12283));
#12280 = ORIENTED_EDGE('',*,*,#12136,.F.);
#12281 = ORIENTED_EDGE('',*,*,#12185,.T.);
#12282 = ORIENTED_EDGE('',*,*,#12158,.F.);
#12283 = ORIENTED_EDGE('',*,*,#12119,.F.);
#12284 = PLANE('',#12285);
#12285 = AXIS2_PLACEMENT_3D('',#12286,#12287,#12288);
#12286 = CARTESIAN_POINT('',(1.59,4.03,-2.44));
#12287 = DIRECTION('',(0.,-0.707106781187,0.707106781187));
#12288 = DIRECTION('',(1.,0.,0.));
#12289 = ADVANCED_FACE('',(#12290),#12296,.F.);
#12290 = FACE_BOUND('',#12291,.F.);
#12291 = EDGE_LOOP('',(#12292,#12293,#12294,#12295));
#12292 = ORIENTED_EDGE('',*,*,#12218,.F.);
#12293 = ORIENTED_EDGE('',*,*,#12267,.T.);
#12294 = ORIENTED_EDGE('',*,*,#12240,.T.);
#12295 = ORIENTED_EDGE('',*,*,#12201,.F.);
#12296 = PLANE('',#12297);
#12297 = AXIS2_PLACEMENT_3D('',#12298,#12299,#12300);
#12298 = CARTESIAN_POINT('',(1.59,4.03,8.28));
#12299 = DIRECTION('',(0.,-0.707106781187,-0.707106781187));
#12300 = DIRECTION('',(-1.,0.,0.));
#12301 = MANIFOLD_SOLID_BREP('',#12302);
#12302 = CLOSED_SHELL('',(#12303,#12343,#12374,#12405,#12436,#12467,
    #12491,#12522,#12546,#12568,#12592,#12616,#12633,#12650,#12674,
    #12698,#12715,#12727));
#12303 = ADVANCED_FACE('',(#12304),#12338,.T.);
#12304 = FACE_BOUND('',#12305,.T.);
#12305 = EDGE_LOOP('',(#12306,#12316,#12324,#12332));
#12306 = ORIENTED_EDGE('',*,*,#12307,.F.);
#12307 = EDGE_CURVE('',#12308,#12310,#12312,.T.);
#12308 = VERTEX_POINT('',#12309);
#12309 = CARTESIAN_POINT('',(0.95,6.03,-3.101963130803E-15));
#12310 = VERTEX_POINT('',#12311);
#12311 = CARTESIAN_POINT('',(1.59,6.03,-3.101963130803E-15));
#12312 = LINE('',#12313,#12314);
#12313 = CARTESIAN_POINT('',(0.95,6.03,-3.101963130803E-15));
#12314 = VECTOR('',#12315,1.);
#12315 = DIRECTION('',(1.,0.,0.));
#12316 = ORIENTED_EDGE('',*,*,#12317,.T.);
#12317 = EDGE_CURVE('',#12308,#12318,#12320,.T.);
#12318 = VERTEX_POINT('',#12319);
#12319 = CARTESIAN_POINT('',(0.95,6.03,-2.34));
#12320 = LINE('',#12321,#12322);
#12321 = CARTESIAN_POINT('',(0.95,6.03,-3.101963130803E-15));
#12322 = VECTOR('',#12323,1.);
#12323 = DIRECTION('',(-0.,-0.,-1.));
#12324 = ORIENTED_EDGE('',*,*,#12325,.T.);
#12325 = EDGE_CURVE('',#12318,#12326,#12328,.T.);
#12326 = VERTEX_POINT('',#12327);
#12327 = CARTESIAN_POINT('',(1.59,6.03,-2.34));
#12328 = LINE('',#12329,#12330);
#12329 = CARTESIAN_POINT('',(0.95,6.03,-2.34));
#12330 = VECTOR('',#12331,1.);
#12331 = DIRECTION('',(1.,0.,0.));
#12332 = ORIENTED_EDGE('',*,*,#12333,.F.);
#12333 = EDGE_CURVE('',#12310,#12326,#12334,.T.);
#12334 = LINE('',#12335,#12336);
#12335 = CARTESIAN_POINT('',(1.59,6.03,-3.101963130803E-15));
#12336 = VECTOR('',#12337,1.);
#12337 = DIRECTION('',(-0.,-0.,-1.));
#12338 = PLANE('',#12339);
#12339 = AXIS2_PLACEMENT_3D('',#12340,#12341,#12342);
#12340 = CARTESIAN_POINT('',(0.95,6.03,-3.101963130803E-15));
#12341 = DIRECTION('',(0.,-1.,0.));
#12342 = DIRECTION('',(1.,0.,0.));
#12343 = ADVANCED_FACE('',(#12344),#12369,.F.);
#12344 = FACE_BOUND('',#12345,.F.);
#12345 = EDGE_LOOP('',(#12346,#12347,#12355,#12363));
#12346 = ORIENTED_EDGE('',*,*,#12307,.F.);
#12347 = ORIENTED_EDGE('',*,*,#12348,.T.);
#12348 = EDGE_CURVE('',#12308,#12349,#12351,.T.);
#12349 = VERTEX_POINT('',#12350);
#12350 = CARTESIAN_POINT('',(0.95,6.03,8.18));
#12351 = LINE('',#12352,#12353);
#12352 = CARTESIAN_POINT('',(0.95,6.03,-3.101963130803E-15));
#12353 = VECTOR('',#12354,1.);
#12354 = DIRECTION('',(0.,0.,1.));
#12355 = ORIENTED_EDGE('',*,*,#12356,.T.);
#12356 = EDGE_CURVE('',#12349,#12357,#12359,.T.);
#12357 = VERTEX_POINT('',#12358);
#12358 = CARTESIAN_POINT('',(1.59,6.03,8.18));
#12359 = LINE('',#12360,#12361);
#12360 = CARTESIAN_POINT('',(0.95,6.03,8.18));
#12361 = VECTOR('',#12362,1.);
#12362 = DIRECTION('',(1.,0.,0.));
#12363 = ORIENTED_EDGE('',*,*,#12364,.F.);
#12364 = EDGE_CURVE('',#12310,#12357,#12365,.T.);
#12365 = LINE('',#12366,#12367);
#12366 = CARTESIAN_POINT('',(1.59,6.03,-3.101963130803E-15));
#12367 = VECTOR('',#12368,1.);
#12368 = DIRECTION('',(0.,0.,1.));
#12369 = PLANE('',#12370);
#12370 = AXIS2_PLACEMENT_3D('',#12371,#12372,#12373);
#12371 = CARTESIAN_POINT('',(0.95,6.03,-3.101963130803E-15));
#12372 = DIRECTION('',(0.,1.,0.));
#12373 = DIRECTION('',(1.,0.,0.));
#12374 = ADVANCED_FACE('',(#12375),#12400,.T.);
#12375 = FACE_BOUND('',#12376,.T.);
#12376 = EDGE_LOOP('',(#12377,#12385,#12386,#12394));
#12377 = ORIENTED_EDGE('',*,*,#12378,.F.);
#12378 = EDGE_CURVE('',#12310,#12379,#12381,.T.);
#12379 = VERTEX_POINT('',#12380);
#12380 = CARTESIAN_POINT('',(1.59,6.67,-3.101963130803E-15));
#12381 = LINE('',#12382,#12383);
#12382 = CARTESIAN_POINT('',(1.59,6.03,-3.101963130803E-15));
#12383 = VECTOR('',#12384,1.);
#12384 = DIRECTION('',(0.,1.,0.));
#12385 = ORIENTED_EDGE('',*,*,#12333,.T.);
#12386 = ORIENTED_EDGE('',*,*,#12387,.T.);
#12387 = EDGE_CURVE('',#12326,#12388,#12390,.T.);
#12388 = VERTEX_POINT('',#12389);
#12389 = CARTESIAN_POINT('',(1.59,6.67,-2.34));
#12390 = LINE('',#12391,#12392);
#12391 = CARTESIAN_POINT('',(1.59,6.03,-2.34));
#12392 = VECTOR('',#12393,1.);
#12393 = DIRECTION('',(0.,1.,0.));
#12394 = ORIENTED_EDGE('',*,*,#12395,.F.);
#12395 = EDGE_CURVE('',#12379,#12388,#12396,.T.);
#12396 = LINE('',#12397,#12398);
#12397 = CARTESIAN_POINT('',(1.59,6.67,-3.101963130803E-15));
#12398 = VECTOR('',#12399,1.);
#12399 = DIRECTION('',(-0.,-0.,-1.));
#12400 = PLANE('',#12401);
#12401 = AXIS2_PLACEMENT_3D('',#12402,#12403,#12404);
#12402 = CARTESIAN_POINT('',(1.59,6.03,-3.101963130803E-15));
#12403 = DIRECTION('',(1.,0.,0.));
#12404 = DIRECTION('',(0.,1.,0.));
#12405 = ADVANCED_FACE('',(#12406),#12431,.F.);
#12406 = FACE_BOUND('',#12407,.F.);
#12407 = EDGE_LOOP('',(#12408,#12416,#12417,#12425));
#12408 = ORIENTED_EDGE('',*,*,#12409,.F.);
#12409 = EDGE_CURVE('',#12318,#12410,#12412,.T.);
#12410 = VERTEX_POINT('',#12411);
#12411 = CARTESIAN_POINT('',(1.15,6.23,-2.54));
#12412 = LINE('',#12413,#12414);
#12413 = CARTESIAN_POINT('',(1.123333333333,6.203333333333,
    -2.513333333333));
#12414 = VECTOR('',#12415,1.);
#12415 = DIRECTION('',(0.57735026919,0.57735026919,-0.57735026919));
#12416 = ORIENTED_EDGE('',*,*,#12325,.T.);
#12417 = ORIENTED_EDGE('',*,*,#12418,.T.);
#12418 = EDGE_CURVE('',#12326,#12419,#12421,.T.);
#12419 = VERTEX_POINT('',#12420);
#12420 = CARTESIAN_POINT('',(1.39,6.23,-2.54));
#12421 = LINE('',#12422,#12423);
#12422 = CARTESIAN_POINT('',(1.416666666667,6.203333333333,
    -2.513333333333));
#12423 = VECTOR('',#12424,1.);
#12424 = DIRECTION('',(-0.57735026919,0.57735026919,-0.57735026919));
#12425 = ORIENTED_EDGE('',*,*,#12426,.F.);
#12426 = EDGE_CURVE('',#12410,#12419,#12427,.T.);
#12427 = LINE('',#12428,#12429);
#12428 = CARTESIAN_POINT('',(0.95,6.23,-2.54));
#12429 = VECTOR('',#12430,1.);
#12430 = DIRECTION('',(1.,0.,0.));
#12431 = PLANE('',#12432);
#12432 = AXIS2_PLACEMENT_3D('',#12433,#12434,#12435);
#12433 = CARTESIAN_POINT('',(0.95,6.13,-2.44));
#12434 = DIRECTION('',(0.,0.707106781187,0.707106781187));
#12435 = DIRECTION('',(1.,0.,0.));
#12436 = ADVANCED_FACE('',(#12437),#12462,.T.);
#12437 = FACE_BOUND('',#12438,.T.);
#12438 = EDGE_LOOP('',(#12439,#12447,#12455,#12461));
#12439 = ORIENTED_EDGE('',*,*,#12440,.F.);
#12440 = EDGE_CURVE('',#12441,#12308,#12443,.T.);
#12441 = VERTEX_POINT('',#12442);
#12442 = CARTESIAN_POINT('',(0.95,6.67,-3.101963130803E-15));
#12443 = LINE('',#12444,#12445);
#12444 = CARTESIAN_POINT('',(0.95,6.67,-3.101963130803E-15));
#12445 = VECTOR('',#12446,1.);
#12446 = DIRECTION('',(0.,-1.,0.));
#12447 = ORIENTED_EDGE('',*,*,#12448,.T.);
#12448 = EDGE_CURVE('',#12441,#12449,#12451,.T.);
#12449 = VERTEX_POINT('',#12450);
#12450 = CARTESIAN_POINT('',(0.95,6.67,-2.34));
#12451 = LINE('',#12452,#12453);
#12452 = CARTESIAN_POINT('',(0.95,6.67,-3.101963130803E-15));
#12453 = VECTOR('',#12454,1.);
#12454 = DIRECTION('',(-0.,-0.,-1.));
#12455 = ORIENTED_EDGE('',*,*,#12456,.T.);
#12456 = EDGE_CURVE('',#12449,#12318,#12457,.T.);
#12457 = LINE('',#12458,#12459);
#12458 = CARTESIAN_POINT('',(0.95,6.67,-2.34));
#12459 = VECTOR('',#12460,1.);
#12460 = DIRECTION('',(0.,-1.,0.));
#12461 = ORIENTED_EDGE('',*,*,#12317,.F.);
#12462 = PLANE('',#12463);
#12463 = AXIS2_PLACEMENT_3D('',#12464,#12465,#12466);
#12464 = CARTESIAN_POINT('',(0.95,6.67,-3.101963130803E-15));
#12465 = DIRECTION('',(-1.,0.,0.));
#12466 = DIRECTION('',(0.,-1.,0.));
#12467 = ADVANCED_FACE('',(#12468),#12486,.F.);
#12468 = FACE_BOUND('',#12469,.F.);
#12469 = EDGE_LOOP('',(#12470,#12471,#12472,#12480));
#12470 = ORIENTED_EDGE('',*,*,#12378,.F.);
#12471 = ORIENTED_EDGE('',*,*,#12364,.T.);
#12472 = ORIENTED_EDGE('',*,*,#12473,.T.);
#12473 = EDGE_CURVE('',#12357,#12474,#12476,.T.);
#12474 = VERTEX_POINT('',#12475);
#12475 = CARTESIAN_POINT('',(1.59,6.67,8.18));
#12476 = LINE('',#12477,#12478);
#12477 = CARTESIAN_POINT('',(1.59,6.03,8.18));
#12478 = VECTOR('',#12479,1.);
#12479 = DIRECTION('',(0.,1.,0.));
#12480 = ORIENTED_EDGE('',*,*,#12481,.F.);
#12481 = EDGE_CURVE('',#12379,#12474,#12482,.T.);
#12482 = LINE('',#12483,#12484);
#12483 = CARTESIAN_POINT('',(1.59,6.67,-3.101963130803E-15));
#12484 = VECTOR('',#12485,1.);
#12485 = DIRECTION('',(0.,0.,1.));
#12486 = PLANE('',#12487);
#12487 = AXIS2_PLACEMENT_3D('',#12488,#12489,#12490);
#12488 = CARTESIAN_POINT('',(1.59,6.03,-3.101963130803E-15));
#12489 = DIRECTION('',(-1.,0.,0.));
#12490 = DIRECTION('',(0.,1.,0.));
#12491 = ADVANCED_FACE('',(#12492),#12517,.F.);
#12492 = FACE_BOUND('',#12493,.T.);
#12493 = EDGE_LOOP('',(#12494,#12502,#12503,#12511));
#12494 = ORIENTED_EDGE('',*,*,#12495,.F.);
#12495 = EDGE_CURVE('',#12349,#12496,#12498,.T.);
#12496 = VERTEX_POINT('',#12497);
#12497 = CARTESIAN_POINT('',(1.15,6.23,8.38));
#12498 = LINE('',#12499,#12500);
#12499 = CARTESIAN_POINT('',(1.123333333333,6.203333333333,
    8.353333333333));
#12500 = VECTOR('',#12501,1.);
#12501 = DIRECTION('',(0.57735026919,0.57735026919,0.57735026919));
#12502 = ORIENTED_EDGE('',*,*,#12356,.T.);
#12503 = ORIENTED_EDGE('',*,*,#12504,.T.);
#12504 = EDGE_CURVE('',#12357,#12505,#12507,.T.);
#12505 = VERTEX_POINT('',#12506);
#12506 = CARTESIAN_POINT('',(1.39,6.23,8.38));
#12507 = LINE('',#12508,#12509);
#12508 = CARTESIAN_POINT('',(1.416666666667,6.203333333333,
    8.353333333333));
#12509 = VECTOR('',#12510,1.);
#12510 = DIRECTION('',(-0.57735026919,0.57735026919,0.57735026919));
#12511 = ORIENTED_EDGE('',*,*,#12512,.F.);
#12512 = EDGE_CURVE('',#12496,#12505,#12513,.T.);
#12513 = LINE('',#12514,#12515);
#12514 = CARTESIAN_POINT('',(0.95,6.23,8.38));
#12515 = VECTOR('',#12516,1.);
#12516 = DIRECTION('',(1.,0.,0.));
#12517 = PLANE('',#12518);
#12518 = AXIS2_PLACEMENT_3D('',#12519,#12520,#12521);
#12519 = CARTESIAN_POINT('',(0.95,6.13,8.28));
#12520 = DIRECTION('',(0.,0.707106781187,-0.707106781187));
#12521 = DIRECTION('',(-1.,-0.,-0.));
#12522 = ADVANCED_FACE('',(#12523),#12541,.F.);
#12523 = FACE_BOUND('',#12524,.F.);
#12524 = EDGE_LOOP('',(#12525,#12526,#12534,#12540));
#12525 = ORIENTED_EDGE('',*,*,#12440,.F.);
#12526 = ORIENTED_EDGE('',*,*,#12527,.T.);
#12527 = EDGE_CURVE('',#12441,#12528,#12530,.T.);
#12528 = VERTEX_POINT('',#12529);
#12529 = CARTESIAN_POINT('',(0.95,6.67,8.18));
#12530 = LINE('',#12531,#12532);
#12531 = CARTESIAN_POINT('',(0.95,6.67,-3.101963130803E-15));
#12532 = VECTOR('',#12533,1.);
#12533 = DIRECTION('',(0.,0.,1.));
#12534 = ORIENTED_EDGE('',*,*,#12535,.T.);
#12535 = EDGE_CURVE('',#12528,#12349,#12536,.T.);
#12536 = LINE('',#12537,#12538);
#12537 = CARTESIAN_POINT('',(0.95,6.67,8.18));
#12538 = VECTOR('',#12539,1.);
#12539 = DIRECTION('',(0.,-1.,0.));
#12540 = ORIENTED_EDGE('',*,*,#12348,.F.);
#12541 = PLANE('',#12542);
#12542 = AXIS2_PLACEMENT_3D('',#12543,#12544,#12545);
#12543 = CARTESIAN_POINT('',(0.95,6.67,-3.101963130803E-15));
#12544 = DIRECTION('',(1.,0.,0.));
#12545 = DIRECTION('',(0.,-1.,0.));
#12546 = ADVANCED_FACE('',(#12547),#12563,.T.);
#12547 = FACE_BOUND('',#12548,.T.);
#12548 = EDGE_LOOP('',(#12549,#12555,#12556,#12562));
#12549 = ORIENTED_EDGE('',*,*,#12550,.F.);
#12550 = EDGE_CURVE('',#12379,#12441,#12551,.T.);
#12551 = LINE('',#12552,#12553);
#12552 = CARTESIAN_POINT('',(1.59,6.67,-3.101963130803E-15));
#12553 = VECTOR('',#12554,1.);
#12554 = DIRECTION('',(-1.,0.,0.));
#12555 = ORIENTED_EDGE('',*,*,#12395,.T.);
#12556 = ORIENTED_EDGE('',*,*,#12557,.T.);
#12557 = EDGE_CURVE('',#12388,#12449,#12558,.T.);
#12558 = LINE('',#12559,#12560);
#12559 = CARTESIAN_POINT('',(1.59,6.67,-2.34));
#12560 = VECTOR('',#12561,1.);
#12561 = DIRECTION('',(-1.,0.,0.));
#12562 = ORIENTED_EDGE('',*,*,#12448,.F.);
#12563 = PLANE('',#12564);
#12564 = AXIS2_PLACEMENT_3D('',#12565,#12566,#12567);
#12565 = CARTESIAN_POINT('',(1.59,6.67,-3.101963130803E-15));
#12566 = DIRECTION('',(0.,1.,0.));
#12567 = DIRECTION('',(-1.,0.,0.));
#12568 = ADVANCED_FACE('',(#12569),#12587,.F.);
#12569 = FACE_BOUND('',#12570,.F.);
#12570 = EDGE_LOOP('',(#12571,#12572,#12573,#12581));
#12571 = ORIENTED_EDGE('',*,*,#12418,.F.);
#12572 = ORIENTED_EDGE('',*,*,#12387,.T.);
#12573 = ORIENTED_EDGE('',*,*,#12574,.F.);
#12574 = EDGE_CURVE('',#12575,#12388,#12577,.T.);
#12575 = VERTEX_POINT('',#12576);
#12576 = CARTESIAN_POINT('',(1.39,6.47,-2.54));
#12577 = LINE('',#12578,#12579);
#12578 = CARTESIAN_POINT('',(1.416666666667,6.496666666667,
    -2.513333333333));
#12579 = VECTOR('',#12580,1.);
#12580 = DIRECTION('',(0.57735026919,0.57735026919,0.57735026919));
#12581 = ORIENTED_EDGE('',*,*,#12582,.F.);
#12582 = EDGE_CURVE('',#12419,#12575,#12583,.T.);
#12583 = LINE('',#12584,#12585);
#12584 = CARTESIAN_POINT('',(1.39,6.03,-2.54));
#12585 = VECTOR('',#12586,1.);
#12586 = DIRECTION('',(0.,1.,0.));
#12587 = PLANE('',#12588);
#12588 = AXIS2_PLACEMENT_3D('',#12589,#12590,#12591);
#12589 = CARTESIAN_POINT('',(1.49,6.03,-2.44));
#12590 = DIRECTION('',(-0.707106781187,0.,0.707106781187));
#12591 = DIRECTION('',(0.,1.,0.));
#12592 = ADVANCED_FACE('',(#12593),#12611,.F.);
#12593 = FACE_BOUND('',#12594,.F.);
#12594 = EDGE_LOOP('',(#12595,#12603,#12604,#12605));
#12595 = ORIENTED_EDGE('',*,*,#12596,.F.);
#12596 = EDGE_CURVE('',#12449,#12597,#12599,.T.);
#12597 = VERTEX_POINT('',#12598);
#12598 = CARTESIAN_POINT('',(1.15,6.47,-2.54));
#12599 = LINE('',#12600,#12601);
#12600 = CARTESIAN_POINT('',(1.123333333333,6.496666666667,
    -2.513333333333));
#12601 = VECTOR('',#12602,1.);
#12602 = DIRECTION('',(0.57735026919,-0.57735026919,-0.57735026919));
#12603 = ORIENTED_EDGE('',*,*,#12456,.T.);
#12604 = ORIENTED_EDGE('',*,*,#12409,.T.);
#12605 = ORIENTED_EDGE('',*,*,#12606,.F.);
#12606 = EDGE_CURVE('',#12597,#12410,#12607,.T.);
#12607 = LINE('',#12608,#12609);
#12608 = CARTESIAN_POINT('',(1.15,6.67,-2.54));
#12609 = VECTOR('',#12610,1.);
#12610 = DIRECTION('',(0.,-1.,0.));
#12611 = PLANE('',#12612);
#12612 = AXIS2_PLACEMENT_3D('',#12613,#12614,#12615);
#12613 = CARTESIAN_POINT('',(1.05,6.67,-2.44));
#12614 = DIRECTION('',(0.707106781187,0.,0.707106781187));
#12615 = DIRECTION('',(0.,-1.,0.));
#12616 = ADVANCED_FACE('',(#12617),#12628,.F.);
#12617 = FACE_BOUND('',#12618,.F.);
#12618 = EDGE_LOOP('',(#12619,#12620,#12621,#12622));
#12619 = ORIENTED_EDGE('',*,*,#12606,.T.);
#12620 = ORIENTED_EDGE('',*,*,#12426,.T.);
#12621 = ORIENTED_EDGE('',*,*,#12582,.T.);
#12622 = ORIENTED_EDGE('',*,*,#12623,.T.);
#12623 = EDGE_CURVE('',#12575,#12597,#12624,.T.);
#12624 = LINE('',#12625,#12626);
#12625 = CARTESIAN_POINT('',(1.59,6.47,-2.54));
#12626 = VECTOR('',#12627,1.);
#12627 = DIRECTION('',(-1.,0.,0.));
#12628 = PLANE('',#12629);
#12629 = AXIS2_PLACEMENT_3D('',#12630,#12631,#12632);
#12630 = CARTESIAN_POINT('',(1.27,6.35,-2.54));
#12631 = DIRECTION('',(0.,0.,1.));
#12632 = DIRECTION('',(1.,0.,0.));
#12633 = ADVANCED_FACE('',(#12634),#12645,.F.);
#12634 = FACE_BOUND('',#12635,.F.);
#12635 = EDGE_LOOP('',(#12636,#12637,#12638,#12644));
#12636 = ORIENTED_EDGE('',*,*,#12550,.F.);
#12637 = ORIENTED_EDGE('',*,*,#12481,.T.);
#12638 = ORIENTED_EDGE('',*,*,#12639,.T.);
#12639 = EDGE_CURVE('',#12474,#12528,#12640,.T.);
#12640 = LINE('',#12641,#12642);
#12641 = CARTESIAN_POINT('',(1.59,6.67,8.18));
#12642 = VECTOR('',#12643,1.);
#12643 = DIRECTION('',(-1.,0.,0.));
#12644 = ORIENTED_EDGE('',*,*,#12527,.F.);
#12645 = PLANE('',#12646);
#12646 = AXIS2_PLACEMENT_3D('',#12647,#12648,#12649);
#12647 = CARTESIAN_POINT('',(1.59,6.67,-3.101963130803E-15));
#12648 = DIRECTION('',(0.,-1.,0.));
#12649 = DIRECTION('',(-1.,0.,0.));
#12650 = ADVANCED_FACE('',(#12651),#12669,.F.);
#12651 = FACE_BOUND('',#12652,.T.);
#12652 = EDGE_LOOP('',(#12653,#12654,#12655,#12663));
#12653 = ORIENTED_EDGE('',*,*,#12504,.F.);
#12654 = ORIENTED_EDGE('',*,*,#12473,.T.);
#12655 = ORIENTED_EDGE('',*,*,#12656,.F.);
#12656 = EDGE_CURVE('',#12657,#12474,#12659,.T.);
#12657 = VERTEX_POINT('',#12658);
#12658 = CARTESIAN_POINT('',(1.39,6.47,8.38));
#12659 = LINE('',#12660,#12661);
#12660 = CARTESIAN_POINT('',(1.416666666667,6.496666666667,
    8.353333333333));
#12661 = VECTOR('',#12662,1.);
#12662 = DIRECTION('',(0.57735026919,0.57735026919,-0.57735026919));
#12663 = ORIENTED_EDGE('',*,*,#12664,.F.);
#12664 = EDGE_CURVE('',#12505,#12657,#12665,.T.);
#12665 = LINE('',#12666,#12667);
#12666 = CARTESIAN_POINT('',(1.39,6.03,8.38));
#12667 = VECTOR('',#12668,1.);
#12668 = DIRECTION('',(0.,1.,0.));
#12669 = PLANE('',#12670);
#12670 = AXIS2_PLACEMENT_3D('',#12671,#12672,#12673);
#12671 = CARTESIAN_POINT('',(1.49,6.03,8.28));
#12672 = DIRECTION('',(-0.707106781187,0.,-0.707106781187));
#12673 = DIRECTION('',(-0.,-1.,-0.));
#12674 = ADVANCED_FACE('',(#12675),#12693,.F.);
#12675 = FACE_BOUND('',#12676,.T.);
#12676 = EDGE_LOOP('',(#12677,#12685,#12686,#12687));
#12677 = ORIENTED_EDGE('',*,*,#12678,.T.);
#12678 = EDGE_CURVE('',#12679,#12528,#12681,.T.);
#12679 = VERTEX_POINT('',#12680);
#12680 = CARTESIAN_POINT('',(1.15,6.47,8.38));
#12681 = LINE('',#12682,#12683);
#12682 = CARTESIAN_POINT('',(1.123333333333,6.496666666667,
    8.353333333333));
#12683 = VECTOR('',#12684,1.);
#12684 = DIRECTION('',(-0.57735026919,0.57735026919,-0.57735026919));
#12685 = ORIENTED_EDGE('',*,*,#12535,.T.);
#12686 = ORIENTED_EDGE('',*,*,#12495,.T.);
#12687 = ORIENTED_EDGE('',*,*,#12688,.F.);
#12688 = EDGE_CURVE('',#12679,#12496,#12689,.T.);
#12689 = LINE('',#12690,#12691);
#12690 = CARTESIAN_POINT('',(1.15,6.67,8.38));
#12691 = VECTOR('',#12692,1.);
#12692 = DIRECTION('',(0.,-1.,0.));
#12693 = PLANE('',#12694);
#12694 = AXIS2_PLACEMENT_3D('',#12695,#12696,#12697);
#12695 = CARTESIAN_POINT('',(1.05,6.67,8.28));
#12696 = DIRECTION('',(0.707106781187,0.,-0.707106781187));
#12697 = DIRECTION('',(0.,1.,0.));
#12698 = ADVANCED_FACE('',(#12699),#12710,.T.);
#12699 = FACE_BOUND('',#12700,.T.);
#12700 = EDGE_LOOP('',(#12701,#12702,#12703,#12704));
#12701 = ORIENTED_EDGE('',*,*,#12688,.T.);
#12702 = ORIENTED_EDGE('',*,*,#12512,.T.);
#12703 = ORIENTED_EDGE('',*,*,#12664,.T.);
#12704 = ORIENTED_EDGE('',*,*,#12705,.T.);
#12705 = EDGE_CURVE('',#12657,#12679,#12706,.T.);
#12706 = LINE('',#12707,#12708);
#12707 = CARTESIAN_POINT('',(1.59,6.47,8.38));
#12708 = VECTOR('',#12709,1.);
#12709 = DIRECTION('',(-1.,0.,0.));
#12710 = PLANE('',#12711);
#12711 = AXIS2_PLACEMENT_3D('',#12712,#12713,#12714);
#12712 = CARTESIAN_POINT('',(1.27,6.35,8.38));
#12713 = DIRECTION('',(0.,0.,1.));
#12714 = DIRECTION('',(1.,0.,0.));
#12715 = ADVANCED_FACE('',(#12716),#12722,.F.);
#12716 = FACE_BOUND('',#12717,.T.);
#12717 = EDGE_LOOP('',(#12718,#12719,#12720,#12721));
#12718 = ORIENTED_EDGE('',*,*,#12574,.F.);
#12719 = ORIENTED_EDGE('',*,*,#12623,.T.);
#12720 = ORIENTED_EDGE('',*,*,#12596,.F.);
#12721 = ORIENTED_EDGE('',*,*,#12557,.F.);
#12722 = PLANE('',#12723);
#12723 = AXIS2_PLACEMENT_3D('',#12724,#12725,#12726);
#12724 = CARTESIAN_POINT('',(1.59,6.57,-2.44));
#12725 = DIRECTION('',(0.,-0.707106781187,0.707106781187));
#12726 = DIRECTION('',(1.,0.,0.));
#12727 = ADVANCED_FACE('',(#12728),#12734,.F.);
#12728 = FACE_BOUND('',#12729,.F.);
#12729 = EDGE_LOOP('',(#12730,#12731,#12732,#12733));
#12730 = ORIENTED_EDGE('',*,*,#12656,.F.);
#12731 = ORIENTED_EDGE('',*,*,#12705,.T.);
#12732 = ORIENTED_EDGE('',*,*,#12678,.T.);
#12733 = ORIENTED_EDGE('',*,*,#12639,.F.);
#12734 = PLANE('',#12735);
#12735 = AXIS2_PLACEMENT_3D('',#12736,#12737,#12738);
#12736 = CARTESIAN_POINT('',(1.59,6.57,8.28));
#12737 = DIRECTION('',(0.,-0.707106781187,-0.707106781187));
#12738 = DIRECTION('',(-1.,0.,0.));
#12739 = MANIFOLD_SOLID_BREP('',#12740);
#12740 = CLOSED_SHELL('',(#12741,#12781,#12812,#12843,#12874,#12905,
    #12929,#12960,#12984,#13006,#13030,#13054,#13071,#13088,#13112,
    #13136,#13153,#13165));
#12741 = ADVANCED_FACE('',(#12742),#12776,.T.);
#12742 = FACE_BOUND('',#12743,.T.);
#12743 = EDGE_LOOP('',(#12744,#12754,#12762,#12770));
#12744 = ORIENTED_EDGE('',*,*,#12745,.F.);
#12745 = EDGE_CURVE('',#12746,#12748,#12750,.T.);
#12746 = VERTEX_POINT('',#12747);
#12747 = CARTESIAN_POINT('',(0.95,8.57,-3.383959779057E-15));
#12748 = VERTEX_POINT('',#12749);
#12749 = CARTESIAN_POINT('',(1.59,8.57,-3.383959779057E-15));
#12750 = LINE('',#12751,#12752);
#12751 = CARTESIAN_POINT('',(0.95,8.57,-3.383959779057E-15));
#12752 = VECTOR('',#12753,1.);
#12753 = DIRECTION('',(1.,0.,0.));
#12754 = ORIENTED_EDGE('',*,*,#12755,.T.);
#12755 = EDGE_CURVE('',#12746,#12756,#12758,.T.);
#12756 = VERTEX_POINT('',#12757);
#12757 = CARTESIAN_POINT('',(0.95,8.57,-2.34));
#12758 = LINE('',#12759,#12760);
#12759 = CARTESIAN_POINT('',(0.95,8.57,-3.383959779057E-15));
#12760 = VECTOR('',#12761,1.);
#12761 = DIRECTION('',(-0.,-0.,-1.));
#12762 = ORIENTED_EDGE('',*,*,#12763,.T.);
#12763 = EDGE_CURVE('',#12756,#12764,#12766,.T.);
#12764 = VERTEX_POINT('',#12765);
#12765 = CARTESIAN_POINT('',(1.59,8.57,-2.34));
#12766 = LINE('',#12767,#12768);
#12767 = CARTESIAN_POINT('',(0.95,8.57,-2.34));
#12768 = VECTOR('',#12769,1.);
#12769 = DIRECTION('',(1.,0.,0.));
#12770 = ORIENTED_EDGE('',*,*,#12771,.F.);
#12771 = EDGE_CURVE('',#12748,#12764,#12772,.T.);
#12772 = LINE('',#12773,#12774);
#12773 = CARTESIAN_POINT('',(1.59,8.57,-3.383959779057E-15));
#12774 = VECTOR('',#12775,1.);
#12775 = DIRECTION('',(-0.,-0.,-1.));
#12776 = PLANE('',#12777);
#12777 = AXIS2_PLACEMENT_3D('',#12778,#12779,#12780);
#12778 = CARTESIAN_POINT('',(0.95,8.57,-3.383959779057E-15));
#12779 = DIRECTION('',(0.,-1.,0.));
#12780 = DIRECTION('',(1.,0.,0.));
#12781 = ADVANCED_FACE('',(#12782),#12807,.F.);
#12782 = FACE_BOUND('',#12783,.F.);
#12783 = EDGE_LOOP('',(#12784,#12785,#12793,#12801));
#12784 = ORIENTED_EDGE('',*,*,#12745,.F.);
#12785 = ORIENTED_EDGE('',*,*,#12786,.T.);
#12786 = EDGE_CURVE('',#12746,#12787,#12789,.T.);
#12787 = VERTEX_POINT('',#12788);
#12788 = CARTESIAN_POINT('',(0.95,8.57,8.18));
#12789 = LINE('',#12790,#12791);
#12790 = CARTESIAN_POINT('',(0.95,8.57,-3.383959779057E-15));
#12791 = VECTOR('',#12792,1.);
#12792 = DIRECTION('',(0.,0.,1.));
#12793 = ORIENTED_EDGE('',*,*,#12794,.T.);
#12794 = EDGE_CURVE('',#12787,#12795,#12797,.T.);
#12795 = VERTEX_POINT('',#12796);
#12796 = CARTESIAN_POINT('',(1.59,8.57,8.18));
#12797 = LINE('',#12798,#12799);
#12798 = CARTESIAN_POINT('',(0.95,8.57,8.18));
#12799 = VECTOR('',#12800,1.);
#12800 = DIRECTION('',(1.,0.,0.));
#12801 = ORIENTED_EDGE('',*,*,#12802,.F.);
#12802 = EDGE_CURVE('',#12748,#12795,#12803,.T.);
#12803 = LINE('',#12804,#12805);
#12804 = CARTESIAN_POINT('',(1.59,8.57,-3.383959779057E-15));
#12805 = VECTOR('',#12806,1.);
#12806 = DIRECTION('',(0.,0.,1.));
#12807 = PLANE('',#12808);
#12808 = AXIS2_PLACEMENT_3D('',#12809,#12810,#12811);
#12809 = CARTESIAN_POINT('',(0.95,8.57,-3.383959779057E-15));
#12810 = DIRECTION('',(0.,1.,0.));
#12811 = DIRECTION('',(1.,0.,0.));
#12812 = ADVANCED_FACE('',(#12813),#12838,.T.);
#12813 = FACE_BOUND('',#12814,.T.);
#12814 = EDGE_LOOP('',(#12815,#12823,#12824,#12832));
#12815 = ORIENTED_EDGE('',*,*,#12816,.F.);
#12816 = EDGE_CURVE('',#12748,#12817,#12819,.T.);
#12817 = VERTEX_POINT('',#12818);
#12818 = CARTESIAN_POINT('',(1.59,9.21,-3.383959779057E-15));
#12819 = LINE('',#12820,#12821);
#12820 = CARTESIAN_POINT('',(1.59,8.57,-3.383959779057E-15));
#12821 = VECTOR('',#12822,1.);
#12822 = DIRECTION('',(0.,1.,0.));
#12823 = ORIENTED_EDGE('',*,*,#12771,.T.);
#12824 = ORIENTED_EDGE('',*,*,#12825,.T.);
#12825 = EDGE_CURVE('',#12764,#12826,#12828,.T.);
#12826 = VERTEX_POINT('',#12827);
#12827 = CARTESIAN_POINT('',(1.59,9.21,-2.34));
#12828 = LINE('',#12829,#12830);
#12829 = CARTESIAN_POINT('',(1.59,8.57,-2.34));
#12830 = VECTOR('',#12831,1.);
#12831 = DIRECTION('',(0.,1.,0.));
#12832 = ORIENTED_EDGE('',*,*,#12833,.F.);
#12833 = EDGE_CURVE('',#12817,#12826,#12834,.T.);
#12834 = LINE('',#12835,#12836);
#12835 = CARTESIAN_POINT('',(1.59,9.21,-3.383959779057E-15));
#12836 = VECTOR('',#12837,1.);
#12837 = DIRECTION('',(-0.,-0.,-1.));
#12838 = PLANE('',#12839);
#12839 = AXIS2_PLACEMENT_3D('',#12840,#12841,#12842);
#12840 = CARTESIAN_POINT('',(1.59,8.57,-3.383959779057E-15));
#12841 = DIRECTION('',(1.,0.,0.));
#12842 = DIRECTION('',(0.,1.,0.));
#12843 = ADVANCED_FACE('',(#12844),#12869,.F.);
#12844 = FACE_BOUND('',#12845,.F.);
#12845 = EDGE_LOOP('',(#12846,#12854,#12855,#12863));
#12846 = ORIENTED_EDGE('',*,*,#12847,.F.);
#12847 = EDGE_CURVE('',#12756,#12848,#12850,.T.);
#12848 = VERTEX_POINT('',#12849);
#12849 = CARTESIAN_POINT('',(1.15,8.77,-2.54));
#12850 = LINE('',#12851,#12852);
#12851 = CARTESIAN_POINT('',(1.123333333333,8.743333333333,
    -2.513333333333));
#12852 = VECTOR('',#12853,1.);
#12853 = DIRECTION('',(0.57735026919,0.57735026919,-0.57735026919));
#12854 = ORIENTED_EDGE('',*,*,#12763,.T.);
#12855 = ORIENTED_EDGE('',*,*,#12856,.T.);
#12856 = EDGE_CURVE('',#12764,#12857,#12859,.T.);
#12857 = VERTEX_POINT('',#12858);
#12858 = CARTESIAN_POINT('',(1.39,8.77,-2.54));
#12859 = LINE('',#12860,#12861);
#12860 = CARTESIAN_POINT('',(1.416666666667,8.743333333333,
    -2.513333333333));
#12861 = VECTOR('',#12862,1.);
#12862 = DIRECTION('',(-0.57735026919,0.57735026919,-0.57735026919));
#12863 = ORIENTED_EDGE('',*,*,#12864,.F.);
#12864 = EDGE_CURVE('',#12848,#12857,#12865,.T.);
#12865 = LINE('',#12866,#12867);
#12866 = CARTESIAN_POINT('',(0.95,8.77,-2.54));
#12867 = VECTOR('',#12868,1.);
#12868 = DIRECTION('',(1.,0.,0.));
#12869 = PLANE('',#12870);
#12870 = AXIS2_PLACEMENT_3D('',#12871,#12872,#12873);
#12871 = CARTESIAN_POINT('',(0.95,8.67,-2.44));
#12872 = DIRECTION('',(0.,0.707106781187,0.707106781187));
#12873 = DIRECTION('',(1.,0.,0.));
#12874 = ADVANCED_FACE('',(#12875),#12900,.T.);
#12875 = FACE_BOUND('',#12876,.T.);
#12876 = EDGE_LOOP('',(#12877,#12885,#12893,#12899));
#12877 = ORIENTED_EDGE('',*,*,#12878,.F.);
#12878 = EDGE_CURVE('',#12879,#12746,#12881,.T.);
#12879 = VERTEX_POINT('',#12880);
#12880 = CARTESIAN_POINT('',(0.95,9.21,-3.383959779057E-15));
#12881 = LINE('',#12882,#12883);
#12882 = CARTESIAN_POINT('',(0.95,9.21,-3.383959779057E-15));
#12883 = VECTOR('',#12884,1.);
#12884 = DIRECTION('',(0.,-1.,0.));
#12885 = ORIENTED_EDGE('',*,*,#12886,.T.);
#12886 = EDGE_CURVE('',#12879,#12887,#12889,.T.);
#12887 = VERTEX_POINT('',#12888);
#12888 = CARTESIAN_POINT('',(0.95,9.21,-2.34));
#12889 = LINE('',#12890,#12891);
#12890 = CARTESIAN_POINT('',(0.95,9.21,-3.383959779057E-15));
#12891 = VECTOR('',#12892,1.);
#12892 = DIRECTION('',(-0.,-0.,-1.));
#12893 = ORIENTED_EDGE('',*,*,#12894,.T.);
#12894 = EDGE_CURVE('',#12887,#12756,#12895,.T.);
#12895 = LINE('',#12896,#12897);
#12896 = CARTESIAN_POINT('',(0.95,9.21,-2.34));
#12897 = VECTOR('',#12898,1.);
#12898 = DIRECTION('',(0.,-1.,0.));
#12899 = ORIENTED_EDGE('',*,*,#12755,.F.);
#12900 = PLANE('',#12901);
#12901 = AXIS2_PLACEMENT_3D('',#12902,#12903,#12904);
#12902 = CARTESIAN_POINT('',(0.95,9.21,-3.383959779057E-15));
#12903 = DIRECTION('',(-1.,0.,0.));
#12904 = DIRECTION('',(0.,-1.,0.));
#12905 = ADVANCED_FACE('',(#12906),#12924,.F.);
#12906 = FACE_BOUND('',#12907,.F.);
#12907 = EDGE_LOOP('',(#12908,#12909,#12910,#12918));
#12908 = ORIENTED_EDGE('',*,*,#12816,.F.);
#12909 = ORIENTED_EDGE('',*,*,#12802,.T.);
#12910 = ORIENTED_EDGE('',*,*,#12911,.T.);
#12911 = EDGE_CURVE('',#12795,#12912,#12914,.T.);
#12912 = VERTEX_POINT('',#12913);
#12913 = CARTESIAN_POINT('',(1.59,9.21,8.18));
#12914 = LINE('',#12915,#12916);
#12915 = CARTESIAN_POINT('',(1.59,8.57,8.18));
#12916 = VECTOR('',#12917,1.);
#12917 = DIRECTION('',(0.,1.,0.));
#12918 = ORIENTED_EDGE('',*,*,#12919,.F.);
#12919 = EDGE_CURVE('',#12817,#12912,#12920,.T.);
#12920 = LINE('',#12921,#12922);
#12921 = CARTESIAN_POINT('',(1.59,9.21,-3.383959779057E-15));
#12922 = VECTOR('',#12923,1.);
#12923 = DIRECTION('',(0.,0.,1.));
#12924 = PLANE('',#12925);
#12925 = AXIS2_PLACEMENT_3D('',#12926,#12927,#12928);
#12926 = CARTESIAN_POINT('',(1.59,8.57,-3.383959779057E-15));
#12927 = DIRECTION('',(-1.,0.,0.));
#12928 = DIRECTION('',(0.,1.,0.));
#12929 = ADVANCED_FACE('',(#12930),#12955,.F.);
#12930 = FACE_BOUND('',#12931,.T.);
#12931 = EDGE_LOOP('',(#12932,#12940,#12941,#12949));
#12932 = ORIENTED_EDGE('',*,*,#12933,.F.);
#12933 = EDGE_CURVE('',#12787,#12934,#12936,.T.);
#12934 = VERTEX_POINT('',#12935);
#12935 = CARTESIAN_POINT('',(1.15,8.77,8.38));
#12936 = LINE('',#12937,#12938);
#12937 = CARTESIAN_POINT('',(1.123333333333,8.743333333333,
    8.353333333333));
#12938 = VECTOR('',#12939,1.);
#12939 = DIRECTION('',(0.57735026919,0.57735026919,0.57735026919));
#12940 = ORIENTED_EDGE('',*,*,#12794,.T.);
#12941 = ORIENTED_EDGE('',*,*,#12942,.T.);
#12942 = EDGE_CURVE('',#12795,#12943,#12945,.T.);
#12943 = VERTEX_POINT('',#12944);
#12944 = CARTESIAN_POINT('',(1.39,8.77,8.38));
#12945 = LINE('',#12946,#12947);
#12946 = CARTESIAN_POINT('',(1.416666666667,8.743333333333,
    8.353333333333));
#12947 = VECTOR('',#12948,1.);
#12948 = DIRECTION('',(-0.57735026919,0.57735026919,0.57735026919));
#12949 = ORIENTED_EDGE('',*,*,#12950,.F.);
#12950 = EDGE_CURVE('',#12934,#12943,#12951,.T.);
#12951 = LINE('',#12952,#12953);
#12952 = CARTESIAN_POINT('',(0.95,8.77,8.38));
#12953 = VECTOR('',#12954,1.);
#12954 = DIRECTION('',(1.,0.,0.));
#12955 = PLANE('',#12956);
#12956 = AXIS2_PLACEMENT_3D('',#12957,#12958,#12959);
#12957 = CARTESIAN_POINT('',(0.95,8.67,8.28));
#12958 = DIRECTION('',(0.,0.707106781187,-0.707106781187));
#12959 = DIRECTION('',(-1.,-0.,-0.));
#12960 = ADVANCED_FACE('',(#12961),#12979,.F.);
#12961 = FACE_BOUND('',#12962,.F.);
#12962 = EDGE_LOOP('',(#12963,#12964,#12972,#12978));
#12963 = ORIENTED_EDGE('',*,*,#12878,.F.);
#12964 = ORIENTED_EDGE('',*,*,#12965,.T.);
#12965 = EDGE_CURVE('',#12879,#12966,#12968,.T.);
#12966 = VERTEX_POINT('',#12967);
#12967 = CARTESIAN_POINT('',(0.95,9.21,8.18));
#12968 = LINE('',#12969,#12970);
#12969 = CARTESIAN_POINT('',(0.95,9.21,-3.383959779057E-15));
#12970 = VECTOR('',#12971,1.);
#12971 = DIRECTION('',(0.,0.,1.));
#12972 = ORIENTED_EDGE('',*,*,#12973,.T.);
#12973 = EDGE_CURVE('',#12966,#12787,#12974,.T.);
#12974 = LINE('',#12975,#12976);
#12975 = CARTESIAN_POINT('',(0.95,9.21,8.18));
#12976 = VECTOR('',#12977,1.);
#12977 = DIRECTION('',(0.,-1.,0.));
#12978 = ORIENTED_EDGE('',*,*,#12786,.F.);
#12979 = PLANE('',#12980);
#12980 = AXIS2_PLACEMENT_3D('',#12981,#12982,#12983);
#12981 = CARTESIAN_POINT('',(0.95,9.21,-3.383959779057E-15));
#12982 = DIRECTION('',(1.,0.,0.));
#12983 = DIRECTION('',(0.,-1.,0.));
#12984 = ADVANCED_FACE('',(#12985),#13001,.T.);
#12985 = FACE_BOUND('',#12986,.T.);
#12986 = EDGE_LOOP('',(#12987,#12993,#12994,#13000));
#12987 = ORIENTED_EDGE('',*,*,#12988,.F.);
#12988 = EDGE_CURVE('',#12817,#12879,#12989,.T.);
#12989 = LINE('',#12990,#12991);
#12990 = CARTESIAN_POINT('',(1.59,9.21,-3.383959779057E-15));
#12991 = VECTOR('',#12992,1.);
#12992 = DIRECTION('',(-1.,0.,0.));
#12993 = ORIENTED_EDGE('',*,*,#12833,.T.);
#12994 = ORIENTED_EDGE('',*,*,#12995,.T.);
#12995 = EDGE_CURVE('',#12826,#12887,#12996,.T.);
#12996 = LINE('',#12997,#12998);
#12997 = CARTESIAN_POINT('',(1.59,9.21,-2.34));
#12998 = VECTOR('',#12999,1.);
#12999 = DIRECTION('',(-1.,0.,0.));
#13000 = ORIENTED_EDGE('',*,*,#12886,.F.);
#13001 = PLANE('',#13002);
#13002 = AXIS2_PLACEMENT_3D('',#13003,#13004,#13005);
#13003 = CARTESIAN_POINT('',(1.59,9.21,-3.383959779057E-15));
#13004 = DIRECTION('',(0.,1.,0.));
#13005 = DIRECTION('',(-1.,0.,0.));
#13006 = ADVANCED_FACE('',(#13007),#13025,.F.);
#13007 = FACE_BOUND('',#13008,.F.);
#13008 = EDGE_LOOP('',(#13009,#13010,#13011,#13019));
#13009 = ORIENTED_EDGE('',*,*,#12856,.F.);
#13010 = ORIENTED_EDGE('',*,*,#12825,.T.);
#13011 = ORIENTED_EDGE('',*,*,#13012,.F.);
#13012 = EDGE_CURVE('',#13013,#12826,#13015,.T.);
#13013 = VERTEX_POINT('',#13014);
#13014 = CARTESIAN_POINT('',(1.39,9.01,-2.54));
#13015 = LINE('',#13016,#13017);
#13016 = CARTESIAN_POINT('',(1.416666666667,9.036666666667,
    -2.513333333333));
#13017 = VECTOR('',#13018,1.);
#13018 = DIRECTION('',(0.57735026919,0.57735026919,0.57735026919));
#13019 = ORIENTED_EDGE('',*,*,#13020,.F.);
#13020 = EDGE_CURVE('',#12857,#13013,#13021,.T.);
#13021 = LINE('',#13022,#13023);
#13022 = CARTESIAN_POINT('',(1.39,8.57,-2.54));
#13023 = VECTOR('',#13024,1.);
#13024 = DIRECTION('',(0.,1.,0.));
#13025 = PLANE('',#13026);
#13026 = AXIS2_PLACEMENT_3D('',#13027,#13028,#13029);
#13027 = CARTESIAN_POINT('',(1.49,8.57,-2.44));
#13028 = DIRECTION('',(-0.707106781187,0.,0.707106781187));
#13029 = DIRECTION('',(0.,1.,0.));
#13030 = ADVANCED_FACE('',(#13031),#13049,.F.);
#13031 = FACE_BOUND('',#13032,.F.);
#13032 = EDGE_LOOP('',(#13033,#13041,#13042,#13043));
#13033 = ORIENTED_EDGE('',*,*,#13034,.F.);
#13034 = EDGE_CURVE('',#12887,#13035,#13037,.T.);
#13035 = VERTEX_POINT('',#13036);
#13036 = CARTESIAN_POINT('',(1.15,9.01,-2.54));
#13037 = LINE('',#13038,#13039);
#13038 = CARTESIAN_POINT('',(1.123333333333,9.036666666667,
    -2.513333333333));
#13039 = VECTOR('',#13040,1.);
#13040 = DIRECTION('',(0.57735026919,-0.57735026919,-0.57735026919));
#13041 = ORIENTED_EDGE('',*,*,#12894,.T.);
#13042 = ORIENTED_EDGE('',*,*,#12847,.T.);
#13043 = ORIENTED_EDGE('',*,*,#13044,.F.);
#13044 = EDGE_CURVE('',#13035,#12848,#13045,.T.);
#13045 = LINE('',#13046,#13047);
#13046 = CARTESIAN_POINT('',(1.15,9.21,-2.54));
#13047 = VECTOR('',#13048,1.);
#13048 = DIRECTION('',(0.,-1.,0.));
#13049 = PLANE('',#13050);
#13050 = AXIS2_PLACEMENT_3D('',#13051,#13052,#13053);
#13051 = CARTESIAN_POINT('',(1.05,9.21,-2.44));
#13052 = DIRECTION('',(0.707106781187,0.,0.707106781187));
#13053 = DIRECTION('',(0.,-1.,0.));
#13054 = ADVANCED_FACE('',(#13055),#13066,.F.);
#13055 = FACE_BOUND('',#13056,.F.);
#13056 = EDGE_LOOP('',(#13057,#13058,#13059,#13060));
#13057 = ORIENTED_EDGE('',*,*,#13044,.T.);
#13058 = ORIENTED_EDGE('',*,*,#12864,.T.);
#13059 = ORIENTED_EDGE('',*,*,#13020,.T.);
#13060 = ORIENTED_EDGE('',*,*,#13061,.T.);
#13061 = EDGE_CURVE('',#13013,#13035,#13062,.T.);
#13062 = LINE('',#13063,#13064);
#13063 = CARTESIAN_POINT('',(1.59,9.01,-2.54));
#13064 = VECTOR('',#13065,1.);
#13065 = DIRECTION('',(-1.,0.,0.));
#13066 = PLANE('',#13067);
#13067 = AXIS2_PLACEMENT_3D('',#13068,#13069,#13070);
#13068 = CARTESIAN_POINT('',(1.27,8.89,-2.54));
#13069 = DIRECTION('',(0.,0.,1.));
#13070 = DIRECTION('',(1.,0.,0.));
#13071 = ADVANCED_FACE('',(#13072),#13083,.F.);
#13072 = FACE_BOUND('',#13073,.F.);
#13073 = EDGE_LOOP('',(#13074,#13075,#13076,#13082));
#13074 = ORIENTED_EDGE('',*,*,#12988,.F.);
#13075 = ORIENTED_EDGE('',*,*,#12919,.T.);
#13076 = ORIENTED_EDGE('',*,*,#13077,.T.);
#13077 = EDGE_CURVE('',#12912,#12966,#13078,.T.);
#13078 = LINE('',#13079,#13080);
#13079 = CARTESIAN_POINT('',(1.59,9.21,8.18));
#13080 = VECTOR('',#13081,1.);
#13081 = DIRECTION('',(-1.,0.,0.));
#13082 = ORIENTED_EDGE('',*,*,#12965,.F.);
#13083 = PLANE('',#13084);
#13084 = AXIS2_PLACEMENT_3D('',#13085,#13086,#13087);
#13085 = CARTESIAN_POINT('',(1.59,9.21,-3.383959779057E-15));
#13086 = DIRECTION('',(0.,-1.,0.));
#13087 = DIRECTION('',(-1.,0.,0.));
#13088 = ADVANCED_FACE('',(#13089),#13107,.F.);
#13089 = FACE_BOUND('',#13090,.T.);
#13090 = EDGE_LOOP('',(#13091,#13092,#13093,#13101));
#13091 = ORIENTED_EDGE('',*,*,#12942,.F.);
#13092 = ORIENTED_EDGE('',*,*,#12911,.T.);
#13093 = ORIENTED_EDGE('',*,*,#13094,.F.);
#13094 = EDGE_CURVE('',#13095,#12912,#13097,.T.);
#13095 = VERTEX_POINT('',#13096);
#13096 = CARTESIAN_POINT('',(1.39,9.01,8.38));
#13097 = LINE('',#13098,#13099);
#13098 = CARTESIAN_POINT('',(1.416666666667,9.036666666667,
    8.353333333333));
#13099 = VECTOR('',#13100,1.);
#13100 = DIRECTION('',(0.57735026919,0.57735026919,-0.57735026919));
#13101 = ORIENTED_EDGE('',*,*,#13102,.F.);
#13102 = EDGE_CURVE('',#12943,#13095,#13103,.T.);
#13103 = LINE('',#13104,#13105);
#13104 = CARTESIAN_POINT('',(1.39,8.57,8.38));
#13105 = VECTOR('',#13106,1.);
#13106 = DIRECTION('',(0.,1.,0.));
#13107 = PLANE('',#13108);
#13108 = AXIS2_PLACEMENT_3D('',#13109,#13110,#13111);
#13109 = CARTESIAN_POINT('',(1.49,8.57,8.28));
#13110 = DIRECTION('',(-0.707106781187,0.,-0.707106781187));
#13111 = DIRECTION('',(-0.,-1.,-0.));
#13112 = ADVANCED_FACE('',(#13113),#13131,.F.);
#13113 = FACE_BOUND('',#13114,.T.);
#13114 = EDGE_LOOP('',(#13115,#13123,#13124,#13125));
#13115 = ORIENTED_EDGE('',*,*,#13116,.T.);
#13116 = EDGE_CURVE('',#13117,#12966,#13119,.T.);
#13117 = VERTEX_POINT('',#13118);
#13118 = CARTESIAN_POINT('',(1.15,9.01,8.38));
#13119 = LINE('',#13120,#13121);
#13120 = CARTESIAN_POINT('',(1.123333333333,9.036666666667,
    8.353333333333));
#13121 = VECTOR('',#13122,1.);
#13122 = DIRECTION('',(-0.57735026919,0.57735026919,-0.57735026919));
#13123 = ORIENTED_EDGE('',*,*,#12973,.T.);
#13124 = ORIENTED_EDGE('',*,*,#12933,.T.);
#13125 = ORIENTED_EDGE('',*,*,#13126,.F.);
#13126 = EDGE_CURVE('',#13117,#12934,#13127,.T.);
#13127 = LINE('',#13128,#13129);
#13128 = CARTESIAN_POINT('',(1.15,9.21,8.38));
#13129 = VECTOR('',#13130,1.);
#13130 = DIRECTION('',(0.,-1.,0.));
#13131 = PLANE('',#13132);
#13132 = AXIS2_PLACEMENT_3D('',#13133,#13134,#13135);
#13133 = CARTESIAN_POINT('',(1.05,9.21,8.28));
#13134 = DIRECTION('',(0.707106781187,0.,-0.707106781187));
#13135 = DIRECTION('',(0.,1.,0.));
#13136 = ADVANCED_FACE('',(#13137),#13148,.T.);
#13137 = FACE_BOUND('',#13138,.T.);
#13138 = EDGE_LOOP('',(#13139,#13140,#13141,#13142));
#13139 = ORIENTED_EDGE('',*,*,#13126,.T.);
#13140 = ORIENTED_EDGE('',*,*,#12950,.T.);
#13141 = ORIENTED_EDGE('',*,*,#13102,.T.);
#13142 = ORIENTED_EDGE('',*,*,#13143,.T.);
#13143 = EDGE_CURVE('',#13095,#13117,#13144,.T.);
#13144 = LINE('',#13145,#13146);
#13145 = CARTESIAN_POINT('',(1.59,9.01,8.38));
#13146 = VECTOR('',#13147,1.);
#13147 = DIRECTION('',(-1.,0.,0.));
#13148 = PLANE('',#13149);
#13149 = AXIS2_PLACEMENT_3D('',#13150,#13151,#13152);
#13150 = CARTESIAN_POINT('',(1.27,8.89,8.38));
#13151 = DIRECTION('',(0.,0.,1.));
#13152 = DIRECTION('',(1.,0.,0.));
#13153 = ADVANCED_FACE('',(#13154),#13160,.F.);
#13154 = FACE_BOUND('',#13155,.T.);
#13155 = EDGE_LOOP('',(#13156,#13157,#13158,#13159));
#13156 = ORIENTED_EDGE('',*,*,#13012,.F.);
#13157 = ORIENTED_EDGE('',*,*,#13061,.T.);
#13158 = ORIENTED_EDGE('',*,*,#13034,.F.);
#13159 = ORIENTED_EDGE('',*,*,#12995,.F.);
#13160 = PLANE('',#13161);
#13161 = AXIS2_PLACEMENT_3D('',#13162,#13163,#13164);
#13162 = CARTESIAN_POINT('',(1.59,9.11,-2.44));
#13163 = DIRECTION('',(0.,-0.707106781187,0.707106781187));
#13164 = DIRECTION('',(1.,0.,0.));
#13165 = ADVANCED_FACE('',(#13166),#13172,.F.);
#13166 = FACE_BOUND('',#13167,.F.);
#13167 = EDGE_LOOP('',(#13168,#13169,#13170,#13171));
#13168 = ORIENTED_EDGE('',*,*,#13094,.F.);
#13169 = ORIENTED_EDGE('',*,*,#13143,.T.);
#13170 = ORIENTED_EDGE('',*,*,#13116,.T.);
#13171 = ORIENTED_EDGE('',*,*,#13077,.F.);
#13172 = PLANE('',#13173);
#13173 = AXIS2_PLACEMENT_3D('',#13174,#13175,#13176);
#13174 = CARTESIAN_POINT('',(1.59,9.11,8.28));
#13175 = DIRECTION('',(0.,-0.707106781187,-0.707106781187));
#13176 = DIRECTION('',(-1.,0.,0.));
#13177 = MANIFOLD_SOLID_BREP('',#13178);
#13178 = CLOSED_SHELL('',(#13179,#13219,#13250,#13281,#13312,#13343,
    #13367,#13398,#13422,#13444,#13468,#13492,#13509,#13526,#13550,
    #13574,#13591,#13603));
#13179 = ADVANCED_FACE('',(#13180),#13214,.T.);
#13180 = FACE_BOUND('',#13181,.T.);
#13181 = EDGE_LOOP('',(#13182,#13192,#13200,#13208));
#13182 = ORIENTED_EDGE('',*,*,#13183,.F.);
#13183 = EDGE_CURVE('',#13184,#13186,#13188,.T.);
#13184 = VERTEX_POINT('',#13185);
#13185 = CARTESIAN_POINT('',(0.95,11.11,-3.665956427312E-15));
#13186 = VERTEX_POINT('',#13187);
#13187 = CARTESIAN_POINT('',(1.59,11.11,-3.665956427312E-15));
#13188 = LINE('',#13189,#13190);
#13189 = CARTESIAN_POINT('',(0.95,11.11,-3.665956427312E-15));
#13190 = VECTOR('',#13191,1.);
#13191 = DIRECTION('',(1.,0.,0.));
#13192 = ORIENTED_EDGE('',*,*,#13193,.T.);
#13193 = EDGE_CURVE('',#13184,#13194,#13196,.T.);
#13194 = VERTEX_POINT('',#13195);
#13195 = CARTESIAN_POINT('',(0.95,11.11,-2.34));
#13196 = LINE('',#13197,#13198);
#13197 = CARTESIAN_POINT('',(0.95,11.11,-3.665956427312E-15));
#13198 = VECTOR('',#13199,1.);
#13199 = DIRECTION('',(-0.,-0.,-1.));
#13200 = ORIENTED_EDGE('',*,*,#13201,.T.);
#13201 = EDGE_CURVE('',#13194,#13202,#13204,.T.);
#13202 = VERTEX_POINT('',#13203);
#13203 = CARTESIAN_POINT('',(1.59,11.11,-2.34));
#13204 = LINE('',#13205,#13206);
#13205 = CARTESIAN_POINT('',(0.95,11.11,-2.34));
#13206 = VECTOR('',#13207,1.);
#13207 = DIRECTION('',(1.,0.,0.));
#13208 = ORIENTED_EDGE('',*,*,#13209,.F.);
#13209 = EDGE_CURVE('',#13186,#13202,#13210,.T.);
#13210 = LINE('',#13211,#13212);
#13211 = CARTESIAN_POINT('',(1.59,11.11,-3.665956427312E-15));
#13212 = VECTOR('',#13213,1.);
#13213 = DIRECTION('',(-0.,-0.,-1.));
#13214 = PLANE('',#13215);
#13215 = AXIS2_PLACEMENT_3D('',#13216,#13217,#13218);
#13216 = CARTESIAN_POINT('',(0.95,11.11,-3.665956427312E-15));
#13217 = DIRECTION('',(0.,-1.,0.));
#13218 = DIRECTION('',(1.,0.,0.));
#13219 = ADVANCED_FACE('',(#13220),#13245,.F.);
#13220 = FACE_BOUND('',#13221,.F.);
#13221 = EDGE_LOOP('',(#13222,#13223,#13231,#13239));
#13222 = ORIENTED_EDGE('',*,*,#13183,.F.);
#13223 = ORIENTED_EDGE('',*,*,#13224,.T.);
#13224 = EDGE_CURVE('',#13184,#13225,#13227,.T.);
#13225 = VERTEX_POINT('',#13226);
#13226 = CARTESIAN_POINT('',(0.95,11.11,8.18));
#13227 = LINE('',#13228,#13229);
#13228 = CARTESIAN_POINT('',(0.95,11.11,-3.665956427312E-15));
#13229 = VECTOR('',#13230,1.);
#13230 = DIRECTION('',(0.,0.,1.));
#13231 = ORIENTED_EDGE('',*,*,#13232,.T.);
#13232 = EDGE_CURVE('',#13225,#13233,#13235,.T.);
#13233 = VERTEX_POINT('',#13234);
#13234 = CARTESIAN_POINT('',(1.59,11.11,8.18));
#13235 = LINE('',#13236,#13237);
#13236 = CARTESIAN_POINT('',(0.95,11.11,8.18));
#13237 = VECTOR('',#13238,1.);
#13238 = DIRECTION('',(1.,0.,0.));
#13239 = ORIENTED_EDGE('',*,*,#13240,.F.);
#13240 = EDGE_CURVE('',#13186,#13233,#13241,.T.);
#13241 = LINE('',#13242,#13243);
#13242 = CARTESIAN_POINT('',(1.59,11.11,-3.665956427312E-15));
#13243 = VECTOR('',#13244,1.);
#13244 = DIRECTION('',(0.,0.,1.));
#13245 = PLANE('',#13246);
#13246 = AXIS2_PLACEMENT_3D('',#13247,#13248,#13249);
#13247 = CARTESIAN_POINT('',(0.95,11.11,-3.665956427312E-15));
#13248 = DIRECTION('',(0.,1.,0.));
#13249 = DIRECTION('',(1.,0.,0.));
#13250 = ADVANCED_FACE('',(#13251),#13276,.T.);
#13251 = FACE_BOUND('',#13252,.T.);
#13252 = EDGE_LOOP('',(#13253,#13261,#13262,#13270));
#13253 = ORIENTED_EDGE('',*,*,#13254,.F.);
#13254 = EDGE_CURVE('',#13186,#13255,#13257,.T.);
#13255 = VERTEX_POINT('',#13256);
#13256 = CARTESIAN_POINT('',(1.59,11.75,-3.665956427312E-15));
#13257 = LINE('',#13258,#13259);
#13258 = CARTESIAN_POINT('',(1.59,11.11,-3.665956427312E-15));
#13259 = VECTOR('',#13260,1.);
#13260 = DIRECTION('',(0.,1.,0.));
#13261 = ORIENTED_EDGE('',*,*,#13209,.T.);
#13262 = ORIENTED_EDGE('',*,*,#13263,.T.);
#13263 = EDGE_CURVE('',#13202,#13264,#13266,.T.);
#13264 = VERTEX_POINT('',#13265);
#13265 = CARTESIAN_POINT('',(1.59,11.75,-2.34));
#13266 = LINE('',#13267,#13268);
#13267 = CARTESIAN_POINT('',(1.59,11.11,-2.34));
#13268 = VECTOR('',#13269,1.);
#13269 = DIRECTION('',(0.,1.,0.));
#13270 = ORIENTED_EDGE('',*,*,#13271,.F.);
#13271 = EDGE_CURVE('',#13255,#13264,#13272,.T.);
#13272 = LINE('',#13273,#13274);
#13273 = CARTESIAN_POINT('',(1.59,11.75,-3.665956427312E-15));
#13274 = VECTOR('',#13275,1.);
#13275 = DIRECTION('',(-0.,-0.,-1.));
#13276 = PLANE('',#13277);
#13277 = AXIS2_PLACEMENT_3D('',#13278,#13279,#13280);
#13278 = CARTESIAN_POINT('',(1.59,11.11,-3.665956427312E-15));
#13279 = DIRECTION('',(1.,0.,0.));
#13280 = DIRECTION('',(0.,1.,0.));
#13281 = ADVANCED_FACE('',(#13282),#13307,.F.);
#13282 = FACE_BOUND('',#13283,.F.);
#13283 = EDGE_LOOP('',(#13284,#13292,#13293,#13301));
#13284 = ORIENTED_EDGE('',*,*,#13285,.F.);
#13285 = EDGE_CURVE('',#13194,#13286,#13288,.T.);
#13286 = VERTEX_POINT('',#13287);
#13287 = CARTESIAN_POINT('',(1.15,11.31,-2.54));
#13288 = LINE('',#13289,#13290);
#13289 = CARTESIAN_POINT('',(1.123333333333,11.283333333333,
    -2.513333333333));
#13290 = VECTOR('',#13291,1.);
#13291 = DIRECTION('',(0.57735026919,0.57735026919,-0.57735026919));
#13292 = ORIENTED_EDGE('',*,*,#13201,.T.);
#13293 = ORIENTED_EDGE('',*,*,#13294,.T.);
#13294 = EDGE_CURVE('',#13202,#13295,#13297,.T.);
#13295 = VERTEX_POINT('',#13296);
#13296 = CARTESIAN_POINT('',(1.39,11.31,-2.54));
#13297 = LINE('',#13298,#13299);
#13298 = CARTESIAN_POINT('',(1.416666666667,11.283333333333,
    -2.513333333333));
#13299 = VECTOR('',#13300,1.);
#13300 = DIRECTION('',(-0.57735026919,0.57735026919,-0.57735026919));
#13301 = ORIENTED_EDGE('',*,*,#13302,.F.);
#13302 = EDGE_CURVE('',#13286,#13295,#13303,.T.);
#13303 = LINE('',#13304,#13305);
#13304 = CARTESIAN_POINT('',(0.95,11.31,-2.54));
#13305 = VECTOR('',#13306,1.);
#13306 = DIRECTION('',(1.,0.,0.));
#13307 = PLANE('',#13308);
#13308 = AXIS2_PLACEMENT_3D('',#13309,#13310,#13311);
#13309 = CARTESIAN_POINT('',(0.95,11.21,-2.44));
#13310 = DIRECTION('',(0.,0.707106781187,0.707106781187));
#13311 = DIRECTION('',(1.,0.,0.));
#13312 = ADVANCED_FACE('',(#13313),#13338,.T.);
#13313 = FACE_BOUND('',#13314,.T.);
#13314 = EDGE_LOOP('',(#13315,#13323,#13331,#13337));
#13315 = ORIENTED_EDGE('',*,*,#13316,.F.);
#13316 = EDGE_CURVE('',#13317,#13184,#13319,.T.);
#13317 = VERTEX_POINT('',#13318);
#13318 = CARTESIAN_POINT('',(0.95,11.75,-3.665956427312E-15));
#13319 = LINE('',#13320,#13321);
#13320 = CARTESIAN_POINT('',(0.95,11.75,-3.665956427312E-15));
#13321 = VECTOR('',#13322,1.);
#13322 = DIRECTION('',(0.,-1.,0.));
#13323 = ORIENTED_EDGE('',*,*,#13324,.T.);
#13324 = EDGE_CURVE('',#13317,#13325,#13327,.T.);
#13325 = VERTEX_POINT('',#13326);
#13326 = CARTESIAN_POINT('',(0.95,11.75,-2.34));
#13327 = LINE('',#13328,#13329);
#13328 = CARTESIAN_POINT('',(0.95,11.75,-3.665956427312E-15));
#13329 = VECTOR('',#13330,1.);
#13330 = DIRECTION('',(-0.,-0.,-1.));
#13331 = ORIENTED_EDGE('',*,*,#13332,.T.);
#13332 = EDGE_CURVE('',#13325,#13194,#13333,.T.);
#13333 = LINE('',#13334,#13335);
#13334 = CARTESIAN_POINT('',(0.95,11.75,-2.34));
#13335 = VECTOR('',#13336,1.);
#13336 = DIRECTION('',(0.,-1.,0.));
#13337 = ORIENTED_EDGE('',*,*,#13193,.F.);
#13338 = PLANE('',#13339);
#13339 = AXIS2_PLACEMENT_3D('',#13340,#13341,#13342);
#13340 = CARTESIAN_POINT('',(0.95,11.75,-3.665956427312E-15));
#13341 = DIRECTION('',(-1.,0.,0.));
#13342 = DIRECTION('',(0.,-1.,0.));
#13343 = ADVANCED_FACE('',(#13344),#13362,.F.);
#13344 = FACE_BOUND('',#13345,.F.);
#13345 = EDGE_LOOP('',(#13346,#13347,#13348,#13356));
#13346 = ORIENTED_EDGE('',*,*,#13254,.F.);
#13347 = ORIENTED_EDGE('',*,*,#13240,.T.);
#13348 = ORIENTED_EDGE('',*,*,#13349,.T.);
#13349 = EDGE_CURVE('',#13233,#13350,#13352,.T.);
#13350 = VERTEX_POINT('',#13351);
#13351 = CARTESIAN_POINT('',(1.59,11.75,8.18));
#13352 = LINE('',#13353,#13354);
#13353 = CARTESIAN_POINT('',(1.59,11.11,8.18));
#13354 = VECTOR('',#13355,1.);
#13355 = DIRECTION('',(0.,1.,0.));
#13356 = ORIENTED_EDGE('',*,*,#13357,.F.);
#13357 = EDGE_CURVE('',#13255,#13350,#13358,.T.);
#13358 = LINE('',#13359,#13360);
#13359 = CARTESIAN_POINT('',(1.59,11.75,-3.665956427312E-15));
#13360 = VECTOR('',#13361,1.);
#13361 = DIRECTION('',(0.,0.,1.));
#13362 = PLANE('',#13363);
#13363 = AXIS2_PLACEMENT_3D('',#13364,#13365,#13366);
#13364 = CARTESIAN_POINT('',(1.59,11.11,-3.665956427312E-15));
#13365 = DIRECTION('',(-1.,0.,0.));
#13366 = DIRECTION('',(0.,1.,0.));
#13367 = ADVANCED_FACE('',(#13368),#13393,.F.);
#13368 = FACE_BOUND('',#13369,.T.);
#13369 = EDGE_LOOP('',(#13370,#13378,#13379,#13387));
#13370 = ORIENTED_EDGE('',*,*,#13371,.F.);
#13371 = EDGE_CURVE('',#13225,#13372,#13374,.T.);
#13372 = VERTEX_POINT('',#13373);
#13373 = CARTESIAN_POINT('',(1.15,11.31,8.38));
#13374 = LINE('',#13375,#13376);
#13375 = CARTESIAN_POINT('',(1.123333333333,11.283333333333,
    8.353333333333));
#13376 = VECTOR('',#13377,1.);
#13377 = DIRECTION('',(0.57735026919,0.57735026919,0.57735026919));
#13378 = ORIENTED_EDGE('',*,*,#13232,.T.);
#13379 = ORIENTED_EDGE('',*,*,#13380,.T.);
#13380 = EDGE_CURVE('',#13233,#13381,#13383,.T.);
#13381 = VERTEX_POINT('',#13382);
#13382 = CARTESIAN_POINT('',(1.39,11.31,8.38));
#13383 = LINE('',#13384,#13385);
#13384 = CARTESIAN_POINT('',(1.416666666667,11.283333333333,
    8.353333333333));
#13385 = VECTOR('',#13386,1.);
#13386 = DIRECTION('',(-0.57735026919,0.57735026919,0.57735026919));
#13387 = ORIENTED_EDGE('',*,*,#13388,.F.);
#13388 = EDGE_CURVE('',#13372,#13381,#13389,.T.);
#13389 = LINE('',#13390,#13391);
#13390 = CARTESIAN_POINT('',(0.95,11.31,8.38));
#13391 = VECTOR('',#13392,1.);
#13392 = DIRECTION('',(1.,0.,0.));
#13393 = PLANE('',#13394);
#13394 = AXIS2_PLACEMENT_3D('',#13395,#13396,#13397);
#13395 = CARTESIAN_POINT('',(0.95,11.21,8.28));
#13396 = DIRECTION('',(0.,0.707106781187,-0.707106781187));
#13397 = DIRECTION('',(-1.,-0.,-0.));
#13398 = ADVANCED_FACE('',(#13399),#13417,.F.);
#13399 = FACE_BOUND('',#13400,.F.);
#13400 = EDGE_LOOP('',(#13401,#13402,#13410,#13416));
#13401 = ORIENTED_EDGE('',*,*,#13316,.F.);
#13402 = ORIENTED_EDGE('',*,*,#13403,.T.);
#13403 = EDGE_CURVE('',#13317,#13404,#13406,.T.);
#13404 = VERTEX_POINT('',#13405);
#13405 = CARTESIAN_POINT('',(0.95,11.75,8.18));
#13406 = LINE('',#13407,#13408);
#13407 = CARTESIAN_POINT('',(0.95,11.75,-3.665956427312E-15));
#13408 = VECTOR('',#13409,1.);
#13409 = DIRECTION('',(0.,0.,1.));
#13410 = ORIENTED_EDGE('',*,*,#13411,.T.);
#13411 = EDGE_CURVE('',#13404,#13225,#13412,.T.);
#13412 = LINE('',#13413,#13414);
#13413 = CARTESIAN_POINT('',(0.95,11.75,8.18));
#13414 = VECTOR('',#13415,1.);
#13415 = DIRECTION('',(0.,-1.,0.));
#13416 = ORIENTED_EDGE('',*,*,#13224,.F.);
#13417 = PLANE('',#13418);
#13418 = AXIS2_PLACEMENT_3D('',#13419,#13420,#13421);
#13419 = CARTESIAN_POINT('',(0.95,11.75,-3.665956427312E-15));
#13420 = DIRECTION('',(1.,0.,0.));
#13421 = DIRECTION('',(0.,-1.,0.));
#13422 = ADVANCED_FACE('',(#13423),#13439,.T.);
#13423 = FACE_BOUND('',#13424,.T.);
#13424 = EDGE_LOOP('',(#13425,#13431,#13432,#13438));
#13425 = ORIENTED_EDGE('',*,*,#13426,.F.);
#13426 = EDGE_CURVE('',#13255,#13317,#13427,.T.);
#13427 = LINE('',#13428,#13429);
#13428 = CARTESIAN_POINT('',(1.59,11.75,-3.665956427312E-15));
#13429 = VECTOR('',#13430,1.);
#13430 = DIRECTION('',(-1.,0.,0.));
#13431 = ORIENTED_EDGE('',*,*,#13271,.T.);
#13432 = ORIENTED_EDGE('',*,*,#13433,.T.);
#13433 = EDGE_CURVE('',#13264,#13325,#13434,.T.);
#13434 = LINE('',#13435,#13436);
#13435 = CARTESIAN_POINT('',(1.59,11.75,-2.34));
#13436 = VECTOR('',#13437,1.);
#13437 = DIRECTION('',(-1.,0.,0.));
#13438 = ORIENTED_EDGE('',*,*,#13324,.F.);
#13439 = PLANE('',#13440);
#13440 = AXIS2_PLACEMENT_3D('',#13441,#13442,#13443);
#13441 = CARTESIAN_POINT('',(1.59,11.75,-3.665956427312E-15));
#13442 = DIRECTION('',(0.,1.,0.));
#13443 = DIRECTION('',(-1.,0.,0.));
#13444 = ADVANCED_FACE('',(#13445),#13463,.F.);
#13445 = FACE_BOUND('',#13446,.F.);
#13446 = EDGE_LOOP('',(#13447,#13448,#13449,#13457));
#13447 = ORIENTED_EDGE('',*,*,#13294,.F.);
#13448 = ORIENTED_EDGE('',*,*,#13263,.T.);
#13449 = ORIENTED_EDGE('',*,*,#13450,.F.);
#13450 = EDGE_CURVE('',#13451,#13264,#13453,.T.);
#13451 = VERTEX_POINT('',#13452);
#13452 = CARTESIAN_POINT('',(1.39,11.55,-2.54));
#13453 = LINE('',#13454,#13455);
#13454 = CARTESIAN_POINT('',(1.416666666667,11.576666666667,
    -2.513333333333));
#13455 = VECTOR('',#13456,1.);
#13456 = DIRECTION('',(0.57735026919,0.57735026919,0.57735026919));
#13457 = ORIENTED_EDGE('',*,*,#13458,.F.);
#13458 = EDGE_CURVE('',#13295,#13451,#13459,.T.);
#13459 = LINE('',#13460,#13461);
#13460 = CARTESIAN_POINT('',(1.39,11.11,-2.54));
#13461 = VECTOR('',#13462,1.);
#13462 = DIRECTION('',(0.,1.,0.));
#13463 = PLANE('',#13464);
#13464 = AXIS2_PLACEMENT_3D('',#13465,#13466,#13467);
#13465 = CARTESIAN_POINT('',(1.49,11.11,-2.44));
#13466 = DIRECTION('',(-0.707106781187,0.,0.707106781187));
#13467 = DIRECTION('',(0.,1.,0.));
#13468 = ADVANCED_FACE('',(#13469),#13487,.F.);
#13469 = FACE_BOUND('',#13470,.F.);
#13470 = EDGE_LOOP('',(#13471,#13479,#13480,#13481));
#13471 = ORIENTED_EDGE('',*,*,#13472,.F.);
#13472 = EDGE_CURVE('',#13325,#13473,#13475,.T.);
#13473 = VERTEX_POINT('',#13474);
#13474 = CARTESIAN_POINT('',(1.15,11.55,-2.54));
#13475 = LINE('',#13476,#13477);
#13476 = CARTESIAN_POINT('',(1.123333333333,11.576666666667,
    -2.513333333333));
#13477 = VECTOR('',#13478,1.);
#13478 = DIRECTION('',(0.57735026919,-0.57735026919,-0.57735026919));
#13479 = ORIENTED_EDGE('',*,*,#13332,.T.);
#13480 = ORIENTED_EDGE('',*,*,#13285,.T.);
#13481 = ORIENTED_EDGE('',*,*,#13482,.F.);
#13482 = EDGE_CURVE('',#13473,#13286,#13483,.T.);
#13483 = LINE('',#13484,#13485);
#13484 = CARTESIAN_POINT('',(1.15,11.75,-2.54));
#13485 = VECTOR('',#13486,1.);
#13486 = DIRECTION('',(0.,-1.,0.));
#13487 = PLANE('',#13488);
#13488 = AXIS2_PLACEMENT_3D('',#13489,#13490,#13491);
#13489 = CARTESIAN_POINT('',(1.05,11.75,-2.44));
#13490 = DIRECTION('',(0.707106781187,0.,0.707106781187));
#13491 = DIRECTION('',(0.,-1.,0.));
#13492 = ADVANCED_FACE('',(#13493),#13504,.F.);
#13493 = FACE_BOUND('',#13494,.F.);
#13494 = EDGE_LOOP('',(#13495,#13496,#13497,#13498));
#13495 = ORIENTED_EDGE('',*,*,#13482,.T.);
#13496 = ORIENTED_EDGE('',*,*,#13302,.T.);
#13497 = ORIENTED_EDGE('',*,*,#13458,.T.);
#13498 = ORIENTED_EDGE('',*,*,#13499,.T.);
#13499 = EDGE_CURVE('',#13451,#13473,#13500,.T.);
#13500 = LINE('',#13501,#13502);
#13501 = CARTESIAN_POINT('',(1.59,11.55,-2.54));
#13502 = VECTOR('',#13503,1.);
#13503 = DIRECTION('',(-1.,0.,0.));
#13504 = PLANE('',#13505);
#13505 = AXIS2_PLACEMENT_3D('',#13506,#13507,#13508);
#13506 = CARTESIAN_POINT('',(1.27,11.43,-2.54));
#13507 = DIRECTION('',(0.,0.,1.));
#13508 = DIRECTION('',(1.,0.,0.));
#13509 = ADVANCED_FACE('',(#13510),#13521,.F.);
#13510 = FACE_BOUND('',#13511,.F.);
#13511 = EDGE_LOOP('',(#13512,#13513,#13514,#13520));
#13512 = ORIENTED_EDGE('',*,*,#13426,.F.);
#13513 = ORIENTED_EDGE('',*,*,#13357,.T.);
#13514 = ORIENTED_EDGE('',*,*,#13515,.T.);
#13515 = EDGE_CURVE('',#13350,#13404,#13516,.T.);
#13516 = LINE('',#13517,#13518);
#13517 = CARTESIAN_POINT('',(1.59,11.75,8.18));
#13518 = VECTOR('',#13519,1.);
#13519 = DIRECTION('',(-1.,0.,0.));
#13520 = ORIENTED_EDGE('',*,*,#13403,.F.);
#13521 = PLANE('',#13522);
#13522 = AXIS2_PLACEMENT_3D('',#13523,#13524,#13525);
#13523 = CARTESIAN_POINT('',(1.59,11.75,-3.665956427312E-15));
#13524 = DIRECTION('',(0.,-1.,0.));
#13525 = DIRECTION('',(-1.,0.,0.));
#13526 = ADVANCED_FACE('',(#13527),#13545,.F.);
#13527 = FACE_BOUND('',#13528,.T.);
#13528 = EDGE_LOOP('',(#13529,#13530,#13531,#13539));
#13529 = ORIENTED_EDGE('',*,*,#13380,.F.);
#13530 = ORIENTED_EDGE('',*,*,#13349,.T.);
#13531 = ORIENTED_EDGE('',*,*,#13532,.F.);
#13532 = EDGE_CURVE('',#13533,#13350,#13535,.T.);
#13533 = VERTEX_POINT('',#13534);
#13534 = CARTESIAN_POINT('',(1.39,11.55,8.38));
#13535 = LINE('',#13536,#13537);
#13536 = CARTESIAN_POINT('',(1.416666666667,11.576666666667,
    8.353333333333));
#13537 = VECTOR('',#13538,1.);
#13538 = DIRECTION('',(0.57735026919,0.57735026919,-0.57735026919));
#13539 = ORIENTED_EDGE('',*,*,#13540,.F.);
#13540 = EDGE_CURVE('',#13381,#13533,#13541,.T.);
#13541 = LINE('',#13542,#13543);
#13542 = CARTESIAN_POINT('',(1.39,11.11,8.38));
#13543 = VECTOR('',#13544,1.);
#13544 = DIRECTION('',(0.,1.,0.));
#13545 = PLANE('',#13546);
#13546 = AXIS2_PLACEMENT_3D('',#13547,#13548,#13549);
#13547 = CARTESIAN_POINT('',(1.49,11.11,8.28));
#13548 = DIRECTION('',(-0.707106781187,0.,-0.707106781187));
#13549 = DIRECTION('',(-0.,-1.,-0.));
#13550 = ADVANCED_FACE('',(#13551),#13569,.F.);
#13551 = FACE_BOUND('',#13552,.T.);
#13552 = EDGE_LOOP('',(#13553,#13561,#13562,#13563));
#13553 = ORIENTED_EDGE('',*,*,#13554,.T.);
#13554 = EDGE_CURVE('',#13555,#13404,#13557,.T.);
#13555 = VERTEX_POINT('',#13556);
#13556 = CARTESIAN_POINT('',(1.15,11.55,8.38));
#13557 = LINE('',#13558,#13559);
#13558 = CARTESIAN_POINT('',(1.123333333333,11.576666666667,
    8.353333333333));
#13559 = VECTOR('',#13560,1.);
#13560 = DIRECTION('',(-0.57735026919,0.57735026919,-0.57735026919));
#13561 = ORIENTED_EDGE('',*,*,#13411,.T.);
#13562 = ORIENTED_EDGE('',*,*,#13371,.T.);
#13563 = ORIENTED_EDGE('',*,*,#13564,.F.);
#13564 = EDGE_CURVE('',#13555,#13372,#13565,.T.);
#13565 = LINE('',#13566,#13567);
#13566 = CARTESIAN_POINT('',(1.15,11.75,8.38));
#13567 = VECTOR('',#13568,1.);
#13568 = DIRECTION('',(0.,-1.,0.));
#13569 = PLANE('',#13570);
#13570 = AXIS2_PLACEMENT_3D('',#13571,#13572,#13573);
#13571 = CARTESIAN_POINT('',(1.05,11.75,8.28));
#13572 = DIRECTION('',(0.707106781187,0.,-0.707106781187));
#13573 = DIRECTION('',(0.,1.,0.));
#13574 = ADVANCED_FACE('',(#13575),#13586,.T.);
#13575 = FACE_BOUND('',#13576,.T.);
#13576 = EDGE_LOOP('',(#13577,#13578,#13579,#13580));
#13577 = ORIENTED_EDGE('',*,*,#13564,.T.);
#13578 = ORIENTED_EDGE('',*,*,#13388,.T.);
#13579 = ORIENTED_EDGE('',*,*,#13540,.T.);
#13580 = ORIENTED_EDGE('',*,*,#13581,.T.);
#13581 = EDGE_CURVE('',#13533,#13555,#13582,.T.);
#13582 = LINE('',#13583,#13584);
#13583 = CARTESIAN_POINT('',(1.59,11.55,8.38));
#13584 = VECTOR('',#13585,1.);
#13585 = DIRECTION('',(-1.,0.,0.));
#13586 = PLANE('',#13587);
#13587 = AXIS2_PLACEMENT_3D('',#13588,#13589,#13590);
#13588 = CARTESIAN_POINT('',(1.27,11.43,8.38));
#13589 = DIRECTION('',(0.,0.,1.));
#13590 = DIRECTION('',(1.,0.,0.));
#13591 = ADVANCED_FACE('',(#13592),#13598,.F.);
#13592 = FACE_BOUND('',#13593,.T.);
#13593 = EDGE_LOOP('',(#13594,#13595,#13596,#13597));
#13594 = ORIENTED_EDGE('',*,*,#13450,.F.);
#13595 = ORIENTED_EDGE('',*,*,#13499,.T.);
#13596 = ORIENTED_EDGE('',*,*,#13472,.F.);
#13597 = ORIENTED_EDGE('',*,*,#13433,.F.);
#13598 = PLANE('',#13599);
#13599 = AXIS2_PLACEMENT_3D('',#13600,#13601,#13602);
#13600 = CARTESIAN_POINT('',(1.59,11.65,-2.44));
#13601 = DIRECTION('',(0.,-0.707106781187,0.707106781187));
#13602 = DIRECTION('',(1.,0.,0.));
#13603 = ADVANCED_FACE('',(#13604),#13610,.F.);
#13604 = FACE_BOUND('',#13605,.F.);
#13605 = EDGE_LOOP('',(#13606,#13607,#13608,#13609));
#13606 = ORIENTED_EDGE('',*,*,#13532,.F.);
#13607 = ORIENTED_EDGE('',*,*,#13581,.T.);
#13608 = ORIENTED_EDGE('',*,*,#13554,.T.);
#13609 = ORIENTED_EDGE('',*,*,#13515,.F.);
#13610 = PLANE('',#13611);
#13611 = AXIS2_PLACEMENT_3D('',#13612,#13613,#13614);
#13612 = CARTESIAN_POINT('',(1.59,11.65,8.28));
#13613 = DIRECTION('',(0.,-0.707106781187,-0.707106781187));
#13614 = DIRECTION('',(-1.,0.,0.));
#13615 = MANIFOLD_SOLID_BREP('',#13616);
#13616 = CLOSED_SHELL('',(#13617,#13657,#13688,#13719,#13750,#13781,
    #13805,#13836,#13860,#13882,#13906,#13930,#13947,#13964,#13988,
    #14012,#14029,#14041));
#13617 = ADVANCED_FACE('',(#13618),#13652,.T.);
#13618 = FACE_BOUND('',#13619,.T.);
#13619 = EDGE_LOOP('',(#13620,#13630,#13638,#13646));
#13620 = ORIENTED_EDGE('',*,*,#13621,.F.);
#13621 = EDGE_CURVE('',#13622,#13624,#13626,.T.);
#13622 = VERTEX_POINT('',#13623);
#13623 = CARTESIAN_POINT('',(0.95,13.65,-3.947953075567E-15));
#13624 = VERTEX_POINT('',#13625);
#13625 = CARTESIAN_POINT('',(1.59,13.65,-3.947953075567E-15));
#13626 = LINE('',#13627,#13628);
#13627 = CARTESIAN_POINT('',(0.95,13.65,-3.947953075567E-15));
#13628 = VECTOR('',#13629,1.);
#13629 = DIRECTION('',(1.,0.,0.));
#13630 = ORIENTED_EDGE('',*,*,#13631,.T.);
#13631 = EDGE_CURVE('',#13622,#13632,#13634,.T.);
#13632 = VERTEX_POINT('',#13633);
#13633 = CARTESIAN_POINT('',(0.95,13.65,-2.34));
#13634 = LINE('',#13635,#13636);
#13635 = CARTESIAN_POINT('',(0.95,13.65,-3.947953075567E-15));
#13636 = VECTOR('',#13637,1.);
#13637 = DIRECTION('',(-0.,-0.,-1.));
#13638 = ORIENTED_EDGE('',*,*,#13639,.T.);
#13639 = EDGE_CURVE('',#13632,#13640,#13642,.T.);
#13640 = VERTEX_POINT('',#13641);
#13641 = CARTESIAN_POINT('',(1.59,13.65,-2.34));
#13642 = LINE('',#13643,#13644);
#13643 = CARTESIAN_POINT('',(0.95,13.65,-2.34));
#13644 = VECTOR('',#13645,1.);
#13645 = DIRECTION('',(1.,0.,0.));
#13646 = ORIENTED_EDGE('',*,*,#13647,.F.);
#13647 = EDGE_CURVE('',#13624,#13640,#13648,.T.);
#13648 = LINE('',#13649,#13650);
#13649 = CARTESIAN_POINT('',(1.59,13.65,-3.947953075567E-15));
#13650 = VECTOR('',#13651,1.);
#13651 = DIRECTION('',(-0.,-0.,-1.));
#13652 = PLANE('',#13653);
#13653 = AXIS2_PLACEMENT_3D('',#13654,#13655,#13656);
#13654 = CARTESIAN_POINT('',(0.95,13.65,-3.947953075567E-15));
#13655 = DIRECTION('',(0.,-1.,0.));
#13656 = DIRECTION('',(1.,0.,0.));
#13657 = ADVANCED_FACE('',(#13658),#13683,.F.);
#13658 = FACE_BOUND('',#13659,.F.);
#13659 = EDGE_LOOP('',(#13660,#13661,#13669,#13677));
#13660 = ORIENTED_EDGE('',*,*,#13621,.F.);
#13661 = ORIENTED_EDGE('',*,*,#13662,.T.);
#13662 = EDGE_CURVE('',#13622,#13663,#13665,.T.);
#13663 = VERTEX_POINT('',#13664);
#13664 = CARTESIAN_POINT('',(0.95,13.65,8.18));
#13665 = LINE('',#13666,#13667);
#13666 = CARTESIAN_POINT('',(0.95,13.65,-3.947953075567E-15));
#13667 = VECTOR('',#13668,1.);
#13668 = DIRECTION('',(0.,0.,1.));
#13669 = ORIENTED_EDGE('',*,*,#13670,.T.);
#13670 = EDGE_CURVE('',#13663,#13671,#13673,.T.);
#13671 = VERTEX_POINT('',#13672);
#13672 = CARTESIAN_POINT('',(1.59,13.65,8.18));
#13673 = LINE('',#13674,#13675);
#13674 = CARTESIAN_POINT('',(0.95,13.65,8.18));
#13675 = VECTOR('',#13676,1.);
#13676 = DIRECTION('',(1.,0.,0.));
#13677 = ORIENTED_EDGE('',*,*,#13678,.F.);
#13678 = EDGE_CURVE('',#13624,#13671,#13679,.T.);
#13679 = LINE('',#13680,#13681);
#13680 = CARTESIAN_POINT('',(1.59,13.65,-3.947953075567E-15));
#13681 = VECTOR('',#13682,1.);
#13682 = DIRECTION('',(0.,0.,1.));
#13683 = PLANE('',#13684);
#13684 = AXIS2_PLACEMENT_3D('',#13685,#13686,#13687);
#13685 = CARTESIAN_POINT('',(0.95,13.65,-3.947953075567E-15));
#13686 = DIRECTION('',(0.,1.,0.));
#13687 = DIRECTION('',(1.,0.,0.));
#13688 = ADVANCED_FACE('',(#13689),#13714,.T.);
#13689 = FACE_BOUND('',#13690,.T.);
#13690 = EDGE_LOOP('',(#13691,#13699,#13700,#13708));
#13691 = ORIENTED_EDGE('',*,*,#13692,.F.);
#13692 = EDGE_CURVE('',#13624,#13693,#13695,.T.);
#13693 = VERTEX_POINT('',#13694);
#13694 = CARTESIAN_POINT('',(1.59,14.29,-3.947953075567E-15));
#13695 = LINE('',#13696,#13697);
#13696 = CARTESIAN_POINT('',(1.59,13.65,-3.947953075567E-15));
#13697 = VECTOR('',#13698,1.);
#13698 = DIRECTION('',(0.,1.,0.));
#13699 = ORIENTED_EDGE('',*,*,#13647,.T.);
#13700 = ORIENTED_EDGE('',*,*,#13701,.T.);
#13701 = EDGE_CURVE('',#13640,#13702,#13704,.T.);
#13702 = VERTEX_POINT('',#13703);
#13703 = CARTESIAN_POINT('',(1.59,14.29,-2.34));
#13704 = LINE('',#13705,#13706);
#13705 = CARTESIAN_POINT('',(1.59,13.65,-2.34));
#13706 = VECTOR('',#13707,1.);
#13707 = DIRECTION('',(0.,1.,0.));
#13708 = ORIENTED_EDGE('',*,*,#13709,.F.);
#13709 = EDGE_CURVE('',#13693,#13702,#13710,.T.);
#13710 = LINE('',#13711,#13712);
#13711 = CARTESIAN_POINT('',(1.59,14.29,-3.947953075567E-15));
#13712 = VECTOR('',#13713,1.);
#13713 = DIRECTION('',(-0.,-0.,-1.));
#13714 = PLANE('',#13715);
#13715 = AXIS2_PLACEMENT_3D('',#13716,#13717,#13718);
#13716 = CARTESIAN_POINT('',(1.59,13.65,-3.947953075567E-15));
#13717 = DIRECTION('',(1.,0.,0.));
#13718 = DIRECTION('',(0.,1.,0.));
#13719 = ADVANCED_FACE('',(#13720),#13745,.F.);
#13720 = FACE_BOUND('',#13721,.F.);
#13721 = EDGE_LOOP('',(#13722,#13730,#13731,#13739));
#13722 = ORIENTED_EDGE('',*,*,#13723,.F.);
#13723 = EDGE_CURVE('',#13632,#13724,#13726,.T.);
#13724 = VERTEX_POINT('',#13725);
#13725 = CARTESIAN_POINT('',(1.15,13.85,-2.54));
#13726 = LINE('',#13727,#13728);
#13727 = CARTESIAN_POINT('',(1.123333333333,13.823333333333,
    -2.513333333333));
#13728 = VECTOR('',#13729,1.);
#13729 = DIRECTION('',(0.57735026919,0.57735026919,-0.57735026919));
#13730 = ORIENTED_EDGE('',*,*,#13639,.T.);
#13731 = ORIENTED_EDGE('',*,*,#13732,.T.);
#13732 = EDGE_CURVE('',#13640,#13733,#13735,.T.);
#13733 = VERTEX_POINT('',#13734);
#13734 = CARTESIAN_POINT('',(1.39,13.85,-2.54));
#13735 = LINE('',#13736,#13737);
#13736 = CARTESIAN_POINT('',(1.416666666667,13.823333333333,
    -2.513333333333));
#13737 = VECTOR('',#13738,1.);
#13738 = DIRECTION('',(-0.57735026919,0.57735026919,-0.57735026919));
#13739 = ORIENTED_EDGE('',*,*,#13740,.F.);
#13740 = EDGE_CURVE('',#13724,#13733,#13741,.T.);
#13741 = LINE('',#13742,#13743);
#13742 = CARTESIAN_POINT('',(0.95,13.85,-2.54));
#13743 = VECTOR('',#13744,1.);
#13744 = DIRECTION('',(1.,0.,0.));
#13745 = PLANE('',#13746);
#13746 = AXIS2_PLACEMENT_3D('',#13747,#13748,#13749);
#13747 = CARTESIAN_POINT('',(0.95,13.75,-2.44));
#13748 = DIRECTION('',(0.,0.707106781187,0.707106781187));
#13749 = DIRECTION('',(1.,0.,0.));
#13750 = ADVANCED_FACE('',(#13751),#13776,.T.);
#13751 = FACE_BOUND('',#13752,.T.);
#13752 = EDGE_LOOP('',(#13753,#13761,#13769,#13775));
#13753 = ORIENTED_EDGE('',*,*,#13754,.F.);
#13754 = EDGE_CURVE('',#13755,#13622,#13757,.T.);
#13755 = VERTEX_POINT('',#13756);
#13756 = CARTESIAN_POINT('',(0.95,14.29,-3.947953075567E-15));
#13757 = LINE('',#13758,#13759);
#13758 = CARTESIAN_POINT('',(0.95,14.29,-3.947953075567E-15));
#13759 = VECTOR('',#13760,1.);
#13760 = DIRECTION('',(0.,-1.,0.));
#13761 = ORIENTED_EDGE('',*,*,#13762,.T.);
#13762 = EDGE_CURVE('',#13755,#13763,#13765,.T.);
#13763 = VERTEX_POINT('',#13764);
#13764 = CARTESIAN_POINT('',(0.95,14.29,-2.34));
#13765 = LINE('',#13766,#13767);
#13766 = CARTESIAN_POINT('',(0.95,14.29,-3.947953075567E-15));
#13767 = VECTOR('',#13768,1.);
#13768 = DIRECTION('',(-0.,-0.,-1.));
#13769 = ORIENTED_EDGE('',*,*,#13770,.T.);
#13770 = EDGE_CURVE('',#13763,#13632,#13771,.T.);
#13771 = LINE('',#13772,#13773);
#13772 = CARTESIAN_POINT('',(0.95,14.29,-2.34));
#13773 = VECTOR('',#13774,1.);
#13774 = DIRECTION('',(0.,-1.,0.));
#13775 = ORIENTED_EDGE('',*,*,#13631,.F.);
#13776 = PLANE('',#13777);
#13777 = AXIS2_PLACEMENT_3D('',#13778,#13779,#13780);
#13778 = CARTESIAN_POINT('',(0.95,14.29,-3.947953075567E-15));
#13779 = DIRECTION('',(-1.,0.,0.));
#13780 = DIRECTION('',(0.,-1.,0.));
#13781 = ADVANCED_FACE('',(#13782),#13800,.F.);
#13782 = FACE_BOUND('',#13783,.F.);
#13783 = EDGE_LOOP('',(#13784,#13785,#13786,#13794));
#13784 = ORIENTED_EDGE('',*,*,#13692,.F.);
#13785 = ORIENTED_EDGE('',*,*,#13678,.T.);
#13786 = ORIENTED_EDGE('',*,*,#13787,.T.);
#13787 = EDGE_CURVE('',#13671,#13788,#13790,.T.);
#13788 = VERTEX_POINT('',#13789);
#13789 = CARTESIAN_POINT('',(1.59,14.29,8.18));
#13790 = LINE('',#13791,#13792);
#13791 = CARTESIAN_POINT('',(1.59,13.65,8.18));
#13792 = VECTOR('',#13793,1.);
#13793 = DIRECTION('',(0.,1.,0.));
#13794 = ORIENTED_EDGE('',*,*,#13795,.F.);
#13795 = EDGE_CURVE('',#13693,#13788,#13796,.T.);
#13796 = LINE('',#13797,#13798);
#13797 = CARTESIAN_POINT('',(1.59,14.29,-3.947953075567E-15));
#13798 = VECTOR('',#13799,1.);
#13799 = DIRECTION('',(0.,0.,1.));
#13800 = PLANE('',#13801);
#13801 = AXIS2_PLACEMENT_3D('',#13802,#13803,#13804);
#13802 = CARTESIAN_POINT('',(1.59,13.65,-3.947953075567E-15));
#13803 = DIRECTION('',(-1.,0.,0.));
#13804 = DIRECTION('',(0.,1.,0.));
#13805 = ADVANCED_FACE('',(#13806),#13831,.F.);
#13806 = FACE_BOUND('',#13807,.T.);
#13807 = EDGE_LOOP('',(#13808,#13816,#13817,#13825));
#13808 = ORIENTED_EDGE('',*,*,#13809,.F.);
#13809 = EDGE_CURVE('',#13663,#13810,#13812,.T.);
#13810 = VERTEX_POINT('',#13811);
#13811 = CARTESIAN_POINT('',(1.15,13.85,8.38));
#13812 = LINE('',#13813,#13814);
#13813 = CARTESIAN_POINT('',(1.123333333333,13.823333333333,
    8.353333333333));
#13814 = VECTOR('',#13815,1.);
#13815 = DIRECTION('',(0.57735026919,0.57735026919,0.57735026919));
#13816 = ORIENTED_EDGE('',*,*,#13670,.T.);
#13817 = ORIENTED_EDGE('',*,*,#13818,.T.);
#13818 = EDGE_CURVE('',#13671,#13819,#13821,.T.);
#13819 = VERTEX_POINT('',#13820);
#13820 = CARTESIAN_POINT('',(1.39,13.85,8.38));
#13821 = LINE('',#13822,#13823);
#13822 = CARTESIAN_POINT('',(1.416666666667,13.823333333333,
    8.353333333333));
#13823 = VECTOR('',#13824,1.);
#13824 = DIRECTION('',(-0.57735026919,0.57735026919,0.57735026919));
#13825 = ORIENTED_EDGE('',*,*,#13826,.F.);
#13826 = EDGE_CURVE('',#13810,#13819,#13827,.T.);
#13827 = LINE('',#13828,#13829);
#13828 = CARTESIAN_POINT('',(0.95,13.85,8.38));
#13829 = VECTOR('',#13830,1.);
#13830 = DIRECTION('',(1.,0.,0.));
#13831 = PLANE('',#13832);
#13832 = AXIS2_PLACEMENT_3D('',#13833,#13834,#13835);
#13833 = CARTESIAN_POINT('',(0.95,13.75,8.28));
#13834 = DIRECTION('',(0.,0.707106781187,-0.707106781187));
#13835 = DIRECTION('',(-1.,-0.,-0.));
#13836 = ADVANCED_FACE('',(#13837),#13855,.F.);
#13837 = FACE_BOUND('',#13838,.F.);
#13838 = EDGE_LOOP('',(#13839,#13840,#13848,#13854));
#13839 = ORIENTED_EDGE('',*,*,#13754,.F.);
#13840 = ORIENTED_EDGE('',*,*,#13841,.T.);
#13841 = EDGE_CURVE('',#13755,#13842,#13844,.T.);
#13842 = VERTEX_POINT('',#13843);
#13843 = CARTESIAN_POINT('',(0.95,14.29,8.18));
#13844 = LINE('',#13845,#13846);
#13845 = CARTESIAN_POINT('',(0.95,14.29,-3.947953075567E-15));
#13846 = VECTOR('',#13847,1.);
#13847 = DIRECTION('',(0.,0.,1.));
#13848 = ORIENTED_EDGE('',*,*,#13849,.T.);
#13849 = EDGE_CURVE('',#13842,#13663,#13850,.T.);
#13850 = LINE('',#13851,#13852);
#13851 = CARTESIAN_POINT('',(0.95,14.29,8.18));
#13852 = VECTOR('',#13853,1.);
#13853 = DIRECTION('',(0.,-1.,0.));
#13854 = ORIENTED_EDGE('',*,*,#13662,.F.);
#13855 = PLANE('',#13856);
#13856 = AXIS2_PLACEMENT_3D('',#13857,#13858,#13859);
#13857 = CARTESIAN_POINT('',(0.95,14.29,-3.947953075567E-15));
#13858 = DIRECTION('',(1.,0.,0.));
#13859 = DIRECTION('',(0.,-1.,0.));
#13860 = ADVANCED_FACE('',(#13861),#13877,.T.);
#13861 = FACE_BOUND('',#13862,.T.);
#13862 = EDGE_LOOP('',(#13863,#13869,#13870,#13876));
#13863 = ORIENTED_EDGE('',*,*,#13864,.F.);
#13864 = EDGE_CURVE('',#13693,#13755,#13865,.T.);
#13865 = LINE('',#13866,#13867);
#13866 = CARTESIAN_POINT('',(1.59,14.29,-3.947953075567E-15));
#13867 = VECTOR('',#13868,1.);
#13868 = DIRECTION('',(-1.,0.,0.));
#13869 = ORIENTED_EDGE('',*,*,#13709,.T.);
#13870 = ORIENTED_EDGE('',*,*,#13871,.T.);
#13871 = EDGE_CURVE('',#13702,#13763,#13872,.T.);
#13872 = LINE('',#13873,#13874);
#13873 = CARTESIAN_POINT('',(1.59,14.29,-2.34));
#13874 = VECTOR('',#13875,1.);
#13875 = DIRECTION('',(-1.,0.,0.));
#13876 = ORIENTED_EDGE('',*,*,#13762,.F.);
#13877 = PLANE('',#13878);
#13878 = AXIS2_PLACEMENT_3D('',#13879,#13880,#13881);
#13879 = CARTESIAN_POINT('',(1.59,14.29,-3.947953075567E-15));
#13880 = DIRECTION('',(0.,1.,0.));
#13881 = DIRECTION('',(-1.,0.,0.));
#13882 = ADVANCED_FACE('',(#13883),#13901,.F.);
#13883 = FACE_BOUND('',#13884,.F.);
#13884 = EDGE_LOOP('',(#13885,#13886,#13887,#13895));
#13885 = ORIENTED_EDGE('',*,*,#13732,.F.);
#13886 = ORIENTED_EDGE('',*,*,#13701,.T.);
#13887 = ORIENTED_EDGE('',*,*,#13888,.F.);
#13888 = EDGE_CURVE('',#13889,#13702,#13891,.T.);
#13889 = VERTEX_POINT('',#13890);
#13890 = CARTESIAN_POINT('',(1.39,14.09,-2.54));
#13891 = LINE('',#13892,#13893);
#13892 = CARTESIAN_POINT('',(1.416666666667,14.116666666667,
    -2.513333333333));
#13893 = VECTOR('',#13894,1.);
#13894 = DIRECTION('',(0.57735026919,0.57735026919,0.57735026919));
#13895 = ORIENTED_EDGE('',*,*,#13896,.F.);
#13896 = EDGE_CURVE('',#13733,#13889,#13897,.T.);
#13897 = LINE('',#13898,#13899);
#13898 = CARTESIAN_POINT('',(1.39,13.65,-2.54));
#13899 = VECTOR('',#13900,1.);
#13900 = DIRECTION('',(0.,1.,0.));
#13901 = PLANE('',#13902);
#13902 = AXIS2_PLACEMENT_3D('',#13903,#13904,#13905);
#13903 = CARTESIAN_POINT('',(1.49,13.65,-2.44));
#13904 = DIRECTION('',(-0.707106781187,0.,0.707106781187));
#13905 = DIRECTION('',(0.,1.,0.));
#13906 = ADVANCED_FACE('',(#13907),#13925,.F.);
#13907 = FACE_BOUND('',#13908,.F.);
#13908 = EDGE_LOOP('',(#13909,#13917,#13918,#13919));
#13909 = ORIENTED_EDGE('',*,*,#13910,.F.);
#13910 = EDGE_CURVE('',#13763,#13911,#13913,.T.);
#13911 = VERTEX_POINT('',#13912);
#13912 = CARTESIAN_POINT('',(1.15,14.09,-2.54));
#13913 = LINE('',#13914,#13915);
#13914 = CARTESIAN_POINT('',(1.123333333333,14.116666666667,
    -2.513333333333));
#13915 = VECTOR('',#13916,1.);
#13916 = DIRECTION('',(0.57735026919,-0.57735026919,-0.57735026919));
#13917 = ORIENTED_EDGE('',*,*,#13770,.T.);
#13918 = ORIENTED_EDGE('',*,*,#13723,.T.);
#13919 = ORIENTED_EDGE('',*,*,#13920,.F.);
#13920 = EDGE_CURVE('',#13911,#13724,#13921,.T.);
#13921 = LINE('',#13922,#13923);
#13922 = CARTESIAN_POINT('',(1.15,14.29,-2.54));
#13923 = VECTOR('',#13924,1.);
#13924 = DIRECTION('',(0.,-1.,0.));
#13925 = PLANE('',#13926);
#13926 = AXIS2_PLACEMENT_3D('',#13927,#13928,#13929);
#13927 = CARTESIAN_POINT('',(1.05,14.29,-2.44));
#13928 = DIRECTION('',(0.707106781187,0.,0.707106781187));
#13929 = DIRECTION('',(0.,-1.,0.));
#13930 = ADVANCED_FACE('',(#13931),#13942,.F.);
#13931 = FACE_BOUND('',#13932,.F.);
#13932 = EDGE_LOOP('',(#13933,#13934,#13935,#13936));
#13933 = ORIENTED_EDGE('',*,*,#13920,.T.);
#13934 = ORIENTED_EDGE('',*,*,#13740,.T.);
#13935 = ORIENTED_EDGE('',*,*,#13896,.T.);
#13936 = ORIENTED_EDGE('',*,*,#13937,.T.);
#13937 = EDGE_CURVE('',#13889,#13911,#13938,.T.);
#13938 = LINE('',#13939,#13940);
#13939 = CARTESIAN_POINT('',(1.59,14.09,-2.54));
#13940 = VECTOR('',#13941,1.);
#13941 = DIRECTION('',(-1.,0.,0.));
#13942 = PLANE('',#13943);
#13943 = AXIS2_PLACEMENT_3D('',#13944,#13945,#13946);
#13944 = CARTESIAN_POINT('',(1.27,13.97,-2.54));
#13945 = DIRECTION('',(0.,0.,1.));
#13946 = DIRECTION('',(1.,0.,0.));
#13947 = ADVANCED_FACE('',(#13948),#13959,.F.);
#13948 = FACE_BOUND('',#13949,.F.);
#13949 = EDGE_LOOP('',(#13950,#13951,#13952,#13958));
#13950 = ORIENTED_EDGE('',*,*,#13864,.F.);
#13951 = ORIENTED_EDGE('',*,*,#13795,.T.);
#13952 = ORIENTED_EDGE('',*,*,#13953,.T.);
#13953 = EDGE_CURVE('',#13788,#13842,#13954,.T.);
#13954 = LINE('',#13955,#13956);
#13955 = CARTESIAN_POINT('',(1.59,14.29,8.18));
#13956 = VECTOR('',#13957,1.);
#13957 = DIRECTION('',(-1.,0.,0.));
#13958 = ORIENTED_EDGE('',*,*,#13841,.F.);
#13959 = PLANE('',#13960);
#13960 = AXIS2_PLACEMENT_3D('',#13961,#13962,#13963);
#13961 = CARTESIAN_POINT('',(1.59,14.29,-3.947953075567E-15));
#13962 = DIRECTION('',(0.,-1.,0.));
#13963 = DIRECTION('',(-1.,0.,0.));
#13964 = ADVANCED_FACE('',(#13965),#13983,.F.);
#13965 = FACE_BOUND('',#13966,.T.);
#13966 = EDGE_LOOP('',(#13967,#13968,#13969,#13977));
#13967 = ORIENTED_EDGE('',*,*,#13818,.F.);
#13968 = ORIENTED_EDGE('',*,*,#13787,.T.);
#13969 = ORIENTED_EDGE('',*,*,#13970,.F.);
#13970 = EDGE_CURVE('',#13971,#13788,#13973,.T.);
#13971 = VERTEX_POINT('',#13972);
#13972 = CARTESIAN_POINT('',(1.39,14.09,8.38));
#13973 = LINE('',#13974,#13975);
#13974 = CARTESIAN_POINT('',(1.416666666667,14.116666666667,
    8.353333333333));
#13975 = VECTOR('',#13976,1.);
#13976 = DIRECTION('',(0.57735026919,0.57735026919,-0.57735026919));
#13977 = ORIENTED_EDGE('',*,*,#13978,.F.);
#13978 = EDGE_CURVE('',#13819,#13971,#13979,.T.);
#13979 = LINE('',#13980,#13981);
#13980 = CARTESIAN_POINT('',(1.39,13.65,8.38));
#13981 = VECTOR('',#13982,1.);
#13982 = DIRECTION('',(0.,1.,0.));
#13983 = PLANE('',#13984);
#13984 = AXIS2_PLACEMENT_3D('',#13985,#13986,#13987);
#13985 = CARTESIAN_POINT('',(1.49,13.65,8.28));
#13986 = DIRECTION('',(-0.707106781187,0.,-0.707106781187));
#13987 = DIRECTION('',(-0.,-1.,-0.));
#13988 = ADVANCED_FACE('',(#13989),#14007,.F.);
#13989 = FACE_BOUND('',#13990,.T.);
#13990 = EDGE_LOOP('',(#13991,#13999,#14000,#14001));
#13991 = ORIENTED_EDGE('',*,*,#13992,.T.);
#13992 = EDGE_CURVE('',#13993,#13842,#13995,.T.);
#13993 = VERTEX_POINT('',#13994);
#13994 = CARTESIAN_POINT('',(1.15,14.09,8.38));
#13995 = LINE('',#13996,#13997);
#13996 = CARTESIAN_POINT('',(1.123333333333,14.116666666667,
    8.353333333333));
#13997 = VECTOR('',#13998,1.);
#13998 = DIRECTION('',(-0.57735026919,0.57735026919,-0.57735026919));
#13999 = ORIENTED_EDGE('',*,*,#13849,.T.);
#14000 = ORIENTED_EDGE('',*,*,#13809,.T.);
#14001 = ORIENTED_EDGE('',*,*,#14002,.F.);
#14002 = EDGE_CURVE('',#13993,#13810,#14003,.T.);
#14003 = LINE('',#14004,#14005);
#14004 = CARTESIAN_POINT('',(1.15,14.29,8.38));
#14005 = VECTOR('',#14006,1.);
#14006 = DIRECTION('',(0.,-1.,0.));
#14007 = PLANE('',#14008);
#14008 = AXIS2_PLACEMENT_3D('',#14009,#14010,#14011);
#14009 = CARTESIAN_POINT('',(1.05,14.29,8.28));
#14010 = DIRECTION('',(0.707106781187,0.,-0.707106781187));
#14011 = DIRECTION('',(0.,1.,0.));
#14012 = ADVANCED_FACE('',(#14013),#14024,.T.);
#14013 = FACE_BOUND('',#14014,.T.);
#14014 = EDGE_LOOP('',(#14015,#14016,#14017,#14018));
#14015 = ORIENTED_EDGE('',*,*,#14002,.T.);
#14016 = ORIENTED_EDGE('',*,*,#13826,.T.);
#14017 = ORIENTED_EDGE('',*,*,#13978,.T.);
#14018 = ORIENTED_EDGE('',*,*,#14019,.T.);
#14019 = EDGE_CURVE('',#13971,#13993,#14020,.T.);
#14020 = LINE('',#14021,#14022);
#14021 = CARTESIAN_POINT('',(1.59,14.09,8.38));
#14022 = VECTOR('',#14023,1.);
#14023 = DIRECTION('',(-1.,0.,0.));
#14024 = PLANE('',#14025);
#14025 = AXIS2_PLACEMENT_3D('',#14026,#14027,#14028);
#14026 = CARTESIAN_POINT('',(1.27,13.97,8.38));
#14027 = DIRECTION('',(0.,0.,1.));
#14028 = DIRECTION('',(1.,0.,0.));
#14029 = ADVANCED_FACE('',(#14030),#14036,.F.);
#14030 = FACE_BOUND('',#14031,.T.);
#14031 = EDGE_LOOP('',(#14032,#14033,#14034,#14035));
#14032 = ORIENTED_EDGE('',*,*,#13888,.F.);
#14033 = ORIENTED_EDGE('',*,*,#13937,.T.);
#14034 = ORIENTED_EDGE('',*,*,#13910,.F.);
#14035 = ORIENTED_EDGE('',*,*,#13871,.F.);
#14036 = PLANE('',#14037);
#14037 = AXIS2_PLACEMENT_3D('',#14038,#14039,#14040);
#14038 = CARTESIAN_POINT('',(1.59,14.19,-2.44));
#14039 = DIRECTION('',(0.,-0.707106781187,0.707106781187));
#14040 = DIRECTION('',(1.,0.,0.));
#14041 = ADVANCED_FACE('',(#14042),#14048,.F.);
#14042 = FACE_BOUND('',#14043,.F.);
#14043 = EDGE_LOOP('',(#14044,#14045,#14046,#14047));
#14044 = ORIENTED_EDGE('',*,*,#13970,.F.);
#14045 = ORIENTED_EDGE('',*,*,#14019,.T.);
#14046 = ORIENTED_EDGE('',*,*,#13992,.T.);
#14047 = ORIENTED_EDGE('',*,*,#13953,.F.);
#14048 = PLANE('',#14049);
#14049 = AXIS2_PLACEMENT_3D('',#14050,#14051,#14052);
#14050 = CARTESIAN_POINT('',(1.59,14.19,8.28));
#14051 = DIRECTION('',(0.,-0.707106781187,-0.707106781187));
#14052 = DIRECTION('',(-1.,0.,0.));
#14053 = MANIFOLD_SOLID_BREP('',#14054);
#14054 = CLOSED_SHELL('',(#14055,#14095,#14126,#14157,#14188,#14219,
    #14243,#14274,#14298,#14320,#14344,#14368,#14385,#14402,#14426,
    #14450,#14467,#14479));
#14055 = ADVANCED_FACE('',(#14056),#14090,.T.);
#14056 = FACE_BOUND('',#14057,.T.);
#14057 = EDGE_LOOP('',(#14058,#14068,#14076,#14084));
#14058 = ORIENTED_EDGE('',*,*,#14059,.F.);
#14059 = EDGE_CURVE('',#14060,#14062,#14064,.T.);
#14060 = VERTEX_POINT('',#14061);
#14061 = CARTESIAN_POINT('',(0.95,16.19,-4.229949723822E-15));
#14062 = VERTEX_POINT('',#14063);
#14063 = CARTESIAN_POINT('',(1.59,16.19,-4.229949723822E-15));
#14064 = LINE('',#14065,#14066);
#14065 = CARTESIAN_POINT('',(0.95,16.19,-4.229949723822E-15));
#14066 = VECTOR('',#14067,1.);
#14067 = DIRECTION('',(1.,0.,0.));
#14068 = ORIENTED_EDGE('',*,*,#14069,.T.);
#14069 = EDGE_CURVE('',#14060,#14070,#14072,.T.);
#14070 = VERTEX_POINT('',#14071);
#14071 = CARTESIAN_POINT('',(0.95,16.19,-2.34));
#14072 = LINE('',#14073,#14074);
#14073 = CARTESIAN_POINT('',(0.95,16.19,-4.229949723822E-15));
#14074 = VECTOR('',#14075,1.);
#14075 = DIRECTION('',(-0.,-0.,-1.));
#14076 = ORIENTED_EDGE('',*,*,#14077,.T.);
#14077 = EDGE_CURVE('',#14070,#14078,#14080,.T.);
#14078 = VERTEX_POINT('',#14079);
#14079 = CARTESIAN_POINT('',(1.59,16.19,-2.34));
#14080 = LINE('',#14081,#14082);
#14081 = CARTESIAN_POINT('',(0.95,16.19,-2.34));
#14082 = VECTOR('',#14083,1.);
#14083 = DIRECTION('',(1.,0.,0.));
#14084 = ORIENTED_EDGE('',*,*,#14085,.F.);
#14085 = EDGE_CURVE('',#14062,#14078,#14086,.T.);
#14086 = LINE('',#14087,#14088);
#14087 = CARTESIAN_POINT('',(1.59,16.19,-4.229949723822E-15));
#14088 = VECTOR('',#14089,1.);
#14089 = DIRECTION('',(-0.,-0.,-1.));
#14090 = PLANE('',#14091);
#14091 = AXIS2_PLACEMENT_3D('',#14092,#14093,#14094);
#14092 = CARTESIAN_POINT('',(0.95,16.19,-4.229949723822E-15));
#14093 = DIRECTION('',(0.,-1.,0.));
#14094 = DIRECTION('',(1.,0.,0.));
#14095 = ADVANCED_FACE('',(#14096),#14121,.F.);
#14096 = FACE_BOUND('',#14097,.F.);
#14097 = EDGE_LOOP('',(#14098,#14099,#14107,#14115));
#14098 = ORIENTED_EDGE('',*,*,#14059,.F.);
#14099 = ORIENTED_EDGE('',*,*,#14100,.T.);
#14100 = EDGE_CURVE('',#14060,#14101,#14103,.T.);
#14101 = VERTEX_POINT('',#14102);
#14102 = CARTESIAN_POINT('',(0.95,16.19,8.18));
#14103 = LINE('',#14104,#14105);
#14104 = CARTESIAN_POINT('',(0.95,16.19,-4.229949723822E-15));
#14105 = VECTOR('',#14106,1.);
#14106 = DIRECTION('',(0.,0.,1.));
#14107 = ORIENTED_EDGE('',*,*,#14108,.T.);
#14108 = EDGE_CURVE('',#14101,#14109,#14111,.T.);
#14109 = VERTEX_POINT('',#14110);
#14110 = CARTESIAN_POINT('',(1.59,16.19,8.18));
#14111 = LINE('',#14112,#14113);
#14112 = CARTESIAN_POINT('',(0.95,16.19,8.18));
#14113 = VECTOR('',#14114,1.);
#14114 = DIRECTION('',(1.,0.,0.));
#14115 = ORIENTED_EDGE('',*,*,#14116,.F.);
#14116 = EDGE_CURVE('',#14062,#14109,#14117,.T.);
#14117 = LINE('',#14118,#14119);
#14118 = CARTESIAN_POINT('',(1.59,16.19,-4.229949723822E-15));
#14119 = VECTOR('',#14120,1.);
#14120 = DIRECTION('',(0.,0.,1.));
#14121 = PLANE('',#14122);
#14122 = AXIS2_PLACEMENT_3D('',#14123,#14124,#14125);
#14123 = CARTESIAN_POINT('',(0.95,16.19,-4.229949723822E-15));
#14124 = DIRECTION('',(0.,1.,0.));
#14125 = DIRECTION('',(1.,0.,0.));
#14126 = ADVANCED_FACE('',(#14127),#14152,.T.);
#14127 = FACE_BOUND('',#14128,.T.);
#14128 = EDGE_LOOP('',(#14129,#14137,#14138,#14146));
#14129 = ORIENTED_EDGE('',*,*,#14130,.F.);
#14130 = EDGE_CURVE('',#14062,#14131,#14133,.T.);
#14131 = VERTEX_POINT('',#14132);
#14132 = CARTESIAN_POINT('',(1.59,16.83,-4.229949723822E-15));
#14133 = LINE('',#14134,#14135);
#14134 = CARTESIAN_POINT('',(1.59,16.19,-4.229949723822E-15));
#14135 = VECTOR('',#14136,1.);
#14136 = DIRECTION('',(0.,1.,0.));
#14137 = ORIENTED_EDGE('',*,*,#14085,.T.);
#14138 = ORIENTED_EDGE('',*,*,#14139,.T.);
#14139 = EDGE_CURVE('',#14078,#14140,#14142,.T.);
#14140 = VERTEX_POINT('',#14141);
#14141 = CARTESIAN_POINT('',(1.59,16.83,-2.34));
#14142 = LINE('',#14143,#14144);
#14143 = CARTESIAN_POINT('',(1.59,16.19,-2.34));
#14144 = VECTOR('',#14145,1.);
#14145 = DIRECTION('',(0.,1.,0.));
#14146 = ORIENTED_EDGE('',*,*,#14147,.F.);
#14147 = EDGE_CURVE('',#14131,#14140,#14148,.T.);
#14148 = LINE('',#14149,#14150);
#14149 = CARTESIAN_POINT('',(1.59,16.83,-4.229949723822E-15));
#14150 = VECTOR('',#14151,1.);
#14151 = DIRECTION('',(-0.,-0.,-1.));
#14152 = PLANE('',#14153);
#14153 = AXIS2_PLACEMENT_3D('',#14154,#14155,#14156);
#14154 = CARTESIAN_POINT('',(1.59,16.19,-4.229949723822E-15));
#14155 = DIRECTION('',(1.,0.,0.));
#14156 = DIRECTION('',(0.,1.,0.));
#14157 = ADVANCED_FACE('',(#14158),#14183,.F.);
#14158 = FACE_BOUND('',#14159,.F.);
#14159 = EDGE_LOOP('',(#14160,#14168,#14169,#14177));
#14160 = ORIENTED_EDGE('',*,*,#14161,.F.);
#14161 = EDGE_CURVE('',#14070,#14162,#14164,.T.);
#14162 = VERTEX_POINT('',#14163);
#14163 = CARTESIAN_POINT('',(1.15,16.39,-2.54));
#14164 = LINE('',#14165,#14166);
#14165 = CARTESIAN_POINT('',(1.123333333333,16.363333333333,
    -2.513333333333));
#14166 = VECTOR('',#14167,1.);
#14167 = DIRECTION('',(0.57735026919,0.57735026919,-0.57735026919));
#14168 = ORIENTED_EDGE('',*,*,#14077,.T.);
#14169 = ORIENTED_EDGE('',*,*,#14170,.T.);
#14170 = EDGE_CURVE('',#14078,#14171,#14173,.T.);
#14171 = VERTEX_POINT('',#14172);
#14172 = CARTESIAN_POINT('',(1.39,16.39,-2.54));
#14173 = LINE('',#14174,#14175);
#14174 = CARTESIAN_POINT('',(1.416666666667,16.363333333333,
    -2.513333333333));
#14175 = VECTOR('',#14176,1.);
#14176 = DIRECTION('',(-0.57735026919,0.57735026919,-0.57735026919));
#14177 = ORIENTED_EDGE('',*,*,#14178,.F.);
#14178 = EDGE_CURVE('',#14162,#14171,#14179,.T.);
#14179 = LINE('',#14180,#14181);
#14180 = CARTESIAN_POINT('',(0.95,16.39,-2.54));
#14181 = VECTOR('',#14182,1.);
#14182 = DIRECTION('',(1.,0.,0.));
#14183 = PLANE('',#14184);
#14184 = AXIS2_PLACEMENT_3D('',#14185,#14186,#14187);
#14185 = CARTESIAN_POINT('',(0.95,16.29,-2.44));
#14186 = DIRECTION('',(0.,0.707106781187,0.707106781187));
#14187 = DIRECTION('',(1.,0.,0.));
#14188 = ADVANCED_FACE('',(#14189),#14214,.T.);
#14189 = FACE_BOUND('',#14190,.T.);
#14190 = EDGE_LOOP('',(#14191,#14199,#14207,#14213));
#14191 = ORIENTED_EDGE('',*,*,#14192,.F.);
#14192 = EDGE_CURVE('',#14193,#14060,#14195,.T.);
#14193 = VERTEX_POINT('',#14194);
#14194 = CARTESIAN_POINT('',(0.95,16.83,-4.229949723822E-15));
#14195 = LINE('',#14196,#14197);
#14196 = CARTESIAN_POINT('',(0.95,16.83,-4.229949723822E-15));
#14197 = VECTOR('',#14198,1.);
#14198 = DIRECTION('',(0.,-1.,0.));
#14199 = ORIENTED_EDGE('',*,*,#14200,.T.);
#14200 = EDGE_CURVE('',#14193,#14201,#14203,.T.);
#14201 = VERTEX_POINT('',#14202);
#14202 = CARTESIAN_POINT('',(0.95,16.83,-2.34));
#14203 = LINE('',#14204,#14205);
#14204 = CARTESIAN_POINT('',(0.95,16.83,-4.229949723822E-15));
#14205 = VECTOR('',#14206,1.);
#14206 = DIRECTION('',(-0.,-0.,-1.));
#14207 = ORIENTED_EDGE('',*,*,#14208,.T.);
#14208 = EDGE_CURVE('',#14201,#14070,#14209,.T.);
#14209 = LINE('',#14210,#14211);
#14210 = CARTESIAN_POINT('',(0.95,16.83,-2.34));
#14211 = VECTOR('',#14212,1.);
#14212 = DIRECTION('',(0.,-1.,0.));
#14213 = ORIENTED_EDGE('',*,*,#14069,.F.);
#14214 = PLANE('',#14215);
#14215 = AXIS2_PLACEMENT_3D('',#14216,#14217,#14218);
#14216 = CARTESIAN_POINT('',(0.95,16.83,-4.229949723822E-15));
#14217 = DIRECTION('',(-1.,0.,0.));
#14218 = DIRECTION('',(0.,-1.,0.));
#14219 = ADVANCED_FACE('',(#14220),#14238,.F.);
#14220 = FACE_BOUND('',#14221,.F.);
#14221 = EDGE_LOOP('',(#14222,#14223,#14224,#14232));
#14222 = ORIENTED_EDGE('',*,*,#14130,.F.);
#14223 = ORIENTED_EDGE('',*,*,#14116,.T.);
#14224 = ORIENTED_EDGE('',*,*,#14225,.T.);
#14225 = EDGE_CURVE('',#14109,#14226,#14228,.T.);
#14226 = VERTEX_POINT('',#14227);
#14227 = CARTESIAN_POINT('',(1.59,16.83,8.18));
#14228 = LINE('',#14229,#14230);
#14229 = CARTESIAN_POINT('',(1.59,16.19,8.18));
#14230 = VECTOR('',#14231,1.);
#14231 = DIRECTION('',(0.,1.,0.));
#14232 = ORIENTED_EDGE('',*,*,#14233,.F.);
#14233 = EDGE_CURVE('',#14131,#14226,#14234,.T.);
#14234 = LINE('',#14235,#14236);
#14235 = CARTESIAN_POINT('',(1.59,16.83,-4.229949723822E-15));
#14236 = VECTOR('',#14237,1.);
#14237 = DIRECTION('',(0.,0.,1.));
#14238 = PLANE('',#14239);
#14239 = AXIS2_PLACEMENT_3D('',#14240,#14241,#14242);
#14240 = CARTESIAN_POINT('',(1.59,16.19,-4.229949723822E-15));
#14241 = DIRECTION('',(-1.,0.,0.));
#14242 = DIRECTION('',(0.,1.,0.));
#14243 = ADVANCED_FACE('',(#14244),#14269,.F.);
#14244 = FACE_BOUND('',#14245,.T.);
#14245 = EDGE_LOOP('',(#14246,#14254,#14255,#14263));
#14246 = ORIENTED_EDGE('',*,*,#14247,.F.);
#14247 = EDGE_CURVE('',#14101,#14248,#14250,.T.);
#14248 = VERTEX_POINT('',#14249);
#14249 = CARTESIAN_POINT('',(1.15,16.39,8.38));
#14250 = LINE('',#14251,#14252);
#14251 = CARTESIAN_POINT('',(1.123333333333,16.363333333333,
    8.353333333333));
#14252 = VECTOR('',#14253,1.);
#14253 = DIRECTION('',(0.57735026919,0.57735026919,0.57735026919));
#14254 = ORIENTED_EDGE('',*,*,#14108,.T.);
#14255 = ORIENTED_EDGE('',*,*,#14256,.T.);
#14256 = EDGE_CURVE('',#14109,#14257,#14259,.T.);
#14257 = VERTEX_POINT('',#14258);
#14258 = CARTESIAN_POINT('',(1.39,16.39,8.38));
#14259 = LINE('',#14260,#14261);
#14260 = CARTESIAN_POINT('',(1.416666666667,16.363333333333,
    8.353333333333));
#14261 = VECTOR('',#14262,1.);
#14262 = DIRECTION('',(-0.57735026919,0.57735026919,0.57735026919));
#14263 = ORIENTED_EDGE('',*,*,#14264,.F.);
#14264 = EDGE_CURVE('',#14248,#14257,#14265,.T.);
#14265 = LINE('',#14266,#14267);
#14266 = CARTESIAN_POINT('',(0.95,16.39,8.38));
#14267 = VECTOR('',#14268,1.);
#14268 = DIRECTION('',(1.,0.,0.));
#14269 = PLANE('',#14270);
#14270 = AXIS2_PLACEMENT_3D('',#14271,#14272,#14273);
#14271 = CARTESIAN_POINT('',(0.95,16.29,8.28));
#14272 = DIRECTION('',(0.,0.707106781187,-0.707106781187));
#14273 = DIRECTION('',(-1.,-0.,-0.));
#14274 = ADVANCED_FACE('',(#14275),#14293,.F.);
#14275 = FACE_BOUND('',#14276,.F.);
#14276 = EDGE_LOOP('',(#14277,#14278,#14286,#14292));
#14277 = ORIENTED_EDGE('',*,*,#14192,.F.);
#14278 = ORIENTED_EDGE('',*,*,#14279,.T.);
#14279 = EDGE_CURVE('',#14193,#14280,#14282,.T.);
#14280 = VERTEX_POINT('',#14281);
#14281 = CARTESIAN_POINT('',(0.95,16.83,8.18));
#14282 = LINE('',#14283,#14284);
#14283 = CARTESIAN_POINT('',(0.95,16.83,-4.229949723822E-15));
#14284 = VECTOR('',#14285,1.);
#14285 = DIRECTION('',(0.,0.,1.));
#14286 = ORIENTED_EDGE('',*,*,#14287,.T.);
#14287 = EDGE_CURVE('',#14280,#14101,#14288,.T.);
#14288 = LINE('',#14289,#14290);
#14289 = CARTESIAN_POINT('',(0.95,16.83,8.18));
#14290 = VECTOR('',#14291,1.);
#14291 = DIRECTION('',(0.,-1.,0.));
#14292 = ORIENTED_EDGE('',*,*,#14100,.F.);
#14293 = PLANE('',#14294);
#14294 = AXIS2_PLACEMENT_3D('',#14295,#14296,#14297);
#14295 = CARTESIAN_POINT('',(0.95,16.83,-4.229949723822E-15));
#14296 = DIRECTION('',(1.,0.,0.));
#14297 = DIRECTION('',(0.,-1.,0.));
#14298 = ADVANCED_FACE('',(#14299),#14315,.T.);
#14299 = FACE_BOUND('',#14300,.T.);
#14300 = EDGE_LOOP('',(#14301,#14307,#14308,#14314));
#14301 = ORIENTED_EDGE('',*,*,#14302,.F.);
#14302 = EDGE_CURVE('',#14131,#14193,#14303,.T.);
#14303 = LINE('',#14304,#14305);
#14304 = CARTESIAN_POINT('',(1.59,16.83,-4.229949723822E-15));
#14305 = VECTOR('',#14306,1.);
#14306 = DIRECTION('',(-1.,0.,0.));
#14307 = ORIENTED_EDGE('',*,*,#14147,.T.);
#14308 = ORIENTED_EDGE('',*,*,#14309,.T.);
#14309 = EDGE_CURVE('',#14140,#14201,#14310,.T.);
#14310 = LINE('',#14311,#14312);
#14311 = CARTESIAN_POINT('',(1.59,16.83,-2.34));
#14312 = VECTOR('',#14313,1.);
#14313 = DIRECTION('',(-1.,0.,0.));
#14314 = ORIENTED_EDGE('',*,*,#14200,.F.);
#14315 = PLANE('',#14316);
#14316 = AXIS2_PLACEMENT_3D('',#14317,#14318,#14319);
#14317 = CARTESIAN_POINT('',(1.59,16.83,-4.229949723822E-15));
#14318 = DIRECTION('',(0.,1.,0.));
#14319 = DIRECTION('',(-1.,0.,0.));
#14320 = ADVANCED_FACE('',(#14321),#14339,.F.);
#14321 = FACE_BOUND('',#14322,.F.);
#14322 = EDGE_LOOP('',(#14323,#14324,#14325,#14333));
#14323 = ORIENTED_EDGE('',*,*,#14170,.F.);
#14324 = ORIENTED_EDGE('',*,*,#14139,.T.);
#14325 = ORIENTED_EDGE('',*,*,#14326,.F.);
#14326 = EDGE_CURVE('',#14327,#14140,#14329,.T.);
#14327 = VERTEX_POINT('',#14328);
#14328 = CARTESIAN_POINT('',(1.39,16.63,-2.54));
#14329 = LINE('',#14330,#14331);
#14330 = CARTESIAN_POINT('',(1.416666666667,16.656666666667,
    -2.513333333333));
#14331 = VECTOR('',#14332,1.);
#14332 = DIRECTION('',(0.57735026919,0.57735026919,0.57735026919));
#14333 = ORIENTED_EDGE('',*,*,#14334,.F.);
#14334 = EDGE_CURVE('',#14171,#14327,#14335,.T.);
#14335 = LINE('',#14336,#14337);
#14336 = CARTESIAN_POINT('',(1.39,16.19,-2.54));
#14337 = VECTOR('',#14338,1.);
#14338 = DIRECTION('',(0.,1.,0.));
#14339 = PLANE('',#14340);
#14340 = AXIS2_PLACEMENT_3D('',#14341,#14342,#14343);
#14341 = CARTESIAN_POINT('',(1.49,16.19,-2.44));
#14342 = DIRECTION('',(-0.707106781187,0.,0.707106781187));
#14343 = DIRECTION('',(0.,1.,0.));
#14344 = ADVANCED_FACE('',(#14345),#14363,.F.);
#14345 = FACE_BOUND('',#14346,.F.);
#14346 = EDGE_LOOP('',(#14347,#14355,#14356,#14357));
#14347 = ORIENTED_EDGE('',*,*,#14348,.F.);
#14348 = EDGE_CURVE('',#14201,#14349,#14351,.T.);
#14349 = VERTEX_POINT('',#14350);
#14350 = CARTESIAN_POINT('',(1.15,16.63,-2.54));
#14351 = LINE('',#14352,#14353);
#14352 = CARTESIAN_POINT('',(1.123333333333,16.656666666667,
    -2.513333333333));
#14353 = VECTOR('',#14354,1.);
#14354 = DIRECTION('',(0.57735026919,-0.57735026919,-0.57735026919));
#14355 = ORIENTED_EDGE('',*,*,#14208,.T.);
#14356 = ORIENTED_EDGE('',*,*,#14161,.T.);
#14357 = ORIENTED_EDGE('',*,*,#14358,.F.);
#14358 = EDGE_CURVE('',#14349,#14162,#14359,.T.);
#14359 = LINE('',#14360,#14361);
#14360 = CARTESIAN_POINT('',(1.15,16.83,-2.54));
#14361 = VECTOR('',#14362,1.);
#14362 = DIRECTION('',(0.,-1.,0.));
#14363 = PLANE('',#14364);
#14364 = AXIS2_PLACEMENT_3D('',#14365,#14366,#14367);
#14365 = CARTESIAN_POINT('',(1.05,16.83,-2.44));
#14366 = DIRECTION('',(0.707106781187,0.,0.707106781187));
#14367 = DIRECTION('',(0.,-1.,0.));
#14368 = ADVANCED_FACE('',(#14369),#14380,.F.);
#14369 = FACE_BOUND('',#14370,.F.);
#14370 = EDGE_LOOP('',(#14371,#14372,#14373,#14374));
#14371 = ORIENTED_EDGE('',*,*,#14358,.T.);
#14372 = ORIENTED_EDGE('',*,*,#14178,.T.);
#14373 = ORIENTED_EDGE('',*,*,#14334,.T.);
#14374 = ORIENTED_EDGE('',*,*,#14375,.T.);
#14375 = EDGE_CURVE('',#14327,#14349,#14376,.T.);
#14376 = LINE('',#14377,#14378);
#14377 = CARTESIAN_POINT('',(1.59,16.63,-2.54));
#14378 = VECTOR('',#14379,1.);
#14379 = DIRECTION('',(-1.,0.,0.));
#14380 = PLANE('',#14381);
#14381 = AXIS2_PLACEMENT_3D('',#14382,#14383,#14384);
#14382 = CARTESIAN_POINT('',(1.27,16.51,-2.54));
#14383 = DIRECTION('',(0.,0.,1.));
#14384 = DIRECTION('',(1.,0.,0.));
#14385 = ADVANCED_FACE('',(#14386),#14397,.F.);
#14386 = FACE_BOUND('',#14387,.F.);
#14387 = EDGE_LOOP('',(#14388,#14389,#14390,#14396));
#14388 = ORIENTED_EDGE('',*,*,#14302,.F.);
#14389 = ORIENTED_EDGE('',*,*,#14233,.T.);
#14390 = ORIENTED_EDGE('',*,*,#14391,.T.);
#14391 = EDGE_CURVE('',#14226,#14280,#14392,.T.);
#14392 = LINE('',#14393,#14394);
#14393 = CARTESIAN_POINT('',(1.59,16.83,8.18));
#14394 = VECTOR('',#14395,1.);
#14395 = DIRECTION('',(-1.,0.,0.));
#14396 = ORIENTED_EDGE('',*,*,#14279,.F.);
#14397 = PLANE('',#14398);
#14398 = AXIS2_PLACEMENT_3D('',#14399,#14400,#14401);
#14399 = CARTESIAN_POINT('',(1.59,16.83,-4.229949723822E-15));
#14400 = DIRECTION('',(0.,-1.,0.));
#14401 = DIRECTION('',(-1.,0.,0.));
#14402 = ADVANCED_FACE('',(#14403),#14421,.F.);
#14403 = FACE_BOUND('',#14404,.T.);
#14404 = EDGE_LOOP('',(#14405,#14406,#14407,#14415));
#14405 = ORIENTED_EDGE('',*,*,#14256,.F.);
#14406 = ORIENTED_EDGE('',*,*,#14225,.T.);
#14407 = ORIENTED_EDGE('',*,*,#14408,.F.);
#14408 = EDGE_CURVE('',#14409,#14226,#14411,.T.);
#14409 = VERTEX_POINT('',#14410);
#14410 = CARTESIAN_POINT('',(1.39,16.63,8.38));
#14411 = LINE('',#14412,#14413);
#14412 = CARTESIAN_POINT('',(1.416666666667,16.656666666667,
    8.353333333333));
#14413 = VECTOR('',#14414,1.);
#14414 = DIRECTION('',(0.57735026919,0.57735026919,-0.57735026919));
#14415 = ORIENTED_EDGE('',*,*,#14416,.F.);
#14416 = EDGE_CURVE('',#14257,#14409,#14417,.T.);
#14417 = LINE('',#14418,#14419);
#14418 = CARTESIAN_POINT('',(1.39,16.19,8.38));
#14419 = VECTOR('',#14420,1.);
#14420 = DIRECTION('',(0.,1.,0.));
#14421 = PLANE('',#14422);
#14422 = AXIS2_PLACEMENT_3D('',#14423,#14424,#14425);
#14423 = CARTESIAN_POINT('',(1.49,16.19,8.28));
#14424 = DIRECTION('',(-0.707106781187,0.,-0.707106781187));
#14425 = DIRECTION('',(-0.,-1.,-0.));
#14426 = ADVANCED_FACE('',(#14427),#14445,.F.);
#14427 = FACE_BOUND('',#14428,.T.);
#14428 = EDGE_LOOP('',(#14429,#14437,#14438,#14439));
#14429 = ORIENTED_EDGE('',*,*,#14430,.T.);
#14430 = EDGE_CURVE('',#14431,#14280,#14433,.T.);
#14431 = VERTEX_POINT('',#14432);
#14432 = CARTESIAN_POINT('',(1.15,16.63,8.38));
#14433 = LINE('',#14434,#14435);
#14434 = CARTESIAN_POINT('',(1.123333333333,16.656666666667,
    8.353333333333));
#14435 = VECTOR('',#14436,1.);
#14436 = DIRECTION('',(-0.57735026919,0.57735026919,-0.57735026919));
#14437 = ORIENTED_EDGE('',*,*,#14287,.T.);
#14438 = ORIENTED_EDGE('',*,*,#14247,.T.);
#14439 = ORIENTED_EDGE('',*,*,#14440,.F.);
#14440 = EDGE_CURVE('',#14431,#14248,#14441,.T.);
#14441 = LINE('',#14442,#14443);
#14442 = CARTESIAN_POINT('',(1.15,16.83,8.38));
#14443 = VECTOR('',#14444,1.);
#14444 = DIRECTION('',(0.,-1.,0.));
#14445 = PLANE('',#14446);
#14446 = AXIS2_PLACEMENT_3D('',#14447,#14448,#14449);
#14447 = CARTESIAN_POINT('',(1.05,16.83,8.28));
#14448 = DIRECTION('',(0.707106781187,0.,-0.707106781187));
#14449 = DIRECTION('',(0.,1.,0.));
#14450 = ADVANCED_FACE('',(#14451),#14462,.T.);
#14451 = FACE_BOUND('',#14452,.T.);
#14452 = EDGE_LOOP('',(#14453,#14454,#14455,#14456));
#14453 = ORIENTED_EDGE('',*,*,#14440,.T.);
#14454 = ORIENTED_EDGE('',*,*,#14264,.T.);
#14455 = ORIENTED_EDGE('',*,*,#14416,.T.);
#14456 = ORIENTED_EDGE('',*,*,#14457,.T.);
#14457 = EDGE_CURVE('',#14409,#14431,#14458,.T.);
#14458 = LINE('',#14459,#14460);
#14459 = CARTESIAN_POINT('',(1.59,16.63,8.38));
#14460 = VECTOR('',#14461,1.);
#14461 = DIRECTION('',(-1.,0.,0.));
#14462 = PLANE('',#14463);
#14463 = AXIS2_PLACEMENT_3D('',#14464,#14465,#14466);
#14464 = CARTESIAN_POINT('',(1.27,16.51,8.38));
#14465 = DIRECTION('',(0.,0.,1.));
#14466 = DIRECTION('',(1.,0.,0.));
#14467 = ADVANCED_FACE('',(#14468),#14474,.F.);
#14468 = FACE_BOUND('',#14469,.T.);
#14469 = EDGE_LOOP('',(#14470,#14471,#14472,#14473));
#14470 = ORIENTED_EDGE('',*,*,#14326,.F.);
#14471 = ORIENTED_EDGE('',*,*,#14375,.T.);
#14472 = ORIENTED_EDGE('',*,*,#14348,.F.);
#14473 = ORIENTED_EDGE('',*,*,#14309,.F.);
#14474 = PLANE('',#14475);
#14475 = AXIS2_PLACEMENT_3D('',#14476,#14477,#14478);
#14476 = CARTESIAN_POINT('',(1.59,16.73,-2.44));
#14477 = DIRECTION('',(0.,-0.707106781187,0.707106781187));
#14478 = DIRECTION('',(1.,0.,0.));
#14479 = ADVANCED_FACE('',(#14480),#14486,.F.);
#14480 = FACE_BOUND('',#14481,.F.);
#14481 = EDGE_LOOP('',(#14482,#14483,#14484,#14485));
#14482 = ORIENTED_EDGE('',*,*,#14408,.F.);
#14483 = ORIENTED_EDGE('',*,*,#14457,.T.);
#14484 = ORIENTED_EDGE('',*,*,#14430,.T.);
#14485 = ORIENTED_EDGE('',*,*,#14391,.F.);
#14486 = PLANE('',#14487);
#14487 = AXIS2_PLACEMENT_3D('',#14488,#14489,#14490);
#14488 = CARTESIAN_POINT('',(1.59,16.73,8.28));
#14489 = DIRECTION('',(0.,-0.707106781187,-0.707106781187));
#14490 = DIRECTION('',(-1.,0.,0.));
#14491 = MANIFOLD_SOLID_BREP('',#14492);
#14492 = CLOSED_SHELL('',(#14493,#14533,#14564,#14595,#14626,#14657,
    #14681,#14712,#14736,#14758,#14782,#14806,#14823,#14840,#14864,
    #14888,#14905,#14917));
#14493 = ADVANCED_FACE('',(#14494),#14528,.T.);
#14494 = FACE_BOUND('',#14495,.T.);
#14495 = EDGE_LOOP('',(#14496,#14506,#14514,#14522));
#14496 = ORIENTED_EDGE('',*,*,#14497,.F.);
#14497 = EDGE_CURVE('',#14498,#14500,#14502,.T.);
#14498 = VERTEX_POINT('',#14499);
#14499 = CARTESIAN_POINT('',(0.95,18.73,-4.511946372077E-15));
#14500 = VERTEX_POINT('',#14501);
#14501 = CARTESIAN_POINT('',(1.59,18.73,-4.511946372077E-15));
#14502 = LINE('',#14503,#14504);
#14503 = CARTESIAN_POINT('',(0.95,18.73,-4.511946372077E-15));
#14504 = VECTOR('',#14505,1.);
#14505 = DIRECTION('',(1.,0.,0.));
#14506 = ORIENTED_EDGE('',*,*,#14507,.T.);
#14507 = EDGE_CURVE('',#14498,#14508,#14510,.T.);
#14508 = VERTEX_POINT('',#14509);
#14509 = CARTESIAN_POINT('',(0.95,18.73,-2.34));
#14510 = LINE('',#14511,#14512);
#14511 = CARTESIAN_POINT('',(0.95,18.73,-4.511946372077E-15));
#14512 = VECTOR('',#14513,1.);
#14513 = DIRECTION('',(-0.,-0.,-1.));
#14514 = ORIENTED_EDGE('',*,*,#14515,.T.);
#14515 = EDGE_CURVE('',#14508,#14516,#14518,.T.);
#14516 = VERTEX_POINT('',#14517);
#14517 = CARTESIAN_POINT('',(1.59,18.73,-2.34));
#14518 = LINE('',#14519,#14520);
#14519 = CARTESIAN_POINT('',(0.95,18.73,-2.34));
#14520 = VECTOR('',#14521,1.);
#14521 = DIRECTION('',(1.,0.,0.));
#14522 = ORIENTED_EDGE('',*,*,#14523,.F.);
#14523 = EDGE_CURVE('',#14500,#14516,#14524,.T.);
#14524 = LINE('',#14525,#14526);
#14525 = CARTESIAN_POINT('',(1.59,18.73,-4.511946372077E-15));
#14526 = VECTOR('',#14527,1.);
#14527 = DIRECTION('',(-0.,-0.,-1.));
#14528 = PLANE('',#14529);
#14529 = AXIS2_PLACEMENT_3D('',#14530,#14531,#14532);
#14530 = CARTESIAN_POINT('',(0.95,18.73,-4.511946372077E-15));
#14531 = DIRECTION('',(0.,-1.,0.));
#14532 = DIRECTION('',(1.,0.,0.));
#14533 = ADVANCED_FACE('',(#14534),#14559,.F.);
#14534 = FACE_BOUND('',#14535,.F.);
#14535 = EDGE_LOOP('',(#14536,#14537,#14545,#14553));
#14536 = ORIENTED_EDGE('',*,*,#14497,.F.);
#14537 = ORIENTED_EDGE('',*,*,#14538,.T.);
#14538 = EDGE_CURVE('',#14498,#14539,#14541,.T.);
#14539 = VERTEX_POINT('',#14540);
#14540 = CARTESIAN_POINT('',(0.95,18.73,8.18));
#14541 = LINE('',#14542,#14543);
#14542 = CARTESIAN_POINT('',(0.95,18.73,-4.511946372077E-15));
#14543 = VECTOR('',#14544,1.);
#14544 = DIRECTION('',(0.,0.,1.));
#14545 = ORIENTED_EDGE('',*,*,#14546,.T.);
#14546 = EDGE_CURVE('',#14539,#14547,#14549,.T.);
#14547 = VERTEX_POINT('',#14548);
#14548 = CARTESIAN_POINT('',(1.59,18.73,8.18));
#14549 = LINE('',#14550,#14551);
#14550 = CARTESIAN_POINT('',(0.95,18.73,8.18));
#14551 = VECTOR('',#14552,1.);
#14552 = DIRECTION('',(1.,0.,0.));
#14553 = ORIENTED_EDGE('',*,*,#14554,.F.);
#14554 = EDGE_CURVE('',#14500,#14547,#14555,.T.);
#14555 = LINE('',#14556,#14557);
#14556 = CARTESIAN_POINT('',(1.59,18.73,-4.511946372077E-15));
#14557 = VECTOR('',#14558,1.);
#14558 = DIRECTION('',(0.,0.,1.));
#14559 = PLANE('',#14560);
#14560 = AXIS2_PLACEMENT_3D('',#14561,#14562,#14563);
#14561 = CARTESIAN_POINT('',(0.95,18.73,-4.511946372077E-15));
#14562 = DIRECTION('',(0.,1.,0.));
#14563 = DIRECTION('',(1.,0.,0.));
#14564 = ADVANCED_FACE('',(#14565),#14590,.T.);
#14565 = FACE_BOUND('',#14566,.T.);
#14566 = EDGE_LOOP('',(#14567,#14575,#14576,#14584));
#14567 = ORIENTED_EDGE('',*,*,#14568,.F.);
#14568 = EDGE_CURVE('',#14500,#14569,#14571,.T.);
#14569 = VERTEX_POINT('',#14570);
#14570 = CARTESIAN_POINT('',(1.59,19.37,-4.511946372077E-15));
#14571 = LINE('',#14572,#14573);
#14572 = CARTESIAN_POINT('',(1.59,18.73,-4.511946372077E-15));
#14573 = VECTOR('',#14574,1.);
#14574 = DIRECTION('',(0.,1.,0.));
#14575 = ORIENTED_EDGE('',*,*,#14523,.T.);
#14576 = ORIENTED_EDGE('',*,*,#14577,.T.);
#14577 = EDGE_CURVE('',#14516,#14578,#14580,.T.);
#14578 = VERTEX_POINT('',#14579);
#14579 = CARTESIAN_POINT('',(1.59,19.37,-2.34));
#14580 = LINE('',#14581,#14582);
#14581 = CARTESIAN_POINT('',(1.59,18.73,-2.34));
#14582 = VECTOR('',#14583,1.);
#14583 = DIRECTION('',(0.,1.,0.));
#14584 = ORIENTED_EDGE('',*,*,#14585,.F.);
#14585 = EDGE_CURVE('',#14569,#14578,#14586,.T.);
#14586 = LINE('',#14587,#14588);
#14587 = CARTESIAN_POINT('',(1.59,19.37,-4.511946372077E-15));
#14588 = VECTOR('',#14589,1.);
#14589 = DIRECTION('',(-0.,-0.,-1.));
#14590 = PLANE('',#14591);
#14591 = AXIS2_PLACEMENT_3D('',#14592,#14593,#14594);
#14592 = CARTESIAN_POINT('',(1.59,18.73,-4.511946372077E-15));
#14593 = DIRECTION('',(1.,0.,0.));
#14594 = DIRECTION('',(0.,1.,0.));
#14595 = ADVANCED_FACE('',(#14596),#14621,.F.);
#14596 = FACE_BOUND('',#14597,.F.);
#14597 = EDGE_LOOP('',(#14598,#14606,#14607,#14615));
#14598 = ORIENTED_EDGE('',*,*,#14599,.F.);
#14599 = EDGE_CURVE('',#14508,#14600,#14602,.T.);
#14600 = VERTEX_POINT('',#14601);
#14601 = CARTESIAN_POINT('',(1.15,18.93,-2.54));
#14602 = LINE('',#14603,#14604);
#14603 = CARTESIAN_POINT('',(1.123333333333,18.903333333333,
    -2.513333333333));
#14604 = VECTOR('',#14605,1.);
#14605 = DIRECTION('',(0.57735026919,0.57735026919,-0.57735026919));
#14606 = ORIENTED_EDGE('',*,*,#14515,.T.);
#14607 = ORIENTED_EDGE('',*,*,#14608,.T.);
#14608 = EDGE_CURVE('',#14516,#14609,#14611,.T.);
#14609 = VERTEX_POINT('',#14610);
#14610 = CARTESIAN_POINT('',(1.39,18.93,-2.54));
#14611 = LINE('',#14612,#14613);
#14612 = CARTESIAN_POINT('',(1.416666666667,18.903333333333,
    -2.513333333333));
#14613 = VECTOR('',#14614,1.);
#14614 = DIRECTION('',(-0.57735026919,0.57735026919,-0.57735026919));
#14615 = ORIENTED_EDGE('',*,*,#14616,.F.);
#14616 = EDGE_CURVE('',#14600,#14609,#14617,.T.);
#14617 = LINE('',#14618,#14619);
#14618 = CARTESIAN_POINT('',(0.95,18.93,-2.54));
#14619 = VECTOR('',#14620,1.);
#14620 = DIRECTION('',(1.,0.,0.));
#14621 = PLANE('',#14622);
#14622 = AXIS2_PLACEMENT_3D('',#14623,#14624,#14625);
#14623 = CARTESIAN_POINT('',(0.95,18.83,-2.44));
#14624 = DIRECTION('',(0.,0.707106781187,0.707106781187));
#14625 = DIRECTION('',(1.,0.,0.));
#14626 = ADVANCED_FACE('',(#14627),#14652,.T.);
#14627 = FACE_BOUND('',#14628,.T.);
#14628 = EDGE_LOOP('',(#14629,#14637,#14645,#14651));
#14629 = ORIENTED_EDGE('',*,*,#14630,.F.);
#14630 = EDGE_CURVE('',#14631,#14498,#14633,.T.);
#14631 = VERTEX_POINT('',#14632);
#14632 = CARTESIAN_POINT('',(0.95,19.37,-4.511946372077E-15));
#14633 = LINE('',#14634,#14635);
#14634 = CARTESIAN_POINT('',(0.95,19.37,-4.511946372077E-15));
#14635 = VECTOR('',#14636,1.);
#14636 = DIRECTION('',(0.,-1.,0.));
#14637 = ORIENTED_EDGE('',*,*,#14638,.T.);
#14638 = EDGE_CURVE('',#14631,#14639,#14641,.T.);
#14639 = VERTEX_POINT('',#14640);
#14640 = CARTESIAN_POINT('',(0.95,19.37,-2.34));
#14641 = LINE('',#14642,#14643);
#14642 = CARTESIAN_POINT('',(0.95,19.37,-4.511946372077E-15));
#14643 = VECTOR('',#14644,1.);
#14644 = DIRECTION('',(-0.,-0.,-1.));
#14645 = ORIENTED_EDGE('',*,*,#14646,.T.);
#14646 = EDGE_CURVE('',#14639,#14508,#14647,.T.);
#14647 = LINE('',#14648,#14649);
#14648 = CARTESIAN_POINT('',(0.95,19.37,-2.34));
#14649 = VECTOR('',#14650,1.);
#14650 = DIRECTION('',(0.,-1.,0.));
#14651 = ORIENTED_EDGE('',*,*,#14507,.F.);
#14652 = PLANE('',#14653);
#14653 = AXIS2_PLACEMENT_3D('',#14654,#14655,#14656);
#14654 = CARTESIAN_POINT('',(0.95,19.37,-4.511946372077E-15));
#14655 = DIRECTION('',(-1.,0.,0.));
#14656 = DIRECTION('',(0.,-1.,0.));
#14657 = ADVANCED_FACE('',(#14658),#14676,.F.);
#14658 = FACE_BOUND('',#14659,.F.);
#14659 = EDGE_LOOP('',(#14660,#14661,#14662,#14670));
#14660 = ORIENTED_EDGE('',*,*,#14568,.F.);
#14661 = ORIENTED_EDGE('',*,*,#14554,.T.);
#14662 = ORIENTED_EDGE('',*,*,#14663,.T.);
#14663 = EDGE_CURVE('',#14547,#14664,#14666,.T.);
#14664 = VERTEX_POINT('',#14665);
#14665 = CARTESIAN_POINT('',(1.59,19.37,8.18));
#14666 = LINE('',#14667,#14668);
#14667 = CARTESIAN_POINT('',(1.59,18.73,8.18));
#14668 = VECTOR('',#14669,1.);
#14669 = DIRECTION('',(0.,1.,0.));
#14670 = ORIENTED_EDGE('',*,*,#14671,.F.);
#14671 = EDGE_CURVE('',#14569,#14664,#14672,.T.);
#14672 = LINE('',#14673,#14674);
#14673 = CARTESIAN_POINT('',(1.59,19.37,-4.511946372077E-15));
#14674 = VECTOR('',#14675,1.);
#14675 = DIRECTION('',(0.,0.,1.));
#14676 = PLANE('',#14677);
#14677 = AXIS2_PLACEMENT_3D('',#14678,#14679,#14680);
#14678 = CARTESIAN_POINT('',(1.59,18.73,-4.511946372077E-15));
#14679 = DIRECTION('',(-1.,0.,0.));
#14680 = DIRECTION('',(0.,1.,0.));
#14681 = ADVANCED_FACE('',(#14682),#14707,.F.);
#14682 = FACE_BOUND('',#14683,.T.);
#14683 = EDGE_LOOP('',(#14684,#14692,#14693,#14701));
#14684 = ORIENTED_EDGE('',*,*,#14685,.F.);
#14685 = EDGE_CURVE('',#14539,#14686,#14688,.T.);
#14686 = VERTEX_POINT('',#14687);
#14687 = CARTESIAN_POINT('',(1.15,18.93,8.38));
#14688 = LINE('',#14689,#14690);
#14689 = CARTESIAN_POINT('',(1.123333333333,18.903333333333,
    8.353333333333));
#14690 = VECTOR('',#14691,1.);
#14691 = DIRECTION('',(0.57735026919,0.57735026919,0.57735026919));
#14692 = ORIENTED_EDGE('',*,*,#14546,.T.);
#14693 = ORIENTED_EDGE('',*,*,#14694,.T.);
#14694 = EDGE_CURVE('',#14547,#14695,#14697,.T.);
#14695 = VERTEX_POINT('',#14696);
#14696 = CARTESIAN_POINT('',(1.39,18.93,8.38));
#14697 = LINE('',#14698,#14699);
#14698 = CARTESIAN_POINT('',(1.416666666667,18.903333333333,
    8.353333333333));
#14699 = VECTOR('',#14700,1.);
#14700 = DIRECTION('',(-0.57735026919,0.57735026919,0.57735026919));
#14701 = ORIENTED_EDGE('',*,*,#14702,.F.);
#14702 = EDGE_CURVE('',#14686,#14695,#14703,.T.);
#14703 = LINE('',#14704,#14705);
#14704 = CARTESIAN_POINT('',(0.95,18.93,8.38));
#14705 = VECTOR('',#14706,1.);
#14706 = DIRECTION('',(1.,0.,0.));
#14707 = PLANE('',#14708);
#14708 = AXIS2_PLACEMENT_3D('',#14709,#14710,#14711);
#14709 = CARTESIAN_POINT('',(0.95,18.83,8.28));
#14710 = DIRECTION('',(0.,0.707106781187,-0.707106781187));
#14711 = DIRECTION('',(-1.,-0.,-0.));
#14712 = ADVANCED_FACE('',(#14713),#14731,.F.);
#14713 = FACE_BOUND('',#14714,.F.);
#14714 = EDGE_LOOP('',(#14715,#14716,#14724,#14730));
#14715 = ORIENTED_EDGE('',*,*,#14630,.F.);
#14716 = ORIENTED_EDGE('',*,*,#14717,.T.);
#14717 = EDGE_CURVE('',#14631,#14718,#14720,.T.);
#14718 = VERTEX_POINT('',#14719);
#14719 = CARTESIAN_POINT('',(0.95,19.37,8.18));
#14720 = LINE('',#14721,#14722);
#14721 = CARTESIAN_POINT('',(0.95,19.37,-4.511946372077E-15));
#14722 = VECTOR('',#14723,1.);
#14723 = DIRECTION('',(0.,0.,1.));
#14724 = ORIENTED_EDGE('',*,*,#14725,.T.);
#14725 = EDGE_CURVE('',#14718,#14539,#14726,.T.);
#14726 = LINE('',#14727,#14728);
#14727 = CARTESIAN_POINT('',(0.95,19.37,8.18));
#14728 = VECTOR('',#14729,1.);
#14729 = DIRECTION('',(0.,-1.,0.));
#14730 = ORIENTED_EDGE('',*,*,#14538,.F.);
#14731 = PLANE('',#14732);
#14732 = AXIS2_PLACEMENT_3D('',#14733,#14734,#14735);
#14733 = CARTESIAN_POINT('',(0.95,19.37,-4.511946372077E-15));
#14734 = DIRECTION('',(1.,0.,0.));
#14735 = DIRECTION('',(0.,-1.,0.));
#14736 = ADVANCED_FACE('',(#14737),#14753,.T.);
#14737 = FACE_BOUND('',#14738,.T.);
#14738 = EDGE_LOOP('',(#14739,#14745,#14746,#14752));
#14739 = ORIENTED_EDGE('',*,*,#14740,.F.);
#14740 = EDGE_CURVE('',#14569,#14631,#14741,.T.);
#14741 = LINE('',#14742,#14743);
#14742 = CARTESIAN_POINT('',(1.59,19.37,-4.511946372077E-15));
#14743 = VECTOR('',#14744,1.);
#14744 = DIRECTION('',(-1.,0.,0.));
#14745 = ORIENTED_EDGE('',*,*,#14585,.T.);
#14746 = ORIENTED_EDGE('',*,*,#14747,.T.);
#14747 = EDGE_CURVE('',#14578,#14639,#14748,.T.);
#14748 = LINE('',#14749,#14750);
#14749 = CARTESIAN_POINT('',(1.59,19.37,-2.34));
#14750 = VECTOR('',#14751,1.);
#14751 = DIRECTION('',(-1.,0.,0.));
#14752 = ORIENTED_EDGE('',*,*,#14638,.F.);
#14753 = PLANE('',#14754);
#14754 = AXIS2_PLACEMENT_3D('',#14755,#14756,#14757);
#14755 = CARTESIAN_POINT('',(1.59,19.37,-4.511946372077E-15));
#14756 = DIRECTION('',(0.,1.,0.));
#14757 = DIRECTION('',(-1.,0.,0.));
#14758 = ADVANCED_FACE('',(#14759),#14777,.F.);
#14759 = FACE_BOUND('',#14760,.F.);
#14760 = EDGE_LOOP('',(#14761,#14762,#14763,#14771));
#14761 = ORIENTED_EDGE('',*,*,#14608,.F.);
#14762 = ORIENTED_EDGE('',*,*,#14577,.T.);
#14763 = ORIENTED_EDGE('',*,*,#14764,.F.);
#14764 = EDGE_CURVE('',#14765,#14578,#14767,.T.);
#14765 = VERTEX_POINT('',#14766);
#14766 = CARTESIAN_POINT('',(1.39,19.17,-2.54));
#14767 = LINE('',#14768,#14769);
#14768 = CARTESIAN_POINT('',(1.416666666667,19.196666666667,
    -2.513333333333));
#14769 = VECTOR('',#14770,1.);
#14770 = DIRECTION('',(0.57735026919,0.57735026919,0.57735026919));
#14771 = ORIENTED_EDGE('',*,*,#14772,.F.);
#14772 = EDGE_CURVE('',#14609,#14765,#14773,.T.);
#14773 = LINE('',#14774,#14775);
#14774 = CARTESIAN_POINT('',(1.39,18.73,-2.54));
#14775 = VECTOR('',#14776,1.);
#14776 = DIRECTION('',(0.,1.,0.));
#14777 = PLANE('',#14778);
#14778 = AXIS2_PLACEMENT_3D('',#14779,#14780,#14781);
#14779 = CARTESIAN_POINT('',(1.49,18.73,-2.44));
#14780 = DIRECTION('',(-0.707106781187,0.,0.707106781187));
#14781 = DIRECTION('',(0.,1.,0.));
#14782 = ADVANCED_FACE('',(#14783),#14801,.F.);
#14783 = FACE_BOUND('',#14784,.F.);
#14784 = EDGE_LOOP('',(#14785,#14793,#14794,#14795));
#14785 = ORIENTED_EDGE('',*,*,#14786,.F.);
#14786 = EDGE_CURVE('',#14639,#14787,#14789,.T.);
#14787 = VERTEX_POINT('',#14788);
#14788 = CARTESIAN_POINT('',(1.15,19.17,-2.54));
#14789 = LINE('',#14790,#14791);
#14790 = CARTESIAN_POINT('',(1.123333333333,19.196666666667,
    -2.513333333333));
#14791 = VECTOR('',#14792,1.);
#14792 = DIRECTION('',(0.57735026919,-0.57735026919,-0.57735026919));
#14793 = ORIENTED_EDGE('',*,*,#14646,.T.);
#14794 = ORIENTED_EDGE('',*,*,#14599,.T.);
#14795 = ORIENTED_EDGE('',*,*,#14796,.F.);
#14796 = EDGE_CURVE('',#14787,#14600,#14797,.T.);
#14797 = LINE('',#14798,#14799);
#14798 = CARTESIAN_POINT('',(1.15,19.37,-2.54));
#14799 = VECTOR('',#14800,1.);
#14800 = DIRECTION('',(0.,-1.,0.));
#14801 = PLANE('',#14802);
#14802 = AXIS2_PLACEMENT_3D('',#14803,#14804,#14805);
#14803 = CARTESIAN_POINT('',(1.05,19.37,-2.44));
#14804 = DIRECTION('',(0.707106781187,0.,0.707106781187));
#14805 = DIRECTION('',(0.,-1.,0.));
#14806 = ADVANCED_FACE('',(#14807),#14818,.F.);
#14807 = FACE_BOUND('',#14808,.F.);
#14808 = EDGE_LOOP('',(#14809,#14810,#14811,#14812));
#14809 = ORIENTED_EDGE('',*,*,#14796,.T.);
#14810 = ORIENTED_EDGE('',*,*,#14616,.T.);
#14811 = ORIENTED_EDGE('',*,*,#14772,.T.);
#14812 = ORIENTED_EDGE('',*,*,#14813,.T.);
#14813 = EDGE_CURVE('',#14765,#14787,#14814,.T.);
#14814 = LINE('',#14815,#14816);
#14815 = CARTESIAN_POINT('',(1.59,19.17,-2.54));
#14816 = VECTOR('',#14817,1.);
#14817 = DIRECTION('',(-1.,0.,0.));
#14818 = PLANE('',#14819);
#14819 = AXIS2_PLACEMENT_3D('',#14820,#14821,#14822);
#14820 = CARTESIAN_POINT('',(1.27,19.05,-2.54));
#14821 = DIRECTION('',(0.,0.,1.));
#14822 = DIRECTION('',(1.,0.,0.));
#14823 = ADVANCED_FACE('',(#14824),#14835,.F.);
#14824 = FACE_BOUND('',#14825,.F.);
#14825 = EDGE_LOOP('',(#14826,#14827,#14828,#14834));
#14826 = ORIENTED_EDGE('',*,*,#14740,.F.);
#14827 = ORIENTED_EDGE('',*,*,#14671,.T.);
#14828 = ORIENTED_EDGE('',*,*,#14829,.T.);
#14829 = EDGE_CURVE('',#14664,#14718,#14830,.T.);
#14830 = LINE('',#14831,#14832);
#14831 = CARTESIAN_POINT('',(1.59,19.37,8.18));
#14832 = VECTOR('',#14833,1.);
#14833 = DIRECTION('',(-1.,0.,0.));
#14834 = ORIENTED_EDGE('',*,*,#14717,.F.);
#14835 = PLANE('',#14836);
#14836 = AXIS2_PLACEMENT_3D('',#14837,#14838,#14839);
#14837 = CARTESIAN_POINT('',(1.59,19.37,-4.511946372077E-15));
#14838 = DIRECTION('',(0.,-1.,0.));
#14839 = DIRECTION('',(-1.,0.,0.));
#14840 = ADVANCED_FACE('',(#14841),#14859,.F.);
#14841 = FACE_BOUND('',#14842,.T.);
#14842 = EDGE_LOOP('',(#14843,#14844,#14845,#14853));
#14843 = ORIENTED_EDGE('',*,*,#14694,.F.);
#14844 = ORIENTED_EDGE('',*,*,#14663,.T.);
#14845 = ORIENTED_EDGE('',*,*,#14846,.F.);
#14846 = EDGE_CURVE('',#14847,#14664,#14849,.T.);
#14847 = VERTEX_POINT('',#14848);
#14848 = CARTESIAN_POINT('',(1.39,19.17,8.38));
#14849 = LINE('',#14850,#14851);
#14850 = CARTESIAN_POINT('',(1.416666666667,19.196666666667,
    8.353333333333));
#14851 = VECTOR('',#14852,1.);
#14852 = DIRECTION('',(0.57735026919,0.57735026919,-0.57735026919));
#14853 = ORIENTED_EDGE('',*,*,#14854,.F.);
#14854 = EDGE_CURVE('',#14695,#14847,#14855,.T.);
#14855 = LINE('',#14856,#14857);
#14856 = CARTESIAN_POINT('',(1.39,18.73,8.38));
#14857 = VECTOR('',#14858,1.);
#14858 = DIRECTION('',(0.,1.,0.));
#14859 = PLANE('',#14860);
#14860 = AXIS2_PLACEMENT_3D('',#14861,#14862,#14863);
#14861 = CARTESIAN_POINT('',(1.49,18.73,8.28));
#14862 = DIRECTION('',(-0.707106781187,0.,-0.707106781187));
#14863 = DIRECTION('',(-0.,-1.,-0.));
#14864 = ADVANCED_FACE('',(#14865),#14883,.F.);
#14865 = FACE_BOUND('',#14866,.T.);
#14866 = EDGE_LOOP('',(#14867,#14875,#14876,#14877));
#14867 = ORIENTED_EDGE('',*,*,#14868,.T.);
#14868 = EDGE_CURVE('',#14869,#14718,#14871,.T.);
#14869 = VERTEX_POINT('',#14870);
#14870 = CARTESIAN_POINT('',(1.15,19.17,8.38));
#14871 = LINE('',#14872,#14873);
#14872 = CARTESIAN_POINT('',(1.123333333333,19.196666666667,
    8.353333333333));
#14873 = VECTOR('',#14874,1.);
#14874 = DIRECTION('',(-0.57735026919,0.57735026919,-0.57735026919));
#14875 = ORIENTED_EDGE('',*,*,#14725,.T.);
#14876 = ORIENTED_EDGE('',*,*,#14685,.T.);
#14877 = ORIENTED_EDGE('',*,*,#14878,.F.);
#14878 = EDGE_CURVE('',#14869,#14686,#14879,.T.);
#14879 = LINE('',#14880,#14881);
#14880 = CARTESIAN_POINT('',(1.15,19.37,8.38));
#14881 = VECTOR('',#14882,1.);
#14882 = DIRECTION('',(0.,-1.,0.));
#14883 = PLANE('',#14884);
#14884 = AXIS2_PLACEMENT_3D('',#14885,#14886,#14887);
#14885 = CARTESIAN_POINT('',(1.05,19.37,8.28));
#14886 = DIRECTION('',(0.707106781187,0.,-0.707106781187));
#14887 = DIRECTION('',(0.,1.,0.));
#14888 = ADVANCED_FACE('',(#14889),#14900,.T.);
#14889 = FACE_BOUND('',#14890,.T.);
#14890 = EDGE_LOOP('',(#14891,#14892,#14893,#14894));
#14891 = ORIENTED_EDGE('',*,*,#14878,.T.);
#14892 = ORIENTED_EDGE('',*,*,#14702,.T.);
#14893 = ORIENTED_EDGE('',*,*,#14854,.T.);
#14894 = ORIENTED_EDGE('',*,*,#14895,.T.);
#14895 = EDGE_CURVE('',#14847,#14869,#14896,.T.);
#14896 = LINE('',#14897,#14898);
#14897 = CARTESIAN_POINT('',(1.59,19.17,8.38));
#14898 = VECTOR('',#14899,1.);
#14899 = DIRECTION('',(-1.,0.,0.));
#14900 = PLANE('',#14901);
#14901 = AXIS2_PLACEMENT_3D('',#14902,#14903,#14904);
#14902 = CARTESIAN_POINT('',(1.27,19.05,8.38));
#14903 = DIRECTION('',(0.,0.,1.));
#14904 = DIRECTION('',(1.,0.,0.));
#14905 = ADVANCED_FACE('',(#14906),#14912,.F.);
#14906 = FACE_BOUND('',#14907,.T.);
#14907 = EDGE_LOOP('',(#14908,#14909,#14910,#14911));
#14908 = ORIENTED_EDGE('',*,*,#14764,.F.);
#14909 = ORIENTED_EDGE('',*,*,#14813,.T.);
#14910 = ORIENTED_EDGE('',*,*,#14786,.F.);
#14911 = ORIENTED_EDGE('',*,*,#14747,.F.);
#14912 = PLANE('',#14913);
#14913 = AXIS2_PLACEMENT_3D('',#14914,#14915,#14916);
#14914 = CARTESIAN_POINT('',(1.59,19.27,-2.44));
#14915 = DIRECTION('',(0.,-0.707106781187,0.707106781187));
#14916 = DIRECTION('',(1.,0.,0.));
#14917 = ADVANCED_FACE('',(#14918),#14924,.F.);
#14918 = FACE_BOUND('',#14919,.F.);
#14919 = EDGE_LOOP('',(#14920,#14921,#14922,#14923));
#14920 = ORIENTED_EDGE('',*,*,#14846,.F.);
#14921 = ORIENTED_EDGE('',*,*,#14895,.T.);
#14922 = ORIENTED_EDGE('',*,*,#14868,.T.);
#14923 = ORIENTED_EDGE('',*,*,#14829,.F.);
#14924 = PLANE('',#14925);
#14925 = AXIS2_PLACEMENT_3D('',#14926,#14927,#14928);
#14926 = CARTESIAN_POINT('',(1.59,19.27,8.28));
#14927 = DIRECTION('',(0.,-0.707106781187,-0.707106781187));
#14928 = DIRECTION('',(-1.,0.,0.));
#14929 = MANIFOLD_SOLID_BREP('',#14930);
#14930 = CLOSED_SHELL('',(#14931,#14971,#15002,#15033,#15064,#15095,
    #15119,#15150,#15174,#15196,#15220,#15244,#15261,#15278,#15302,
    #15326,#15343,#15355));
#14931 = ADVANCED_FACE('',(#14932),#14966,.T.);
#14932 = FACE_BOUND('',#14933,.T.);
#14933 = EDGE_LOOP('',(#14934,#14944,#14952,#14960));
#14934 = ORIENTED_EDGE('',*,*,#14935,.F.);
#14935 = EDGE_CURVE('',#14936,#14938,#14940,.T.);
#14936 = VERTEX_POINT('',#14937);
#14937 = CARTESIAN_POINT('',(0.95,21.27,-4.793943020331E-15));
#14938 = VERTEX_POINT('',#14939);
#14939 = CARTESIAN_POINT('',(1.59,21.27,-4.793943020331E-15));
#14940 = LINE('',#14941,#14942);
#14941 = CARTESIAN_POINT('',(0.95,21.27,-4.793943020331E-15));
#14942 = VECTOR('',#14943,1.);
#14943 = DIRECTION('',(1.,0.,0.));
#14944 = ORIENTED_EDGE('',*,*,#14945,.T.);
#14945 = EDGE_CURVE('',#14936,#14946,#14948,.T.);
#14946 = VERTEX_POINT('',#14947);
#14947 = CARTESIAN_POINT('',(0.95,21.27,-2.34));
#14948 = LINE('',#14949,#14950);
#14949 = CARTESIAN_POINT('',(0.95,21.27,-4.793943020331E-15));
#14950 = VECTOR('',#14951,1.);
#14951 = DIRECTION('',(-0.,-0.,-1.));
#14952 = ORIENTED_EDGE('',*,*,#14953,.T.);
#14953 = EDGE_CURVE('',#14946,#14954,#14956,.T.);
#14954 = VERTEX_POINT('',#14955);
#14955 = CARTESIAN_POINT('',(1.59,21.27,-2.34));
#14956 = LINE('',#14957,#14958);
#14957 = CARTESIAN_POINT('',(0.95,21.27,-2.34));
#14958 = VECTOR('',#14959,1.);
#14959 = DIRECTION('',(1.,0.,0.));
#14960 = ORIENTED_EDGE('',*,*,#14961,.F.);
#14961 = EDGE_CURVE('',#14938,#14954,#14962,.T.);
#14962 = LINE('',#14963,#14964);
#14963 = CARTESIAN_POINT('',(1.59,21.27,-4.793943020331E-15));
#14964 = VECTOR('',#14965,1.);
#14965 = DIRECTION('',(-0.,-0.,-1.));
#14966 = PLANE('',#14967);
#14967 = AXIS2_PLACEMENT_3D('',#14968,#14969,#14970);
#14968 = CARTESIAN_POINT('',(0.95,21.27,-4.793943020331E-15));
#14969 = DIRECTION('',(0.,-1.,0.));
#14970 = DIRECTION('',(1.,0.,0.));
#14971 = ADVANCED_FACE('',(#14972),#14997,.F.);
#14972 = FACE_BOUND('',#14973,.F.);
#14973 = EDGE_LOOP('',(#14974,#14975,#14983,#14991));
#14974 = ORIENTED_EDGE('',*,*,#14935,.F.);
#14975 = ORIENTED_EDGE('',*,*,#14976,.T.);
#14976 = EDGE_CURVE('',#14936,#14977,#14979,.T.);
#14977 = VERTEX_POINT('',#14978);
#14978 = CARTESIAN_POINT('',(0.95,21.27,8.18));
#14979 = LINE('',#14980,#14981);
#14980 = CARTESIAN_POINT('',(0.95,21.27,-4.793943020331E-15));
#14981 = VECTOR('',#14982,1.);
#14982 = DIRECTION('',(0.,0.,1.));
#14983 = ORIENTED_EDGE('',*,*,#14984,.T.);
#14984 = EDGE_CURVE('',#14977,#14985,#14987,.T.);
#14985 = VERTEX_POINT('',#14986);
#14986 = CARTESIAN_POINT('',(1.59,21.27,8.18));
#14987 = LINE('',#14988,#14989);
#14988 = CARTESIAN_POINT('',(0.95,21.27,8.18));
#14989 = VECTOR('',#14990,1.);
#14990 = DIRECTION('',(1.,0.,0.));
#14991 = ORIENTED_EDGE('',*,*,#14992,.F.);
#14992 = EDGE_CURVE('',#14938,#14985,#14993,.T.);
#14993 = LINE('',#14994,#14995);
#14994 = CARTESIAN_POINT('',(1.59,21.27,-4.793943020331E-15));
#14995 = VECTOR('',#14996,1.);
#14996 = DIRECTION('',(0.,0.,1.));
#14997 = PLANE('',#14998);
#14998 = AXIS2_PLACEMENT_3D('',#14999,#15000,#15001);
#14999 = CARTESIAN_POINT('',(0.95,21.27,-4.793943020331E-15));
#15000 = DIRECTION('',(0.,1.,0.));
#15001 = DIRECTION('',(1.,0.,0.));
#15002 = ADVANCED_FACE('',(#15003),#15028,.T.);
#15003 = FACE_BOUND('',#15004,.T.);
#15004 = EDGE_LOOP('',(#15005,#15013,#15014,#15022));
#15005 = ORIENTED_EDGE('',*,*,#15006,.F.);
#15006 = EDGE_CURVE('',#14938,#15007,#15009,.T.);
#15007 = VERTEX_POINT('',#15008);
#15008 = CARTESIAN_POINT('',(1.59,21.91,-4.793943020331E-15));
#15009 = LINE('',#15010,#15011);
#15010 = CARTESIAN_POINT('',(1.59,21.27,-4.793943020331E-15));
#15011 = VECTOR('',#15012,1.);
#15012 = DIRECTION('',(0.,1.,0.));
#15013 = ORIENTED_EDGE('',*,*,#14961,.T.);
#15014 = ORIENTED_EDGE('',*,*,#15015,.T.);
#15015 = EDGE_CURVE('',#14954,#15016,#15018,.T.);
#15016 = VERTEX_POINT('',#15017);
#15017 = CARTESIAN_POINT('',(1.59,21.91,-2.34));
#15018 = LINE('',#15019,#15020);
#15019 = CARTESIAN_POINT('',(1.59,21.27,-2.34));
#15020 = VECTOR('',#15021,1.);
#15021 = DIRECTION('',(0.,1.,0.));
#15022 = ORIENTED_EDGE('',*,*,#15023,.F.);
#15023 = EDGE_CURVE('',#15007,#15016,#15024,.T.);
#15024 = LINE('',#15025,#15026);
#15025 = CARTESIAN_POINT('',(1.59,21.91,-4.793943020331E-15));
#15026 = VECTOR('',#15027,1.);
#15027 = DIRECTION('',(-0.,-0.,-1.));
#15028 = PLANE('',#15029);
#15029 = AXIS2_PLACEMENT_3D('',#15030,#15031,#15032);
#15030 = CARTESIAN_POINT('',(1.59,21.27,-4.793943020331E-15));
#15031 = DIRECTION('',(1.,0.,0.));
#15032 = DIRECTION('',(0.,1.,0.));
#15033 = ADVANCED_FACE('',(#15034),#15059,.F.);
#15034 = FACE_BOUND('',#15035,.F.);
#15035 = EDGE_LOOP('',(#15036,#15044,#15045,#15053));
#15036 = ORIENTED_EDGE('',*,*,#15037,.F.);
#15037 = EDGE_CURVE('',#14946,#15038,#15040,.T.);
#15038 = VERTEX_POINT('',#15039);
#15039 = CARTESIAN_POINT('',(1.15,21.47,-2.54));
#15040 = LINE('',#15041,#15042);
#15041 = CARTESIAN_POINT('',(1.123333333333,21.443333333333,
    -2.513333333333));
#15042 = VECTOR('',#15043,1.);
#15043 = DIRECTION('',(0.57735026919,0.57735026919,-0.57735026919));
#15044 = ORIENTED_EDGE('',*,*,#14953,.T.);
#15045 = ORIENTED_EDGE('',*,*,#15046,.T.);
#15046 = EDGE_CURVE('',#14954,#15047,#15049,.T.);
#15047 = VERTEX_POINT('',#15048);
#15048 = CARTESIAN_POINT('',(1.39,21.47,-2.54));
#15049 = LINE('',#15050,#15051);
#15050 = CARTESIAN_POINT('',(1.416666666667,21.443333333333,
    -2.513333333333));
#15051 = VECTOR('',#15052,1.);
#15052 = DIRECTION('',(-0.57735026919,0.57735026919,-0.57735026919));
#15053 = ORIENTED_EDGE('',*,*,#15054,.F.);
#15054 = EDGE_CURVE('',#15038,#15047,#15055,.T.);
#15055 = LINE('',#15056,#15057);
#15056 = CARTESIAN_POINT('',(0.95,21.47,-2.54));
#15057 = VECTOR('',#15058,1.);
#15058 = DIRECTION('',(1.,0.,0.));
#15059 = PLANE('',#15060);
#15060 = AXIS2_PLACEMENT_3D('',#15061,#15062,#15063);
#15061 = CARTESIAN_POINT('',(0.95,21.37,-2.44));
#15062 = DIRECTION('',(0.,0.707106781187,0.707106781187));
#15063 = DIRECTION('',(1.,0.,0.));
#15064 = ADVANCED_FACE('',(#15065),#15090,.T.);
#15065 = FACE_BOUND('',#15066,.T.);
#15066 = EDGE_LOOP('',(#15067,#15075,#15083,#15089));
#15067 = ORIENTED_EDGE('',*,*,#15068,.F.);
#15068 = EDGE_CURVE('',#15069,#14936,#15071,.T.);
#15069 = VERTEX_POINT('',#15070);
#15070 = CARTESIAN_POINT('',(0.95,21.91,-4.793943020331E-15));
#15071 = LINE('',#15072,#15073);
#15072 = CARTESIAN_POINT('',(0.95,21.91,-4.793943020331E-15));
#15073 = VECTOR('',#15074,1.);
#15074 = DIRECTION('',(0.,-1.,0.));
#15075 = ORIENTED_EDGE('',*,*,#15076,.T.);
#15076 = EDGE_CURVE('',#15069,#15077,#15079,.T.);
#15077 = VERTEX_POINT('',#15078);
#15078 = CARTESIAN_POINT('',(0.95,21.91,-2.34));
#15079 = LINE('',#15080,#15081);
#15080 = CARTESIAN_POINT('',(0.95,21.91,-4.793943020331E-15));
#15081 = VECTOR('',#15082,1.);
#15082 = DIRECTION('',(-0.,-0.,-1.));
#15083 = ORIENTED_EDGE('',*,*,#15084,.T.);
#15084 = EDGE_CURVE('',#15077,#14946,#15085,.T.);
#15085 = LINE('',#15086,#15087);
#15086 = CARTESIAN_POINT('',(0.95,21.91,-2.34));
#15087 = VECTOR('',#15088,1.);
#15088 = DIRECTION('',(0.,-1.,0.));
#15089 = ORIENTED_EDGE('',*,*,#14945,.F.);
#15090 = PLANE('',#15091);
#15091 = AXIS2_PLACEMENT_3D('',#15092,#15093,#15094);
#15092 = CARTESIAN_POINT('',(0.95,21.91,-4.793943020331E-15));
#15093 = DIRECTION('',(-1.,0.,0.));
#15094 = DIRECTION('',(0.,-1.,0.));
#15095 = ADVANCED_FACE('',(#15096),#15114,.F.);
#15096 = FACE_BOUND('',#15097,.F.);
#15097 = EDGE_LOOP('',(#15098,#15099,#15100,#15108));
#15098 = ORIENTED_EDGE('',*,*,#15006,.F.);
#15099 = ORIENTED_EDGE('',*,*,#14992,.T.);
#15100 = ORIENTED_EDGE('',*,*,#15101,.T.);
#15101 = EDGE_CURVE('',#14985,#15102,#15104,.T.);
#15102 = VERTEX_POINT('',#15103);
#15103 = CARTESIAN_POINT('',(1.59,21.91,8.18));
#15104 = LINE('',#15105,#15106);
#15105 = CARTESIAN_POINT('',(1.59,21.27,8.18));
#15106 = VECTOR('',#15107,1.);
#15107 = DIRECTION('',(0.,1.,0.));
#15108 = ORIENTED_EDGE('',*,*,#15109,.F.);
#15109 = EDGE_CURVE('',#15007,#15102,#15110,.T.);
#15110 = LINE('',#15111,#15112);
#15111 = CARTESIAN_POINT('',(1.59,21.91,-4.793943020331E-15));
#15112 = VECTOR('',#15113,1.);
#15113 = DIRECTION('',(0.,0.,1.));
#15114 = PLANE('',#15115);
#15115 = AXIS2_PLACEMENT_3D('',#15116,#15117,#15118);
#15116 = CARTESIAN_POINT('',(1.59,21.27,-4.793943020331E-15));
#15117 = DIRECTION('',(-1.,0.,0.));
#15118 = DIRECTION('',(0.,1.,0.));
#15119 = ADVANCED_FACE('',(#15120),#15145,.F.);
#15120 = FACE_BOUND('',#15121,.T.);
#15121 = EDGE_LOOP('',(#15122,#15130,#15131,#15139));
#15122 = ORIENTED_EDGE('',*,*,#15123,.F.);
#15123 = EDGE_CURVE('',#14977,#15124,#15126,.T.);
#15124 = VERTEX_POINT('',#15125);
#15125 = CARTESIAN_POINT('',(1.15,21.47,8.38));
#15126 = LINE('',#15127,#15128);
#15127 = CARTESIAN_POINT('',(1.123333333333,21.443333333333,
    8.353333333333));
#15128 = VECTOR('',#15129,1.);
#15129 = DIRECTION('',(0.57735026919,0.57735026919,0.57735026919));
#15130 = ORIENTED_EDGE('',*,*,#14984,.T.);
#15131 = ORIENTED_EDGE('',*,*,#15132,.T.);
#15132 = EDGE_CURVE('',#14985,#15133,#15135,.T.);
#15133 = VERTEX_POINT('',#15134);
#15134 = CARTESIAN_POINT('',(1.39,21.47,8.38));
#15135 = LINE('',#15136,#15137);
#15136 = CARTESIAN_POINT('',(1.416666666667,21.443333333333,
    8.353333333333));
#15137 = VECTOR('',#15138,1.);
#15138 = DIRECTION('',(-0.57735026919,0.57735026919,0.57735026919));
#15139 = ORIENTED_EDGE('',*,*,#15140,.F.);
#15140 = EDGE_CURVE('',#15124,#15133,#15141,.T.);
#15141 = LINE('',#15142,#15143);
#15142 = CARTESIAN_POINT('',(0.95,21.47,8.38));
#15143 = VECTOR('',#15144,1.);
#15144 = DIRECTION('',(1.,0.,0.));
#15145 = PLANE('',#15146);
#15146 = AXIS2_PLACEMENT_3D('',#15147,#15148,#15149);
#15147 = CARTESIAN_POINT('',(0.95,21.37,8.28));
#15148 = DIRECTION('',(0.,0.707106781187,-0.707106781187));
#15149 = DIRECTION('',(-1.,-0.,-0.));
#15150 = ADVANCED_FACE('',(#15151),#15169,.F.);
#15151 = FACE_BOUND('',#15152,.F.);
#15152 = EDGE_LOOP('',(#15153,#15154,#15162,#15168));
#15153 = ORIENTED_EDGE('',*,*,#15068,.F.);
#15154 = ORIENTED_EDGE('',*,*,#15155,.T.);
#15155 = EDGE_CURVE('',#15069,#15156,#15158,.T.);
#15156 = VERTEX_POINT('',#15157);
#15157 = CARTESIAN_POINT('',(0.95,21.91,8.18));
#15158 = LINE('',#15159,#15160);
#15159 = CARTESIAN_POINT('',(0.95,21.91,-4.793943020331E-15));
#15160 = VECTOR('',#15161,1.);
#15161 = DIRECTION('',(0.,0.,1.));
#15162 = ORIENTED_EDGE('',*,*,#15163,.T.);
#15163 = EDGE_CURVE('',#15156,#14977,#15164,.T.);
#15164 = LINE('',#15165,#15166);
#15165 = CARTESIAN_POINT('',(0.95,21.91,8.18));
#15166 = VECTOR('',#15167,1.);
#15167 = DIRECTION('',(0.,-1.,0.));
#15168 = ORIENTED_EDGE('',*,*,#14976,.F.);
#15169 = PLANE('',#15170);
#15170 = AXIS2_PLACEMENT_3D('',#15171,#15172,#15173);
#15171 = CARTESIAN_POINT('',(0.95,21.91,-4.793943020331E-15));
#15172 = DIRECTION('',(1.,0.,0.));
#15173 = DIRECTION('',(0.,-1.,0.));
#15174 = ADVANCED_FACE('',(#15175),#15191,.T.);
#15175 = FACE_BOUND('',#15176,.T.);
#15176 = EDGE_LOOP('',(#15177,#15183,#15184,#15190));
#15177 = ORIENTED_EDGE('',*,*,#15178,.F.);
#15178 = EDGE_CURVE('',#15007,#15069,#15179,.T.);
#15179 = LINE('',#15180,#15181);
#15180 = CARTESIAN_POINT('',(1.59,21.91,-4.793943020331E-15));
#15181 = VECTOR('',#15182,1.);
#15182 = DIRECTION('',(-1.,0.,0.));
#15183 = ORIENTED_EDGE('',*,*,#15023,.T.);
#15184 = ORIENTED_EDGE('',*,*,#15185,.T.);
#15185 = EDGE_CURVE('',#15016,#15077,#15186,.T.);
#15186 = LINE('',#15187,#15188);
#15187 = CARTESIAN_POINT('',(1.59,21.91,-2.34));
#15188 = VECTOR('',#15189,1.);
#15189 = DIRECTION('',(-1.,0.,0.));
#15190 = ORIENTED_EDGE('',*,*,#15076,.F.);
#15191 = PLANE('',#15192);
#15192 = AXIS2_PLACEMENT_3D('',#15193,#15194,#15195);
#15193 = CARTESIAN_POINT('',(1.59,21.91,-4.793943020331E-15));
#15194 = DIRECTION('',(0.,1.,0.));
#15195 = DIRECTION('',(-1.,0.,0.));
#15196 = ADVANCED_FACE('',(#15197),#15215,.F.);
#15197 = FACE_BOUND('',#15198,.F.);
#15198 = EDGE_LOOP('',(#15199,#15200,#15201,#15209));
#15199 = ORIENTED_EDGE('',*,*,#15046,.F.);
#15200 = ORIENTED_EDGE('',*,*,#15015,.T.);
#15201 = ORIENTED_EDGE('',*,*,#15202,.F.);
#15202 = EDGE_CURVE('',#15203,#15016,#15205,.T.);
#15203 = VERTEX_POINT('',#15204);
#15204 = CARTESIAN_POINT('',(1.39,21.71,-2.54));
#15205 = LINE('',#15206,#15207);
#15206 = CARTESIAN_POINT('',(1.416666666667,21.736666666667,
    -2.513333333333));
#15207 = VECTOR('',#15208,1.);
#15208 = DIRECTION('',(0.57735026919,0.57735026919,0.57735026919));
#15209 = ORIENTED_EDGE('',*,*,#15210,.F.);
#15210 = EDGE_CURVE('',#15047,#15203,#15211,.T.);
#15211 = LINE('',#15212,#15213);
#15212 = CARTESIAN_POINT('',(1.39,21.27,-2.54));
#15213 = VECTOR('',#15214,1.);
#15214 = DIRECTION('',(0.,1.,0.));
#15215 = PLANE('',#15216);
#15216 = AXIS2_PLACEMENT_3D('',#15217,#15218,#15219);
#15217 = CARTESIAN_POINT('',(1.49,21.27,-2.44));
#15218 = DIRECTION('',(-0.707106781187,0.,0.707106781187));
#15219 = DIRECTION('',(0.,1.,0.));
#15220 = ADVANCED_FACE('',(#15221),#15239,.F.);
#15221 = FACE_BOUND('',#15222,.F.);
#15222 = EDGE_LOOP('',(#15223,#15231,#15232,#15233));
#15223 = ORIENTED_EDGE('',*,*,#15224,.F.);
#15224 = EDGE_CURVE('',#15077,#15225,#15227,.T.);
#15225 = VERTEX_POINT('',#15226);
#15226 = CARTESIAN_POINT('',(1.15,21.71,-2.54));
#15227 = LINE('',#15228,#15229);
#15228 = CARTESIAN_POINT('',(1.123333333333,21.736666666667,
    -2.513333333333));
#15229 = VECTOR('',#15230,1.);
#15230 = DIRECTION('',(0.57735026919,-0.57735026919,-0.57735026919));
#15231 = ORIENTED_EDGE('',*,*,#15084,.T.);
#15232 = ORIENTED_EDGE('',*,*,#15037,.T.);
#15233 = ORIENTED_EDGE('',*,*,#15234,.F.);
#15234 = EDGE_CURVE('',#15225,#15038,#15235,.T.);
#15235 = LINE('',#15236,#15237);
#15236 = CARTESIAN_POINT('',(1.15,21.91,-2.54));
#15237 = VECTOR('',#15238,1.);
#15238 = DIRECTION('',(0.,-1.,0.));
#15239 = PLANE('',#15240);
#15240 = AXIS2_PLACEMENT_3D('',#15241,#15242,#15243);
#15241 = CARTESIAN_POINT('',(1.05,21.91,-2.44));
#15242 = DIRECTION('',(0.707106781187,0.,0.707106781187));
#15243 = DIRECTION('',(0.,-1.,0.));
#15244 = ADVANCED_FACE('',(#15245),#15256,.F.);
#15245 = FACE_BOUND('',#15246,.F.);
#15246 = EDGE_LOOP('',(#15247,#15248,#15249,#15250));
#15247 = ORIENTED_EDGE('',*,*,#15234,.T.);
#15248 = ORIENTED_EDGE('',*,*,#15054,.T.);
#15249 = ORIENTED_EDGE('',*,*,#15210,.T.);
#15250 = ORIENTED_EDGE('',*,*,#15251,.T.);
#15251 = EDGE_CURVE('',#15203,#15225,#15252,.T.);
#15252 = LINE('',#15253,#15254);
#15253 = CARTESIAN_POINT('',(1.59,21.71,-2.54));
#15254 = VECTOR('',#15255,1.);
#15255 = DIRECTION('',(-1.,0.,0.));
#15256 = PLANE('',#15257);
#15257 = AXIS2_PLACEMENT_3D('',#15258,#15259,#15260);
#15258 = CARTESIAN_POINT('',(1.27,21.59,-2.54));
#15259 = DIRECTION('',(0.,0.,1.));
#15260 = DIRECTION('',(1.,0.,0.));
#15261 = ADVANCED_FACE('',(#15262),#15273,.F.);
#15262 = FACE_BOUND('',#15263,.F.);
#15263 = EDGE_LOOP('',(#15264,#15265,#15266,#15272));
#15264 = ORIENTED_EDGE('',*,*,#15178,.F.);
#15265 = ORIENTED_EDGE('',*,*,#15109,.T.);
#15266 = ORIENTED_EDGE('',*,*,#15267,.T.);
#15267 = EDGE_CURVE('',#15102,#15156,#15268,.T.);
#15268 = LINE('',#15269,#15270);
#15269 = CARTESIAN_POINT('',(1.59,21.91,8.18));
#15270 = VECTOR('',#15271,1.);
#15271 = DIRECTION('',(-1.,0.,0.));
#15272 = ORIENTED_EDGE('',*,*,#15155,.F.);
#15273 = PLANE('',#15274);
#15274 = AXIS2_PLACEMENT_3D('',#15275,#15276,#15277);
#15275 = CARTESIAN_POINT('',(1.59,21.91,-4.793943020331E-15));
#15276 = DIRECTION('',(0.,-1.,0.));
#15277 = DIRECTION('',(-1.,0.,0.));
#15278 = ADVANCED_FACE('',(#15279),#15297,.F.);
#15279 = FACE_BOUND('',#15280,.T.);
#15280 = EDGE_LOOP('',(#15281,#15282,#15283,#15291));
#15281 = ORIENTED_EDGE('',*,*,#15132,.F.);
#15282 = ORIENTED_EDGE('',*,*,#15101,.T.);
#15283 = ORIENTED_EDGE('',*,*,#15284,.F.);
#15284 = EDGE_CURVE('',#15285,#15102,#15287,.T.);
#15285 = VERTEX_POINT('',#15286);
#15286 = CARTESIAN_POINT('',(1.39,21.71,8.38));
#15287 = LINE('',#15288,#15289);
#15288 = CARTESIAN_POINT('',(1.416666666667,21.736666666667,
    8.353333333333));
#15289 = VECTOR('',#15290,1.);
#15290 = DIRECTION('',(0.57735026919,0.57735026919,-0.57735026919));
#15291 = ORIENTED_EDGE('',*,*,#15292,.F.);
#15292 = EDGE_CURVE('',#15133,#15285,#15293,.T.);
#15293 = LINE('',#15294,#15295);
#15294 = CARTESIAN_POINT('',(1.39,21.27,8.38));
#15295 = VECTOR('',#15296,1.);
#15296 = DIRECTION('',(0.,1.,0.));
#15297 = PLANE('',#15298);
#15298 = AXIS2_PLACEMENT_3D('',#15299,#15300,#15301);
#15299 = CARTESIAN_POINT('',(1.49,21.27,8.28));
#15300 = DIRECTION('',(-0.707106781187,0.,-0.707106781187));
#15301 = DIRECTION('',(-0.,-1.,-0.));
#15302 = ADVANCED_FACE('',(#15303),#15321,.F.);
#15303 = FACE_BOUND('',#15304,.T.);
#15304 = EDGE_LOOP('',(#15305,#15313,#15314,#15315));
#15305 = ORIENTED_EDGE('',*,*,#15306,.T.);
#15306 = EDGE_CURVE('',#15307,#15156,#15309,.T.);
#15307 = VERTEX_POINT('',#15308);
#15308 = CARTESIAN_POINT('',(1.15,21.71,8.38));
#15309 = LINE('',#15310,#15311);
#15310 = CARTESIAN_POINT('',(1.123333333333,21.736666666667,
    8.353333333333));
#15311 = VECTOR('',#15312,1.);
#15312 = DIRECTION('',(-0.57735026919,0.57735026919,-0.57735026919));
#15313 = ORIENTED_EDGE('',*,*,#15163,.T.);
#15314 = ORIENTED_EDGE('',*,*,#15123,.T.);
#15315 = ORIENTED_EDGE('',*,*,#15316,.F.);
#15316 = EDGE_CURVE('',#15307,#15124,#15317,.T.);
#15317 = LINE('',#15318,#15319);
#15318 = CARTESIAN_POINT('',(1.15,21.91,8.38));
#15319 = VECTOR('',#15320,1.);
#15320 = DIRECTION('',(0.,-1.,0.));
#15321 = PLANE('',#15322);
#15322 = AXIS2_PLACEMENT_3D('',#15323,#15324,#15325);
#15323 = CARTESIAN_POINT('',(1.05,21.91,8.28));
#15324 = DIRECTION('',(0.707106781187,0.,-0.707106781187));
#15325 = DIRECTION('',(0.,1.,0.));
#15326 = ADVANCED_FACE('',(#15327),#15338,.T.);
#15327 = FACE_BOUND('',#15328,.T.);
#15328 = EDGE_LOOP('',(#15329,#15330,#15331,#15332));
#15329 = ORIENTED_EDGE('',*,*,#15316,.T.);
#15330 = ORIENTED_EDGE('',*,*,#15140,.T.);
#15331 = ORIENTED_EDGE('',*,*,#15292,.T.);
#15332 = ORIENTED_EDGE('',*,*,#15333,.T.);
#15333 = EDGE_CURVE('',#15285,#15307,#15334,.T.);
#15334 = LINE('',#15335,#15336);
#15335 = CARTESIAN_POINT('',(1.59,21.71,8.38));
#15336 = VECTOR('',#15337,1.);
#15337 = DIRECTION('',(-1.,0.,0.));
#15338 = PLANE('',#15339);
#15339 = AXIS2_PLACEMENT_3D('',#15340,#15341,#15342);
#15340 = CARTESIAN_POINT('',(1.27,21.59,8.38));
#15341 = DIRECTION('',(0.,0.,1.));
#15342 = DIRECTION('',(1.,0.,0.));
#15343 = ADVANCED_FACE('',(#15344),#15350,.F.);
#15344 = FACE_BOUND('',#15345,.T.);
#15345 = EDGE_LOOP('',(#15346,#15347,#15348,#15349));
#15346 = ORIENTED_EDGE('',*,*,#15202,.F.);
#15347 = ORIENTED_EDGE('',*,*,#15251,.T.);
#15348 = ORIENTED_EDGE('',*,*,#15224,.F.);
#15349 = ORIENTED_EDGE('',*,*,#15185,.F.);
#15350 = PLANE('',#15351);
#15351 = AXIS2_PLACEMENT_3D('',#15352,#15353,#15354);
#15352 = CARTESIAN_POINT('',(1.59,21.81,-2.44));
#15353 = DIRECTION('',(0.,-0.707106781187,0.707106781187));
#15354 = DIRECTION('',(1.,0.,0.));
#15355 = ADVANCED_FACE('',(#15356),#15362,.F.);
#15356 = FACE_BOUND('',#15357,.F.);
#15357 = EDGE_LOOP('',(#15358,#15359,#15360,#15361));
#15358 = ORIENTED_EDGE('',*,*,#15284,.F.);
#15359 = ORIENTED_EDGE('',*,*,#15333,.T.);
#15360 = ORIENTED_EDGE('',*,*,#15306,.T.);
#15361 = ORIENTED_EDGE('',*,*,#15267,.F.);
#15362 = PLANE('',#15363);
#15363 = AXIS2_PLACEMENT_3D('',#15364,#15365,#15366);
#15364 = CARTESIAN_POINT('',(1.59,21.81,8.28));
#15365 = DIRECTION('',(0.,-0.707106781187,-0.707106781187));
#15366 = DIRECTION('',(-1.,0.,0.));
#15367 = MANIFOLD_SOLID_BREP('',#15368);
#15368 = CLOSED_SHELL('',(#15369,#15409,#15440,#15471,#15502,#15533,
    #15555,#15579,#15603,#15627,#15644,#15675,#15699,#15711,#15728,
    #15752,#15776,#15793));
#15369 = ADVANCED_FACE('',(#15370),#15404,.T.);
#15370 = FACE_BOUND('',#15371,.T.);
#15371 = EDGE_LOOP('',(#15372,#15382,#15390,#15398));
#15372 = ORIENTED_EDGE('',*,*,#15373,.T.);
#15373 = EDGE_CURVE('',#15374,#15376,#15378,.T.);
#15374 = VERTEX_POINT('',#15375);
#15375 = CARTESIAN_POINT('',(-1.59,-21.91,0.));
#15376 = VERTEX_POINT('',#15377);
#15377 = CARTESIAN_POINT('',(-1.59,-21.91,-2.34));
#15378 = LINE('',#15379,#15380);
#15379 = CARTESIAN_POINT('',(-1.59,-21.91,0.));
#15380 = VECTOR('',#15381,1.);
#15381 = DIRECTION('',(-0.,-0.,-1.));
#15382 = ORIENTED_EDGE('',*,*,#15383,.T.);
#15383 = EDGE_CURVE('',#15376,#15384,#15386,.T.);
#15384 = VERTEX_POINT('',#15385);
#15385 = CARTESIAN_POINT('',(-0.95,-21.91,-2.34));
#15386 = LINE('',#15387,#15388);
#15387 = CARTESIAN_POINT('',(-1.59,-21.91,-2.34));
#15388 = VECTOR('',#15389,1.);
#15389 = DIRECTION('',(1.,0.,0.));
#15390 = ORIENTED_EDGE('',*,*,#15391,.F.);
#15391 = EDGE_CURVE('',#15392,#15384,#15394,.T.);
#15392 = VERTEX_POINT('',#15393);
#15393 = CARTESIAN_POINT('',(-0.95,-21.91,0.));
#15394 = LINE('',#15395,#15396);
#15395 = CARTESIAN_POINT('',(-0.95,-21.91,0.));
#15396 = VECTOR('',#15397,1.);
#15397 = DIRECTION('',(-0.,-0.,-1.));
#15398 = ORIENTED_EDGE('',*,*,#15399,.F.);
#15399 = EDGE_CURVE('',#15374,#15392,#15400,.T.);
#15400 = LINE('',#15401,#15402);
#15401 = CARTESIAN_POINT('',(-1.59,-21.91,0.));
#15402 = VECTOR('',#15403,1.);
#15403 = DIRECTION('',(1.,0.,0.));
#15404 = PLANE('',#15405);
#15405 = AXIS2_PLACEMENT_3D('',#15406,#15407,#15408);
#15406 = CARTESIAN_POINT('',(-1.59,-21.91,0.));
#15407 = DIRECTION('',(0.,-1.,0.));
#15408 = DIRECTION('',(1.,0.,0.));
#15409 = ADVANCED_FACE('',(#15410),#15435,.T.);
#15410 = FACE_BOUND('',#15411,.T.);
#15411 = EDGE_LOOP('',(#15412,#15422,#15428,#15429));
#15412 = ORIENTED_EDGE('',*,*,#15413,.T.);
#15413 = EDGE_CURVE('',#15414,#15416,#15418,.T.);
#15414 = VERTEX_POINT('',#15415);
#15415 = CARTESIAN_POINT('',(-1.59,-21.27,0.));
#15416 = VERTEX_POINT('',#15417);
#15417 = CARTESIAN_POINT('',(-1.59,-21.27,-2.34));
#15418 = LINE('',#15419,#15420);
#15419 = CARTESIAN_POINT('',(-1.59,-21.27,0.));
#15420 = VECTOR('',#15421,1.);
#15421 = DIRECTION('',(-0.,-0.,-1.));
#15422 = ORIENTED_EDGE('',*,*,#15423,.T.);
#15423 = EDGE_CURVE('',#15416,#15376,#15424,.T.);
#15424 = LINE('',#15425,#15426);
#15425 = CARTESIAN_POINT('',(-1.59,-21.27,-2.34));
#15426 = VECTOR('',#15427,1.);
#15427 = DIRECTION('',(0.,-1.,0.));
#15428 = ORIENTED_EDGE('',*,*,#15373,.F.);
#15429 = ORIENTED_EDGE('',*,*,#15430,.F.);
#15430 = EDGE_CURVE('',#15414,#15374,#15431,.T.);
#15431 = LINE('',#15432,#15433);
#15432 = CARTESIAN_POINT('',(-1.59,-21.27,0.));
#15433 = VECTOR('',#15434,1.);
#15434 = DIRECTION('',(0.,-1.,0.));
#15435 = PLANE('',#15436);
#15436 = AXIS2_PLACEMENT_3D('',#15437,#15438,#15439);
#15437 = CARTESIAN_POINT('',(-1.59,-21.27,0.));
#15438 = DIRECTION('',(-1.,0.,0.));
#15439 = DIRECTION('',(0.,-1.,0.));
#15440 = ADVANCED_FACE('',(#15441),#15466,.F.);
#15441 = FACE_BOUND('',#15442,.F.);
#15442 = EDGE_LOOP('',(#15443,#15451,#15452,#15460));
#15443 = ORIENTED_EDGE('',*,*,#15444,.F.);
#15444 = EDGE_CURVE('',#15376,#15445,#15447,.T.);
#15445 = VERTEX_POINT('',#15446);
#15446 = CARTESIAN_POINT('',(-1.39,-21.71,-2.54));
#15447 = LINE('',#15448,#15449);
#15448 = CARTESIAN_POINT('',(-1.416666666667,-21.73666666666,
    -2.513333333333));
#15449 = VECTOR('',#15450,1.);
#15450 = DIRECTION('',(0.57735026919,0.57735026919,-0.57735026919));
#15451 = ORIENTED_EDGE('',*,*,#15383,.T.);
#15452 = ORIENTED_EDGE('',*,*,#15453,.T.);
#15453 = EDGE_CURVE('',#15384,#15454,#15456,.T.);
#15454 = VERTEX_POINT('',#15455);
#15455 = CARTESIAN_POINT('',(-1.15,-21.71,-2.54));
#15456 = LINE('',#15457,#15458);
#15457 = CARTESIAN_POINT('',(-1.123333333333,-21.73666666666,
    -2.513333333333));
#15458 = VECTOR('',#15459,1.);
#15459 = DIRECTION('',(-0.57735026919,0.57735026919,-0.57735026919));
#15460 = ORIENTED_EDGE('',*,*,#15461,.F.);
#15461 = EDGE_CURVE('',#15445,#15454,#15462,.T.);
#15462 = LINE('',#15463,#15464);
#15463 = CARTESIAN_POINT('',(-1.59,-21.71,-2.54));
#15464 = VECTOR('',#15465,1.);
#15465 = DIRECTION('',(1.,0.,0.));
#15466 = PLANE('',#15467);
#15467 = AXIS2_PLACEMENT_3D('',#15468,#15469,#15470);
#15468 = CARTESIAN_POINT('',(-1.59,-21.81,-2.44));
#15469 = DIRECTION('',(0.,0.707106781187,0.707106781187));
#15470 = DIRECTION('',(1.,0.,0.));
#15471 = ADVANCED_FACE('',(#15472),#15497,.F.);
#15472 = FACE_BOUND('',#15473,.F.);
#15473 = EDGE_LOOP('',(#15474,#15482,#15490,#15496));
#15474 = ORIENTED_EDGE('',*,*,#15475,.T.);
#15475 = EDGE_CURVE('',#15374,#15476,#15478,.T.);
#15476 = VERTEX_POINT('',#15477);
#15477 = CARTESIAN_POINT('',(-1.59,-21.91,8.18));
#15478 = LINE('',#15479,#15480);
#15479 = CARTESIAN_POINT('',(-1.59,-21.91,0.));
#15480 = VECTOR('',#15481,1.);
#15481 = DIRECTION('',(0.,0.,1.));
#15482 = ORIENTED_EDGE('',*,*,#15483,.T.);
#15483 = EDGE_CURVE('',#15476,#15484,#15486,.T.);
#15484 = VERTEX_POINT('',#15485);
#15485 = CARTESIAN_POINT('',(-0.95,-21.91,8.18));
#15486 = LINE('',#15487,#15488);
#15487 = CARTESIAN_POINT('',(-1.59,-21.91,8.18));
#15488 = VECTOR('',#15489,1.);
#15489 = DIRECTION('',(1.,0.,0.));
#15490 = ORIENTED_EDGE('',*,*,#15491,.F.);
#15491 = EDGE_CURVE('',#15392,#15484,#15492,.T.);
#15492 = LINE('',#15493,#15494);
#15493 = CARTESIAN_POINT('',(-0.95,-21.91,0.));
#15494 = VECTOR('',#15495,1.);
#15495 = DIRECTION('',(0.,0.,1.));
#15496 = ORIENTED_EDGE('',*,*,#15399,.F.);
#15497 = PLANE('',#15498);
#15498 = AXIS2_PLACEMENT_3D('',#15499,#15500,#15501);
#15499 = CARTESIAN_POINT('',(-1.59,-21.91,0.));
#15500 = DIRECTION('',(0.,1.,0.));
#15501 = DIRECTION('',(1.,0.,0.));
#15502 = ADVANCED_FACE('',(#15503),#15528,.T.);
#15503 = FACE_BOUND('',#15504,.T.);
#15504 = EDGE_LOOP('',(#15505,#15506,#15514,#15522));
#15505 = ORIENTED_EDGE('',*,*,#15391,.T.);
#15506 = ORIENTED_EDGE('',*,*,#15507,.T.);
#15507 = EDGE_CURVE('',#15384,#15508,#15510,.T.);
#15508 = VERTEX_POINT('',#15509);
#15509 = CARTESIAN_POINT('',(-0.95,-21.27,-2.34));
#15510 = LINE('',#15511,#15512);
#15511 = CARTESIAN_POINT('',(-0.95,-21.91,-2.34));
#15512 = VECTOR('',#15513,1.);
#15513 = DIRECTION('',(0.,1.,0.));
#15514 = ORIENTED_EDGE('',*,*,#15515,.F.);
#15515 = EDGE_CURVE('',#15516,#15508,#15518,.T.);
#15516 = VERTEX_POINT('',#15517);
#15517 = CARTESIAN_POINT('',(-0.95,-21.27,0.));
#15518 = LINE('',#15519,#15520);
#15519 = CARTESIAN_POINT('',(-0.95,-21.27,0.));
#15520 = VECTOR('',#15521,1.);
#15521 = DIRECTION('',(-0.,-0.,-1.));
#15522 = ORIENTED_EDGE('',*,*,#15523,.F.);
#15523 = EDGE_CURVE('',#15392,#15516,#15524,.T.);
#15524 = LINE('',#15525,#15526);
#15525 = CARTESIAN_POINT('',(-0.95,-21.91,0.));
#15526 = VECTOR('',#15527,1.);
#15527 = DIRECTION('',(0.,1.,0.));
#15528 = PLANE('',#15529);
#15529 = AXIS2_PLACEMENT_3D('',#15530,#15531,#15532);
#15530 = CARTESIAN_POINT('',(-0.95,-21.91,0.));
#15531 = DIRECTION('',(1.,0.,0.));
#15532 = DIRECTION('',(0.,1.,0.));
#15533 = ADVANCED_FACE('',(#15534),#15550,.T.);
#15534 = FACE_BOUND('',#15535,.T.);
#15535 = EDGE_LOOP('',(#15536,#15537,#15543,#15544));
#15536 = ORIENTED_EDGE('',*,*,#15515,.T.);
#15537 = ORIENTED_EDGE('',*,*,#15538,.T.);
#15538 = EDGE_CURVE('',#15508,#15416,#15539,.T.);
#15539 = LINE('',#15540,#15541);
#15540 = CARTESIAN_POINT('',(-0.95,-21.27,-2.34));
#15541 = VECTOR('',#15542,1.);
#15542 = DIRECTION('',(-1.,0.,0.));
#15543 = ORIENTED_EDGE('',*,*,#15413,.F.);
#15544 = ORIENTED_EDGE('',*,*,#15545,.F.);
#15545 = EDGE_CURVE('',#15516,#15414,#15546,.T.);
#15546 = LINE('',#15547,#15548);
#15547 = CARTESIAN_POINT('',(-0.95,-21.27,0.));
#15548 = VECTOR('',#15549,1.);
#15549 = DIRECTION('',(-1.,0.,0.));
#15550 = PLANE('',#15551);
#15551 = AXIS2_PLACEMENT_3D('',#15552,#15553,#15554);
#15552 = CARTESIAN_POINT('',(-0.95,-21.27,0.));
#15553 = DIRECTION('',(0.,1.,0.));
#15554 = DIRECTION('',(-1.,0.,0.));
#15555 = ADVANCED_FACE('',(#15556),#15574,.F.);
#15556 = FACE_BOUND('',#15557,.F.);
#15557 = EDGE_LOOP('',(#15558,#15566,#15567,#15568));
#15558 = ORIENTED_EDGE('',*,*,#15559,.F.);
#15559 = EDGE_CURVE('',#15416,#15560,#15562,.T.);
#15560 = VERTEX_POINT('',#15561);
#15561 = CARTESIAN_POINT('',(-1.39,-21.47,-2.54));
#15562 = LINE('',#15563,#15564);
#15563 = CARTESIAN_POINT('',(-1.416666666667,-21.44333333333,
    -2.513333333333));
#15564 = VECTOR('',#15565,1.);
#15565 = DIRECTION('',(0.57735026919,-0.57735026919,-0.57735026919));
#15566 = ORIENTED_EDGE('',*,*,#15423,.T.);
#15567 = ORIENTED_EDGE('',*,*,#15444,.T.);
#15568 = ORIENTED_EDGE('',*,*,#15569,.F.);
#15569 = EDGE_CURVE('',#15560,#15445,#15570,.T.);
#15570 = LINE('',#15571,#15572);
#15571 = CARTESIAN_POINT('',(-1.39,-21.27,-2.54));
#15572 = VECTOR('',#15573,1.);
#15573 = DIRECTION('',(0.,-1.,0.));
#15574 = PLANE('',#15575);
#15575 = AXIS2_PLACEMENT_3D('',#15576,#15577,#15578);
#15576 = CARTESIAN_POINT('',(-1.49,-21.27,-2.44));
#15577 = DIRECTION('',(0.707106781187,0.,0.707106781187));
#15578 = DIRECTION('',(0.,-1.,0.));
#15579 = ADVANCED_FACE('',(#15580),#15598,.F.);
#15580 = FACE_BOUND('',#15581,.F.);
#15581 = EDGE_LOOP('',(#15582,#15590,#15596,#15597));
#15582 = ORIENTED_EDGE('',*,*,#15583,.T.);
#15583 = EDGE_CURVE('',#15414,#15584,#15586,.T.);
#15584 = VERTEX_POINT('',#15585);
#15585 = CARTESIAN_POINT('',(-1.59,-21.27,8.18));
#15586 = LINE('',#15587,#15588);
#15587 = CARTESIAN_POINT('',(-1.59,-21.27,0.));
#15588 = VECTOR('',#15589,1.);
#15589 = DIRECTION('',(0.,0.,1.));
#15590 = ORIENTED_EDGE('',*,*,#15591,.T.);
#15591 = EDGE_CURVE('',#15584,#15476,#15592,.T.);
#15592 = LINE('',#15593,#15594);
#15593 = CARTESIAN_POINT('',(-1.59,-21.27,8.18));
#15594 = VECTOR('',#15595,1.);
#15595 = DIRECTION('',(0.,-1.,0.));
#15596 = ORIENTED_EDGE('',*,*,#15475,.F.);
#15597 = ORIENTED_EDGE('',*,*,#15430,.F.);
#15598 = PLANE('',#15599);
#15599 = AXIS2_PLACEMENT_3D('',#15600,#15601,#15602);
#15600 = CARTESIAN_POINT('',(-1.59,-21.27,0.));
#15601 = DIRECTION('',(1.,0.,0.));
#15602 = DIRECTION('',(0.,-1.,0.));
#15603 = ADVANCED_FACE('',(#15604),#15622,.F.);
#15604 = FACE_BOUND('',#15605,.F.);
#15605 = EDGE_LOOP('',(#15606,#15607,#15608,#15616));
#15606 = ORIENTED_EDGE('',*,*,#15569,.T.);
#15607 = ORIENTED_EDGE('',*,*,#15461,.T.);
#15608 = ORIENTED_EDGE('',*,*,#15609,.T.);
#15609 = EDGE_CURVE('',#15454,#15610,#15612,.T.);
#15610 = VERTEX_POINT('',#15611);
#15611 = CARTESIAN_POINT('',(-1.15,-21.47,-2.54));
#15612 = LINE('',#15613,#15614);
#15613 = CARTESIAN_POINT('',(-1.15,-21.91,-2.54));
#15614 = VECTOR('',#15615,1.);
#15615 = DIRECTION('',(0.,1.,0.));
#15616 = ORIENTED_EDGE('',*,*,#15617,.T.);
#15617 = EDGE_CURVE('',#15610,#15560,#15618,.T.);
#15618 = LINE('',#15619,#15620);
#15619 = CARTESIAN_POINT('',(-0.95,-21.47,-2.54));
#15620 = VECTOR('',#15621,1.);
#15621 = DIRECTION('',(-1.,0.,0.));
#15622 = PLANE('',#15623);
#15623 = AXIS2_PLACEMENT_3D('',#15624,#15625,#15626);
#15624 = CARTESIAN_POINT('',(-1.27,-21.59,-2.54));
#15625 = DIRECTION('',(0.,0.,1.));
#15626 = DIRECTION('',(1.,0.,0.));
#15627 = ADVANCED_FACE('',(#15628),#15639,.F.);
#15628 = FACE_BOUND('',#15629,.F.);
#15629 = EDGE_LOOP('',(#15630,#15631,#15632,#15638));
#15630 = ORIENTED_EDGE('',*,*,#15453,.F.);
#15631 = ORIENTED_EDGE('',*,*,#15507,.T.);
#15632 = ORIENTED_EDGE('',*,*,#15633,.F.);
#15633 = EDGE_CURVE('',#15610,#15508,#15634,.T.);
#15634 = LINE('',#15635,#15636);
#15635 = CARTESIAN_POINT('',(-1.123333333333,-21.44333333333,
    -2.513333333333));
#15636 = VECTOR('',#15637,1.);
#15637 = DIRECTION('',(0.57735026919,0.57735026919,0.57735026919));
#15638 = ORIENTED_EDGE('',*,*,#15609,.F.);
#15639 = PLANE('',#15640);
#15640 = AXIS2_PLACEMENT_3D('',#15641,#15642,#15643);
#15641 = CARTESIAN_POINT('',(-1.05,-21.91,-2.44));
#15642 = DIRECTION('',(-0.707106781187,0.,0.707106781187));
#15643 = DIRECTION('',(0.,1.,0.));
#15644 = ADVANCED_FACE('',(#15645),#15670,.F.);
#15645 = FACE_BOUND('',#15646,.T.);
#15646 = EDGE_LOOP('',(#15647,#15655,#15656,#15664));
#15647 = ORIENTED_EDGE('',*,*,#15648,.F.);
#15648 = EDGE_CURVE('',#15476,#15649,#15651,.T.);
#15649 = VERTEX_POINT('',#15650);
#15650 = CARTESIAN_POINT('',(-1.39,-21.71,8.38));
#15651 = LINE('',#15652,#15653);
#15652 = CARTESIAN_POINT('',(-1.416666666667,-21.73666666666,
    8.353333333333));
#15653 = VECTOR('',#15654,1.);
#15654 = DIRECTION('',(0.57735026919,0.57735026919,0.57735026919));
#15655 = ORIENTED_EDGE('',*,*,#15483,.T.);
#15656 = ORIENTED_EDGE('',*,*,#15657,.T.);
#15657 = EDGE_CURVE('',#15484,#15658,#15660,.T.);
#15658 = VERTEX_POINT('',#15659);
#15659 = CARTESIAN_POINT('',(-1.15,-21.71,8.38));
#15660 = LINE('',#15661,#15662);
#15661 = CARTESIAN_POINT('',(-1.123333333333,-21.73666666666,
    8.353333333333));
#15662 = VECTOR('',#15663,1.);
#15663 = DIRECTION('',(-0.57735026919,0.57735026919,0.57735026919));
#15664 = ORIENTED_EDGE('',*,*,#15665,.F.);
#15665 = EDGE_CURVE('',#15649,#15658,#15666,.T.);
#15666 = LINE('',#15667,#15668);
#15667 = CARTESIAN_POINT('',(-1.59,-21.71,8.38));
#15668 = VECTOR('',#15669,1.);
#15669 = DIRECTION('',(1.,0.,0.));
#15670 = PLANE('',#15671);
#15671 = AXIS2_PLACEMENT_3D('',#15672,#15673,#15674);
#15672 = CARTESIAN_POINT('',(-1.59,-21.81,8.28));
#15673 = DIRECTION('',(0.,0.707106781187,-0.707106781187));
#15674 = DIRECTION('',(-1.,-0.,-0.));
#15675 = ADVANCED_FACE('',(#15676),#15694,.F.);
#15676 = FACE_BOUND('',#15677,.F.);
#15677 = EDGE_LOOP('',(#15678,#15679,#15687,#15693));
#15678 = ORIENTED_EDGE('',*,*,#15491,.T.);
#15679 = ORIENTED_EDGE('',*,*,#15680,.T.);
#15680 = EDGE_CURVE('',#15484,#15681,#15683,.T.);
#15681 = VERTEX_POINT('',#15682);
#15682 = CARTESIAN_POINT('',(-0.95,-21.27,8.18));
#15683 = LINE('',#15684,#15685);
#15684 = CARTESIAN_POINT('',(-0.95,-21.91,8.18));
#15685 = VECTOR('',#15686,1.);
#15686 = DIRECTION('',(0.,1.,0.));
#15687 = ORIENTED_EDGE('',*,*,#15688,.F.);
#15688 = EDGE_CURVE('',#15516,#15681,#15689,.T.);
#15689 = LINE('',#15690,#15691);
#15690 = CARTESIAN_POINT('',(-0.95,-21.27,0.));
#15691 = VECTOR('',#15692,1.);
#15692 = DIRECTION('',(0.,0.,1.));
#15693 = ORIENTED_EDGE('',*,*,#15523,.F.);
#15694 = PLANE('',#15695);
#15695 = AXIS2_PLACEMENT_3D('',#15696,#15697,#15698);
#15696 = CARTESIAN_POINT('',(-0.95,-21.91,0.));
#15697 = DIRECTION('',(-1.,0.,0.));
#15698 = DIRECTION('',(0.,1.,0.));
#15699 = ADVANCED_FACE('',(#15700),#15706,.F.);
#15700 = FACE_BOUND('',#15701,.T.);
#15701 = EDGE_LOOP('',(#15702,#15703,#15704,#15705));
#15702 = ORIENTED_EDGE('',*,*,#15633,.F.);
#15703 = ORIENTED_EDGE('',*,*,#15617,.T.);
#15704 = ORIENTED_EDGE('',*,*,#15559,.F.);
#15705 = ORIENTED_EDGE('',*,*,#15538,.F.);
#15706 = PLANE('',#15707);
#15707 = AXIS2_PLACEMENT_3D('',#15708,#15709,#15710);
#15708 = CARTESIAN_POINT('',(-0.95,-21.37,-2.44));
#15709 = DIRECTION('',(0.,-0.707106781187,0.707106781187));
#15710 = DIRECTION('',(1.,0.,0.));
#15711 = ADVANCED_FACE('',(#15712),#15723,.F.);
#15712 = FACE_BOUND('',#15713,.F.);
#15713 = EDGE_LOOP('',(#15714,#15715,#15721,#15722));
#15714 = ORIENTED_EDGE('',*,*,#15688,.T.);
#15715 = ORIENTED_EDGE('',*,*,#15716,.T.);
#15716 = EDGE_CURVE('',#15681,#15584,#15717,.T.);
#15717 = LINE('',#15718,#15719);
#15718 = CARTESIAN_POINT('',(-0.95,-21.27,8.18));
#15719 = VECTOR('',#15720,1.);
#15720 = DIRECTION('',(-1.,0.,0.));
#15721 = ORIENTED_EDGE('',*,*,#15583,.F.);
#15722 = ORIENTED_EDGE('',*,*,#15545,.F.);
#15723 = PLANE('',#15724);
#15724 = AXIS2_PLACEMENT_3D('',#15725,#15726,#15727);
#15725 = CARTESIAN_POINT('',(-0.95,-21.27,0.));
#15726 = DIRECTION('',(0.,-1.,0.));
#15727 = DIRECTION('',(-1.,0.,0.));
#15728 = ADVANCED_FACE('',(#15729),#15747,.F.);
#15729 = FACE_BOUND('',#15730,.T.);
#15730 = EDGE_LOOP('',(#15731,#15739,#15740,#15741));
#15731 = ORIENTED_EDGE('',*,*,#15732,.T.);
#15732 = EDGE_CURVE('',#15733,#15584,#15735,.T.);
#15733 = VERTEX_POINT('',#15734);
#15734 = CARTESIAN_POINT('',(-1.39,-21.47,8.38));
#15735 = LINE('',#15736,#15737);
#15736 = CARTESIAN_POINT('',(-1.416666666667,-21.44333333333,
    8.353333333333));
#15737 = VECTOR('',#15738,1.);
#15738 = DIRECTION('',(-0.57735026919,0.57735026919,-0.57735026919));
#15739 = ORIENTED_EDGE('',*,*,#15591,.T.);
#15740 = ORIENTED_EDGE('',*,*,#15648,.T.);
#15741 = ORIENTED_EDGE('',*,*,#15742,.F.);
#15742 = EDGE_CURVE('',#15733,#15649,#15743,.T.);
#15743 = LINE('',#15744,#15745);
#15744 = CARTESIAN_POINT('',(-1.39,-21.27,8.38));
#15745 = VECTOR('',#15746,1.);
#15746 = DIRECTION('',(0.,-1.,0.));
#15747 = PLANE('',#15748);
#15748 = AXIS2_PLACEMENT_3D('',#15749,#15750,#15751);
#15749 = CARTESIAN_POINT('',(-1.49,-21.27,8.28));
#15750 = DIRECTION('',(0.707106781187,0.,-0.707106781187));
#15751 = DIRECTION('',(0.,1.,0.));
#15752 = ADVANCED_FACE('',(#15753),#15771,.T.);
#15753 = FACE_BOUND('',#15754,.T.);
#15754 = EDGE_LOOP('',(#15755,#15763,#15764,#15765));
#15755 = ORIENTED_EDGE('',*,*,#15756,.T.);
#15756 = EDGE_CURVE('',#15757,#15733,#15759,.T.);
#15757 = VERTEX_POINT('',#15758);
#15758 = CARTESIAN_POINT('',(-1.15,-21.47,8.38));
#15759 = LINE('',#15760,#15761);
#15760 = CARTESIAN_POINT('',(-0.95,-21.47,8.38));
#15761 = VECTOR('',#15762,1.);
#15762 = DIRECTION('',(-1.,0.,0.));
#15763 = ORIENTED_EDGE('',*,*,#15742,.T.);
#15764 = ORIENTED_EDGE('',*,*,#15665,.T.);
#15765 = ORIENTED_EDGE('',*,*,#15766,.T.);
#15766 = EDGE_CURVE('',#15658,#15757,#15767,.T.);
#15767 = LINE('',#15768,#15769);
#15768 = CARTESIAN_POINT('',(-1.15,-21.91,8.38));
#15769 = VECTOR('',#15770,1.);
#15770 = DIRECTION('',(0.,1.,0.));
#15771 = PLANE('',#15772);
#15772 = AXIS2_PLACEMENT_3D('',#15773,#15774,#15775);
#15773 = CARTESIAN_POINT('',(-1.27,-21.59,8.38));
#15774 = DIRECTION('',(0.,0.,1.));
#15775 = DIRECTION('',(1.,0.,0.));
#15776 = ADVANCED_FACE('',(#15777),#15788,.F.);
#15777 = FACE_BOUND('',#15778,.T.);
#15778 = EDGE_LOOP('',(#15779,#15780,#15781,#15787));
#15779 = ORIENTED_EDGE('',*,*,#15657,.F.);
#15780 = ORIENTED_EDGE('',*,*,#15680,.T.);
#15781 = ORIENTED_EDGE('',*,*,#15782,.F.);
#15782 = EDGE_CURVE('',#15757,#15681,#15783,.T.);
#15783 = LINE('',#15784,#15785);
#15784 = CARTESIAN_POINT('',(-1.123333333333,-21.44333333333,
    8.353333333333));
#15785 = VECTOR('',#15786,1.);
#15786 = DIRECTION('',(0.57735026919,0.57735026919,-0.57735026919));
#15787 = ORIENTED_EDGE('',*,*,#15766,.F.);
#15788 = PLANE('',#15789);
#15789 = AXIS2_PLACEMENT_3D('',#15790,#15791,#15792);
#15790 = CARTESIAN_POINT('',(-1.05,-21.91,8.28));
#15791 = DIRECTION('',(-0.707106781187,0.,-0.707106781187));
#15792 = DIRECTION('',(-0.,-1.,-0.));
#15793 = ADVANCED_FACE('',(#15794),#15800,.F.);
#15794 = FACE_BOUND('',#15795,.F.);
#15795 = EDGE_LOOP('',(#15796,#15797,#15798,#15799));
#15796 = ORIENTED_EDGE('',*,*,#15782,.F.);
#15797 = ORIENTED_EDGE('',*,*,#15756,.T.);
#15798 = ORIENTED_EDGE('',*,*,#15732,.T.);
#15799 = ORIENTED_EDGE('',*,*,#15716,.F.);
#15800 = PLANE('',#15801);
#15801 = AXIS2_PLACEMENT_3D('',#15802,#15803,#15804);
#15802 = CARTESIAN_POINT('',(-0.95,-21.37,8.28));
#15803 = DIRECTION('',(0.,-0.707106781187,-0.707106781187));
#15804 = DIRECTION('',(-1.,0.,0.));
#15805 = ( GEOMETRIC_REPRESENTATION_CONTEXT(3) 
GLOBAL_UNCERTAINTY_ASSIGNED_CONTEXT((#15809)) 
GLOBAL_UNIT_ASSIGNED_CONTEXT((#15806,#15807,#15808)) 
REPRESENTATION_CONTEXT('Context #1',
  '3D Context with UNIT and UNCERTAINTY') );
#15806 = ( LENGTH_UNIT() NAMED_UNIT(*) SI_UNIT(.MILLI.,.METRE.) );
#15807 = ( NAMED_UNIT(*) PLANE_ANGLE_UNIT() SI_UNIT($,.RADIAN.) );
#15808 = ( NAMED_UNIT(*) SI_UNIT($,.STERADIAN.) SOLID_ANGLE_UNIT() );
#15809 = UNCERTAINTY_MEASURE_WITH_UNIT(LENGTH_MEASURE(1.E-07),#15806,
  'distance_accuracy_value','confusion accuracy');
#15810 = CONTEXT_DEPENDENT_SHAPE_REPRESENTATION(#15811,#15813);
#15811 = ( REPRESENTATION_RELATIONSHIP('','',#36,#10) 
REPRESENTATION_RELATIONSHIP_WITH_TRANSFORMATION(#15812) 
SHAPE_REPRESENTATION_RELATIONSHIP() );
#15812 = ITEM_DEFINED_TRANSFORMATION('','',#11,#15);
#15813 = PRODUCT_DEFINITION_SHAPE('Placement','Placement of an item',
  #15814);
#15814 = NEXT_ASSEMBLY_USAGE_OCCURRENCE('1','Contacts','',#5,#31,$);
#15815 = PRODUCT_RELATED_PRODUCT_CATEGORY('part',$,(#33));
#15816 = SHAPE_DEFINITION_REPRESENTATION(#15817,#15823);
#15817 = PRODUCT_DEFINITION_SHAPE('','',#15818);
#15818 = PRODUCT_DEFINITION('design','',#15819,#15822);
#15819 = PRODUCT_DEFINITION_FORMATION('','',#15820);
#15820 = PRODUCT('PlasticWithMiddleHoles','PlasticWithMiddleHoles','',(
    #15821));
#15821 = PRODUCT_CONTEXT('',#2,'mechanical');
#15822 = PRODUCT_DEFINITION_CONTEXT('part definition',#2,'design');
#15823 = ADVANCED_BREP_SHAPE_REPRESENTATION('',(#11,#15824),#21784);
#15824 = MANIFOLD_SOLID_BREP('',#15825);
#15825 = CLOSED_SHELL('',(#15826,#15866,#15897,#15928,#17371,#18814,
    #18831,#18848,#18870,#18887,#18904,#18921,#18938,#18955,#18972,
    #18989,#19006,#19023,#19040,#19057,#19074,#19091,#19108,#19125,
    #19142,#19159,#19176,#19193,#19210,#19227,#19244,#19261,#19278,
    #19295,#19312,#19329,#19346,#19363,#19380,#19397,#19414,#19431,
    #19448,#19465,#19482,#19499,#19516,#19533,#19550,#19567,#19584,
    #19601,#19618,#19635,#19652,#19669,#19686,#19703,#19720,#19737,
    #19754,#19771,#19788,#19805,#19822,#19839,#19856,#19873,#19890,
    #19907,#19924,#19941,#19958,#19975,#19992,#20009,#20026,#20043,
    #20060,#20077,#20094,#20111,#20128,#20145,#20162,#20179,#20196,
    #20213,#20230,#20247,#20264,#20281,#20298,#20315,#20332,#20349,
    #20366,#20383,#20400,#20417,#20434,#20451,#20468,#20485,#20502,
    #20519,#20531,#20548,#20565,#20582,#20599,#20616,#20628,#20650,
    #20667,#20684,#20696,#20718,#20735,#20752,#20764,#20786,#20803,
    #20820,#20832,#20854,#20871,#20888,#20900,#20922,#20939,#20956,
    #20968,#20990,#21007,#21024,#21036,#21058,#21075,#21092,#21104,
    #21126,#21143,#21160,#21172,#21194,#21211,#21228,#21240,#21262,
    #21279,#21296,#21308,#21330,#21347,#21364,#21376,#21398,#21415,
    #21432,#21444,#21466,#21483,#21500,#21512,#21534,#21551,#21568,
    #21580,#21602,#21619,#21636,#21648,#21670,#21687,#21704,#21716,
    #21738,#21755,#21772));
#15826 = ADVANCED_FACE('',(#15827),#15861,.F.);
#15827 = FACE_BOUND('',#15828,.F.);
#15828 = EDGE_LOOP('',(#15829,#15839,#15847,#15855));
#15829 = ORIENTED_EDGE('',*,*,#15830,.T.);
#15830 = EDGE_CURVE('',#15831,#15833,#15835,.T.);
#15831 = VERTEX_POINT('',#15832);
#15832 = CARTESIAN_POINT('',(2.14,22.86,0.));
#15833 = VERTEX_POINT('',#15834);
#15834 = CARTESIAN_POINT('',(2.14,22.86,2.54));
#15835 = LINE('',#15836,#15837);
#15836 = CARTESIAN_POINT('',(2.14,22.86,0.));
#15837 = VECTOR('',#15838,1.);
#15838 = DIRECTION('',(0.,0.,1.));
#15839 = ORIENTED_EDGE('',*,*,#15840,.T.);
#15840 = EDGE_CURVE('',#15833,#15841,#15843,.T.);
#15841 = VERTEX_POINT('',#15842);
#15842 = CARTESIAN_POINT('',(-2.14,22.86,2.54));
#15843 = LINE('',#15844,#15845);
#15844 = CARTESIAN_POINT('',(2.14,22.86,2.54));
#15845 = VECTOR('',#15846,1.);
#15846 = DIRECTION('',(-1.,0.,0.));
#15847 = ORIENTED_EDGE('',*,*,#15848,.F.);
#15848 = EDGE_CURVE('',#15849,#15841,#15851,.T.);
#15849 = VERTEX_POINT('',#15850);
#15850 = CARTESIAN_POINT('',(-2.14,22.86,0.));
#15851 = LINE('',#15852,#15853);
#15852 = CARTESIAN_POINT('',(-2.14,22.86,0.));
#15853 = VECTOR('',#15854,1.);
#15854 = DIRECTION('',(0.,0.,1.));
#15855 = ORIENTED_EDGE('',*,*,#15856,.F.);
#15856 = EDGE_CURVE('',#15831,#15849,#15857,.T.);
#15857 = LINE('',#15858,#15859);
#15858 = CARTESIAN_POINT('',(2.14,22.86,0.));
#15859 = VECTOR('',#15860,1.);
#15860 = DIRECTION('',(-1.,0.,0.));
#15861 = PLANE('',#15862);
#15862 = AXIS2_PLACEMENT_3D('',#15863,#15864,#15865);
#15863 = CARTESIAN_POINT('',(2.14,22.86,0.));
#15864 = DIRECTION('',(0.,-1.,0.));
#15865 = DIRECTION('',(-1.,0.,0.));
#15866 = ADVANCED_FACE('',(#15867),#15892,.T.);
#15867 = FACE_BOUND('',#15868,.T.);
#15868 = EDGE_LOOP('',(#15869,#15870,#15878,#15886));
#15869 = ORIENTED_EDGE('',*,*,#15830,.T.);
#15870 = ORIENTED_EDGE('',*,*,#15871,.T.);
#15871 = EDGE_CURVE('',#15833,#15872,#15874,.T.);
#15872 = VERTEX_POINT('',#15873);
#15873 = CARTESIAN_POINT('',(2.54,22.46,2.54));
#15874 = LINE('',#15875,#15876);
#15875 = CARTESIAN_POINT('',(2.14,22.86,2.54));
#15876 = VECTOR('',#15877,1.);
#15877 = DIRECTION('',(0.707106781187,-0.707106781187,0.));
#15878 = ORIENTED_EDGE('',*,*,#15879,.F.);
#15879 = EDGE_CURVE('',#15880,#15872,#15882,.T.);
#15880 = VERTEX_POINT('',#15881);
#15881 = CARTESIAN_POINT('',(2.54,22.46,0.));
#15882 = LINE('',#15883,#15884);
#15883 = CARTESIAN_POINT('',(2.54,22.46,0.));
#15884 = VECTOR('',#15885,1.);
#15885 = DIRECTION('',(0.,0.,1.));
#15886 = ORIENTED_EDGE('',*,*,#15887,.F.);
#15887 = EDGE_CURVE('',#15831,#15880,#15888,.T.);
#15888 = LINE('',#15889,#15890);
#15889 = CARTESIAN_POINT('',(2.14,22.86,0.));
#15890 = VECTOR('',#15891,1.);
#15891 = DIRECTION('',(0.707106781187,-0.707106781187,0.));
#15892 = PLANE('',#15893);
#15893 = AXIS2_PLACEMENT_3D('',#15894,#15895,#15896);
#15894 = CARTESIAN_POINT('',(2.14,22.86,0.));
#15895 = DIRECTION('',(0.707106781187,0.707106781187,0.));
#15896 = DIRECTION('',(0.707106781187,-0.707106781187,0.));
#15897 = ADVANCED_FACE('',(#15898),#15923,.T.);
#15898 = FACE_BOUND('',#15899,.T.);
#15899 = EDGE_LOOP('',(#15900,#15910,#15916,#15917));
#15900 = ORIENTED_EDGE('',*,*,#15901,.T.);
#15901 = EDGE_CURVE('',#15902,#15904,#15906,.T.);
#15902 = VERTEX_POINT('',#15903);
#15903 = CARTESIAN_POINT('',(-2.54,22.46,0.));
#15904 = VERTEX_POINT('',#15905);
#15905 = CARTESIAN_POINT('',(-2.54,22.46,2.54));
#15906 = LINE('',#15907,#15908);
#15907 = CARTESIAN_POINT('',(-2.54,22.46,0.));
#15908 = VECTOR('',#15909,1.);
#15909 = DIRECTION('',(0.,0.,1.));
#15910 = ORIENTED_EDGE('',*,*,#15911,.T.);
#15911 = EDGE_CURVE('',#15904,#15841,#15912,.T.);
#15912 = LINE('',#15913,#15914);
#15913 = CARTESIAN_POINT('',(-2.54,22.46,2.54));
#15914 = VECTOR('',#15915,1.);
#15915 = DIRECTION('',(0.707106781187,0.707106781187,0.));
#15916 = ORIENTED_EDGE('',*,*,#15848,.F.);
#15917 = ORIENTED_EDGE('',*,*,#15918,.F.);
#15918 = EDGE_CURVE('',#15902,#15849,#15919,.T.);
#15919 = LINE('',#15920,#15921);
#15920 = CARTESIAN_POINT('',(-2.54,22.46,0.));
#15921 = VECTOR('',#15922,1.);
#15922 = DIRECTION('',(0.707106781187,0.707106781187,0.));
#15923 = PLANE('',#15924);
#15924 = AXIS2_PLACEMENT_3D('',#15925,#15926,#15927);
#15925 = CARTESIAN_POINT('',(-2.54,22.46,0.));
#15926 = DIRECTION('',(-0.707106781187,0.707106781187,0.));
#15927 = DIRECTION('',(0.707106781187,0.707106781187,0.));
#15928 = ADVANCED_FACE('',(#15929,#16788,#16822,#16856,#16890,#16924,
    #16958,#16992,#17026,#17060,#17094,#17128,#17162,#17196,#17230,
    #17264,#17298,#17332),#17366,.T.);
#15929 = FACE_BOUND('',#15930,.T.);
#15930 = EDGE_LOOP('',(#15931,#15941,#15949,#15957,#15965,#15973,#15981,
    #15989,#15997,#16005,#16013,#16021,#16029,#16037,#16045,#16053,
    #16061,#16069,#16077,#16085,#16093,#16101,#16109,#16117,#16125,
    #16133,#16141,#16149,#16157,#16165,#16173,#16181,#16189,#16197,
    #16205,#16213,#16221,#16229,#16237,#16245,#16253,#16261,#16269,
    #16277,#16285,#16293,#16301,#16309,#16317,#16325,#16333,#16339,
    #16340,#16341,#16342,#16350,#16358,#16366,#16374,#16382,#16390,
    #16398,#16406,#16414,#16422,#16430,#16438,#16446,#16454,#16462,
    #16470,#16478,#16486,#16494,#16502,#16510,#16518,#16526,#16534,
    #16542,#16550,#16558,#16566,#16574,#16582,#16590,#16598,#16606,
    #16614,#16622,#16630,#16638,#16646,#16654,#16662,#16670,#16678,
    #16686,#16694,#16702,#16710,#16718,#16726,#16734,#16742,#16750,
    #16758,#16766,#16774,#16782));
#15931 = ORIENTED_EDGE('',*,*,#15932,.T.);
#15932 = EDGE_CURVE('',#15933,#15935,#15937,.T.);
#15933 = VERTEX_POINT('',#15934);
#15934 = CARTESIAN_POINT('',(-2.54,-20.72,0.));
#15935 = VERTEX_POINT('',#15936);
#15936 = CARTESIAN_POINT('',(-2.14,-20.32,0.));
#15937 = LINE('',#15938,#15939);
#15938 = CARTESIAN_POINT('',(-2.54,-20.72,0.));
#15939 = VECTOR('',#15940,1.);
#15940 = DIRECTION('',(0.707106781187,0.707106781187,0.));
#15941 = ORIENTED_EDGE('',*,*,#15942,.F.);
#15942 = EDGE_CURVE('',#15943,#15935,#15945,.T.);
#15943 = VERTEX_POINT('',#15944);
#15944 = CARTESIAN_POINT('',(-2.54,-19.92,0.));
#15945 = LINE('',#15946,#15947);
#15946 = CARTESIAN_POINT('',(-2.54,-19.92,0.));
#15947 = VECTOR('',#15948,1.);
#15948 = DIRECTION('',(0.707106781187,-0.707106781187,0.));
#15949 = ORIENTED_EDGE('',*,*,#15950,.F.);
#15950 = EDGE_CURVE('',#15951,#15943,#15953,.T.);
#15951 = VERTEX_POINT('',#15952);
#15952 = CARTESIAN_POINT('',(-2.54,-18.18,0.));
#15953 = LINE('',#15954,#15955);
#15954 = CARTESIAN_POINT('',(-2.54,-18.18,0.));
#15955 = VECTOR('',#15956,1.);
#15956 = DIRECTION('',(0.,-1.,0.));
#15957 = ORIENTED_EDGE('',*,*,#15958,.T.);
#15958 = EDGE_CURVE('',#15951,#15959,#15961,.T.);
#15959 = VERTEX_POINT('',#15960);
#15960 = CARTESIAN_POINT('',(-2.14,-17.78,0.));
#15961 = LINE('',#15962,#15963);
#15962 = CARTESIAN_POINT('',(-2.54,-18.18,0.));
#15963 = VECTOR('',#15964,1.);
#15964 = DIRECTION('',(0.707106781187,0.707106781187,0.));
#15965 = ORIENTED_EDGE('',*,*,#15966,.F.);
#15966 = EDGE_CURVE('',#15967,#15959,#15969,.T.);
#15967 = VERTEX_POINT('',#15968);
#15968 = CARTESIAN_POINT('',(-2.54,-17.38,0.));
#15969 = LINE('',#15970,#15971);
#15970 = CARTESIAN_POINT('',(-2.54,-17.38,0.));
#15971 = VECTOR('',#15972,1.);
#15972 = DIRECTION('',(0.707106781187,-0.707106781187,0.));
#15973 = ORIENTED_EDGE('',*,*,#15974,.F.);
#15974 = EDGE_CURVE('',#15975,#15967,#15977,.T.);
#15975 = VERTEX_POINT('',#15976);
#15976 = CARTESIAN_POINT('',(-2.54,-15.64,0.));
#15977 = LINE('',#15978,#15979);
#15978 = CARTESIAN_POINT('',(-2.54,-15.64,0.));
#15979 = VECTOR('',#15980,1.);
#15980 = DIRECTION('',(0.,-1.,0.));
#15981 = ORIENTED_EDGE('',*,*,#15982,.T.);
#15982 = EDGE_CURVE('',#15975,#15983,#15985,.T.);
#15983 = VERTEX_POINT('',#15984);
#15984 = CARTESIAN_POINT('',(-2.14,-15.24,0.));
#15985 = LINE('',#15986,#15987);
#15986 = CARTESIAN_POINT('',(-2.54,-15.64,0.));
#15987 = VECTOR('',#15988,1.);
#15988 = DIRECTION('',(0.707106781187,0.707106781187,0.));
#15989 = ORIENTED_EDGE('',*,*,#15990,.F.);
#15990 = EDGE_CURVE('',#15991,#15983,#15993,.T.);
#15991 = VERTEX_POINT('',#15992);
#15992 = CARTESIAN_POINT('',(-2.54,-14.84,0.));
#15993 = LINE('',#15994,#15995);
#15994 = CARTESIAN_POINT('',(-2.54,-14.84,0.));
#15995 = VECTOR('',#15996,1.);
#15996 = DIRECTION('',(0.707106781187,-0.707106781187,0.));
#15997 = ORIENTED_EDGE('',*,*,#15998,.F.);
#15998 = EDGE_CURVE('',#15999,#15991,#16001,.T.);
#15999 = VERTEX_POINT('',#16000);
#16000 = CARTESIAN_POINT('',(-2.54,-13.1,0.));
#16001 = LINE('',#16002,#16003);
#16002 = CARTESIAN_POINT('',(-2.54,-13.1,0.));
#16003 = VECTOR('',#16004,1.);
#16004 = DIRECTION('',(0.,-1.,0.));
#16005 = ORIENTED_EDGE('',*,*,#16006,.T.);
#16006 = EDGE_CURVE('',#15999,#16007,#16009,.T.);
#16007 = VERTEX_POINT('',#16008);
#16008 = CARTESIAN_POINT('',(-2.14,-12.7,0.));
#16009 = LINE('',#16010,#16011);
#16010 = CARTESIAN_POINT('',(-2.54,-13.1,0.));
#16011 = VECTOR('',#16012,1.);
#16012 = DIRECTION('',(0.707106781187,0.707106781187,0.));
#16013 = ORIENTED_EDGE('',*,*,#16014,.F.);
#16014 = EDGE_CURVE('',#16015,#16007,#16017,.T.);
#16015 = VERTEX_POINT('',#16016);
#16016 = CARTESIAN_POINT('',(-2.54,-12.3,0.));
#16017 = LINE('',#16018,#16019);
#16018 = CARTESIAN_POINT('',(-2.54,-12.3,0.));
#16019 = VECTOR('',#16020,1.);
#16020 = DIRECTION('',(0.707106781187,-0.707106781187,0.));
#16021 = ORIENTED_EDGE('',*,*,#16022,.F.);
#16022 = EDGE_CURVE('',#16023,#16015,#16025,.T.);
#16023 = VERTEX_POINT('',#16024);
#16024 = CARTESIAN_POINT('',(-2.54,-10.56,0.));
#16025 = LINE('',#16026,#16027);
#16026 = CARTESIAN_POINT('',(-2.54,-10.56,0.));
#16027 = VECTOR('',#16028,1.);
#16028 = DIRECTION('',(0.,-1.,0.));
#16029 = ORIENTED_EDGE('',*,*,#16030,.T.);
#16030 = EDGE_CURVE('',#16023,#16031,#16033,.T.);
#16031 = VERTEX_POINT('',#16032);
#16032 = CARTESIAN_POINT('',(-2.14,-10.16,0.));
#16033 = LINE('',#16034,#16035);
#16034 = CARTESIAN_POINT('',(-2.54,-10.56,0.));
#16035 = VECTOR('',#16036,1.);
#16036 = DIRECTION('',(0.707106781187,0.707106781187,0.));
#16037 = ORIENTED_EDGE('',*,*,#16038,.F.);
#16038 = EDGE_CURVE('',#16039,#16031,#16041,.T.);
#16039 = VERTEX_POINT('',#16040);
#16040 = CARTESIAN_POINT('',(-2.54,-9.76,0.));
#16041 = LINE('',#16042,#16043);
#16042 = CARTESIAN_POINT('',(-2.54,-9.76,0.));
#16043 = VECTOR('',#16044,1.);
#16044 = DIRECTION('',(0.707106781187,-0.707106781187,0.));
#16045 = ORIENTED_EDGE('',*,*,#16046,.F.);
#16046 = EDGE_CURVE('',#16047,#16039,#16049,.T.);
#16047 = VERTEX_POINT('',#16048);
#16048 = CARTESIAN_POINT('',(-2.54,-8.02,0.));
#16049 = LINE('',#16050,#16051);
#16050 = CARTESIAN_POINT('',(-2.54,-8.02,0.));
#16051 = VECTOR('',#16052,1.);
#16052 = DIRECTION('',(0.,-1.,0.));
#16053 = ORIENTED_EDGE('',*,*,#16054,.T.);
#16054 = EDGE_CURVE('',#16047,#16055,#16057,.T.);
#16055 = VERTEX_POINT('',#16056);
#16056 = CARTESIAN_POINT('',(-2.14,-7.62,0.));
#16057 = LINE('',#16058,#16059);
#16058 = CARTESIAN_POINT('',(-2.54,-8.02,0.));
#16059 = VECTOR('',#16060,1.);
#16060 = DIRECTION('',(0.707106781187,0.707106781187,0.));
#16061 = ORIENTED_EDGE('',*,*,#16062,.F.);
#16062 = EDGE_CURVE('',#16063,#16055,#16065,.T.);
#16063 = VERTEX_POINT('',#16064);
#16064 = CARTESIAN_POINT('',(-2.54,-7.22,0.));
#16065 = LINE('',#16066,#16067);
#16066 = CARTESIAN_POINT('',(-2.54,-7.22,0.));
#16067 = VECTOR('',#16068,1.);
#16068 = DIRECTION('',(0.707106781187,-0.707106781187,0.));
#16069 = ORIENTED_EDGE('',*,*,#16070,.F.);
#16070 = EDGE_CURVE('',#16071,#16063,#16073,.T.);
#16071 = VERTEX_POINT('',#16072);
#16072 = CARTESIAN_POINT('',(-2.54,-5.48,0.));
#16073 = LINE('',#16074,#16075);
#16074 = CARTESIAN_POINT('',(-2.54,-5.48,0.));
#16075 = VECTOR('',#16076,1.);
#16076 = DIRECTION('',(0.,-1.,0.));
#16077 = ORIENTED_EDGE('',*,*,#16078,.T.);
#16078 = EDGE_CURVE('',#16071,#16079,#16081,.T.);
#16079 = VERTEX_POINT('',#16080);
#16080 = CARTESIAN_POINT('',(-2.14,-5.08,0.));
#16081 = LINE('',#16082,#16083);
#16082 = CARTESIAN_POINT('',(-2.54,-5.48,0.));
#16083 = VECTOR('',#16084,1.);
#16084 = DIRECTION('',(0.707106781187,0.707106781187,0.));
#16085 = ORIENTED_EDGE('',*,*,#16086,.F.);
#16086 = EDGE_CURVE('',#16087,#16079,#16089,.T.);
#16087 = VERTEX_POINT('',#16088);
#16088 = CARTESIAN_POINT('',(-2.54,-4.68,0.));
#16089 = LINE('',#16090,#16091);
#16090 = CARTESIAN_POINT('',(-2.54,-4.68,0.));
#16091 = VECTOR('',#16092,1.);
#16092 = DIRECTION('',(0.707106781187,-0.707106781187,0.));
#16093 = ORIENTED_EDGE('',*,*,#16094,.F.);
#16094 = EDGE_CURVE('',#16095,#16087,#16097,.T.);
#16095 = VERTEX_POINT('',#16096);
#16096 = CARTESIAN_POINT('',(-2.54,-2.94,0.));
#16097 = LINE('',#16098,#16099);
#16098 = CARTESIAN_POINT('',(-2.54,-2.94,0.));
#16099 = VECTOR('',#16100,1.);
#16100 = DIRECTION('',(0.,-1.,0.));
#16101 = ORIENTED_EDGE('',*,*,#16102,.T.);
#16102 = EDGE_CURVE('',#16095,#16103,#16105,.T.);
#16103 = VERTEX_POINT('',#16104);
#16104 = CARTESIAN_POINT('',(-2.14,-2.54,0.));
#16105 = LINE('',#16106,#16107);
#16106 = CARTESIAN_POINT('',(-2.54,-2.94,0.));
#16107 = VECTOR('',#16108,1.);
#16108 = DIRECTION('',(0.707106781187,0.707106781187,0.));
#16109 = ORIENTED_EDGE('',*,*,#16110,.F.);
#16110 = EDGE_CURVE('',#16111,#16103,#16113,.T.);
#16111 = VERTEX_POINT('',#16112);
#16112 = CARTESIAN_POINT('',(-2.54,-2.14,0.));
#16113 = LINE('',#16114,#16115);
#16114 = CARTESIAN_POINT('',(-2.54,-2.14,0.));
#16115 = VECTOR('',#16116,1.);
#16116 = DIRECTION('',(0.707106781187,-0.707106781187,0.));
#16117 = ORIENTED_EDGE('',*,*,#16118,.F.);
#16118 = EDGE_CURVE('',#16119,#16111,#16121,.T.);
#16119 = VERTEX_POINT('',#16120);
#16120 = CARTESIAN_POINT('',(-2.54,-0.4,0.));
#16121 = LINE('',#16122,#16123);
#16122 = CARTESIAN_POINT('',(-2.54,-0.4,0.));
#16123 = VECTOR('',#16124,1.);
#16124 = DIRECTION('',(0.,-1.,0.));
#16125 = ORIENTED_EDGE('',*,*,#16126,.T.);
#16126 = EDGE_CURVE('',#16119,#16127,#16129,.T.);
#16127 = VERTEX_POINT('',#16128);
#16128 = CARTESIAN_POINT('',(-2.14,0.,0.));
#16129 = LINE('',#16130,#16131);
#16130 = CARTESIAN_POINT('',(-2.54,-0.4,0.));
#16131 = VECTOR('',#16132,1.);
#16132 = DIRECTION('',(0.707106781187,0.707106781187,0.));
#16133 = ORIENTED_EDGE('',*,*,#16134,.F.);
#16134 = EDGE_CURVE('',#16135,#16127,#16137,.T.);
#16135 = VERTEX_POINT('',#16136);
#16136 = CARTESIAN_POINT('',(-2.54,0.4,0.));
#16137 = LINE('',#16138,#16139);
#16138 = CARTESIAN_POINT('',(-2.54,0.4,0.));
#16139 = VECTOR('',#16140,1.);
#16140 = DIRECTION('',(0.707106781187,-0.707106781187,0.));
#16141 = ORIENTED_EDGE('',*,*,#16142,.F.);
#16142 = EDGE_CURVE('',#16143,#16135,#16145,.T.);
#16143 = VERTEX_POINT('',#16144);
#16144 = CARTESIAN_POINT('',(-2.54,2.14,0.));
#16145 = LINE('',#16146,#16147);
#16146 = CARTESIAN_POINT('',(-2.54,2.14,0.));
#16147 = VECTOR('',#16148,1.);
#16148 = DIRECTION('',(0.,-1.,0.));
#16149 = ORIENTED_EDGE('',*,*,#16150,.T.);
#16150 = EDGE_CURVE('',#16143,#16151,#16153,.T.);
#16151 = VERTEX_POINT('',#16152);
#16152 = CARTESIAN_POINT('',(-2.14,2.54,0.));
#16153 = LINE('',#16154,#16155);
#16154 = CARTESIAN_POINT('',(-2.54,2.14,0.));
#16155 = VECTOR('',#16156,1.);
#16156 = DIRECTION('',(0.707106781187,0.707106781187,0.));
#16157 = ORIENTED_EDGE('',*,*,#16158,.F.);
#16158 = EDGE_CURVE('',#16159,#16151,#16161,.T.);
#16159 = VERTEX_POINT('',#16160);
#16160 = CARTESIAN_POINT('',(-2.54,2.94,0.));
#16161 = LINE('',#16162,#16163);
#16162 = CARTESIAN_POINT('',(-2.54,2.94,0.));
#16163 = VECTOR('',#16164,1.);
#16164 = DIRECTION('',(0.707106781187,-0.707106781187,0.));
#16165 = ORIENTED_EDGE('',*,*,#16166,.F.);
#16166 = EDGE_CURVE('',#16167,#16159,#16169,.T.);
#16167 = VERTEX_POINT('',#16168);
#16168 = CARTESIAN_POINT('',(-2.54,4.68,0.));
#16169 = LINE('',#16170,#16171);
#16170 = CARTESIAN_POINT('',(-2.54,4.68,0.));
#16171 = VECTOR('',#16172,1.);
#16172 = DIRECTION('',(0.,-1.,0.));
#16173 = ORIENTED_EDGE('',*,*,#16174,.T.);
#16174 = EDGE_CURVE('',#16167,#16175,#16177,.T.);
#16175 = VERTEX_POINT('',#16176);
#16176 = CARTESIAN_POINT('',(-2.14,5.08,0.));
#16177 = LINE('',#16178,#16179);
#16178 = CARTESIAN_POINT('',(-2.54,4.68,0.));
#16179 = VECTOR('',#16180,1.);
#16180 = DIRECTION('',(0.707106781187,0.707106781187,0.));
#16181 = ORIENTED_EDGE('',*,*,#16182,.F.);
#16182 = EDGE_CURVE('',#16183,#16175,#16185,.T.);
#16183 = VERTEX_POINT('',#16184);
#16184 = CARTESIAN_POINT('',(-2.54,5.48,0.));
#16185 = LINE('',#16186,#16187);
#16186 = CARTESIAN_POINT('',(-2.54,5.48,0.));
#16187 = VECTOR('',#16188,1.);
#16188 = DIRECTION('',(0.707106781187,-0.707106781187,0.));
#16189 = ORIENTED_EDGE('',*,*,#16190,.F.);
#16190 = EDGE_CURVE('',#16191,#16183,#16193,.T.);
#16191 = VERTEX_POINT('',#16192);
#16192 = CARTESIAN_POINT('',(-2.54,7.22,0.));
#16193 = LINE('',#16194,#16195);
#16194 = CARTESIAN_POINT('',(-2.54,7.22,0.));
#16195 = VECTOR('',#16196,1.);
#16196 = DIRECTION('',(0.,-1.,0.));
#16197 = ORIENTED_EDGE('',*,*,#16198,.T.);
#16198 = EDGE_CURVE('',#16191,#16199,#16201,.T.);
#16199 = VERTEX_POINT('',#16200);
#16200 = CARTESIAN_POINT('',(-2.14,7.62,0.));
#16201 = LINE('',#16202,#16203);
#16202 = CARTESIAN_POINT('',(-2.54,7.22,0.));
#16203 = VECTOR('',#16204,1.);
#16204 = DIRECTION('',(0.707106781187,0.707106781187,0.));
#16205 = ORIENTED_EDGE('',*,*,#16206,.F.);
#16206 = EDGE_CURVE('',#16207,#16199,#16209,.T.);
#16207 = VERTEX_POINT('',#16208);
#16208 = CARTESIAN_POINT('',(-2.54,8.02,0.));
#16209 = LINE('',#16210,#16211);
#16210 = CARTESIAN_POINT('',(-2.54,8.02,0.));
#16211 = VECTOR('',#16212,1.);
#16212 = DIRECTION('',(0.707106781187,-0.707106781187,0.));
#16213 = ORIENTED_EDGE('',*,*,#16214,.F.);
#16214 = EDGE_CURVE('',#16215,#16207,#16217,.T.);
#16215 = VERTEX_POINT('',#16216);
#16216 = CARTESIAN_POINT('',(-2.54,9.76,0.));
#16217 = LINE('',#16218,#16219);
#16218 = CARTESIAN_POINT('',(-2.54,9.76,0.));
#16219 = VECTOR('',#16220,1.);
#16220 = DIRECTION('',(0.,-1.,0.));
#16221 = ORIENTED_EDGE('',*,*,#16222,.T.);
#16222 = EDGE_CURVE('',#16215,#16223,#16225,.T.);
#16223 = VERTEX_POINT('',#16224);
#16224 = CARTESIAN_POINT('',(-2.14,10.16,0.));
#16225 = LINE('',#16226,#16227);
#16226 = CARTESIAN_POINT('',(-2.54,9.76,0.));
#16227 = VECTOR('',#16228,1.);
#16228 = DIRECTION('',(0.707106781187,0.707106781187,0.));
#16229 = ORIENTED_EDGE('',*,*,#16230,.F.);
#16230 = EDGE_CURVE('',#16231,#16223,#16233,.T.);
#16231 = VERTEX_POINT('',#16232);
#16232 = CARTESIAN_POINT('',(-2.54,10.56,0.));
#16233 = LINE('',#16234,#16235);
#16234 = CARTESIAN_POINT('',(-2.54,10.56,0.));
#16235 = VECTOR('',#16236,1.);
#16236 = DIRECTION('',(0.707106781187,-0.707106781187,0.));
#16237 = ORIENTED_EDGE('',*,*,#16238,.F.);
#16238 = EDGE_CURVE('',#16239,#16231,#16241,.T.);
#16239 = VERTEX_POINT('',#16240);
#16240 = CARTESIAN_POINT('',(-2.54,12.3,0.));
#16241 = LINE('',#16242,#16243);
#16242 = CARTESIAN_POINT('',(-2.54,12.3,0.));
#16243 = VECTOR('',#16244,1.);
#16244 = DIRECTION('',(0.,-1.,0.));
#16245 = ORIENTED_EDGE('',*,*,#16246,.T.);
#16246 = EDGE_CURVE('',#16239,#16247,#16249,.T.);
#16247 = VERTEX_POINT('',#16248);
#16248 = CARTESIAN_POINT('',(-2.14,12.7,0.));
#16249 = LINE('',#16250,#16251);
#16250 = CARTESIAN_POINT('',(-2.54,12.3,0.));
#16251 = VECTOR('',#16252,1.);
#16252 = DIRECTION('',(0.707106781187,0.707106781187,0.));
#16253 = ORIENTED_EDGE('',*,*,#16254,.F.);
#16254 = EDGE_CURVE('',#16255,#16247,#16257,.T.);
#16255 = VERTEX_POINT('',#16256);
#16256 = CARTESIAN_POINT('',(-2.54,13.1,0.));
#16257 = LINE('',#16258,#16259);
#16258 = CARTESIAN_POINT('',(-2.54,13.1,0.));
#16259 = VECTOR('',#16260,1.);
#16260 = DIRECTION('',(0.707106781187,-0.707106781187,0.));
#16261 = ORIENTED_EDGE('',*,*,#16262,.F.);
#16262 = EDGE_CURVE('',#16263,#16255,#16265,.T.);
#16263 = VERTEX_POINT('',#16264);
#16264 = CARTESIAN_POINT('',(-2.54,14.84,0.));
#16265 = LINE('',#16266,#16267);
#16266 = CARTESIAN_POINT('',(-2.54,14.84,0.));
#16267 = VECTOR('',#16268,1.);
#16268 = DIRECTION('',(0.,-1.,0.));
#16269 = ORIENTED_EDGE('',*,*,#16270,.T.);
#16270 = EDGE_CURVE('',#16263,#16271,#16273,.T.);
#16271 = VERTEX_POINT('',#16272);
#16272 = CARTESIAN_POINT('',(-2.14,15.24,0.));
#16273 = LINE('',#16274,#16275);
#16274 = CARTESIAN_POINT('',(-2.54,14.84,0.));
#16275 = VECTOR('',#16276,1.);
#16276 = DIRECTION('',(0.707106781187,0.707106781187,0.));
#16277 = ORIENTED_EDGE('',*,*,#16278,.F.);
#16278 = EDGE_CURVE('',#16279,#16271,#16281,.T.);
#16279 = VERTEX_POINT('',#16280);
#16280 = CARTESIAN_POINT('',(-2.54,15.64,0.));
#16281 = LINE('',#16282,#16283);
#16282 = CARTESIAN_POINT('',(-2.54,15.64,0.));
#16283 = VECTOR('',#16284,1.);
#16284 = DIRECTION('',(0.707106781187,-0.707106781187,0.));
#16285 = ORIENTED_EDGE('',*,*,#16286,.F.);
#16286 = EDGE_CURVE('',#16287,#16279,#16289,.T.);
#16287 = VERTEX_POINT('',#16288);
#16288 = CARTESIAN_POINT('',(-2.54,17.38,0.));
#16289 = LINE('',#16290,#16291);
#16290 = CARTESIAN_POINT('',(-2.54,17.38,0.));
#16291 = VECTOR('',#16292,1.);
#16292 = DIRECTION('',(0.,-1.,0.));
#16293 = ORIENTED_EDGE('',*,*,#16294,.T.);
#16294 = EDGE_CURVE('',#16287,#16295,#16297,.T.);
#16295 = VERTEX_POINT('',#16296);
#16296 = CARTESIAN_POINT('',(-2.14,17.78,0.));
#16297 = LINE('',#16298,#16299);
#16298 = CARTESIAN_POINT('',(-2.54,17.38,0.));
#16299 = VECTOR('',#16300,1.);
#16300 = DIRECTION('',(0.707106781187,0.707106781187,0.));
#16301 = ORIENTED_EDGE('',*,*,#16302,.F.);
#16302 = EDGE_CURVE('',#16303,#16295,#16305,.T.);
#16303 = VERTEX_POINT('',#16304);
#16304 = CARTESIAN_POINT('',(-2.54,18.18,0.));
#16305 = LINE('',#16306,#16307);
#16306 = CARTESIAN_POINT('',(-2.54,18.18,0.));
#16307 = VECTOR('',#16308,1.);
#16308 = DIRECTION('',(0.707106781187,-0.707106781187,0.));
#16309 = ORIENTED_EDGE('',*,*,#16310,.F.);
#16310 = EDGE_CURVE('',#16311,#16303,#16313,.T.);
#16311 = VERTEX_POINT('',#16312);
#16312 = CARTESIAN_POINT('',(-2.54,19.92,0.));
#16313 = LINE('',#16314,#16315);
#16314 = CARTESIAN_POINT('',(-2.54,19.92,0.));
#16315 = VECTOR('',#16316,1.);
#16316 = DIRECTION('',(0.,-1.,0.));
#16317 = ORIENTED_EDGE('',*,*,#16318,.T.);
#16318 = EDGE_CURVE('',#16311,#16319,#16321,.T.);
#16319 = VERTEX_POINT('',#16320);
#16320 = CARTESIAN_POINT('',(-2.14,20.32,0.));
#16321 = LINE('',#16322,#16323);
#16322 = CARTESIAN_POINT('',(-2.54,19.92,0.));
#16323 = VECTOR('',#16324,1.);
#16324 = DIRECTION('',(0.707106781187,0.707106781187,0.));
#16325 = ORIENTED_EDGE('',*,*,#16326,.F.);
#16326 = EDGE_CURVE('',#16327,#16319,#16329,.T.);
#16327 = VERTEX_POINT('',#16328);
#16328 = CARTESIAN_POINT('',(-2.54,20.72,0.));
#16329 = LINE('',#16330,#16331);
#16330 = CARTESIAN_POINT('',(-2.54,20.72,0.));
#16331 = VECTOR('',#16332,1.);
#16332 = DIRECTION('',(0.707106781187,-0.707106781187,0.));
#16333 = ORIENTED_EDGE('',*,*,#16334,.F.);
#16334 = EDGE_CURVE('',#15902,#16327,#16335,.T.);
#16335 = LINE('',#16336,#16337);
#16336 = CARTESIAN_POINT('',(-2.54,22.46,0.));
#16337 = VECTOR('',#16338,1.);
#16338 = DIRECTION('',(0.,-1.,0.));
#16339 = ORIENTED_EDGE('',*,*,#15918,.T.);
#16340 = ORIENTED_EDGE('',*,*,#15856,.F.);
#16341 = ORIENTED_EDGE('',*,*,#15887,.T.);
#16342 = ORIENTED_EDGE('',*,*,#16343,.F.);
#16343 = EDGE_CURVE('',#16344,#15880,#16346,.T.);
#16344 = VERTEX_POINT('',#16345);
#16345 = CARTESIAN_POINT('',(2.54,20.72,0.));
#16346 = LINE('',#16347,#16348);
#16347 = CARTESIAN_POINT('',(2.54,20.72,0.));
#16348 = VECTOR('',#16349,1.);
#16349 = DIRECTION('',(0.,1.,0.));
#16350 = ORIENTED_EDGE('',*,*,#16351,.F.);
#16351 = EDGE_CURVE('',#16352,#16344,#16354,.T.);
#16352 = VERTEX_POINT('',#16353);
#16353 = CARTESIAN_POINT('',(2.14,20.32,0.));
#16354 = LINE('',#16355,#16356);
#16355 = CARTESIAN_POINT('',(2.14,20.32,0.));
#16356 = VECTOR('',#16357,1.);
#16357 = DIRECTION('',(0.707106781187,0.707106781187,0.));
#16358 = ORIENTED_EDGE('',*,*,#16359,.T.);
#16359 = EDGE_CURVE('',#16352,#16360,#16362,.T.);
#16360 = VERTEX_POINT('',#16361);
#16361 = CARTESIAN_POINT('',(2.54,19.92,0.));
#16362 = LINE('',#16363,#16364);
#16363 = CARTESIAN_POINT('',(2.14,20.32,0.));
#16364 = VECTOR('',#16365,1.);
#16365 = DIRECTION('',(0.707106781187,-0.707106781187,0.));
#16366 = ORIENTED_EDGE('',*,*,#16367,.F.);
#16367 = EDGE_CURVE('',#16368,#16360,#16370,.T.);
#16368 = VERTEX_POINT('',#16369);
#16369 = CARTESIAN_POINT('',(2.54,18.18,0.));
#16370 = LINE('',#16371,#16372);
#16371 = CARTESIAN_POINT('',(2.54,18.18,0.));
#16372 = VECTOR('',#16373,1.);
#16373 = DIRECTION('',(0.,1.,0.));
#16374 = ORIENTED_EDGE('',*,*,#16375,.F.);
#16375 = EDGE_CURVE('',#16376,#16368,#16378,.T.);
#16376 = VERTEX_POINT('',#16377);
#16377 = CARTESIAN_POINT('',(2.14,17.78,0.));
#16378 = LINE('',#16379,#16380);
#16379 = CARTESIAN_POINT('',(2.14,17.78,0.));
#16380 = VECTOR('',#16381,1.);
#16381 = DIRECTION('',(0.707106781187,0.707106781187,0.));
#16382 = ORIENTED_EDGE('',*,*,#16383,.T.);
#16383 = EDGE_CURVE('',#16376,#16384,#16386,.T.);
#16384 = VERTEX_POINT('',#16385);
#16385 = CARTESIAN_POINT('',(2.54,17.38,0.));
#16386 = LINE('',#16387,#16388);
#16387 = CARTESIAN_POINT('',(2.14,17.78,0.));
#16388 = VECTOR('',#16389,1.);
#16389 = DIRECTION('',(0.707106781187,-0.707106781187,0.));
#16390 = ORIENTED_EDGE('',*,*,#16391,.F.);
#16391 = EDGE_CURVE('',#16392,#16384,#16394,.T.);
#16392 = VERTEX_POINT('',#16393);
#16393 = CARTESIAN_POINT('',(2.54,15.64,0.));
#16394 = LINE('',#16395,#16396);
#16395 = CARTESIAN_POINT('',(2.54,15.64,0.));
#16396 = VECTOR('',#16397,1.);
#16397 = DIRECTION('',(0.,1.,0.));
#16398 = ORIENTED_EDGE('',*,*,#16399,.F.);
#16399 = EDGE_CURVE('',#16400,#16392,#16402,.T.);
#16400 = VERTEX_POINT('',#16401);
#16401 = CARTESIAN_POINT('',(2.14,15.24,0.));
#16402 = LINE('',#16403,#16404);
#16403 = CARTESIAN_POINT('',(2.14,15.24,0.));
#16404 = VECTOR('',#16405,1.);
#16405 = DIRECTION('',(0.707106781187,0.707106781187,0.));
#16406 = ORIENTED_EDGE('',*,*,#16407,.T.);
#16407 = EDGE_CURVE('',#16400,#16408,#16410,.T.);
#16408 = VERTEX_POINT('',#16409);
#16409 = CARTESIAN_POINT('',(2.54,14.84,0.));
#16410 = LINE('',#16411,#16412);
#16411 = CARTESIAN_POINT('',(2.14,15.24,0.));
#16412 = VECTOR('',#16413,1.);
#16413 = DIRECTION('',(0.707106781187,-0.707106781187,0.));
#16414 = ORIENTED_EDGE('',*,*,#16415,.F.);
#16415 = EDGE_CURVE('',#16416,#16408,#16418,.T.);
#16416 = VERTEX_POINT('',#16417);
#16417 = CARTESIAN_POINT('',(2.54,13.1,0.));
#16418 = LINE('',#16419,#16420);
#16419 = CARTESIAN_POINT('',(2.54,13.1,0.));
#16420 = VECTOR('',#16421,1.);
#16421 = DIRECTION('',(0.,1.,0.));
#16422 = ORIENTED_EDGE('',*,*,#16423,.F.);
#16423 = EDGE_CURVE('',#16424,#16416,#16426,.T.);
#16424 = VERTEX_POINT('',#16425);
#16425 = CARTESIAN_POINT('',(2.14,12.7,0.));
#16426 = LINE('',#16427,#16428);
#16427 = CARTESIAN_POINT('',(2.14,12.7,0.));
#16428 = VECTOR('',#16429,1.);
#16429 = DIRECTION('',(0.707106781187,0.707106781187,0.));
#16430 = ORIENTED_EDGE('',*,*,#16431,.T.);
#16431 = EDGE_CURVE('',#16424,#16432,#16434,.T.);
#16432 = VERTEX_POINT('',#16433);
#16433 = CARTESIAN_POINT('',(2.54,12.3,0.));
#16434 = LINE('',#16435,#16436);
#16435 = CARTESIAN_POINT('',(2.14,12.7,0.));
#16436 = VECTOR('',#16437,1.);
#16437 = DIRECTION('',(0.707106781187,-0.707106781187,0.));
#16438 = ORIENTED_EDGE('',*,*,#16439,.F.);
#16439 = EDGE_CURVE('',#16440,#16432,#16442,.T.);
#16440 = VERTEX_POINT('',#16441);
#16441 = CARTESIAN_POINT('',(2.54,10.56,0.));
#16442 = LINE('',#16443,#16444);
#16443 = CARTESIAN_POINT('',(2.54,10.56,0.));
#16444 = VECTOR('',#16445,1.);
#16445 = DIRECTION('',(0.,1.,0.));
#16446 = ORIENTED_EDGE('',*,*,#16447,.F.);
#16447 = EDGE_CURVE('',#16448,#16440,#16450,.T.);
#16448 = VERTEX_POINT('',#16449);
#16449 = CARTESIAN_POINT('',(2.14,10.16,0.));
#16450 = LINE('',#16451,#16452);
#16451 = CARTESIAN_POINT('',(2.14,10.16,0.));
#16452 = VECTOR('',#16453,1.);
#16453 = DIRECTION('',(0.707106781187,0.707106781187,0.));
#16454 = ORIENTED_EDGE('',*,*,#16455,.T.);
#16455 = EDGE_CURVE('',#16448,#16456,#16458,.T.);
#16456 = VERTEX_POINT('',#16457);
#16457 = CARTESIAN_POINT('',(2.54,9.76,0.));
#16458 = LINE('',#16459,#16460);
#16459 = CARTESIAN_POINT('',(2.14,10.16,0.));
#16460 = VECTOR('',#16461,1.);
#16461 = DIRECTION('',(0.707106781187,-0.707106781187,0.));
#16462 = ORIENTED_EDGE('',*,*,#16463,.F.);
#16463 = EDGE_CURVE('',#16464,#16456,#16466,.T.);
#16464 = VERTEX_POINT('',#16465);
#16465 = CARTESIAN_POINT('',(2.54,8.02,0.));
#16466 = LINE('',#16467,#16468);
#16467 = CARTESIAN_POINT('',(2.54,8.02,0.));
#16468 = VECTOR('',#16469,1.);
#16469 = DIRECTION('',(0.,1.,0.));
#16470 = ORIENTED_EDGE('',*,*,#16471,.F.);
#16471 = EDGE_CURVE('',#16472,#16464,#16474,.T.);
#16472 = VERTEX_POINT('',#16473);
#16473 = CARTESIAN_POINT('',(2.14,7.62,0.));
#16474 = LINE('',#16475,#16476);
#16475 = CARTESIAN_POINT('',(2.14,7.62,0.));
#16476 = VECTOR('',#16477,1.);
#16477 = DIRECTION('',(0.707106781187,0.707106781187,0.));
#16478 = ORIENTED_EDGE('',*,*,#16479,.T.);
#16479 = EDGE_CURVE('',#16472,#16480,#16482,.T.);
#16480 = VERTEX_POINT('',#16481);
#16481 = CARTESIAN_POINT('',(2.54,7.22,0.));
#16482 = LINE('',#16483,#16484);
#16483 = CARTESIAN_POINT('',(2.14,7.62,0.));
#16484 = VECTOR('',#16485,1.);
#16485 = DIRECTION('',(0.707106781187,-0.707106781187,0.));
#16486 = ORIENTED_EDGE('',*,*,#16487,.F.);
#16487 = EDGE_CURVE('',#16488,#16480,#16490,.T.);
#16488 = VERTEX_POINT('',#16489);
#16489 = CARTESIAN_POINT('',(2.54,5.48,0.));
#16490 = LINE('',#16491,#16492);
#16491 = CARTESIAN_POINT('',(2.54,5.48,0.));
#16492 = VECTOR('',#16493,1.);
#16493 = DIRECTION('',(0.,1.,0.));
#16494 = ORIENTED_EDGE('',*,*,#16495,.F.);
#16495 = EDGE_CURVE('',#16496,#16488,#16498,.T.);
#16496 = VERTEX_POINT('',#16497);
#16497 = CARTESIAN_POINT('',(2.14,5.08,0.));
#16498 = LINE('',#16499,#16500);
#16499 = CARTESIAN_POINT('',(2.14,5.08,0.));
#16500 = VECTOR('',#16501,1.);
#16501 = DIRECTION('',(0.707106781187,0.707106781187,0.));
#16502 = ORIENTED_EDGE('',*,*,#16503,.T.);
#16503 = EDGE_CURVE('',#16496,#16504,#16506,.T.);
#16504 = VERTEX_POINT('',#16505);
#16505 = CARTESIAN_POINT('',(2.54,4.68,0.));
#16506 = LINE('',#16507,#16508);
#16507 = CARTESIAN_POINT('',(2.14,5.08,0.));
#16508 = VECTOR('',#16509,1.);
#16509 = DIRECTION('',(0.707106781187,-0.707106781187,0.));
#16510 = ORIENTED_EDGE('',*,*,#16511,.F.);
#16511 = EDGE_CURVE('',#16512,#16504,#16514,.T.);
#16512 = VERTEX_POINT('',#16513);
#16513 = CARTESIAN_POINT('',(2.54,2.94,0.));
#16514 = LINE('',#16515,#16516);
#16515 = CARTESIAN_POINT('',(2.54,2.94,0.));
#16516 = VECTOR('',#16517,1.);
#16517 = DIRECTION('',(0.,1.,0.));
#16518 = ORIENTED_EDGE('',*,*,#16519,.F.);
#16519 = EDGE_CURVE('',#16520,#16512,#16522,.T.);
#16520 = VERTEX_POINT('',#16521);
#16521 = CARTESIAN_POINT('',(2.14,2.54,0.));
#16522 = LINE('',#16523,#16524);
#16523 = CARTESIAN_POINT('',(2.14,2.54,0.));
#16524 = VECTOR('',#16525,1.);
#16525 = DIRECTION('',(0.707106781187,0.707106781187,0.));
#16526 = ORIENTED_EDGE('',*,*,#16527,.T.);
#16527 = EDGE_CURVE('',#16520,#16528,#16530,.T.);
#16528 = VERTEX_POINT('',#16529);
#16529 = CARTESIAN_POINT('',(2.54,2.14,0.));
#16530 = LINE('',#16531,#16532);
#16531 = CARTESIAN_POINT('',(2.14,2.54,0.));
#16532 = VECTOR('',#16533,1.);
#16533 = DIRECTION('',(0.707106781187,-0.707106781187,0.));
#16534 = ORIENTED_EDGE('',*,*,#16535,.F.);
#16535 = EDGE_CURVE('',#16536,#16528,#16538,.T.);
#16536 = VERTEX_POINT('',#16537);
#16537 = CARTESIAN_POINT('',(2.54,0.4,0.));
#16538 = LINE('',#16539,#16540);
#16539 = CARTESIAN_POINT('',(2.54,0.4,0.));
#16540 = VECTOR('',#16541,1.);
#16541 = DIRECTION('',(0.,1.,0.));
#16542 = ORIENTED_EDGE('',*,*,#16543,.F.);
#16543 = EDGE_CURVE('',#16544,#16536,#16546,.T.);
#16544 = VERTEX_POINT('',#16545);
#16545 = CARTESIAN_POINT('',(2.14,0.,0.));
#16546 = LINE('',#16547,#16548);
#16547 = CARTESIAN_POINT('',(2.14,0.,0.));
#16548 = VECTOR('',#16549,1.);
#16549 = DIRECTION('',(0.707106781187,0.707106781187,0.));
#16550 = ORIENTED_EDGE('',*,*,#16551,.T.);
#16551 = EDGE_CURVE('',#16544,#16552,#16554,.T.);
#16552 = VERTEX_POINT('',#16553);
#16553 = CARTESIAN_POINT('',(2.54,-0.4,0.));
#16554 = LINE('',#16555,#16556);
#16555 = CARTESIAN_POINT('',(2.14,0.,0.));
#16556 = VECTOR('',#16557,1.);
#16557 = DIRECTION('',(0.707106781187,-0.707106781187,0.));
#16558 = ORIENTED_EDGE('',*,*,#16559,.F.);
#16559 = EDGE_CURVE('',#16560,#16552,#16562,.T.);
#16560 = VERTEX_POINT('',#16561);
#16561 = CARTESIAN_POINT('',(2.54,-2.14,0.));
#16562 = LINE('',#16563,#16564);
#16563 = CARTESIAN_POINT('',(2.54,-2.14,0.));
#16564 = VECTOR('',#16565,1.);
#16565 = DIRECTION('',(0.,1.,0.));
#16566 = ORIENTED_EDGE('',*,*,#16567,.F.);
#16567 = EDGE_CURVE('',#16568,#16560,#16570,.T.);
#16568 = VERTEX_POINT('',#16569);
#16569 = CARTESIAN_POINT('',(2.14,-2.54,0.));
#16570 = LINE('',#16571,#16572);
#16571 = CARTESIAN_POINT('',(2.14,-2.54,0.));
#16572 = VECTOR('',#16573,1.);
#16573 = DIRECTION('',(0.707106781187,0.707106781187,0.));
#16574 = ORIENTED_EDGE('',*,*,#16575,.T.);
#16575 = EDGE_CURVE('',#16568,#16576,#16578,.T.);
#16576 = VERTEX_POINT('',#16577);
#16577 = CARTESIAN_POINT('',(2.54,-2.94,0.));
#16578 = LINE('',#16579,#16580);
#16579 = CARTESIAN_POINT('',(2.14,-2.54,0.));
#16580 = VECTOR('',#16581,1.);
#16581 = DIRECTION('',(0.707106781187,-0.707106781187,0.));
#16582 = ORIENTED_EDGE('',*,*,#16583,.F.);
#16583 = EDGE_CURVE('',#16584,#16576,#16586,.T.);
#16584 = VERTEX_POINT('',#16585);
#16585 = CARTESIAN_POINT('',(2.54,-4.68,0.));
#16586 = LINE('',#16587,#16588);
#16587 = CARTESIAN_POINT('',(2.54,-4.68,0.));
#16588 = VECTOR('',#16589,1.);
#16589 = DIRECTION('',(0.,1.,0.));
#16590 = ORIENTED_EDGE('',*,*,#16591,.F.);
#16591 = EDGE_CURVE('',#16592,#16584,#16594,.T.);
#16592 = VERTEX_POINT('',#16593);
#16593 = CARTESIAN_POINT('',(2.14,-5.08,0.));
#16594 = LINE('',#16595,#16596);
#16595 = CARTESIAN_POINT('',(2.14,-5.08,0.));
#16596 = VECTOR('',#16597,1.);
#16597 = DIRECTION('',(0.707106781187,0.707106781187,0.));
#16598 = ORIENTED_EDGE('',*,*,#16599,.T.);
#16599 = EDGE_CURVE('',#16592,#16600,#16602,.T.);
#16600 = VERTEX_POINT('',#16601);
#16601 = CARTESIAN_POINT('',(2.54,-5.48,0.));
#16602 = LINE('',#16603,#16604);
#16603 = CARTESIAN_POINT('',(2.14,-5.08,0.));
#16604 = VECTOR('',#16605,1.);
#16605 = DIRECTION('',(0.707106781187,-0.707106781187,0.));
#16606 = ORIENTED_EDGE('',*,*,#16607,.F.);
#16607 = EDGE_CURVE('',#16608,#16600,#16610,.T.);
#16608 = VERTEX_POINT('',#16609);
#16609 = CARTESIAN_POINT('',(2.54,-7.22,0.));
#16610 = LINE('',#16611,#16612);
#16611 = CARTESIAN_POINT('',(2.54,-7.22,0.));
#16612 = VECTOR('',#16613,1.);
#16613 = DIRECTION('',(0.,1.,0.));
#16614 = ORIENTED_EDGE('',*,*,#16615,.F.);
#16615 = EDGE_CURVE('',#16616,#16608,#16618,.T.);
#16616 = VERTEX_POINT('',#16617);
#16617 = CARTESIAN_POINT('',(2.14,-7.62,0.));
#16618 = LINE('',#16619,#16620);
#16619 = CARTESIAN_POINT('',(2.14,-7.62,0.));
#16620 = VECTOR('',#16621,1.);
#16621 = DIRECTION('',(0.707106781187,0.707106781187,0.));
#16622 = ORIENTED_EDGE('',*,*,#16623,.T.);
#16623 = EDGE_CURVE('',#16616,#16624,#16626,.T.);
#16624 = VERTEX_POINT('',#16625);
#16625 = CARTESIAN_POINT('',(2.54,-8.02,0.));
#16626 = LINE('',#16627,#16628);
#16627 = CARTESIAN_POINT('',(2.14,-7.62,0.));
#16628 = VECTOR('',#16629,1.);
#16629 = DIRECTION('',(0.707106781187,-0.707106781187,0.));
#16630 = ORIENTED_EDGE('',*,*,#16631,.F.);
#16631 = EDGE_CURVE('',#16632,#16624,#16634,.T.);
#16632 = VERTEX_POINT('',#16633);
#16633 = CARTESIAN_POINT('',(2.54,-9.76,0.));
#16634 = LINE('',#16635,#16636);
#16635 = CARTESIAN_POINT('',(2.54,-9.76,0.));
#16636 = VECTOR('',#16637,1.);
#16637 = DIRECTION('',(0.,1.,0.));
#16638 = ORIENTED_EDGE('',*,*,#16639,.F.);
#16639 = EDGE_CURVE('',#16640,#16632,#16642,.T.);
#16640 = VERTEX_POINT('',#16641);
#16641 = CARTESIAN_POINT('',(2.14,-10.16,0.));
#16642 = LINE('',#16643,#16644);
#16643 = CARTESIAN_POINT('',(2.14,-10.16,0.));
#16644 = VECTOR('',#16645,1.);
#16645 = DIRECTION('',(0.707106781187,0.707106781187,0.));
#16646 = ORIENTED_EDGE('',*,*,#16647,.T.);
#16647 = EDGE_CURVE('',#16640,#16648,#16650,.T.);
#16648 = VERTEX_POINT('',#16649);
#16649 = CARTESIAN_POINT('',(2.54,-10.56,0.));
#16650 = LINE('',#16651,#16652);
#16651 = CARTESIAN_POINT('',(2.14,-10.16,0.));
#16652 = VECTOR('',#16653,1.);
#16653 = DIRECTION('',(0.707106781187,-0.707106781187,0.));
#16654 = ORIENTED_EDGE('',*,*,#16655,.F.);
#16655 = EDGE_CURVE('',#16656,#16648,#16658,.T.);
#16656 = VERTEX_POINT('',#16657);
#16657 = CARTESIAN_POINT('',(2.54,-12.3,0.));
#16658 = LINE('',#16659,#16660);
#16659 = CARTESIAN_POINT('',(2.54,-12.3,0.));
#16660 = VECTOR('',#16661,1.);
#16661 = DIRECTION('',(0.,1.,0.));
#16662 = ORIENTED_EDGE('',*,*,#16663,.F.);
#16663 = EDGE_CURVE('',#16664,#16656,#16666,.T.);
#16664 = VERTEX_POINT('',#16665);
#16665 = CARTESIAN_POINT('',(2.14,-12.7,0.));
#16666 = LINE('',#16667,#16668);
#16667 = CARTESIAN_POINT('',(2.14,-12.7,0.));
#16668 = VECTOR('',#16669,1.);
#16669 = DIRECTION('',(0.707106781187,0.707106781187,0.));
#16670 = ORIENTED_EDGE('',*,*,#16671,.T.);
#16671 = EDGE_CURVE('',#16664,#16672,#16674,.T.);
#16672 = VERTEX_POINT('',#16673);
#16673 = CARTESIAN_POINT('',(2.54,-13.1,0.));
#16674 = LINE('',#16675,#16676);
#16675 = CARTESIAN_POINT('',(2.14,-12.7,0.));
#16676 = VECTOR('',#16677,1.);
#16677 = DIRECTION('',(0.707106781187,-0.707106781187,0.));
#16678 = ORIENTED_EDGE('',*,*,#16679,.F.);
#16679 = EDGE_CURVE('',#16680,#16672,#16682,.T.);
#16680 = VERTEX_POINT('',#16681);
#16681 = CARTESIAN_POINT('',(2.54,-14.84,0.));
#16682 = LINE('',#16683,#16684);
#16683 = CARTESIAN_POINT('',(2.54,-14.84,0.));
#16684 = VECTOR('',#16685,1.);
#16685 = DIRECTION('',(0.,1.,0.));
#16686 = ORIENTED_EDGE('',*,*,#16687,.F.);
#16687 = EDGE_CURVE('',#16688,#16680,#16690,.T.);
#16688 = VERTEX_POINT('',#16689);
#16689 = CARTESIAN_POINT('',(2.14,-15.24,0.));
#16690 = LINE('',#16691,#16692);
#16691 = CARTESIAN_POINT('',(2.14,-15.24,0.));
#16692 = VECTOR('',#16693,1.);
#16693 = DIRECTION('',(0.707106781187,0.707106781187,0.));
#16694 = ORIENTED_EDGE('',*,*,#16695,.T.);
#16695 = EDGE_CURVE('',#16688,#16696,#16698,.T.);
#16696 = VERTEX_POINT('',#16697);
#16697 = CARTESIAN_POINT('',(2.54,-15.64,0.));
#16698 = LINE('',#16699,#16700);
#16699 = CARTESIAN_POINT('',(2.14,-15.24,0.));
#16700 = VECTOR('',#16701,1.);
#16701 = DIRECTION('',(0.707106781187,-0.707106781187,0.));
#16702 = ORIENTED_EDGE('',*,*,#16703,.F.);
#16703 = EDGE_CURVE('',#16704,#16696,#16706,.T.);
#16704 = VERTEX_POINT('',#16705);
#16705 = CARTESIAN_POINT('',(2.54,-17.38,0.));
#16706 = LINE('',#16707,#16708);
#16707 = CARTESIAN_POINT('',(2.54,-17.38,0.));
#16708 = VECTOR('',#16709,1.);
#16709 = DIRECTION('',(0.,1.,0.));
#16710 = ORIENTED_EDGE('',*,*,#16711,.F.);
#16711 = EDGE_CURVE('',#16712,#16704,#16714,.T.);
#16712 = VERTEX_POINT('',#16713);
#16713 = CARTESIAN_POINT('',(2.14,-17.78,0.));
#16714 = LINE('',#16715,#16716);
#16715 = CARTESIAN_POINT('',(2.14,-17.78,0.));
#16716 = VECTOR('',#16717,1.);
#16717 = DIRECTION('',(0.707106781187,0.707106781187,0.));
#16718 = ORIENTED_EDGE('',*,*,#16719,.T.);
#16719 = EDGE_CURVE('',#16712,#16720,#16722,.T.);
#16720 = VERTEX_POINT('',#16721);
#16721 = CARTESIAN_POINT('',(2.54,-18.18,0.));
#16722 = LINE('',#16723,#16724);
#16723 = CARTESIAN_POINT('',(2.14,-17.78,0.));
#16724 = VECTOR('',#16725,1.);
#16725 = DIRECTION('',(0.707106781187,-0.707106781187,0.));
#16726 = ORIENTED_EDGE('',*,*,#16727,.F.);
#16727 = EDGE_CURVE('',#16728,#16720,#16730,.T.);
#16728 = VERTEX_POINT('',#16729);
#16729 = CARTESIAN_POINT('',(2.54,-19.92,0.));
#16730 = LINE('',#16731,#16732);
#16731 = CARTESIAN_POINT('',(2.54,-19.92,0.));
#16732 = VECTOR('',#16733,1.);
#16733 = DIRECTION('',(0.,1.,0.));
#16734 = ORIENTED_EDGE('',*,*,#16735,.F.);
#16735 = EDGE_CURVE('',#16736,#16728,#16738,.T.);
#16736 = VERTEX_POINT('',#16737);
#16737 = CARTESIAN_POINT('',(2.14,-20.32,0.));
#16738 = LINE('',#16739,#16740);
#16739 = CARTESIAN_POINT('',(2.14,-20.32,0.));
#16740 = VECTOR('',#16741,1.);
#16741 = DIRECTION('',(0.707106781187,0.707106781187,0.));
#16742 = ORIENTED_EDGE('',*,*,#16743,.T.);
#16743 = EDGE_CURVE('',#16736,#16744,#16746,.T.);
#16744 = VERTEX_POINT('',#16745);
#16745 = CARTESIAN_POINT('',(2.54,-20.72,0.));
#16746 = LINE('',#16747,#16748);
#16747 = CARTESIAN_POINT('',(2.14,-20.32,0.));
#16748 = VECTOR('',#16749,1.);
#16749 = DIRECTION('',(0.707106781187,-0.707106781187,0.));
#16750 = ORIENTED_EDGE('',*,*,#16751,.F.);
#16751 = EDGE_CURVE('',#16752,#16744,#16754,.T.);
#16752 = VERTEX_POINT('',#16753);
#16753 = CARTESIAN_POINT('',(2.54,-22.46,0.));
#16754 = LINE('',#16755,#16756);
#16755 = CARTESIAN_POINT('',(2.54,-22.46,0.));
#16756 = VECTOR('',#16757,1.);
#16757 = DIRECTION('',(0.,1.,0.));
#16758 = ORIENTED_EDGE('',*,*,#16759,.F.);
#16759 = EDGE_CURVE('',#16760,#16752,#16762,.T.);
#16760 = VERTEX_POINT('',#16761);
#16761 = CARTESIAN_POINT('',(2.14,-22.86,0.));
#16762 = LINE('',#16763,#16764);
#16763 = CARTESIAN_POINT('',(2.14,-22.86,0.));
#16764 = VECTOR('',#16765,1.);
#16765 = DIRECTION('',(0.707106781187,0.707106781187,0.));
#16766 = ORIENTED_EDGE('',*,*,#16767,.F.);
#16767 = EDGE_CURVE('',#16768,#16760,#16770,.T.);
#16768 = VERTEX_POINT('',#16769);
#16769 = CARTESIAN_POINT('',(-2.14,-22.86,0.));
#16770 = LINE('',#16771,#16772);
#16771 = CARTESIAN_POINT('',(-2.14,-22.86,0.));
#16772 = VECTOR('',#16773,1.);
#16773 = DIRECTION('',(1.,0.,0.));
#16774 = ORIENTED_EDGE('',*,*,#16775,.F.);
#16775 = EDGE_CURVE('',#16776,#16768,#16778,.T.);
#16776 = VERTEX_POINT('',#16777);
#16777 = CARTESIAN_POINT('',(-2.54,-22.46,0.));
#16778 = LINE('',#16779,#16780);
#16779 = CARTESIAN_POINT('',(-2.54,-22.46,0.));
#16780 = VECTOR('',#16781,1.);
#16781 = DIRECTION('',(0.707106781187,-0.707106781187,0.));
#16782 = ORIENTED_EDGE('',*,*,#16783,.F.);
#16783 = EDGE_CURVE('',#15933,#16776,#16784,.T.);
#16784 = LINE('',#16785,#16786);
#16785 = CARTESIAN_POINT('',(-2.54,-20.72,0.));
#16786 = VECTOR('',#16787,1.);
#16787 = DIRECTION('',(0.,-1.,0.));
#16788 = FACE_BOUND('',#16789,.T.);
#16789 = EDGE_LOOP('',(#16790,#16800,#16808,#16816));
#16790 = ORIENTED_EDGE('',*,*,#16791,.F.);
#16791 = EDGE_CURVE('',#16792,#16794,#16796,.T.);
#16792 = VERTEX_POINT('',#16793);
#16793 = CARTESIAN_POINT('',(-0.4,-20.32,0.));
#16794 = VERTEX_POINT('',#16795);
#16795 = CARTESIAN_POINT('',(-4.40394464E-16,-19.92,0.));
#16796 = LINE('',#16797,#16798);
#16797 = CARTESIAN_POINT('',(-0.4,-20.32,0.));
#16798 = VECTOR('',#16799,1.);
#16799 = DIRECTION('',(0.707106781187,0.707106781187,0.));
#16800 = ORIENTED_EDGE('',*,*,#16801,.F.);
#16801 = EDGE_CURVE('',#16802,#16792,#16804,.T.);
#16802 = VERTEX_POINT('',#16803);
#16803 = CARTESIAN_POINT('',(-4.351585381868E-16,-20.72,0.));
#16804 = LINE('',#16805,#16806);
#16805 = CARTESIAN_POINT('',(-4.262278595423E-16,-20.72,0.));
#16806 = VECTOR('',#16807,1.);
#16807 = DIRECTION('',(-0.707106781187,0.707106781187,0.));
#16808 = ORIENTED_EDGE('',*,*,#16809,.F.);
#16809 = EDGE_CURVE('',#16810,#16802,#16812,.T.);
#16810 = VERTEX_POINT('',#16811);
#16811 = CARTESIAN_POINT('',(0.4,-20.32,0.));
#16812 = LINE('',#16813,#16814);
#16813 = CARTESIAN_POINT('',(0.4,-20.32,0.));
#16814 = VECTOR('',#16815,1.);
#16815 = DIRECTION('',(-0.707106781187,-0.707106781187,0.));
#16816 = ORIENTED_EDGE('',*,*,#16817,.F.);
#16817 = EDGE_CURVE('',#16794,#16810,#16818,.T.);
#16818 = LINE('',#16819,#16820);
#16819 = CARTESIAN_POINT('',(-4.366997195189E-16,-19.92,0.));
#16820 = VECTOR('',#16821,1.);
#16821 = DIRECTION('',(0.707106781187,-0.707106781187,0.));
#16822 = FACE_BOUND('',#16823,.T.);
#16823 = EDGE_LOOP('',(#16824,#16834,#16842,#16850));
#16824 = ORIENTED_EDGE('',*,*,#16825,.F.);
#16825 = EDGE_CURVE('',#16826,#16828,#16830,.T.);
#16826 = VERTEX_POINT('',#16827);
#16827 = CARTESIAN_POINT('',(-0.4,-17.78,0.));
#16828 = VERTEX_POINT('',#16829);
#16829 = CARTESIAN_POINT('',(-4.40394464E-16,-17.38,0.));
#16830 = LINE('',#16831,#16832);
#16831 = CARTESIAN_POINT('',(-0.4,-17.78,0.));
#16832 = VECTOR('',#16833,1.);
#16833 = DIRECTION('',(0.707106781187,0.707106781187,0.));
#16834 = ORIENTED_EDGE('',*,*,#16835,.F.);
#16835 = EDGE_CURVE('',#16836,#16826,#16838,.T.);
#16836 = VERTEX_POINT('',#16837);
#16837 = CARTESIAN_POINT('',(-4.351585381868E-16,-18.18,0.));
#16838 = LINE('',#16839,#16840);
#16839 = CARTESIAN_POINT('',(-4.262278595423E-16,-18.18,0.));
#16840 = VECTOR('',#16841,1.);
#16841 = DIRECTION('',(-0.707106781187,0.707106781187,0.));
#16842 = ORIENTED_EDGE('',*,*,#16843,.F.);
#16843 = EDGE_CURVE('',#16844,#16836,#16846,.T.);
#16844 = VERTEX_POINT('',#16845);
#16845 = CARTESIAN_POINT('',(0.4,-17.78,0.));
#16846 = LINE('',#16847,#16848);
#16847 = CARTESIAN_POINT('',(0.4,-17.78,0.));
#16848 = VECTOR('',#16849,1.);
#16849 = DIRECTION('',(-0.707106781187,-0.707106781187,0.));
#16850 = ORIENTED_EDGE('',*,*,#16851,.F.);
#16851 = EDGE_CURVE('',#16828,#16844,#16852,.T.);
#16852 = LINE('',#16853,#16854);
#16853 = CARTESIAN_POINT('',(-4.366997195189E-16,-17.38,0.));
#16854 = VECTOR('',#16855,1.);
#16855 = DIRECTION('',(0.707106781187,-0.707106781187,0.));
#16856 = FACE_BOUND('',#16857,.T.);
#16857 = EDGE_LOOP('',(#16858,#16868,#16876,#16884));
#16858 = ORIENTED_EDGE('',*,*,#16859,.F.);
#16859 = EDGE_CURVE('',#16860,#16862,#16864,.T.);
#16860 = VERTEX_POINT('',#16861);
#16861 = CARTESIAN_POINT('',(-0.4,-15.24,0.));
#16862 = VERTEX_POINT('',#16863);
#16863 = CARTESIAN_POINT('',(-4.40394464E-16,-14.84,0.));
#16864 = LINE('',#16865,#16866);
#16865 = CARTESIAN_POINT('',(-0.4,-15.24,0.));
#16866 = VECTOR('',#16867,1.);
#16867 = DIRECTION('',(0.707106781187,0.707106781187,0.));
#16868 = ORIENTED_EDGE('',*,*,#16869,.F.);
#16869 = EDGE_CURVE('',#16870,#16860,#16872,.T.);
#16870 = VERTEX_POINT('',#16871);
#16871 = CARTESIAN_POINT('',(-4.351585381868E-16,-15.64,0.));
#16872 = LINE('',#16873,#16874);
#16873 = CARTESIAN_POINT('',(-4.262278595423E-16,-15.64,0.));
#16874 = VECTOR('',#16875,1.);
#16875 = DIRECTION('',(-0.707106781187,0.707106781187,0.));
#16876 = ORIENTED_EDGE('',*,*,#16877,.F.);
#16877 = EDGE_CURVE('',#16878,#16870,#16880,.T.);
#16878 = VERTEX_POINT('',#16879);
#16879 = CARTESIAN_POINT('',(0.4,-15.24,0.));
#16880 = LINE('',#16881,#16882);
#16881 = CARTESIAN_POINT('',(0.4,-15.24,0.));
#16882 = VECTOR('',#16883,1.);
#16883 = DIRECTION('',(-0.707106781187,-0.707106781187,0.));
#16884 = ORIENTED_EDGE('',*,*,#16885,.F.);
#16885 = EDGE_CURVE('',#16862,#16878,#16886,.T.);
#16886 = LINE('',#16887,#16888);
#16887 = CARTESIAN_POINT('',(-4.366997195189E-16,-14.84,0.));
#16888 = VECTOR('',#16889,1.);
#16889 = DIRECTION('',(0.707106781187,-0.707106781187,0.));
#16890 = FACE_BOUND('',#16891,.T.);
#16891 = EDGE_LOOP('',(#16892,#16902,#16910,#16918));
#16892 = ORIENTED_EDGE('',*,*,#16893,.F.);
#16893 = EDGE_CURVE('',#16894,#16896,#16898,.T.);
#16894 = VERTEX_POINT('',#16895);
#16895 = CARTESIAN_POINT('',(-0.4,-12.7,0.));
#16896 = VERTEX_POINT('',#16897);
#16897 = CARTESIAN_POINT('',(-4.40394464E-16,-12.3,0.));
#16898 = LINE('',#16899,#16900);
#16899 = CARTESIAN_POINT('',(-0.4,-12.7,0.));
#16900 = VECTOR('',#16901,1.);
#16901 = DIRECTION('',(0.707106781187,0.707106781187,0.));
#16902 = ORIENTED_EDGE('',*,*,#16903,.F.);
#16903 = EDGE_CURVE('',#16904,#16894,#16906,.T.);
#16904 = VERTEX_POINT('',#16905);
#16905 = CARTESIAN_POINT('',(-4.351585381868E-16,-13.1,0.));
#16906 = LINE('',#16907,#16908);
#16907 = CARTESIAN_POINT('',(-4.262278595423E-16,-13.1,0.));
#16908 = VECTOR('',#16909,1.);
#16909 = DIRECTION('',(-0.707106781187,0.707106781187,0.));
#16910 = ORIENTED_EDGE('',*,*,#16911,.F.);
#16911 = EDGE_CURVE('',#16912,#16904,#16914,.T.);
#16912 = VERTEX_POINT('',#16913);
#16913 = CARTESIAN_POINT('',(0.4,-12.7,0.));
#16914 = LINE('',#16915,#16916);
#16915 = CARTESIAN_POINT('',(0.4,-12.7,0.));
#16916 = VECTOR('',#16917,1.);
#16917 = DIRECTION('',(-0.707106781187,-0.707106781187,0.));
#16918 = ORIENTED_EDGE('',*,*,#16919,.F.);
#16919 = EDGE_CURVE('',#16896,#16912,#16920,.T.);
#16920 = LINE('',#16921,#16922);
#16921 = CARTESIAN_POINT('',(-4.366997195189E-16,-12.3,0.));
#16922 = VECTOR('',#16923,1.);
#16923 = DIRECTION('',(0.707106781187,-0.707106781187,0.));
#16924 = FACE_BOUND('',#16925,.T.);
#16925 = EDGE_LOOP('',(#16926,#16936,#16944,#16952));
#16926 = ORIENTED_EDGE('',*,*,#16927,.F.);
#16927 = EDGE_CURVE('',#16928,#16930,#16932,.T.);
#16928 = VERTEX_POINT('',#16929);
#16929 = CARTESIAN_POINT('',(-0.4,-10.16,0.));
#16930 = VERTEX_POINT('',#16931);
#16931 = CARTESIAN_POINT('',(-4.40394464E-16,-9.76,0.));
#16932 = LINE('',#16933,#16934);
#16933 = CARTESIAN_POINT('',(-0.4,-10.16,0.));
#16934 = VECTOR('',#16935,1.);
#16935 = DIRECTION('',(0.707106781187,0.707106781187,0.));
#16936 = ORIENTED_EDGE('',*,*,#16937,.F.);
#16937 = EDGE_CURVE('',#16938,#16928,#16940,.T.);
#16938 = VERTEX_POINT('',#16939);
#16939 = CARTESIAN_POINT('',(-4.351585381868E-16,-10.56,0.));
#16940 = LINE('',#16941,#16942);
#16941 = CARTESIAN_POINT('',(-4.262278595423E-16,-10.56,0.));
#16942 = VECTOR('',#16943,1.);
#16943 = DIRECTION('',(-0.707106781187,0.707106781187,0.));
#16944 = ORIENTED_EDGE('',*,*,#16945,.F.);
#16945 = EDGE_CURVE('',#16946,#16938,#16948,.T.);
#16946 = VERTEX_POINT('',#16947);
#16947 = CARTESIAN_POINT('',(0.4,-10.16,0.));
#16948 = LINE('',#16949,#16950);
#16949 = CARTESIAN_POINT('',(0.4,-10.16,0.));
#16950 = VECTOR('',#16951,1.);
#16951 = DIRECTION('',(-0.707106781187,-0.707106781187,0.));
#16952 = ORIENTED_EDGE('',*,*,#16953,.F.);
#16953 = EDGE_CURVE('',#16930,#16946,#16954,.T.);
#16954 = LINE('',#16955,#16956);
#16955 = CARTESIAN_POINT('',(-4.366997195189E-16,-9.76,0.));
#16956 = VECTOR('',#16957,1.);
#16957 = DIRECTION('',(0.707106781187,-0.707106781187,0.));
#16958 = FACE_BOUND('',#16959,.T.);
#16959 = EDGE_LOOP('',(#16960,#16970,#16978,#16986));
#16960 = ORIENTED_EDGE('',*,*,#16961,.F.);
#16961 = EDGE_CURVE('',#16962,#16964,#16966,.T.);
#16962 = VERTEX_POINT('',#16963);
#16963 = CARTESIAN_POINT('',(-0.4,-7.62,0.));
#16964 = VERTEX_POINT('',#16965);
#16965 = CARTESIAN_POINT('',(-4.40394464E-16,-7.22,0.));
#16966 = LINE('',#16967,#16968);
#16967 = CARTESIAN_POINT('',(-0.4,-7.62,0.));
#16968 = VECTOR('',#16969,1.);
#16969 = DIRECTION('',(0.707106781187,0.707106781187,0.));
#16970 = ORIENTED_EDGE('',*,*,#16971,.F.);
#16971 = EDGE_CURVE('',#16972,#16962,#16974,.T.);
#16972 = VERTEX_POINT('',#16973);
#16973 = CARTESIAN_POINT('',(-4.351585381868E-16,-8.02,0.));
#16974 = LINE('',#16975,#16976);
#16975 = CARTESIAN_POINT('',(-4.262278595423E-16,-8.02,0.));
#16976 = VECTOR('',#16977,1.);
#16977 = DIRECTION('',(-0.707106781187,0.707106781187,0.));
#16978 = ORIENTED_EDGE('',*,*,#16979,.F.);
#16979 = EDGE_CURVE('',#16980,#16972,#16982,.T.);
#16980 = VERTEX_POINT('',#16981);
#16981 = CARTESIAN_POINT('',(0.4,-7.62,0.));
#16982 = LINE('',#16983,#16984);
#16983 = CARTESIAN_POINT('',(0.4,-7.62,0.));
#16984 = VECTOR('',#16985,1.);
#16985 = DIRECTION('',(-0.707106781187,-0.707106781187,0.));
#16986 = ORIENTED_EDGE('',*,*,#16987,.F.);
#16987 = EDGE_CURVE('',#16964,#16980,#16988,.T.);
#16988 = LINE('',#16989,#16990);
#16989 = CARTESIAN_POINT('',(-4.366997195189E-16,-7.22,0.));
#16990 = VECTOR('',#16991,1.);
#16991 = DIRECTION('',(0.707106781187,-0.707106781187,0.));
#16992 = FACE_BOUND('',#16993,.T.);
#16993 = EDGE_LOOP('',(#16994,#17004,#17012,#17020));
#16994 = ORIENTED_EDGE('',*,*,#16995,.F.);
#16995 = EDGE_CURVE('',#16996,#16998,#17000,.T.);
#16996 = VERTEX_POINT('',#16997);
#16997 = CARTESIAN_POINT('',(-0.4,-5.08,0.));
#16998 = VERTEX_POINT('',#16999);
#16999 = CARTESIAN_POINT('',(-4.40394464E-16,-4.68,0.));
#17000 = LINE('',#17001,#17002);
#17001 = CARTESIAN_POINT('',(-0.4,-5.08,0.));
#17002 = VECTOR('',#17003,1.);
#17003 = DIRECTION('',(0.707106781187,0.707106781187,0.));
#17004 = ORIENTED_EDGE('',*,*,#17005,.F.);
#17005 = EDGE_CURVE('',#17006,#16996,#17008,.T.);
#17006 = VERTEX_POINT('',#17007);
#17007 = CARTESIAN_POINT('',(-4.351585381868E-16,-5.48,0.));
#17008 = LINE('',#17009,#17010);
#17009 = CARTESIAN_POINT('',(-4.262278595423E-16,-5.48,0.));
#17010 = VECTOR('',#17011,1.);
#17011 = DIRECTION('',(-0.707106781187,0.707106781187,0.));
#17012 = ORIENTED_EDGE('',*,*,#17013,.F.);
#17013 = EDGE_CURVE('',#17014,#17006,#17016,.T.);
#17014 = VERTEX_POINT('',#17015);
#17015 = CARTESIAN_POINT('',(0.4,-5.08,0.));
#17016 = LINE('',#17017,#17018);
#17017 = CARTESIAN_POINT('',(0.4,-5.08,0.));
#17018 = VECTOR('',#17019,1.);
#17019 = DIRECTION('',(-0.707106781187,-0.707106781187,0.));
#17020 = ORIENTED_EDGE('',*,*,#17021,.F.);
#17021 = EDGE_CURVE('',#16998,#17014,#17022,.T.);
#17022 = LINE('',#17023,#17024);
#17023 = CARTESIAN_POINT('',(-4.366997195189E-16,-4.68,0.));
#17024 = VECTOR('',#17025,1.);
#17025 = DIRECTION('',(0.707106781187,-0.707106781187,0.));
#17026 = FACE_BOUND('',#17027,.T.);
#17027 = EDGE_LOOP('',(#17028,#17038,#17046,#17054));
#17028 = ORIENTED_EDGE('',*,*,#17029,.F.);
#17029 = EDGE_CURVE('',#17030,#17032,#17034,.T.);
#17030 = VERTEX_POINT('',#17031);
#17031 = CARTESIAN_POINT('',(-0.4,-2.54,0.));
#17032 = VERTEX_POINT('',#17033);
#17033 = CARTESIAN_POINT('',(-4.40394464E-16,-2.14,0.));
#17034 = LINE('',#17035,#17036);
#17035 = CARTESIAN_POINT('',(-0.4,-2.54,0.));
#17036 = VECTOR('',#17037,1.);
#17037 = DIRECTION('',(0.707106781187,0.707106781187,0.));
#17038 = ORIENTED_EDGE('',*,*,#17039,.F.);
#17039 = EDGE_CURVE('',#17040,#17030,#17042,.T.);
#17040 = VERTEX_POINT('',#17041);
#17041 = CARTESIAN_POINT('',(-4.351585381868E-16,-2.94,0.));
#17042 = LINE('',#17043,#17044);
#17043 = CARTESIAN_POINT('',(-4.262278595423E-16,-2.94,0.));
#17044 = VECTOR('',#17045,1.);
#17045 = DIRECTION('',(-0.707106781187,0.707106781187,0.));
#17046 = ORIENTED_EDGE('',*,*,#17047,.F.);
#17047 = EDGE_CURVE('',#17048,#17040,#17050,.T.);
#17048 = VERTEX_POINT('',#17049);
#17049 = CARTESIAN_POINT('',(0.4,-2.54,0.));
#17050 = LINE('',#17051,#17052);
#17051 = CARTESIAN_POINT('',(0.4,-2.54,0.));
#17052 = VECTOR('',#17053,1.);
#17053 = DIRECTION('',(-0.707106781187,-0.707106781187,0.));
#17054 = ORIENTED_EDGE('',*,*,#17055,.F.);
#17055 = EDGE_CURVE('',#17032,#17048,#17056,.T.);
#17056 = LINE('',#17057,#17058);
#17057 = CARTESIAN_POINT('',(-4.366997195189E-16,-2.14,0.));
#17058 = VECTOR('',#17059,1.);
#17059 = DIRECTION('',(0.707106781187,-0.707106781187,0.));
#17060 = FACE_BOUND('',#17061,.T.);
#17061 = EDGE_LOOP('',(#17062,#17072,#17080,#17088));
#17062 = ORIENTED_EDGE('',*,*,#17063,.F.);
#17063 = EDGE_CURVE('',#17064,#17066,#17068,.T.);
#17064 = VERTEX_POINT('',#17065);
#17065 = CARTESIAN_POINT('',(-0.4,0.,0.));
#17066 = VERTEX_POINT('',#17067);
#17067 = CARTESIAN_POINT('',(-4.40394464E-16,0.4,0.));
#17068 = LINE('',#17069,#17070);
#17069 = CARTESIAN_POINT('',(-0.4,0.,0.));
#17070 = VECTOR('',#17071,1.);
#17071 = DIRECTION('',(0.707106781187,0.707106781187,0.));
#17072 = ORIENTED_EDGE('',*,*,#17073,.F.);
#17073 = EDGE_CURVE('',#17074,#17064,#17076,.T.);
#17074 = VERTEX_POINT('',#17075);
#17075 = CARTESIAN_POINT('',(-4.351585381868E-16,-0.4,0.));
#17076 = LINE('',#17077,#17078);
#17077 = CARTESIAN_POINT('',(-4.262278595423E-16,-0.4,0.));
#17078 = VECTOR('',#17079,1.);
#17079 = DIRECTION('',(-0.707106781187,0.707106781187,0.));
#17080 = ORIENTED_EDGE('',*,*,#17081,.F.);
#17081 = EDGE_CURVE('',#17082,#17074,#17084,.T.);
#17082 = VERTEX_POINT('',#17083);
#17083 = CARTESIAN_POINT('',(0.4,0.,0.));
#17084 = LINE('',#17085,#17086);
#17085 = CARTESIAN_POINT('',(0.4,0.,0.));
#17086 = VECTOR('',#17087,1.);
#17087 = DIRECTION('',(-0.707106781187,-0.707106781187,0.));
#17088 = ORIENTED_EDGE('',*,*,#17089,.F.);
#17089 = EDGE_CURVE('',#17066,#17082,#17090,.T.);
#17090 = LINE('',#17091,#17092);
#17091 = CARTESIAN_POINT('',(-4.366997195189E-16,0.4,0.));
#17092 = VECTOR('',#17093,1.);
#17093 = DIRECTION('',(0.707106781187,-0.707106781187,0.));
#17094 = FACE_BOUND('',#17095,.T.);
#17095 = EDGE_LOOP('',(#17096,#17106,#17114,#17122));
#17096 = ORIENTED_EDGE('',*,*,#17097,.F.);
#17097 = EDGE_CURVE('',#17098,#17100,#17102,.T.);
#17098 = VERTEX_POINT('',#17099);
#17099 = CARTESIAN_POINT('',(-0.4,2.54,0.));
#17100 = VERTEX_POINT('',#17101);
#17101 = CARTESIAN_POINT('',(-4.40394464E-16,2.94,0.));
#17102 = LINE('',#17103,#17104);
#17103 = CARTESIAN_POINT('',(-0.4,2.54,0.));
#17104 = VECTOR('',#17105,1.);
#17105 = DIRECTION('',(0.707106781187,0.707106781187,0.));
#17106 = ORIENTED_EDGE('',*,*,#17107,.F.);
#17107 = EDGE_CURVE('',#17108,#17098,#17110,.T.);
#17108 = VERTEX_POINT('',#17109);
#17109 = CARTESIAN_POINT('',(-4.351585381868E-16,2.14,0.));
#17110 = LINE('',#17111,#17112);
#17111 = CARTESIAN_POINT('',(-4.262278595423E-16,2.14,0.));
#17112 = VECTOR('',#17113,1.);
#17113 = DIRECTION('',(-0.707106781187,0.707106781187,0.));
#17114 = ORIENTED_EDGE('',*,*,#17115,.F.);
#17115 = EDGE_CURVE('',#17116,#17108,#17118,.T.);
#17116 = VERTEX_POINT('',#17117);
#17117 = CARTESIAN_POINT('',(0.4,2.54,0.));
#17118 = LINE('',#17119,#17120);
#17119 = CARTESIAN_POINT('',(0.4,2.54,0.));
#17120 = VECTOR('',#17121,1.);
#17121 = DIRECTION('',(-0.707106781187,-0.707106781187,0.));
#17122 = ORIENTED_EDGE('',*,*,#17123,.F.);
#17123 = EDGE_CURVE('',#17100,#17116,#17124,.T.);
#17124 = LINE('',#17125,#17126);
#17125 = CARTESIAN_POINT('',(-4.366997195189E-16,2.94,0.));
#17126 = VECTOR('',#17127,1.);
#17127 = DIRECTION('',(0.707106781187,-0.707106781187,0.));
#17128 = FACE_BOUND('',#17129,.T.);
#17129 = EDGE_LOOP('',(#17130,#17140,#17148,#17156));
#17130 = ORIENTED_EDGE('',*,*,#17131,.F.);
#17131 = EDGE_CURVE('',#17132,#17134,#17136,.T.);
#17132 = VERTEX_POINT('',#17133);
#17133 = CARTESIAN_POINT('',(-0.4,5.08,0.));
#17134 = VERTEX_POINT('',#17135);
#17135 = CARTESIAN_POINT('',(-4.40394464E-16,5.48,0.));
#17136 = LINE('',#17137,#17138);
#17137 = CARTESIAN_POINT('',(-0.4,5.08,0.));
#17138 = VECTOR('',#17139,1.);
#17139 = DIRECTION('',(0.707106781187,0.707106781187,0.));
#17140 = ORIENTED_EDGE('',*,*,#17141,.F.);
#17141 = EDGE_CURVE('',#17142,#17132,#17144,.T.);
#17142 = VERTEX_POINT('',#17143);
#17143 = CARTESIAN_POINT('',(-4.351585381868E-16,4.68,0.));
#17144 = LINE('',#17145,#17146);
#17145 = CARTESIAN_POINT('',(-4.262278595423E-16,4.68,0.));
#17146 = VECTOR('',#17147,1.);
#17147 = DIRECTION('',(-0.707106781187,0.707106781187,0.));
#17148 = ORIENTED_EDGE('',*,*,#17149,.F.);
#17149 = EDGE_CURVE('',#17150,#17142,#17152,.T.);
#17150 = VERTEX_POINT('',#17151);
#17151 = CARTESIAN_POINT('',(0.4,5.08,0.));
#17152 = LINE('',#17153,#17154);
#17153 = CARTESIAN_POINT('',(0.4,5.08,0.));
#17154 = VECTOR('',#17155,1.);
#17155 = DIRECTION('',(-0.707106781187,-0.707106781187,0.));
#17156 = ORIENTED_EDGE('',*,*,#17157,.F.);
#17157 = EDGE_CURVE('',#17134,#17150,#17158,.T.);
#17158 = LINE('',#17159,#17160);
#17159 = CARTESIAN_POINT('',(-4.366997195189E-16,5.48,0.));
#17160 = VECTOR('',#17161,1.);
#17161 = DIRECTION('',(0.707106781187,-0.707106781187,0.));
#17162 = FACE_BOUND('',#17163,.T.);
#17163 = EDGE_LOOP('',(#17164,#17174,#17182,#17190));
#17164 = ORIENTED_EDGE('',*,*,#17165,.F.);
#17165 = EDGE_CURVE('',#17166,#17168,#17170,.T.);
#17166 = VERTEX_POINT('',#17167);
#17167 = CARTESIAN_POINT('',(-0.4,7.62,0.));
#17168 = VERTEX_POINT('',#17169);
#17169 = CARTESIAN_POINT('',(-4.40394464E-16,8.02,0.));
#17170 = LINE('',#17171,#17172);
#17171 = CARTESIAN_POINT('',(-0.4,7.62,0.));
#17172 = VECTOR('',#17173,1.);
#17173 = DIRECTION('',(0.707106781187,0.707106781187,0.));
#17174 = ORIENTED_EDGE('',*,*,#17175,.F.);
#17175 = EDGE_CURVE('',#17176,#17166,#17178,.T.);
#17176 = VERTEX_POINT('',#17177);
#17177 = CARTESIAN_POINT('',(-4.351585381868E-16,7.22,0.));
#17178 = LINE('',#17179,#17180);
#17179 = CARTESIAN_POINT('',(-4.262278595423E-16,7.22,0.));
#17180 = VECTOR('',#17181,1.);
#17181 = DIRECTION('',(-0.707106781187,0.707106781187,0.));
#17182 = ORIENTED_EDGE('',*,*,#17183,.F.);
#17183 = EDGE_CURVE('',#17184,#17176,#17186,.T.);
#17184 = VERTEX_POINT('',#17185);
#17185 = CARTESIAN_POINT('',(0.4,7.62,0.));
#17186 = LINE('',#17187,#17188);
#17187 = CARTESIAN_POINT('',(0.4,7.62,0.));
#17188 = VECTOR('',#17189,1.);
#17189 = DIRECTION('',(-0.707106781187,-0.707106781187,0.));
#17190 = ORIENTED_EDGE('',*,*,#17191,.F.);
#17191 = EDGE_CURVE('',#17168,#17184,#17192,.T.);
#17192 = LINE('',#17193,#17194);
#17193 = CARTESIAN_POINT('',(-4.366997195189E-16,8.02,0.));
#17194 = VECTOR('',#17195,1.);
#17195 = DIRECTION('',(0.707106781187,-0.707106781187,0.));
#17196 = FACE_BOUND('',#17197,.T.);
#17197 = EDGE_LOOP('',(#17198,#17208,#17216,#17224));
#17198 = ORIENTED_EDGE('',*,*,#17199,.F.);
#17199 = EDGE_CURVE('',#17200,#17202,#17204,.T.);
#17200 = VERTEX_POINT('',#17201);
#17201 = CARTESIAN_POINT('',(-0.4,10.16,0.));
#17202 = VERTEX_POINT('',#17203);
#17203 = CARTESIAN_POINT('',(-4.40394464E-16,10.56,0.));
#17204 = LINE('',#17205,#17206);
#17205 = CARTESIAN_POINT('',(-0.4,10.16,0.));
#17206 = VECTOR('',#17207,1.);
#17207 = DIRECTION('',(0.707106781187,0.707106781187,0.));
#17208 = ORIENTED_EDGE('',*,*,#17209,.F.);
#17209 = EDGE_CURVE('',#17210,#17200,#17212,.T.);
#17210 = VERTEX_POINT('',#17211);
#17211 = CARTESIAN_POINT('',(-4.351585381868E-16,9.76,0.));
#17212 = LINE('',#17213,#17214);
#17213 = CARTESIAN_POINT('',(-4.262278595423E-16,9.76,0.));
#17214 = VECTOR('',#17215,1.);
#17215 = DIRECTION('',(-0.707106781187,0.707106781187,0.));
#17216 = ORIENTED_EDGE('',*,*,#17217,.F.);
#17217 = EDGE_CURVE('',#17218,#17210,#17220,.T.);
#17218 = VERTEX_POINT('',#17219);
#17219 = CARTESIAN_POINT('',(0.4,10.16,0.));
#17220 = LINE('',#17221,#17222);
#17221 = CARTESIAN_POINT('',(0.4,10.16,0.));
#17222 = VECTOR('',#17223,1.);
#17223 = DIRECTION('',(-0.707106781187,-0.707106781187,0.));
#17224 = ORIENTED_EDGE('',*,*,#17225,.F.);
#17225 = EDGE_CURVE('',#17202,#17218,#17226,.T.);
#17226 = LINE('',#17227,#17228);
#17227 = CARTESIAN_POINT('',(-4.366997195189E-16,10.56,0.));
#17228 = VECTOR('',#17229,1.);
#17229 = DIRECTION('',(0.707106781187,-0.707106781187,0.));
#17230 = FACE_BOUND('',#17231,.T.);
#17231 = EDGE_LOOP('',(#17232,#17242,#17250,#17258));
#17232 = ORIENTED_EDGE('',*,*,#17233,.F.);
#17233 = EDGE_CURVE('',#17234,#17236,#17238,.T.);
#17234 = VERTEX_POINT('',#17235);
#17235 = CARTESIAN_POINT('',(-0.4,12.7,0.));
#17236 = VERTEX_POINT('',#17237);
#17237 = CARTESIAN_POINT('',(-4.40394464E-16,13.1,0.));
#17238 = LINE('',#17239,#17240);
#17239 = CARTESIAN_POINT('',(-0.4,12.7,0.));
#17240 = VECTOR('',#17241,1.);
#17241 = DIRECTION('',(0.707106781187,0.707106781187,0.));
#17242 = ORIENTED_EDGE('',*,*,#17243,.F.);
#17243 = EDGE_CURVE('',#17244,#17234,#17246,.T.);
#17244 = VERTEX_POINT('',#17245);
#17245 = CARTESIAN_POINT('',(-4.351585381868E-16,12.3,0.));
#17246 = LINE('',#17247,#17248);
#17247 = CARTESIAN_POINT('',(-4.262278595423E-16,12.3,0.));
#17248 = VECTOR('',#17249,1.);
#17249 = DIRECTION('',(-0.707106781187,0.707106781187,0.));
#17250 = ORIENTED_EDGE('',*,*,#17251,.F.);
#17251 = EDGE_CURVE('',#17252,#17244,#17254,.T.);
#17252 = VERTEX_POINT('',#17253);
#17253 = CARTESIAN_POINT('',(0.4,12.7,0.));
#17254 = LINE('',#17255,#17256);
#17255 = CARTESIAN_POINT('',(0.4,12.7,0.));
#17256 = VECTOR('',#17257,1.);
#17257 = DIRECTION('',(-0.707106781187,-0.707106781187,0.));
#17258 = ORIENTED_EDGE('',*,*,#17259,.F.);
#17259 = EDGE_CURVE('',#17236,#17252,#17260,.T.);
#17260 = LINE('',#17261,#17262);
#17261 = CARTESIAN_POINT('',(-4.366997195189E-16,13.1,0.));
#17262 = VECTOR('',#17263,1.);
#17263 = DIRECTION('',(0.707106781187,-0.707106781187,0.));
#17264 = FACE_BOUND('',#17265,.T.);
#17265 = EDGE_LOOP('',(#17266,#17276,#17284,#17292));
#17266 = ORIENTED_EDGE('',*,*,#17267,.F.);
#17267 = EDGE_CURVE('',#17268,#17270,#17272,.T.);
#17268 = VERTEX_POINT('',#17269);
#17269 = CARTESIAN_POINT('',(-0.4,15.24,0.));
#17270 = VERTEX_POINT('',#17271);
#17271 = CARTESIAN_POINT('',(-4.40394464E-16,15.64,0.));
#17272 = LINE('',#17273,#17274);
#17273 = CARTESIAN_POINT('',(-0.4,15.24,0.));
#17274 = VECTOR('',#17275,1.);
#17275 = DIRECTION('',(0.707106781187,0.707106781187,0.));
#17276 = ORIENTED_EDGE('',*,*,#17277,.F.);
#17277 = EDGE_CURVE('',#17278,#17268,#17280,.T.);
#17278 = VERTEX_POINT('',#17279);
#17279 = CARTESIAN_POINT('',(-4.351585381868E-16,14.84,0.));
#17280 = LINE('',#17281,#17282);
#17281 = CARTESIAN_POINT('',(-4.262278595423E-16,14.84,0.));
#17282 = VECTOR('',#17283,1.);
#17283 = DIRECTION('',(-0.707106781187,0.707106781187,0.));
#17284 = ORIENTED_EDGE('',*,*,#17285,.F.);
#17285 = EDGE_CURVE('',#17286,#17278,#17288,.T.);
#17286 = VERTEX_POINT('',#17287);
#17287 = CARTESIAN_POINT('',(0.4,15.24,0.));
#17288 = LINE('',#17289,#17290);
#17289 = CARTESIAN_POINT('',(0.4,15.24,0.));
#17290 = VECTOR('',#17291,1.);
#17291 = DIRECTION('',(-0.707106781187,-0.707106781187,0.));
#17292 = ORIENTED_EDGE('',*,*,#17293,.F.);
#17293 = EDGE_CURVE('',#17270,#17286,#17294,.T.);
#17294 = LINE('',#17295,#17296);
#17295 = CARTESIAN_POINT('',(-4.366997195189E-16,15.64,0.));
#17296 = VECTOR('',#17297,1.);
#17297 = DIRECTION('',(0.707106781187,-0.707106781187,0.));
#17298 = FACE_BOUND('',#17299,.T.);
#17299 = EDGE_LOOP('',(#17300,#17310,#17318,#17326));
#17300 = ORIENTED_EDGE('',*,*,#17301,.F.);
#17301 = EDGE_CURVE('',#17302,#17304,#17306,.T.);
#17302 = VERTEX_POINT('',#17303);
#17303 = CARTESIAN_POINT('',(-0.4,17.78,0.));
#17304 = VERTEX_POINT('',#17305);
#17305 = CARTESIAN_POINT('',(-4.40394464E-16,18.18,0.));
#17306 = LINE('',#17307,#17308);
#17307 = CARTESIAN_POINT('',(-0.4,17.78,0.));
#17308 = VECTOR('',#17309,1.);
#17309 = DIRECTION('',(0.707106781187,0.707106781187,0.));
#17310 = ORIENTED_EDGE('',*,*,#17311,.F.);
#17311 = EDGE_CURVE('',#17312,#17302,#17314,.T.);
#17312 = VERTEX_POINT('',#17313);
#17313 = CARTESIAN_POINT('',(-4.351585381868E-16,17.38,0.));
#17314 = LINE('',#17315,#17316);
#17315 = CARTESIAN_POINT('',(-4.262278595423E-16,17.38,0.));
#17316 = VECTOR('',#17317,1.);
#17317 = DIRECTION('',(-0.707106781187,0.707106781187,0.));
#17318 = ORIENTED_EDGE('',*,*,#17319,.F.);
#17319 = EDGE_CURVE('',#17320,#17312,#17322,.T.);
#17320 = VERTEX_POINT('',#17321);
#17321 = CARTESIAN_POINT('',(0.4,17.78,0.));
#17322 = LINE('',#17323,#17324);
#17323 = CARTESIAN_POINT('',(0.4,17.78,0.));
#17324 = VECTOR('',#17325,1.);
#17325 = DIRECTION('',(-0.707106781187,-0.707106781187,0.));
#17326 = ORIENTED_EDGE('',*,*,#17327,.F.);
#17327 = EDGE_CURVE('',#17304,#17320,#17328,.T.);
#17328 = LINE('',#17329,#17330);
#17329 = CARTESIAN_POINT('',(-4.366997195189E-16,18.18,0.));
#17330 = VECTOR('',#17331,1.);
#17331 = DIRECTION('',(0.707106781187,-0.707106781187,0.));
#17332 = FACE_BOUND('',#17333,.T.);
#17333 = EDGE_LOOP('',(#17334,#17344,#17352,#17360));
#17334 = ORIENTED_EDGE('',*,*,#17335,.F.);
#17335 = EDGE_CURVE('',#17336,#17338,#17340,.T.);
#17336 = VERTEX_POINT('',#17337);
#17337 = CARTESIAN_POINT('',(-0.4,20.32,0.));
#17338 = VERTEX_POINT('',#17339);
#17339 = CARTESIAN_POINT('',(-4.40394464E-16,20.72,0.));
#17340 = LINE('',#17341,#17342);
#17341 = CARTESIAN_POINT('',(-0.4,20.32,0.));
#17342 = VECTOR('',#17343,1.);
#17343 = DIRECTION('',(0.707106781187,0.707106781187,0.));
#17344 = ORIENTED_EDGE('',*,*,#17345,.F.);
#17345 = EDGE_CURVE('',#17346,#17336,#17348,.T.);
#17346 = VERTEX_POINT('',#17347);
#17347 = CARTESIAN_POINT('',(-4.351585381868E-16,19.92,0.));
#17348 = LINE('',#17349,#17350);
#17349 = CARTESIAN_POINT('',(-4.262278595423E-16,19.92,0.));
#17350 = VECTOR('',#17351,1.);
#17351 = DIRECTION('',(-0.707106781187,0.707106781187,0.));
#17352 = ORIENTED_EDGE('',*,*,#17353,.F.);
#17353 = EDGE_CURVE('',#17354,#17346,#17356,.T.);
#17354 = VERTEX_POINT('',#17355);
#17355 = CARTESIAN_POINT('',(0.4,20.32,0.));
#17356 = LINE('',#17357,#17358);
#17357 = CARTESIAN_POINT('',(0.4,20.32,0.));
#17358 = VECTOR('',#17359,1.);
#17359 = DIRECTION('',(-0.707106781187,-0.707106781187,0.));
#17360 = ORIENTED_EDGE('',*,*,#17361,.F.);
#17361 = EDGE_CURVE('',#17338,#17354,#17362,.T.);
#17362 = LINE('',#17363,#17364);
#17363 = CARTESIAN_POINT('',(-4.366997195189E-16,20.72,0.));
#17364 = VECTOR('',#17365,1.);
#17365 = DIRECTION('',(0.707106781187,-0.707106781187,0.));
#17366 = PLANE('',#17367);
#17367 = AXIS2_PLACEMENT_3D('',#17368,#17369,#17370);
#17368 = CARTESIAN_POINT('',(-1.031572093877E-16,-5.713322366091E-16,0.)
  );
#17369 = DIRECTION('',(-0.,-0.,-1.));
#17370 = DIRECTION('',(-1.,0.,0.));
#17371 = ADVANCED_FACE('',(#17372,#18231,#18265,#18299,#18333,#18367,
    #18401,#18435,#18469,#18503,#18537,#18571,#18605,#18639,#18673,
    #18707,#18741,#18775),#18809,.T.);
#17372 = FACE_BOUND('',#17373,.T.);
#17373 = EDGE_LOOP('',(#17374,#17384,#17392,#17400,#17408,#17416,#17424,
    #17432,#17440,#17448,#17456,#17464,#17472,#17480,#17488,#17496,
    #17504,#17512,#17520,#17528,#17536,#17544,#17552,#17560,#17568,
    #17576,#17584,#17592,#17600,#17608,#17616,#17624,#17632,#17640,
    #17648,#17656,#17664,#17672,#17680,#17688,#17696,#17704,#17712,
    #17720,#17728,#17736,#17744,#17752,#17760,#17768,#17776,#17784,
    #17792,#17800,#17808,#17816,#17824,#17830,#17831,#17832,#17833,
    #17841,#17849,#17857,#17865,#17873,#17881,#17889,#17897,#17905,
    #17913,#17921,#17929,#17937,#17945,#17953,#17961,#17969,#17977,
    #17985,#17993,#18001,#18009,#18017,#18025,#18033,#18041,#18049,
    #18057,#18065,#18073,#18081,#18089,#18097,#18105,#18113,#18121,
    #18129,#18137,#18145,#18153,#18161,#18169,#18177,#18185,#18193,
    #18201,#18209,#18217,#18225));
#17374 = ORIENTED_EDGE('',*,*,#17375,.F.);
#17375 = EDGE_CURVE('',#17376,#17378,#17380,.T.);
#17376 = VERTEX_POINT('',#17377);
#17377 = CARTESIAN_POINT('',(-2.54,-20.72,2.54));
#17378 = VERTEX_POINT('',#17379);
#17379 = CARTESIAN_POINT('',(-2.14,-20.32,2.54));
#17380 = LINE('',#17381,#17382);
#17381 = CARTESIAN_POINT('',(-2.54,-20.72,2.54));
#17382 = VECTOR('',#17383,1.);
#17383 = DIRECTION('',(0.707106781187,0.707106781187,0.));
#17384 = ORIENTED_EDGE('',*,*,#17385,.T.);
#17385 = EDGE_CURVE('',#17376,#17386,#17388,.T.);
#17386 = VERTEX_POINT('',#17387);
#17387 = CARTESIAN_POINT('',(-2.54,-22.46,2.54));
#17388 = LINE('',#17389,#17390);
#17389 = CARTESIAN_POINT('',(-2.54,-20.72,2.54));
#17390 = VECTOR('',#17391,1.);
#17391 = DIRECTION('',(0.,-1.,0.));
#17392 = ORIENTED_EDGE('',*,*,#17393,.T.);
#17393 = EDGE_CURVE('',#17386,#17394,#17396,.T.);
#17394 = VERTEX_POINT('',#17395);
#17395 = CARTESIAN_POINT('',(-2.14,-22.86,2.54));
#17396 = LINE('',#17397,#17398);
#17397 = CARTESIAN_POINT('',(-2.54,-22.46,2.54));
#17398 = VECTOR('',#17399,1.);
#17399 = DIRECTION('',(0.707106781187,-0.707106781187,0.));
#17400 = ORIENTED_EDGE('',*,*,#17401,.T.);
#17401 = EDGE_CURVE('',#17394,#17402,#17404,.T.);
#17402 = VERTEX_POINT('',#17403);
#17403 = CARTESIAN_POINT('',(2.14,-22.86,2.54));
#17404 = LINE('',#17405,#17406);
#17405 = CARTESIAN_POINT('',(-2.14,-22.86,2.54));
#17406 = VECTOR('',#17407,1.);
#17407 = DIRECTION('',(1.,0.,0.));
#17408 = ORIENTED_EDGE('',*,*,#17409,.T.);
#17409 = EDGE_CURVE('',#17402,#17410,#17412,.T.);
#17410 = VERTEX_POINT('',#17411);
#17411 = CARTESIAN_POINT('',(2.54,-22.46,2.54));
#17412 = LINE('',#17413,#17414);
#17413 = CARTESIAN_POINT('',(2.14,-22.86,2.54));
#17414 = VECTOR('',#17415,1.);
#17415 = DIRECTION('',(0.707106781187,0.707106781187,0.));
#17416 = ORIENTED_EDGE('',*,*,#17417,.T.);
#17417 = EDGE_CURVE('',#17410,#17418,#17420,.T.);
#17418 = VERTEX_POINT('',#17419);
#17419 = CARTESIAN_POINT('',(2.54,-20.72,2.54));
#17420 = LINE('',#17421,#17422);
#17421 = CARTESIAN_POINT('',(2.54,-22.46,2.54));
#17422 = VECTOR('',#17423,1.);
#17423 = DIRECTION('',(0.,1.,0.));
#17424 = ORIENTED_EDGE('',*,*,#17425,.F.);
#17425 = EDGE_CURVE('',#17426,#17418,#17428,.T.);
#17426 = VERTEX_POINT('',#17427);
#17427 = CARTESIAN_POINT('',(2.14,-20.32,2.54));
#17428 = LINE('',#17429,#17430);
#17429 = CARTESIAN_POINT('',(2.14,-20.32,2.54));
#17430 = VECTOR('',#17431,1.);
#17431 = DIRECTION('',(0.707106781187,-0.707106781187,0.));
#17432 = ORIENTED_EDGE('',*,*,#17433,.T.);
#17433 = EDGE_CURVE('',#17426,#17434,#17436,.T.);
#17434 = VERTEX_POINT('',#17435);
#17435 = CARTESIAN_POINT('',(2.54,-19.92,2.54));
#17436 = LINE('',#17437,#17438);
#17437 = CARTESIAN_POINT('',(2.14,-20.32,2.54));
#17438 = VECTOR('',#17439,1.);
#17439 = DIRECTION('',(0.707106781187,0.707106781187,0.));
#17440 = ORIENTED_EDGE('',*,*,#17441,.T.);
#17441 = EDGE_CURVE('',#17434,#17442,#17444,.T.);
#17442 = VERTEX_POINT('',#17443);
#17443 = CARTESIAN_POINT('',(2.54,-18.18,2.54));
#17444 = LINE('',#17445,#17446);
#17445 = CARTESIAN_POINT('',(2.54,-19.92,2.54));
#17446 = VECTOR('',#17447,1.);
#17447 = DIRECTION('',(0.,1.,0.));
#17448 = ORIENTED_EDGE('',*,*,#17449,.F.);
#17449 = EDGE_CURVE('',#17450,#17442,#17452,.T.);
#17450 = VERTEX_POINT('',#17451);
#17451 = CARTESIAN_POINT('',(2.14,-17.78,2.54));
#17452 = LINE('',#17453,#17454);
#17453 = CARTESIAN_POINT('',(2.14,-17.78,2.54));
#17454 = VECTOR('',#17455,1.);
#17455 = DIRECTION('',(0.707106781187,-0.707106781187,0.));
#17456 = ORIENTED_EDGE('',*,*,#17457,.T.);
#17457 = EDGE_CURVE('',#17450,#17458,#17460,.T.);
#17458 = VERTEX_POINT('',#17459);
#17459 = CARTESIAN_POINT('',(2.54,-17.38,2.54));
#17460 = LINE('',#17461,#17462);
#17461 = CARTESIAN_POINT('',(2.14,-17.78,2.54));
#17462 = VECTOR('',#17463,1.);
#17463 = DIRECTION('',(0.707106781187,0.707106781187,0.));
#17464 = ORIENTED_EDGE('',*,*,#17465,.T.);
#17465 = EDGE_CURVE('',#17458,#17466,#17468,.T.);
#17466 = VERTEX_POINT('',#17467);
#17467 = CARTESIAN_POINT('',(2.54,-15.64,2.54));
#17468 = LINE('',#17469,#17470);
#17469 = CARTESIAN_POINT('',(2.54,-17.38,2.54));
#17470 = VECTOR('',#17471,1.);
#17471 = DIRECTION('',(0.,1.,0.));
#17472 = ORIENTED_EDGE('',*,*,#17473,.F.);
#17473 = EDGE_CURVE('',#17474,#17466,#17476,.T.);
#17474 = VERTEX_POINT('',#17475);
#17475 = CARTESIAN_POINT('',(2.14,-15.24,2.54));
#17476 = LINE('',#17477,#17478);
#17477 = CARTESIAN_POINT('',(2.14,-15.24,2.54));
#17478 = VECTOR('',#17479,1.);
#17479 = DIRECTION('',(0.707106781187,-0.707106781187,0.));
#17480 = ORIENTED_EDGE('',*,*,#17481,.T.);
#17481 = EDGE_CURVE('',#17474,#17482,#17484,.T.);
#17482 = VERTEX_POINT('',#17483);
#17483 = CARTESIAN_POINT('',(2.54,-14.84,2.54));
#17484 = LINE('',#17485,#17486);
#17485 = CARTESIAN_POINT('',(2.14,-15.24,2.54));
#17486 = VECTOR('',#17487,1.);
#17487 = DIRECTION('',(0.707106781187,0.707106781187,0.));
#17488 = ORIENTED_EDGE('',*,*,#17489,.T.);
#17489 = EDGE_CURVE('',#17482,#17490,#17492,.T.);
#17490 = VERTEX_POINT('',#17491);
#17491 = CARTESIAN_POINT('',(2.54,-13.1,2.54));
#17492 = LINE('',#17493,#17494);
#17493 = CARTESIAN_POINT('',(2.54,-14.84,2.54));
#17494 = VECTOR('',#17495,1.);
#17495 = DIRECTION('',(0.,1.,0.));
#17496 = ORIENTED_EDGE('',*,*,#17497,.F.);
#17497 = EDGE_CURVE('',#17498,#17490,#17500,.T.);
#17498 = VERTEX_POINT('',#17499);
#17499 = CARTESIAN_POINT('',(2.14,-12.7,2.54));
#17500 = LINE('',#17501,#17502);
#17501 = CARTESIAN_POINT('',(2.14,-12.7,2.54));
#17502 = VECTOR('',#17503,1.);
#17503 = DIRECTION('',(0.707106781187,-0.707106781187,0.));
#17504 = ORIENTED_EDGE('',*,*,#17505,.T.);
#17505 = EDGE_CURVE('',#17498,#17506,#17508,.T.);
#17506 = VERTEX_POINT('',#17507);
#17507 = CARTESIAN_POINT('',(2.54,-12.3,2.54));
#17508 = LINE('',#17509,#17510);
#17509 = CARTESIAN_POINT('',(2.14,-12.7,2.54));
#17510 = VECTOR('',#17511,1.);
#17511 = DIRECTION('',(0.707106781187,0.707106781187,0.));
#17512 = ORIENTED_EDGE('',*,*,#17513,.T.);
#17513 = EDGE_CURVE('',#17506,#17514,#17516,.T.);
#17514 = VERTEX_POINT('',#17515);
#17515 = CARTESIAN_POINT('',(2.54,-10.56,2.54));
#17516 = LINE('',#17517,#17518);
#17517 = CARTESIAN_POINT('',(2.54,-12.3,2.54));
#17518 = VECTOR('',#17519,1.);
#17519 = DIRECTION('',(0.,1.,0.));
#17520 = ORIENTED_EDGE('',*,*,#17521,.F.);
#17521 = EDGE_CURVE('',#17522,#17514,#17524,.T.);
#17522 = VERTEX_POINT('',#17523);
#17523 = CARTESIAN_POINT('',(2.14,-10.16,2.54));
#17524 = LINE('',#17525,#17526);
#17525 = CARTESIAN_POINT('',(2.14,-10.16,2.54));
#17526 = VECTOR('',#17527,1.);
#17527 = DIRECTION('',(0.707106781187,-0.707106781187,0.));
#17528 = ORIENTED_EDGE('',*,*,#17529,.T.);
#17529 = EDGE_CURVE('',#17522,#17530,#17532,.T.);
#17530 = VERTEX_POINT('',#17531);
#17531 = CARTESIAN_POINT('',(2.54,-9.76,2.54));
#17532 = LINE('',#17533,#17534);
#17533 = CARTESIAN_POINT('',(2.14,-10.16,2.54));
#17534 = VECTOR('',#17535,1.);
#17535 = DIRECTION('',(0.707106781187,0.707106781187,0.));
#17536 = ORIENTED_EDGE('',*,*,#17537,.T.);
#17537 = EDGE_CURVE('',#17530,#17538,#17540,.T.);
#17538 = VERTEX_POINT('',#17539);
#17539 = CARTESIAN_POINT('',(2.54,-8.02,2.54));
#17540 = LINE('',#17541,#17542);
#17541 = CARTESIAN_POINT('',(2.54,-9.76,2.54));
#17542 = VECTOR('',#17543,1.);
#17543 = DIRECTION('',(0.,1.,0.));
#17544 = ORIENTED_EDGE('',*,*,#17545,.F.);
#17545 = EDGE_CURVE('',#17546,#17538,#17548,.T.);
#17546 = VERTEX_POINT('',#17547);
#17547 = CARTESIAN_POINT('',(2.14,-7.62,2.54));
#17548 = LINE('',#17549,#17550);
#17549 = CARTESIAN_POINT('',(2.14,-7.62,2.54));
#17550 = VECTOR('',#17551,1.);
#17551 = DIRECTION('',(0.707106781187,-0.707106781187,0.));
#17552 = ORIENTED_EDGE('',*,*,#17553,.T.);
#17553 = EDGE_CURVE('',#17546,#17554,#17556,.T.);
#17554 = VERTEX_POINT('',#17555);
#17555 = CARTESIAN_POINT('',(2.54,-7.22,2.54));
#17556 = LINE('',#17557,#17558);
#17557 = CARTESIAN_POINT('',(2.14,-7.62,2.54));
#17558 = VECTOR('',#17559,1.);
#17559 = DIRECTION('',(0.707106781187,0.707106781187,0.));
#17560 = ORIENTED_EDGE('',*,*,#17561,.T.);
#17561 = EDGE_CURVE('',#17554,#17562,#17564,.T.);
#17562 = VERTEX_POINT('',#17563);
#17563 = CARTESIAN_POINT('',(2.54,-5.48,2.54));
#17564 = LINE('',#17565,#17566);
#17565 = CARTESIAN_POINT('',(2.54,-7.22,2.54));
#17566 = VECTOR('',#17567,1.);
#17567 = DIRECTION('',(0.,1.,0.));
#17568 = ORIENTED_EDGE('',*,*,#17569,.F.);
#17569 = EDGE_CURVE('',#17570,#17562,#17572,.T.);
#17570 = VERTEX_POINT('',#17571);
#17571 = CARTESIAN_POINT('',(2.14,-5.08,2.54));
#17572 = LINE('',#17573,#17574);
#17573 = CARTESIAN_POINT('',(2.14,-5.08,2.54));
#17574 = VECTOR('',#17575,1.);
#17575 = DIRECTION('',(0.707106781187,-0.707106781187,0.));
#17576 = ORIENTED_EDGE('',*,*,#17577,.T.);
#17577 = EDGE_CURVE('',#17570,#17578,#17580,.T.);
#17578 = VERTEX_POINT('',#17579);
#17579 = CARTESIAN_POINT('',(2.54,-4.68,2.54));
#17580 = LINE('',#17581,#17582);
#17581 = CARTESIAN_POINT('',(2.14,-5.08,2.54));
#17582 = VECTOR('',#17583,1.);
#17583 = DIRECTION('',(0.707106781187,0.707106781187,0.));
#17584 = ORIENTED_EDGE('',*,*,#17585,.T.);
#17585 = EDGE_CURVE('',#17578,#17586,#17588,.T.);
#17586 = VERTEX_POINT('',#17587);
#17587 = CARTESIAN_POINT('',(2.54,-2.94,2.54));
#17588 = LINE('',#17589,#17590);
#17589 = CARTESIAN_POINT('',(2.54,-4.68,2.54));
#17590 = VECTOR('',#17591,1.);
#17591 = DIRECTION('',(0.,1.,0.));
#17592 = ORIENTED_EDGE('',*,*,#17593,.F.);
#17593 = EDGE_CURVE('',#17594,#17586,#17596,.T.);
#17594 = VERTEX_POINT('',#17595);
#17595 = CARTESIAN_POINT('',(2.14,-2.54,2.54));
#17596 = LINE('',#17597,#17598);
#17597 = CARTESIAN_POINT('',(2.14,-2.54,2.54));
#17598 = VECTOR('',#17599,1.);
#17599 = DIRECTION('',(0.707106781187,-0.707106781187,0.));
#17600 = ORIENTED_EDGE('',*,*,#17601,.T.);
#17601 = EDGE_CURVE('',#17594,#17602,#17604,.T.);
#17602 = VERTEX_POINT('',#17603);
#17603 = CARTESIAN_POINT('',(2.54,-2.14,2.54));
#17604 = LINE('',#17605,#17606);
#17605 = CARTESIAN_POINT('',(2.14,-2.54,2.54));
#17606 = VECTOR('',#17607,1.);
#17607 = DIRECTION('',(0.707106781187,0.707106781187,0.));
#17608 = ORIENTED_EDGE('',*,*,#17609,.T.);
#17609 = EDGE_CURVE('',#17602,#17610,#17612,.T.);
#17610 = VERTEX_POINT('',#17611);
#17611 = CARTESIAN_POINT('',(2.54,-0.4,2.54));
#17612 = LINE('',#17613,#17614);
#17613 = CARTESIAN_POINT('',(2.54,-2.14,2.54));
#17614 = VECTOR('',#17615,1.);
#17615 = DIRECTION('',(0.,1.,0.));
#17616 = ORIENTED_EDGE('',*,*,#17617,.F.);
#17617 = EDGE_CURVE('',#17618,#17610,#17620,.T.);
#17618 = VERTEX_POINT('',#17619);
#17619 = CARTESIAN_POINT('',(2.14,0.,2.54));
#17620 = LINE('',#17621,#17622);
#17621 = CARTESIAN_POINT('',(2.14,0.,2.54));
#17622 = VECTOR('',#17623,1.);
#17623 = DIRECTION('',(0.707106781187,-0.707106781187,0.));
#17624 = ORIENTED_EDGE('',*,*,#17625,.T.);
#17625 = EDGE_CURVE('',#17618,#17626,#17628,.T.);
#17626 = VERTEX_POINT('',#17627);
#17627 = CARTESIAN_POINT('',(2.54,0.4,2.54));
#17628 = LINE('',#17629,#17630);
#17629 = CARTESIAN_POINT('',(2.14,0.,2.54));
#17630 = VECTOR('',#17631,1.);
#17631 = DIRECTION('',(0.707106781187,0.707106781187,0.));
#17632 = ORIENTED_EDGE('',*,*,#17633,.T.);
#17633 = EDGE_CURVE('',#17626,#17634,#17636,.T.);
#17634 = VERTEX_POINT('',#17635);
#17635 = CARTESIAN_POINT('',(2.54,2.14,2.54));
#17636 = LINE('',#17637,#17638);
#17637 = CARTESIAN_POINT('',(2.54,0.4,2.54));
#17638 = VECTOR('',#17639,1.);
#17639 = DIRECTION('',(0.,1.,0.));
#17640 = ORIENTED_EDGE('',*,*,#17641,.F.);
#17641 = EDGE_CURVE('',#17642,#17634,#17644,.T.);
#17642 = VERTEX_POINT('',#17643);
#17643 = CARTESIAN_POINT('',(2.14,2.54,2.54));
#17644 = LINE('',#17645,#17646);
#17645 = CARTESIAN_POINT('',(2.14,2.54,2.54));
#17646 = VECTOR('',#17647,1.);
#17647 = DIRECTION('',(0.707106781187,-0.707106781187,0.));
#17648 = ORIENTED_EDGE('',*,*,#17649,.T.);
#17649 = EDGE_CURVE('',#17642,#17650,#17652,.T.);
#17650 = VERTEX_POINT('',#17651);
#17651 = CARTESIAN_POINT('',(2.54,2.94,2.54));
#17652 = LINE('',#17653,#17654);
#17653 = CARTESIAN_POINT('',(2.14,2.54,2.54));
#17654 = VECTOR('',#17655,1.);
#17655 = DIRECTION('',(0.707106781187,0.707106781187,0.));
#17656 = ORIENTED_EDGE('',*,*,#17657,.T.);
#17657 = EDGE_CURVE('',#17650,#17658,#17660,.T.);
#17658 = VERTEX_POINT('',#17659);
#17659 = CARTESIAN_POINT('',(2.54,4.68,2.54));
#17660 = LINE('',#17661,#17662);
#17661 = CARTESIAN_POINT('',(2.54,2.94,2.54));
#17662 = VECTOR('',#17663,1.);
#17663 = DIRECTION('',(0.,1.,0.));
#17664 = ORIENTED_EDGE('',*,*,#17665,.F.);
#17665 = EDGE_CURVE('',#17666,#17658,#17668,.T.);
#17666 = VERTEX_POINT('',#17667);
#17667 = CARTESIAN_POINT('',(2.14,5.08,2.54));
#17668 = LINE('',#17669,#17670);
#17669 = CARTESIAN_POINT('',(2.14,5.08,2.54));
#17670 = VECTOR('',#17671,1.);
#17671 = DIRECTION('',(0.707106781187,-0.707106781187,0.));
#17672 = ORIENTED_EDGE('',*,*,#17673,.T.);
#17673 = EDGE_CURVE('',#17666,#17674,#17676,.T.);
#17674 = VERTEX_POINT('',#17675);
#17675 = CARTESIAN_POINT('',(2.54,5.48,2.54));
#17676 = LINE('',#17677,#17678);
#17677 = CARTESIAN_POINT('',(2.14,5.08,2.54));
#17678 = VECTOR('',#17679,1.);
#17679 = DIRECTION('',(0.707106781187,0.707106781187,0.));
#17680 = ORIENTED_EDGE('',*,*,#17681,.T.);
#17681 = EDGE_CURVE('',#17674,#17682,#17684,.T.);
#17682 = VERTEX_POINT('',#17683);
#17683 = CARTESIAN_POINT('',(2.54,7.22,2.54));
#17684 = LINE('',#17685,#17686);
#17685 = CARTESIAN_POINT('',(2.54,5.48,2.54));
#17686 = VECTOR('',#17687,1.);
#17687 = DIRECTION('',(0.,1.,0.));
#17688 = ORIENTED_EDGE('',*,*,#17689,.F.);
#17689 = EDGE_CURVE('',#17690,#17682,#17692,.T.);
#17690 = VERTEX_POINT('',#17691);
#17691 = CARTESIAN_POINT('',(2.14,7.62,2.54));
#17692 = LINE('',#17693,#17694);
#17693 = CARTESIAN_POINT('',(2.14,7.62,2.54));
#17694 = VECTOR('',#17695,1.);
#17695 = DIRECTION('',(0.707106781187,-0.707106781187,0.));
#17696 = ORIENTED_EDGE('',*,*,#17697,.T.);
#17697 = EDGE_CURVE('',#17690,#17698,#17700,.T.);
#17698 = VERTEX_POINT('',#17699);
#17699 = CARTESIAN_POINT('',(2.54,8.02,2.54));
#17700 = LINE('',#17701,#17702);
#17701 = CARTESIAN_POINT('',(2.14,7.62,2.54));
#17702 = VECTOR('',#17703,1.);
#17703 = DIRECTION('',(0.707106781187,0.707106781187,0.));
#17704 = ORIENTED_EDGE('',*,*,#17705,.T.);
#17705 = EDGE_CURVE('',#17698,#17706,#17708,.T.);
#17706 = VERTEX_POINT('',#17707);
#17707 = CARTESIAN_POINT('',(2.54,9.76,2.54));
#17708 = LINE('',#17709,#17710);
#17709 = CARTESIAN_POINT('',(2.54,8.02,2.54));
#17710 = VECTOR('',#17711,1.);
#17711 = DIRECTION('',(0.,1.,0.));
#17712 = ORIENTED_EDGE('',*,*,#17713,.F.);
#17713 = EDGE_CURVE('',#17714,#17706,#17716,.T.);
#17714 = VERTEX_POINT('',#17715);
#17715 = CARTESIAN_POINT('',(2.14,10.16,2.54));
#17716 = LINE('',#17717,#17718);
#17717 = CARTESIAN_POINT('',(2.14,10.16,2.54));
#17718 = VECTOR('',#17719,1.);
#17719 = DIRECTION('',(0.707106781187,-0.707106781187,0.));
#17720 = ORIENTED_EDGE('',*,*,#17721,.T.);
#17721 = EDGE_CURVE('',#17714,#17722,#17724,.T.);
#17722 = VERTEX_POINT('',#17723);
#17723 = CARTESIAN_POINT('',(2.54,10.56,2.54));
#17724 = LINE('',#17725,#17726);
#17725 = CARTESIAN_POINT('',(2.14,10.16,2.54));
#17726 = VECTOR('',#17727,1.);
#17727 = DIRECTION('',(0.707106781187,0.707106781187,0.));
#17728 = ORIENTED_EDGE('',*,*,#17729,.T.);
#17729 = EDGE_CURVE('',#17722,#17730,#17732,.T.);
#17730 = VERTEX_POINT('',#17731);
#17731 = CARTESIAN_POINT('',(2.54,12.3,2.54));
#17732 = LINE('',#17733,#17734);
#17733 = CARTESIAN_POINT('',(2.54,10.56,2.54));
#17734 = VECTOR('',#17735,1.);
#17735 = DIRECTION('',(0.,1.,0.));
#17736 = ORIENTED_EDGE('',*,*,#17737,.F.);
#17737 = EDGE_CURVE('',#17738,#17730,#17740,.T.);
#17738 = VERTEX_POINT('',#17739);
#17739 = CARTESIAN_POINT('',(2.14,12.7,2.54));
#17740 = LINE('',#17741,#17742);
#17741 = CARTESIAN_POINT('',(2.14,12.7,2.54));
#17742 = VECTOR('',#17743,1.);
#17743 = DIRECTION('',(0.707106781187,-0.707106781187,0.));
#17744 = ORIENTED_EDGE('',*,*,#17745,.T.);
#17745 = EDGE_CURVE('',#17738,#17746,#17748,.T.);
#17746 = VERTEX_POINT('',#17747);
#17747 = CARTESIAN_POINT('',(2.54,13.1,2.54));
#17748 = LINE('',#17749,#17750);
#17749 = CARTESIAN_POINT('',(2.14,12.7,2.54));
#17750 = VECTOR('',#17751,1.);
#17751 = DIRECTION('',(0.707106781187,0.707106781187,0.));
#17752 = ORIENTED_EDGE('',*,*,#17753,.T.);
#17753 = EDGE_CURVE('',#17746,#17754,#17756,.T.);
#17754 = VERTEX_POINT('',#17755);
#17755 = CARTESIAN_POINT('',(2.54,14.84,2.54));
#17756 = LINE('',#17757,#17758);
#17757 = CARTESIAN_POINT('',(2.54,13.1,2.54));
#17758 = VECTOR('',#17759,1.);
#17759 = DIRECTION('',(0.,1.,0.));
#17760 = ORIENTED_EDGE('',*,*,#17761,.F.);
#17761 = EDGE_CURVE('',#17762,#17754,#17764,.T.);
#17762 = VERTEX_POINT('',#17763);
#17763 = CARTESIAN_POINT('',(2.14,15.24,2.54));
#17764 = LINE('',#17765,#17766);
#17765 = CARTESIAN_POINT('',(2.14,15.24,2.54));
#17766 = VECTOR('',#17767,1.);
#17767 = DIRECTION('',(0.707106781187,-0.707106781187,0.));
#17768 = ORIENTED_EDGE('',*,*,#17769,.T.);
#17769 = EDGE_CURVE('',#17762,#17770,#17772,.T.);
#17770 = VERTEX_POINT('',#17771);
#17771 = CARTESIAN_POINT('',(2.54,15.64,2.54));
#17772 = LINE('',#17773,#17774);
#17773 = CARTESIAN_POINT('',(2.14,15.24,2.54));
#17774 = VECTOR('',#17775,1.);
#17775 = DIRECTION('',(0.707106781187,0.707106781187,0.));
#17776 = ORIENTED_EDGE('',*,*,#17777,.T.);
#17777 = EDGE_CURVE('',#17770,#17778,#17780,.T.);
#17778 = VERTEX_POINT('',#17779);
#17779 = CARTESIAN_POINT('',(2.54,17.38,2.54));
#17780 = LINE('',#17781,#17782);
#17781 = CARTESIAN_POINT('',(2.54,15.64,2.54));
#17782 = VECTOR('',#17783,1.);
#17783 = DIRECTION('',(0.,1.,0.));
#17784 = ORIENTED_EDGE('',*,*,#17785,.F.);
#17785 = EDGE_CURVE('',#17786,#17778,#17788,.T.);
#17786 = VERTEX_POINT('',#17787);
#17787 = CARTESIAN_POINT('',(2.14,17.78,2.54));
#17788 = LINE('',#17789,#17790);
#17789 = CARTESIAN_POINT('',(2.14,17.78,2.54));
#17790 = VECTOR('',#17791,1.);
#17791 = DIRECTION('',(0.707106781187,-0.707106781187,0.));
#17792 = ORIENTED_EDGE('',*,*,#17793,.T.);
#17793 = EDGE_CURVE('',#17786,#17794,#17796,.T.);
#17794 = VERTEX_POINT('',#17795);
#17795 = CARTESIAN_POINT('',(2.54,18.18,2.54));
#17796 = LINE('',#17797,#17798);
#17797 = CARTESIAN_POINT('',(2.14,17.78,2.54));
#17798 = VECTOR('',#17799,1.);
#17799 = DIRECTION('',(0.707106781187,0.707106781187,0.));
#17800 = ORIENTED_EDGE('',*,*,#17801,.T.);
#17801 = EDGE_CURVE('',#17794,#17802,#17804,.T.);
#17802 = VERTEX_POINT('',#17803);
#17803 = CARTESIAN_POINT('',(2.54,19.92,2.54));
#17804 = LINE('',#17805,#17806);
#17805 = CARTESIAN_POINT('',(2.54,18.18,2.54));
#17806 = VECTOR('',#17807,1.);
#17807 = DIRECTION('',(0.,1.,0.));
#17808 = ORIENTED_EDGE('',*,*,#17809,.F.);
#17809 = EDGE_CURVE('',#17810,#17802,#17812,.T.);
#17810 = VERTEX_POINT('',#17811);
#17811 = CARTESIAN_POINT('',(2.14,20.32,2.54));
#17812 = LINE('',#17813,#17814);
#17813 = CARTESIAN_POINT('',(2.14,20.32,2.54));
#17814 = VECTOR('',#17815,1.);
#17815 = DIRECTION('',(0.707106781187,-0.707106781187,0.));
#17816 = ORIENTED_EDGE('',*,*,#17817,.T.);
#17817 = EDGE_CURVE('',#17810,#17818,#17820,.T.);
#17818 = VERTEX_POINT('',#17819);
#17819 = CARTESIAN_POINT('',(2.54,20.72,2.54));
#17820 = LINE('',#17821,#17822);
#17821 = CARTESIAN_POINT('',(2.14,20.32,2.54));
#17822 = VECTOR('',#17823,1.);
#17823 = DIRECTION('',(0.707106781187,0.707106781187,0.));
#17824 = ORIENTED_EDGE('',*,*,#17825,.T.);
#17825 = EDGE_CURVE('',#17818,#15872,#17826,.T.);
#17826 = LINE('',#17827,#17828);
#17827 = CARTESIAN_POINT('',(2.54,20.72,2.54));
#17828 = VECTOR('',#17829,1.);
#17829 = DIRECTION('',(0.,1.,0.));
#17830 = ORIENTED_EDGE('',*,*,#15871,.F.);
#17831 = ORIENTED_EDGE('',*,*,#15840,.T.);
#17832 = ORIENTED_EDGE('',*,*,#15911,.F.);
#17833 = ORIENTED_EDGE('',*,*,#17834,.T.);
#17834 = EDGE_CURVE('',#15904,#17835,#17837,.T.);
#17835 = VERTEX_POINT('',#17836);
#17836 = CARTESIAN_POINT('',(-2.54,20.72,2.54));
#17837 = LINE('',#17838,#17839);
#17838 = CARTESIAN_POINT('',(-2.54,22.46,2.54));
#17839 = VECTOR('',#17840,1.);
#17840 = DIRECTION('',(0.,-1.,0.));
#17841 = ORIENTED_EDGE('',*,*,#17842,.T.);
#17842 = EDGE_CURVE('',#17835,#17843,#17845,.T.);
#17843 = VERTEX_POINT('',#17844);
#17844 = CARTESIAN_POINT('',(-2.14,20.32,2.54));
#17845 = LINE('',#17846,#17847);
#17846 = CARTESIAN_POINT('',(-2.54,20.72,2.54));
#17847 = VECTOR('',#17848,1.);
#17848 = DIRECTION('',(0.707106781187,-0.707106781187,0.));
#17849 = ORIENTED_EDGE('',*,*,#17850,.F.);
#17850 = EDGE_CURVE('',#17851,#17843,#17853,.T.);
#17851 = VERTEX_POINT('',#17852);
#17852 = CARTESIAN_POINT('',(-2.54,19.92,2.54));
#17853 = LINE('',#17854,#17855);
#17854 = CARTESIAN_POINT('',(-2.54,19.92,2.54));
#17855 = VECTOR('',#17856,1.);
#17856 = DIRECTION('',(0.707106781187,0.707106781187,0.));
#17857 = ORIENTED_EDGE('',*,*,#17858,.T.);
#17858 = EDGE_CURVE('',#17851,#17859,#17861,.T.);
#17859 = VERTEX_POINT('',#17860);
#17860 = CARTESIAN_POINT('',(-2.54,18.18,2.54));
#17861 = LINE('',#17862,#17863);
#17862 = CARTESIAN_POINT('',(-2.54,19.92,2.54));
#17863 = VECTOR('',#17864,1.);
#17864 = DIRECTION('',(0.,-1.,0.));
#17865 = ORIENTED_EDGE('',*,*,#17866,.T.);
#17866 = EDGE_CURVE('',#17859,#17867,#17869,.T.);
#17867 = VERTEX_POINT('',#17868);
#17868 = CARTESIAN_POINT('',(-2.14,17.78,2.54));
#17869 = LINE('',#17870,#17871);
#17870 = CARTESIAN_POINT('',(-2.54,18.18,2.54));
#17871 = VECTOR('',#17872,1.);
#17872 = DIRECTION('',(0.707106781187,-0.707106781187,0.));
#17873 = ORIENTED_EDGE('',*,*,#17874,.F.);
#17874 = EDGE_CURVE('',#17875,#17867,#17877,.T.);
#17875 = VERTEX_POINT('',#17876);
#17876 = CARTESIAN_POINT('',(-2.54,17.38,2.54));
#17877 = LINE('',#17878,#17879);
#17878 = CARTESIAN_POINT('',(-2.54,17.38,2.54));
#17879 = VECTOR('',#17880,1.);
#17880 = DIRECTION('',(0.707106781187,0.707106781187,0.));
#17881 = ORIENTED_EDGE('',*,*,#17882,.T.);
#17882 = EDGE_CURVE('',#17875,#17883,#17885,.T.);
#17883 = VERTEX_POINT('',#17884);
#17884 = CARTESIAN_POINT('',(-2.54,15.64,2.54));
#17885 = LINE('',#17886,#17887);
#17886 = CARTESIAN_POINT('',(-2.54,17.38,2.54));
#17887 = VECTOR('',#17888,1.);
#17888 = DIRECTION('',(0.,-1.,0.));
#17889 = ORIENTED_EDGE('',*,*,#17890,.T.);
#17890 = EDGE_CURVE('',#17883,#17891,#17893,.T.);
#17891 = VERTEX_POINT('',#17892);
#17892 = CARTESIAN_POINT('',(-2.14,15.24,2.54));
#17893 = LINE('',#17894,#17895);
#17894 = CARTESIAN_POINT('',(-2.54,15.64,2.54));
#17895 = VECTOR('',#17896,1.);
#17896 = DIRECTION('',(0.707106781187,-0.707106781187,0.));
#17897 = ORIENTED_EDGE('',*,*,#17898,.F.);
#17898 = EDGE_CURVE('',#17899,#17891,#17901,.T.);
#17899 = VERTEX_POINT('',#17900);
#17900 = CARTESIAN_POINT('',(-2.54,14.84,2.54));
#17901 = LINE('',#17902,#17903);
#17902 = CARTESIAN_POINT('',(-2.54,14.84,2.54));
#17903 = VECTOR('',#17904,1.);
#17904 = DIRECTION('',(0.707106781187,0.707106781187,0.));
#17905 = ORIENTED_EDGE('',*,*,#17906,.T.);
#17906 = EDGE_CURVE('',#17899,#17907,#17909,.T.);
#17907 = VERTEX_POINT('',#17908);
#17908 = CARTESIAN_POINT('',(-2.54,13.1,2.54));
#17909 = LINE('',#17910,#17911);
#17910 = CARTESIAN_POINT('',(-2.54,14.84,2.54));
#17911 = VECTOR('',#17912,1.);
#17912 = DIRECTION('',(0.,-1.,0.));
#17913 = ORIENTED_EDGE('',*,*,#17914,.T.);
#17914 = EDGE_CURVE('',#17907,#17915,#17917,.T.);
#17915 = VERTEX_POINT('',#17916);
#17916 = CARTESIAN_POINT('',(-2.14,12.7,2.54));
#17917 = LINE('',#17918,#17919);
#17918 = CARTESIAN_POINT('',(-2.54,13.1,2.54));
#17919 = VECTOR('',#17920,1.);
#17920 = DIRECTION('',(0.707106781187,-0.707106781187,0.));
#17921 = ORIENTED_EDGE('',*,*,#17922,.F.);
#17922 = EDGE_CURVE('',#17923,#17915,#17925,.T.);
#17923 = VERTEX_POINT('',#17924);
#17924 = CARTESIAN_POINT('',(-2.54,12.3,2.54));
#17925 = LINE('',#17926,#17927);
#17926 = CARTESIAN_POINT('',(-2.54,12.3,2.54));
#17927 = VECTOR('',#17928,1.);
#17928 = DIRECTION('',(0.707106781187,0.707106781187,0.));
#17929 = ORIENTED_EDGE('',*,*,#17930,.T.);
#17930 = EDGE_CURVE('',#17923,#17931,#17933,.T.);
#17931 = VERTEX_POINT('',#17932);
#17932 = CARTESIAN_POINT('',(-2.54,10.56,2.54));
#17933 = LINE('',#17934,#17935);
#17934 = CARTESIAN_POINT('',(-2.54,12.3,2.54));
#17935 = VECTOR('',#17936,1.);
#17936 = DIRECTION('',(0.,-1.,0.));
#17937 = ORIENTED_EDGE('',*,*,#17938,.T.);
#17938 = EDGE_CURVE('',#17931,#17939,#17941,.T.);
#17939 = VERTEX_POINT('',#17940);
#17940 = CARTESIAN_POINT('',(-2.14,10.16,2.54));
#17941 = LINE('',#17942,#17943);
#17942 = CARTESIAN_POINT('',(-2.54,10.56,2.54));
#17943 = VECTOR('',#17944,1.);
#17944 = DIRECTION('',(0.707106781187,-0.707106781187,0.));
#17945 = ORIENTED_EDGE('',*,*,#17946,.F.);
#17946 = EDGE_CURVE('',#17947,#17939,#17949,.T.);
#17947 = VERTEX_POINT('',#17948);
#17948 = CARTESIAN_POINT('',(-2.54,9.76,2.54));
#17949 = LINE('',#17950,#17951);
#17950 = CARTESIAN_POINT('',(-2.54,9.76,2.54));
#17951 = VECTOR('',#17952,1.);
#17952 = DIRECTION('',(0.707106781187,0.707106781187,0.));
#17953 = ORIENTED_EDGE('',*,*,#17954,.T.);
#17954 = EDGE_CURVE('',#17947,#17955,#17957,.T.);
#17955 = VERTEX_POINT('',#17956);
#17956 = CARTESIAN_POINT('',(-2.54,8.02,2.54));
#17957 = LINE('',#17958,#17959);
#17958 = CARTESIAN_POINT('',(-2.54,9.76,2.54));
#17959 = VECTOR('',#17960,1.);
#17960 = DIRECTION('',(0.,-1.,0.));
#17961 = ORIENTED_EDGE('',*,*,#17962,.T.);
#17962 = EDGE_CURVE('',#17955,#17963,#17965,.T.);
#17963 = VERTEX_POINT('',#17964);
#17964 = CARTESIAN_POINT('',(-2.14,7.62,2.54));
#17965 = LINE('',#17966,#17967);
#17966 = CARTESIAN_POINT('',(-2.54,8.02,2.54));
#17967 = VECTOR('',#17968,1.);
#17968 = DIRECTION('',(0.707106781187,-0.707106781187,0.));
#17969 = ORIENTED_EDGE('',*,*,#17970,.F.);
#17970 = EDGE_CURVE('',#17971,#17963,#17973,.T.);
#17971 = VERTEX_POINT('',#17972);
#17972 = CARTESIAN_POINT('',(-2.54,7.22,2.54));
#17973 = LINE('',#17974,#17975);
#17974 = CARTESIAN_POINT('',(-2.54,7.22,2.54));
#17975 = VECTOR('',#17976,1.);
#17976 = DIRECTION('',(0.707106781187,0.707106781187,0.));
#17977 = ORIENTED_EDGE('',*,*,#17978,.T.);
#17978 = EDGE_CURVE('',#17971,#17979,#17981,.T.);
#17979 = VERTEX_POINT('',#17980);
#17980 = CARTESIAN_POINT('',(-2.54,5.48,2.54));
#17981 = LINE('',#17982,#17983);
#17982 = CARTESIAN_POINT('',(-2.54,7.22,2.54));
#17983 = VECTOR('',#17984,1.);
#17984 = DIRECTION('',(0.,-1.,0.));
#17985 = ORIENTED_EDGE('',*,*,#17986,.T.);
#17986 = EDGE_CURVE('',#17979,#17987,#17989,.T.);
#17987 = VERTEX_POINT('',#17988);
#17988 = CARTESIAN_POINT('',(-2.14,5.08,2.54));
#17989 = LINE('',#17990,#17991);
#17990 = CARTESIAN_POINT('',(-2.54,5.48,2.54));
#17991 = VECTOR('',#17992,1.);
#17992 = DIRECTION('',(0.707106781187,-0.707106781187,0.));
#17993 = ORIENTED_EDGE('',*,*,#17994,.F.);
#17994 = EDGE_CURVE('',#17995,#17987,#17997,.T.);
#17995 = VERTEX_POINT('',#17996);
#17996 = CARTESIAN_POINT('',(-2.54,4.68,2.54));
#17997 = LINE('',#17998,#17999);
#17998 = CARTESIAN_POINT('',(-2.54,4.68,2.54));
#17999 = VECTOR('',#18000,1.);
#18000 = DIRECTION('',(0.707106781187,0.707106781187,0.));
#18001 = ORIENTED_EDGE('',*,*,#18002,.T.);
#18002 = EDGE_CURVE('',#17995,#18003,#18005,.T.);
#18003 = VERTEX_POINT('',#18004);
#18004 = CARTESIAN_POINT('',(-2.54,2.94,2.54));
#18005 = LINE('',#18006,#18007);
#18006 = CARTESIAN_POINT('',(-2.54,4.68,2.54));
#18007 = VECTOR('',#18008,1.);
#18008 = DIRECTION('',(0.,-1.,0.));
#18009 = ORIENTED_EDGE('',*,*,#18010,.T.);
#18010 = EDGE_CURVE('',#18003,#18011,#18013,.T.);
#18011 = VERTEX_POINT('',#18012);
#18012 = CARTESIAN_POINT('',(-2.14,2.54,2.54));
#18013 = LINE('',#18014,#18015);
#18014 = CARTESIAN_POINT('',(-2.54,2.94,2.54));
#18015 = VECTOR('',#18016,1.);
#18016 = DIRECTION('',(0.707106781187,-0.707106781187,0.));
#18017 = ORIENTED_EDGE('',*,*,#18018,.F.);
#18018 = EDGE_CURVE('',#18019,#18011,#18021,.T.);
#18019 = VERTEX_POINT('',#18020);
#18020 = CARTESIAN_POINT('',(-2.54,2.14,2.54));
#18021 = LINE('',#18022,#18023);
#18022 = CARTESIAN_POINT('',(-2.54,2.14,2.54));
#18023 = VECTOR('',#18024,1.);
#18024 = DIRECTION('',(0.707106781187,0.707106781187,0.));
#18025 = ORIENTED_EDGE('',*,*,#18026,.T.);
#18026 = EDGE_CURVE('',#18019,#18027,#18029,.T.);
#18027 = VERTEX_POINT('',#18028);
#18028 = CARTESIAN_POINT('',(-2.54,0.4,2.54));
#18029 = LINE('',#18030,#18031);
#18030 = CARTESIAN_POINT('',(-2.54,2.14,2.54));
#18031 = VECTOR('',#18032,1.);
#18032 = DIRECTION('',(0.,-1.,0.));
#18033 = ORIENTED_EDGE('',*,*,#18034,.T.);
#18034 = EDGE_CURVE('',#18027,#18035,#18037,.T.);
#18035 = VERTEX_POINT('',#18036);
#18036 = CARTESIAN_POINT('',(-2.14,0.,2.54));
#18037 = LINE('',#18038,#18039);
#18038 = CARTESIAN_POINT('',(-2.54,0.4,2.54));
#18039 = VECTOR('',#18040,1.);
#18040 = DIRECTION('',(0.707106781187,-0.707106781187,0.));
#18041 = ORIENTED_EDGE('',*,*,#18042,.F.);
#18042 = EDGE_CURVE('',#18043,#18035,#18045,.T.);
#18043 = VERTEX_POINT('',#18044);
#18044 = CARTESIAN_POINT('',(-2.54,-0.4,2.54));
#18045 = LINE('',#18046,#18047);
#18046 = CARTESIAN_POINT('',(-2.54,-0.4,2.54));
#18047 = VECTOR('',#18048,1.);
#18048 = DIRECTION('',(0.707106781187,0.707106781187,0.));
#18049 = ORIENTED_EDGE('',*,*,#18050,.T.);
#18050 = EDGE_CURVE('',#18043,#18051,#18053,.T.);
#18051 = VERTEX_POINT('',#18052);
#18052 = CARTESIAN_POINT('',(-2.54,-2.14,2.54));
#18053 = LINE('',#18054,#18055);
#18054 = CARTESIAN_POINT('',(-2.54,-0.4,2.54));
#18055 = VECTOR('',#18056,1.);
#18056 = DIRECTION('',(0.,-1.,0.));
#18057 = ORIENTED_EDGE('',*,*,#18058,.T.);
#18058 = EDGE_CURVE('',#18051,#18059,#18061,.T.);
#18059 = VERTEX_POINT('',#18060);
#18060 = CARTESIAN_POINT('',(-2.14,-2.54,2.54));
#18061 = LINE('',#18062,#18063);
#18062 = CARTESIAN_POINT('',(-2.54,-2.14,2.54));
#18063 = VECTOR('',#18064,1.);
#18064 = DIRECTION('',(0.707106781187,-0.707106781187,0.));
#18065 = ORIENTED_EDGE('',*,*,#18066,.F.);
#18066 = EDGE_CURVE('',#18067,#18059,#18069,.T.);
#18067 = VERTEX_POINT('',#18068);
#18068 = CARTESIAN_POINT('',(-2.54,-2.94,2.54));
#18069 = LINE('',#18070,#18071);
#18070 = CARTESIAN_POINT('',(-2.54,-2.94,2.54));
#18071 = VECTOR('',#18072,1.);
#18072 = DIRECTION('',(0.707106781187,0.707106781187,0.));
#18073 = ORIENTED_EDGE('',*,*,#18074,.T.);
#18074 = EDGE_CURVE('',#18067,#18075,#18077,.T.);
#18075 = VERTEX_POINT('',#18076);
#18076 = CARTESIAN_POINT('',(-2.54,-4.68,2.54));
#18077 = LINE('',#18078,#18079);
#18078 = CARTESIAN_POINT('',(-2.54,-2.94,2.54));
#18079 = VECTOR('',#18080,1.);
#18080 = DIRECTION('',(0.,-1.,0.));
#18081 = ORIENTED_EDGE('',*,*,#18082,.T.);
#18082 = EDGE_CURVE('',#18075,#18083,#18085,.T.);
#18083 = VERTEX_POINT('',#18084);
#18084 = CARTESIAN_POINT('',(-2.14,-5.08,2.54));
#18085 = LINE('',#18086,#18087);
#18086 = CARTESIAN_POINT('',(-2.54,-4.68,2.54));
#18087 = VECTOR('',#18088,1.);
#18088 = DIRECTION('',(0.707106781187,-0.707106781187,0.));
#18089 = ORIENTED_EDGE('',*,*,#18090,.F.);
#18090 = EDGE_CURVE('',#18091,#18083,#18093,.T.);
#18091 = VERTEX_POINT('',#18092);
#18092 = CARTESIAN_POINT('',(-2.54,-5.48,2.54));
#18093 = LINE('',#18094,#18095);
#18094 = CARTESIAN_POINT('',(-2.54,-5.48,2.54));
#18095 = VECTOR('',#18096,1.);
#18096 = DIRECTION('',(0.707106781187,0.707106781187,0.));
#18097 = ORIENTED_EDGE('',*,*,#18098,.T.);
#18098 = EDGE_CURVE('',#18091,#18099,#18101,.T.);
#18099 = VERTEX_POINT('',#18100);
#18100 = CARTESIAN_POINT('',(-2.54,-7.22,2.54));
#18101 = LINE('',#18102,#18103);
#18102 = CARTESIAN_POINT('',(-2.54,-5.48,2.54));
#18103 = VECTOR('',#18104,1.);
#18104 = DIRECTION('',(0.,-1.,0.));
#18105 = ORIENTED_EDGE('',*,*,#18106,.T.);
#18106 = EDGE_CURVE('',#18099,#18107,#18109,.T.);
#18107 = VERTEX_POINT('',#18108);
#18108 = CARTESIAN_POINT('',(-2.14,-7.62,2.54));
#18109 = LINE('',#18110,#18111);
#18110 = CARTESIAN_POINT('',(-2.54,-7.22,2.54));
#18111 = VECTOR('',#18112,1.);
#18112 = DIRECTION('',(0.707106781187,-0.707106781187,0.));
#18113 = ORIENTED_EDGE('',*,*,#18114,.F.);
#18114 = EDGE_CURVE('',#18115,#18107,#18117,.T.);
#18115 = VERTEX_POINT('',#18116);
#18116 = CARTESIAN_POINT('',(-2.54,-8.02,2.54));
#18117 = LINE('',#18118,#18119);
#18118 = CARTESIAN_POINT('',(-2.54,-8.02,2.54));
#18119 = VECTOR('',#18120,1.);
#18120 = DIRECTION('',(0.707106781187,0.707106781187,0.));
#18121 = ORIENTED_EDGE('',*,*,#18122,.T.);
#18122 = EDGE_CURVE('',#18115,#18123,#18125,.T.);
#18123 = VERTEX_POINT('',#18124);
#18124 = CARTESIAN_POINT('',(-2.54,-9.76,2.54));
#18125 = LINE('',#18126,#18127);
#18126 = CARTESIAN_POINT('',(-2.54,-8.02,2.54));
#18127 = VECTOR('',#18128,1.);
#18128 = DIRECTION('',(0.,-1.,0.));
#18129 = ORIENTED_EDGE('',*,*,#18130,.T.);
#18130 = EDGE_CURVE('',#18123,#18131,#18133,.T.);
#18131 = VERTEX_POINT('',#18132);
#18132 = CARTESIAN_POINT('',(-2.14,-10.16,2.54));
#18133 = LINE('',#18134,#18135);
#18134 = CARTESIAN_POINT('',(-2.54,-9.76,2.54));
#18135 = VECTOR('',#18136,1.);
#18136 = DIRECTION('',(0.707106781187,-0.707106781187,0.));
#18137 = ORIENTED_EDGE('',*,*,#18138,.F.);
#18138 = EDGE_CURVE('',#18139,#18131,#18141,.T.);
#18139 = VERTEX_POINT('',#18140);
#18140 = CARTESIAN_POINT('',(-2.54,-10.56,2.54));
#18141 = LINE('',#18142,#18143);
#18142 = CARTESIAN_POINT('',(-2.54,-10.56,2.54));
#18143 = VECTOR('',#18144,1.);
#18144 = DIRECTION('',(0.707106781187,0.707106781187,0.));
#18145 = ORIENTED_EDGE('',*,*,#18146,.T.);
#18146 = EDGE_CURVE('',#18139,#18147,#18149,.T.);
#18147 = VERTEX_POINT('',#18148);
#18148 = CARTESIAN_POINT('',(-2.54,-12.3,2.54));
#18149 = LINE('',#18150,#18151);
#18150 = CARTESIAN_POINT('',(-2.54,-10.56,2.54));
#18151 = VECTOR('',#18152,1.);
#18152 = DIRECTION('',(0.,-1.,0.));
#18153 = ORIENTED_EDGE('',*,*,#18154,.T.);
#18154 = EDGE_CURVE('',#18147,#18155,#18157,.T.);
#18155 = VERTEX_POINT('',#18156);
#18156 = CARTESIAN_POINT('',(-2.14,-12.7,2.54));
#18157 = LINE('',#18158,#18159);
#18158 = CARTESIAN_POINT('',(-2.54,-12.3,2.54));
#18159 = VECTOR('',#18160,1.);
#18160 = DIRECTION('',(0.707106781187,-0.707106781187,0.));
#18161 = ORIENTED_EDGE('',*,*,#18162,.F.);
#18162 = EDGE_CURVE('',#18163,#18155,#18165,.T.);
#18163 = VERTEX_POINT('',#18164);
#18164 = CARTESIAN_POINT('',(-2.54,-13.1,2.54));
#18165 = LINE('',#18166,#18167);
#18166 = CARTESIAN_POINT('',(-2.54,-13.1,2.54));
#18167 = VECTOR('',#18168,1.);
#18168 = DIRECTION('',(0.707106781187,0.707106781187,0.));
#18169 = ORIENTED_EDGE('',*,*,#18170,.T.);
#18170 = EDGE_CURVE('',#18163,#18171,#18173,.T.);
#18171 = VERTEX_POINT('',#18172);
#18172 = CARTESIAN_POINT('',(-2.54,-14.84,2.54));
#18173 = LINE('',#18174,#18175);
#18174 = CARTESIAN_POINT('',(-2.54,-13.1,2.54));
#18175 = VECTOR('',#18176,1.);
#18176 = DIRECTION('',(0.,-1.,0.));
#18177 = ORIENTED_EDGE('',*,*,#18178,.T.);
#18178 = EDGE_CURVE('',#18171,#18179,#18181,.T.);
#18179 = VERTEX_POINT('',#18180);
#18180 = CARTESIAN_POINT('',(-2.14,-15.24,2.54));
#18181 = LINE('',#18182,#18183);
#18182 = CARTESIAN_POINT('',(-2.54,-14.84,2.54));
#18183 = VECTOR('',#18184,1.);
#18184 = DIRECTION('',(0.707106781187,-0.707106781187,0.));
#18185 = ORIENTED_EDGE('',*,*,#18186,.F.);
#18186 = EDGE_CURVE('',#18187,#18179,#18189,.T.);
#18187 = VERTEX_POINT('',#18188);
#18188 = CARTESIAN_POINT('',(-2.54,-15.64,2.54));
#18189 = LINE('',#18190,#18191);
#18190 = CARTESIAN_POINT('',(-2.54,-15.64,2.54));
#18191 = VECTOR('',#18192,1.);
#18192 = DIRECTION('',(0.707106781187,0.707106781187,0.));
#18193 = ORIENTED_EDGE('',*,*,#18194,.T.);
#18194 = EDGE_CURVE('',#18187,#18195,#18197,.T.);
#18195 = VERTEX_POINT('',#18196);
#18196 = CARTESIAN_POINT('',(-2.54,-17.38,2.54));
#18197 = LINE('',#18198,#18199);
#18198 = CARTESIAN_POINT('',(-2.54,-15.64,2.54));
#18199 = VECTOR('',#18200,1.);
#18200 = DIRECTION('',(0.,-1.,0.));
#18201 = ORIENTED_EDGE('',*,*,#18202,.T.);
#18202 = EDGE_CURVE('',#18195,#18203,#18205,.T.);
#18203 = VERTEX_POINT('',#18204);
#18204 = CARTESIAN_POINT('',(-2.14,-17.78,2.54));
#18205 = LINE('',#18206,#18207);
#18206 = CARTESIAN_POINT('',(-2.54,-17.38,2.54));
#18207 = VECTOR('',#18208,1.);
#18208 = DIRECTION('',(0.707106781187,-0.707106781187,0.));
#18209 = ORIENTED_EDGE('',*,*,#18210,.F.);
#18210 = EDGE_CURVE('',#18211,#18203,#18213,.T.);
#18211 = VERTEX_POINT('',#18212);
#18212 = CARTESIAN_POINT('',(-2.54,-18.18,2.54));
#18213 = LINE('',#18214,#18215);
#18214 = CARTESIAN_POINT('',(-2.54,-18.18,2.54));
#18215 = VECTOR('',#18216,1.);
#18216 = DIRECTION('',(0.707106781187,0.707106781187,0.));
#18217 = ORIENTED_EDGE('',*,*,#18218,.T.);
#18218 = EDGE_CURVE('',#18211,#18219,#18221,.T.);
#18219 = VERTEX_POINT('',#18220);
#18220 = CARTESIAN_POINT('',(-2.54,-19.92,2.54));
#18221 = LINE('',#18222,#18223);
#18222 = CARTESIAN_POINT('',(-2.54,-18.18,2.54));
#18223 = VECTOR('',#18224,1.);
#18224 = DIRECTION('',(0.,-1.,0.));
#18225 = ORIENTED_EDGE('',*,*,#18226,.T.);
#18226 = EDGE_CURVE('',#18219,#17378,#18227,.T.);
#18227 = LINE('',#18228,#18229);
#18228 = CARTESIAN_POINT('',(-2.54,-19.92,2.54));
#18229 = VECTOR('',#18230,1.);
#18230 = DIRECTION('',(0.707106781187,-0.707106781187,0.));
#18231 = FACE_BOUND('',#18232,.T.);
#18232 = EDGE_LOOP('',(#18233,#18243,#18251,#18259));
#18233 = ORIENTED_EDGE('',*,*,#18234,.T.);
#18234 = EDGE_CURVE('',#18235,#18237,#18239,.T.);
#18235 = VERTEX_POINT('',#18236);
#18236 = CARTESIAN_POINT('',(-4.351585381868E-16,-20.72,2.54));
#18237 = VERTEX_POINT('',#18238);
#18238 = CARTESIAN_POINT('',(-0.4,-20.32,2.54));
#18239 = LINE('',#18240,#18241);
#18240 = CARTESIAN_POINT('',(-4.262278595423E-16,-20.72,2.54));
#18241 = VECTOR('',#18242,1.);
#18242 = DIRECTION('',(-0.707106781187,0.707106781187,0.));
#18243 = ORIENTED_EDGE('',*,*,#18244,.T.);
#18244 = EDGE_CURVE('',#18237,#18245,#18247,.T.);
#18245 = VERTEX_POINT('',#18246);
#18246 = CARTESIAN_POINT('',(-4.40394464E-16,-19.92,2.54));
#18247 = LINE('',#18248,#18249);
#18248 = CARTESIAN_POINT('',(-0.4,-20.32,2.54));
#18249 = VECTOR('',#18250,1.);
#18250 = DIRECTION('',(0.707106781187,0.707106781187,0.));
#18251 = ORIENTED_EDGE('',*,*,#18252,.T.);
#18252 = EDGE_CURVE('',#18245,#18253,#18255,.T.);
#18253 = VERTEX_POINT('',#18254);
#18254 = CARTESIAN_POINT('',(0.4,-20.32,2.54));
#18255 = LINE('',#18256,#18257);
#18256 = CARTESIAN_POINT('',(-4.366997195189E-16,-19.92,2.54));
#18257 = VECTOR('',#18258,1.);
#18258 = DIRECTION('',(0.707106781187,-0.707106781187,0.));
#18259 = ORIENTED_EDGE('',*,*,#18260,.T.);
#18260 = EDGE_CURVE('',#18253,#18235,#18261,.T.);
#18261 = LINE('',#18262,#18263);
#18262 = CARTESIAN_POINT('',(0.4,-20.32,2.54));
#18263 = VECTOR('',#18264,1.);
#18264 = DIRECTION('',(-0.707106781187,-0.707106781187,0.));
#18265 = FACE_BOUND('',#18266,.T.);
#18266 = EDGE_LOOP('',(#18267,#18277,#18285,#18293));
#18267 = ORIENTED_EDGE('',*,*,#18268,.T.);
#18268 = EDGE_CURVE('',#18269,#18271,#18273,.T.);
#18269 = VERTEX_POINT('',#18270);
#18270 = CARTESIAN_POINT('',(-4.351585381868E-16,-18.18,2.54));
#18271 = VERTEX_POINT('',#18272);
#18272 = CARTESIAN_POINT('',(-0.4,-17.78,2.54));
#18273 = LINE('',#18274,#18275);
#18274 = CARTESIAN_POINT('',(-4.262278595423E-16,-18.18,2.54));
#18275 = VECTOR('',#18276,1.);
#18276 = DIRECTION('',(-0.707106781187,0.707106781187,0.));
#18277 = ORIENTED_EDGE('',*,*,#18278,.T.);
#18278 = EDGE_CURVE('',#18271,#18279,#18281,.T.);
#18279 = VERTEX_POINT('',#18280);
#18280 = CARTESIAN_POINT('',(-4.40394464E-16,-17.38,2.54));
#18281 = LINE('',#18282,#18283);
#18282 = CARTESIAN_POINT('',(-0.4,-17.78,2.54));
#18283 = VECTOR('',#18284,1.);
#18284 = DIRECTION('',(0.707106781187,0.707106781187,0.));
#18285 = ORIENTED_EDGE('',*,*,#18286,.T.);
#18286 = EDGE_CURVE('',#18279,#18287,#18289,.T.);
#18287 = VERTEX_POINT('',#18288);
#18288 = CARTESIAN_POINT('',(0.4,-17.78,2.54));
#18289 = LINE('',#18290,#18291);
#18290 = CARTESIAN_POINT('',(-4.366997195189E-16,-17.38,2.54));
#18291 = VECTOR('',#18292,1.);
#18292 = DIRECTION('',(0.707106781187,-0.707106781187,0.));
#18293 = ORIENTED_EDGE('',*,*,#18294,.T.);
#18294 = EDGE_CURVE('',#18287,#18269,#18295,.T.);
#18295 = LINE('',#18296,#18297);
#18296 = CARTESIAN_POINT('',(0.4,-17.78,2.54));
#18297 = VECTOR('',#18298,1.);
#18298 = DIRECTION('',(-0.707106781187,-0.707106781187,0.));
#18299 = FACE_BOUND('',#18300,.T.);
#18300 = EDGE_LOOP('',(#18301,#18311,#18319,#18327));
#18301 = ORIENTED_EDGE('',*,*,#18302,.T.);
#18302 = EDGE_CURVE('',#18303,#18305,#18307,.T.);
#18303 = VERTEX_POINT('',#18304);
#18304 = CARTESIAN_POINT('',(-4.351585381868E-16,-15.64,2.54));
#18305 = VERTEX_POINT('',#18306);
#18306 = CARTESIAN_POINT('',(-0.4,-15.24,2.54));
#18307 = LINE('',#18308,#18309);
#18308 = CARTESIAN_POINT('',(-4.262278595423E-16,-15.64,2.54));
#18309 = VECTOR('',#18310,1.);
#18310 = DIRECTION('',(-0.707106781187,0.707106781187,0.));
#18311 = ORIENTED_EDGE('',*,*,#18312,.T.);
#18312 = EDGE_CURVE('',#18305,#18313,#18315,.T.);
#18313 = VERTEX_POINT('',#18314);
#18314 = CARTESIAN_POINT('',(-4.40394464E-16,-14.84,2.54));
#18315 = LINE('',#18316,#18317);
#18316 = CARTESIAN_POINT('',(-0.4,-15.24,2.54));
#18317 = VECTOR('',#18318,1.);
#18318 = DIRECTION('',(0.707106781187,0.707106781187,0.));
#18319 = ORIENTED_EDGE('',*,*,#18320,.T.);
#18320 = EDGE_CURVE('',#18313,#18321,#18323,.T.);
#18321 = VERTEX_POINT('',#18322);
#18322 = CARTESIAN_POINT('',(0.4,-15.24,2.54));
#18323 = LINE('',#18324,#18325);
#18324 = CARTESIAN_POINT('',(-4.366997195189E-16,-14.84,2.54));
#18325 = VECTOR('',#18326,1.);
#18326 = DIRECTION('',(0.707106781187,-0.707106781187,0.));
#18327 = ORIENTED_EDGE('',*,*,#18328,.T.);
#18328 = EDGE_CURVE('',#18321,#18303,#18329,.T.);
#18329 = LINE('',#18330,#18331);
#18330 = CARTESIAN_POINT('',(0.4,-15.24,2.54));
#18331 = VECTOR('',#18332,1.);
#18332 = DIRECTION('',(-0.707106781187,-0.707106781187,0.));
#18333 = FACE_BOUND('',#18334,.T.);
#18334 = EDGE_LOOP('',(#18335,#18345,#18353,#18361));
#18335 = ORIENTED_EDGE('',*,*,#18336,.T.);
#18336 = EDGE_CURVE('',#18337,#18339,#18341,.T.);
#18337 = VERTEX_POINT('',#18338);
#18338 = CARTESIAN_POINT('',(-4.351585381868E-16,-13.1,2.54));
#18339 = VERTEX_POINT('',#18340);
#18340 = CARTESIAN_POINT('',(-0.4,-12.7,2.54));
#18341 = LINE('',#18342,#18343);
#18342 = CARTESIAN_POINT('',(-4.262278595423E-16,-13.1,2.54));
#18343 = VECTOR('',#18344,1.);
#18344 = DIRECTION('',(-0.707106781187,0.707106781187,0.));
#18345 = ORIENTED_EDGE('',*,*,#18346,.T.);
#18346 = EDGE_CURVE('',#18339,#18347,#18349,.T.);
#18347 = VERTEX_POINT('',#18348);
#18348 = CARTESIAN_POINT('',(-4.40394464E-16,-12.3,2.54));
#18349 = LINE('',#18350,#18351);
#18350 = CARTESIAN_POINT('',(-0.4,-12.7,2.54));
#18351 = VECTOR('',#18352,1.);
#18352 = DIRECTION('',(0.707106781187,0.707106781187,0.));
#18353 = ORIENTED_EDGE('',*,*,#18354,.T.);
#18354 = EDGE_CURVE('',#18347,#18355,#18357,.T.);
#18355 = VERTEX_POINT('',#18356);
#18356 = CARTESIAN_POINT('',(0.4,-12.7,2.54));
#18357 = LINE('',#18358,#18359);
#18358 = CARTESIAN_POINT('',(-4.366997195189E-16,-12.3,2.54));
#18359 = VECTOR('',#18360,1.);
#18360 = DIRECTION('',(0.707106781187,-0.707106781187,0.));
#18361 = ORIENTED_EDGE('',*,*,#18362,.T.);
#18362 = EDGE_CURVE('',#18355,#18337,#18363,.T.);
#18363 = LINE('',#18364,#18365);
#18364 = CARTESIAN_POINT('',(0.4,-12.7,2.54));
#18365 = VECTOR('',#18366,1.);
#18366 = DIRECTION('',(-0.707106781187,-0.707106781187,0.));
#18367 = FACE_BOUND('',#18368,.T.);
#18368 = EDGE_LOOP('',(#18369,#18379,#18387,#18395));
#18369 = ORIENTED_EDGE('',*,*,#18370,.T.);
#18370 = EDGE_CURVE('',#18371,#18373,#18375,.T.);
#18371 = VERTEX_POINT('',#18372);
#18372 = CARTESIAN_POINT('',(-4.351585381868E-16,-10.56,2.54));
#18373 = VERTEX_POINT('',#18374);
#18374 = CARTESIAN_POINT('',(-0.4,-10.16,2.54));
#18375 = LINE('',#18376,#18377);
#18376 = CARTESIAN_POINT('',(-4.262278595423E-16,-10.56,2.54));
#18377 = VECTOR('',#18378,1.);
#18378 = DIRECTION('',(-0.707106781187,0.707106781187,0.));
#18379 = ORIENTED_EDGE('',*,*,#18380,.T.);
#18380 = EDGE_CURVE('',#18373,#18381,#18383,.T.);
#18381 = VERTEX_POINT('',#18382);
#18382 = CARTESIAN_POINT('',(-4.40394464E-16,-9.76,2.54));
#18383 = LINE('',#18384,#18385);
#18384 = CARTESIAN_POINT('',(-0.4,-10.16,2.54));
#18385 = VECTOR('',#18386,1.);
#18386 = DIRECTION('',(0.707106781187,0.707106781187,0.));
#18387 = ORIENTED_EDGE('',*,*,#18388,.T.);
#18388 = EDGE_CURVE('',#18381,#18389,#18391,.T.);
#18389 = VERTEX_POINT('',#18390);
#18390 = CARTESIAN_POINT('',(0.4,-10.16,2.54));
#18391 = LINE('',#18392,#18393);
#18392 = CARTESIAN_POINT('',(-4.366997195189E-16,-9.76,2.54));
#18393 = VECTOR('',#18394,1.);
#18394 = DIRECTION('',(0.707106781187,-0.707106781187,0.));
#18395 = ORIENTED_EDGE('',*,*,#18396,.T.);
#18396 = EDGE_CURVE('',#18389,#18371,#18397,.T.);
#18397 = LINE('',#18398,#18399);
#18398 = CARTESIAN_POINT('',(0.4,-10.16,2.54));
#18399 = VECTOR('',#18400,1.);
#18400 = DIRECTION('',(-0.707106781187,-0.707106781187,0.));
#18401 = FACE_BOUND('',#18402,.T.);
#18402 = EDGE_LOOP('',(#18403,#18413,#18421,#18429));
#18403 = ORIENTED_EDGE('',*,*,#18404,.T.);
#18404 = EDGE_CURVE('',#18405,#18407,#18409,.T.);
#18405 = VERTEX_POINT('',#18406);
#18406 = CARTESIAN_POINT('',(-4.351585381868E-16,-8.02,2.54));
#18407 = VERTEX_POINT('',#18408);
#18408 = CARTESIAN_POINT('',(-0.4,-7.62,2.54));
#18409 = LINE('',#18410,#18411);
#18410 = CARTESIAN_POINT('',(-4.262278595423E-16,-8.02,2.54));
#18411 = VECTOR('',#18412,1.);
#18412 = DIRECTION('',(-0.707106781187,0.707106781187,0.));
#18413 = ORIENTED_EDGE('',*,*,#18414,.T.);
#18414 = EDGE_CURVE('',#18407,#18415,#18417,.T.);
#18415 = VERTEX_POINT('',#18416);
#18416 = CARTESIAN_POINT('',(-4.40394464E-16,-7.22,2.54));
#18417 = LINE('',#18418,#18419);
#18418 = CARTESIAN_POINT('',(-0.4,-7.62,2.54));
#18419 = VECTOR('',#18420,1.);
#18420 = DIRECTION('',(0.707106781187,0.707106781187,0.));
#18421 = ORIENTED_EDGE('',*,*,#18422,.T.);
#18422 = EDGE_CURVE('',#18415,#18423,#18425,.T.);
#18423 = VERTEX_POINT('',#18424);
#18424 = CARTESIAN_POINT('',(0.4,-7.62,2.54));
#18425 = LINE('',#18426,#18427);
#18426 = CARTESIAN_POINT('',(-4.366997195189E-16,-7.22,2.54));
#18427 = VECTOR('',#18428,1.);
#18428 = DIRECTION('',(0.707106781187,-0.707106781187,0.));
#18429 = ORIENTED_EDGE('',*,*,#18430,.T.);
#18430 = EDGE_CURVE('',#18423,#18405,#18431,.T.);
#18431 = LINE('',#18432,#18433);
#18432 = CARTESIAN_POINT('',(0.4,-7.62,2.54));
#18433 = VECTOR('',#18434,1.);
#18434 = DIRECTION('',(-0.707106781187,-0.707106781187,0.));
#18435 = FACE_BOUND('',#18436,.T.);
#18436 = EDGE_LOOP('',(#18437,#18447,#18455,#18463));
#18437 = ORIENTED_EDGE('',*,*,#18438,.T.);
#18438 = EDGE_CURVE('',#18439,#18441,#18443,.T.);
#18439 = VERTEX_POINT('',#18440);
#18440 = CARTESIAN_POINT('',(-4.351585381868E-16,-5.48,2.54));
#18441 = VERTEX_POINT('',#18442);
#18442 = CARTESIAN_POINT('',(-0.4,-5.08,2.54));
#18443 = LINE('',#18444,#18445);
#18444 = CARTESIAN_POINT('',(-4.262278595423E-16,-5.48,2.54));
#18445 = VECTOR('',#18446,1.);
#18446 = DIRECTION('',(-0.707106781187,0.707106781187,0.));
#18447 = ORIENTED_EDGE('',*,*,#18448,.T.);
#18448 = EDGE_CURVE('',#18441,#18449,#18451,.T.);
#18449 = VERTEX_POINT('',#18450);
#18450 = CARTESIAN_POINT('',(-4.40394464E-16,-4.68,2.54));
#18451 = LINE('',#18452,#18453);
#18452 = CARTESIAN_POINT('',(-0.4,-5.08,2.54));
#18453 = VECTOR('',#18454,1.);
#18454 = DIRECTION('',(0.707106781187,0.707106781187,0.));
#18455 = ORIENTED_EDGE('',*,*,#18456,.T.);
#18456 = EDGE_CURVE('',#18449,#18457,#18459,.T.);
#18457 = VERTEX_POINT('',#18458);
#18458 = CARTESIAN_POINT('',(0.4,-5.08,2.54));
#18459 = LINE('',#18460,#18461);
#18460 = CARTESIAN_POINT('',(-4.366997195189E-16,-4.68,2.54));
#18461 = VECTOR('',#18462,1.);
#18462 = DIRECTION('',(0.707106781187,-0.707106781187,0.));
#18463 = ORIENTED_EDGE('',*,*,#18464,.T.);
#18464 = EDGE_CURVE('',#18457,#18439,#18465,.T.);
#18465 = LINE('',#18466,#18467);
#18466 = CARTESIAN_POINT('',(0.4,-5.08,2.54));
#18467 = VECTOR('',#18468,1.);
#18468 = DIRECTION('',(-0.707106781187,-0.707106781187,0.));
#18469 = FACE_BOUND('',#18470,.T.);
#18470 = EDGE_LOOP('',(#18471,#18481,#18489,#18497));
#18471 = ORIENTED_EDGE('',*,*,#18472,.T.);
#18472 = EDGE_CURVE('',#18473,#18475,#18477,.T.);
#18473 = VERTEX_POINT('',#18474);
#18474 = CARTESIAN_POINT('',(-4.351585381868E-16,-2.94,2.54));
#18475 = VERTEX_POINT('',#18476);
#18476 = CARTESIAN_POINT('',(-0.4,-2.54,2.54));
#18477 = LINE('',#18478,#18479);
#18478 = CARTESIAN_POINT('',(-4.262278595423E-16,-2.94,2.54));
#18479 = VECTOR('',#18480,1.);
#18480 = DIRECTION('',(-0.707106781187,0.707106781187,0.));
#18481 = ORIENTED_EDGE('',*,*,#18482,.T.);
#18482 = EDGE_CURVE('',#18475,#18483,#18485,.T.);
#18483 = VERTEX_POINT('',#18484);
#18484 = CARTESIAN_POINT('',(-4.40394464E-16,-2.14,2.54));
#18485 = LINE('',#18486,#18487);
#18486 = CARTESIAN_POINT('',(-0.4,-2.54,2.54));
#18487 = VECTOR('',#18488,1.);
#18488 = DIRECTION('',(0.707106781187,0.707106781187,0.));
#18489 = ORIENTED_EDGE('',*,*,#18490,.T.);
#18490 = EDGE_CURVE('',#18483,#18491,#18493,.T.);
#18491 = VERTEX_POINT('',#18492);
#18492 = CARTESIAN_POINT('',(0.4,-2.54,2.54));
#18493 = LINE('',#18494,#18495);
#18494 = CARTESIAN_POINT('',(-4.366997195189E-16,-2.14,2.54));
#18495 = VECTOR('',#18496,1.);
#18496 = DIRECTION('',(0.707106781187,-0.707106781187,0.));
#18497 = ORIENTED_EDGE('',*,*,#18498,.T.);
#18498 = EDGE_CURVE('',#18491,#18473,#18499,.T.);
#18499 = LINE('',#18500,#18501);
#18500 = CARTESIAN_POINT('',(0.4,-2.54,2.54));
#18501 = VECTOR('',#18502,1.);
#18502 = DIRECTION('',(-0.707106781187,-0.707106781187,0.));
#18503 = FACE_BOUND('',#18504,.T.);
#18504 = EDGE_LOOP('',(#18505,#18515,#18523,#18531));
#18505 = ORIENTED_EDGE('',*,*,#18506,.T.);
#18506 = EDGE_CURVE('',#18507,#18509,#18511,.T.);
#18507 = VERTEX_POINT('',#18508);
#18508 = CARTESIAN_POINT('',(-4.351585381868E-16,-0.4,2.54));
#18509 = VERTEX_POINT('',#18510);
#18510 = CARTESIAN_POINT('',(-0.4,0.,2.54));
#18511 = LINE('',#18512,#18513);
#18512 = CARTESIAN_POINT('',(-4.262278595423E-16,-0.4,2.54));
#18513 = VECTOR('',#18514,1.);
#18514 = DIRECTION('',(-0.707106781187,0.707106781187,0.));
#18515 = ORIENTED_EDGE('',*,*,#18516,.T.);
#18516 = EDGE_CURVE('',#18509,#18517,#18519,.T.);
#18517 = VERTEX_POINT('',#18518);
#18518 = CARTESIAN_POINT('',(-4.40394464E-16,0.4,2.54));
#18519 = LINE('',#18520,#18521);
#18520 = CARTESIAN_POINT('',(-0.4,0.,2.54));
#18521 = VECTOR('',#18522,1.);
#18522 = DIRECTION('',(0.707106781187,0.707106781187,0.));
#18523 = ORIENTED_EDGE('',*,*,#18524,.T.);
#18524 = EDGE_CURVE('',#18517,#18525,#18527,.T.);
#18525 = VERTEX_POINT('',#18526);
#18526 = CARTESIAN_POINT('',(0.4,0.,2.54));
#18527 = LINE('',#18528,#18529);
#18528 = CARTESIAN_POINT('',(-4.366997195189E-16,0.4,2.54));
#18529 = VECTOR('',#18530,1.);
#18530 = DIRECTION('',(0.707106781187,-0.707106781187,0.));
#18531 = ORIENTED_EDGE('',*,*,#18532,.T.);
#18532 = EDGE_CURVE('',#18525,#18507,#18533,.T.);
#18533 = LINE('',#18534,#18535);
#18534 = CARTESIAN_POINT('',(0.4,0.,2.54));
#18535 = VECTOR('',#18536,1.);
#18536 = DIRECTION('',(-0.707106781187,-0.707106781187,0.));
#18537 = FACE_BOUND('',#18538,.T.);
#18538 = EDGE_LOOP('',(#18539,#18549,#18557,#18565));
#18539 = ORIENTED_EDGE('',*,*,#18540,.T.);
#18540 = EDGE_CURVE('',#18541,#18543,#18545,.T.);
#18541 = VERTEX_POINT('',#18542);
#18542 = CARTESIAN_POINT('',(-4.351585381868E-16,2.14,2.54));
#18543 = VERTEX_POINT('',#18544);
#18544 = CARTESIAN_POINT('',(-0.4,2.54,2.54));
#18545 = LINE('',#18546,#18547);
#18546 = CARTESIAN_POINT('',(-4.262278595423E-16,2.14,2.54));
#18547 = VECTOR('',#18548,1.);
#18548 = DIRECTION('',(-0.707106781187,0.707106781187,0.));
#18549 = ORIENTED_EDGE('',*,*,#18550,.T.);
#18550 = EDGE_CURVE('',#18543,#18551,#18553,.T.);
#18551 = VERTEX_POINT('',#18552);
#18552 = CARTESIAN_POINT('',(-4.40394464E-16,2.94,2.54));
#18553 = LINE('',#18554,#18555);
#18554 = CARTESIAN_POINT('',(-0.4,2.54,2.54));
#18555 = VECTOR('',#18556,1.);
#18556 = DIRECTION('',(0.707106781187,0.707106781187,0.));
#18557 = ORIENTED_EDGE('',*,*,#18558,.T.);
#18558 = EDGE_CURVE('',#18551,#18559,#18561,.T.);
#18559 = VERTEX_POINT('',#18560);
#18560 = CARTESIAN_POINT('',(0.4,2.54,2.54));
#18561 = LINE('',#18562,#18563);
#18562 = CARTESIAN_POINT('',(-4.366997195189E-16,2.94,2.54));
#18563 = VECTOR('',#18564,1.);
#18564 = DIRECTION('',(0.707106781187,-0.707106781187,0.));
#18565 = ORIENTED_EDGE('',*,*,#18566,.T.);
#18566 = EDGE_CURVE('',#18559,#18541,#18567,.T.);
#18567 = LINE('',#18568,#18569);
#18568 = CARTESIAN_POINT('',(0.4,2.54,2.54));
#18569 = VECTOR('',#18570,1.);
#18570 = DIRECTION('',(-0.707106781187,-0.707106781187,0.));
#18571 = FACE_BOUND('',#18572,.T.);
#18572 = EDGE_LOOP('',(#18573,#18583,#18591,#18599));
#18573 = ORIENTED_EDGE('',*,*,#18574,.T.);
#18574 = EDGE_CURVE('',#18575,#18577,#18579,.T.);
#18575 = VERTEX_POINT('',#18576);
#18576 = CARTESIAN_POINT('',(-4.351585381868E-16,4.68,2.54));
#18577 = VERTEX_POINT('',#18578);
#18578 = CARTESIAN_POINT('',(-0.4,5.08,2.54));
#18579 = LINE('',#18580,#18581);
#18580 = CARTESIAN_POINT('',(-4.262278595423E-16,4.68,2.54));
#18581 = VECTOR('',#18582,1.);
#18582 = DIRECTION('',(-0.707106781187,0.707106781187,0.));
#18583 = ORIENTED_EDGE('',*,*,#18584,.T.);
#18584 = EDGE_CURVE('',#18577,#18585,#18587,.T.);
#18585 = VERTEX_POINT('',#18586);
#18586 = CARTESIAN_POINT('',(-4.40394464E-16,5.48,2.54));
#18587 = LINE('',#18588,#18589);
#18588 = CARTESIAN_POINT('',(-0.4,5.08,2.54));
#18589 = VECTOR('',#18590,1.);
#18590 = DIRECTION('',(0.707106781187,0.707106781187,0.));
#18591 = ORIENTED_EDGE('',*,*,#18592,.T.);
#18592 = EDGE_CURVE('',#18585,#18593,#18595,.T.);
#18593 = VERTEX_POINT('',#18594);
#18594 = CARTESIAN_POINT('',(0.4,5.08,2.54));
#18595 = LINE('',#18596,#18597);
#18596 = CARTESIAN_POINT('',(-4.366997195189E-16,5.48,2.54));
#18597 = VECTOR('',#18598,1.);
#18598 = DIRECTION('',(0.707106781187,-0.707106781187,0.));
#18599 = ORIENTED_EDGE('',*,*,#18600,.T.);
#18600 = EDGE_CURVE('',#18593,#18575,#18601,.T.);
#18601 = LINE('',#18602,#18603);
#18602 = CARTESIAN_POINT('',(0.4,5.08,2.54));
#18603 = VECTOR('',#18604,1.);
#18604 = DIRECTION('',(-0.707106781187,-0.707106781187,0.));
#18605 = FACE_BOUND('',#18606,.T.);
#18606 = EDGE_LOOP('',(#18607,#18617,#18625,#18633));
#18607 = ORIENTED_EDGE('',*,*,#18608,.T.);
#18608 = EDGE_CURVE('',#18609,#18611,#18613,.T.);
#18609 = VERTEX_POINT('',#18610);
#18610 = CARTESIAN_POINT('',(-4.351585381868E-16,7.22,2.54));
#18611 = VERTEX_POINT('',#18612);
#18612 = CARTESIAN_POINT('',(-0.4,7.62,2.54));
#18613 = LINE('',#18614,#18615);
#18614 = CARTESIAN_POINT('',(-4.262278595423E-16,7.22,2.54));
#18615 = VECTOR('',#18616,1.);
#18616 = DIRECTION('',(-0.707106781187,0.707106781187,0.));
#18617 = ORIENTED_EDGE('',*,*,#18618,.T.);
#18618 = EDGE_CURVE('',#18611,#18619,#18621,.T.);
#18619 = VERTEX_POINT('',#18620);
#18620 = CARTESIAN_POINT('',(-4.40394464E-16,8.02,2.54));
#18621 = LINE('',#18622,#18623);
#18622 = CARTESIAN_POINT('',(-0.4,7.62,2.54));
#18623 = VECTOR('',#18624,1.);
#18624 = DIRECTION('',(0.707106781187,0.707106781187,0.));
#18625 = ORIENTED_EDGE('',*,*,#18626,.T.);
#18626 = EDGE_CURVE('',#18619,#18627,#18629,.T.);
#18627 = VERTEX_POINT('',#18628);
#18628 = CARTESIAN_POINT('',(0.4,7.62,2.54));
#18629 = LINE('',#18630,#18631);
#18630 = CARTESIAN_POINT('',(-4.366997195189E-16,8.02,2.54));
#18631 = VECTOR('',#18632,1.);
#18632 = DIRECTION('',(0.707106781187,-0.707106781187,0.));
#18633 = ORIENTED_EDGE('',*,*,#18634,.T.);
#18634 = EDGE_CURVE('',#18627,#18609,#18635,.T.);
#18635 = LINE('',#18636,#18637);
#18636 = CARTESIAN_POINT('',(0.4,7.62,2.54));
#18637 = VECTOR('',#18638,1.);
#18638 = DIRECTION('',(-0.707106781187,-0.707106781187,0.));
#18639 = FACE_BOUND('',#18640,.T.);
#18640 = EDGE_LOOP('',(#18641,#18651,#18659,#18667));
#18641 = ORIENTED_EDGE('',*,*,#18642,.T.);
#18642 = EDGE_CURVE('',#18643,#18645,#18647,.T.);
#18643 = VERTEX_POINT('',#18644);
#18644 = CARTESIAN_POINT('',(-4.351585381868E-16,9.76,2.54));
#18645 = VERTEX_POINT('',#18646);
#18646 = CARTESIAN_POINT('',(-0.4,10.16,2.54));
#18647 = LINE('',#18648,#18649);
#18648 = CARTESIAN_POINT('',(-4.262278595423E-16,9.76,2.54));
#18649 = VECTOR('',#18650,1.);
#18650 = DIRECTION('',(-0.707106781187,0.707106781187,0.));
#18651 = ORIENTED_EDGE('',*,*,#18652,.T.);
#18652 = EDGE_CURVE('',#18645,#18653,#18655,.T.);
#18653 = VERTEX_POINT('',#18654);
#18654 = CARTESIAN_POINT('',(-4.40394464E-16,10.56,2.54));
#18655 = LINE('',#18656,#18657);
#18656 = CARTESIAN_POINT('',(-0.4,10.16,2.54));
#18657 = VECTOR('',#18658,1.);
#18658 = DIRECTION('',(0.707106781187,0.707106781187,0.));
#18659 = ORIENTED_EDGE('',*,*,#18660,.T.);
#18660 = EDGE_CURVE('',#18653,#18661,#18663,.T.);
#18661 = VERTEX_POINT('',#18662);
#18662 = CARTESIAN_POINT('',(0.4,10.16,2.54));
#18663 = LINE('',#18664,#18665);
#18664 = CARTESIAN_POINT('',(-4.366997195189E-16,10.56,2.54));
#18665 = VECTOR('',#18666,1.);
#18666 = DIRECTION('',(0.707106781187,-0.707106781187,0.));
#18667 = ORIENTED_EDGE('',*,*,#18668,.T.);
#18668 = EDGE_CURVE('',#18661,#18643,#18669,.T.);
#18669 = LINE('',#18670,#18671);
#18670 = CARTESIAN_POINT('',(0.4,10.16,2.54));
#18671 = VECTOR('',#18672,1.);
#18672 = DIRECTION('',(-0.707106781187,-0.707106781187,0.));
#18673 = FACE_BOUND('',#18674,.T.);
#18674 = EDGE_LOOP('',(#18675,#18685,#18693,#18701));
#18675 = ORIENTED_EDGE('',*,*,#18676,.T.);
#18676 = EDGE_CURVE('',#18677,#18679,#18681,.T.);
#18677 = VERTEX_POINT('',#18678);
#18678 = CARTESIAN_POINT('',(-4.351585381868E-16,12.3,2.54));
#18679 = VERTEX_POINT('',#18680);
#18680 = CARTESIAN_POINT('',(-0.4,12.7,2.54));
#18681 = LINE('',#18682,#18683);
#18682 = CARTESIAN_POINT('',(-4.262278595423E-16,12.3,2.54));
#18683 = VECTOR('',#18684,1.);
#18684 = DIRECTION('',(-0.707106781187,0.707106781187,0.));
#18685 = ORIENTED_EDGE('',*,*,#18686,.T.);
#18686 = EDGE_CURVE('',#18679,#18687,#18689,.T.);
#18687 = VERTEX_POINT('',#18688);
#18688 = CARTESIAN_POINT('',(-4.40394464E-16,13.1,2.54));
#18689 = LINE('',#18690,#18691);
#18690 = CARTESIAN_POINT('',(-0.4,12.7,2.54));
#18691 = VECTOR('',#18692,1.);
#18692 = DIRECTION('',(0.707106781187,0.707106781187,0.));
#18693 = ORIENTED_EDGE('',*,*,#18694,.T.);
#18694 = EDGE_CURVE('',#18687,#18695,#18697,.T.);
#18695 = VERTEX_POINT('',#18696);
#18696 = CARTESIAN_POINT('',(0.4,12.7,2.54));
#18697 = LINE('',#18698,#18699);
#18698 = CARTESIAN_POINT('',(-4.366997195189E-16,13.1,2.54));
#18699 = VECTOR('',#18700,1.);
#18700 = DIRECTION('',(0.707106781187,-0.707106781187,0.));
#18701 = ORIENTED_EDGE('',*,*,#18702,.T.);
#18702 = EDGE_CURVE('',#18695,#18677,#18703,.T.);
#18703 = LINE('',#18704,#18705);
#18704 = CARTESIAN_POINT('',(0.4,12.7,2.54));
#18705 = VECTOR('',#18706,1.);
#18706 = DIRECTION('',(-0.707106781187,-0.707106781187,0.));
#18707 = FACE_BOUND('',#18708,.T.);
#18708 = EDGE_LOOP('',(#18709,#18719,#18727,#18735));
#18709 = ORIENTED_EDGE('',*,*,#18710,.T.);
#18710 = EDGE_CURVE('',#18711,#18713,#18715,.T.);
#18711 = VERTEX_POINT('',#18712);
#18712 = CARTESIAN_POINT('',(-4.351585381868E-16,14.84,2.54));
#18713 = VERTEX_POINT('',#18714);
#18714 = CARTESIAN_POINT('',(-0.4,15.24,2.54));
#18715 = LINE('',#18716,#18717);
#18716 = CARTESIAN_POINT('',(-4.262278595423E-16,14.84,2.54));
#18717 = VECTOR('',#18718,1.);
#18718 = DIRECTION('',(-0.707106781187,0.707106781187,0.));
#18719 = ORIENTED_EDGE('',*,*,#18720,.T.);
#18720 = EDGE_CURVE('',#18713,#18721,#18723,.T.);
#18721 = VERTEX_POINT('',#18722);
#18722 = CARTESIAN_POINT('',(-4.40394464E-16,15.64,2.54));
#18723 = LINE('',#18724,#18725);
#18724 = CARTESIAN_POINT('',(-0.4,15.24,2.54));
#18725 = VECTOR('',#18726,1.);
#18726 = DIRECTION('',(0.707106781187,0.707106781187,0.));
#18727 = ORIENTED_EDGE('',*,*,#18728,.T.);
#18728 = EDGE_CURVE('',#18721,#18729,#18731,.T.);
#18729 = VERTEX_POINT('',#18730);
#18730 = CARTESIAN_POINT('',(0.4,15.24,2.54));
#18731 = LINE('',#18732,#18733);
#18732 = CARTESIAN_POINT('',(-4.366997195189E-16,15.64,2.54));
#18733 = VECTOR('',#18734,1.);
#18734 = DIRECTION('',(0.707106781187,-0.707106781187,0.));
#18735 = ORIENTED_EDGE('',*,*,#18736,.T.);
#18736 = EDGE_CURVE('',#18729,#18711,#18737,.T.);
#18737 = LINE('',#18738,#18739);
#18738 = CARTESIAN_POINT('',(0.4,15.24,2.54));
#18739 = VECTOR('',#18740,1.);
#18740 = DIRECTION('',(-0.707106781187,-0.707106781187,0.));
#18741 = FACE_BOUND('',#18742,.T.);
#18742 = EDGE_LOOP('',(#18743,#18753,#18761,#18769));
#18743 = ORIENTED_EDGE('',*,*,#18744,.T.);
#18744 = EDGE_CURVE('',#18745,#18747,#18749,.T.);
#18745 = VERTEX_POINT('',#18746);
#18746 = CARTESIAN_POINT('',(-4.351585381868E-16,17.38,2.54));
#18747 = VERTEX_POINT('',#18748);
#18748 = CARTESIAN_POINT('',(-0.4,17.78,2.54));
#18749 = LINE('',#18750,#18751);
#18750 = CARTESIAN_POINT('',(-4.262278595423E-16,17.38,2.54));
#18751 = VECTOR('',#18752,1.);
#18752 = DIRECTION('',(-0.707106781187,0.707106781187,0.));
#18753 = ORIENTED_EDGE('',*,*,#18754,.T.);
#18754 = EDGE_CURVE('',#18747,#18755,#18757,.T.);
#18755 = VERTEX_POINT('',#18756);
#18756 = CARTESIAN_POINT('',(-4.40394464E-16,18.18,2.54));
#18757 = LINE('',#18758,#18759);
#18758 = CARTESIAN_POINT('',(-0.4,17.78,2.54));
#18759 = VECTOR('',#18760,1.);
#18760 = DIRECTION('',(0.707106781187,0.707106781187,0.));
#18761 = ORIENTED_EDGE('',*,*,#18762,.T.);
#18762 = EDGE_CURVE('',#18755,#18763,#18765,.T.);
#18763 = VERTEX_POINT('',#18764);
#18764 = CARTESIAN_POINT('',(0.4,17.78,2.54));
#18765 = LINE('',#18766,#18767);
#18766 = CARTESIAN_POINT('',(-4.366997195189E-16,18.18,2.54));
#18767 = VECTOR('',#18768,1.);
#18768 = DIRECTION('',(0.707106781187,-0.707106781187,0.));
#18769 = ORIENTED_EDGE('',*,*,#18770,.T.);
#18770 = EDGE_CURVE('',#18763,#18745,#18771,.T.);
#18771 = LINE('',#18772,#18773);
#18772 = CARTESIAN_POINT('',(0.4,17.78,2.54));
#18773 = VECTOR('',#18774,1.);
#18774 = DIRECTION('',(-0.707106781187,-0.707106781187,0.));
#18775 = FACE_BOUND('',#18776,.T.);
#18776 = EDGE_LOOP('',(#18777,#18787,#18795,#18803));
#18777 = ORIENTED_EDGE('',*,*,#18778,.T.);
#18778 = EDGE_CURVE('',#18779,#18781,#18783,.T.);
#18779 = VERTEX_POINT('',#18780);
#18780 = CARTESIAN_POINT('',(-4.351585381868E-16,19.92,2.54));
#18781 = VERTEX_POINT('',#18782);
#18782 = CARTESIAN_POINT('',(-0.4,20.32,2.54));
#18783 = LINE('',#18784,#18785);
#18784 = CARTESIAN_POINT('',(-4.262278595423E-16,19.92,2.54));
#18785 = VECTOR('',#18786,1.);
#18786 = DIRECTION('',(-0.707106781187,0.707106781187,0.));
#18787 = ORIENTED_EDGE('',*,*,#18788,.T.);
#18788 = EDGE_CURVE('',#18781,#18789,#18791,.T.);
#18789 = VERTEX_POINT('',#18790);
#18790 = CARTESIAN_POINT('',(-4.40394464E-16,20.72,2.54));
#18791 = LINE('',#18792,#18793);
#18792 = CARTESIAN_POINT('',(-0.4,20.32,2.54));
#18793 = VECTOR('',#18794,1.);
#18794 = DIRECTION('',(0.707106781187,0.707106781187,0.));
#18795 = ORIENTED_EDGE('',*,*,#18796,.T.);
#18796 = EDGE_CURVE('',#18789,#18797,#18799,.T.);
#18797 = VERTEX_POINT('',#18798);
#18798 = CARTESIAN_POINT('',(0.4,20.32,2.54));
#18799 = LINE('',#18800,#18801);
#18800 = CARTESIAN_POINT('',(-4.366997195189E-16,20.72,2.54));
#18801 = VECTOR('',#18802,1.);
#18802 = DIRECTION('',(0.707106781187,-0.707106781187,0.));
#18803 = ORIENTED_EDGE('',*,*,#18804,.T.);
#18804 = EDGE_CURVE('',#18797,#18779,#18805,.T.);
#18805 = LINE('',#18806,#18807);
#18806 = CARTESIAN_POINT('',(0.4,20.32,2.54));
#18807 = VECTOR('',#18808,1.);
#18808 = DIRECTION('',(-0.707106781187,-0.707106781187,0.));
#18809 = PLANE('',#18810);
#18810 = AXIS2_PLACEMENT_3D('',#18811,#18812,#18813);
#18811 = CARTESIAN_POINT('',(-6.943273708791E-18,6.189432563265E-16,2.54
    ));
#18812 = DIRECTION('',(0.,0.,1.));
#18813 = DIRECTION('',(1.,0.,0.));
#18814 = ADVANCED_FACE('',(#18815),#18826,.F.);
#18815 = FACE_BOUND('',#18816,.F.);
#18816 = EDGE_LOOP('',(#18817,#18823,#18824,#18825));
#18817 = ORIENTED_EDGE('',*,*,#18818,.T.);
#18818 = EDGE_CURVE('',#16344,#17818,#18819,.T.);
#18819 = LINE('',#18820,#18821);
#18820 = CARTESIAN_POINT('',(2.54,20.72,0.));
#18821 = VECTOR('',#18822,1.);
#18822 = DIRECTION('',(0.,0.,1.));
#18823 = ORIENTED_EDGE('',*,*,#17825,.T.);
#18824 = ORIENTED_EDGE('',*,*,#15879,.F.);
#18825 = ORIENTED_EDGE('',*,*,#16343,.F.);
#18826 = PLANE('',#18827);
#18827 = AXIS2_PLACEMENT_3D('',#18828,#18829,#18830);
#18828 = CARTESIAN_POINT('',(2.54,20.72,0.));
#18829 = DIRECTION('',(-1.,0.,0.));
#18830 = DIRECTION('',(0.,1.,0.));
#18831 = ADVANCED_FACE('',(#18832),#18843,.F.);
#18832 = FACE_BOUND('',#18833,.F.);
#18833 = EDGE_LOOP('',(#18834,#18835,#18836,#18842));
#18834 = ORIENTED_EDGE('',*,*,#15901,.T.);
#18835 = ORIENTED_EDGE('',*,*,#17834,.T.);
#18836 = ORIENTED_EDGE('',*,*,#18837,.F.);
#18837 = EDGE_CURVE('',#16327,#17835,#18838,.T.);
#18838 = LINE('',#18839,#18840);
#18839 = CARTESIAN_POINT('',(-2.54,20.72,0.));
#18840 = VECTOR('',#18841,1.);
#18841 = DIRECTION('',(0.,0.,1.));
#18842 = ORIENTED_EDGE('',*,*,#16334,.F.);
#18843 = PLANE('',#18844);
#18844 = AXIS2_PLACEMENT_3D('',#18845,#18846,#18847);
#18845 = CARTESIAN_POINT('',(-2.54,22.46,0.));
#18846 = DIRECTION('',(1.,0.,0.));
#18847 = DIRECTION('',(0.,-1.,0.));
#18848 = ADVANCED_FACE('',(#18849),#18865,.T.);
#18849 = FACE_BOUND('',#18850,.T.);
#18850 = EDGE_LOOP('',(#18851,#18857,#18858,#18864));
#18851 = ORIENTED_EDGE('',*,*,#18852,.T.);
#18852 = EDGE_CURVE('',#15933,#17376,#18853,.T.);
#18853 = LINE('',#18854,#18855);
#18854 = CARTESIAN_POINT('',(-2.54,-20.72,0.));
#18855 = VECTOR('',#18856,1.);
#18856 = DIRECTION('',(0.,0.,1.));
#18857 = ORIENTED_EDGE('',*,*,#17375,.T.);
#18858 = ORIENTED_EDGE('',*,*,#18859,.F.);
#18859 = EDGE_CURVE('',#15935,#17378,#18860,.T.);
#18860 = LINE('',#18861,#18862);
#18861 = CARTESIAN_POINT('',(-2.14,-20.32,0.));
#18862 = VECTOR('',#18863,1.);
#18863 = DIRECTION('',(0.,0.,1.));
#18864 = ORIENTED_EDGE('',*,*,#15932,.F.);
#18865 = PLANE('',#18866);
#18866 = AXIS2_PLACEMENT_3D('',#18867,#18868,#18869);
#18867 = CARTESIAN_POINT('',(-2.54,-20.72,0.));
#18868 = DIRECTION('',(-0.707106781187,0.707106781187,0.));
#18869 = DIRECTION('',(0.707106781187,0.707106781187,0.));
#18870 = ADVANCED_FACE('',(#18871),#18882,.F.);
#18871 = FACE_BOUND('',#18872,.F.);
#18872 = EDGE_LOOP('',(#18873,#18874,#18875,#18881));
#18873 = ORIENTED_EDGE('',*,*,#18852,.T.);
#18874 = ORIENTED_EDGE('',*,*,#17385,.T.);
#18875 = ORIENTED_EDGE('',*,*,#18876,.F.);
#18876 = EDGE_CURVE('',#16776,#17386,#18877,.T.);
#18877 = LINE('',#18878,#18879);
#18878 = CARTESIAN_POINT('',(-2.54,-22.46,0.));
#18879 = VECTOR('',#18880,1.);
#18880 = DIRECTION('',(0.,0.,1.));
#18881 = ORIENTED_EDGE('',*,*,#16783,.F.);
#18882 = PLANE('',#18883);
#18883 = AXIS2_PLACEMENT_3D('',#18884,#18885,#18886);
#18884 = CARTESIAN_POINT('',(-2.54,-20.72,0.));
#18885 = DIRECTION('',(1.,0.,0.));
#18886 = DIRECTION('',(0.,-1.,0.));
#18887 = ADVANCED_FACE('',(#18888),#18899,.F.);
#18888 = FACE_BOUND('',#18889,.F.);
#18889 = EDGE_LOOP('',(#18890,#18896,#18897,#18898));
#18890 = ORIENTED_EDGE('',*,*,#18891,.T.);
#18891 = EDGE_CURVE('',#15943,#18219,#18892,.T.);
#18892 = LINE('',#18893,#18894);
#18893 = CARTESIAN_POINT('',(-2.54,-19.92,0.));
#18894 = VECTOR('',#18895,1.);
#18895 = DIRECTION('',(0.,0.,1.));
#18896 = ORIENTED_EDGE('',*,*,#18226,.T.);
#18897 = ORIENTED_EDGE('',*,*,#18859,.F.);
#18898 = ORIENTED_EDGE('',*,*,#15942,.F.);
#18899 = PLANE('',#18900);
#18900 = AXIS2_PLACEMENT_3D('',#18901,#18902,#18903);
#18901 = CARTESIAN_POINT('',(-2.54,-19.92,0.));
#18902 = DIRECTION('',(0.707106781187,0.707106781187,0.));
#18903 = DIRECTION('',(0.707106781187,-0.707106781187,0.));
#18904 = ADVANCED_FACE('',(#18905),#18916,.F.);
#18905 = FACE_BOUND('',#18906,.F.);
#18906 = EDGE_LOOP('',(#18907,#18908,#18909,#18915));
#18907 = ORIENTED_EDGE('',*,*,#18876,.T.);
#18908 = ORIENTED_EDGE('',*,*,#17393,.T.);
#18909 = ORIENTED_EDGE('',*,*,#18910,.F.);
#18910 = EDGE_CURVE('',#16768,#17394,#18911,.T.);
#18911 = LINE('',#18912,#18913);
#18912 = CARTESIAN_POINT('',(-2.14,-22.86,0.));
#18913 = VECTOR('',#18914,1.);
#18914 = DIRECTION('',(0.,0.,1.));
#18915 = ORIENTED_EDGE('',*,*,#16775,.F.);
#18916 = PLANE('',#18917);
#18917 = AXIS2_PLACEMENT_3D('',#18918,#18919,#18920);
#18918 = CARTESIAN_POINT('',(-2.54,-22.46,0.));
#18919 = DIRECTION('',(0.707106781187,0.707106781187,0.));
#18920 = DIRECTION('',(0.707106781187,-0.707106781187,0.));
#18921 = ADVANCED_FACE('',(#18922),#18933,.F.);
#18922 = FACE_BOUND('',#18923,.F.);
#18923 = EDGE_LOOP('',(#18924,#18930,#18931,#18932));
#18924 = ORIENTED_EDGE('',*,*,#18925,.T.);
#18925 = EDGE_CURVE('',#15951,#18211,#18926,.T.);
#18926 = LINE('',#18927,#18928);
#18927 = CARTESIAN_POINT('',(-2.54,-18.18,0.));
#18928 = VECTOR('',#18929,1.);
#18929 = DIRECTION('',(0.,0.,1.));
#18930 = ORIENTED_EDGE('',*,*,#18218,.T.);
#18931 = ORIENTED_EDGE('',*,*,#18891,.F.);
#18932 = ORIENTED_EDGE('',*,*,#15950,.F.);
#18933 = PLANE('',#18934);
#18934 = AXIS2_PLACEMENT_3D('',#18935,#18936,#18937);
#18935 = CARTESIAN_POINT('',(-2.54,-18.18,0.));
#18936 = DIRECTION('',(1.,0.,0.));
#18937 = DIRECTION('',(0.,-1.,0.));
#18938 = ADVANCED_FACE('',(#18939),#18950,.F.);
#18939 = FACE_BOUND('',#18940,.F.);
#18940 = EDGE_LOOP('',(#18941,#18942,#18943,#18949));
#18941 = ORIENTED_EDGE('',*,*,#18910,.T.);
#18942 = ORIENTED_EDGE('',*,*,#17401,.T.);
#18943 = ORIENTED_EDGE('',*,*,#18944,.F.);
#18944 = EDGE_CURVE('',#16760,#17402,#18945,.T.);
#18945 = LINE('',#18946,#18947);
#18946 = CARTESIAN_POINT('',(2.14,-22.86,0.));
#18947 = VECTOR('',#18948,1.);
#18948 = DIRECTION('',(0.,0.,1.));
#18949 = ORIENTED_EDGE('',*,*,#16767,.F.);
#18950 = PLANE('',#18951);
#18951 = AXIS2_PLACEMENT_3D('',#18952,#18953,#18954);
#18952 = CARTESIAN_POINT('',(-2.14,-22.86,0.));
#18953 = DIRECTION('',(0.,1.,0.));
#18954 = DIRECTION('',(1.,0.,0.));
#18955 = ADVANCED_FACE('',(#18956),#18967,.T.);
#18956 = FACE_BOUND('',#18957,.T.);
#18957 = EDGE_LOOP('',(#18958,#18959,#18960,#18966));
#18958 = ORIENTED_EDGE('',*,*,#18925,.T.);
#18959 = ORIENTED_EDGE('',*,*,#18210,.T.);
#18960 = ORIENTED_EDGE('',*,*,#18961,.F.);
#18961 = EDGE_CURVE('',#15959,#18203,#18962,.T.);
#18962 = LINE('',#18963,#18964);
#18963 = CARTESIAN_POINT('',(-2.14,-17.78,0.));
#18964 = VECTOR('',#18965,1.);
#18965 = DIRECTION('',(0.,0.,1.));
#18966 = ORIENTED_EDGE('',*,*,#15958,.F.);
#18967 = PLANE('',#18968);
#18968 = AXIS2_PLACEMENT_3D('',#18969,#18970,#18971);
#18969 = CARTESIAN_POINT('',(-2.54,-18.18,0.));
#18970 = DIRECTION('',(-0.707106781187,0.707106781187,0.));
#18971 = DIRECTION('',(0.707106781187,0.707106781187,0.));
#18972 = ADVANCED_FACE('',(#18973),#18984,.F.);
#18973 = FACE_BOUND('',#18974,.F.);
#18974 = EDGE_LOOP('',(#18975,#18976,#18977,#18983));
#18975 = ORIENTED_EDGE('',*,*,#18944,.T.);
#18976 = ORIENTED_EDGE('',*,*,#17409,.T.);
#18977 = ORIENTED_EDGE('',*,*,#18978,.F.);
#18978 = EDGE_CURVE('',#16752,#17410,#18979,.T.);
#18979 = LINE('',#18980,#18981);
#18980 = CARTESIAN_POINT('',(2.54,-22.46,0.));
#18981 = VECTOR('',#18982,1.);
#18982 = DIRECTION('',(0.,0.,1.));
#18983 = ORIENTED_EDGE('',*,*,#16759,.F.);
#18984 = PLANE('',#18985);
#18985 = AXIS2_PLACEMENT_3D('',#18986,#18987,#18988);
#18986 = CARTESIAN_POINT('',(2.14,-22.86,0.));
#18987 = DIRECTION('',(-0.707106781187,0.707106781187,0.));
#18988 = DIRECTION('',(0.707106781187,0.707106781187,0.));
#18989 = ADVANCED_FACE('',(#18990),#19001,.F.);
#18990 = FACE_BOUND('',#18991,.F.);
#18991 = EDGE_LOOP('',(#18992,#18998,#18999,#19000));
#18992 = ORIENTED_EDGE('',*,*,#18993,.T.);
#18993 = EDGE_CURVE('',#15967,#18195,#18994,.T.);
#18994 = LINE('',#18995,#18996);
#18995 = CARTESIAN_POINT('',(-2.54,-17.38,0.));
#18996 = VECTOR('',#18997,1.);
#18997 = DIRECTION('',(0.,0.,1.));
#18998 = ORIENTED_EDGE('',*,*,#18202,.T.);
#18999 = ORIENTED_EDGE('',*,*,#18961,.F.);
#19000 = ORIENTED_EDGE('',*,*,#15966,.F.);
#19001 = PLANE('',#19002);
#19002 = AXIS2_PLACEMENT_3D('',#19003,#19004,#19005);
#19003 = CARTESIAN_POINT('',(-2.54,-17.38,0.));
#19004 = DIRECTION('',(0.707106781187,0.707106781187,0.));
#19005 = DIRECTION('',(0.707106781187,-0.707106781187,0.));
#19006 = ADVANCED_FACE('',(#19007),#19018,.F.);
#19007 = FACE_BOUND('',#19008,.F.);
#19008 = EDGE_LOOP('',(#19009,#19010,#19011,#19017));
#19009 = ORIENTED_EDGE('',*,*,#18978,.T.);
#19010 = ORIENTED_EDGE('',*,*,#17417,.T.);
#19011 = ORIENTED_EDGE('',*,*,#19012,.F.);
#19012 = EDGE_CURVE('',#16744,#17418,#19013,.T.);
#19013 = LINE('',#19014,#19015);
#19014 = CARTESIAN_POINT('',(2.54,-20.72,0.));
#19015 = VECTOR('',#19016,1.);
#19016 = DIRECTION('',(0.,0.,1.));
#19017 = ORIENTED_EDGE('',*,*,#16751,.F.);
#19018 = PLANE('',#19019);
#19019 = AXIS2_PLACEMENT_3D('',#19020,#19021,#19022);
#19020 = CARTESIAN_POINT('',(2.54,-22.46,0.));
#19021 = DIRECTION('',(-1.,0.,0.));
#19022 = DIRECTION('',(0.,1.,0.));
#19023 = ADVANCED_FACE('',(#19024),#19035,.F.);
#19024 = FACE_BOUND('',#19025,.F.);
#19025 = EDGE_LOOP('',(#19026,#19032,#19033,#19034));
#19026 = ORIENTED_EDGE('',*,*,#19027,.T.);
#19027 = EDGE_CURVE('',#15975,#18187,#19028,.T.);
#19028 = LINE('',#19029,#19030);
#19029 = CARTESIAN_POINT('',(-2.54,-15.64,0.));
#19030 = VECTOR('',#19031,1.);
#19031 = DIRECTION('',(0.,0.,1.));
#19032 = ORIENTED_EDGE('',*,*,#18194,.T.);
#19033 = ORIENTED_EDGE('',*,*,#18993,.F.);
#19034 = ORIENTED_EDGE('',*,*,#15974,.F.);
#19035 = PLANE('',#19036);
#19036 = AXIS2_PLACEMENT_3D('',#19037,#19038,#19039);
#19037 = CARTESIAN_POINT('',(-2.54,-15.64,0.));
#19038 = DIRECTION('',(1.,0.,0.));
#19039 = DIRECTION('',(0.,-1.,0.));
#19040 = ADVANCED_FACE('',(#19041),#19052,.T.);
#19041 = FACE_BOUND('',#19042,.T.);
#19042 = EDGE_LOOP('',(#19043,#19049,#19050,#19051));
#19043 = ORIENTED_EDGE('',*,*,#19044,.T.);
#19044 = EDGE_CURVE('',#16736,#17426,#19045,.T.);
#19045 = LINE('',#19046,#19047);
#19046 = CARTESIAN_POINT('',(2.14,-20.32,0.));
#19047 = VECTOR('',#19048,1.);
#19048 = DIRECTION('',(0.,0.,1.));
#19049 = ORIENTED_EDGE('',*,*,#17425,.T.);
#19050 = ORIENTED_EDGE('',*,*,#19012,.F.);
#19051 = ORIENTED_EDGE('',*,*,#16743,.F.);
#19052 = PLANE('',#19053);
#19053 = AXIS2_PLACEMENT_3D('',#19054,#19055,#19056);
#19054 = CARTESIAN_POINT('',(2.14,-20.32,0.));
#19055 = DIRECTION('',(0.707106781187,0.707106781187,0.));
#19056 = DIRECTION('',(0.707106781187,-0.707106781187,0.));
#19057 = ADVANCED_FACE('',(#19058),#19069,.T.);
#19058 = FACE_BOUND('',#19059,.T.);
#19059 = EDGE_LOOP('',(#19060,#19061,#19062,#19068));
#19060 = ORIENTED_EDGE('',*,*,#19027,.T.);
#19061 = ORIENTED_EDGE('',*,*,#18186,.T.);
#19062 = ORIENTED_EDGE('',*,*,#19063,.F.);
#19063 = EDGE_CURVE('',#15983,#18179,#19064,.T.);
#19064 = LINE('',#19065,#19066);
#19065 = CARTESIAN_POINT('',(-2.14,-15.24,0.));
#19066 = VECTOR('',#19067,1.);
#19067 = DIRECTION('',(0.,0.,1.));
#19068 = ORIENTED_EDGE('',*,*,#15982,.F.);
#19069 = PLANE('',#19070);
#19070 = AXIS2_PLACEMENT_3D('',#19071,#19072,#19073);
#19071 = CARTESIAN_POINT('',(-2.54,-15.64,0.));
#19072 = DIRECTION('',(-0.707106781187,0.707106781187,0.));
#19073 = DIRECTION('',(0.707106781187,0.707106781187,0.));
#19074 = ADVANCED_FACE('',(#19075),#19086,.F.);
#19075 = FACE_BOUND('',#19076,.F.);
#19076 = EDGE_LOOP('',(#19077,#19078,#19079,#19085));
#19077 = ORIENTED_EDGE('',*,*,#19044,.T.);
#19078 = ORIENTED_EDGE('',*,*,#17433,.T.);
#19079 = ORIENTED_EDGE('',*,*,#19080,.F.);
#19080 = EDGE_CURVE('',#16728,#17434,#19081,.T.);
#19081 = LINE('',#19082,#19083);
#19082 = CARTESIAN_POINT('',(2.54,-19.92,0.));
#19083 = VECTOR('',#19084,1.);
#19084 = DIRECTION('',(0.,0.,1.));
#19085 = ORIENTED_EDGE('',*,*,#16735,.F.);
#19086 = PLANE('',#19087);
#19087 = AXIS2_PLACEMENT_3D('',#19088,#19089,#19090);
#19088 = CARTESIAN_POINT('',(2.14,-20.32,0.));
#19089 = DIRECTION('',(-0.707106781187,0.707106781187,0.));
#19090 = DIRECTION('',(0.707106781187,0.707106781187,0.));
#19091 = ADVANCED_FACE('',(#19092),#19103,.F.);
#19092 = FACE_BOUND('',#19093,.F.);
#19093 = EDGE_LOOP('',(#19094,#19100,#19101,#19102));
#19094 = ORIENTED_EDGE('',*,*,#19095,.T.);
#19095 = EDGE_CURVE('',#15991,#18171,#19096,.T.);
#19096 = LINE('',#19097,#19098);
#19097 = CARTESIAN_POINT('',(-2.54,-14.84,0.));
#19098 = VECTOR('',#19099,1.);
#19099 = DIRECTION('',(0.,0.,1.));
#19100 = ORIENTED_EDGE('',*,*,#18178,.T.);
#19101 = ORIENTED_EDGE('',*,*,#19063,.F.);
#19102 = ORIENTED_EDGE('',*,*,#15990,.F.);
#19103 = PLANE('',#19104);
#19104 = AXIS2_PLACEMENT_3D('',#19105,#19106,#19107);
#19105 = CARTESIAN_POINT('',(-2.54,-14.84,0.));
#19106 = DIRECTION('',(0.707106781187,0.707106781187,0.));
#19107 = DIRECTION('',(0.707106781187,-0.707106781187,0.));
#19108 = ADVANCED_FACE('',(#19109),#19120,.F.);
#19109 = FACE_BOUND('',#19110,.F.);
#19110 = EDGE_LOOP('',(#19111,#19112,#19113,#19119));
#19111 = ORIENTED_EDGE('',*,*,#19080,.T.);
#19112 = ORIENTED_EDGE('',*,*,#17441,.T.);
#19113 = ORIENTED_EDGE('',*,*,#19114,.F.);
#19114 = EDGE_CURVE('',#16720,#17442,#19115,.T.);
#19115 = LINE('',#19116,#19117);
#19116 = CARTESIAN_POINT('',(2.54,-18.18,0.));
#19117 = VECTOR('',#19118,1.);
#19118 = DIRECTION('',(0.,0.,1.));
#19119 = ORIENTED_EDGE('',*,*,#16727,.F.);
#19120 = PLANE('',#19121);
#19121 = AXIS2_PLACEMENT_3D('',#19122,#19123,#19124);
#19122 = CARTESIAN_POINT('',(2.54,-19.92,0.));
#19123 = DIRECTION('',(-1.,0.,0.));
#19124 = DIRECTION('',(0.,1.,0.));
#19125 = ADVANCED_FACE('',(#19126),#19137,.F.);
#19126 = FACE_BOUND('',#19127,.F.);
#19127 = EDGE_LOOP('',(#19128,#19134,#19135,#19136));
#19128 = ORIENTED_EDGE('',*,*,#19129,.T.);
#19129 = EDGE_CURVE('',#15999,#18163,#19130,.T.);
#19130 = LINE('',#19131,#19132);
#19131 = CARTESIAN_POINT('',(-2.54,-13.1,0.));
#19132 = VECTOR('',#19133,1.);
#19133 = DIRECTION('',(0.,0.,1.));
#19134 = ORIENTED_EDGE('',*,*,#18170,.T.);
#19135 = ORIENTED_EDGE('',*,*,#19095,.F.);
#19136 = ORIENTED_EDGE('',*,*,#15998,.F.);
#19137 = PLANE('',#19138);
#19138 = AXIS2_PLACEMENT_3D('',#19139,#19140,#19141);
#19139 = CARTESIAN_POINT('',(-2.54,-13.1,0.));
#19140 = DIRECTION('',(1.,0.,0.));
#19141 = DIRECTION('',(0.,-1.,0.));
#19142 = ADVANCED_FACE('',(#19143),#19154,.T.);
#19143 = FACE_BOUND('',#19144,.T.);
#19144 = EDGE_LOOP('',(#19145,#19151,#19152,#19153));
#19145 = ORIENTED_EDGE('',*,*,#19146,.T.);
#19146 = EDGE_CURVE('',#16712,#17450,#19147,.T.);
#19147 = LINE('',#19148,#19149);
#19148 = CARTESIAN_POINT('',(2.14,-17.78,0.));
#19149 = VECTOR('',#19150,1.);
#19150 = DIRECTION('',(0.,0.,1.));
#19151 = ORIENTED_EDGE('',*,*,#17449,.T.);
#19152 = ORIENTED_EDGE('',*,*,#19114,.F.);
#19153 = ORIENTED_EDGE('',*,*,#16719,.F.);
#19154 = PLANE('',#19155);
#19155 = AXIS2_PLACEMENT_3D('',#19156,#19157,#19158);
#19156 = CARTESIAN_POINT('',(2.14,-17.78,0.));
#19157 = DIRECTION('',(0.707106781187,0.707106781187,0.));
#19158 = DIRECTION('',(0.707106781187,-0.707106781187,0.));
#19159 = ADVANCED_FACE('',(#19160),#19171,.T.);
#19160 = FACE_BOUND('',#19161,.T.);
#19161 = EDGE_LOOP('',(#19162,#19163,#19164,#19170));
#19162 = ORIENTED_EDGE('',*,*,#19129,.T.);
#19163 = ORIENTED_EDGE('',*,*,#18162,.T.);
#19164 = ORIENTED_EDGE('',*,*,#19165,.F.);
#19165 = EDGE_CURVE('',#16007,#18155,#19166,.T.);
#19166 = LINE('',#19167,#19168);
#19167 = CARTESIAN_POINT('',(-2.14,-12.7,0.));
#19168 = VECTOR('',#19169,1.);
#19169 = DIRECTION('',(0.,0.,1.));
#19170 = ORIENTED_EDGE('',*,*,#16006,.F.);
#19171 = PLANE('',#19172);
#19172 = AXIS2_PLACEMENT_3D('',#19173,#19174,#19175);
#19173 = CARTESIAN_POINT('',(-2.54,-13.1,0.));
#19174 = DIRECTION('',(-0.707106781187,0.707106781187,0.));
#19175 = DIRECTION('',(0.707106781187,0.707106781187,0.));
#19176 = ADVANCED_FACE('',(#19177),#19188,.F.);
#19177 = FACE_BOUND('',#19178,.F.);
#19178 = EDGE_LOOP('',(#19179,#19180,#19181,#19187));
#19179 = ORIENTED_EDGE('',*,*,#19146,.T.);
#19180 = ORIENTED_EDGE('',*,*,#17457,.T.);
#19181 = ORIENTED_EDGE('',*,*,#19182,.F.);
#19182 = EDGE_CURVE('',#16704,#17458,#19183,.T.);
#19183 = LINE('',#19184,#19185);
#19184 = CARTESIAN_POINT('',(2.54,-17.38,0.));
#19185 = VECTOR('',#19186,1.);
#19186 = DIRECTION('',(0.,0.,1.));
#19187 = ORIENTED_EDGE('',*,*,#16711,.F.);
#19188 = PLANE('',#19189);
#19189 = AXIS2_PLACEMENT_3D('',#19190,#19191,#19192);
#19190 = CARTESIAN_POINT('',(2.14,-17.78,0.));
#19191 = DIRECTION('',(-0.707106781187,0.707106781187,0.));
#19192 = DIRECTION('',(0.707106781187,0.707106781187,0.));
#19193 = ADVANCED_FACE('',(#19194),#19205,.F.);
#19194 = FACE_BOUND('',#19195,.F.);
#19195 = EDGE_LOOP('',(#19196,#19202,#19203,#19204));
#19196 = ORIENTED_EDGE('',*,*,#19197,.T.);
#19197 = EDGE_CURVE('',#16015,#18147,#19198,.T.);
#19198 = LINE('',#19199,#19200);
#19199 = CARTESIAN_POINT('',(-2.54,-12.3,0.));
#19200 = VECTOR('',#19201,1.);
#19201 = DIRECTION('',(0.,0.,1.));
#19202 = ORIENTED_EDGE('',*,*,#18154,.T.);
#19203 = ORIENTED_EDGE('',*,*,#19165,.F.);
#19204 = ORIENTED_EDGE('',*,*,#16014,.F.);
#19205 = PLANE('',#19206);
#19206 = AXIS2_PLACEMENT_3D('',#19207,#19208,#19209);
#19207 = CARTESIAN_POINT('',(-2.54,-12.3,0.));
#19208 = DIRECTION('',(0.707106781187,0.707106781187,0.));
#19209 = DIRECTION('',(0.707106781187,-0.707106781187,0.));
#19210 = ADVANCED_FACE('',(#19211),#19222,.F.);
#19211 = FACE_BOUND('',#19212,.F.);
#19212 = EDGE_LOOP('',(#19213,#19214,#19215,#19221));
#19213 = ORIENTED_EDGE('',*,*,#19182,.T.);
#19214 = ORIENTED_EDGE('',*,*,#17465,.T.);
#19215 = ORIENTED_EDGE('',*,*,#19216,.F.);
#19216 = EDGE_CURVE('',#16696,#17466,#19217,.T.);
#19217 = LINE('',#19218,#19219);
#19218 = CARTESIAN_POINT('',(2.54,-15.64,0.));
#19219 = VECTOR('',#19220,1.);
#19220 = DIRECTION('',(0.,0.,1.));
#19221 = ORIENTED_EDGE('',*,*,#16703,.F.);
#19222 = PLANE('',#19223);
#19223 = AXIS2_PLACEMENT_3D('',#19224,#19225,#19226);
#19224 = CARTESIAN_POINT('',(2.54,-17.38,0.));
#19225 = DIRECTION('',(-1.,0.,0.));
#19226 = DIRECTION('',(0.,1.,0.));
#19227 = ADVANCED_FACE('',(#19228),#19239,.F.);
#19228 = FACE_BOUND('',#19229,.F.);
#19229 = EDGE_LOOP('',(#19230,#19236,#19237,#19238));
#19230 = ORIENTED_EDGE('',*,*,#19231,.T.);
#19231 = EDGE_CURVE('',#16023,#18139,#19232,.T.);
#19232 = LINE('',#19233,#19234);
#19233 = CARTESIAN_POINT('',(-2.54,-10.56,0.));
#19234 = VECTOR('',#19235,1.);
#19235 = DIRECTION('',(0.,0.,1.));
#19236 = ORIENTED_EDGE('',*,*,#18146,.T.);
#19237 = ORIENTED_EDGE('',*,*,#19197,.F.);
#19238 = ORIENTED_EDGE('',*,*,#16022,.F.);
#19239 = PLANE('',#19240);
#19240 = AXIS2_PLACEMENT_3D('',#19241,#19242,#19243);
#19241 = CARTESIAN_POINT('',(-2.54,-10.56,0.));
#19242 = DIRECTION('',(1.,0.,0.));
#19243 = DIRECTION('',(0.,-1.,0.));
#19244 = ADVANCED_FACE('',(#19245),#19256,.T.);
#19245 = FACE_BOUND('',#19246,.T.);
#19246 = EDGE_LOOP('',(#19247,#19253,#19254,#19255));
#19247 = ORIENTED_EDGE('',*,*,#19248,.T.);
#19248 = EDGE_CURVE('',#16688,#17474,#19249,.T.);
#19249 = LINE('',#19250,#19251);
#19250 = CARTESIAN_POINT('',(2.14,-15.24,0.));
#19251 = VECTOR('',#19252,1.);
#19252 = DIRECTION('',(0.,0.,1.));
#19253 = ORIENTED_EDGE('',*,*,#17473,.T.);
#19254 = ORIENTED_EDGE('',*,*,#19216,.F.);
#19255 = ORIENTED_EDGE('',*,*,#16695,.F.);
#19256 = PLANE('',#19257);
#19257 = AXIS2_PLACEMENT_3D('',#19258,#19259,#19260);
#19258 = CARTESIAN_POINT('',(2.14,-15.24,0.));
#19259 = DIRECTION('',(0.707106781187,0.707106781187,0.));
#19260 = DIRECTION('',(0.707106781187,-0.707106781187,0.));
#19261 = ADVANCED_FACE('',(#19262),#19273,.T.);
#19262 = FACE_BOUND('',#19263,.T.);
#19263 = EDGE_LOOP('',(#19264,#19265,#19266,#19272));
#19264 = ORIENTED_EDGE('',*,*,#19231,.T.);
#19265 = ORIENTED_EDGE('',*,*,#18138,.T.);
#19266 = ORIENTED_EDGE('',*,*,#19267,.F.);
#19267 = EDGE_CURVE('',#16031,#18131,#19268,.T.);
#19268 = LINE('',#19269,#19270);
#19269 = CARTESIAN_POINT('',(-2.14,-10.16,0.));
#19270 = VECTOR('',#19271,1.);
#19271 = DIRECTION('',(0.,0.,1.));
#19272 = ORIENTED_EDGE('',*,*,#16030,.F.);
#19273 = PLANE('',#19274);
#19274 = AXIS2_PLACEMENT_3D('',#19275,#19276,#19277);
#19275 = CARTESIAN_POINT('',(-2.54,-10.56,0.));
#19276 = DIRECTION('',(-0.707106781187,0.707106781187,0.));
#19277 = DIRECTION('',(0.707106781187,0.707106781187,0.));
#19278 = ADVANCED_FACE('',(#19279),#19290,.F.);
#19279 = FACE_BOUND('',#19280,.F.);
#19280 = EDGE_LOOP('',(#19281,#19282,#19283,#19289));
#19281 = ORIENTED_EDGE('',*,*,#19248,.T.);
#19282 = ORIENTED_EDGE('',*,*,#17481,.T.);
#19283 = ORIENTED_EDGE('',*,*,#19284,.F.);
#19284 = EDGE_CURVE('',#16680,#17482,#19285,.T.);
#19285 = LINE('',#19286,#19287);
#19286 = CARTESIAN_POINT('',(2.54,-14.84,0.));
#19287 = VECTOR('',#19288,1.);
#19288 = DIRECTION('',(0.,0.,1.));
#19289 = ORIENTED_EDGE('',*,*,#16687,.F.);
#19290 = PLANE('',#19291);
#19291 = AXIS2_PLACEMENT_3D('',#19292,#19293,#19294);
#19292 = CARTESIAN_POINT('',(2.14,-15.24,0.));
#19293 = DIRECTION('',(-0.707106781187,0.707106781187,0.));
#19294 = DIRECTION('',(0.707106781187,0.707106781187,0.));
#19295 = ADVANCED_FACE('',(#19296),#19307,.F.);
#19296 = FACE_BOUND('',#19297,.F.);
#19297 = EDGE_LOOP('',(#19298,#19304,#19305,#19306));
#19298 = ORIENTED_EDGE('',*,*,#19299,.T.);
#19299 = EDGE_CURVE('',#16039,#18123,#19300,.T.);
#19300 = LINE('',#19301,#19302);
#19301 = CARTESIAN_POINT('',(-2.54,-9.76,0.));
#19302 = VECTOR('',#19303,1.);
#19303 = DIRECTION('',(0.,0.,1.));
#19304 = ORIENTED_EDGE('',*,*,#18130,.T.);
#19305 = ORIENTED_EDGE('',*,*,#19267,.F.);
#19306 = ORIENTED_EDGE('',*,*,#16038,.F.);
#19307 = PLANE('',#19308);
#19308 = AXIS2_PLACEMENT_3D('',#19309,#19310,#19311);
#19309 = CARTESIAN_POINT('',(-2.54,-9.76,0.));
#19310 = DIRECTION('',(0.707106781187,0.707106781187,0.));
#19311 = DIRECTION('',(0.707106781187,-0.707106781187,0.));
#19312 = ADVANCED_FACE('',(#19313),#19324,.F.);
#19313 = FACE_BOUND('',#19314,.F.);
#19314 = EDGE_LOOP('',(#19315,#19316,#19317,#19323));
#19315 = ORIENTED_EDGE('',*,*,#19284,.T.);
#19316 = ORIENTED_EDGE('',*,*,#17489,.T.);
#19317 = ORIENTED_EDGE('',*,*,#19318,.F.);
#19318 = EDGE_CURVE('',#16672,#17490,#19319,.T.);
#19319 = LINE('',#19320,#19321);
#19320 = CARTESIAN_POINT('',(2.54,-13.1,0.));
#19321 = VECTOR('',#19322,1.);
#19322 = DIRECTION('',(0.,0.,1.));
#19323 = ORIENTED_EDGE('',*,*,#16679,.F.);
#19324 = PLANE('',#19325);
#19325 = AXIS2_PLACEMENT_3D('',#19326,#19327,#19328);
#19326 = CARTESIAN_POINT('',(2.54,-14.84,0.));
#19327 = DIRECTION('',(-1.,0.,0.));
#19328 = DIRECTION('',(0.,1.,0.));
#19329 = ADVANCED_FACE('',(#19330),#19341,.F.);
#19330 = FACE_BOUND('',#19331,.F.);
#19331 = EDGE_LOOP('',(#19332,#19338,#19339,#19340));
#19332 = ORIENTED_EDGE('',*,*,#19333,.T.);
#19333 = EDGE_CURVE('',#16047,#18115,#19334,.T.);
#19334 = LINE('',#19335,#19336);
#19335 = CARTESIAN_POINT('',(-2.54,-8.02,0.));
#19336 = VECTOR('',#19337,1.);
#19337 = DIRECTION('',(0.,0.,1.));
#19338 = ORIENTED_EDGE('',*,*,#18122,.T.);
#19339 = ORIENTED_EDGE('',*,*,#19299,.F.);
#19340 = ORIENTED_EDGE('',*,*,#16046,.F.);
#19341 = PLANE('',#19342);
#19342 = AXIS2_PLACEMENT_3D('',#19343,#19344,#19345);
#19343 = CARTESIAN_POINT('',(-2.54,-8.02,0.));
#19344 = DIRECTION('',(1.,0.,0.));
#19345 = DIRECTION('',(0.,-1.,0.));
#19346 = ADVANCED_FACE('',(#19347),#19358,.T.);
#19347 = FACE_BOUND('',#19348,.T.);
#19348 = EDGE_LOOP('',(#19349,#19355,#19356,#19357));
#19349 = ORIENTED_EDGE('',*,*,#19350,.T.);
#19350 = EDGE_CURVE('',#16664,#17498,#19351,.T.);
#19351 = LINE('',#19352,#19353);
#19352 = CARTESIAN_POINT('',(2.14,-12.7,0.));
#19353 = VECTOR('',#19354,1.);
#19354 = DIRECTION('',(0.,0.,1.));
#19355 = ORIENTED_EDGE('',*,*,#17497,.T.);
#19356 = ORIENTED_EDGE('',*,*,#19318,.F.);
#19357 = ORIENTED_EDGE('',*,*,#16671,.F.);
#19358 = PLANE('',#19359);
#19359 = AXIS2_PLACEMENT_3D('',#19360,#19361,#19362);
#19360 = CARTESIAN_POINT('',(2.14,-12.7,0.));
#19361 = DIRECTION('',(0.707106781187,0.707106781187,0.));
#19362 = DIRECTION('',(0.707106781187,-0.707106781187,0.));
#19363 = ADVANCED_FACE('',(#19364),#19375,.T.);
#19364 = FACE_BOUND('',#19365,.T.);
#19365 = EDGE_LOOP('',(#19366,#19367,#19368,#19374));
#19366 = ORIENTED_EDGE('',*,*,#19333,.T.);
#19367 = ORIENTED_EDGE('',*,*,#18114,.T.);
#19368 = ORIENTED_EDGE('',*,*,#19369,.F.);
#19369 = EDGE_CURVE('',#16055,#18107,#19370,.T.);
#19370 = LINE('',#19371,#19372);
#19371 = CARTESIAN_POINT('',(-2.14,-7.62,0.));
#19372 = VECTOR('',#19373,1.);
#19373 = DIRECTION('',(0.,0.,1.));
#19374 = ORIENTED_EDGE('',*,*,#16054,.F.);
#19375 = PLANE('',#19376);
#19376 = AXIS2_PLACEMENT_3D('',#19377,#19378,#19379);
#19377 = CARTESIAN_POINT('',(-2.54,-8.02,0.));
#19378 = DIRECTION('',(-0.707106781187,0.707106781187,0.));
#19379 = DIRECTION('',(0.707106781187,0.707106781187,0.));
#19380 = ADVANCED_FACE('',(#19381),#19392,.F.);
#19381 = FACE_BOUND('',#19382,.F.);
#19382 = EDGE_LOOP('',(#19383,#19384,#19385,#19391));
#19383 = ORIENTED_EDGE('',*,*,#19350,.T.);
#19384 = ORIENTED_EDGE('',*,*,#17505,.T.);
#19385 = ORIENTED_EDGE('',*,*,#19386,.F.);
#19386 = EDGE_CURVE('',#16656,#17506,#19387,.T.);
#19387 = LINE('',#19388,#19389);
#19388 = CARTESIAN_POINT('',(2.54,-12.3,0.));
#19389 = VECTOR('',#19390,1.);
#19390 = DIRECTION('',(0.,0.,1.));
#19391 = ORIENTED_EDGE('',*,*,#16663,.F.);
#19392 = PLANE('',#19393);
#19393 = AXIS2_PLACEMENT_3D('',#19394,#19395,#19396);
#19394 = CARTESIAN_POINT('',(2.14,-12.7,0.));
#19395 = DIRECTION('',(-0.707106781187,0.707106781187,0.));
#19396 = DIRECTION('',(0.707106781187,0.707106781187,0.));
#19397 = ADVANCED_FACE('',(#19398),#19409,.F.);
#19398 = FACE_BOUND('',#19399,.F.);
#19399 = EDGE_LOOP('',(#19400,#19406,#19407,#19408));
#19400 = ORIENTED_EDGE('',*,*,#19401,.T.);
#19401 = EDGE_CURVE('',#16063,#18099,#19402,.T.);
#19402 = LINE('',#19403,#19404);
#19403 = CARTESIAN_POINT('',(-2.54,-7.22,0.));
#19404 = VECTOR('',#19405,1.);
#19405 = DIRECTION('',(0.,0.,1.));
#19406 = ORIENTED_EDGE('',*,*,#18106,.T.);
#19407 = ORIENTED_EDGE('',*,*,#19369,.F.);
#19408 = ORIENTED_EDGE('',*,*,#16062,.F.);
#19409 = PLANE('',#19410);
#19410 = AXIS2_PLACEMENT_3D('',#19411,#19412,#19413);
#19411 = CARTESIAN_POINT('',(-2.54,-7.22,0.));
#19412 = DIRECTION('',(0.707106781187,0.707106781187,0.));
#19413 = DIRECTION('',(0.707106781187,-0.707106781187,0.));
#19414 = ADVANCED_FACE('',(#19415),#19426,.F.);
#19415 = FACE_BOUND('',#19416,.F.);
#19416 = EDGE_LOOP('',(#19417,#19418,#19419,#19425));
#19417 = ORIENTED_EDGE('',*,*,#19386,.T.);
#19418 = ORIENTED_EDGE('',*,*,#17513,.T.);
#19419 = ORIENTED_EDGE('',*,*,#19420,.F.);
#19420 = EDGE_CURVE('',#16648,#17514,#19421,.T.);
#19421 = LINE('',#19422,#19423);
#19422 = CARTESIAN_POINT('',(2.54,-10.56,0.));
#19423 = VECTOR('',#19424,1.);
#19424 = DIRECTION('',(0.,0.,1.));
#19425 = ORIENTED_EDGE('',*,*,#16655,.F.);
#19426 = PLANE('',#19427);
#19427 = AXIS2_PLACEMENT_3D('',#19428,#19429,#19430);
#19428 = CARTESIAN_POINT('',(2.54,-12.3,0.));
#19429 = DIRECTION('',(-1.,0.,0.));
#19430 = DIRECTION('',(0.,1.,0.));
#19431 = ADVANCED_FACE('',(#19432),#19443,.F.);
#19432 = FACE_BOUND('',#19433,.F.);
#19433 = EDGE_LOOP('',(#19434,#19440,#19441,#19442));
#19434 = ORIENTED_EDGE('',*,*,#19435,.T.);
#19435 = EDGE_CURVE('',#16071,#18091,#19436,.T.);
#19436 = LINE('',#19437,#19438);
#19437 = CARTESIAN_POINT('',(-2.54,-5.48,0.));
#19438 = VECTOR('',#19439,1.);
#19439 = DIRECTION('',(0.,0.,1.));
#19440 = ORIENTED_EDGE('',*,*,#18098,.T.);
#19441 = ORIENTED_EDGE('',*,*,#19401,.F.);
#19442 = ORIENTED_EDGE('',*,*,#16070,.F.);
#19443 = PLANE('',#19444);
#19444 = AXIS2_PLACEMENT_3D('',#19445,#19446,#19447);
#19445 = CARTESIAN_POINT('',(-2.54,-5.48,0.));
#19446 = DIRECTION('',(1.,0.,0.));
#19447 = DIRECTION('',(0.,-1.,0.));
#19448 = ADVANCED_FACE('',(#19449),#19460,.T.);
#19449 = FACE_BOUND('',#19450,.T.);
#19450 = EDGE_LOOP('',(#19451,#19457,#19458,#19459));
#19451 = ORIENTED_EDGE('',*,*,#19452,.T.);
#19452 = EDGE_CURVE('',#16640,#17522,#19453,.T.);
#19453 = LINE('',#19454,#19455);
#19454 = CARTESIAN_POINT('',(2.14,-10.16,0.));
#19455 = VECTOR('',#19456,1.);
#19456 = DIRECTION('',(0.,0.,1.));
#19457 = ORIENTED_EDGE('',*,*,#17521,.T.);
#19458 = ORIENTED_EDGE('',*,*,#19420,.F.);
#19459 = ORIENTED_EDGE('',*,*,#16647,.F.);
#19460 = PLANE('',#19461);
#19461 = AXIS2_PLACEMENT_3D('',#19462,#19463,#19464);
#19462 = CARTESIAN_POINT('',(2.14,-10.16,0.));
#19463 = DIRECTION('',(0.707106781187,0.707106781187,0.));
#19464 = DIRECTION('',(0.707106781187,-0.707106781187,0.));
#19465 = ADVANCED_FACE('',(#19466),#19477,.T.);
#19466 = FACE_BOUND('',#19467,.T.);
#19467 = EDGE_LOOP('',(#19468,#19469,#19470,#19476));
#19468 = ORIENTED_EDGE('',*,*,#19435,.T.);
#19469 = ORIENTED_EDGE('',*,*,#18090,.T.);
#19470 = ORIENTED_EDGE('',*,*,#19471,.F.);
#19471 = EDGE_CURVE('',#16079,#18083,#19472,.T.);
#19472 = LINE('',#19473,#19474);
#19473 = CARTESIAN_POINT('',(-2.14,-5.08,0.));
#19474 = VECTOR('',#19475,1.);
#19475 = DIRECTION('',(0.,0.,1.));
#19476 = ORIENTED_EDGE('',*,*,#16078,.F.);
#19477 = PLANE('',#19478);
#19478 = AXIS2_PLACEMENT_3D('',#19479,#19480,#19481);
#19479 = CARTESIAN_POINT('',(-2.54,-5.48,0.));
#19480 = DIRECTION('',(-0.707106781187,0.707106781187,0.));
#19481 = DIRECTION('',(0.707106781187,0.707106781187,0.));
#19482 = ADVANCED_FACE('',(#19483),#19494,.F.);
#19483 = FACE_BOUND('',#19484,.F.);
#19484 = EDGE_LOOP('',(#19485,#19486,#19487,#19493));
#19485 = ORIENTED_EDGE('',*,*,#19452,.T.);
#19486 = ORIENTED_EDGE('',*,*,#17529,.T.);
#19487 = ORIENTED_EDGE('',*,*,#19488,.F.);
#19488 = EDGE_CURVE('',#16632,#17530,#19489,.T.);
#19489 = LINE('',#19490,#19491);
#19490 = CARTESIAN_POINT('',(2.54,-9.76,0.));
#19491 = VECTOR('',#19492,1.);
#19492 = DIRECTION('',(0.,0.,1.));
#19493 = ORIENTED_EDGE('',*,*,#16639,.F.);
#19494 = PLANE('',#19495);
#19495 = AXIS2_PLACEMENT_3D('',#19496,#19497,#19498);
#19496 = CARTESIAN_POINT('',(2.14,-10.16,0.));
#19497 = DIRECTION('',(-0.707106781187,0.707106781187,0.));
#19498 = DIRECTION('',(0.707106781187,0.707106781187,0.));
#19499 = ADVANCED_FACE('',(#19500),#19511,.F.);
#19500 = FACE_BOUND('',#19501,.F.);
#19501 = EDGE_LOOP('',(#19502,#19508,#19509,#19510));
#19502 = ORIENTED_EDGE('',*,*,#19503,.T.);
#19503 = EDGE_CURVE('',#16087,#18075,#19504,.T.);
#19504 = LINE('',#19505,#19506);
#19505 = CARTESIAN_POINT('',(-2.54,-4.68,0.));
#19506 = VECTOR('',#19507,1.);
#19507 = DIRECTION('',(0.,0.,1.));
#19508 = ORIENTED_EDGE('',*,*,#18082,.T.);
#19509 = ORIENTED_EDGE('',*,*,#19471,.F.);
#19510 = ORIENTED_EDGE('',*,*,#16086,.F.);
#19511 = PLANE('',#19512);
#19512 = AXIS2_PLACEMENT_3D('',#19513,#19514,#19515);
#19513 = CARTESIAN_POINT('',(-2.54,-4.68,0.));
#19514 = DIRECTION('',(0.707106781187,0.707106781187,0.));
#19515 = DIRECTION('',(0.707106781187,-0.707106781187,0.));
#19516 = ADVANCED_FACE('',(#19517),#19528,.F.);
#19517 = FACE_BOUND('',#19518,.F.);
#19518 = EDGE_LOOP('',(#19519,#19520,#19521,#19527));
#19519 = ORIENTED_EDGE('',*,*,#19488,.T.);
#19520 = ORIENTED_EDGE('',*,*,#17537,.T.);
#19521 = ORIENTED_EDGE('',*,*,#19522,.F.);
#19522 = EDGE_CURVE('',#16624,#17538,#19523,.T.);
#19523 = LINE('',#19524,#19525);
#19524 = CARTESIAN_POINT('',(2.54,-8.02,0.));
#19525 = VECTOR('',#19526,1.);
#19526 = DIRECTION('',(0.,0.,1.));
#19527 = ORIENTED_EDGE('',*,*,#16631,.F.);
#19528 = PLANE('',#19529);
#19529 = AXIS2_PLACEMENT_3D('',#19530,#19531,#19532);
#19530 = CARTESIAN_POINT('',(2.54,-9.76,0.));
#19531 = DIRECTION('',(-1.,0.,0.));
#19532 = DIRECTION('',(0.,1.,0.));
#19533 = ADVANCED_FACE('',(#19534),#19545,.F.);
#19534 = FACE_BOUND('',#19535,.F.);
#19535 = EDGE_LOOP('',(#19536,#19542,#19543,#19544));
#19536 = ORIENTED_EDGE('',*,*,#19537,.T.);
#19537 = EDGE_CURVE('',#16095,#18067,#19538,.T.);
#19538 = LINE('',#19539,#19540);
#19539 = CARTESIAN_POINT('',(-2.54,-2.94,0.));
#19540 = VECTOR('',#19541,1.);
#19541 = DIRECTION('',(0.,0.,1.));
#19542 = ORIENTED_EDGE('',*,*,#18074,.T.);
#19543 = ORIENTED_EDGE('',*,*,#19503,.F.);
#19544 = ORIENTED_EDGE('',*,*,#16094,.F.);
#19545 = PLANE('',#19546);
#19546 = AXIS2_PLACEMENT_3D('',#19547,#19548,#19549);
#19547 = CARTESIAN_POINT('',(-2.54,-2.94,0.));
#19548 = DIRECTION('',(1.,0.,0.));
#19549 = DIRECTION('',(0.,-1.,0.));
#19550 = ADVANCED_FACE('',(#19551),#19562,.T.);
#19551 = FACE_BOUND('',#19552,.T.);
#19552 = EDGE_LOOP('',(#19553,#19559,#19560,#19561));
#19553 = ORIENTED_EDGE('',*,*,#19554,.T.);
#19554 = EDGE_CURVE('',#16616,#17546,#19555,.T.);
#19555 = LINE('',#19556,#19557);
#19556 = CARTESIAN_POINT('',(2.14,-7.62,0.));
#19557 = VECTOR('',#19558,1.);
#19558 = DIRECTION('',(0.,0.,1.));
#19559 = ORIENTED_EDGE('',*,*,#17545,.T.);
#19560 = ORIENTED_EDGE('',*,*,#19522,.F.);
#19561 = ORIENTED_EDGE('',*,*,#16623,.F.);
#19562 = PLANE('',#19563);
#19563 = AXIS2_PLACEMENT_3D('',#19564,#19565,#19566);
#19564 = CARTESIAN_POINT('',(2.14,-7.62,0.));
#19565 = DIRECTION('',(0.707106781187,0.707106781187,0.));
#19566 = DIRECTION('',(0.707106781187,-0.707106781187,0.));
#19567 = ADVANCED_FACE('',(#19568),#19579,.T.);
#19568 = FACE_BOUND('',#19569,.T.);
#19569 = EDGE_LOOP('',(#19570,#19571,#19572,#19578));
#19570 = ORIENTED_EDGE('',*,*,#19537,.T.);
#19571 = ORIENTED_EDGE('',*,*,#18066,.T.);
#19572 = ORIENTED_EDGE('',*,*,#19573,.F.);
#19573 = EDGE_CURVE('',#16103,#18059,#19574,.T.);
#19574 = LINE('',#19575,#19576);
#19575 = CARTESIAN_POINT('',(-2.14,-2.54,0.));
#19576 = VECTOR('',#19577,1.);
#19577 = DIRECTION('',(0.,0.,1.));
#19578 = ORIENTED_EDGE('',*,*,#16102,.F.);
#19579 = PLANE('',#19580);
#19580 = AXIS2_PLACEMENT_3D('',#19581,#19582,#19583);
#19581 = CARTESIAN_POINT('',(-2.54,-2.94,0.));
#19582 = DIRECTION('',(-0.707106781187,0.707106781187,0.));
#19583 = DIRECTION('',(0.707106781187,0.707106781187,0.));
#19584 = ADVANCED_FACE('',(#19585),#19596,.F.);
#19585 = FACE_BOUND('',#19586,.F.);
#19586 = EDGE_LOOP('',(#19587,#19588,#19589,#19595));
#19587 = ORIENTED_EDGE('',*,*,#19554,.T.);
#19588 = ORIENTED_EDGE('',*,*,#17553,.T.);
#19589 = ORIENTED_EDGE('',*,*,#19590,.F.);
#19590 = EDGE_CURVE('',#16608,#17554,#19591,.T.);
#19591 = LINE('',#19592,#19593);
#19592 = CARTESIAN_POINT('',(2.54,-7.22,0.));
#19593 = VECTOR('',#19594,1.);
#19594 = DIRECTION('',(0.,0.,1.));
#19595 = ORIENTED_EDGE('',*,*,#16615,.F.);
#19596 = PLANE('',#19597);
#19597 = AXIS2_PLACEMENT_3D('',#19598,#19599,#19600);
#19598 = CARTESIAN_POINT('',(2.14,-7.62,0.));
#19599 = DIRECTION('',(-0.707106781187,0.707106781187,0.));
#19600 = DIRECTION('',(0.707106781187,0.707106781187,0.));
#19601 = ADVANCED_FACE('',(#19602),#19613,.F.);
#19602 = FACE_BOUND('',#19603,.F.);
#19603 = EDGE_LOOP('',(#19604,#19610,#19611,#19612));
#19604 = ORIENTED_EDGE('',*,*,#19605,.T.);
#19605 = EDGE_CURVE('',#16111,#18051,#19606,.T.);
#19606 = LINE('',#19607,#19608);
#19607 = CARTESIAN_POINT('',(-2.54,-2.14,0.));
#19608 = VECTOR('',#19609,1.);
#19609 = DIRECTION('',(0.,0.,1.));
#19610 = ORIENTED_EDGE('',*,*,#18058,.T.);
#19611 = ORIENTED_EDGE('',*,*,#19573,.F.);
#19612 = ORIENTED_EDGE('',*,*,#16110,.F.);
#19613 = PLANE('',#19614);
#19614 = AXIS2_PLACEMENT_3D('',#19615,#19616,#19617);
#19615 = CARTESIAN_POINT('',(-2.54,-2.14,0.));
#19616 = DIRECTION('',(0.707106781187,0.707106781187,0.));
#19617 = DIRECTION('',(0.707106781187,-0.707106781187,0.));
#19618 = ADVANCED_FACE('',(#19619),#19630,.F.);
#19619 = FACE_BOUND('',#19620,.F.);
#19620 = EDGE_LOOP('',(#19621,#19622,#19623,#19629));
#19621 = ORIENTED_EDGE('',*,*,#19590,.T.);
#19622 = ORIENTED_EDGE('',*,*,#17561,.T.);
#19623 = ORIENTED_EDGE('',*,*,#19624,.F.);
#19624 = EDGE_CURVE('',#16600,#17562,#19625,.T.);
#19625 = LINE('',#19626,#19627);
#19626 = CARTESIAN_POINT('',(2.54,-5.48,0.));
#19627 = VECTOR('',#19628,1.);
#19628 = DIRECTION('',(0.,0.,1.));
#19629 = ORIENTED_EDGE('',*,*,#16607,.F.);
#19630 = PLANE('',#19631);
#19631 = AXIS2_PLACEMENT_3D('',#19632,#19633,#19634);
#19632 = CARTESIAN_POINT('',(2.54,-7.22,0.));
#19633 = DIRECTION('',(-1.,0.,0.));
#19634 = DIRECTION('',(0.,1.,0.));
#19635 = ADVANCED_FACE('',(#19636),#19647,.F.);
#19636 = FACE_BOUND('',#19637,.F.);
#19637 = EDGE_LOOP('',(#19638,#19644,#19645,#19646));
#19638 = ORIENTED_EDGE('',*,*,#19639,.T.);
#19639 = EDGE_CURVE('',#16119,#18043,#19640,.T.);
#19640 = LINE('',#19641,#19642);
#19641 = CARTESIAN_POINT('',(-2.54,-0.4,0.));
#19642 = VECTOR('',#19643,1.);
#19643 = DIRECTION('',(0.,0.,1.));
#19644 = ORIENTED_EDGE('',*,*,#18050,.T.);
#19645 = ORIENTED_EDGE('',*,*,#19605,.F.);
#19646 = ORIENTED_EDGE('',*,*,#16118,.F.);
#19647 = PLANE('',#19648);
#19648 = AXIS2_PLACEMENT_3D('',#19649,#19650,#19651);
#19649 = CARTESIAN_POINT('',(-2.54,-0.4,0.));
#19650 = DIRECTION('',(1.,0.,0.));
#19651 = DIRECTION('',(0.,-1.,0.));
#19652 = ADVANCED_FACE('',(#19653),#19664,.T.);
#19653 = FACE_BOUND('',#19654,.T.);
#19654 = EDGE_LOOP('',(#19655,#19661,#19662,#19663));
#19655 = ORIENTED_EDGE('',*,*,#19656,.T.);
#19656 = EDGE_CURVE('',#16592,#17570,#19657,.T.);
#19657 = LINE('',#19658,#19659);
#19658 = CARTESIAN_POINT('',(2.14,-5.08,0.));
#19659 = VECTOR('',#19660,1.);
#19660 = DIRECTION('',(0.,0.,1.));
#19661 = ORIENTED_EDGE('',*,*,#17569,.T.);
#19662 = ORIENTED_EDGE('',*,*,#19624,.F.);
#19663 = ORIENTED_EDGE('',*,*,#16599,.F.);
#19664 = PLANE('',#19665);
#19665 = AXIS2_PLACEMENT_3D('',#19666,#19667,#19668);
#19666 = CARTESIAN_POINT('',(2.14,-5.08,0.));
#19667 = DIRECTION('',(0.707106781187,0.707106781187,0.));
#19668 = DIRECTION('',(0.707106781187,-0.707106781187,0.));
#19669 = ADVANCED_FACE('',(#19670),#19681,.T.);
#19670 = FACE_BOUND('',#19671,.T.);
#19671 = EDGE_LOOP('',(#19672,#19673,#19674,#19680));
#19672 = ORIENTED_EDGE('',*,*,#19639,.T.);
#19673 = ORIENTED_EDGE('',*,*,#18042,.T.);
#19674 = ORIENTED_EDGE('',*,*,#19675,.F.);
#19675 = EDGE_CURVE('',#16127,#18035,#19676,.T.);
#19676 = LINE('',#19677,#19678);
#19677 = CARTESIAN_POINT('',(-2.14,0.,0.));
#19678 = VECTOR('',#19679,1.);
#19679 = DIRECTION('',(0.,0.,1.));
#19680 = ORIENTED_EDGE('',*,*,#16126,.F.);
#19681 = PLANE('',#19682);
#19682 = AXIS2_PLACEMENT_3D('',#19683,#19684,#19685);
#19683 = CARTESIAN_POINT('',(-2.54,-0.4,0.));
#19684 = DIRECTION('',(-0.707106781187,0.707106781187,0.));
#19685 = DIRECTION('',(0.707106781187,0.707106781187,0.));
#19686 = ADVANCED_FACE('',(#19687),#19698,.F.);
#19687 = FACE_BOUND('',#19688,.F.);
#19688 = EDGE_LOOP('',(#19689,#19690,#19691,#19697));
#19689 = ORIENTED_EDGE('',*,*,#19656,.T.);
#19690 = ORIENTED_EDGE('',*,*,#17577,.T.);
#19691 = ORIENTED_EDGE('',*,*,#19692,.F.);
#19692 = EDGE_CURVE('',#16584,#17578,#19693,.T.);
#19693 = LINE('',#19694,#19695);
#19694 = CARTESIAN_POINT('',(2.54,-4.68,0.));
#19695 = VECTOR('',#19696,1.);
#19696 = DIRECTION('',(0.,0.,1.));
#19697 = ORIENTED_EDGE('',*,*,#16591,.F.);
#19698 = PLANE('',#19699);
#19699 = AXIS2_PLACEMENT_3D('',#19700,#19701,#19702);
#19700 = CARTESIAN_POINT('',(2.14,-5.08,0.));
#19701 = DIRECTION('',(-0.707106781187,0.707106781187,0.));
#19702 = DIRECTION('',(0.707106781187,0.707106781187,0.));
#19703 = ADVANCED_FACE('',(#19704),#19715,.F.);
#19704 = FACE_BOUND('',#19705,.F.);
#19705 = EDGE_LOOP('',(#19706,#19712,#19713,#19714));
#19706 = ORIENTED_EDGE('',*,*,#19707,.T.);
#19707 = EDGE_CURVE('',#16135,#18027,#19708,.T.);
#19708 = LINE('',#19709,#19710);
#19709 = CARTESIAN_POINT('',(-2.54,0.4,0.));
#19710 = VECTOR('',#19711,1.);
#19711 = DIRECTION('',(0.,0.,1.));
#19712 = ORIENTED_EDGE('',*,*,#18034,.T.);
#19713 = ORIENTED_EDGE('',*,*,#19675,.F.);
#19714 = ORIENTED_EDGE('',*,*,#16134,.F.);
#19715 = PLANE('',#19716);
#19716 = AXIS2_PLACEMENT_3D('',#19717,#19718,#19719);
#19717 = CARTESIAN_POINT('',(-2.54,0.4,0.));
#19718 = DIRECTION('',(0.707106781187,0.707106781187,0.));
#19719 = DIRECTION('',(0.707106781187,-0.707106781187,0.));
#19720 = ADVANCED_FACE('',(#19721),#19732,.F.);
#19721 = FACE_BOUND('',#19722,.F.);
#19722 = EDGE_LOOP('',(#19723,#19724,#19725,#19731));
#19723 = ORIENTED_EDGE('',*,*,#19692,.T.);
#19724 = ORIENTED_EDGE('',*,*,#17585,.T.);
#19725 = ORIENTED_EDGE('',*,*,#19726,.F.);
#19726 = EDGE_CURVE('',#16576,#17586,#19727,.T.);
#19727 = LINE('',#19728,#19729);
#19728 = CARTESIAN_POINT('',(2.54,-2.94,0.));
#19729 = VECTOR('',#19730,1.);
#19730 = DIRECTION('',(0.,0.,1.));
#19731 = ORIENTED_EDGE('',*,*,#16583,.F.);
#19732 = PLANE('',#19733);
#19733 = AXIS2_PLACEMENT_3D('',#19734,#19735,#19736);
#19734 = CARTESIAN_POINT('',(2.54,-4.68,0.));
#19735 = DIRECTION('',(-1.,0.,0.));
#19736 = DIRECTION('',(0.,1.,0.));
#19737 = ADVANCED_FACE('',(#19738),#19749,.F.);
#19738 = FACE_BOUND('',#19739,.F.);
#19739 = EDGE_LOOP('',(#19740,#19746,#19747,#19748));
#19740 = ORIENTED_EDGE('',*,*,#19741,.T.);
#19741 = EDGE_CURVE('',#16143,#18019,#19742,.T.);
#19742 = LINE('',#19743,#19744);
#19743 = CARTESIAN_POINT('',(-2.54,2.14,0.));
#19744 = VECTOR('',#19745,1.);
#19745 = DIRECTION('',(0.,0.,1.));
#19746 = ORIENTED_EDGE('',*,*,#18026,.T.);
#19747 = ORIENTED_EDGE('',*,*,#19707,.F.);
#19748 = ORIENTED_EDGE('',*,*,#16142,.F.);
#19749 = PLANE('',#19750);
#19750 = AXIS2_PLACEMENT_3D('',#19751,#19752,#19753);
#19751 = CARTESIAN_POINT('',(-2.54,2.14,0.));
#19752 = DIRECTION('',(1.,0.,0.));
#19753 = DIRECTION('',(0.,-1.,0.));
#19754 = ADVANCED_FACE('',(#19755),#19766,.T.);
#19755 = FACE_BOUND('',#19756,.T.);
#19756 = EDGE_LOOP('',(#19757,#19763,#19764,#19765));
#19757 = ORIENTED_EDGE('',*,*,#19758,.T.);
#19758 = EDGE_CURVE('',#16568,#17594,#19759,.T.);
#19759 = LINE('',#19760,#19761);
#19760 = CARTESIAN_POINT('',(2.14,-2.54,0.));
#19761 = VECTOR('',#19762,1.);
#19762 = DIRECTION('',(0.,0.,1.));
#19763 = ORIENTED_EDGE('',*,*,#17593,.T.);
#19764 = ORIENTED_EDGE('',*,*,#19726,.F.);
#19765 = ORIENTED_EDGE('',*,*,#16575,.F.);
#19766 = PLANE('',#19767);
#19767 = AXIS2_PLACEMENT_3D('',#19768,#19769,#19770);
#19768 = CARTESIAN_POINT('',(2.14,-2.54,0.));
#19769 = DIRECTION('',(0.707106781187,0.707106781187,0.));
#19770 = DIRECTION('',(0.707106781187,-0.707106781187,0.));
#19771 = ADVANCED_FACE('',(#19772),#19783,.T.);
#19772 = FACE_BOUND('',#19773,.T.);
#19773 = EDGE_LOOP('',(#19774,#19775,#19776,#19782));
#19774 = ORIENTED_EDGE('',*,*,#19741,.T.);
#19775 = ORIENTED_EDGE('',*,*,#18018,.T.);
#19776 = ORIENTED_EDGE('',*,*,#19777,.F.);
#19777 = EDGE_CURVE('',#16151,#18011,#19778,.T.);
#19778 = LINE('',#19779,#19780);
#19779 = CARTESIAN_POINT('',(-2.14,2.54,0.));
#19780 = VECTOR('',#19781,1.);
#19781 = DIRECTION('',(0.,0.,1.));
#19782 = ORIENTED_EDGE('',*,*,#16150,.F.);
#19783 = PLANE('',#19784);
#19784 = AXIS2_PLACEMENT_3D('',#19785,#19786,#19787);
#19785 = CARTESIAN_POINT('',(-2.54,2.14,0.));
#19786 = DIRECTION('',(-0.707106781187,0.707106781187,0.));
#19787 = DIRECTION('',(0.707106781187,0.707106781187,0.));
#19788 = ADVANCED_FACE('',(#19789),#19800,.F.);
#19789 = FACE_BOUND('',#19790,.F.);
#19790 = EDGE_LOOP('',(#19791,#19792,#19793,#19799));
#19791 = ORIENTED_EDGE('',*,*,#19758,.T.);
#19792 = ORIENTED_EDGE('',*,*,#17601,.T.);
#19793 = ORIENTED_EDGE('',*,*,#19794,.F.);
#19794 = EDGE_CURVE('',#16560,#17602,#19795,.T.);
#19795 = LINE('',#19796,#19797);
#19796 = CARTESIAN_POINT('',(2.54,-2.14,0.));
#19797 = VECTOR('',#19798,1.);
#19798 = DIRECTION('',(0.,0.,1.));
#19799 = ORIENTED_EDGE('',*,*,#16567,.F.);
#19800 = PLANE('',#19801);
#19801 = AXIS2_PLACEMENT_3D('',#19802,#19803,#19804);
#19802 = CARTESIAN_POINT('',(2.14,-2.54,0.));
#19803 = DIRECTION('',(-0.707106781187,0.707106781187,0.));
#19804 = DIRECTION('',(0.707106781187,0.707106781187,0.));
#19805 = ADVANCED_FACE('',(#19806),#19817,.F.);
#19806 = FACE_BOUND('',#19807,.F.);
#19807 = EDGE_LOOP('',(#19808,#19814,#19815,#19816));
#19808 = ORIENTED_EDGE('',*,*,#19809,.T.);
#19809 = EDGE_CURVE('',#16159,#18003,#19810,.T.);
#19810 = LINE('',#19811,#19812);
#19811 = CARTESIAN_POINT('',(-2.54,2.94,0.));
#19812 = VECTOR('',#19813,1.);
#19813 = DIRECTION('',(0.,0.,1.));
#19814 = ORIENTED_EDGE('',*,*,#18010,.T.);
#19815 = ORIENTED_EDGE('',*,*,#19777,.F.);
#19816 = ORIENTED_EDGE('',*,*,#16158,.F.);
#19817 = PLANE('',#19818);
#19818 = AXIS2_PLACEMENT_3D('',#19819,#19820,#19821);
#19819 = CARTESIAN_POINT('',(-2.54,2.94,0.));
#19820 = DIRECTION('',(0.707106781187,0.707106781187,0.));
#19821 = DIRECTION('',(0.707106781187,-0.707106781187,0.));
#19822 = ADVANCED_FACE('',(#19823),#19834,.F.);
#19823 = FACE_BOUND('',#19824,.F.);
#19824 = EDGE_LOOP('',(#19825,#19826,#19827,#19833));
#19825 = ORIENTED_EDGE('',*,*,#19794,.T.);
#19826 = ORIENTED_EDGE('',*,*,#17609,.T.);
#19827 = ORIENTED_EDGE('',*,*,#19828,.F.);
#19828 = EDGE_CURVE('',#16552,#17610,#19829,.T.);
#19829 = LINE('',#19830,#19831);
#19830 = CARTESIAN_POINT('',(2.54,-0.4,0.));
#19831 = VECTOR('',#19832,1.);
#19832 = DIRECTION('',(0.,0.,1.));
#19833 = ORIENTED_EDGE('',*,*,#16559,.F.);
#19834 = PLANE('',#19835);
#19835 = AXIS2_PLACEMENT_3D('',#19836,#19837,#19838);
#19836 = CARTESIAN_POINT('',(2.54,-2.14,0.));
#19837 = DIRECTION('',(-1.,0.,0.));
#19838 = DIRECTION('',(0.,1.,0.));
#19839 = ADVANCED_FACE('',(#19840),#19851,.F.);
#19840 = FACE_BOUND('',#19841,.F.);
#19841 = EDGE_LOOP('',(#19842,#19848,#19849,#19850));
#19842 = ORIENTED_EDGE('',*,*,#19843,.T.);
#19843 = EDGE_CURVE('',#16167,#17995,#19844,.T.);
#19844 = LINE('',#19845,#19846);
#19845 = CARTESIAN_POINT('',(-2.54,4.68,0.));
#19846 = VECTOR('',#19847,1.);
#19847 = DIRECTION('',(0.,0.,1.));
#19848 = ORIENTED_EDGE('',*,*,#18002,.T.);
#19849 = ORIENTED_EDGE('',*,*,#19809,.F.);
#19850 = ORIENTED_EDGE('',*,*,#16166,.F.);
#19851 = PLANE('',#19852);
#19852 = AXIS2_PLACEMENT_3D('',#19853,#19854,#19855);
#19853 = CARTESIAN_POINT('',(-2.54,4.68,0.));
#19854 = DIRECTION('',(1.,0.,0.));
#19855 = DIRECTION('',(0.,-1.,0.));
#19856 = ADVANCED_FACE('',(#19857),#19868,.T.);
#19857 = FACE_BOUND('',#19858,.T.);
#19858 = EDGE_LOOP('',(#19859,#19865,#19866,#19867));
#19859 = ORIENTED_EDGE('',*,*,#19860,.T.);
#19860 = EDGE_CURVE('',#16544,#17618,#19861,.T.);
#19861 = LINE('',#19862,#19863);
#19862 = CARTESIAN_POINT('',(2.14,0.,0.));
#19863 = VECTOR('',#19864,1.);
#19864 = DIRECTION('',(0.,0.,1.));
#19865 = ORIENTED_EDGE('',*,*,#17617,.T.);
#19866 = ORIENTED_EDGE('',*,*,#19828,.F.);
#19867 = ORIENTED_EDGE('',*,*,#16551,.F.);
#19868 = PLANE('',#19869);
#19869 = AXIS2_PLACEMENT_3D('',#19870,#19871,#19872);
#19870 = CARTESIAN_POINT('',(2.14,0.,0.));
#19871 = DIRECTION('',(0.707106781187,0.707106781187,0.));
#19872 = DIRECTION('',(0.707106781187,-0.707106781187,0.));
#19873 = ADVANCED_FACE('',(#19874),#19885,.T.);
#19874 = FACE_BOUND('',#19875,.T.);
#19875 = EDGE_LOOP('',(#19876,#19877,#19878,#19884));
#19876 = ORIENTED_EDGE('',*,*,#19843,.T.);
#19877 = ORIENTED_EDGE('',*,*,#17994,.T.);
#19878 = ORIENTED_EDGE('',*,*,#19879,.F.);
#19879 = EDGE_CURVE('',#16175,#17987,#19880,.T.);
#19880 = LINE('',#19881,#19882);
#19881 = CARTESIAN_POINT('',(-2.14,5.08,0.));
#19882 = VECTOR('',#19883,1.);
#19883 = DIRECTION('',(0.,0.,1.));
#19884 = ORIENTED_EDGE('',*,*,#16174,.F.);
#19885 = PLANE('',#19886);
#19886 = AXIS2_PLACEMENT_3D('',#19887,#19888,#19889);
#19887 = CARTESIAN_POINT('',(-2.54,4.68,0.));
#19888 = DIRECTION('',(-0.707106781187,0.707106781187,0.));
#19889 = DIRECTION('',(0.707106781187,0.707106781187,0.));
#19890 = ADVANCED_FACE('',(#19891),#19902,.F.);
#19891 = FACE_BOUND('',#19892,.F.);
#19892 = EDGE_LOOP('',(#19893,#19894,#19895,#19901));
#19893 = ORIENTED_EDGE('',*,*,#19860,.T.);
#19894 = ORIENTED_EDGE('',*,*,#17625,.T.);
#19895 = ORIENTED_EDGE('',*,*,#19896,.F.);
#19896 = EDGE_CURVE('',#16536,#17626,#19897,.T.);
#19897 = LINE('',#19898,#19899);
#19898 = CARTESIAN_POINT('',(2.54,0.4,0.));
#19899 = VECTOR('',#19900,1.);
#19900 = DIRECTION('',(0.,0.,1.));
#19901 = ORIENTED_EDGE('',*,*,#16543,.F.);
#19902 = PLANE('',#19903);
#19903 = AXIS2_PLACEMENT_3D('',#19904,#19905,#19906);
#19904 = CARTESIAN_POINT('',(2.14,0.,0.));
#19905 = DIRECTION('',(-0.707106781187,0.707106781187,0.));
#19906 = DIRECTION('',(0.707106781187,0.707106781187,0.));
#19907 = ADVANCED_FACE('',(#19908),#19919,.F.);
#19908 = FACE_BOUND('',#19909,.F.);
#19909 = EDGE_LOOP('',(#19910,#19916,#19917,#19918));
#19910 = ORIENTED_EDGE('',*,*,#19911,.T.);
#19911 = EDGE_CURVE('',#16183,#17979,#19912,.T.);
#19912 = LINE('',#19913,#19914);
#19913 = CARTESIAN_POINT('',(-2.54,5.48,0.));
#19914 = VECTOR('',#19915,1.);
#19915 = DIRECTION('',(0.,0.,1.));
#19916 = ORIENTED_EDGE('',*,*,#17986,.T.);
#19917 = ORIENTED_EDGE('',*,*,#19879,.F.);
#19918 = ORIENTED_EDGE('',*,*,#16182,.F.);
#19919 = PLANE('',#19920);
#19920 = AXIS2_PLACEMENT_3D('',#19921,#19922,#19923);
#19921 = CARTESIAN_POINT('',(-2.54,5.48,0.));
#19922 = DIRECTION('',(0.707106781187,0.707106781187,0.));
#19923 = DIRECTION('',(0.707106781187,-0.707106781187,0.));
#19924 = ADVANCED_FACE('',(#19925),#19936,.F.);
#19925 = FACE_BOUND('',#19926,.F.);
#19926 = EDGE_LOOP('',(#19927,#19928,#19929,#19935));
#19927 = ORIENTED_EDGE('',*,*,#19896,.T.);
#19928 = ORIENTED_EDGE('',*,*,#17633,.T.);
#19929 = ORIENTED_EDGE('',*,*,#19930,.F.);
#19930 = EDGE_CURVE('',#16528,#17634,#19931,.T.);
#19931 = LINE('',#19932,#19933);
#19932 = CARTESIAN_POINT('',(2.54,2.14,0.));
#19933 = VECTOR('',#19934,1.);
#19934 = DIRECTION('',(0.,0.,1.));
#19935 = ORIENTED_EDGE('',*,*,#16535,.F.);
#19936 = PLANE('',#19937);
#19937 = AXIS2_PLACEMENT_3D('',#19938,#19939,#19940);
#19938 = CARTESIAN_POINT('',(2.54,0.4,0.));
#19939 = DIRECTION('',(-1.,0.,0.));
#19940 = DIRECTION('',(0.,1.,0.));
#19941 = ADVANCED_FACE('',(#19942),#19953,.F.);
#19942 = FACE_BOUND('',#19943,.F.);
#19943 = EDGE_LOOP('',(#19944,#19950,#19951,#19952));
#19944 = ORIENTED_EDGE('',*,*,#19945,.T.);
#19945 = EDGE_CURVE('',#16191,#17971,#19946,.T.);
#19946 = LINE('',#19947,#19948);
#19947 = CARTESIAN_POINT('',(-2.54,7.22,0.));
#19948 = VECTOR('',#19949,1.);
#19949 = DIRECTION('',(0.,0.,1.));
#19950 = ORIENTED_EDGE('',*,*,#17978,.T.);
#19951 = ORIENTED_EDGE('',*,*,#19911,.F.);
#19952 = ORIENTED_EDGE('',*,*,#16190,.F.);
#19953 = PLANE('',#19954);
#19954 = AXIS2_PLACEMENT_3D('',#19955,#19956,#19957);
#19955 = CARTESIAN_POINT('',(-2.54,7.22,0.));
#19956 = DIRECTION('',(1.,0.,0.));
#19957 = DIRECTION('',(0.,-1.,0.));
#19958 = ADVANCED_FACE('',(#19959),#19970,.T.);
#19959 = FACE_BOUND('',#19960,.T.);
#19960 = EDGE_LOOP('',(#19961,#19967,#19968,#19969));
#19961 = ORIENTED_EDGE('',*,*,#19962,.T.);
#19962 = EDGE_CURVE('',#16520,#17642,#19963,.T.);
#19963 = LINE('',#19964,#19965);
#19964 = CARTESIAN_POINT('',(2.14,2.54,0.));
#19965 = VECTOR('',#19966,1.);
#19966 = DIRECTION('',(0.,0.,1.));
#19967 = ORIENTED_EDGE('',*,*,#17641,.T.);
#19968 = ORIENTED_EDGE('',*,*,#19930,.F.);
#19969 = ORIENTED_EDGE('',*,*,#16527,.F.);
#19970 = PLANE('',#19971);
#19971 = AXIS2_PLACEMENT_3D('',#19972,#19973,#19974);
#19972 = CARTESIAN_POINT('',(2.14,2.54,0.));
#19973 = DIRECTION('',(0.707106781187,0.707106781187,0.));
#19974 = DIRECTION('',(0.707106781187,-0.707106781187,0.));
#19975 = ADVANCED_FACE('',(#19976),#19987,.T.);
#19976 = FACE_BOUND('',#19977,.T.);
#19977 = EDGE_LOOP('',(#19978,#19979,#19980,#19986));
#19978 = ORIENTED_EDGE('',*,*,#19945,.T.);
#19979 = ORIENTED_EDGE('',*,*,#17970,.T.);
#19980 = ORIENTED_EDGE('',*,*,#19981,.F.);
#19981 = EDGE_CURVE('',#16199,#17963,#19982,.T.);
#19982 = LINE('',#19983,#19984);
#19983 = CARTESIAN_POINT('',(-2.14,7.62,0.));
#19984 = VECTOR('',#19985,1.);
#19985 = DIRECTION('',(0.,0.,1.));
#19986 = ORIENTED_EDGE('',*,*,#16198,.F.);
#19987 = PLANE('',#19988);
#19988 = AXIS2_PLACEMENT_3D('',#19989,#19990,#19991);
#19989 = CARTESIAN_POINT('',(-2.54,7.22,0.));
#19990 = DIRECTION('',(-0.707106781187,0.707106781187,0.));
#19991 = DIRECTION('',(0.707106781187,0.707106781187,0.));
#19992 = ADVANCED_FACE('',(#19993),#20004,.F.);
#19993 = FACE_BOUND('',#19994,.F.);
#19994 = EDGE_LOOP('',(#19995,#19996,#19997,#20003));
#19995 = ORIENTED_EDGE('',*,*,#19962,.T.);
#19996 = ORIENTED_EDGE('',*,*,#17649,.T.);
#19997 = ORIENTED_EDGE('',*,*,#19998,.F.);
#19998 = EDGE_CURVE('',#16512,#17650,#19999,.T.);
#19999 = LINE('',#20000,#20001);
#20000 = CARTESIAN_POINT('',(2.54,2.94,0.));
#20001 = VECTOR('',#20002,1.);
#20002 = DIRECTION('',(0.,0.,1.));
#20003 = ORIENTED_EDGE('',*,*,#16519,.F.);
#20004 = PLANE('',#20005);
#20005 = AXIS2_PLACEMENT_3D('',#20006,#20007,#20008);
#20006 = CARTESIAN_POINT('',(2.14,2.54,0.));
#20007 = DIRECTION('',(-0.707106781187,0.707106781187,0.));
#20008 = DIRECTION('',(0.707106781187,0.707106781187,0.));
#20009 = ADVANCED_FACE('',(#20010),#20021,.F.);
#20010 = FACE_BOUND('',#20011,.F.);
#20011 = EDGE_LOOP('',(#20012,#20018,#20019,#20020));
#20012 = ORIENTED_EDGE('',*,*,#20013,.T.);
#20013 = EDGE_CURVE('',#16207,#17955,#20014,.T.);
#20014 = LINE('',#20015,#20016);
#20015 = CARTESIAN_POINT('',(-2.54,8.02,0.));
#20016 = VECTOR('',#20017,1.);
#20017 = DIRECTION('',(0.,0.,1.));
#20018 = ORIENTED_EDGE('',*,*,#17962,.T.);
#20019 = ORIENTED_EDGE('',*,*,#19981,.F.);
#20020 = ORIENTED_EDGE('',*,*,#16206,.F.);
#20021 = PLANE('',#20022);
#20022 = AXIS2_PLACEMENT_3D('',#20023,#20024,#20025);
#20023 = CARTESIAN_POINT('',(-2.54,8.02,0.));
#20024 = DIRECTION('',(0.707106781187,0.707106781187,0.));
#20025 = DIRECTION('',(0.707106781187,-0.707106781187,0.));
#20026 = ADVANCED_FACE('',(#20027),#20038,.F.);
#20027 = FACE_BOUND('',#20028,.F.);
#20028 = EDGE_LOOP('',(#20029,#20030,#20031,#20037));
#20029 = ORIENTED_EDGE('',*,*,#19998,.T.);
#20030 = ORIENTED_EDGE('',*,*,#17657,.T.);
#20031 = ORIENTED_EDGE('',*,*,#20032,.F.);
#20032 = EDGE_CURVE('',#16504,#17658,#20033,.T.);
#20033 = LINE('',#20034,#20035);
#20034 = CARTESIAN_POINT('',(2.54,4.68,0.));
#20035 = VECTOR('',#20036,1.);
#20036 = DIRECTION('',(0.,0.,1.));
#20037 = ORIENTED_EDGE('',*,*,#16511,.F.);
#20038 = PLANE('',#20039);
#20039 = AXIS2_PLACEMENT_3D('',#20040,#20041,#20042);
#20040 = CARTESIAN_POINT('',(2.54,2.94,0.));
#20041 = DIRECTION('',(-1.,0.,0.));
#20042 = DIRECTION('',(0.,1.,0.));
#20043 = ADVANCED_FACE('',(#20044),#20055,.F.);
#20044 = FACE_BOUND('',#20045,.F.);
#20045 = EDGE_LOOP('',(#20046,#20052,#20053,#20054));
#20046 = ORIENTED_EDGE('',*,*,#20047,.T.);
#20047 = EDGE_CURVE('',#16215,#17947,#20048,.T.);
#20048 = LINE('',#20049,#20050);
#20049 = CARTESIAN_POINT('',(-2.54,9.76,0.));
#20050 = VECTOR('',#20051,1.);
#20051 = DIRECTION('',(0.,0.,1.));
#20052 = ORIENTED_EDGE('',*,*,#17954,.T.);
#20053 = ORIENTED_EDGE('',*,*,#20013,.F.);
#20054 = ORIENTED_EDGE('',*,*,#16214,.F.);
#20055 = PLANE('',#20056);
#20056 = AXIS2_PLACEMENT_3D('',#20057,#20058,#20059);
#20057 = CARTESIAN_POINT('',(-2.54,9.76,0.));
#20058 = DIRECTION('',(1.,0.,0.));
#20059 = DIRECTION('',(0.,-1.,0.));
#20060 = ADVANCED_FACE('',(#20061),#20072,.T.);
#20061 = FACE_BOUND('',#20062,.T.);
#20062 = EDGE_LOOP('',(#20063,#20069,#20070,#20071));
#20063 = ORIENTED_EDGE('',*,*,#20064,.T.);
#20064 = EDGE_CURVE('',#16496,#17666,#20065,.T.);
#20065 = LINE('',#20066,#20067);
#20066 = CARTESIAN_POINT('',(2.14,5.08,0.));
#20067 = VECTOR('',#20068,1.);
#20068 = DIRECTION('',(0.,0.,1.));
#20069 = ORIENTED_EDGE('',*,*,#17665,.T.);
#20070 = ORIENTED_EDGE('',*,*,#20032,.F.);
#20071 = ORIENTED_EDGE('',*,*,#16503,.F.);
#20072 = PLANE('',#20073);
#20073 = AXIS2_PLACEMENT_3D('',#20074,#20075,#20076);
#20074 = CARTESIAN_POINT('',(2.14,5.08,0.));
#20075 = DIRECTION('',(0.707106781187,0.707106781187,0.));
#20076 = DIRECTION('',(0.707106781187,-0.707106781187,0.));
#20077 = ADVANCED_FACE('',(#20078),#20089,.T.);
#20078 = FACE_BOUND('',#20079,.T.);
#20079 = EDGE_LOOP('',(#20080,#20081,#20082,#20088));
#20080 = ORIENTED_EDGE('',*,*,#20047,.T.);
#20081 = ORIENTED_EDGE('',*,*,#17946,.T.);
#20082 = ORIENTED_EDGE('',*,*,#20083,.F.);
#20083 = EDGE_CURVE('',#16223,#17939,#20084,.T.);
#20084 = LINE('',#20085,#20086);
#20085 = CARTESIAN_POINT('',(-2.14,10.16,0.));
#20086 = VECTOR('',#20087,1.);
#20087 = DIRECTION('',(0.,0.,1.));
#20088 = ORIENTED_EDGE('',*,*,#16222,.F.);
#20089 = PLANE('',#20090);
#20090 = AXIS2_PLACEMENT_3D('',#20091,#20092,#20093);
#20091 = CARTESIAN_POINT('',(-2.54,9.76,0.));
#20092 = DIRECTION('',(-0.707106781187,0.707106781187,0.));
#20093 = DIRECTION('',(0.707106781187,0.707106781187,0.));
#20094 = ADVANCED_FACE('',(#20095),#20106,.F.);
#20095 = FACE_BOUND('',#20096,.F.);
#20096 = EDGE_LOOP('',(#20097,#20098,#20099,#20105));
#20097 = ORIENTED_EDGE('',*,*,#20064,.T.);
#20098 = ORIENTED_EDGE('',*,*,#17673,.T.);
#20099 = ORIENTED_EDGE('',*,*,#20100,.F.);
#20100 = EDGE_CURVE('',#16488,#17674,#20101,.T.);
#20101 = LINE('',#20102,#20103);
#20102 = CARTESIAN_POINT('',(2.54,5.48,0.));
#20103 = VECTOR('',#20104,1.);
#20104 = DIRECTION('',(0.,0.,1.));
#20105 = ORIENTED_EDGE('',*,*,#16495,.F.);
#20106 = PLANE('',#20107);
#20107 = AXIS2_PLACEMENT_3D('',#20108,#20109,#20110);
#20108 = CARTESIAN_POINT('',(2.14,5.08,0.));
#20109 = DIRECTION('',(-0.707106781187,0.707106781187,0.));
#20110 = DIRECTION('',(0.707106781187,0.707106781187,0.));
#20111 = ADVANCED_FACE('',(#20112),#20123,.F.);
#20112 = FACE_BOUND('',#20113,.F.);
#20113 = EDGE_LOOP('',(#20114,#20120,#20121,#20122));
#20114 = ORIENTED_EDGE('',*,*,#20115,.T.);
#20115 = EDGE_CURVE('',#16231,#17931,#20116,.T.);
#20116 = LINE('',#20117,#20118);
#20117 = CARTESIAN_POINT('',(-2.54,10.56,0.));
#20118 = VECTOR('',#20119,1.);
#20119 = DIRECTION('',(0.,0.,1.));
#20120 = ORIENTED_EDGE('',*,*,#17938,.T.);
#20121 = ORIENTED_EDGE('',*,*,#20083,.F.);
#20122 = ORIENTED_EDGE('',*,*,#16230,.F.);
#20123 = PLANE('',#20124);
#20124 = AXIS2_PLACEMENT_3D('',#20125,#20126,#20127);
#20125 = CARTESIAN_POINT('',(-2.54,10.56,0.));
#20126 = DIRECTION('',(0.707106781187,0.707106781187,0.));
#20127 = DIRECTION('',(0.707106781187,-0.707106781187,0.));
#20128 = ADVANCED_FACE('',(#20129),#20140,.F.);
#20129 = FACE_BOUND('',#20130,.F.);
#20130 = EDGE_LOOP('',(#20131,#20132,#20133,#20139));
#20131 = ORIENTED_EDGE('',*,*,#20100,.T.);
#20132 = ORIENTED_EDGE('',*,*,#17681,.T.);
#20133 = ORIENTED_EDGE('',*,*,#20134,.F.);
#20134 = EDGE_CURVE('',#16480,#17682,#20135,.T.);
#20135 = LINE('',#20136,#20137);
#20136 = CARTESIAN_POINT('',(2.54,7.22,0.));
#20137 = VECTOR('',#20138,1.);
#20138 = DIRECTION('',(0.,0.,1.));
#20139 = ORIENTED_EDGE('',*,*,#16487,.F.);
#20140 = PLANE('',#20141);
#20141 = AXIS2_PLACEMENT_3D('',#20142,#20143,#20144);
#20142 = CARTESIAN_POINT('',(2.54,5.48,0.));
#20143 = DIRECTION('',(-1.,0.,0.));
#20144 = DIRECTION('',(0.,1.,0.));
#20145 = ADVANCED_FACE('',(#20146),#20157,.F.);
#20146 = FACE_BOUND('',#20147,.F.);
#20147 = EDGE_LOOP('',(#20148,#20154,#20155,#20156));
#20148 = ORIENTED_EDGE('',*,*,#20149,.T.);
#20149 = EDGE_CURVE('',#16239,#17923,#20150,.T.);
#20150 = LINE('',#20151,#20152);
#20151 = CARTESIAN_POINT('',(-2.54,12.3,0.));
#20152 = VECTOR('',#20153,1.);
#20153 = DIRECTION('',(0.,0.,1.));
#20154 = ORIENTED_EDGE('',*,*,#17930,.T.);
#20155 = ORIENTED_EDGE('',*,*,#20115,.F.);
#20156 = ORIENTED_EDGE('',*,*,#16238,.F.);
#20157 = PLANE('',#20158);
#20158 = AXIS2_PLACEMENT_3D('',#20159,#20160,#20161);
#20159 = CARTESIAN_POINT('',(-2.54,12.3,0.));
#20160 = DIRECTION('',(1.,0.,0.));
#20161 = DIRECTION('',(0.,-1.,0.));
#20162 = ADVANCED_FACE('',(#20163),#20174,.T.);
#20163 = FACE_BOUND('',#20164,.T.);
#20164 = EDGE_LOOP('',(#20165,#20171,#20172,#20173));
#20165 = ORIENTED_EDGE('',*,*,#20166,.T.);
#20166 = EDGE_CURVE('',#16472,#17690,#20167,.T.);
#20167 = LINE('',#20168,#20169);
#20168 = CARTESIAN_POINT('',(2.14,7.62,0.));
#20169 = VECTOR('',#20170,1.);
#20170 = DIRECTION('',(0.,0.,1.));
#20171 = ORIENTED_EDGE('',*,*,#17689,.T.);
#20172 = ORIENTED_EDGE('',*,*,#20134,.F.);
#20173 = ORIENTED_EDGE('',*,*,#16479,.F.);
#20174 = PLANE('',#20175);
#20175 = AXIS2_PLACEMENT_3D('',#20176,#20177,#20178);
#20176 = CARTESIAN_POINT('',(2.14,7.62,0.));
#20177 = DIRECTION('',(0.707106781187,0.707106781187,0.));
#20178 = DIRECTION('',(0.707106781187,-0.707106781187,0.));
#20179 = ADVANCED_FACE('',(#20180),#20191,.T.);
#20180 = FACE_BOUND('',#20181,.T.);
#20181 = EDGE_LOOP('',(#20182,#20183,#20184,#20190));
#20182 = ORIENTED_EDGE('',*,*,#20149,.T.);
#20183 = ORIENTED_EDGE('',*,*,#17922,.T.);
#20184 = ORIENTED_EDGE('',*,*,#20185,.F.);
#20185 = EDGE_CURVE('',#16247,#17915,#20186,.T.);
#20186 = LINE('',#20187,#20188);
#20187 = CARTESIAN_POINT('',(-2.14,12.7,0.));
#20188 = VECTOR('',#20189,1.);
#20189 = DIRECTION('',(0.,0.,1.));
#20190 = ORIENTED_EDGE('',*,*,#16246,.F.);
#20191 = PLANE('',#20192);
#20192 = AXIS2_PLACEMENT_3D('',#20193,#20194,#20195);
#20193 = CARTESIAN_POINT('',(-2.54,12.3,0.));
#20194 = DIRECTION('',(-0.707106781187,0.707106781187,0.));
#20195 = DIRECTION('',(0.707106781187,0.707106781187,0.));
#20196 = ADVANCED_FACE('',(#20197),#20208,.F.);
#20197 = FACE_BOUND('',#20198,.F.);
#20198 = EDGE_LOOP('',(#20199,#20200,#20201,#20207));
#20199 = ORIENTED_EDGE('',*,*,#20166,.T.);
#20200 = ORIENTED_EDGE('',*,*,#17697,.T.);
#20201 = ORIENTED_EDGE('',*,*,#20202,.F.);
#20202 = EDGE_CURVE('',#16464,#17698,#20203,.T.);
#20203 = LINE('',#20204,#20205);
#20204 = CARTESIAN_POINT('',(2.54,8.02,0.));
#20205 = VECTOR('',#20206,1.);
#20206 = DIRECTION('',(0.,0.,1.));
#20207 = ORIENTED_EDGE('',*,*,#16471,.F.);
#20208 = PLANE('',#20209);
#20209 = AXIS2_PLACEMENT_3D('',#20210,#20211,#20212);
#20210 = CARTESIAN_POINT('',(2.14,7.62,0.));
#20211 = DIRECTION('',(-0.707106781187,0.707106781187,0.));
#20212 = DIRECTION('',(0.707106781187,0.707106781187,0.));
#20213 = ADVANCED_FACE('',(#20214),#20225,.F.);
#20214 = FACE_BOUND('',#20215,.F.);
#20215 = EDGE_LOOP('',(#20216,#20222,#20223,#20224));
#20216 = ORIENTED_EDGE('',*,*,#20217,.T.);
#20217 = EDGE_CURVE('',#16255,#17907,#20218,.T.);
#20218 = LINE('',#20219,#20220);
#20219 = CARTESIAN_POINT('',(-2.54,13.1,0.));
#20220 = VECTOR('',#20221,1.);
#20221 = DIRECTION('',(0.,0.,1.));
#20222 = ORIENTED_EDGE('',*,*,#17914,.T.);
#20223 = ORIENTED_EDGE('',*,*,#20185,.F.);
#20224 = ORIENTED_EDGE('',*,*,#16254,.F.);
#20225 = PLANE('',#20226);
#20226 = AXIS2_PLACEMENT_3D('',#20227,#20228,#20229);
#20227 = CARTESIAN_POINT('',(-2.54,13.1,0.));
#20228 = DIRECTION('',(0.707106781187,0.707106781187,0.));
#20229 = DIRECTION('',(0.707106781187,-0.707106781187,0.));
#20230 = ADVANCED_FACE('',(#20231),#20242,.F.);
#20231 = FACE_BOUND('',#20232,.F.);
#20232 = EDGE_LOOP('',(#20233,#20234,#20235,#20241));
#20233 = ORIENTED_EDGE('',*,*,#20202,.T.);
#20234 = ORIENTED_EDGE('',*,*,#17705,.T.);
#20235 = ORIENTED_EDGE('',*,*,#20236,.F.);
#20236 = EDGE_CURVE('',#16456,#17706,#20237,.T.);
#20237 = LINE('',#20238,#20239);
#20238 = CARTESIAN_POINT('',(2.54,9.76,0.));
#20239 = VECTOR('',#20240,1.);
#20240 = DIRECTION('',(0.,0.,1.));
#20241 = ORIENTED_EDGE('',*,*,#16463,.F.);
#20242 = PLANE('',#20243);
#20243 = AXIS2_PLACEMENT_3D('',#20244,#20245,#20246);
#20244 = CARTESIAN_POINT('',(2.54,8.02,0.));
#20245 = DIRECTION('',(-1.,0.,0.));
#20246 = DIRECTION('',(0.,1.,0.));
#20247 = ADVANCED_FACE('',(#20248),#20259,.F.);
#20248 = FACE_BOUND('',#20249,.F.);
#20249 = EDGE_LOOP('',(#20250,#20256,#20257,#20258));
#20250 = ORIENTED_EDGE('',*,*,#20251,.T.);
#20251 = EDGE_CURVE('',#16263,#17899,#20252,.T.);
#20252 = LINE('',#20253,#20254);
#20253 = CARTESIAN_POINT('',(-2.54,14.84,0.));
#20254 = VECTOR('',#20255,1.);
#20255 = DIRECTION('',(0.,0.,1.));
#20256 = ORIENTED_EDGE('',*,*,#17906,.T.);
#20257 = ORIENTED_EDGE('',*,*,#20217,.F.);
#20258 = ORIENTED_EDGE('',*,*,#16262,.F.);
#20259 = PLANE('',#20260);
#20260 = AXIS2_PLACEMENT_3D('',#20261,#20262,#20263);
#20261 = CARTESIAN_POINT('',(-2.54,14.84,0.));
#20262 = DIRECTION('',(1.,0.,0.));
#20263 = DIRECTION('',(0.,-1.,0.));
#20264 = ADVANCED_FACE('',(#20265),#20276,.T.);
#20265 = FACE_BOUND('',#20266,.T.);
#20266 = EDGE_LOOP('',(#20267,#20273,#20274,#20275));
#20267 = ORIENTED_EDGE('',*,*,#20268,.T.);
#20268 = EDGE_CURVE('',#16448,#17714,#20269,.T.);
#20269 = LINE('',#20270,#20271);
#20270 = CARTESIAN_POINT('',(2.14,10.16,0.));
#20271 = VECTOR('',#20272,1.);
#20272 = DIRECTION('',(0.,0.,1.));
#20273 = ORIENTED_EDGE('',*,*,#17713,.T.);
#20274 = ORIENTED_EDGE('',*,*,#20236,.F.);
#20275 = ORIENTED_EDGE('',*,*,#16455,.F.);
#20276 = PLANE('',#20277);
#20277 = AXIS2_PLACEMENT_3D('',#20278,#20279,#20280);
#20278 = CARTESIAN_POINT('',(2.14,10.16,0.));
#20279 = DIRECTION('',(0.707106781187,0.707106781187,0.));
#20280 = DIRECTION('',(0.707106781187,-0.707106781187,0.));
#20281 = ADVANCED_FACE('',(#20282),#20293,.T.);
#20282 = FACE_BOUND('',#20283,.T.);
#20283 = EDGE_LOOP('',(#20284,#20285,#20286,#20292));
#20284 = ORIENTED_EDGE('',*,*,#20251,.T.);
#20285 = ORIENTED_EDGE('',*,*,#17898,.T.);
#20286 = ORIENTED_EDGE('',*,*,#20287,.F.);
#20287 = EDGE_CURVE('',#16271,#17891,#20288,.T.);
#20288 = LINE('',#20289,#20290);
#20289 = CARTESIAN_POINT('',(-2.14,15.24,0.));
#20290 = VECTOR('',#20291,1.);
#20291 = DIRECTION('',(0.,0.,1.));
#20292 = ORIENTED_EDGE('',*,*,#16270,.F.);
#20293 = PLANE('',#20294);
#20294 = AXIS2_PLACEMENT_3D('',#20295,#20296,#20297);
#20295 = CARTESIAN_POINT('',(-2.54,14.84,0.));
#20296 = DIRECTION('',(-0.707106781187,0.707106781187,0.));
#20297 = DIRECTION('',(0.707106781187,0.707106781187,0.));
#20298 = ADVANCED_FACE('',(#20299),#20310,.F.);
#20299 = FACE_BOUND('',#20300,.F.);
#20300 = EDGE_LOOP('',(#20301,#20302,#20303,#20309));
#20301 = ORIENTED_EDGE('',*,*,#20268,.T.);
#20302 = ORIENTED_EDGE('',*,*,#17721,.T.);
#20303 = ORIENTED_EDGE('',*,*,#20304,.F.);
#20304 = EDGE_CURVE('',#16440,#17722,#20305,.T.);
#20305 = LINE('',#20306,#20307);
#20306 = CARTESIAN_POINT('',(2.54,10.56,0.));
#20307 = VECTOR('',#20308,1.);
#20308 = DIRECTION('',(0.,0.,1.));
#20309 = ORIENTED_EDGE('',*,*,#16447,.F.);
#20310 = PLANE('',#20311);
#20311 = AXIS2_PLACEMENT_3D('',#20312,#20313,#20314);
#20312 = CARTESIAN_POINT('',(2.14,10.16,0.));
#20313 = DIRECTION('',(-0.707106781187,0.707106781187,0.));
#20314 = DIRECTION('',(0.707106781187,0.707106781187,0.));
#20315 = ADVANCED_FACE('',(#20316),#20327,.F.);
#20316 = FACE_BOUND('',#20317,.F.);
#20317 = EDGE_LOOP('',(#20318,#20324,#20325,#20326));
#20318 = ORIENTED_EDGE('',*,*,#20319,.T.);
#20319 = EDGE_CURVE('',#16279,#17883,#20320,.T.);
#20320 = LINE('',#20321,#20322);
#20321 = CARTESIAN_POINT('',(-2.54,15.64,0.));
#20322 = VECTOR('',#20323,1.);
#20323 = DIRECTION('',(0.,0.,1.));
#20324 = ORIENTED_EDGE('',*,*,#17890,.T.);
#20325 = ORIENTED_EDGE('',*,*,#20287,.F.);
#20326 = ORIENTED_EDGE('',*,*,#16278,.F.);
#20327 = PLANE('',#20328);
#20328 = AXIS2_PLACEMENT_3D('',#20329,#20330,#20331);
#20329 = CARTESIAN_POINT('',(-2.54,15.64,0.));
#20330 = DIRECTION('',(0.707106781187,0.707106781187,0.));
#20331 = DIRECTION('',(0.707106781187,-0.707106781187,0.));
#20332 = ADVANCED_FACE('',(#20333),#20344,.F.);
#20333 = FACE_BOUND('',#20334,.F.);
#20334 = EDGE_LOOP('',(#20335,#20336,#20337,#20343));
#20335 = ORIENTED_EDGE('',*,*,#20304,.T.);
#20336 = ORIENTED_EDGE('',*,*,#17729,.T.);
#20337 = ORIENTED_EDGE('',*,*,#20338,.F.);
#20338 = EDGE_CURVE('',#16432,#17730,#20339,.T.);
#20339 = LINE('',#20340,#20341);
#20340 = CARTESIAN_POINT('',(2.54,12.3,0.));
#20341 = VECTOR('',#20342,1.);
#20342 = DIRECTION('',(0.,0.,1.));
#20343 = ORIENTED_EDGE('',*,*,#16439,.F.);
#20344 = PLANE('',#20345);
#20345 = AXIS2_PLACEMENT_3D('',#20346,#20347,#20348);
#20346 = CARTESIAN_POINT('',(2.54,10.56,0.));
#20347 = DIRECTION('',(-1.,0.,0.));
#20348 = DIRECTION('',(0.,1.,0.));
#20349 = ADVANCED_FACE('',(#20350),#20361,.F.);
#20350 = FACE_BOUND('',#20351,.F.);
#20351 = EDGE_LOOP('',(#20352,#20358,#20359,#20360));
#20352 = ORIENTED_EDGE('',*,*,#20353,.T.);
#20353 = EDGE_CURVE('',#16287,#17875,#20354,.T.);
#20354 = LINE('',#20355,#20356);
#20355 = CARTESIAN_POINT('',(-2.54,17.38,0.));
#20356 = VECTOR('',#20357,1.);
#20357 = DIRECTION('',(0.,0.,1.));
#20358 = ORIENTED_EDGE('',*,*,#17882,.T.);
#20359 = ORIENTED_EDGE('',*,*,#20319,.F.);
#20360 = ORIENTED_EDGE('',*,*,#16286,.F.);
#20361 = PLANE('',#20362);
#20362 = AXIS2_PLACEMENT_3D('',#20363,#20364,#20365);
#20363 = CARTESIAN_POINT('',(-2.54,17.38,0.));
#20364 = DIRECTION('',(1.,0.,0.));
#20365 = DIRECTION('',(0.,-1.,0.));
#20366 = ADVANCED_FACE('',(#20367),#20378,.T.);
#20367 = FACE_BOUND('',#20368,.T.);
#20368 = EDGE_LOOP('',(#20369,#20375,#20376,#20377));
#20369 = ORIENTED_EDGE('',*,*,#20370,.T.);
#20370 = EDGE_CURVE('',#16424,#17738,#20371,.T.);
#20371 = LINE('',#20372,#20373);
#20372 = CARTESIAN_POINT('',(2.14,12.7,0.));
#20373 = VECTOR('',#20374,1.);
#20374 = DIRECTION('',(0.,0.,1.));
#20375 = ORIENTED_EDGE('',*,*,#17737,.T.);
#20376 = ORIENTED_EDGE('',*,*,#20338,.F.);
#20377 = ORIENTED_EDGE('',*,*,#16431,.F.);
#20378 = PLANE('',#20379);
#20379 = AXIS2_PLACEMENT_3D('',#20380,#20381,#20382);
#20380 = CARTESIAN_POINT('',(2.14,12.7,0.));
#20381 = DIRECTION('',(0.707106781187,0.707106781187,0.));
#20382 = DIRECTION('',(0.707106781187,-0.707106781187,0.));
#20383 = ADVANCED_FACE('',(#20384),#20395,.T.);
#20384 = FACE_BOUND('',#20385,.T.);
#20385 = EDGE_LOOP('',(#20386,#20387,#20388,#20394));
#20386 = ORIENTED_EDGE('',*,*,#20353,.T.);
#20387 = ORIENTED_EDGE('',*,*,#17874,.T.);
#20388 = ORIENTED_EDGE('',*,*,#20389,.F.);
#20389 = EDGE_CURVE('',#16295,#17867,#20390,.T.);
#20390 = LINE('',#20391,#20392);
#20391 = CARTESIAN_POINT('',(-2.14,17.78,0.));
#20392 = VECTOR('',#20393,1.);
#20393 = DIRECTION('',(0.,0.,1.));
#20394 = ORIENTED_EDGE('',*,*,#16294,.F.);
#20395 = PLANE('',#20396);
#20396 = AXIS2_PLACEMENT_3D('',#20397,#20398,#20399);
#20397 = CARTESIAN_POINT('',(-2.54,17.38,0.));
#20398 = DIRECTION('',(-0.707106781187,0.707106781187,0.));
#20399 = DIRECTION('',(0.707106781187,0.707106781187,0.));
#20400 = ADVANCED_FACE('',(#20401),#20412,.F.);
#20401 = FACE_BOUND('',#20402,.F.);
#20402 = EDGE_LOOP('',(#20403,#20404,#20405,#20411));
#20403 = ORIENTED_EDGE('',*,*,#20370,.T.);
#20404 = ORIENTED_EDGE('',*,*,#17745,.T.);
#20405 = ORIENTED_EDGE('',*,*,#20406,.F.);
#20406 = EDGE_CURVE('',#16416,#17746,#20407,.T.);
#20407 = LINE('',#20408,#20409);
#20408 = CARTESIAN_POINT('',(2.54,13.1,0.));
#20409 = VECTOR('',#20410,1.);
#20410 = DIRECTION('',(0.,0.,1.));
#20411 = ORIENTED_EDGE('',*,*,#16423,.F.);
#20412 = PLANE('',#20413);
#20413 = AXIS2_PLACEMENT_3D('',#20414,#20415,#20416);
#20414 = CARTESIAN_POINT('',(2.14,12.7,0.));
#20415 = DIRECTION('',(-0.707106781187,0.707106781187,0.));
#20416 = DIRECTION('',(0.707106781187,0.707106781187,0.));
#20417 = ADVANCED_FACE('',(#20418),#20429,.F.);
#20418 = FACE_BOUND('',#20419,.F.);
#20419 = EDGE_LOOP('',(#20420,#20426,#20427,#20428));
#20420 = ORIENTED_EDGE('',*,*,#20421,.T.);
#20421 = EDGE_CURVE('',#16303,#17859,#20422,.T.);
#20422 = LINE('',#20423,#20424);
#20423 = CARTESIAN_POINT('',(-2.54,18.18,0.));
#20424 = VECTOR('',#20425,1.);
#20425 = DIRECTION('',(0.,0.,1.));
#20426 = ORIENTED_EDGE('',*,*,#17866,.T.);
#20427 = ORIENTED_EDGE('',*,*,#20389,.F.);
#20428 = ORIENTED_EDGE('',*,*,#16302,.F.);
#20429 = PLANE('',#20430);
#20430 = AXIS2_PLACEMENT_3D('',#20431,#20432,#20433);
#20431 = CARTESIAN_POINT('',(-2.54,18.18,0.));
#20432 = DIRECTION('',(0.707106781187,0.707106781187,0.));
#20433 = DIRECTION('',(0.707106781187,-0.707106781187,0.));
#20434 = ADVANCED_FACE('',(#20435),#20446,.F.);
#20435 = FACE_BOUND('',#20436,.F.);
#20436 = EDGE_LOOP('',(#20437,#20438,#20439,#20445));
#20437 = ORIENTED_EDGE('',*,*,#20406,.T.);
#20438 = ORIENTED_EDGE('',*,*,#17753,.T.);
#20439 = ORIENTED_EDGE('',*,*,#20440,.F.);
#20440 = EDGE_CURVE('',#16408,#17754,#20441,.T.);
#20441 = LINE('',#20442,#20443);
#20442 = CARTESIAN_POINT('',(2.54,14.84,0.));
#20443 = VECTOR('',#20444,1.);
#20444 = DIRECTION('',(0.,0.,1.));
#20445 = ORIENTED_EDGE('',*,*,#16415,.F.);
#20446 = PLANE('',#20447);
#20447 = AXIS2_PLACEMENT_3D('',#20448,#20449,#20450);
#20448 = CARTESIAN_POINT('',(2.54,13.1,0.));
#20449 = DIRECTION('',(-1.,0.,0.));
#20450 = DIRECTION('',(0.,1.,0.));
#20451 = ADVANCED_FACE('',(#20452),#20463,.F.);
#20452 = FACE_BOUND('',#20453,.F.);
#20453 = EDGE_LOOP('',(#20454,#20460,#20461,#20462));
#20454 = ORIENTED_EDGE('',*,*,#20455,.T.);
#20455 = EDGE_CURVE('',#16311,#17851,#20456,.T.);
#20456 = LINE('',#20457,#20458);
#20457 = CARTESIAN_POINT('',(-2.54,19.92,0.));
#20458 = VECTOR('',#20459,1.);
#20459 = DIRECTION('',(0.,0.,1.));
#20460 = ORIENTED_EDGE('',*,*,#17858,.T.);
#20461 = ORIENTED_EDGE('',*,*,#20421,.F.);
#20462 = ORIENTED_EDGE('',*,*,#16310,.F.);
#20463 = PLANE('',#20464);
#20464 = AXIS2_PLACEMENT_3D('',#20465,#20466,#20467);
#20465 = CARTESIAN_POINT('',(-2.54,19.92,0.));
#20466 = DIRECTION('',(1.,0.,0.));
#20467 = DIRECTION('',(0.,-1.,0.));
#20468 = ADVANCED_FACE('',(#20469),#20480,.T.);
#20469 = FACE_BOUND('',#20470,.T.);
#20470 = EDGE_LOOP('',(#20471,#20477,#20478,#20479));
#20471 = ORIENTED_EDGE('',*,*,#20472,.T.);
#20472 = EDGE_CURVE('',#16400,#17762,#20473,.T.);
#20473 = LINE('',#20474,#20475);
#20474 = CARTESIAN_POINT('',(2.14,15.24,0.));
#20475 = VECTOR('',#20476,1.);
#20476 = DIRECTION('',(0.,0.,1.));
#20477 = ORIENTED_EDGE('',*,*,#17761,.T.);
#20478 = ORIENTED_EDGE('',*,*,#20440,.F.);
#20479 = ORIENTED_EDGE('',*,*,#16407,.F.);
#20480 = PLANE('',#20481);
#20481 = AXIS2_PLACEMENT_3D('',#20482,#20483,#20484);
#20482 = CARTESIAN_POINT('',(2.14,15.24,0.));
#20483 = DIRECTION('',(0.707106781187,0.707106781187,0.));
#20484 = DIRECTION('',(0.707106781187,-0.707106781187,0.));
#20485 = ADVANCED_FACE('',(#20486),#20497,.T.);
#20486 = FACE_BOUND('',#20487,.T.);
#20487 = EDGE_LOOP('',(#20488,#20489,#20490,#20496));
#20488 = ORIENTED_EDGE('',*,*,#20455,.T.);
#20489 = ORIENTED_EDGE('',*,*,#17850,.T.);
#20490 = ORIENTED_EDGE('',*,*,#20491,.F.);
#20491 = EDGE_CURVE('',#16319,#17843,#20492,.T.);
#20492 = LINE('',#20493,#20494);
#20493 = CARTESIAN_POINT('',(-2.14,20.32,0.));
#20494 = VECTOR('',#20495,1.);
#20495 = DIRECTION('',(0.,0.,1.));
#20496 = ORIENTED_EDGE('',*,*,#16318,.F.);
#20497 = PLANE('',#20498);
#20498 = AXIS2_PLACEMENT_3D('',#20499,#20500,#20501);
#20499 = CARTESIAN_POINT('',(-2.54,19.92,0.));
#20500 = DIRECTION('',(-0.707106781187,0.707106781187,0.));
#20501 = DIRECTION('',(0.707106781187,0.707106781187,0.));
#20502 = ADVANCED_FACE('',(#20503),#20514,.F.);
#20503 = FACE_BOUND('',#20504,.F.);
#20504 = EDGE_LOOP('',(#20505,#20506,#20507,#20513));
#20505 = ORIENTED_EDGE('',*,*,#20472,.T.);
#20506 = ORIENTED_EDGE('',*,*,#17769,.T.);
#20507 = ORIENTED_EDGE('',*,*,#20508,.F.);
#20508 = EDGE_CURVE('',#16392,#17770,#20509,.T.);
#20509 = LINE('',#20510,#20511);
#20510 = CARTESIAN_POINT('',(2.54,15.64,0.));
#20511 = VECTOR('',#20512,1.);
#20512 = DIRECTION('',(0.,0.,1.));
#20513 = ORIENTED_EDGE('',*,*,#16399,.F.);
#20514 = PLANE('',#20515);
#20515 = AXIS2_PLACEMENT_3D('',#20516,#20517,#20518);
#20516 = CARTESIAN_POINT('',(2.14,15.24,0.));
#20517 = DIRECTION('',(-0.707106781187,0.707106781187,0.));
#20518 = DIRECTION('',(0.707106781187,0.707106781187,0.));
#20519 = ADVANCED_FACE('',(#20520),#20526,.F.);
#20520 = FACE_BOUND('',#20521,.F.);
#20521 = EDGE_LOOP('',(#20522,#20523,#20524,#20525));
#20522 = ORIENTED_EDGE('',*,*,#18837,.T.);
#20523 = ORIENTED_EDGE('',*,*,#17842,.T.);
#20524 = ORIENTED_EDGE('',*,*,#20491,.F.);
#20525 = ORIENTED_EDGE('',*,*,#16326,.F.);
#20526 = PLANE('',#20527);
#20527 = AXIS2_PLACEMENT_3D('',#20528,#20529,#20530);
#20528 = CARTESIAN_POINT('',(-2.54,20.72,0.));
#20529 = DIRECTION('',(0.707106781187,0.707106781187,0.));
#20530 = DIRECTION('',(0.707106781187,-0.707106781187,0.));
#20531 = ADVANCED_FACE('',(#20532),#20543,.F.);
#20532 = FACE_BOUND('',#20533,.F.);
#20533 = EDGE_LOOP('',(#20534,#20535,#20536,#20542));
#20534 = ORIENTED_EDGE('',*,*,#20508,.T.);
#20535 = ORIENTED_EDGE('',*,*,#17777,.T.);
#20536 = ORIENTED_EDGE('',*,*,#20537,.F.);
#20537 = EDGE_CURVE('',#16384,#17778,#20538,.T.);
#20538 = LINE('',#20539,#20540);
#20539 = CARTESIAN_POINT('',(2.54,17.38,0.));
#20540 = VECTOR('',#20541,1.);
#20541 = DIRECTION('',(0.,0.,1.));
#20542 = ORIENTED_EDGE('',*,*,#16391,.F.);
#20543 = PLANE('',#20544);
#20544 = AXIS2_PLACEMENT_3D('',#20545,#20546,#20547);
#20545 = CARTESIAN_POINT('',(2.54,15.64,0.));
#20546 = DIRECTION('',(-1.,0.,0.));
#20547 = DIRECTION('',(0.,1.,0.));
#20548 = ADVANCED_FACE('',(#20549),#20560,.T.);
#20549 = FACE_BOUND('',#20550,.T.);
#20550 = EDGE_LOOP('',(#20551,#20557,#20558,#20559));
#20551 = ORIENTED_EDGE('',*,*,#20552,.T.);
#20552 = EDGE_CURVE('',#16376,#17786,#20553,.T.);
#20553 = LINE('',#20554,#20555);
#20554 = CARTESIAN_POINT('',(2.14,17.78,0.));
#20555 = VECTOR('',#20556,1.);
#20556 = DIRECTION('',(0.,0.,1.));
#20557 = ORIENTED_EDGE('',*,*,#17785,.T.);
#20558 = ORIENTED_EDGE('',*,*,#20537,.F.);
#20559 = ORIENTED_EDGE('',*,*,#16383,.F.);
#20560 = PLANE('',#20561);
#20561 = AXIS2_PLACEMENT_3D('',#20562,#20563,#20564);
#20562 = CARTESIAN_POINT('',(2.14,17.78,0.));
#20563 = DIRECTION('',(0.707106781187,0.707106781187,0.));
#20564 = DIRECTION('',(0.707106781187,-0.707106781187,0.));
#20565 = ADVANCED_FACE('',(#20566),#20577,.F.);
#20566 = FACE_BOUND('',#20567,.F.);
#20567 = EDGE_LOOP('',(#20568,#20569,#20570,#20576));
#20568 = ORIENTED_EDGE('',*,*,#20552,.T.);
#20569 = ORIENTED_EDGE('',*,*,#17793,.T.);
#20570 = ORIENTED_EDGE('',*,*,#20571,.F.);
#20571 = EDGE_CURVE('',#16368,#17794,#20572,.T.);
#20572 = LINE('',#20573,#20574);
#20573 = CARTESIAN_POINT('',(2.54,18.18,0.));
#20574 = VECTOR('',#20575,1.);
#20575 = DIRECTION('',(0.,0.,1.));
#20576 = ORIENTED_EDGE('',*,*,#16375,.F.);
#20577 = PLANE('',#20578);
#20578 = AXIS2_PLACEMENT_3D('',#20579,#20580,#20581);
#20579 = CARTESIAN_POINT('',(2.14,17.78,0.));
#20580 = DIRECTION('',(-0.707106781187,0.707106781187,0.));
#20581 = DIRECTION('',(0.707106781187,0.707106781187,0.));
#20582 = ADVANCED_FACE('',(#20583),#20594,.F.);
#20583 = FACE_BOUND('',#20584,.F.);
#20584 = EDGE_LOOP('',(#20585,#20586,#20587,#20593));
#20585 = ORIENTED_EDGE('',*,*,#20571,.T.);
#20586 = ORIENTED_EDGE('',*,*,#17801,.T.);
#20587 = ORIENTED_EDGE('',*,*,#20588,.F.);
#20588 = EDGE_CURVE('',#16360,#17802,#20589,.T.);
#20589 = LINE('',#20590,#20591);
#20590 = CARTESIAN_POINT('',(2.54,19.92,0.));
#20591 = VECTOR('',#20592,1.);
#20592 = DIRECTION('',(0.,0.,1.));
#20593 = ORIENTED_EDGE('',*,*,#16367,.F.);
#20594 = PLANE('',#20595);
#20595 = AXIS2_PLACEMENT_3D('',#20596,#20597,#20598);
#20596 = CARTESIAN_POINT('',(2.54,18.18,0.));
#20597 = DIRECTION('',(-1.,0.,0.));
#20598 = DIRECTION('',(0.,1.,0.));
#20599 = ADVANCED_FACE('',(#20600),#20611,.T.);
#20600 = FACE_BOUND('',#20601,.T.);
#20601 = EDGE_LOOP('',(#20602,#20608,#20609,#20610));
#20602 = ORIENTED_EDGE('',*,*,#20603,.T.);
#20603 = EDGE_CURVE('',#16352,#17810,#20604,.T.);
#20604 = LINE('',#20605,#20606);
#20605 = CARTESIAN_POINT('',(2.14,20.32,0.));
#20606 = VECTOR('',#20607,1.);
#20607 = DIRECTION('',(0.,0.,1.));
#20608 = ORIENTED_EDGE('',*,*,#17809,.T.);
#20609 = ORIENTED_EDGE('',*,*,#20588,.F.);
#20610 = ORIENTED_EDGE('',*,*,#16359,.F.);
#20611 = PLANE('',#20612);
#20612 = AXIS2_PLACEMENT_3D('',#20613,#20614,#20615);
#20613 = CARTESIAN_POINT('',(2.14,20.32,0.));
#20614 = DIRECTION('',(0.707106781187,0.707106781187,0.));
#20615 = DIRECTION('',(0.707106781187,-0.707106781187,0.));
#20616 = ADVANCED_FACE('',(#20617),#20623,.F.);
#20617 = FACE_BOUND('',#20618,.F.);
#20618 = EDGE_LOOP('',(#20619,#20620,#20621,#20622));
#20619 = ORIENTED_EDGE('',*,*,#20603,.T.);
#20620 = ORIENTED_EDGE('',*,*,#17817,.T.);
#20621 = ORIENTED_EDGE('',*,*,#18818,.F.);
#20622 = ORIENTED_EDGE('',*,*,#16351,.F.);
#20623 = PLANE('',#20624);
#20624 = AXIS2_PLACEMENT_3D('',#20625,#20626,#20627);
#20625 = CARTESIAN_POINT('',(2.14,20.32,0.));
#20626 = DIRECTION('',(-0.707106781187,0.707106781187,0.));
#20627 = DIRECTION('',(0.707106781187,0.707106781187,0.));
#20628 = ADVANCED_FACE('',(#20629),#20645,.F.);
#20629 = FACE_BOUND('',#20630,.F.);
#20630 = EDGE_LOOP('',(#20631,#20637,#20638,#20644));
#20631 = ORIENTED_EDGE('',*,*,#20632,.T.);
#20632 = EDGE_CURVE('',#16792,#18237,#20633,.T.);
#20633 = LINE('',#20634,#20635);
#20634 = CARTESIAN_POINT('',(-0.4,-20.32,0.));
#20635 = VECTOR('',#20636,1.);
#20636 = DIRECTION('',(0.,0.,1.));
#20637 = ORIENTED_EDGE('',*,*,#18244,.T.);
#20638 = ORIENTED_EDGE('',*,*,#20639,.F.);
#20639 = EDGE_CURVE('',#16794,#18245,#20640,.T.);
#20640 = LINE('',#20641,#20642);
#20641 = CARTESIAN_POINT('',(-4.40394464E-16,-19.92,0.));
#20642 = VECTOR('',#20643,1.);
#20643 = DIRECTION('',(0.,0.,1.));
#20644 = ORIENTED_EDGE('',*,*,#16791,.F.);
#20645 = PLANE('',#20646);
#20646 = AXIS2_PLACEMENT_3D('',#20647,#20648,#20649);
#20647 = CARTESIAN_POINT('',(-0.4,-20.32,0.));
#20648 = DIRECTION('',(-0.707106781187,0.707106781187,0.));
#20649 = DIRECTION('',(0.707106781187,0.707106781187,0.));
#20650 = ADVANCED_FACE('',(#20651),#20662,.F.);
#20651 = FACE_BOUND('',#20652,.F.);
#20652 = EDGE_LOOP('',(#20653,#20659,#20660,#20661));
#20653 = ORIENTED_EDGE('',*,*,#20654,.T.);
#20654 = EDGE_CURVE('',#16802,#18235,#20655,.T.);
#20655 = LINE('',#20656,#20657);
#20656 = CARTESIAN_POINT('',(-4.351585381868E-16,-20.72,0.));
#20657 = VECTOR('',#20658,1.);
#20658 = DIRECTION('',(0.,0.,1.));
#20659 = ORIENTED_EDGE('',*,*,#18234,.T.);
#20660 = ORIENTED_EDGE('',*,*,#20632,.F.);
#20661 = ORIENTED_EDGE('',*,*,#16801,.F.);
#20662 = PLANE('',#20663);
#20663 = AXIS2_PLACEMENT_3D('',#20664,#20665,#20666);
#20664 = CARTESIAN_POINT('',(-4.262278595423E-16,-20.72,0.));
#20665 = DIRECTION('',(-0.707106781187,-0.707106781187,0.));
#20666 = DIRECTION('',(-0.707106781187,0.707106781187,0.));
#20667 = ADVANCED_FACE('',(#20668),#20679,.F.);
#20668 = FACE_BOUND('',#20669,.F.);
#20669 = EDGE_LOOP('',(#20670,#20671,#20672,#20678));
#20670 = ORIENTED_EDGE('',*,*,#20639,.T.);
#20671 = ORIENTED_EDGE('',*,*,#18252,.T.);
#20672 = ORIENTED_EDGE('',*,*,#20673,.F.);
#20673 = EDGE_CURVE('',#16810,#18253,#20674,.T.);
#20674 = LINE('',#20675,#20676);
#20675 = CARTESIAN_POINT('',(0.4,-20.32,0.));
#20676 = VECTOR('',#20677,1.);
#20677 = DIRECTION('',(0.,0.,1.));
#20678 = ORIENTED_EDGE('',*,*,#16817,.F.);
#20679 = PLANE('',#20680);
#20680 = AXIS2_PLACEMENT_3D('',#20681,#20682,#20683);
#20681 = CARTESIAN_POINT('',(-4.366997195189E-16,-19.92,0.));
#20682 = DIRECTION('',(0.707106781187,0.707106781187,0.));
#20683 = DIRECTION('',(0.707106781187,-0.707106781187,0.));
#20684 = ADVANCED_FACE('',(#20685),#20691,.F.);
#20685 = FACE_BOUND('',#20686,.F.);
#20686 = EDGE_LOOP('',(#20687,#20688,#20689,#20690));
#20687 = ORIENTED_EDGE('',*,*,#20673,.T.);
#20688 = ORIENTED_EDGE('',*,*,#18260,.T.);
#20689 = ORIENTED_EDGE('',*,*,#20654,.F.);
#20690 = ORIENTED_EDGE('',*,*,#16809,.F.);
#20691 = PLANE('',#20692);
#20692 = AXIS2_PLACEMENT_3D('',#20693,#20694,#20695);
#20693 = CARTESIAN_POINT('',(0.4,-20.32,0.));
#20694 = DIRECTION('',(0.707106781187,-0.707106781187,0.));
#20695 = DIRECTION('',(-0.707106781187,-0.707106781187,0.));
#20696 = ADVANCED_FACE('',(#20697),#20713,.F.);
#20697 = FACE_BOUND('',#20698,.F.);
#20698 = EDGE_LOOP('',(#20699,#20705,#20706,#20712));
#20699 = ORIENTED_EDGE('',*,*,#20700,.T.);
#20700 = EDGE_CURVE('',#16826,#18271,#20701,.T.);
#20701 = LINE('',#20702,#20703);
#20702 = CARTESIAN_POINT('',(-0.4,-17.78,0.));
#20703 = VECTOR('',#20704,1.);
#20704 = DIRECTION('',(0.,0.,1.));
#20705 = ORIENTED_EDGE('',*,*,#18278,.T.);
#20706 = ORIENTED_EDGE('',*,*,#20707,.F.);
#20707 = EDGE_CURVE('',#16828,#18279,#20708,.T.);
#20708 = LINE('',#20709,#20710);
#20709 = CARTESIAN_POINT('',(-4.40394464E-16,-17.38,0.));
#20710 = VECTOR('',#20711,1.);
#20711 = DIRECTION('',(0.,0.,1.));
#20712 = ORIENTED_EDGE('',*,*,#16825,.F.);
#20713 = PLANE('',#20714);
#20714 = AXIS2_PLACEMENT_3D('',#20715,#20716,#20717);
#20715 = CARTESIAN_POINT('',(-0.4,-17.78,0.));
#20716 = DIRECTION('',(-0.707106781187,0.707106781187,0.));
#20717 = DIRECTION('',(0.707106781187,0.707106781187,0.));
#20718 = ADVANCED_FACE('',(#20719),#20730,.F.);
#20719 = FACE_BOUND('',#20720,.F.);
#20720 = EDGE_LOOP('',(#20721,#20722,#20723,#20729));
#20721 = ORIENTED_EDGE('',*,*,#20707,.T.);
#20722 = ORIENTED_EDGE('',*,*,#18286,.T.);
#20723 = ORIENTED_EDGE('',*,*,#20724,.F.);
#20724 = EDGE_CURVE('',#16844,#18287,#20725,.T.);
#20725 = LINE('',#20726,#20727);
#20726 = CARTESIAN_POINT('',(0.4,-17.78,0.));
#20727 = VECTOR('',#20728,1.);
#20728 = DIRECTION('',(0.,0.,1.));
#20729 = ORIENTED_EDGE('',*,*,#16851,.F.);
#20730 = PLANE('',#20731);
#20731 = AXIS2_PLACEMENT_3D('',#20732,#20733,#20734);
#20732 = CARTESIAN_POINT('',(-4.366997195189E-16,-17.38,0.));
#20733 = DIRECTION('',(0.707106781187,0.707106781187,0.));
#20734 = DIRECTION('',(0.707106781187,-0.707106781187,0.));
#20735 = ADVANCED_FACE('',(#20736),#20747,.F.);
#20736 = FACE_BOUND('',#20737,.F.);
#20737 = EDGE_LOOP('',(#20738,#20739,#20740,#20746));
#20738 = ORIENTED_EDGE('',*,*,#20724,.T.);
#20739 = ORIENTED_EDGE('',*,*,#18294,.T.);
#20740 = ORIENTED_EDGE('',*,*,#20741,.F.);
#20741 = EDGE_CURVE('',#16836,#18269,#20742,.T.);
#20742 = LINE('',#20743,#20744);
#20743 = CARTESIAN_POINT('',(-4.351585381868E-16,-18.18,0.));
#20744 = VECTOR('',#20745,1.);
#20745 = DIRECTION('',(0.,0.,1.));
#20746 = ORIENTED_EDGE('',*,*,#16843,.F.);
#20747 = PLANE('',#20748);
#20748 = AXIS2_PLACEMENT_3D('',#20749,#20750,#20751);
#20749 = CARTESIAN_POINT('',(0.4,-17.78,0.));
#20750 = DIRECTION('',(0.707106781187,-0.707106781187,0.));
#20751 = DIRECTION('',(-0.707106781187,-0.707106781187,0.));
#20752 = ADVANCED_FACE('',(#20753),#20759,.F.);
#20753 = FACE_BOUND('',#20754,.F.);
#20754 = EDGE_LOOP('',(#20755,#20756,#20757,#20758));
#20755 = ORIENTED_EDGE('',*,*,#20741,.T.);
#20756 = ORIENTED_EDGE('',*,*,#18268,.T.);
#20757 = ORIENTED_EDGE('',*,*,#20700,.F.);
#20758 = ORIENTED_EDGE('',*,*,#16835,.F.);
#20759 = PLANE('',#20760);
#20760 = AXIS2_PLACEMENT_3D('',#20761,#20762,#20763);
#20761 = CARTESIAN_POINT('',(-4.262278595423E-16,-18.18,0.));
#20762 = DIRECTION('',(-0.707106781187,-0.707106781187,0.));
#20763 = DIRECTION('',(-0.707106781187,0.707106781187,0.));
#20764 = ADVANCED_FACE('',(#20765),#20781,.F.);
#20765 = FACE_BOUND('',#20766,.F.);
#20766 = EDGE_LOOP('',(#20767,#20773,#20774,#20780));
#20767 = ORIENTED_EDGE('',*,*,#20768,.T.);
#20768 = EDGE_CURVE('',#16860,#18305,#20769,.T.);
#20769 = LINE('',#20770,#20771);
#20770 = CARTESIAN_POINT('',(-0.4,-15.24,0.));
#20771 = VECTOR('',#20772,1.);
#20772 = DIRECTION('',(0.,0.,1.));
#20773 = ORIENTED_EDGE('',*,*,#18312,.T.);
#20774 = ORIENTED_EDGE('',*,*,#20775,.F.);
#20775 = EDGE_CURVE('',#16862,#18313,#20776,.T.);
#20776 = LINE('',#20777,#20778);
#20777 = CARTESIAN_POINT('',(-4.40394464E-16,-14.84,0.));
#20778 = VECTOR('',#20779,1.);
#20779 = DIRECTION('',(0.,0.,1.));
#20780 = ORIENTED_EDGE('',*,*,#16859,.F.);
#20781 = PLANE('',#20782);
#20782 = AXIS2_PLACEMENT_3D('',#20783,#20784,#20785);
#20783 = CARTESIAN_POINT('',(-0.4,-15.24,0.));
#20784 = DIRECTION('',(-0.707106781187,0.707106781187,0.));
#20785 = DIRECTION('',(0.707106781187,0.707106781187,0.));
#20786 = ADVANCED_FACE('',(#20787),#20798,.F.);
#20787 = FACE_BOUND('',#20788,.F.);
#20788 = EDGE_LOOP('',(#20789,#20790,#20791,#20797));
#20789 = ORIENTED_EDGE('',*,*,#20775,.T.);
#20790 = ORIENTED_EDGE('',*,*,#18320,.T.);
#20791 = ORIENTED_EDGE('',*,*,#20792,.F.);
#20792 = EDGE_CURVE('',#16878,#18321,#20793,.T.);
#20793 = LINE('',#20794,#20795);
#20794 = CARTESIAN_POINT('',(0.4,-15.24,0.));
#20795 = VECTOR('',#20796,1.);
#20796 = DIRECTION('',(0.,0.,1.));
#20797 = ORIENTED_EDGE('',*,*,#16885,.F.);
#20798 = PLANE('',#20799);
#20799 = AXIS2_PLACEMENT_3D('',#20800,#20801,#20802);
#20800 = CARTESIAN_POINT('',(-4.366997195189E-16,-14.84,0.));
#20801 = DIRECTION('',(0.707106781187,0.707106781187,0.));
#20802 = DIRECTION('',(0.707106781187,-0.707106781187,0.));
#20803 = ADVANCED_FACE('',(#20804),#20815,.F.);
#20804 = FACE_BOUND('',#20805,.F.);
#20805 = EDGE_LOOP('',(#20806,#20807,#20808,#20814));
#20806 = ORIENTED_EDGE('',*,*,#20792,.T.);
#20807 = ORIENTED_EDGE('',*,*,#18328,.T.);
#20808 = ORIENTED_EDGE('',*,*,#20809,.F.);
#20809 = EDGE_CURVE('',#16870,#18303,#20810,.T.);
#20810 = LINE('',#20811,#20812);
#20811 = CARTESIAN_POINT('',(-4.351585381868E-16,-15.64,0.));
#20812 = VECTOR('',#20813,1.);
#20813 = DIRECTION('',(0.,0.,1.));
#20814 = ORIENTED_EDGE('',*,*,#16877,.F.);
#20815 = PLANE('',#20816);
#20816 = AXIS2_PLACEMENT_3D('',#20817,#20818,#20819);
#20817 = CARTESIAN_POINT('',(0.4,-15.24,0.));
#20818 = DIRECTION('',(0.707106781187,-0.707106781187,0.));
#20819 = DIRECTION('',(-0.707106781187,-0.707106781187,0.));
#20820 = ADVANCED_FACE('',(#20821),#20827,.F.);
#20821 = FACE_BOUND('',#20822,.F.);
#20822 = EDGE_LOOP('',(#20823,#20824,#20825,#20826));
#20823 = ORIENTED_EDGE('',*,*,#20809,.T.);
#20824 = ORIENTED_EDGE('',*,*,#18302,.T.);
#20825 = ORIENTED_EDGE('',*,*,#20768,.F.);
#20826 = ORIENTED_EDGE('',*,*,#16869,.F.);
#20827 = PLANE('',#20828);
#20828 = AXIS2_PLACEMENT_3D('',#20829,#20830,#20831);
#20829 = CARTESIAN_POINT('',(-4.262278595423E-16,-15.64,0.));
#20830 = DIRECTION('',(-0.707106781187,-0.707106781187,0.));
#20831 = DIRECTION('',(-0.707106781187,0.707106781187,0.));
#20832 = ADVANCED_FACE('',(#20833),#20849,.F.);
#20833 = FACE_BOUND('',#20834,.F.);
#20834 = EDGE_LOOP('',(#20835,#20841,#20842,#20848));
#20835 = ORIENTED_EDGE('',*,*,#20836,.T.);
#20836 = EDGE_CURVE('',#16894,#18339,#20837,.T.);
#20837 = LINE('',#20838,#20839);
#20838 = CARTESIAN_POINT('',(-0.4,-12.7,0.));
#20839 = VECTOR('',#20840,1.);
#20840 = DIRECTION('',(0.,0.,1.));
#20841 = ORIENTED_EDGE('',*,*,#18346,.T.);
#20842 = ORIENTED_EDGE('',*,*,#20843,.F.);
#20843 = EDGE_CURVE('',#16896,#18347,#20844,.T.);
#20844 = LINE('',#20845,#20846);
#20845 = CARTESIAN_POINT('',(-4.40394464E-16,-12.3,0.));
#20846 = VECTOR('',#20847,1.);
#20847 = DIRECTION('',(0.,0.,1.));
#20848 = ORIENTED_EDGE('',*,*,#16893,.F.);
#20849 = PLANE('',#20850);
#20850 = AXIS2_PLACEMENT_3D('',#20851,#20852,#20853);
#20851 = CARTESIAN_POINT('',(-0.4,-12.7,0.));
#20852 = DIRECTION('',(-0.707106781187,0.707106781187,0.));
#20853 = DIRECTION('',(0.707106781187,0.707106781187,0.));
#20854 = ADVANCED_FACE('',(#20855),#20866,.F.);
#20855 = FACE_BOUND('',#20856,.F.);
#20856 = EDGE_LOOP('',(#20857,#20858,#20859,#20865));
#20857 = ORIENTED_EDGE('',*,*,#20843,.T.);
#20858 = ORIENTED_EDGE('',*,*,#18354,.T.);
#20859 = ORIENTED_EDGE('',*,*,#20860,.F.);
#20860 = EDGE_CURVE('',#16912,#18355,#20861,.T.);
#20861 = LINE('',#20862,#20863);
#20862 = CARTESIAN_POINT('',(0.4,-12.7,0.));
#20863 = VECTOR('',#20864,1.);
#20864 = DIRECTION('',(0.,0.,1.));
#20865 = ORIENTED_EDGE('',*,*,#16919,.F.);
#20866 = PLANE('',#20867);
#20867 = AXIS2_PLACEMENT_3D('',#20868,#20869,#20870);
#20868 = CARTESIAN_POINT('',(-4.366997195189E-16,-12.3,0.));
#20869 = DIRECTION('',(0.707106781187,0.707106781187,0.));
#20870 = DIRECTION('',(0.707106781187,-0.707106781187,0.));
#20871 = ADVANCED_FACE('',(#20872),#20883,.F.);
#20872 = FACE_BOUND('',#20873,.F.);
#20873 = EDGE_LOOP('',(#20874,#20875,#20876,#20882));
#20874 = ORIENTED_EDGE('',*,*,#20860,.T.);
#20875 = ORIENTED_EDGE('',*,*,#18362,.T.);
#20876 = ORIENTED_EDGE('',*,*,#20877,.F.);
#20877 = EDGE_CURVE('',#16904,#18337,#20878,.T.);
#20878 = LINE('',#20879,#20880);
#20879 = CARTESIAN_POINT('',(-4.351585381868E-16,-13.1,0.));
#20880 = VECTOR('',#20881,1.);
#20881 = DIRECTION('',(0.,0.,1.));
#20882 = ORIENTED_EDGE('',*,*,#16911,.F.);
#20883 = PLANE('',#20884);
#20884 = AXIS2_PLACEMENT_3D('',#20885,#20886,#20887);
#20885 = CARTESIAN_POINT('',(0.4,-12.7,0.));
#20886 = DIRECTION('',(0.707106781187,-0.707106781187,0.));
#20887 = DIRECTION('',(-0.707106781187,-0.707106781187,0.));
#20888 = ADVANCED_FACE('',(#20889),#20895,.F.);
#20889 = FACE_BOUND('',#20890,.F.);
#20890 = EDGE_LOOP('',(#20891,#20892,#20893,#20894));
#20891 = ORIENTED_EDGE('',*,*,#20877,.T.);
#20892 = ORIENTED_EDGE('',*,*,#18336,.T.);
#20893 = ORIENTED_EDGE('',*,*,#20836,.F.);
#20894 = ORIENTED_EDGE('',*,*,#16903,.F.);
#20895 = PLANE('',#20896);
#20896 = AXIS2_PLACEMENT_3D('',#20897,#20898,#20899);
#20897 = CARTESIAN_POINT('',(-4.262278595423E-16,-13.1,0.));
#20898 = DIRECTION('',(-0.707106781187,-0.707106781187,0.));
#20899 = DIRECTION('',(-0.707106781187,0.707106781187,0.));
#20900 = ADVANCED_FACE('',(#20901),#20917,.F.);
#20901 = FACE_BOUND('',#20902,.F.);
#20902 = EDGE_LOOP('',(#20903,#20909,#20910,#20916));
#20903 = ORIENTED_EDGE('',*,*,#20904,.T.);
#20904 = EDGE_CURVE('',#16928,#18373,#20905,.T.);
#20905 = LINE('',#20906,#20907);
#20906 = CARTESIAN_POINT('',(-0.4,-10.16,0.));
#20907 = VECTOR('',#20908,1.);
#20908 = DIRECTION('',(0.,0.,1.));
#20909 = ORIENTED_EDGE('',*,*,#18380,.T.);
#20910 = ORIENTED_EDGE('',*,*,#20911,.F.);
#20911 = EDGE_CURVE('',#16930,#18381,#20912,.T.);
#20912 = LINE('',#20913,#20914);
#20913 = CARTESIAN_POINT('',(-4.40394464E-16,-9.76,0.));
#20914 = VECTOR('',#20915,1.);
#20915 = DIRECTION('',(0.,0.,1.));
#20916 = ORIENTED_EDGE('',*,*,#16927,.F.);
#20917 = PLANE('',#20918);
#20918 = AXIS2_PLACEMENT_3D('',#20919,#20920,#20921);
#20919 = CARTESIAN_POINT('',(-0.4,-10.16,0.));
#20920 = DIRECTION('',(-0.707106781187,0.707106781187,0.));
#20921 = DIRECTION('',(0.707106781187,0.707106781187,0.));
#20922 = ADVANCED_FACE('',(#20923),#20934,.F.);
#20923 = FACE_BOUND('',#20924,.F.);
#20924 = EDGE_LOOP('',(#20925,#20926,#20927,#20933));
#20925 = ORIENTED_EDGE('',*,*,#20911,.T.);
#20926 = ORIENTED_EDGE('',*,*,#18388,.T.);
#20927 = ORIENTED_EDGE('',*,*,#20928,.F.);
#20928 = EDGE_CURVE('',#16946,#18389,#20929,.T.);
#20929 = LINE('',#20930,#20931);
#20930 = CARTESIAN_POINT('',(0.4,-10.16,0.));
#20931 = VECTOR('',#20932,1.);
#20932 = DIRECTION('',(0.,0.,1.));
#20933 = ORIENTED_EDGE('',*,*,#16953,.F.);
#20934 = PLANE('',#20935);
#20935 = AXIS2_PLACEMENT_3D('',#20936,#20937,#20938);
#20936 = CARTESIAN_POINT('',(-4.366997195189E-16,-9.76,0.));
#20937 = DIRECTION('',(0.707106781187,0.707106781187,0.));
#20938 = DIRECTION('',(0.707106781187,-0.707106781187,0.));
#20939 = ADVANCED_FACE('',(#20940),#20951,.F.);
#20940 = FACE_BOUND('',#20941,.F.);
#20941 = EDGE_LOOP('',(#20942,#20943,#20944,#20950));
#20942 = ORIENTED_EDGE('',*,*,#20928,.T.);
#20943 = ORIENTED_EDGE('',*,*,#18396,.T.);
#20944 = ORIENTED_EDGE('',*,*,#20945,.F.);
#20945 = EDGE_CURVE('',#16938,#18371,#20946,.T.);
#20946 = LINE('',#20947,#20948);
#20947 = CARTESIAN_POINT('',(-4.351585381868E-16,-10.56,0.));
#20948 = VECTOR('',#20949,1.);
#20949 = DIRECTION('',(0.,0.,1.));
#20950 = ORIENTED_EDGE('',*,*,#16945,.F.);
#20951 = PLANE('',#20952);
#20952 = AXIS2_PLACEMENT_3D('',#20953,#20954,#20955);
#20953 = CARTESIAN_POINT('',(0.4,-10.16,0.));
#20954 = DIRECTION('',(0.707106781187,-0.707106781187,0.));
#20955 = DIRECTION('',(-0.707106781187,-0.707106781187,0.));
#20956 = ADVANCED_FACE('',(#20957),#20963,.F.);
#20957 = FACE_BOUND('',#20958,.F.);
#20958 = EDGE_LOOP('',(#20959,#20960,#20961,#20962));
#20959 = ORIENTED_EDGE('',*,*,#20945,.T.);
#20960 = ORIENTED_EDGE('',*,*,#18370,.T.);
#20961 = ORIENTED_EDGE('',*,*,#20904,.F.);
#20962 = ORIENTED_EDGE('',*,*,#16937,.F.);
#20963 = PLANE('',#20964);
#20964 = AXIS2_PLACEMENT_3D('',#20965,#20966,#20967);
#20965 = CARTESIAN_POINT('',(-4.262278595423E-16,-10.56,0.));
#20966 = DIRECTION('',(-0.707106781187,-0.707106781187,0.));
#20967 = DIRECTION('',(-0.707106781187,0.707106781187,0.));
#20968 = ADVANCED_FACE('',(#20969),#20985,.F.);
#20969 = FACE_BOUND('',#20970,.F.);
#20970 = EDGE_LOOP('',(#20971,#20977,#20978,#20984));
#20971 = ORIENTED_EDGE('',*,*,#20972,.T.);
#20972 = EDGE_CURVE('',#16962,#18407,#20973,.T.);
#20973 = LINE('',#20974,#20975);
#20974 = CARTESIAN_POINT('',(-0.4,-7.62,0.));
#20975 = VECTOR('',#20976,1.);
#20976 = DIRECTION('',(0.,0.,1.));
#20977 = ORIENTED_EDGE('',*,*,#18414,.T.);
#20978 = ORIENTED_EDGE('',*,*,#20979,.F.);
#20979 = EDGE_CURVE('',#16964,#18415,#20980,.T.);
#20980 = LINE('',#20981,#20982);
#20981 = CARTESIAN_POINT('',(-4.40394464E-16,-7.22,0.));
#20982 = VECTOR('',#20983,1.);
#20983 = DIRECTION('',(0.,0.,1.));
#20984 = ORIENTED_EDGE('',*,*,#16961,.F.);
#20985 = PLANE('',#20986);
#20986 = AXIS2_PLACEMENT_3D('',#20987,#20988,#20989);
#20987 = CARTESIAN_POINT('',(-0.4,-7.62,0.));
#20988 = DIRECTION('',(-0.707106781187,0.707106781187,0.));
#20989 = DIRECTION('',(0.707106781187,0.707106781187,0.));
#20990 = ADVANCED_FACE('',(#20991),#21002,.F.);
#20991 = FACE_BOUND('',#20992,.F.);
#20992 = EDGE_LOOP('',(#20993,#20994,#20995,#21001));
#20993 = ORIENTED_EDGE('',*,*,#20979,.T.);
#20994 = ORIENTED_EDGE('',*,*,#18422,.T.);
#20995 = ORIENTED_EDGE('',*,*,#20996,.F.);
#20996 = EDGE_CURVE('',#16980,#18423,#20997,.T.);
#20997 = LINE('',#20998,#20999);
#20998 = CARTESIAN_POINT('',(0.4,-7.62,0.));
#20999 = VECTOR('',#21000,1.);
#21000 = DIRECTION('',(0.,0.,1.));
#21001 = ORIENTED_EDGE('',*,*,#16987,.F.);
#21002 = PLANE('',#21003);
#21003 = AXIS2_PLACEMENT_3D('',#21004,#21005,#21006);
#21004 = CARTESIAN_POINT('',(-4.366997195189E-16,-7.22,0.));
#21005 = DIRECTION('',(0.707106781187,0.707106781187,0.));
#21006 = DIRECTION('',(0.707106781187,-0.707106781187,0.));
#21007 = ADVANCED_FACE('',(#21008),#21019,.F.);
#21008 = FACE_BOUND('',#21009,.F.);
#21009 = EDGE_LOOP('',(#21010,#21011,#21012,#21018));
#21010 = ORIENTED_EDGE('',*,*,#20996,.T.);
#21011 = ORIENTED_EDGE('',*,*,#18430,.T.);
#21012 = ORIENTED_EDGE('',*,*,#21013,.F.);
#21013 = EDGE_CURVE('',#16972,#18405,#21014,.T.);
#21014 = LINE('',#21015,#21016);
#21015 = CARTESIAN_POINT('',(-4.351585381868E-16,-8.02,0.));
#21016 = VECTOR('',#21017,1.);
#21017 = DIRECTION('',(0.,0.,1.));
#21018 = ORIENTED_EDGE('',*,*,#16979,.F.);
#21019 = PLANE('',#21020);
#21020 = AXIS2_PLACEMENT_3D('',#21021,#21022,#21023);
#21021 = CARTESIAN_POINT('',(0.4,-7.62,0.));
#21022 = DIRECTION('',(0.707106781187,-0.707106781187,0.));
#21023 = DIRECTION('',(-0.707106781187,-0.707106781187,0.));
#21024 = ADVANCED_FACE('',(#21025),#21031,.F.);
#21025 = FACE_BOUND('',#21026,.F.);
#21026 = EDGE_LOOP('',(#21027,#21028,#21029,#21030));
#21027 = ORIENTED_EDGE('',*,*,#21013,.T.);
#21028 = ORIENTED_EDGE('',*,*,#18404,.T.);
#21029 = ORIENTED_EDGE('',*,*,#20972,.F.);
#21030 = ORIENTED_EDGE('',*,*,#16971,.F.);
#21031 = PLANE('',#21032);
#21032 = AXIS2_PLACEMENT_3D('',#21033,#21034,#21035);
#21033 = CARTESIAN_POINT('',(-4.262278595423E-16,-8.02,0.));
#21034 = DIRECTION('',(-0.707106781187,-0.707106781187,0.));
#21035 = DIRECTION('',(-0.707106781187,0.707106781187,0.));
#21036 = ADVANCED_FACE('',(#21037),#21053,.F.);
#21037 = FACE_BOUND('',#21038,.F.);
#21038 = EDGE_LOOP('',(#21039,#21045,#21046,#21052));
#21039 = ORIENTED_EDGE('',*,*,#21040,.T.);
#21040 = EDGE_CURVE('',#16996,#18441,#21041,.T.);
#21041 = LINE('',#21042,#21043);
#21042 = CARTESIAN_POINT('',(-0.4,-5.08,0.));
#21043 = VECTOR('',#21044,1.);
#21044 = DIRECTION('',(0.,0.,1.));
#21045 = ORIENTED_EDGE('',*,*,#18448,.T.);
#21046 = ORIENTED_EDGE('',*,*,#21047,.F.);
#21047 = EDGE_CURVE('',#16998,#18449,#21048,.T.);
#21048 = LINE('',#21049,#21050);
#21049 = CARTESIAN_POINT('',(-4.40394464E-16,-4.68,0.));
#21050 = VECTOR('',#21051,1.);
#21051 = DIRECTION('',(0.,0.,1.));
#21052 = ORIENTED_EDGE('',*,*,#16995,.F.);
#21053 = PLANE('',#21054);
#21054 = AXIS2_PLACEMENT_3D('',#21055,#21056,#21057);
#21055 = CARTESIAN_POINT('',(-0.4,-5.08,0.));
#21056 = DIRECTION('',(-0.707106781187,0.707106781187,0.));
#21057 = DIRECTION('',(0.707106781187,0.707106781187,0.));
#21058 = ADVANCED_FACE('',(#21059),#21070,.F.);
#21059 = FACE_BOUND('',#21060,.F.);
#21060 = EDGE_LOOP('',(#21061,#21062,#21063,#21069));
#21061 = ORIENTED_EDGE('',*,*,#21047,.T.);
#21062 = ORIENTED_EDGE('',*,*,#18456,.T.);
#21063 = ORIENTED_EDGE('',*,*,#21064,.F.);
#21064 = EDGE_CURVE('',#17014,#18457,#21065,.T.);
#21065 = LINE('',#21066,#21067);
#21066 = CARTESIAN_POINT('',(0.4,-5.08,0.));
#21067 = VECTOR('',#21068,1.);
#21068 = DIRECTION('',(0.,0.,1.));
#21069 = ORIENTED_EDGE('',*,*,#17021,.F.);
#21070 = PLANE('',#21071);
#21071 = AXIS2_PLACEMENT_3D('',#21072,#21073,#21074);
#21072 = CARTESIAN_POINT('',(-4.366997195189E-16,-4.68,0.));
#21073 = DIRECTION('',(0.707106781187,0.707106781187,0.));
#21074 = DIRECTION('',(0.707106781187,-0.707106781187,0.));
#21075 = ADVANCED_FACE('',(#21076),#21087,.F.);
#21076 = FACE_BOUND('',#21077,.F.);
#21077 = EDGE_LOOP('',(#21078,#21079,#21080,#21086));
#21078 = ORIENTED_EDGE('',*,*,#21064,.T.);
#21079 = ORIENTED_EDGE('',*,*,#18464,.T.);
#21080 = ORIENTED_EDGE('',*,*,#21081,.F.);
#21081 = EDGE_CURVE('',#17006,#18439,#21082,.T.);
#21082 = LINE('',#21083,#21084);
#21083 = CARTESIAN_POINT('',(-4.351585381868E-16,-5.48,0.));
#21084 = VECTOR('',#21085,1.);
#21085 = DIRECTION('',(0.,0.,1.));
#21086 = ORIENTED_EDGE('',*,*,#17013,.F.);
#21087 = PLANE('',#21088);
#21088 = AXIS2_PLACEMENT_3D('',#21089,#21090,#21091);
#21089 = CARTESIAN_POINT('',(0.4,-5.08,0.));
#21090 = DIRECTION('',(0.707106781187,-0.707106781187,0.));
#21091 = DIRECTION('',(-0.707106781187,-0.707106781187,0.));
#21092 = ADVANCED_FACE('',(#21093),#21099,.F.);
#21093 = FACE_BOUND('',#21094,.F.);
#21094 = EDGE_LOOP('',(#21095,#21096,#21097,#21098));
#21095 = ORIENTED_EDGE('',*,*,#21081,.T.);
#21096 = ORIENTED_EDGE('',*,*,#18438,.T.);
#21097 = ORIENTED_EDGE('',*,*,#21040,.F.);
#21098 = ORIENTED_EDGE('',*,*,#17005,.F.);
#21099 = PLANE('',#21100);
#21100 = AXIS2_PLACEMENT_3D('',#21101,#21102,#21103);
#21101 = CARTESIAN_POINT('',(-4.262278595423E-16,-5.48,0.));
#21102 = DIRECTION('',(-0.707106781187,-0.707106781187,0.));
#21103 = DIRECTION('',(-0.707106781187,0.707106781187,0.));
#21104 = ADVANCED_FACE('',(#21105),#21121,.F.);
#21105 = FACE_BOUND('',#21106,.F.);
#21106 = EDGE_LOOP('',(#21107,#21113,#21114,#21120));
#21107 = ORIENTED_EDGE('',*,*,#21108,.T.);
#21108 = EDGE_CURVE('',#17030,#18475,#21109,.T.);
#21109 = LINE('',#21110,#21111);
#21110 = CARTESIAN_POINT('',(-0.4,-2.54,0.));
#21111 = VECTOR('',#21112,1.);
#21112 = DIRECTION('',(0.,0.,1.));
#21113 = ORIENTED_EDGE('',*,*,#18482,.T.);
#21114 = ORIENTED_EDGE('',*,*,#21115,.F.);
#21115 = EDGE_CURVE('',#17032,#18483,#21116,.T.);
#21116 = LINE('',#21117,#21118);
#21117 = CARTESIAN_POINT('',(-4.40394464E-16,-2.14,0.));
#21118 = VECTOR('',#21119,1.);
#21119 = DIRECTION('',(0.,0.,1.));
#21120 = ORIENTED_EDGE('',*,*,#17029,.F.);
#21121 = PLANE('',#21122);
#21122 = AXIS2_PLACEMENT_3D('',#21123,#21124,#21125);
#21123 = CARTESIAN_POINT('',(-0.4,-2.54,0.));
#21124 = DIRECTION('',(-0.707106781187,0.707106781187,0.));
#21125 = DIRECTION('',(0.707106781187,0.707106781187,0.));
#21126 = ADVANCED_FACE('',(#21127),#21138,.F.);
#21127 = FACE_BOUND('',#21128,.F.);
#21128 = EDGE_LOOP('',(#21129,#21130,#21131,#21137));
#21129 = ORIENTED_EDGE('',*,*,#21115,.T.);
#21130 = ORIENTED_EDGE('',*,*,#18490,.T.);
#21131 = ORIENTED_EDGE('',*,*,#21132,.F.);
#21132 = EDGE_CURVE('',#17048,#18491,#21133,.T.);
#21133 = LINE('',#21134,#21135);
#21134 = CARTESIAN_POINT('',(0.4,-2.54,0.));
#21135 = VECTOR('',#21136,1.);
#21136 = DIRECTION('',(0.,0.,1.));
#21137 = ORIENTED_EDGE('',*,*,#17055,.F.);
#21138 = PLANE('',#21139);
#21139 = AXIS2_PLACEMENT_3D('',#21140,#21141,#21142);
#21140 = CARTESIAN_POINT('',(-4.366997195189E-16,-2.14,0.));
#21141 = DIRECTION('',(0.707106781187,0.707106781187,0.));
#21142 = DIRECTION('',(0.707106781187,-0.707106781187,0.));
#21143 = ADVANCED_FACE('',(#21144),#21155,.F.);
#21144 = FACE_BOUND('',#21145,.F.);
#21145 = EDGE_LOOP('',(#21146,#21147,#21148,#21154));
#21146 = ORIENTED_EDGE('',*,*,#21132,.T.);
#21147 = ORIENTED_EDGE('',*,*,#18498,.T.);
#21148 = ORIENTED_EDGE('',*,*,#21149,.F.);
#21149 = EDGE_CURVE('',#17040,#18473,#21150,.T.);
#21150 = LINE('',#21151,#21152);
#21151 = CARTESIAN_POINT('',(-4.351585381868E-16,-2.94,0.));
#21152 = VECTOR('',#21153,1.);
#21153 = DIRECTION('',(0.,0.,1.));
#21154 = ORIENTED_EDGE('',*,*,#17047,.F.);
#21155 = PLANE('',#21156);
#21156 = AXIS2_PLACEMENT_3D('',#21157,#21158,#21159);
#21157 = CARTESIAN_POINT('',(0.4,-2.54,0.));
#21158 = DIRECTION('',(0.707106781187,-0.707106781187,0.));
#21159 = DIRECTION('',(-0.707106781187,-0.707106781187,0.));
#21160 = ADVANCED_FACE('',(#21161),#21167,.F.);
#21161 = FACE_BOUND('',#21162,.F.);
#21162 = EDGE_LOOP('',(#21163,#21164,#21165,#21166));
#21163 = ORIENTED_EDGE('',*,*,#21149,.T.);
#21164 = ORIENTED_EDGE('',*,*,#18472,.T.);
#21165 = ORIENTED_EDGE('',*,*,#21108,.F.);
#21166 = ORIENTED_EDGE('',*,*,#17039,.F.);
#21167 = PLANE('',#21168);
#21168 = AXIS2_PLACEMENT_3D('',#21169,#21170,#21171);
#21169 = CARTESIAN_POINT('',(-4.262278595423E-16,-2.94,0.));
#21170 = DIRECTION('',(-0.707106781187,-0.707106781187,0.));
#21171 = DIRECTION('',(-0.707106781187,0.707106781187,0.));
#21172 = ADVANCED_FACE('',(#21173),#21189,.F.);
#21173 = FACE_BOUND('',#21174,.F.);
#21174 = EDGE_LOOP('',(#21175,#21181,#21182,#21188));
#21175 = ORIENTED_EDGE('',*,*,#21176,.T.);
#21176 = EDGE_CURVE('',#17064,#18509,#21177,.T.);
#21177 = LINE('',#21178,#21179);
#21178 = CARTESIAN_POINT('',(-0.4,0.,0.));
#21179 = VECTOR('',#21180,1.);
#21180 = DIRECTION('',(0.,0.,1.));
#21181 = ORIENTED_EDGE('',*,*,#18516,.T.);
#21182 = ORIENTED_EDGE('',*,*,#21183,.F.);
#21183 = EDGE_CURVE('',#17066,#18517,#21184,.T.);
#21184 = LINE('',#21185,#21186);
#21185 = CARTESIAN_POINT('',(-4.40394464E-16,0.4,0.));
#21186 = VECTOR('',#21187,1.);
#21187 = DIRECTION('',(0.,0.,1.));
#21188 = ORIENTED_EDGE('',*,*,#17063,.F.);
#21189 = PLANE('',#21190);
#21190 = AXIS2_PLACEMENT_3D('',#21191,#21192,#21193);
#21191 = CARTESIAN_POINT('',(-0.4,0.,0.));
#21192 = DIRECTION('',(-0.707106781187,0.707106781187,0.));
#21193 = DIRECTION('',(0.707106781187,0.707106781187,0.));
#21194 = ADVANCED_FACE('',(#21195),#21206,.F.);
#21195 = FACE_BOUND('',#21196,.F.);
#21196 = EDGE_LOOP('',(#21197,#21198,#21199,#21205));
#21197 = ORIENTED_EDGE('',*,*,#21183,.T.);
#21198 = ORIENTED_EDGE('',*,*,#18524,.T.);
#21199 = ORIENTED_EDGE('',*,*,#21200,.F.);
#21200 = EDGE_CURVE('',#17082,#18525,#21201,.T.);
#21201 = LINE('',#21202,#21203);
#21202 = CARTESIAN_POINT('',(0.4,0.,0.));
#21203 = VECTOR('',#21204,1.);
#21204 = DIRECTION('',(0.,0.,1.));
#21205 = ORIENTED_EDGE('',*,*,#17089,.F.);
#21206 = PLANE('',#21207);
#21207 = AXIS2_PLACEMENT_3D('',#21208,#21209,#21210);
#21208 = CARTESIAN_POINT('',(-4.366997195189E-16,0.4,0.));
#21209 = DIRECTION('',(0.707106781187,0.707106781187,0.));
#21210 = DIRECTION('',(0.707106781187,-0.707106781187,0.));
#21211 = ADVANCED_FACE('',(#21212),#21223,.F.);
#21212 = FACE_BOUND('',#21213,.F.);
#21213 = EDGE_LOOP('',(#21214,#21215,#21216,#21222));
#21214 = ORIENTED_EDGE('',*,*,#21200,.T.);
#21215 = ORIENTED_EDGE('',*,*,#18532,.T.);
#21216 = ORIENTED_EDGE('',*,*,#21217,.F.);
#21217 = EDGE_CURVE('',#17074,#18507,#21218,.T.);
#21218 = LINE('',#21219,#21220);
#21219 = CARTESIAN_POINT('',(-4.351585381868E-16,-0.4,0.));
#21220 = VECTOR('',#21221,1.);
#21221 = DIRECTION('',(0.,0.,1.));
#21222 = ORIENTED_EDGE('',*,*,#17081,.F.);
#21223 = PLANE('',#21224);
#21224 = AXIS2_PLACEMENT_3D('',#21225,#21226,#21227);
#21225 = CARTESIAN_POINT('',(0.4,0.,0.));
#21226 = DIRECTION('',(0.707106781187,-0.707106781187,0.));
#21227 = DIRECTION('',(-0.707106781187,-0.707106781187,0.));
#21228 = ADVANCED_FACE('',(#21229),#21235,.F.);
#21229 = FACE_BOUND('',#21230,.F.);
#21230 = EDGE_LOOP('',(#21231,#21232,#21233,#21234));
#21231 = ORIENTED_EDGE('',*,*,#21217,.T.);
#21232 = ORIENTED_EDGE('',*,*,#18506,.T.);
#21233 = ORIENTED_EDGE('',*,*,#21176,.F.);
#21234 = ORIENTED_EDGE('',*,*,#17073,.F.);
#21235 = PLANE('',#21236);
#21236 = AXIS2_PLACEMENT_3D('',#21237,#21238,#21239);
#21237 = CARTESIAN_POINT('',(-4.262278595423E-16,-0.4,0.));
#21238 = DIRECTION('',(-0.707106781187,-0.707106781187,0.));
#21239 = DIRECTION('',(-0.707106781187,0.707106781187,0.));
#21240 = ADVANCED_FACE('',(#21241),#21257,.F.);
#21241 = FACE_BOUND('',#21242,.F.);
#21242 = EDGE_LOOP('',(#21243,#21249,#21250,#21256));
#21243 = ORIENTED_EDGE('',*,*,#21244,.T.);
#21244 = EDGE_CURVE('',#17098,#18543,#21245,.T.);
#21245 = LINE('',#21246,#21247);
#21246 = CARTESIAN_POINT('',(-0.4,2.54,0.));
#21247 = VECTOR('',#21248,1.);
#21248 = DIRECTION('',(0.,0.,1.));
#21249 = ORIENTED_EDGE('',*,*,#18550,.T.);
#21250 = ORIENTED_EDGE('',*,*,#21251,.F.);
#21251 = EDGE_CURVE('',#17100,#18551,#21252,.T.);
#21252 = LINE('',#21253,#21254);
#21253 = CARTESIAN_POINT('',(-4.40394464E-16,2.94,0.));
#21254 = VECTOR('',#21255,1.);
#21255 = DIRECTION('',(0.,0.,1.));
#21256 = ORIENTED_EDGE('',*,*,#17097,.F.);
#21257 = PLANE('',#21258);
#21258 = AXIS2_PLACEMENT_3D('',#21259,#21260,#21261);
#21259 = CARTESIAN_POINT('',(-0.4,2.54,0.));
#21260 = DIRECTION('',(-0.707106781187,0.707106781187,0.));
#21261 = DIRECTION('',(0.707106781187,0.707106781187,0.));
#21262 = ADVANCED_FACE('',(#21263),#21274,.F.);
#21263 = FACE_BOUND('',#21264,.F.);
#21264 = EDGE_LOOP('',(#21265,#21266,#21267,#21273));
#21265 = ORIENTED_EDGE('',*,*,#21251,.T.);
#21266 = ORIENTED_EDGE('',*,*,#18558,.T.);
#21267 = ORIENTED_EDGE('',*,*,#21268,.F.);
#21268 = EDGE_CURVE('',#17116,#18559,#21269,.T.);
#21269 = LINE('',#21270,#21271);
#21270 = CARTESIAN_POINT('',(0.4,2.54,0.));
#21271 = VECTOR('',#21272,1.);
#21272 = DIRECTION('',(0.,0.,1.));
#21273 = ORIENTED_EDGE('',*,*,#17123,.F.);
#21274 = PLANE('',#21275);
#21275 = AXIS2_PLACEMENT_3D('',#21276,#21277,#21278);
#21276 = CARTESIAN_POINT('',(-4.366997195189E-16,2.94,0.));
#21277 = DIRECTION('',(0.707106781187,0.707106781187,0.));
#21278 = DIRECTION('',(0.707106781187,-0.707106781187,0.));
#21279 = ADVANCED_FACE('',(#21280),#21291,.F.);
#21280 = FACE_BOUND('',#21281,.F.);
#21281 = EDGE_LOOP('',(#21282,#21283,#21284,#21290));
#21282 = ORIENTED_EDGE('',*,*,#21268,.T.);
#21283 = ORIENTED_EDGE('',*,*,#18566,.T.);
#21284 = ORIENTED_EDGE('',*,*,#21285,.F.);
#21285 = EDGE_CURVE('',#17108,#18541,#21286,.T.);
#21286 = LINE('',#21287,#21288);
#21287 = CARTESIAN_POINT('',(-4.351585381868E-16,2.14,0.));
#21288 = VECTOR('',#21289,1.);
#21289 = DIRECTION('',(0.,0.,1.));
#21290 = ORIENTED_EDGE('',*,*,#17115,.F.);
#21291 = PLANE('',#21292);
#21292 = AXIS2_PLACEMENT_3D('',#21293,#21294,#21295);
#21293 = CARTESIAN_POINT('',(0.4,2.54,0.));
#21294 = DIRECTION('',(0.707106781187,-0.707106781187,0.));
#21295 = DIRECTION('',(-0.707106781187,-0.707106781187,0.));
#21296 = ADVANCED_FACE('',(#21297),#21303,.F.);
#21297 = FACE_BOUND('',#21298,.F.);
#21298 = EDGE_LOOP('',(#21299,#21300,#21301,#21302));
#21299 = ORIENTED_EDGE('',*,*,#21285,.T.);
#21300 = ORIENTED_EDGE('',*,*,#18540,.T.);
#21301 = ORIENTED_EDGE('',*,*,#21244,.F.);
#21302 = ORIENTED_EDGE('',*,*,#17107,.F.);
#21303 = PLANE('',#21304);
#21304 = AXIS2_PLACEMENT_3D('',#21305,#21306,#21307);
#21305 = CARTESIAN_POINT('',(-4.262278595423E-16,2.14,0.));
#21306 = DIRECTION('',(-0.707106781187,-0.707106781187,0.));
#21307 = DIRECTION('',(-0.707106781187,0.707106781187,0.));
#21308 = ADVANCED_FACE('',(#21309),#21325,.F.);
#21309 = FACE_BOUND('',#21310,.F.);
#21310 = EDGE_LOOP('',(#21311,#21317,#21318,#21324));
#21311 = ORIENTED_EDGE('',*,*,#21312,.T.);
#21312 = EDGE_CURVE('',#17132,#18577,#21313,.T.);
#21313 = LINE('',#21314,#21315);
#21314 = CARTESIAN_POINT('',(-0.4,5.08,0.));
#21315 = VECTOR('',#21316,1.);
#21316 = DIRECTION('',(0.,0.,1.));
#21317 = ORIENTED_EDGE('',*,*,#18584,.T.);
#21318 = ORIENTED_EDGE('',*,*,#21319,.F.);
#21319 = EDGE_CURVE('',#17134,#18585,#21320,.T.);
#21320 = LINE('',#21321,#21322);
#21321 = CARTESIAN_POINT('',(-4.40394464E-16,5.48,0.));
#21322 = VECTOR('',#21323,1.);
#21323 = DIRECTION('',(0.,0.,1.));
#21324 = ORIENTED_EDGE('',*,*,#17131,.F.);
#21325 = PLANE('',#21326);
#21326 = AXIS2_PLACEMENT_3D('',#21327,#21328,#21329);
#21327 = CARTESIAN_POINT('',(-0.4,5.08,0.));
#21328 = DIRECTION('',(-0.707106781187,0.707106781187,0.));
#21329 = DIRECTION('',(0.707106781187,0.707106781187,0.));
#21330 = ADVANCED_FACE('',(#21331),#21342,.F.);
#21331 = FACE_BOUND('',#21332,.F.);
#21332 = EDGE_LOOP('',(#21333,#21334,#21335,#21341));
#21333 = ORIENTED_EDGE('',*,*,#21319,.T.);
#21334 = ORIENTED_EDGE('',*,*,#18592,.T.);
#21335 = ORIENTED_EDGE('',*,*,#21336,.F.);
#21336 = EDGE_CURVE('',#17150,#18593,#21337,.T.);
#21337 = LINE('',#21338,#21339);
#21338 = CARTESIAN_POINT('',(0.4,5.08,0.));
#21339 = VECTOR('',#21340,1.);
#21340 = DIRECTION('',(0.,0.,1.));
#21341 = ORIENTED_EDGE('',*,*,#17157,.F.);
#21342 = PLANE('',#21343);
#21343 = AXIS2_PLACEMENT_3D('',#21344,#21345,#21346);
#21344 = CARTESIAN_POINT('',(-4.366997195189E-16,5.48,0.));
#21345 = DIRECTION('',(0.707106781187,0.707106781187,0.));
#21346 = DIRECTION('',(0.707106781187,-0.707106781187,0.));
#21347 = ADVANCED_FACE('',(#21348),#21359,.F.);
#21348 = FACE_BOUND('',#21349,.F.);
#21349 = EDGE_LOOP('',(#21350,#21351,#21352,#21358));
#21350 = ORIENTED_EDGE('',*,*,#21336,.T.);
#21351 = ORIENTED_EDGE('',*,*,#18600,.T.);
#21352 = ORIENTED_EDGE('',*,*,#21353,.F.);
#21353 = EDGE_CURVE('',#17142,#18575,#21354,.T.);
#21354 = LINE('',#21355,#21356);
#21355 = CARTESIAN_POINT('',(-4.351585381868E-16,4.68,0.));
#21356 = VECTOR('',#21357,1.);
#21357 = DIRECTION('',(0.,0.,1.));
#21358 = ORIENTED_EDGE('',*,*,#17149,.F.);
#21359 = PLANE('',#21360);
#21360 = AXIS2_PLACEMENT_3D('',#21361,#21362,#21363);
#21361 = CARTESIAN_POINT('',(0.4,5.08,0.));
#21362 = DIRECTION('',(0.707106781187,-0.707106781187,0.));
#21363 = DIRECTION('',(-0.707106781187,-0.707106781187,0.));
#21364 = ADVANCED_FACE('',(#21365),#21371,.F.);
#21365 = FACE_BOUND('',#21366,.F.);
#21366 = EDGE_LOOP('',(#21367,#21368,#21369,#21370));
#21367 = ORIENTED_EDGE('',*,*,#21353,.T.);
#21368 = ORIENTED_EDGE('',*,*,#18574,.T.);
#21369 = ORIENTED_EDGE('',*,*,#21312,.F.);
#21370 = ORIENTED_EDGE('',*,*,#17141,.F.);
#21371 = PLANE('',#21372);
#21372 = AXIS2_PLACEMENT_3D('',#21373,#21374,#21375);
#21373 = CARTESIAN_POINT('',(-4.262278595423E-16,4.68,0.));
#21374 = DIRECTION('',(-0.707106781187,-0.707106781187,0.));
#21375 = DIRECTION('',(-0.707106781187,0.707106781187,0.));
#21376 = ADVANCED_FACE('',(#21377),#21393,.F.);
#21377 = FACE_BOUND('',#21378,.F.);
#21378 = EDGE_LOOP('',(#21379,#21385,#21386,#21392));
#21379 = ORIENTED_EDGE('',*,*,#21380,.T.);
#21380 = EDGE_CURVE('',#17166,#18611,#21381,.T.);
#21381 = LINE('',#21382,#21383);
#21382 = CARTESIAN_POINT('',(-0.4,7.62,0.));
#21383 = VECTOR('',#21384,1.);
#21384 = DIRECTION('',(0.,0.,1.));
#21385 = ORIENTED_EDGE('',*,*,#18618,.T.);
#21386 = ORIENTED_EDGE('',*,*,#21387,.F.);
#21387 = EDGE_CURVE('',#17168,#18619,#21388,.T.);
#21388 = LINE('',#21389,#21390);
#21389 = CARTESIAN_POINT('',(-4.40394464E-16,8.02,0.));
#21390 = VECTOR('',#21391,1.);
#21391 = DIRECTION('',(0.,0.,1.));
#21392 = ORIENTED_EDGE('',*,*,#17165,.F.);
#21393 = PLANE('',#21394);
#21394 = AXIS2_PLACEMENT_3D('',#21395,#21396,#21397);
#21395 = CARTESIAN_POINT('',(-0.4,7.62,0.));
#21396 = DIRECTION('',(-0.707106781187,0.707106781187,0.));
#21397 = DIRECTION('',(0.707106781187,0.707106781187,0.));
#21398 = ADVANCED_FACE('',(#21399),#21410,.F.);
#21399 = FACE_BOUND('',#21400,.F.);
#21400 = EDGE_LOOP('',(#21401,#21402,#21403,#21409));
#21401 = ORIENTED_EDGE('',*,*,#21387,.T.);
#21402 = ORIENTED_EDGE('',*,*,#18626,.T.);
#21403 = ORIENTED_EDGE('',*,*,#21404,.F.);
#21404 = EDGE_CURVE('',#17184,#18627,#21405,.T.);
#21405 = LINE('',#21406,#21407);
#21406 = CARTESIAN_POINT('',(0.4,7.62,0.));
#21407 = VECTOR('',#21408,1.);
#21408 = DIRECTION('',(0.,0.,1.));
#21409 = ORIENTED_EDGE('',*,*,#17191,.F.);
#21410 = PLANE('',#21411);
#21411 = AXIS2_PLACEMENT_3D('',#21412,#21413,#21414);
#21412 = CARTESIAN_POINT('',(-4.366997195189E-16,8.02,0.));
#21413 = DIRECTION('',(0.707106781187,0.707106781187,0.));
#21414 = DIRECTION('',(0.707106781187,-0.707106781187,0.));
#21415 = ADVANCED_FACE('',(#21416),#21427,.F.);
#21416 = FACE_BOUND('',#21417,.F.);
#21417 = EDGE_LOOP('',(#21418,#21419,#21420,#21426));
#21418 = ORIENTED_EDGE('',*,*,#21404,.T.);
#21419 = ORIENTED_EDGE('',*,*,#18634,.T.);
#21420 = ORIENTED_EDGE('',*,*,#21421,.F.);
#21421 = EDGE_CURVE('',#17176,#18609,#21422,.T.);
#21422 = LINE('',#21423,#21424);
#21423 = CARTESIAN_POINT('',(-4.351585381868E-16,7.22,0.));
#21424 = VECTOR('',#21425,1.);
#21425 = DIRECTION('',(0.,0.,1.));
#21426 = ORIENTED_EDGE('',*,*,#17183,.F.);
#21427 = PLANE('',#21428);
#21428 = AXIS2_PLACEMENT_3D('',#21429,#21430,#21431);
#21429 = CARTESIAN_POINT('',(0.4,7.62,0.));
#21430 = DIRECTION('',(0.707106781187,-0.707106781187,0.));
#21431 = DIRECTION('',(-0.707106781187,-0.707106781187,0.));
#21432 = ADVANCED_FACE('',(#21433),#21439,.F.);
#21433 = FACE_BOUND('',#21434,.F.);
#21434 = EDGE_LOOP('',(#21435,#21436,#21437,#21438));
#21435 = ORIENTED_EDGE('',*,*,#21421,.T.);
#21436 = ORIENTED_EDGE('',*,*,#18608,.T.);
#21437 = ORIENTED_EDGE('',*,*,#21380,.F.);
#21438 = ORIENTED_EDGE('',*,*,#17175,.F.);
#21439 = PLANE('',#21440);
#21440 = AXIS2_PLACEMENT_3D('',#21441,#21442,#21443);
#21441 = CARTESIAN_POINT('',(-4.262278595423E-16,7.22,0.));
#21442 = DIRECTION('',(-0.707106781187,-0.707106781187,0.));
#21443 = DIRECTION('',(-0.707106781187,0.707106781187,0.));
#21444 = ADVANCED_FACE('',(#21445),#21461,.F.);
#21445 = FACE_BOUND('',#21446,.F.);
#21446 = EDGE_LOOP('',(#21447,#21453,#21454,#21460));
#21447 = ORIENTED_EDGE('',*,*,#21448,.T.);
#21448 = EDGE_CURVE('',#17200,#18645,#21449,.T.);
#21449 = LINE('',#21450,#21451);
#21450 = CARTESIAN_POINT('',(-0.4,10.16,0.));
#21451 = VECTOR('',#21452,1.);
#21452 = DIRECTION('',(0.,0.,1.));
#21453 = ORIENTED_EDGE('',*,*,#18652,.T.);
#21454 = ORIENTED_EDGE('',*,*,#21455,.F.);
#21455 = EDGE_CURVE('',#17202,#18653,#21456,.T.);
#21456 = LINE('',#21457,#21458);
#21457 = CARTESIAN_POINT('',(-4.40394464E-16,10.56,0.));
#21458 = VECTOR('',#21459,1.);
#21459 = DIRECTION('',(0.,0.,1.));
#21460 = ORIENTED_EDGE('',*,*,#17199,.F.);
#21461 = PLANE('',#21462);
#21462 = AXIS2_PLACEMENT_3D('',#21463,#21464,#21465);
#21463 = CARTESIAN_POINT('',(-0.4,10.16,0.));
#21464 = DIRECTION('',(-0.707106781187,0.707106781187,0.));
#21465 = DIRECTION('',(0.707106781187,0.707106781187,0.));
#21466 = ADVANCED_FACE('',(#21467),#21478,.F.);
#21467 = FACE_BOUND('',#21468,.F.);
#21468 = EDGE_LOOP('',(#21469,#21470,#21471,#21477));
#21469 = ORIENTED_EDGE('',*,*,#21455,.T.);
#21470 = ORIENTED_EDGE('',*,*,#18660,.T.);
#21471 = ORIENTED_EDGE('',*,*,#21472,.F.);
#21472 = EDGE_CURVE('',#17218,#18661,#21473,.T.);
#21473 = LINE('',#21474,#21475);
#21474 = CARTESIAN_POINT('',(0.4,10.16,0.));
#21475 = VECTOR('',#21476,1.);
#21476 = DIRECTION('',(0.,0.,1.));
#21477 = ORIENTED_EDGE('',*,*,#17225,.F.);
#21478 = PLANE('',#21479);
#21479 = AXIS2_PLACEMENT_3D('',#21480,#21481,#21482);
#21480 = CARTESIAN_POINT('',(-4.366997195189E-16,10.56,0.));
#21481 = DIRECTION('',(0.707106781187,0.707106781187,0.));
#21482 = DIRECTION('',(0.707106781187,-0.707106781187,0.));
#21483 = ADVANCED_FACE('',(#21484),#21495,.F.);
#21484 = FACE_BOUND('',#21485,.F.);
#21485 = EDGE_LOOP('',(#21486,#21487,#21488,#21494));
#21486 = ORIENTED_EDGE('',*,*,#21472,.T.);
#21487 = ORIENTED_EDGE('',*,*,#18668,.T.);
#21488 = ORIENTED_EDGE('',*,*,#21489,.F.);
#21489 = EDGE_CURVE('',#17210,#18643,#21490,.T.);
#21490 = LINE('',#21491,#21492);
#21491 = CARTESIAN_POINT('',(-4.351585381868E-16,9.76,0.));
#21492 = VECTOR('',#21493,1.);
#21493 = DIRECTION('',(0.,0.,1.));
#21494 = ORIENTED_EDGE('',*,*,#17217,.F.);
#21495 = PLANE('',#21496);
#21496 = AXIS2_PLACEMENT_3D('',#21497,#21498,#21499);
#21497 = CARTESIAN_POINT('',(0.4,10.16,0.));
#21498 = DIRECTION('',(0.707106781187,-0.707106781187,0.));
#21499 = DIRECTION('',(-0.707106781187,-0.707106781187,0.));
#21500 = ADVANCED_FACE('',(#21501),#21507,.F.);
#21501 = FACE_BOUND('',#21502,.F.);
#21502 = EDGE_LOOP('',(#21503,#21504,#21505,#21506));
#21503 = ORIENTED_EDGE('',*,*,#21489,.T.);
#21504 = ORIENTED_EDGE('',*,*,#18642,.T.);
#21505 = ORIENTED_EDGE('',*,*,#21448,.F.);
#21506 = ORIENTED_EDGE('',*,*,#17209,.F.);
#21507 = PLANE('',#21508);
#21508 = AXIS2_PLACEMENT_3D('',#21509,#21510,#21511);
#21509 = CARTESIAN_POINT('',(-4.262278595423E-16,9.76,0.));
#21510 = DIRECTION('',(-0.707106781187,-0.707106781187,0.));
#21511 = DIRECTION('',(-0.707106781187,0.707106781187,0.));
#21512 = ADVANCED_FACE('',(#21513),#21529,.F.);
#21513 = FACE_BOUND('',#21514,.F.);
#21514 = EDGE_LOOP('',(#21515,#21521,#21522,#21528));
#21515 = ORIENTED_EDGE('',*,*,#21516,.T.);
#21516 = EDGE_CURVE('',#17234,#18679,#21517,.T.);
#21517 = LINE('',#21518,#21519);
#21518 = CARTESIAN_POINT('',(-0.4,12.7,0.));
#21519 = VECTOR('',#21520,1.);
#21520 = DIRECTION('',(0.,0.,1.));
#21521 = ORIENTED_EDGE('',*,*,#18686,.T.);
#21522 = ORIENTED_EDGE('',*,*,#21523,.F.);
#21523 = EDGE_CURVE('',#17236,#18687,#21524,.T.);
#21524 = LINE('',#21525,#21526);
#21525 = CARTESIAN_POINT('',(-4.40394464E-16,13.1,0.));
#21526 = VECTOR('',#21527,1.);
#21527 = DIRECTION('',(0.,0.,1.));
#21528 = ORIENTED_EDGE('',*,*,#17233,.F.);
#21529 = PLANE('',#21530);
#21530 = AXIS2_PLACEMENT_3D('',#21531,#21532,#21533);
#21531 = CARTESIAN_POINT('',(-0.4,12.7,0.));
#21532 = DIRECTION('',(-0.707106781187,0.707106781187,0.));
#21533 = DIRECTION('',(0.707106781187,0.707106781187,0.));
#21534 = ADVANCED_FACE('',(#21535),#21546,.F.);
#21535 = FACE_BOUND('',#21536,.F.);
#21536 = EDGE_LOOP('',(#21537,#21538,#21539,#21545));
#21537 = ORIENTED_EDGE('',*,*,#21523,.T.);
#21538 = ORIENTED_EDGE('',*,*,#18694,.T.);
#21539 = ORIENTED_EDGE('',*,*,#21540,.F.);
#21540 = EDGE_CURVE('',#17252,#18695,#21541,.T.);
#21541 = LINE('',#21542,#21543);
#21542 = CARTESIAN_POINT('',(0.4,12.7,0.));
#21543 = VECTOR('',#21544,1.);
#21544 = DIRECTION('',(0.,0.,1.));
#21545 = ORIENTED_EDGE('',*,*,#17259,.F.);
#21546 = PLANE('',#21547);
#21547 = AXIS2_PLACEMENT_3D('',#21548,#21549,#21550);
#21548 = CARTESIAN_POINT('',(-4.366997195189E-16,13.1,0.));
#21549 = DIRECTION('',(0.707106781187,0.707106781187,0.));
#21550 = DIRECTION('',(0.707106781187,-0.707106781187,0.));
#21551 = ADVANCED_FACE('',(#21552),#21563,.F.);
#21552 = FACE_BOUND('',#21553,.F.);
#21553 = EDGE_LOOP('',(#21554,#21555,#21556,#21562));
#21554 = ORIENTED_EDGE('',*,*,#21540,.T.);
#21555 = ORIENTED_EDGE('',*,*,#18702,.T.);
#21556 = ORIENTED_EDGE('',*,*,#21557,.F.);
#21557 = EDGE_CURVE('',#17244,#18677,#21558,.T.);
#21558 = LINE('',#21559,#21560);
#21559 = CARTESIAN_POINT('',(-4.351585381868E-16,12.3,0.));
#21560 = VECTOR('',#21561,1.);
#21561 = DIRECTION('',(0.,0.,1.));
#21562 = ORIENTED_EDGE('',*,*,#17251,.F.);
#21563 = PLANE('',#21564);
#21564 = AXIS2_PLACEMENT_3D('',#21565,#21566,#21567);
#21565 = CARTESIAN_POINT('',(0.4,12.7,0.));
#21566 = DIRECTION('',(0.707106781187,-0.707106781187,0.));
#21567 = DIRECTION('',(-0.707106781187,-0.707106781187,0.));
#21568 = ADVANCED_FACE('',(#21569),#21575,.F.);
#21569 = FACE_BOUND('',#21570,.F.);
#21570 = EDGE_LOOP('',(#21571,#21572,#21573,#21574));
#21571 = ORIENTED_EDGE('',*,*,#21557,.T.);
#21572 = ORIENTED_EDGE('',*,*,#18676,.T.);
#21573 = ORIENTED_EDGE('',*,*,#21516,.F.);
#21574 = ORIENTED_EDGE('',*,*,#17243,.F.);
#21575 = PLANE('',#21576);
#21576 = AXIS2_PLACEMENT_3D('',#21577,#21578,#21579);
#21577 = CARTESIAN_POINT('',(-4.262278595423E-16,12.3,0.));
#21578 = DIRECTION('',(-0.707106781187,-0.707106781187,0.));
#21579 = DIRECTION('',(-0.707106781187,0.707106781187,0.));
#21580 = ADVANCED_FACE('',(#21581),#21597,.F.);
#21581 = FACE_BOUND('',#21582,.F.);
#21582 = EDGE_LOOP('',(#21583,#21589,#21590,#21596));
#21583 = ORIENTED_EDGE('',*,*,#21584,.T.);
#21584 = EDGE_CURVE('',#17268,#18713,#21585,.T.);
#21585 = LINE('',#21586,#21587);
#21586 = CARTESIAN_POINT('',(-0.4,15.24,0.));
#21587 = VECTOR('',#21588,1.);
#21588 = DIRECTION('',(0.,0.,1.));
#21589 = ORIENTED_EDGE('',*,*,#18720,.T.);
#21590 = ORIENTED_EDGE('',*,*,#21591,.F.);
#21591 = EDGE_CURVE('',#17270,#18721,#21592,.T.);
#21592 = LINE('',#21593,#21594);
#21593 = CARTESIAN_POINT('',(-4.40394464E-16,15.64,0.));
#21594 = VECTOR('',#21595,1.);
#21595 = DIRECTION('',(0.,0.,1.));
#21596 = ORIENTED_EDGE('',*,*,#17267,.F.);
#21597 = PLANE('',#21598);
#21598 = AXIS2_PLACEMENT_3D('',#21599,#21600,#21601);
#21599 = CARTESIAN_POINT('',(-0.4,15.24,0.));
#21600 = DIRECTION('',(-0.707106781187,0.707106781187,0.));
#21601 = DIRECTION('',(0.707106781187,0.707106781187,0.));
#21602 = ADVANCED_FACE('',(#21603),#21614,.F.);
#21603 = FACE_BOUND('',#21604,.F.);
#21604 = EDGE_LOOP('',(#21605,#21606,#21607,#21613));
#21605 = ORIENTED_EDGE('',*,*,#21591,.T.);
#21606 = ORIENTED_EDGE('',*,*,#18728,.T.);
#21607 = ORIENTED_EDGE('',*,*,#21608,.F.);
#21608 = EDGE_CURVE('',#17286,#18729,#21609,.T.);
#21609 = LINE('',#21610,#21611);
#21610 = CARTESIAN_POINT('',(0.4,15.24,0.));
#21611 = VECTOR('',#21612,1.);
#21612 = DIRECTION('',(0.,0.,1.));
#21613 = ORIENTED_EDGE('',*,*,#17293,.F.);
#21614 = PLANE('',#21615);
#21615 = AXIS2_PLACEMENT_3D('',#21616,#21617,#21618);
#21616 = CARTESIAN_POINT('',(-4.366997195189E-16,15.64,0.));
#21617 = DIRECTION('',(0.707106781187,0.707106781187,0.));
#21618 = DIRECTION('',(0.707106781187,-0.707106781187,0.));
#21619 = ADVANCED_FACE('',(#21620),#21631,.F.);
#21620 = FACE_BOUND('',#21621,.F.);
#21621 = EDGE_LOOP('',(#21622,#21623,#21624,#21630));
#21622 = ORIENTED_EDGE('',*,*,#21608,.T.);
#21623 = ORIENTED_EDGE('',*,*,#18736,.T.);
#21624 = ORIENTED_EDGE('',*,*,#21625,.F.);
#21625 = EDGE_CURVE('',#17278,#18711,#21626,.T.);
#21626 = LINE('',#21627,#21628);
#21627 = CARTESIAN_POINT('',(-4.351585381868E-16,14.84,0.));
#21628 = VECTOR('',#21629,1.);
#21629 = DIRECTION('',(0.,0.,1.));
#21630 = ORIENTED_EDGE('',*,*,#17285,.F.);
#21631 = PLANE('',#21632);
#21632 = AXIS2_PLACEMENT_3D('',#21633,#21634,#21635);
#21633 = CARTESIAN_POINT('',(0.4,15.24,0.));
#21634 = DIRECTION('',(0.707106781187,-0.707106781187,0.));
#21635 = DIRECTION('',(-0.707106781187,-0.707106781187,0.));
#21636 = ADVANCED_FACE('',(#21637),#21643,.F.);
#21637 = FACE_BOUND('',#21638,.F.);
#21638 = EDGE_LOOP('',(#21639,#21640,#21641,#21642));
#21639 = ORIENTED_EDGE('',*,*,#21625,.T.);
#21640 = ORIENTED_EDGE('',*,*,#18710,.T.);
#21641 = ORIENTED_EDGE('',*,*,#21584,.F.);
#21642 = ORIENTED_EDGE('',*,*,#17277,.F.);
#21643 = PLANE('',#21644);
#21644 = AXIS2_PLACEMENT_3D('',#21645,#21646,#21647);
#21645 = CARTESIAN_POINT('',(-4.262278595423E-16,14.84,0.));
#21646 = DIRECTION('',(-0.707106781187,-0.707106781187,0.));
#21647 = DIRECTION('',(-0.707106781187,0.707106781187,0.));
#21648 = ADVANCED_FACE('',(#21649),#21665,.F.);
#21649 = FACE_BOUND('',#21650,.F.);
#21650 = EDGE_LOOP('',(#21651,#21657,#21658,#21664));
#21651 = ORIENTED_EDGE('',*,*,#21652,.T.);
#21652 = EDGE_CURVE('',#17302,#18747,#21653,.T.);
#21653 = LINE('',#21654,#21655);
#21654 = CARTESIAN_POINT('',(-0.4,17.78,0.));
#21655 = VECTOR('',#21656,1.);
#21656 = DIRECTION('',(0.,0.,1.));
#21657 = ORIENTED_EDGE('',*,*,#18754,.T.);
#21658 = ORIENTED_EDGE('',*,*,#21659,.F.);
#21659 = EDGE_CURVE('',#17304,#18755,#21660,.T.);
#21660 = LINE('',#21661,#21662);
#21661 = CARTESIAN_POINT('',(-4.40394464E-16,18.18,0.));
#21662 = VECTOR('',#21663,1.);
#21663 = DIRECTION('',(0.,0.,1.));
#21664 = ORIENTED_EDGE('',*,*,#17301,.F.);
#21665 = PLANE('',#21666);
#21666 = AXIS2_PLACEMENT_3D('',#21667,#21668,#21669);
#21667 = CARTESIAN_POINT('',(-0.4,17.78,0.));
#21668 = DIRECTION('',(-0.707106781187,0.707106781187,0.));
#21669 = DIRECTION('',(0.707106781187,0.707106781187,0.));
#21670 = ADVANCED_FACE('',(#21671),#21682,.F.);
#21671 = FACE_BOUND('',#21672,.F.);
#21672 = EDGE_LOOP('',(#21673,#21674,#21675,#21681));
#21673 = ORIENTED_EDGE('',*,*,#21659,.T.);
#21674 = ORIENTED_EDGE('',*,*,#18762,.T.);
#21675 = ORIENTED_EDGE('',*,*,#21676,.F.);
#21676 = EDGE_CURVE('',#17320,#18763,#21677,.T.);
#21677 = LINE('',#21678,#21679);
#21678 = CARTESIAN_POINT('',(0.4,17.78,0.));
#21679 = VECTOR('',#21680,1.);
#21680 = DIRECTION('',(0.,0.,1.));
#21681 = ORIENTED_EDGE('',*,*,#17327,.F.);
#21682 = PLANE('',#21683);
#21683 = AXIS2_PLACEMENT_3D('',#21684,#21685,#21686);
#21684 = CARTESIAN_POINT('',(-4.366997195189E-16,18.18,0.));
#21685 = DIRECTION('',(0.707106781187,0.707106781187,0.));
#21686 = DIRECTION('',(0.707106781187,-0.707106781187,0.));
#21687 = ADVANCED_FACE('',(#21688),#21699,.F.);
#21688 = FACE_BOUND('',#21689,.F.);
#21689 = EDGE_LOOP('',(#21690,#21691,#21692,#21698));
#21690 = ORIENTED_EDGE('',*,*,#21676,.T.);
#21691 = ORIENTED_EDGE('',*,*,#18770,.T.);
#21692 = ORIENTED_EDGE('',*,*,#21693,.F.);
#21693 = EDGE_CURVE('',#17312,#18745,#21694,.T.);
#21694 = LINE('',#21695,#21696);
#21695 = CARTESIAN_POINT('',(-4.351585381868E-16,17.38,0.));
#21696 = VECTOR('',#21697,1.);
#21697 = DIRECTION('',(0.,0.,1.));
#21698 = ORIENTED_EDGE('',*,*,#17319,.F.);
#21699 = PLANE('',#21700);
#21700 = AXIS2_PLACEMENT_3D('',#21701,#21702,#21703);
#21701 = CARTESIAN_POINT('',(0.4,17.78,0.));
#21702 = DIRECTION('',(0.707106781187,-0.707106781187,0.));
#21703 = DIRECTION('',(-0.707106781187,-0.707106781187,0.));
#21704 = ADVANCED_FACE('',(#21705),#21711,.F.);
#21705 = FACE_BOUND('',#21706,.F.);
#21706 = EDGE_LOOP('',(#21707,#21708,#21709,#21710));
#21707 = ORIENTED_EDGE('',*,*,#21693,.T.);
#21708 = ORIENTED_EDGE('',*,*,#18744,.T.);
#21709 = ORIENTED_EDGE('',*,*,#21652,.F.);
#21710 = ORIENTED_EDGE('',*,*,#17311,.F.);
#21711 = PLANE('',#21712);
#21712 = AXIS2_PLACEMENT_3D('',#21713,#21714,#21715);
#21713 = CARTESIAN_POINT('',(-4.262278595423E-16,17.38,0.));
#21714 = DIRECTION('',(-0.707106781187,-0.707106781187,0.));
#21715 = DIRECTION('',(-0.707106781187,0.707106781187,0.));
#21716 = ADVANCED_FACE('',(#21717),#21733,.F.);
#21717 = FACE_BOUND('',#21718,.F.);
#21718 = EDGE_LOOP('',(#21719,#21725,#21726,#21732));
#21719 = ORIENTED_EDGE('',*,*,#21720,.T.);
#21720 = EDGE_CURVE('',#17336,#18781,#21721,.T.);
#21721 = LINE('',#21722,#21723);
#21722 = CARTESIAN_POINT('',(-0.4,20.32,0.));
#21723 = VECTOR('',#21724,1.);
#21724 = DIRECTION('',(0.,0.,1.));
#21725 = ORIENTED_EDGE('',*,*,#18788,.T.);
#21726 = ORIENTED_EDGE('',*,*,#21727,.F.);
#21727 = EDGE_CURVE('',#17338,#18789,#21728,.T.);
#21728 = LINE('',#21729,#21730);
#21729 = CARTESIAN_POINT('',(-4.40394464E-16,20.72,0.));
#21730 = VECTOR('',#21731,1.);
#21731 = DIRECTION('',(0.,0.,1.));
#21732 = ORIENTED_EDGE('',*,*,#17335,.F.);
#21733 = PLANE('',#21734);
#21734 = AXIS2_PLACEMENT_3D('',#21735,#21736,#21737);
#21735 = CARTESIAN_POINT('',(-0.4,20.32,0.));
#21736 = DIRECTION('',(-0.707106781187,0.707106781187,0.));
#21737 = DIRECTION('',(0.707106781187,0.707106781187,0.));
#21738 = ADVANCED_FACE('',(#21739),#21750,.F.);
#21739 = FACE_BOUND('',#21740,.F.);
#21740 = EDGE_LOOP('',(#21741,#21742,#21743,#21749));
#21741 = ORIENTED_EDGE('',*,*,#21727,.T.);
#21742 = ORIENTED_EDGE('',*,*,#18796,.T.);
#21743 = ORIENTED_EDGE('',*,*,#21744,.F.);
#21744 = EDGE_CURVE('',#17354,#18797,#21745,.T.);
#21745 = LINE('',#21746,#21747);
#21746 = CARTESIAN_POINT('',(0.4,20.32,0.));
#21747 = VECTOR('',#21748,1.);
#21748 = DIRECTION('',(0.,0.,1.));
#21749 = ORIENTED_EDGE('',*,*,#17361,.F.);
#21750 = PLANE('',#21751);
#21751 = AXIS2_PLACEMENT_3D('',#21752,#21753,#21754);
#21752 = CARTESIAN_POINT('',(-4.366997195189E-16,20.72,0.));
#21753 = DIRECTION('',(0.707106781187,0.707106781187,0.));
#21754 = DIRECTION('',(0.707106781187,-0.707106781187,0.));
#21755 = ADVANCED_FACE('',(#21756),#21767,.F.);
#21756 = FACE_BOUND('',#21757,.F.);
#21757 = EDGE_LOOP('',(#21758,#21759,#21760,#21766));
#21758 = ORIENTED_EDGE('',*,*,#21744,.T.);
#21759 = ORIENTED_EDGE('',*,*,#18804,.T.);
#21760 = ORIENTED_EDGE('',*,*,#21761,.F.);
#21761 = EDGE_CURVE('',#17346,#18779,#21762,.T.);
#21762 = LINE('',#21763,#21764);
#21763 = CARTESIAN_POINT('',(-4.351585381868E-16,19.92,0.));
#21764 = VECTOR('',#21765,1.);
#21765 = DIRECTION('',(0.,0.,1.));
#21766 = ORIENTED_EDGE('',*,*,#17353,.F.);
#21767 = PLANE('',#21768);
#21768 = AXIS2_PLACEMENT_3D('',#21769,#21770,#21771);
#21769 = CARTESIAN_POINT('',(0.4,20.32,0.));
#21770 = DIRECTION('',(0.707106781187,-0.707106781187,0.));
#21771 = DIRECTION('',(-0.707106781187,-0.707106781187,0.));
#21772 = ADVANCED_FACE('',(#21773),#21779,.F.);
#21773 = FACE_BOUND('',#21774,.F.);
#21774 = EDGE_LOOP('',(#21775,#21776,#21777,#21778));
#21775 = ORIENTED_EDGE('',*,*,#21761,.T.);
#21776 = ORIENTED_EDGE('',*,*,#18778,.T.);
#21777 = ORIENTED_EDGE('',*,*,#21720,.F.);
#21778 = ORIENTED_EDGE('',*,*,#17345,.F.);
#21779 = PLANE('',#21780);
#21780 = AXIS2_PLACEMENT_3D('',#21781,#21782,#21783);
#21781 = CARTESIAN_POINT('',(-4.262278595423E-16,19.92,0.));
#21782 = DIRECTION('',(-0.707106781187,-0.707106781187,0.));
#21783 = DIRECTION('',(-0.707106781187,0.707106781187,0.));
#21784 = ( GEOMETRIC_REPRESENTATION_CONTEXT(3) 
GLOBAL_UNCERTAINTY_ASSIGNED_CONTEXT((#21788)) 
GLOBAL_UNIT_ASSIGNED_CONTEXT((#21785,#21786,#21787)) 
REPRESENTATION_CONTEXT('Context #1',
  '3D Context with UNIT and UNCERTAINTY') );
#21785 = ( LENGTH_UNIT() NAMED_UNIT(*) SI_UNIT(.MILLI.,.METRE.) );
#21786 = ( NAMED_UNIT(*) PLANE_ANGLE_UNIT() SI_UNIT($,.RADIAN.) );
#21787 = ( NAMED_UNIT(*) SI_UNIT($,.STERADIAN.) SOLID_ANGLE_UNIT() );
#21788 = UNCERTAINTY_MEASURE_WITH_UNIT(LENGTH_MEASURE(1.E-07),#21785,
  'distance_accuracy_value','confusion accuracy');
#21789 = CONTEXT_DEPENDENT_SHAPE_REPRESENTATION(#21790,#21792);
#21790 = ( REPRESENTATION_RELATIONSHIP('','',#15823,#10) 
REPRESENTATION_RELATIONSHIP_WITH_TRANSFORMATION(#21791) 
SHAPE_REPRESENTATION_RELATIONSHIP() );
#21791 = ITEM_DEFINED_TRANSFORMATION('','',#11,#19);
#21792 = PRODUCT_DEFINITION_SHAPE('Placement','Placement of an item',
  #21793);
#21793 = NEXT_ASSEMBLY_USAGE_OCCURRENCE('2','PlasticWithMiddleHoles','',
  #5,#15818,$);
#21794 = PRODUCT_RELATED_PRODUCT_CATEGORY('part',$,(#15820));
#21795 = MECHANICAL_DESIGN_GEOMETRIC_PRESENTATION_REPRESENTATION('',(
    #21796),#21784);
#21796 = STYLED_ITEM('color',(#21797),#15824);
#21797 = PRESENTATION_STYLE_ASSIGNMENT((#21798,#21804));
#21798 = SURFACE_STYLE_USAGE(.BOTH.,#21799);
#21799 = SURFACE_SIDE_STYLE('',(#21800));
#21800 = SURFACE_STYLE_FILL_AREA(#21801);
#21801 = FILL_AREA_STYLE('',(#21802));
#21802 = FILL_AREA_STYLE_COLOUR('',#21803);
#21803 = COLOUR_RGB('',0.133333336917,0.133333336917,0.133333336917);
#21804 = CURVE_STYLE('',#21805,POSITIVE_LENGTH_MEASURE(0.1),#21806);
#21805 = DRAUGHTING_PRE_DEFINED_CURVE_FONT('continuous');
#21806 = COLOUR_RGB('',9.803921802644E-02,9.803921802644E-02,
  9.803921802644E-02);
#21807 = MECHANICAL_DESIGN_GEOMETRIC_PRESENTATION_REPRESENTATION('',(
    #21808,#21818,#21827,#21836,#21845,#21854,#21863,#21872,#21881,
    #21890,#21899,#21908,#21917,#21926,#21935,#21944,#21953,#21962,
    #21971,#21980,#21989,#21998,#22007,#22016,#22025,#22034,#22043,
    #22052,#22061,#22070,#22079,#22088,#22097,#22106,#22115,#22124),
  #15805);
#21808 = STYLED_ITEM('color',(#21809),#37);
#21809 = PRESENTATION_STYLE_ASSIGNMENT((#21810,#21816));
#21810 = SURFACE_STYLE_USAGE(.BOTH.,#21811);
#21811 = SURFACE_SIDE_STYLE('',(#21812));
#21812 = SURFACE_STYLE_FILL_AREA(#21813);
#21813 = FILL_AREA_STYLE('',(#21814));
#21814 = FILL_AREA_STYLE_COLOUR('',#21815);
#21815 = COLOUR_RGB('',1.,0.921568637116,0.529411796197);
#21816 = CURVE_STYLE('',#21817,POSITIVE_LENGTH_MEASURE(0.1),#21806);
#21817 = DRAUGHTING_PRE_DEFINED_CURVE_FONT('continuous');
#21818 = STYLED_ITEM('color',(#21819),#475);
#21819 = PRESENTATION_STYLE_ASSIGNMENT((#21820,#21825));
#21820 = SURFACE_STYLE_USAGE(.BOTH.,#21821);
#21821 = SURFACE_SIDE_STYLE('',(#21822));
#21822 = SURFACE_STYLE_FILL_AREA(#21823);
#21823 = FILL_AREA_STYLE('',(#21824));
#21824 = FILL_AREA_STYLE_COLOUR('',#21815);
#21825 = CURVE_STYLE('',#21826,POSITIVE_LENGTH_MEASURE(0.1),#21806);
#21826 = DRAUGHTING_PRE_DEFINED_CURVE_FONT('continuous');
#21827 = STYLED_ITEM('color',(#21828),#913);
#21828 = PRESENTATION_STYLE_ASSIGNMENT((#21829,#21834));
#21829 = SURFACE_STYLE_USAGE(.BOTH.,#21830);
#21830 = SURFACE_SIDE_STYLE('',(#21831));
#21831 = SURFACE_STYLE_FILL_AREA(#21832);
#21832 = FILL_AREA_STYLE('',(#21833));
#21833 = FILL_AREA_STYLE_COLOUR('',#21815);
#21834 = CURVE_STYLE('',#21835,POSITIVE_LENGTH_MEASURE(0.1),#21806);
#21835 = DRAUGHTING_PRE_DEFINED_CURVE_FONT('continuous');
#21836 = STYLED_ITEM('color',(#21837),#1351);
#21837 = PRESENTATION_STYLE_ASSIGNMENT((#21838,#21843));
#21838 = SURFACE_STYLE_USAGE(.BOTH.,#21839);
#21839 = SURFACE_SIDE_STYLE('',(#21840));
#21840 = SURFACE_STYLE_FILL_AREA(#21841);
#21841 = FILL_AREA_STYLE('',(#21842));
#21842 = FILL_AREA_STYLE_COLOUR('',#21815);
#21843 = CURVE_STYLE('',#21844,POSITIVE_LENGTH_MEASURE(0.1),#21806);
#21844 = DRAUGHTING_PRE_DEFINED_CURVE_FONT('continuous');
#21845 = STYLED_ITEM('color',(#21846),#1789);
#21846 = PRESENTATION_STYLE_ASSIGNMENT((#21847,#21852));
#21847 = SURFACE_STYLE_USAGE(.BOTH.,#21848);
#21848 = SURFACE_SIDE_STYLE('',(#21849));
#21849 = SURFACE_STYLE_FILL_AREA(#21850);
#21850 = FILL_AREA_STYLE('',(#21851));
#21851 = FILL_AREA_STYLE_COLOUR('',#21815);
#21852 = CURVE_STYLE('',#21853,POSITIVE_LENGTH_MEASURE(0.1),#21806);
#21853 = DRAUGHTING_PRE_DEFINED_CURVE_FONT('continuous');
#21854 = STYLED_ITEM('color',(#21855),#2227);
#21855 = PRESENTATION_STYLE_ASSIGNMENT((#21856,#21861));
#21856 = SURFACE_STYLE_USAGE(.BOTH.,#21857);
#21857 = SURFACE_SIDE_STYLE('',(#21858));
#21858 = SURFACE_STYLE_FILL_AREA(#21859);
#21859 = FILL_AREA_STYLE('',(#21860));
#21860 = FILL_AREA_STYLE_COLOUR('',#21815);
#21861 = CURVE_STYLE('',#21862,POSITIVE_LENGTH_MEASURE(0.1),#21806);
#21862 = DRAUGHTING_PRE_DEFINED_CURVE_FONT('continuous');
#21863 = STYLED_ITEM('color',(#21864),#2665);
#21864 = PRESENTATION_STYLE_ASSIGNMENT((#21865,#21870));
#21865 = SURFACE_STYLE_USAGE(.BOTH.,#21866);
#21866 = SURFACE_SIDE_STYLE('',(#21867));
#21867 = SURFACE_STYLE_FILL_AREA(#21868);
#21868 = FILL_AREA_STYLE('',(#21869));
#21869 = FILL_AREA_STYLE_COLOUR('',#21815);
#21870 = CURVE_STYLE('',#21871,POSITIVE_LENGTH_MEASURE(0.1),#21806);
#21871 = DRAUGHTING_PRE_DEFINED_CURVE_FONT('continuous');
#21872 = STYLED_ITEM('color',(#21873),#3103);
#21873 = PRESENTATION_STYLE_ASSIGNMENT((#21874,#21879));
#21874 = SURFACE_STYLE_USAGE(.BOTH.,#21875);
#21875 = SURFACE_SIDE_STYLE('',(#21876));
#21876 = SURFACE_STYLE_FILL_AREA(#21877);
#21877 = FILL_AREA_STYLE('',(#21878));
#21878 = FILL_AREA_STYLE_COLOUR('',#21815);
#21879 = CURVE_STYLE('',#21880,POSITIVE_LENGTH_MEASURE(0.1),#21806);
#21880 = DRAUGHTING_PRE_DEFINED_CURVE_FONT('continuous');
#21881 = STYLED_ITEM('color',(#21882),#3541);
#21882 = PRESENTATION_STYLE_ASSIGNMENT((#21883,#21888));
#21883 = SURFACE_STYLE_USAGE(.BOTH.,#21884);
#21884 = SURFACE_SIDE_STYLE('',(#21885));
#21885 = SURFACE_STYLE_FILL_AREA(#21886);
#21886 = FILL_AREA_STYLE('',(#21887));
#21887 = FILL_AREA_STYLE_COLOUR('',#21815);
#21888 = CURVE_STYLE('',#21889,POSITIVE_LENGTH_MEASURE(0.1),#21806);
#21889 = DRAUGHTING_PRE_DEFINED_CURVE_FONT('continuous');
#21890 = STYLED_ITEM('color',(#21891),#3979);
#21891 = PRESENTATION_STYLE_ASSIGNMENT((#21892,#21897));
#21892 = SURFACE_STYLE_USAGE(.BOTH.,#21893);
#21893 = SURFACE_SIDE_STYLE('',(#21894));
#21894 = SURFACE_STYLE_FILL_AREA(#21895);
#21895 = FILL_AREA_STYLE('',(#21896));
#21896 = FILL_AREA_STYLE_COLOUR('',#21815);
#21897 = CURVE_STYLE('',#21898,POSITIVE_LENGTH_MEASURE(0.1),#21806);
#21898 = DRAUGHTING_PRE_DEFINED_CURVE_FONT('continuous');
#21899 = STYLED_ITEM('color',(#21900),#4417);
#21900 = PRESENTATION_STYLE_ASSIGNMENT((#21901,#21906));
#21901 = SURFACE_STYLE_USAGE(.BOTH.,#21902);
#21902 = SURFACE_SIDE_STYLE('',(#21903));
#21903 = SURFACE_STYLE_FILL_AREA(#21904);
#21904 = FILL_AREA_STYLE('',(#21905));
#21905 = FILL_AREA_STYLE_COLOUR('',#21815);
#21906 = CURVE_STYLE('',#21907,POSITIVE_LENGTH_MEASURE(0.1),#21806);
#21907 = DRAUGHTING_PRE_DEFINED_CURVE_FONT('continuous');
#21908 = STYLED_ITEM('color',(#21909),#4855);
#21909 = PRESENTATION_STYLE_ASSIGNMENT((#21910,#21915));
#21910 = SURFACE_STYLE_USAGE(.BOTH.,#21911);
#21911 = SURFACE_SIDE_STYLE('',(#21912));
#21912 = SURFACE_STYLE_FILL_AREA(#21913);
#21913 = FILL_AREA_STYLE('',(#21914));
#21914 = FILL_AREA_STYLE_COLOUR('',#21815);
#21915 = CURVE_STYLE('',#21916,POSITIVE_LENGTH_MEASURE(0.1),#21806);
#21916 = DRAUGHTING_PRE_DEFINED_CURVE_FONT('continuous');
#21917 = STYLED_ITEM('color',(#21918),#5293);
#21918 = PRESENTATION_STYLE_ASSIGNMENT((#21919,#21924));
#21919 = SURFACE_STYLE_USAGE(.BOTH.,#21920);
#21920 = SURFACE_SIDE_STYLE('',(#21921));
#21921 = SURFACE_STYLE_FILL_AREA(#21922);
#21922 = FILL_AREA_STYLE('',(#21923));
#21923 = FILL_AREA_STYLE_COLOUR('',#21815);
#21924 = CURVE_STYLE('',#21925,POSITIVE_LENGTH_MEASURE(0.1),#21806);
#21925 = DRAUGHTING_PRE_DEFINED_CURVE_FONT('continuous');
#21926 = STYLED_ITEM('color',(#21927),#5731);
#21927 = PRESENTATION_STYLE_ASSIGNMENT((#21928,#21933));
#21928 = SURFACE_STYLE_USAGE(.BOTH.,#21929);
#21929 = SURFACE_SIDE_STYLE('',(#21930));
#21930 = SURFACE_STYLE_FILL_AREA(#21931);
#21931 = FILL_AREA_STYLE('',(#21932));
#21932 = FILL_AREA_STYLE_COLOUR('',#21815);
#21933 = CURVE_STYLE('',#21934,POSITIVE_LENGTH_MEASURE(0.1),#21806);
#21934 = DRAUGHTING_PRE_DEFINED_CURVE_FONT('continuous');
#21935 = STYLED_ITEM('color',(#21936),#6169);
#21936 = PRESENTATION_STYLE_ASSIGNMENT((#21937,#21942));
#21937 = SURFACE_STYLE_USAGE(.BOTH.,#21938);
#21938 = SURFACE_SIDE_STYLE('',(#21939));
#21939 = SURFACE_STYLE_FILL_AREA(#21940);
#21940 = FILL_AREA_STYLE('',(#21941));
#21941 = FILL_AREA_STYLE_COLOUR('',#21815);
#21942 = CURVE_STYLE('',#21943,POSITIVE_LENGTH_MEASURE(0.1),#21806);
#21943 = DRAUGHTING_PRE_DEFINED_CURVE_FONT('continuous');
#21944 = STYLED_ITEM('color',(#21945),#6607);
#21945 = PRESENTATION_STYLE_ASSIGNMENT((#21946,#21951));
#21946 = SURFACE_STYLE_USAGE(.BOTH.,#21947);
#21947 = SURFACE_SIDE_STYLE('',(#21948));
#21948 = SURFACE_STYLE_FILL_AREA(#21949);
#21949 = FILL_AREA_STYLE('',(#21950));
#21950 = FILL_AREA_STYLE_COLOUR('',#21815);
#21951 = CURVE_STYLE('',#21952,POSITIVE_LENGTH_MEASURE(0.1),#21806);
#21952 = DRAUGHTING_PRE_DEFINED_CURVE_FONT('continuous');
#21953 = STYLED_ITEM('color',(#21954),#7045);
#21954 = PRESENTATION_STYLE_ASSIGNMENT((#21955,#21960));
#21955 = SURFACE_STYLE_USAGE(.BOTH.,#21956);
#21956 = SURFACE_SIDE_STYLE('',(#21957));
#21957 = SURFACE_STYLE_FILL_AREA(#21958);
#21958 = FILL_AREA_STYLE('',(#21959));
#21959 = FILL_AREA_STYLE_COLOUR('',#21815);
#21960 = CURVE_STYLE('',#21961,POSITIVE_LENGTH_MEASURE(0.1),#21806);
#21961 = DRAUGHTING_PRE_DEFINED_CURVE_FONT('continuous');
#21962 = STYLED_ITEM('color',(#21963),#7483);
#21963 = PRESENTATION_STYLE_ASSIGNMENT((#21964,#21969));
#21964 = SURFACE_STYLE_USAGE(.BOTH.,#21965);
#21965 = SURFACE_SIDE_STYLE('',(#21966));
#21966 = SURFACE_STYLE_FILL_AREA(#21967);
#21967 = FILL_AREA_STYLE('',(#21968));
#21968 = FILL_AREA_STYLE_COLOUR('',#21815);
#21969 = CURVE_STYLE('',#21970,POSITIVE_LENGTH_MEASURE(0.1),#21806);
#21970 = DRAUGHTING_PRE_DEFINED_CURVE_FONT('continuous');
#21971 = STYLED_ITEM('color',(#21972),#7921);
#21972 = PRESENTATION_STYLE_ASSIGNMENT((#21973,#21978));
#21973 = SURFACE_STYLE_USAGE(.BOTH.,#21974);
#21974 = SURFACE_SIDE_STYLE('',(#21975));
#21975 = SURFACE_STYLE_FILL_AREA(#21976);
#21976 = FILL_AREA_STYLE('',(#21977));
#21977 = FILL_AREA_STYLE_COLOUR('',#21815);
#21978 = CURVE_STYLE('',#21979,POSITIVE_LENGTH_MEASURE(0.1),#21806);
#21979 = DRAUGHTING_PRE_DEFINED_CURVE_FONT('continuous');
#21980 = STYLED_ITEM('color',(#21981),#8359);
#21981 = PRESENTATION_STYLE_ASSIGNMENT((#21982,#21987));
#21982 = SURFACE_STYLE_USAGE(.BOTH.,#21983);
#21983 = SURFACE_SIDE_STYLE('',(#21984));
#21984 = SURFACE_STYLE_FILL_AREA(#21985);
#21985 = FILL_AREA_STYLE('',(#21986));
#21986 = FILL_AREA_STYLE_COLOUR('',#21815);
#21987 = CURVE_STYLE('',#21988,POSITIVE_LENGTH_MEASURE(0.1),#21806);
#21988 = DRAUGHTING_PRE_DEFINED_CURVE_FONT('continuous');
#21989 = STYLED_ITEM('color',(#21990),#8797);
#21990 = PRESENTATION_STYLE_ASSIGNMENT((#21991,#21996));
#21991 = SURFACE_STYLE_USAGE(.BOTH.,#21992);
#21992 = SURFACE_SIDE_STYLE('',(#21993));
#21993 = SURFACE_STYLE_FILL_AREA(#21994);
#21994 = FILL_AREA_STYLE('',(#21995));
#21995 = FILL_AREA_STYLE_COLOUR('',#21815);
#21996 = CURVE_STYLE('',#21997,POSITIVE_LENGTH_MEASURE(0.1),#21806);
#21997 = DRAUGHTING_PRE_DEFINED_CURVE_FONT('continuous');
#21998 = STYLED_ITEM('color',(#21999),#9235);
#21999 = PRESENTATION_STYLE_ASSIGNMENT((#22000,#22005));
#22000 = SURFACE_STYLE_USAGE(.BOTH.,#22001);
#22001 = SURFACE_SIDE_STYLE('',(#22002));
#22002 = SURFACE_STYLE_FILL_AREA(#22003);
#22003 = FILL_AREA_STYLE('',(#22004));
#22004 = FILL_AREA_STYLE_COLOUR('',#21815);
#22005 = CURVE_STYLE('',#22006,POSITIVE_LENGTH_MEASURE(0.1),#21806);
#22006 = DRAUGHTING_PRE_DEFINED_CURVE_FONT('continuous');
#22007 = STYLED_ITEM('color',(#22008),#9673);
#22008 = PRESENTATION_STYLE_ASSIGNMENT((#22009,#22014));
#22009 = SURFACE_STYLE_USAGE(.BOTH.,#22010);
#22010 = SURFACE_SIDE_STYLE('',(#22011));
#22011 = SURFACE_STYLE_FILL_AREA(#22012);
#22012 = FILL_AREA_STYLE('',(#22013));
#22013 = FILL_AREA_STYLE_COLOUR('',#21815);
#22014 = CURVE_STYLE('',#22015,POSITIVE_LENGTH_MEASURE(0.1),#21806);
#22015 = DRAUGHTING_PRE_DEFINED_CURVE_FONT('continuous');
#22016 = STYLED_ITEM('color',(#22017),#10111);
#22017 = PRESENTATION_STYLE_ASSIGNMENT((#22018,#22023));
#22018 = SURFACE_STYLE_USAGE(.BOTH.,#22019);
#22019 = SURFACE_SIDE_STYLE('',(#22020));
#22020 = SURFACE_STYLE_FILL_AREA(#22021);
#22021 = FILL_AREA_STYLE('',(#22022));
#22022 = FILL_AREA_STYLE_COLOUR('',#21815);
#22023 = CURVE_STYLE('',#22024,POSITIVE_LENGTH_MEASURE(0.1),#21806);
#22024 = DRAUGHTING_PRE_DEFINED_CURVE_FONT('continuous');
#22025 = STYLED_ITEM('color',(#22026),#10549);
#22026 = PRESENTATION_STYLE_ASSIGNMENT((#22027,#22032));
#22027 = SURFACE_STYLE_USAGE(.BOTH.,#22028);
#22028 = SURFACE_SIDE_STYLE('',(#22029));
#22029 = SURFACE_STYLE_FILL_AREA(#22030);
#22030 = FILL_AREA_STYLE('',(#22031));
#22031 = FILL_AREA_STYLE_COLOUR('',#21815);
#22032 = CURVE_STYLE('',#22033,POSITIVE_LENGTH_MEASURE(0.1),#21806);
#22033 = DRAUGHTING_PRE_DEFINED_CURVE_FONT('continuous');
#22034 = STYLED_ITEM('color',(#22035),#10987);
#22035 = PRESENTATION_STYLE_ASSIGNMENT((#22036,#22041));
#22036 = SURFACE_STYLE_USAGE(.BOTH.,#22037);
#22037 = SURFACE_SIDE_STYLE('',(#22038));
#22038 = SURFACE_STYLE_FILL_AREA(#22039);
#22039 = FILL_AREA_STYLE('',(#22040));
#22040 = FILL_AREA_STYLE_COLOUR('',#21815);
#22041 = CURVE_STYLE('',#22042,POSITIVE_LENGTH_MEASURE(0.1),#21806);
#22042 = DRAUGHTING_PRE_DEFINED_CURVE_FONT('continuous');
#22043 = STYLED_ITEM('color',(#22044),#11425);
#22044 = PRESENTATION_STYLE_ASSIGNMENT((#22045,#22050));
#22045 = SURFACE_STYLE_USAGE(.BOTH.,#22046);
#22046 = SURFACE_SIDE_STYLE('',(#22047));
#22047 = SURFACE_STYLE_FILL_AREA(#22048);
#22048 = FILL_AREA_STYLE('',(#22049));
#22049 = FILL_AREA_STYLE_COLOUR('',#21815);
#22050 = CURVE_STYLE('',#22051,POSITIVE_LENGTH_MEASURE(0.1),#21806);
#22051 = DRAUGHTING_PRE_DEFINED_CURVE_FONT('continuous');
#22052 = STYLED_ITEM('color',(#22053),#11863);
#22053 = PRESENTATION_STYLE_ASSIGNMENT((#22054,#22059));
#22054 = SURFACE_STYLE_USAGE(.BOTH.,#22055);
#22055 = SURFACE_SIDE_STYLE('',(#22056));
#22056 = SURFACE_STYLE_FILL_AREA(#22057);
#22057 = FILL_AREA_STYLE('',(#22058));
#22058 = FILL_AREA_STYLE_COLOUR('',#21815);
#22059 = CURVE_STYLE('',#22060,POSITIVE_LENGTH_MEASURE(0.1),#21806);
#22060 = DRAUGHTING_PRE_DEFINED_CURVE_FONT('continuous');
#22061 = STYLED_ITEM('color',(#22062),#12301);
#22062 = PRESENTATION_STYLE_ASSIGNMENT((#22063,#22068));
#22063 = SURFACE_STYLE_USAGE(.BOTH.,#22064);
#22064 = SURFACE_SIDE_STYLE('',(#22065));
#22065 = SURFACE_STYLE_FILL_AREA(#22066);
#22066 = FILL_AREA_STYLE('',(#22067));
#22067 = FILL_AREA_STYLE_COLOUR('',#21815);
#22068 = CURVE_STYLE('',#22069,POSITIVE_LENGTH_MEASURE(0.1),#21806);
#22069 = DRAUGHTING_PRE_DEFINED_CURVE_FONT('continuous');
#22070 = STYLED_ITEM('color',(#22071),#12739);
#22071 = PRESENTATION_STYLE_ASSIGNMENT((#22072,#22077));
#22072 = SURFACE_STYLE_USAGE(.BOTH.,#22073);
#22073 = SURFACE_SIDE_STYLE('',(#22074));
#22074 = SURFACE_STYLE_FILL_AREA(#22075);
#22075 = FILL_AREA_STYLE('',(#22076));
#22076 = FILL_AREA_STYLE_COLOUR('',#21815);
#22077 = CURVE_STYLE('',#22078,POSITIVE_LENGTH_MEASURE(0.1),#21806);
#22078 = DRAUGHTING_PRE_DEFINED_CURVE_FONT('continuous');
#22079 = STYLED_ITEM('color',(#22080),#13177);
#22080 = PRESENTATION_STYLE_ASSIGNMENT((#22081,#22086));
#22081 = SURFACE_STYLE_USAGE(.BOTH.,#22082);
#22082 = SURFACE_SIDE_STYLE('',(#22083));
#22083 = SURFACE_STYLE_FILL_AREA(#22084);
#22084 = FILL_AREA_STYLE('',(#22085));
#22085 = FILL_AREA_STYLE_COLOUR('',#21815);
#22086 = CURVE_STYLE('',#22087,POSITIVE_LENGTH_MEASURE(0.1),#21806);
#22087 = DRAUGHTING_PRE_DEFINED_CURVE_FONT('continuous');
#22088 = STYLED_ITEM('color',(#22089),#13615);
#22089 = PRESENTATION_STYLE_ASSIGNMENT((#22090,#22095));
#22090 = SURFACE_STYLE_USAGE(.BOTH.,#22091);
#22091 = SURFACE_SIDE_STYLE('',(#22092));
#22092 = SURFACE_STYLE_FILL_AREA(#22093);
#22093 = FILL_AREA_STYLE('',(#22094));
#22094 = FILL_AREA_STYLE_COLOUR('',#21815);
#22095 = CURVE_STYLE('',#22096,POSITIVE_LENGTH_MEASURE(0.1),#21806);
#22096 = DRAUGHTING_PRE_DEFINED_CURVE_FONT('continuous');
#22097 = STYLED_ITEM('color',(#22098),#14053);
#22098 = PRESENTATION_STYLE_ASSIGNMENT((#22099,#22104));
#22099 = SURFACE_STYLE_USAGE(.BOTH.,#22100);
#22100 = SURFACE_SIDE_STYLE('',(#22101));
#22101 = SURFACE_STYLE_FILL_AREA(#22102);
#22102 = FILL_AREA_STYLE('',(#22103));
#22103 = FILL_AREA_STYLE_COLOUR('',#21815);
#22104 = CURVE_STYLE('',#22105,POSITIVE_LENGTH_MEASURE(0.1),#21806);
#22105 = DRAUGHTING_PRE_DEFINED_CURVE_FONT('continuous');
#22106 = STYLED_ITEM('color',(#22107),#14491);
#22107 = PRESENTATION_STYLE_ASSIGNMENT((#22108,#22113));
#22108 = SURFACE_STYLE_USAGE(.BOTH.,#22109);
#22109 = SURFACE_SIDE_STYLE('',(#22110));
#22110 = SURFACE_STYLE_FILL_AREA(#22111);
#22111 = FILL_AREA_STYLE('',(#22112));
#22112 = FILL_AREA_STYLE_COLOUR('',#21815);
#22113 = CURVE_STYLE('',#22114,POSITIVE_LENGTH_MEASURE(0.1),#21806);
#22114 = DRAUGHTING_PRE_DEFINED_CURVE_FONT('continuous');
#22115 = STYLED_ITEM('color',(#22116),#14929);
#22116 = PRESENTATION_STYLE_ASSIGNMENT((#22117,#22122));
#22117 = SURFACE_STYLE_USAGE(.BOTH.,#22118);
#22118 = SURFACE_SIDE_STYLE('',(#22119));
#22119 = SURFACE_STYLE_FILL_AREA(#22120);
#22120 = FILL_AREA_STYLE('',(#22121));
#22121 = FILL_AREA_STYLE_COLOUR('',#21815);
#22122 = CURVE_STYLE('',#22123,POSITIVE_LENGTH_MEASURE(0.1),#21806);
#22123 = DRAUGHTING_PRE_DEFINED_CURVE_FONT('continuous');
#22124 = STYLED_ITEM('color',(#22125),#15367);
#22125 = PRESENTATION_STYLE_ASSIGNMENT((#22126,#22131));
#22126 = SURFACE_STYLE_USAGE(.BOTH.,#22127);
#22127 = SURFACE_SIDE_STYLE('',(#22128));
#22128 = SURFACE_STYLE_FILL_AREA(#22129);
#22129 = FILL_AREA_STYLE('',(#22130));
#22130 = FILL_AREA_STYLE_COLOUR('',#21815);
#22131 = CURVE_STYLE('',#22132,POSITIVE_LENGTH_MEASURE(0.1),#21806);
#22132 = DRAUGHTING_PRE_DEFINED_CURVE_FONT('continuous');
ENDSEC;
END-ISO-10303-21;
