ISO-10303-21;
HEADER;
FILE_DESCRIPTION(('FreeCAD Model'),'2;1');
FILE_NAME('Open CASCADE Shape Model','2024-10-07T17:44:01',(''),(''),
  'Open CASCADE STEP processor 7.6','FreeCAD','Unknown');
FILE_SCHEMA(('AUTOMOTIVE_DESIGN { 1 0 10303 214 1 1 1 1 }'));
ENDSEC;
DATA;
#1 = APPLICATION_PROTOCOL_DEFINITION('international standard',
  'automotive_design',2000,#2);
#2 = APPLICATION_CONTEXT(
  'core data for automotive mechanical design processes');
#3 = SHAPE_DEFINITION_REPRESENTATION(#4,#10);
#4 = PRODUCT_DEFINITION_SHAPE('','',#5);
#5 = PRODUCT_DEFINITION('design','',#6,#9);
#6 = PRODUCT_DEFINITION_FORMATION('','',#7);
#7 = PRODUCT('Unnamed','Unnamed','',(#8));
#8 = PRODUCT_CONTEXT('',#2,'mechanical');
#9 = PRODUCT_DEFINITION_CONTEXT('part definition',#2,'design');
#10 = SHAPE_REPRESENTATION('',(#11,#15,#19,#23,#27),#31);
#11 = AXIS2_PLACEMENT_3D('',#12,#13,#14);
#12 = CARTESIAN_POINT('',(0.,0.,0.));
#13 = DIRECTION('',(0.,0.,1.));
#14 = DIRECTION('',(1.,0.,-0.));
#15 = AXIS2_PLACEMENT_3D('',#16,#17,#18);
#16 = CARTESIAN_POINT('',(0.,0.,0.));
#17 = DIRECTION('',(0.,0.,1.));
#18 = DIRECTION('',(1.,0.,0.));
#19 = AXIS2_PLACEMENT_3D('',#20,#21,#22);
#20 = CARTESIAN_POINT('',(0.,0.,0.));
#21 = DIRECTION('',(0.,0.,1.));
#22 = DIRECTION('',(1.,0.,0.));
#23 = AXIS2_PLACEMENT_3D('',#24,#25,#26);
#24 = CARTESIAN_POINT('',(0.,0.,0.));
#25 = DIRECTION('',(0.,0.,1.));
#26 = DIRECTION('',(1.,0.,0.));
#27 = AXIS2_PLACEMENT_3D('',#28,#29,#30);
#28 = CARTESIAN_POINT('',(0.,0.,0.));
#29 = DIRECTION('',(0.,0.,1.));
#30 = DIRECTION('',(1.,0.,0.));
#31 = ( GEOMETRIC_REPRESENTATION_CONTEXT(3) 
GLOBAL_UNCERTAINTY_ASSIGNED_CONTEXT((#35)) GLOBAL_UNIT_ASSIGNED_CONTEXT(
(#32,#33,#34)) REPRESENTATION_CONTEXT('Context #1',
  '3D Context with UNIT and UNCERTAINTY') );
#32 = ( LENGTH_UNIT() NAMED_UNIT(*) SI_UNIT(.MILLI.,.METRE.) );
#33 = ( NAMED_UNIT(*) PLANE_ANGLE_UNIT() SI_UNIT($,.RADIAN.) );
#34 = ( NAMED_UNIT(*) SI_UNIT($,.STERADIAN.) SOLID_ANGLE_UNIT() );
#35 = UNCERTAINTY_MEASURE_WITH_UNIT(LENGTH_MEASURE(1.E-07),#32,
  'distance_accuracy_value','confusion accuracy');
#36 = PRODUCT_RELATED_PRODUCT_CATEGORY('part',$,(#7));
#37 = SHAPE_DEFINITION_REPRESENTATION(#38,#44);
#38 = PRODUCT_DEFINITION_SHAPE('','',#39);
#39 = PRODUCT_DEFINITION('design','',#40,#43);
#40 = PRODUCT_DEFINITION_FORMATION('','',#41);
#41 = PRODUCT('Plastic_Body','Plastic_Body','',(#42));
#42 = PRODUCT_CONTEXT('',#2,'mechanical');
#43 = PRODUCT_DEFINITION_CONTEXT('part definition',#2,'design');
#44 = ADVANCED_BREP_SHAPE_REPRESENTATION('',(#11,#45),#1383);
#45 = MANIFOLD_SOLID_BREP('',#46);
#46 = CLOSED_SHELL('',(#47,#167,#344,#368,#392,#409,#433,#457,#474,#499,
    #530,#593,#624,#649,#661,#673,#704,#729,#806,#830,#854,#871,#895,
    #919,#936,#961,#985,#1010,#1034,#1051,#1082,#1113,#1137,#1162,#1179,
    #1191,#1215,#1240,#1252,#1264,#1288,#1305,#1330,#1347,#1359,#1371));
#47 = ADVANCED_FACE('',(#48),#162,.T.);
#48 = FACE_BOUND('',#49,.T.);
#49 = EDGE_LOOP('',(#50,#60,#68,#76,#84,#92,#100,#108,#116,#124,#132,
    #140,#148,#156));
#50 = ORIENTED_EDGE('',*,*,#51,.F.);
#51 = EDGE_CURVE('',#52,#54,#56,.T.);
#52 = VERTEX_POINT('',#53);
#53 = CARTESIAN_POINT('',(-2.1,-1.45,0.));
#54 = VERTEX_POINT('',#55);
#55 = CARTESIAN_POINT('',(-2.1,-1.375,2.442490654175E-16));
#56 = LINE('',#57,#58);
#57 = CARTESIAN_POINT('',(-2.1,-1.45,0.));
#58 = VECTOR('',#59,1.);
#59 = DIRECTION('',(0.,1.,0.));
#60 = ORIENTED_EDGE('',*,*,#61,.T.);
#61 = EDGE_CURVE('',#52,#62,#64,.T.);
#62 = VERTEX_POINT('',#63);
#63 = CARTESIAN_POINT('',(-2.1,-1.45,1.4));
#64 = LINE('',#65,#66);
#65 = CARTESIAN_POINT('',(-2.1,-1.45,0.));
#66 = VECTOR('',#67,1.);
#67 = DIRECTION('',(0.,0.,1.));
#68 = ORIENTED_EDGE('',*,*,#69,.T.);
#69 = EDGE_CURVE('',#62,#70,#72,.T.);
#70 = VERTEX_POINT('',#71);
#71 = CARTESIAN_POINT('',(-2.1,-0.8,1.4));
#72 = LINE('',#73,#74);
#73 = CARTESIAN_POINT('',(-2.1,-1.45,1.4));
#74 = VECTOR('',#75,1.);
#75 = DIRECTION('',(0.,1.,0.));
#76 = ORIENTED_EDGE('',*,*,#77,.T.);
#77 = EDGE_CURVE('',#70,#78,#80,.T.);
#78 = VERTEX_POINT('',#79);
#79 = CARTESIAN_POINT('',(-2.1,0.8,1.4));
#80 = LINE('',#81,#82);
#81 = CARTESIAN_POINT('',(-2.1,-1.45,1.4));
#82 = VECTOR('',#83,1.);
#83 = DIRECTION('',(0.,1.,0.));
#84 = ORIENTED_EDGE('',*,*,#85,.T.);
#85 = EDGE_CURVE('',#78,#86,#88,.T.);
#86 = VERTEX_POINT('',#87);
#87 = CARTESIAN_POINT('',(-2.1,1.45,1.4));
#88 = LINE('',#89,#90);
#89 = CARTESIAN_POINT('',(-2.1,-1.45,1.4));
#90 = VECTOR('',#91,1.);
#91 = DIRECTION('',(0.,1.,0.));
#92 = ORIENTED_EDGE('',*,*,#93,.F.);
#93 = EDGE_CURVE('',#94,#86,#96,.T.);
#94 = VERTEX_POINT('',#95);
#95 = CARTESIAN_POINT('',(-2.1,1.45,0.));
#96 = LINE('',#97,#98);
#97 = CARTESIAN_POINT('',(-2.1,1.45,0.));
#98 = VECTOR('',#99,1.);
#99 = DIRECTION('',(0.,0.,1.));
#100 = ORIENTED_EDGE('',*,*,#101,.F.);
#101 = EDGE_CURVE('',#102,#94,#104,.T.);
#102 = VERTEX_POINT('',#103);
#103 = CARTESIAN_POINT('',(-2.1,1.375,2.442490654175E-16));
#104 = LINE('',#105,#106);
#105 = CARTESIAN_POINT('',(-2.1,-1.45,0.));
#106 = VECTOR('',#107,1.);
#107 = DIRECTION('',(0.,1.,0.));
#108 = ORIENTED_EDGE('',*,*,#109,.F.);
#109 = EDGE_CURVE('',#110,#102,#112,.T.);
#110 = VERTEX_POINT('',#111);
#111 = CARTESIAN_POINT('',(-2.1,1.375,0.1));
#112 = LINE('',#113,#114);
#113 = CARTESIAN_POINT('',(-2.1,1.375,6.254692718238E-02));
#114 = VECTOR('',#115,1.);
#115 = DIRECTION('',(-0.,-6.963156348774E-31,-1.));
#116 = ORIENTED_EDGE('',*,*,#117,.F.);
#117 = EDGE_CURVE('',#118,#110,#120,.T.);
#118 = VERTEX_POINT('',#119);
#119 = CARTESIAN_POINT('',(-2.1,0.825,0.1));
#120 = LINE('',#121,#122);
#121 = CARTESIAN_POINT('',(-2.1,0.825,0.1));
#122 = VECTOR('',#123,1.);
#123 = DIRECTION('',(0.,1.,0.));
#124 = ORIENTED_EDGE('',*,*,#125,.T.);
#125 = EDGE_CURVE('',#118,#126,#128,.T.);
#126 = VERTEX_POINT('',#127);
#127 = CARTESIAN_POINT('',(-2.1,0.825,2.442490654175E-16));
#128 = LINE('',#129,#130);
#129 = CARTESIAN_POINT('',(-2.1,0.825,6.254692718238E-02));
#130 = VECTOR('',#131,1.);
#131 = DIRECTION('',(-0.,-6.963156348774E-31,-1.));
#132 = ORIENTED_EDGE('',*,*,#133,.F.);
#133 = EDGE_CURVE('',#134,#126,#136,.T.);
#134 = VERTEX_POINT('',#135);
#135 = CARTESIAN_POINT('',(-2.1,-0.825,2.442490654175E-16));
#136 = LINE('',#137,#138);
#137 = CARTESIAN_POINT('',(-2.1,-1.45,0.));
#138 = VECTOR('',#139,1.);
#139 = DIRECTION('',(0.,1.,0.));
#140 = ORIENTED_EDGE('',*,*,#141,.F.);
#141 = EDGE_CURVE('',#142,#134,#144,.T.);
#142 = VERTEX_POINT('',#143);
#143 = CARTESIAN_POINT('',(-2.1,-0.825,0.1));
#144 = LINE('',#145,#146);
#145 = CARTESIAN_POINT('',(-2.1,-0.825,6.254692718238E-02));
#146 = VECTOR('',#147,1.);
#147 = DIRECTION('',(0.,6.963156348774E-31,-1.));
#148 = ORIENTED_EDGE('',*,*,#149,.T.);
#149 = EDGE_CURVE('',#142,#150,#152,.T.);
#150 = VERTEX_POINT('',#151);
#151 = CARTESIAN_POINT('',(-2.1,-1.375,0.1));
#152 = LINE('',#153,#154);
#153 = CARTESIAN_POINT('',(-2.1,-0.825,0.1));
#154 = VECTOR('',#155,1.);
#155 = DIRECTION('',(0.,-1.,0.));
#156 = ORIENTED_EDGE('',*,*,#157,.T.);
#157 = EDGE_CURVE('',#150,#54,#158,.T.);
#158 = LINE('',#159,#160);
#159 = CARTESIAN_POINT('',(-2.1,-1.375,6.254692718238E-02));
#160 = VECTOR('',#161,1.);
#161 = DIRECTION('',(0.,6.963156348774E-31,-1.));
#162 = PLANE('',#163);
#163 = AXIS2_PLACEMENT_3D('',#164,#165,#166);
#164 = CARTESIAN_POINT('',(-2.1,-1.45,0.));
#165 = DIRECTION('',(-1.,0.,0.));
#166 = DIRECTION('',(0.,1.,0.));
#167 = ADVANCED_FACE('',(#168),#339,.F.);
#168 = FACE_BOUND('',#169,.F.);
#169 = EDGE_LOOP('',(#170,#171,#180,#188,#197,#205,#213,#221,#229,#237,
    #245,#253,#261,#269,#278,#286,#293,#294,#302,#310,#316,#317,#325,
    #333));
#170 = ORIENTED_EDGE('',*,*,#51,.F.);
#171 = ORIENTED_EDGE('',*,*,#172,.T.);
#172 = EDGE_CURVE('',#52,#173,#175,.T.);
#173 = VERTEX_POINT('',#174);
#174 = CARTESIAN_POINT('',(-1.95,-1.6,0.));
#175 = CIRCLE('',#176,0.15);
#176 = AXIS2_PLACEMENT_3D('',#177,#178,#179);
#177 = CARTESIAN_POINT('',(-1.95,-1.45,0.));
#178 = DIRECTION('',(0.,0.,1.));
#179 = DIRECTION('',(1.,0.,0.));
#180 = ORIENTED_EDGE('',*,*,#181,.F.);
#181 = EDGE_CURVE('',#182,#173,#184,.T.);
#182 = VERTEX_POINT('',#183);
#183 = CARTESIAN_POINT('',(1.95,-1.6,0.));
#184 = LINE('',#185,#186);
#185 = CARTESIAN_POINT('',(1.95,-1.6,0.));
#186 = VECTOR('',#187,1.);
#187 = DIRECTION('',(-1.,0.,0.));
#188 = ORIENTED_EDGE('',*,*,#189,.T.);
#189 = EDGE_CURVE('',#182,#190,#192,.T.);
#190 = VERTEX_POINT('',#191);
#191 = CARTESIAN_POINT('',(2.1,-1.45,0.));
#192 = CIRCLE('',#193,0.15);
#193 = AXIS2_PLACEMENT_3D('',#194,#195,#196);
#194 = CARTESIAN_POINT('',(1.95,-1.45,0.));
#195 = DIRECTION('',(0.,0.,1.));
#196 = DIRECTION('',(1.,0.,0.));
#197 = ORIENTED_EDGE('',*,*,#198,.F.);
#198 = EDGE_CURVE('',#199,#190,#201,.T.);
#199 = VERTEX_POINT('',#200);
#200 = CARTESIAN_POINT('',(2.1,-1.375,7.105427357601E-16));
#201 = LINE('',#202,#203);
#202 = CARTESIAN_POINT('',(2.1,1.45,0.));
#203 = VECTOR('',#204,1.);
#204 = DIRECTION('',(0.,-1.,0.));
#205 = ORIENTED_EDGE('',*,*,#206,.T.);
#206 = EDGE_CURVE('',#199,#207,#209,.T.);
#207 = VERTEX_POINT('',#208);
#208 = CARTESIAN_POINT('',(1.1,-1.375,4.884981308351E-16));
#209 = LINE('',#210,#211);
#210 = CARTESIAN_POINT('',(2.1,-1.375,7.105427357601E-16));
#211 = VECTOR('',#212,1.);
#212 = DIRECTION('',(-1.,2.22044604925E-16,-2.22044604925E-16));
#213 = ORIENTED_EDGE('',*,*,#214,.F.);
#214 = EDGE_CURVE('',#215,#207,#217,.T.);
#215 = VERTEX_POINT('',#216);
#216 = CARTESIAN_POINT('',(1.1,-0.825,4.884981308351E-16));
#217 = LINE('',#218,#219);
#218 = CARTESIAN_POINT('',(1.1,-0.825,4.884981308351E-16));
#219 = VECTOR('',#220,1.);
#220 = DIRECTION('',(-2.22044604925E-16,-1.,-2.465190328816E-32));
#221 = ORIENTED_EDGE('',*,*,#222,.F.);
#222 = EDGE_CURVE('',#223,#215,#225,.T.);
#223 = VERTEX_POINT('',#224);
#224 = CARTESIAN_POINT('',(2.1,-0.825,7.105427357601E-16));
#225 = LINE('',#226,#227);
#226 = CARTESIAN_POINT('',(2.1,-0.825,7.105427357601E-16));
#227 = VECTOR('',#228,1.);
#228 = DIRECTION('',(-1.,2.22044604925E-16,-2.22044604925E-16));
#229 = ORIENTED_EDGE('',*,*,#230,.F.);
#230 = EDGE_CURVE('',#231,#223,#233,.T.);
#231 = VERTEX_POINT('',#232);
#232 = CARTESIAN_POINT('',(2.1,0.825,7.105427357601E-16));
#233 = LINE('',#234,#235);
#234 = CARTESIAN_POINT('',(2.1,1.45,0.));
#235 = VECTOR('',#236,1.);
#236 = DIRECTION('',(0.,-1.,0.));
#237 = ORIENTED_EDGE('',*,*,#238,.T.);
#238 = EDGE_CURVE('',#231,#239,#241,.T.);
#239 = VERTEX_POINT('',#240);
#240 = CARTESIAN_POINT('',(1.1,0.825,4.884981308351E-16));
#241 = LINE('',#242,#243);
#242 = CARTESIAN_POINT('',(2.1,0.825,7.105427357601E-16));
#243 = VECTOR('',#244,1.);
#244 = DIRECTION('',(-1.,2.22044604925E-16,-2.22044604925E-16));
#245 = ORIENTED_EDGE('',*,*,#246,.T.);
#246 = EDGE_CURVE('',#239,#247,#249,.T.);
#247 = VERTEX_POINT('',#248);
#248 = CARTESIAN_POINT('',(1.1,1.375,4.884981308351E-16));
#249 = LINE('',#250,#251);
#250 = CARTESIAN_POINT('',(1.1,0.825,4.884981308351E-16));
#251 = VECTOR('',#252,1.);
#252 = DIRECTION('',(2.22044604925E-16,1.,2.465190328816E-32));
#253 = ORIENTED_EDGE('',*,*,#254,.F.);
#254 = EDGE_CURVE('',#255,#247,#257,.T.);
#255 = VERTEX_POINT('',#256);
#256 = CARTESIAN_POINT('',(2.1,1.375,7.105427357601E-16));
#257 = LINE('',#258,#259);
#258 = CARTESIAN_POINT('',(2.1,1.375,7.105427357601E-16));
#259 = VECTOR('',#260,1.);
#260 = DIRECTION('',(-1.,2.22044604925E-16,-2.22044604925E-16));
#261 = ORIENTED_EDGE('',*,*,#262,.F.);
#262 = EDGE_CURVE('',#263,#255,#265,.T.);
#263 = VERTEX_POINT('',#264);
#264 = CARTESIAN_POINT('',(2.1,1.45,0.));
#265 = LINE('',#266,#267);
#266 = CARTESIAN_POINT('',(2.1,1.45,0.));
#267 = VECTOR('',#268,1.);
#268 = DIRECTION('',(0.,-1.,0.));
#269 = ORIENTED_EDGE('',*,*,#270,.T.);
#270 = EDGE_CURVE('',#263,#271,#273,.T.);
#271 = VERTEX_POINT('',#272);
#272 = CARTESIAN_POINT('',(1.95,1.6,0.));
#273 = CIRCLE('',#274,0.15);
#274 = AXIS2_PLACEMENT_3D('',#275,#276,#277);
#275 = CARTESIAN_POINT('',(1.95,1.45,0.));
#276 = DIRECTION('',(0.,0.,1.));
#277 = DIRECTION('',(1.,0.,0.));
#278 = ORIENTED_EDGE('',*,*,#279,.F.);
#279 = EDGE_CURVE('',#280,#271,#282,.T.);
#280 = VERTEX_POINT('',#281);
#281 = CARTESIAN_POINT('',(-1.95,1.6,0.));
#282 = LINE('',#283,#284);
#283 = CARTESIAN_POINT('',(-1.95,1.6,0.));
#284 = VECTOR('',#285,1.);
#285 = DIRECTION('',(1.,0.,0.));
#286 = ORIENTED_EDGE('',*,*,#287,.T.);
#287 = EDGE_CURVE('',#280,#94,#288,.T.);
#288 = CIRCLE('',#289,0.15);
#289 = AXIS2_PLACEMENT_3D('',#290,#291,#292);
#290 = CARTESIAN_POINT('',(-1.95,1.45,0.));
#291 = DIRECTION('',(0.,0.,1.));
#292 = DIRECTION('',(1.,0.,0.));
#293 = ORIENTED_EDGE('',*,*,#101,.F.);
#294 = ORIENTED_EDGE('',*,*,#295,.T.);
#295 = EDGE_CURVE('',#102,#296,#298,.T.);
#296 = VERTEX_POINT('',#297);
#297 = CARTESIAN_POINT('',(-1.1,1.375,2.442490654175E-16));
#298 = LINE('',#299,#300);
#299 = CARTESIAN_POINT('',(-2.1,1.375,2.442490654175E-16));
#300 = VECTOR('',#301,1.);
#301 = DIRECTION('',(1.,0.,0.));
#302 = ORIENTED_EDGE('',*,*,#303,.F.);
#303 = EDGE_CURVE('',#304,#296,#306,.T.);
#304 = VERTEX_POINT('',#305);
#305 = CARTESIAN_POINT('',(-1.1,0.825,2.442490654175E-16));
#306 = LINE('',#307,#308);
#307 = CARTESIAN_POINT('',(-1.1,0.825,2.442490654175E-16));
#308 = VECTOR('',#309,1.);
#309 = DIRECTION('',(0.,1.,0.));
#310 = ORIENTED_EDGE('',*,*,#311,.F.);
#311 = EDGE_CURVE('',#126,#304,#312,.T.);
#312 = LINE('',#313,#314);
#313 = CARTESIAN_POINT('',(-2.1,0.825,2.442490654175E-16));
#314 = VECTOR('',#315,1.);
#315 = DIRECTION('',(1.,0.,0.));
#316 = ORIENTED_EDGE('',*,*,#133,.F.);
#317 = ORIENTED_EDGE('',*,*,#318,.T.);
#318 = EDGE_CURVE('',#134,#319,#321,.T.);
#319 = VERTEX_POINT('',#320);
#320 = CARTESIAN_POINT('',(-1.1,-0.825,2.442490654175E-16));
#321 = LINE('',#322,#323);
#322 = CARTESIAN_POINT('',(-2.1,-0.825,2.442490654175E-16));
#323 = VECTOR('',#324,1.);
#324 = DIRECTION('',(1.,0.,0.));
#325 = ORIENTED_EDGE('',*,*,#326,.T.);
#326 = EDGE_CURVE('',#319,#327,#329,.T.);
#327 = VERTEX_POINT('',#328);
#328 = CARTESIAN_POINT('',(-1.1,-1.375,2.442490654175E-16));
#329 = LINE('',#330,#331);
#330 = CARTESIAN_POINT('',(-1.1,-0.825,2.442490654175E-16));
#331 = VECTOR('',#332,1.);
#332 = DIRECTION('',(0.,-1.,0.));
#333 = ORIENTED_EDGE('',*,*,#334,.F.);
#334 = EDGE_CURVE('',#54,#327,#335,.T.);
#335 = LINE('',#336,#337);
#336 = CARTESIAN_POINT('',(-2.1,-1.375,2.442490654175E-16));
#337 = VECTOR('',#338,1.);
#338 = DIRECTION('',(1.,0.,0.));
#339 = PLANE('',#340);
#340 = AXIS2_PLACEMENT_3D('',#341,#342,#343);
#341 = CARTESIAN_POINT('',(3.504841900896E-16,-1.914770575285E-16,0.));
#342 = DIRECTION('',(0.,0.,1.));
#343 = DIRECTION('',(1.,0.,0.));
#344 = ADVANCED_FACE('',(#345),#363,.T.);
#345 = FACE_BOUND('',#346,.T.);
#346 = EDGE_LOOP('',(#347,#348,#356,#362));
#347 = ORIENTED_EDGE('',*,*,#157,.F.);
#348 = ORIENTED_EDGE('',*,*,#349,.T.);
#349 = EDGE_CURVE('',#150,#350,#352,.T.);
#350 = VERTEX_POINT('',#351);
#351 = CARTESIAN_POINT('',(-1.1,-1.375,0.1));
#352 = LINE('',#353,#354);
#353 = CARTESIAN_POINT('',(-2.1,-1.375,0.1));
#354 = VECTOR('',#355,1.);
#355 = DIRECTION('',(1.,0.,0.));
#356 = ORIENTED_EDGE('',*,*,#357,.T.);
#357 = EDGE_CURVE('',#350,#327,#358,.T.);
#358 = LINE('',#359,#360);
#359 = CARTESIAN_POINT('',(-1.1,-1.375,0.1));
#360 = VECTOR('',#361,1.);
#361 = DIRECTION('',(0.,-2.22044604925E-16,-1.));
#362 = ORIENTED_EDGE('',*,*,#334,.F.);
#363 = PLANE('',#364);
#364 = AXIS2_PLACEMENT_3D('',#365,#366,#367);
#365 = CARTESIAN_POINT('',(-1.784854673165,-1.375,0.125093854365));
#366 = DIRECTION('',(1.713751706232E-31,1.,6.963156348774E-31));
#367 = DIRECTION('',(0.,-6.963156348774E-31,1.));
#368 = ADVANCED_FACE('',(#369),#387,.F.);
#369 = FACE_BOUND('',#370,.F.);
#370 = EDGE_LOOP('',(#371,#372,#373,#381));
#371 = ORIENTED_EDGE('',*,*,#149,.T.);
#372 = ORIENTED_EDGE('',*,*,#349,.T.);
#373 = ORIENTED_EDGE('',*,*,#374,.F.);
#374 = EDGE_CURVE('',#375,#350,#377,.T.);
#375 = VERTEX_POINT('',#376);
#376 = CARTESIAN_POINT('',(-1.1,-0.825,0.1));
#377 = LINE('',#378,#379);
#378 = CARTESIAN_POINT('',(-1.1,-0.825,0.1));
#379 = VECTOR('',#380,1.);
#380 = DIRECTION('',(0.,-1.,0.));
#381 = ORIENTED_EDGE('',*,*,#382,.F.);
#382 = EDGE_CURVE('',#142,#375,#383,.T.);
#383 = LINE('',#384,#385);
#384 = CARTESIAN_POINT('',(-2.1,-0.825,0.1));
#385 = VECTOR('',#386,1.);
#386 = DIRECTION('',(1.,0.,0.));
#387 = PLANE('',#388);
#388 = AXIS2_PLACEMENT_3D('',#389,#390,#391);
#389 = CARTESIAN_POINT('',(-2.1,-0.825,0.1));
#390 = DIRECTION('',(0.,0.,1.));
#391 = DIRECTION('',(1.,0.,0.));
#392 = ADVANCED_FACE('',(#393),#404,.F.);
#393 = FACE_BOUND('',#394,.F.);
#394 = EDGE_LOOP('',(#395,#396,#397,#403));
#395 = ORIENTED_EDGE('',*,*,#141,.F.);
#396 = ORIENTED_EDGE('',*,*,#382,.T.);
#397 = ORIENTED_EDGE('',*,*,#398,.T.);
#398 = EDGE_CURVE('',#375,#319,#399,.T.);
#399 = LINE('',#400,#401);
#400 = CARTESIAN_POINT('',(-1.1,-0.825,0.1));
#401 = VECTOR('',#402,1.);
#402 = DIRECTION('',(0.,-2.22044604925E-16,-1.));
#403 = ORIENTED_EDGE('',*,*,#318,.F.);
#404 = PLANE('',#405);
#405 = AXIS2_PLACEMENT_3D('',#406,#407,#408);
#406 = CARTESIAN_POINT('',(-1.784854673165,-0.825,0.125093854365));
#407 = DIRECTION('',(1.713751706232E-31,1.,6.963156348774E-31));
#408 = DIRECTION('',(0.,-6.963156348774E-31,1.));
#409 = ADVANCED_FACE('',(#410),#428,.F.);
#410 = FACE_BOUND('',#411,.T.);
#411 = EDGE_LOOP('',(#412,#413,#421,#427));
#412 = ORIENTED_EDGE('',*,*,#125,.F.);
#413 = ORIENTED_EDGE('',*,*,#414,.T.);
#414 = EDGE_CURVE('',#118,#415,#417,.T.);
#415 = VERTEX_POINT('',#416);
#416 = CARTESIAN_POINT('',(-1.1,0.825,0.1));
#417 = LINE('',#418,#419);
#418 = CARTESIAN_POINT('',(-2.1,0.825,0.1));
#419 = VECTOR('',#420,1.);
#420 = DIRECTION('',(1.,0.,0.));
#421 = ORIENTED_EDGE('',*,*,#422,.T.);
#422 = EDGE_CURVE('',#415,#304,#423,.T.);
#423 = LINE('',#424,#425);
#424 = CARTESIAN_POINT('',(-1.1,0.825,0.1));
#425 = VECTOR('',#426,1.);
#426 = DIRECTION('',(-0.,2.22044604925E-16,-1.));
#427 = ORIENTED_EDGE('',*,*,#311,.F.);
#428 = PLANE('',#429);
#429 = AXIS2_PLACEMENT_3D('',#430,#431,#432);
#430 = CARTESIAN_POINT('',(-1.784854673165,0.825,0.125093854365));
#431 = DIRECTION('',(1.713751706232E-31,-1.,6.963156348774E-31));
#432 = DIRECTION('',(-0.,-6.963156348774E-31,-1.));
#433 = ADVANCED_FACE('',(#434),#452,.F.);
#434 = FACE_BOUND('',#435,.T.);
#435 = EDGE_LOOP('',(#436,#437,#445,#451));
#436 = ORIENTED_EDGE('',*,*,#117,.T.);
#437 = ORIENTED_EDGE('',*,*,#438,.T.);
#438 = EDGE_CURVE('',#110,#439,#441,.T.);
#439 = VERTEX_POINT('',#440);
#440 = CARTESIAN_POINT('',(-1.1,1.375,0.1));
#441 = LINE('',#442,#443);
#442 = CARTESIAN_POINT('',(-2.1,1.375,0.1));
#443 = VECTOR('',#444,1.);
#444 = DIRECTION('',(1.,0.,0.));
#445 = ORIENTED_EDGE('',*,*,#446,.F.);
#446 = EDGE_CURVE('',#415,#439,#447,.T.);
#447 = LINE('',#448,#449);
#448 = CARTESIAN_POINT('',(-1.1,0.825,0.1));
#449 = VECTOR('',#450,1.);
#450 = DIRECTION('',(0.,1.,0.));
#451 = ORIENTED_EDGE('',*,*,#414,.F.);
#452 = PLANE('',#453);
#453 = AXIS2_PLACEMENT_3D('',#454,#455,#456);
#454 = CARTESIAN_POINT('',(-2.1,0.825,0.1));
#455 = DIRECTION('',(0.,0.,1.));
#456 = DIRECTION('',(-1.,-0.,-0.));
#457 = ADVANCED_FACE('',(#458),#469,.T.);
#458 = FACE_BOUND('',#459,.F.);
#459 = EDGE_LOOP('',(#460,#461,#462,#468));
#460 = ORIENTED_EDGE('',*,*,#109,.F.);
#461 = ORIENTED_EDGE('',*,*,#438,.T.);
#462 = ORIENTED_EDGE('',*,*,#463,.T.);
#463 = EDGE_CURVE('',#439,#296,#464,.T.);
#464 = LINE('',#465,#466);
#465 = CARTESIAN_POINT('',(-1.1,1.375,0.1));
#466 = VECTOR('',#467,1.);
#467 = DIRECTION('',(-0.,2.22044604925E-16,-1.));
#468 = ORIENTED_EDGE('',*,*,#295,.F.);
#469 = PLANE('',#470);
#470 = AXIS2_PLACEMENT_3D('',#471,#472,#473);
#471 = CARTESIAN_POINT('',(-1.784854673165,1.375,0.125093854365));
#472 = DIRECTION('',(1.713751706232E-31,-1.,6.963156348774E-31));
#473 = DIRECTION('',(-0.,-6.963156348774E-31,-1.));
#474 = ADVANCED_FACE('',(#475),#494,.T.);
#475 = FACE_BOUND('',#476,.F.);
#476 = EDGE_LOOP('',(#477,#485,#492,#493));
#477 = ORIENTED_EDGE('',*,*,#478,.T.);
#478 = EDGE_CURVE('',#280,#479,#481,.T.);
#479 = VERTEX_POINT('',#480);
#480 = CARTESIAN_POINT('',(-1.95,1.6,1.4));
#481 = LINE('',#482,#483);
#482 = CARTESIAN_POINT('',(-1.95,1.6,0.));
#483 = VECTOR('',#484,1.);
#484 = DIRECTION('',(0.,0.,1.));
#485 = ORIENTED_EDGE('',*,*,#486,.T.);
#486 = EDGE_CURVE('',#479,#86,#487,.T.);
#487 = CIRCLE('',#488,0.15);
#488 = AXIS2_PLACEMENT_3D('',#489,#490,#491);
#489 = CARTESIAN_POINT('',(-1.95,1.45,1.4));
#490 = DIRECTION('',(0.,0.,1.));
#491 = DIRECTION('',(1.,0.,0.));
#492 = ORIENTED_EDGE('',*,*,#93,.F.);
#493 = ORIENTED_EDGE('',*,*,#287,.F.);
#494 = CYLINDRICAL_SURFACE('',#495,0.15);
#495 = AXIS2_PLACEMENT_3D('',#496,#497,#498);
#496 = CARTESIAN_POINT('',(-1.95,1.45,0.));
#497 = DIRECTION('',(-0.,-0.,-1.));
#498 = DIRECTION('',(1.,0.,0.));
#499 = ADVANCED_FACE('',(#500),#525,.F.);
#500 = FACE_BOUND('',#501,.F.);
#501 = EDGE_LOOP('',(#502,#510,#518,#524));
#502 = ORIENTED_EDGE('',*,*,#503,.T.);
#503 = EDGE_CURVE('',#86,#504,#506,.T.);
#504 = VERTEX_POINT('',#505);
#505 = CARTESIAN_POINT('',(-2.1,1.45,1.8));
#506 = LINE('',#507,#508);
#507 = CARTESIAN_POINT('',(-2.1,1.45,1.4));
#508 = VECTOR('',#509,1.);
#509 = DIRECTION('',(0.,0.,1.));
#510 = ORIENTED_EDGE('',*,*,#511,.T.);
#511 = EDGE_CURVE('',#504,#512,#514,.T.);
#512 = VERTEX_POINT('',#513);
#513 = CARTESIAN_POINT('',(-2.1,0.8,1.8));
#514 = LINE('',#515,#516);
#515 = CARTESIAN_POINT('',(-2.1,1.45,1.8));
#516 = VECTOR('',#517,1.);
#517 = DIRECTION('',(0.,-1.,0.));
#518 = ORIENTED_EDGE('',*,*,#519,.F.);
#519 = EDGE_CURVE('',#78,#512,#520,.T.);
#520 = LINE('',#521,#522);
#521 = CARTESIAN_POINT('',(-2.1,0.8,1.4));
#522 = VECTOR('',#523,1.);
#523 = DIRECTION('',(0.,0.,1.));
#524 = ORIENTED_EDGE('',*,*,#85,.T.);
#525 = PLANE('',#526);
#526 = AXIS2_PLACEMENT_3D('',#527,#528,#529);
#527 = CARTESIAN_POINT('',(-2.1,1.45,1.4));
#528 = DIRECTION('',(1.,0.,0.));
#529 = DIRECTION('',(0.,-1.,0.));
#530 = ADVANCED_FACE('',(#531),#588,.T.);
#531 = FACE_BOUND('',#532,.T.);
#532 = EDGE_LOOP('',(#533,#534,#542,#550,#558,#566,#574,#582));
#533 = ORIENTED_EDGE('',*,*,#77,.F.);
#534 = ORIENTED_EDGE('',*,*,#535,.T.);
#535 = EDGE_CURVE('',#70,#536,#538,.T.);
#536 = VERTEX_POINT('',#537);
#537 = CARTESIAN_POINT('',(-1.3,-1.6,1.4));
#538 = LINE('',#539,#540);
#539 = CARTESIAN_POINT('',(-2.1,-0.8,1.4));
#540 = VECTOR('',#541,1.);
#541 = DIRECTION('',(0.707106781187,-0.707106781187,0.));
#542 = ORIENTED_EDGE('',*,*,#543,.F.);
#543 = EDGE_CURVE('',#544,#536,#546,.T.);
#544 = VERTEX_POINT('',#545);
#545 = CARTESIAN_POINT('',(1.3,-1.6,1.4));
#546 = LINE('',#547,#548);
#547 = CARTESIAN_POINT('',(1.95,-1.6,1.4));
#548 = VECTOR('',#549,1.);
#549 = DIRECTION('',(-1.,0.,0.));
#550 = ORIENTED_EDGE('',*,*,#551,.F.);
#551 = EDGE_CURVE('',#552,#544,#554,.T.);
#552 = VERTEX_POINT('',#553);
#553 = CARTESIAN_POINT('',(2.1,-0.8,1.4));
#554 = LINE('',#555,#556);
#555 = CARTESIAN_POINT('',(2.1,-0.8,1.4));
#556 = VECTOR('',#557,1.);
#557 = DIRECTION('',(-0.707106781187,-0.707106781187,0.));
#558 = ORIENTED_EDGE('',*,*,#559,.F.);
#559 = EDGE_CURVE('',#560,#552,#562,.T.);
#560 = VERTEX_POINT('',#561);
#561 = CARTESIAN_POINT('',(2.1,0.8,1.4));
#562 = LINE('',#563,#564);
#563 = CARTESIAN_POINT('',(2.1,1.45,1.4));
#564 = VECTOR('',#565,1.);
#565 = DIRECTION('',(0.,-1.,0.));
#566 = ORIENTED_EDGE('',*,*,#567,.T.);
#567 = EDGE_CURVE('',#560,#568,#570,.T.);
#568 = VERTEX_POINT('',#569);
#569 = CARTESIAN_POINT('',(1.3,1.6,1.4));
#570 = LINE('',#571,#572);
#571 = CARTESIAN_POINT('',(2.1,0.8,1.4));
#572 = VECTOR('',#573,1.);
#573 = DIRECTION('',(-0.707106781187,0.707106781187,0.));
#574 = ORIENTED_EDGE('',*,*,#575,.F.);
#575 = EDGE_CURVE('',#576,#568,#578,.T.);
#576 = VERTEX_POINT('',#577);
#577 = CARTESIAN_POINT('',(-1.3,1.6,1.4));
#578 = LINE('',#579,#580);
#579 = CARTESIAN_POINT('',(-1.95,1.6,1.4));
#580 = VECTOR('',#581,1.);
#581 = DIRECTION('',(1.,0.,0.));
#582 = ORIENTED_EDGE('',*,*,#583,.F.);
#583 = EDGE_CURVE('',#78,#576,#584,.T.);
#584 = LINE('',#585,#586);
#585 = CARTESIAN_POINT('',(-2.1,0.8,1.4));
#586 = VECTOR('',#587,1.);
#587 = DIRECTION('',(0.707106781187,0.707106781187,0.));
#588 = PLANE('',#589);
#589 = AXIS2_PLACEMENT_3D('',#590,#591,#592);
#590 = CARTESIAN_POINT('',(3.504841900896E-16,-1.914770575285E-16,1.4));
#591 = DIRECTION('',(0.,0.,1.));
#592 = DIRECTION('',(1.,0.,0.));
#593 = ADVANCED_FACE('',(#594),#619,.F.);
#594 = FACE_BOUND('',#595,.T.);
#595 = EDGE_LOOP('',(#596,#604,#612,#618));
#596 = ORIENTED_EDGE('',*,*,#597,.T.);
#597 = EDGE_CURVE('',#62,#598,#600,.T.);
#598 = VERTEX_POINT('',#599);
#599 = CARTESIAN_POINT('',(-2.1,-1.45,1.8));
#600 = LINE('',#601,#602);
#601 = CARTESIAN_POINT('',(-2.1,-1.45,1.4));
#602 = VECTOR('',#603,1.);
#603 = DIRECTION('',(0.,0.,1.));
#604 = ORIENTED_EDGE('',*,*,#605,.T.);
#605 = EDGE_CURVE('',#598,#606,#608,.T.);
#606 = VERTEX_POINT('',#607);
#607 = CARTESIAN_POINT('',(-2.1,-0.8,1.8));
#608 = LINE('',#609,#610);
#609 = CARTESIAN_POINT('',(-2.1,-1.45,1.8));
#610 = VECTOR('',#611,1.);
#611 = DIRECTION('',(0.,1.,0.));
#612 = ORIENTED_EDGE('',*,*,#613,.F.);
#613 = EDGE_CURVE('',#70,#606,#614,.T.);
#614 = LINE('',#615,#616);
#615 = CARTESIAN_POINT('',(-2.1,-0.8,1.4));
#616 = VECTOR('',#617,1.);
#617 = DIRECTION('',(0.,0.,1.));
#618 = ORIENTED_EDGE('',*,*,#69,.F.);
#619 = PLANE('',#620);
#620 = AXIS2_PLACEMENT_3D('',#621,#622,#623);
#621 = CARTESIAN_POINT('',(-2.1,-1.45,1.4));
#622 = DIRECTION('',(1.,0.,0.));
#623 = DIRECTION('',(-0.,-1.,-0.));
#624 = ADVANCED_FACE('',(#625),#644,.T.);
#625 = FACE_BOUND('',#626,.F.);
#626 = EDGE_LOOP('',(#627,#628,#637,#643));
#627 = ORIENTED_EDGE('',*,*,#61,.T.);
#628 = ORIENTED_EDGE('',*,*,#629,.T.);
#629 = EDGE_CURVE('',#62,#630,#632,.T.);
#630 = VERTEX_POINT('',#631);
#631 = CARTESIAN_POINT('',(-1.95,-1.6,1.4));
#632 = CIRCLE('',#633,0.15);
#633 = AXIS2_PLACEMENT_3D('',#634,#635,#636);
#634 = CARTESIAN_POINT('',(-1.95,-1.45,1.4));
#635 = DIRECTION('',(0.,0.,1.));
#636 = DIRECTION('',(1.,0.,0.));
#637 = ORIENTED_EDGE('',*,*,#638,.F.);
#638 = EDGE_CURVE('',#173,#630,#639,.T.);
#639 = LINE('',#640,#641);
#640 = CARTESIAN_POINT('',(-1.95,-1.6,0.));
#641 = VECTOR('',#642,1.);
#642 = DIRECTION('',(0.,0.,1.));
#643 = ORIENTED_EDGE('',*,*,#172,.F.);
#644 = CYLINDRICAL_SURFACE('',#645,0.15);
#645 = AXIS2_PLACEMENT_3D('',#646,#647,#648);
#646 = CARTESIAN_POINT('',(-1.95,-1.45,0.));
#647 = DIRECTION('',(-0.,-0.,-1.));
#648 = DIRECTION('',(1.,0.,0.));
#649 = ADVANCED_FACE('',(#650),#656,.F.);
#650 = FACE_BOUND('',#651,.F.);
#651 = EDGE_LOOP('',(#652,#653,#654,#655));
#652 = ORIENTED_EDGE('',*,*,#374,.T.);
#653 = ORIENTED_EDGE('',*,*,#357,.T.);
#654 = ORIENTED_EDGE('',*,*,#326,.F.);
#655 = ORIENTED_EDGE('',*,*,#398,.F.);
#656 = PLANE('',#657);
#657 = AXIS2_PLACEMENT_3D('',#658,#659,#660);
#658 = CARTESIAN_POINT('',(-1.1,-0.825,0.1));
#659 = DIRECTION('',(1.,0.,0.));
#660 = DIRECTION('',(0.,-2.22044604925E-16,-1.));
#661 = ADVANCED_FACE('',(#662),#668,.F.);
#662 = FACE_BOUND('',#663,.T.);
#663 = EDGE_LOOP('',(#664,#665,#666,#667));
#664 = ORIENTED_EDGE('',*,*,#446,.T.);
#665 = ORIENTED_EDGE('',*,*,#463,.T.);
#666 = ORIENTED_EDGE('',*,*,#303,.F.);
#667 = ORIENTED_EDGE('',*,*,#422,.F.);
#668 = PLANE('',#669);
#669 = AXIS2_PLACEMENT_3D('',#670,#671,#672);
#670 = CARTESIAN_POINT('',(-1.1,0.825,0.1));
#671 = DIRECTION('',(1.,0.,0.));
#672 = DIRECTION('',(0.,-2.22044604925E-16,1.));
#673 = ADVANCED_FACE('',(#674),#699,.T.);
#674 = FACE_BOUND('',#675,.T.);
#675 = EDGE_LOOP('',(#676,#677,#683,#684,#692,#698));
#676 = ORIENTED_EDGE('',*,*,#478,.T.);
#677 = ORIENTED_EDGE('',*,*,#678,.T.);
#678 = EDGE_CURVE('',#479,#576,#679,.T.);
#679 = LINE('',#680,#681);
#680 = CARTESIAN_POINT('',(-1.95,1.6,1.4));
#681 = VECTOR('',#682,1.);
#682 = DIRECTION('',(1.,0.,0.));
#683 = ORIENTED_EDGE('',*,*,#575,.T.);
#684 = ORIENTED_EDGE('',*,*,#685,.T.);
#685 = EDGE_CURVE('',#568,#686,#688,.T.);
#686 = VERTEX_POINT('',#687);
#687 = CARTESIAN_POINT('',(1.95,1.6,1.4));
#688 = LINE('',#689,#690);
#689 = CARTESIAN_POINT('',(-1.95,1.6,1.4));
#690 = VECTOR('',#691,1.);
#691 = DIRECTION('',(1.,0.,0.));
#692 = ORIENTED_EDGE('',*,*,#693,.F.);
#693 = EDGE_CURVE('',#271,#686,#694,.T.);
#694 = LINE('',#695,#696);
#695 = CARTESIAN_POINT('',(1.95,1.6,0.));
#696 = VECTOR('',#697,1.);
#697 = DIRECTION('',(0.,0.,1.));
#698 = ORIENTED_EDGE('',*,*,#279,.F.);
#699 = PLANE('',#700);
#700 = AXIS2_PLACEMENT_3D('',#701,#702,#703);
#701 = CARTESIAN_POINT('',(-1.95,1.6,0.));
#702 = DIRECTION('',(0.,1.,0.));
#703 = DIRECTION('',(1.,0.,0.));
#704 = ADVANCED_FACE('',(#705),#724,.T.);
#705 = FACE_BOUND('',#706,.F.);
#706 = EDGE_LOOP('',(#707,#715,#722,#723));
#707 = ORIENTED_EDGE('',*,*,#708,.T.);
#708 = EDGE_CURVE('',#263,#709,#711,.T.);
#709 = VERTEX_POINT('',#710);
#710 = CARTESIAN_POINT('',(2.1,1.45,1.4));
#711 = LINE('',#712,#713);
#712 = CARTESIAN_POINT('',(2.1,1.45,0.));
#713 = VECTOR('',#714,1.);
#714 = DIRECTION('',(0.,0.,1.));
#715 = ORIENTED_EDGE('',*,*,#716,.T.);
#716 = EDGE_CURVE('',#709,#686,#717,.T.);
#717 = CIRCLE('',#718,0.15);
#718 = AXIS2_PLACEMENT_3D('',#719,#720,#721);
#719 = CARTESIAN_POINT('',(1.95,1.45,1.4));
#720 = DIRECTION('',(0.,0.,1.));
#721 = DIRECTION('',(1.,0.,0.));
#722 = ORIENTED_EDGE('',*,*,#693,.F.);
#723 = ORIENTED_EDGE('',*,*,#270,.F.);
#724 = CYLINDRICAL_SURFACE('',#725,0.15);
#725 = AXIS2_PLACEMENT_3D('',#726,#727,#728);
#726 = CARTESIAN_POINT('',(1.95,1.45,0.));
#727 = DIRECTION('',(-0.,-0.,-1.));
#728 = DIRECTION('',(1.,0.,0.));
#729 = ADVANCED_FACE('',(#730),#801,.T.);
#730 = FACE_BOUND('',#731,.T.);
#731 = EDGE_LOOP('',(#732,#733,#734,#740,#741,#749,#755,#756,#764,#772,
    #778,#779,#787,#795));
#732 = ORIENTED_EDGE('',*,*,#262,.F.);
#733 = ORIENTED_EDGE('',*,*,#708,.T.);
#734 = ORIENTED_EDGE('',*,*,#735,.T.);
#735 = EDGE_CURVE('',#709,#560,#736,.T.);
#736 = LINE('',#737,#738);
#737 = CARTESIAN_POINT('',(2.1,1.45,1.4));
#738 = VECTOR('',#739,1.);
#739 = DIRECTION('',(0.,-1.,0.));
#740 = ORIENTED_EDGE('',*,*,#559,.T.);
#741 = ORIENTED_EDGE('',*,*,#742,.T.);
#742 = EDGE_CURVE('',#552,#743,#745,.T.);
#743 = VERTEX_POINT('',#744);
#744 = CARTESIAN_POINT('',(2.1,-1.45,1.4));
#745 = LINE('',#746,#747);
#746 = CARTESIAN_POINT('',(2.1,1.45,1.4));
#747 = VECTOR('',#748,1.);
#748 = DIRECTION('',(0.,-1.,0.));
#749 = ORIENTED_EDGE('',*,*,#750,.F.);
#750 = EDGE_CURVE('',#190,#743,#751,.T.);
#751 = LINE('',#752,#753);
#752 = CARTESIAN_POINT('',(2.1,-1.45,0.));
#753 = VECTOR('',#754,1.);
#754 = DIRECTION('',(0.,0.,1.));
#755 = ORIENTED_EDGE('',*,*,#198,.F.);
#756 = ORIENTED_EDGE('',*,*,#757,.F.);
#757 = EDGE_CURVE('',#758,#199,#760,.T.);
#758 = VERTEX_POINT('',#759);
#759 = CARTESIAN_POINT('',(2.1,-1.375,0.1));
#760 = LINE('',#761,#762);
#761 = CARTESIAN_POINT('',(2.1,-1.375,6.254692718238E-02));
#762 = VECTOR('',#763,1.);
#763 = DIRECTION('',(0.,7.209675381655E-31,-1.));
#764 = ORIENTED_EDGE('',*,*,#765,.F.);
#765 = EDGE_CURVE('',#766,#758,#768,.T.);
#766 = VERTEX_POINT('',#767);
#767 = CARTESIAN_POINT('',(2.1,-0.825,0.1));
#768 = LINE('',#769,#770);
#769 = CARTESIAN_POINT('',(2.1,-0.825,0.1));
#770 = VECTOR('',#771,1.);
#771 = DIRECTION('',(-2.22044604925E-16,-1.,-2.465190328816E-32));
#772 = ORIENTED_EDGE('',*,*,#773,.T.);
#773 = EDGE_CURVE('',#766,#223,#774,.T.);
#774 = LINE('',#775,#776);
#775 = CARTESIAN_POINT('',(2.1,-0.825,6.254692718238E-02));
#776 = VECTOR('',#777,1.);
#777 = DIRECTION('',(0.,7.209675381655E-31,-1.));
#778 = ORIENTED_EDGE('',*,*,#230,.F.);
#779 = ORIENTED_EDGE('',*,*,#780,.F.);
#780 = EDGE_CURVE('',#781,#231,#783,.T.);
#781 = VERTEX_POINT('',#782);
#782 = CARTESIAN_POINT('',(2.1,0.825,0.1));
#783 = LINE('',#784,#785);
#784 = CARTESIAN_POINT('',(2.1,0.825,6.254692718238E-02));
#785 = VECTOR('',#786,1.);
#786 = DIRECTION('',(0.,-6.716637315892E-31,-1.));
#787 = ORIENTED_EDGE('',*,*,#788,.T.);
#788 = EDGE_CURVE('',#781,#789,#791,.T.);
#789 = VERTEX_POINT('',#790);
#790 = CARTESIAN_POINT('',(2.1,1.375,0.1));
#791 = LINE('',#792,#793);
#792 = CARTESIAN_POINT('',(2.1,0.825,0.1));
#793 = VECTOR('',#794,1.);
#794 = DIRECTION('',(2.22044604925E-16,1.,2.465190328816E-32));
#795 = ORIENTED_EDGE('',*,*,#796,.T.);
#796 = EDGE_CURVE('',#789,#255,#797,.T.);
#797 = LINE('',#798,#799);
#798 = CARTESIAN_POINT('',(2.1,1.375,6.254692718238E-02));
#799 = VECTOR('',#800,1.);
#800 = DIRECTION('',(0.,-6.716637315892E-31,-1.));
#801 = PLANE('',#802);
#802 = AXIS2_PLACEMENT_3D('',#803,#804,#805);
#803 = CARTESIAN_POINT('',(2.1,1.45,0.));
#804 = DIRECTION('',(1.,0.,0.));
#805 = DIRECTION('',(0.,-1.,0.));
#806 = ADVANCED_FACE('',(#807),#825,.T.);
#807 = FACE_BOUND('',#808,.T.);
#808 = EDGE_LOOP('',(#809,#810,#818,#824));
#809 = ORIENTED_EDGE('',*,*,#796,.F.);
#810 = ORIENTED_EDGE('',*,*,#811,.T.);
#811 = EDGE_CURVE('',#789,#812,#814,.T.);
#812 = VERTEX_POINT('',#813);
#813 = CARTESIAN_POINT('',(1.1,1.375,0.1));
#814 = LINE('',#815,#816);
#815 = CARTESIAN_POINT('',(2.1,1.375,0.1));
#816 = VECTOR('',#817,1.);
#817 = DIRECTION('',(-1.,2.22044604925E-16,-2.22044604925E-16));
#818 = ORIENTED_EDGE('',*,*,#819,.T.);
#819 = EDGE_CURVE('',#812,#247,#820,.T.);
#820 = LINE('',#821,#822);
#821 = CARTESIAN_POINT('',(1.1,1.375,0.1));
#822 = VECTOR('',#823,1.);
#823 = DIRECTION('',(2.22044604925E-16,2.22044604925E-16,-1.));
#824 = ORIENTED_EDGE('',*,*,#254,.F.);
#825 = PLANE('',#826);
#826 = AXIS2_PLACEMENT_3D('',#827,#828,#829);
#827 = CARTESIAN_POINT('',(1.784854673165,1.375,0.125093854365));
#828 = DIRECTION('',(-2.22044604925E-16,-1.,6.716637315892E-31));
#829 = DIRECTION('',(-2.22044604925E-16,7.209675381655E-31,1.));
#830 = ADVANCED_FACE('',(#831),#849,.F.);
#831 = FACE_BOUND('',#832,.F.);
#832 = EDGE_LOOP('',(#833,#841,#842,#843));
#833 = ORIENTED_EDGE('',*,*,#834,.T.);
#834 = EDGE_CURVE('',#835,#812,#837,.T.);
#835 = VERTEX_POINT('',#836);
#836 = CARTESIAN_POINT('',(1.1,0.825,0.1));
#837 = LINE('',#838,#839);
#838 = CARTESIAN_POINT('',(1.1,0.825,0.1));
#839 = VECTOR('',#840,1.);
#840 = DIRECTION('',(2.22044604925E-16,1.,2.465190328816E-32));
#841 = ORIENTED_EDGE('',*,*,#819,.T.);
#842 = ORIENTED_EDGE('',*,*,#246,.F.);
#843 = ORIENTED_EDGE('',*,*,#844,.F.);
#844 = EDGE_CURVE('',#835,#239,#845,.T.);
#845 = LINE('',#846,#847);
#846 = CARTESIAN_POINT('',(1.1,0.825,0.1));
#847 = VECTOR('',#848,1.);
#848 = DIRECTION('',(2.22044604925E-16,2.22044604925E-16,-1.));
#849 = PLANE('',#850);
#850 = AXIS2_PLACEMENT_3D('',#851,#852,#853);
#851 = CARTESIAN_POINT('',(1.1,0.825,0.1));
#852 = DIRECTION('',(-1.,2.22044604925E-16,-2.22044604925E-16));
#853 = DIRECTION('',(2.22044604925E-16,2.22044604925E-16,-1.));
#854 = ADVANCED_FACE('',(#855),#866,.F.);
#855 = FACE_BOUND('',#856,.F.);
#856 = EDGE_LOOP('',(#857,#858,#864,#865));
#857 = ORIENTED_EDGE('',*,*,#780,.F.);
#858 = ORIENTED_EDGE('',*,*,#859,.T.);
#859 = EDGE_CURVE('',#781,#835,#860,.T.);
#860 = LINE('',#861,#862);
#861 = CARTESIAN_POINT('',(2.1,0.825,0.1));
#862 = VECTOR('',#863,1.);
#863 = DIRECTION('',(-1.,2.22044604925E-16,-2.22044604925E-16));
#864 = ORIENTED_EDGE('',*,*,#844,.T.);
#865 = ORIENTED_EDGE('',*,*,#238,.F.);
#866 = PLANE('',#867);
#867 = AXIS2_PLACEMENT_3D('',#868,#869,#870);
#868 = CARTESIAN_POINT('',(1.784854673165,0.825,0.125093854365));
#869 = DIRECTION('',(-2.22044604925E-16,-1.,6.716637315892E-31));
#870 = DIRECTION('',(-2.22044604925E-16,7.209675381655E-31,1.));
#871 = ADVANCED_FACE('',(#872),#890,.F.);
#872 = FACE_BOUND('',#873,.T.);
#873 = EDGE_LOOP('',(#874,#875,#883,#889));
#874 = ORIENTED_EDGE('',*,*,#773,.F.);
#875 = ORIENTED_EDGE('',*,*,#876,.T.);
#876 = EDGE_CURVE('',#766,#877,#879,.T.);
#877 = VERTEX_POINT('',#878);
#878 = CARTESIAN_POINT('',(1.1,-0.825,0.1));
#879 = LINE('',#880,#881);
#880 = CARTESIAN_POINT('',(2.1,-0.825,0.1));
#881 = VECTOR('',#882,1.);
#882 = DIRECTION('',(-1.,2.22044604925E-16,-2.22044604925E-16));
#883 = ORIENTED_EDGE('',*,*,#884,.T.);
#884 = EDGE_CURVE('',#877,#215,#885,.T.);
#885 = LINE('',#886,#887);
#886 = CARTESIAN_POINT('',(1.1,-0.825,0.1));
#887 = VECTOR('',#888,1.);
#888 = DIRECTION('',(2.22044604925E-16,-2.22044604925E-16,-1.));
#889 = ORIENTED_EDGE('',*,*,#222,.F.);
#890 = PLANE('',#891);
#891 = AXIS2_PLACEMENT_3D('',#892,#893,#894);
#892 = CARTESIAN_POINT('',(1.784854673165,-0.825,0.125093854365));
#893 = DIRECTION('',(2.22044604925E-16,1.,7.209675381655E-31));
#894 = DIRECTION('',(2.22044604925E-16,6.716637315892E-31,-1.));
#895 = ADVANCED_FACE('',(#896),#914,.F.);
#896 = FACE_BOUND('',#897,.T.);
#897 = EDGE_LOOP('',(#898,#906,#912,#913));
#898 = ORIENTED_EDGE('',*,*,#899,.T.);
#899 = EDGE_CURVE('',#877,#900,#902,.T.);
#900 = VERTEX_POINT('',#901);
#901 = CARTESIAN_POINT('',(1.1,-1.375,0.1));
#902 = LINE('',#903,#904);
#903 = CARTESIAN_POINT('',(1.1,-0.825,0.1));
#904 = VECTOR('',#905,1.);
#905 = DIRECTION('',(-2.22044604925E-16,-1.,-2.465190328816E-32));
#906 = ORIENTED_EDGE('',*,*,#907,.T.);
#907 = EDGE_CURVE('',#900,#207,#908,.T.);
#908 = LINE('',#909,#910);
#909 = CARTESIAN_POINT('',(1.1,-1.375,0.1));
#910 = VECTOR('',#911,1.);
#911 = DIRECTION('',(2.22044604925E-16,-2.22044604925E-16,-1.));
#912 = ORIENTED_EDGE('',*,*,#214,.F.);
#913 = ORIENTED_EDGE('',*,*,#884,.F.);
#914 = PLANE('',#915);
#915 = AXIS2_PLACEMENT_3D('',#916,#917,#918);
#916 = CARTESIAN_POINT('',(1.1,-0.825,0.1));
#917 = DIRECTION('',(-1.,2.22044604925E-16,-2.22044604925E-16));
#918 = DIRECTION('',(-2.22044604925E-16,2.22044604925E-16,1.));
#919 = ADVANCED_FACE('',(#920),#931,.T.);
#920 = FACE_BOUND('',#921,.F.);
#921 = EDGE_LOOP('',(#922,#923,#929,#930));
#922 = ORIENTED_EDGE('',*,*,#757,.F.);
#923 = ORIENTED_EDGE('',*,*,#924,.T.);
#924 = EDGE_CURVE('',#758,#900,#925,.T.);
#925 = LINE('',#926,#927);
#926 = CARTESIAN_POINT('',(2.1,-1.375,0.1));
#927 = VECTOR('',#928,1.);
#928 = DIRECTION('',(-1.,2.22044604925E-16,-2.22044604925E-16));
#929 = ORIENTED_EDGE('',*,*,#907,.T.);
#930 = ORIENTED_EDGE('',*,*,#206,.F.);
#931 = PLANE('',#932);
#932 = AXIS2_PLACEMENT_3D('',#933,#934,#935);
#933 = CARTESIAN_POINT('',(1.784854673165,-1.375,0.125093854365));
#934 = DIRECTION('',(2.22044604925E-16,1.,7.209675381655E-31));
#935 = DIRECTION('',(2.22044604925E-16,6.716637315892E-31,-1.));
#936 = ADVANCED_FACE('',(#937),#956,.T.);
#937 = FACE_BOUND('',#938,.F.);
#938 = EDGE_LOOP('',(#939,#947,#954,#955));
#939 = ORIENTED_EDGE('',*,*,#940,.T.);
#940 = EDGE_CURVE('',#182,#941,#943,.T.);
#941 = VERTEX_POINT('',#942);
#942 = CARTESIAN_POINT('',(1.95,-1.6,1.4));
#943 = LINE('',#944,#945);
#944 = CARTESIAN_POINT('',(1.95,-1.6,0.));
#945 = VECTOR('',#946,1.);
#946 = DIRECTION('',(0.,0.,1.));
#947 = ORIENTED_EDGE('',*,*,#948,.T.);
#948 = EDGE_CURVE('',#941,#743,#949,.T.);
#949 = CIRCLE('',#950,0.15);
#950 = AXIS2_PLACEMENT_3D('',#951,#952,#953);
#951 = CARTESIAN_POINT('',(1.95,-1.45,1.4));
#952 = DIRECTION('',(0.,0.,1.));
#953 = DIRECTION('',(1.,0.,0.));
#954 = ORIENTED_EDGE('',*,*,#750,.F.);
#955 = ORIENTED_EDGE('',*,*,#189,.F.);
#956 = CYLINDRICAL_SURFACE('',#957,0.15);
#957 = AXIS2_PLACEMENT_3D('',#958,#959,#960);
#958 = CARTESIAN_POINT('',(1.95,-1.45,0.));
#959 = DIRECTION('',(-0.,-0.,-1.));
#960 = DIRECTION('',(1.,0.,0.));
#961 = ADVANCED_FACE('',(#962),#980,.T.);
#962 = FACE_BOUND('',#963,.T.);
#963 = EDGE_LOOP('',(#964,#965,#971,#972,#978,#979));
#964 = ORIENTED_EDGE('',*,*,#940,.T.);
#965 = ORIENTED_EDGE('',*,*,#966,.T.);
#966 = EDGE_CURVE('',#941,#544,#967,.T.);
#967 = LINE('',#968,#969);
#968 = CARTESIAN_POINT('',(1.95,-1.6,1.4));
#969 = VECTOR('',#970,1.);
#970 = DIRECTION('',(-1.,0.,0.));
#971 = ORIENTED_EDGE('',*,*,#543,.T.);
#972 = ORIENTED_EDGE('',*,*,#973,.T.);
#973 = EDGE_CURVE('',#536,#630,#974,.T.);
#974 = LINE('',#975,#976);
#975 = CARTESIAN_POINT('',(1.95,-1.6,1.4));
#976 = VECTOR('',#977,1.);
#977 = DIRECTION('',(-1.,0.,0.));
#978 = ORIENTED_EDGE('',*,*,#638,.F.);
#979 = ORIENTED_EDGE('',*,*,#181,.F.);
#980 = PLANE('',#981);
#981 = AXIS2_PLACEMENT_3D('',#982,#983,#984);
#982 = CARTESIAN_POINT('',(1.95,-1.6,0.));
#983 = DIRECTION('',(0.,-1.,0.));
#984 = DIRECTION('',(-1.,0.,0.));
#985 = ADVANCED_FACE('',(#986),#1005,.T.);
#986 = FACE_BOUND('',#987,.F.);
#987 = EDGE_LOOP('',(#988,#996,#1003,#1004));
#988 = ORIENTED_EDGE('',*,*,#989,.T.);
#989 = EDGE_CURVE('',#479,#990,#992,.T.);
#990 = VERTEX_POINT('',#991);
#991 = CARTESIAN_POINT('',(-1.95,1.6,1.8));
#992 = LINE('',#993,#994);
#993 = CARTESIAN_POINT('',(-1.95,1.6,1.4));
#994 = VECTOR('',#995,1.);
#995 = DIRECTION('',(0.,0.,1.));
#996 = ORIENTED_EDGE('',*,*,#997,.T.);
#997 = EDGE_CURVE('',#990,#504,#998,.T.);
#998 = CIRCLE('',#999,0.15);
#999 = AXIS2_PLACEMENT_3D('',#1000,#1001,#1002);
#1000 = CARTESIAN_POINT('',(-1.95,1.45,1.8));
#1001 = DIRECTION('',(0.,0.,1.));
#1002 = DIRECTION('',(1.,0.,0.));
#1003 = ORIENTED_EDGE('',*,*,#503,.F.);
#1004 = ORIENTED_EDGE('',*,*,#486,.F.);
#1005 = CYLINDRICAL_SURFACE('',#1006,0.15);
#1006 = AXIS2_PLACEMENT_3D('',#1007,#1008,#1009);
#1007 = CARTESIAN_POINT('',(-1.95,1.45,1.4));
#1008 = DIRECTION('',(-0.,-0.,-1.));
#1009 = DIRECTION('',(1.,0.,0.));
#1010 = ADVANCED_FACE('',(#1011),#1029,.F.);
#1011 = FACE_BOUND('',#1012,.F.);
#1012 = EDGE_LOOP('',(#1013,#1014,#1022,#1028));
#1013 = ORIENTED_EDGE('',*,*,#519,.T.);
#1014 = ORIENTED_EDGE('',*,*,#1015,.T.);
#1015 = EDGE_CURVE('',#512,#1016,#1018,.T.);
#1016 = VERTEX_POINT('',#1017);
#1017 = CARTESIAN_POINT('',(-1.3,1.6,1.8));
#1018 = LINE('',#1019,#1020);
#1019 = CARTESIAN_POINT('',(-2.1,0.8,1.8));
#1020 = VECTOR('',#1021,1.);
#1021 = DIRECTION('',(0.707106781187,0.707106781187,0.));
#1022 = ORIENTED_EDGE('',*,*,#1023,.F.);
#1023 = EDGE_CURVE('',#576,#1016,#1024,.T.);
#1024 = LINE('',#1025,#1026);
#1025 = CARTESIAN_POINT('',(-1.3,1.6,1.4));
#1026 = VECTOR('',#1027,1.);
#1027 = DIRECTION('',(0.,0.,1.));
#1028 = ORIENTED_EDGE('',*,*,#583,.F.);
#1029 = PLANE('',#1030);
#1030 = AXIS2_PLACEMENT_3D('',#1031,#1032,#1033);
#1031 = CARTESIAN_POINT('',(-2.1,0.8,1.4));
#1032 = DIRECTION('',(-0.707106781187,0.707106781187,0.));
#1033 = DIRECTION('',(0.707106781187,0.707106781187,0.));
#1034 = ADVANCED_FACE('',(#1035),#1046,.T.);
#1035 = FACE_BOUND('',#1036,.T.);
#1036 = EDGE_LOOP('',(#1037,#1038,#1044,#1045));
#1037 = ORIENTED_EDGE('',*,*,#1015,.T.);
#1038 = ORIENTED_EDGE('',*,*,#1039,.F.);
#1039 = EDGE_CURVE('',#990,#1016,#1040,.T.);
#1040 = LINE('',#1041,#1042);
#1041 = CARTESIAN_POINT('',(-1.95,1.6,1.8));
#1042 = VECTOR('',#1043,1.);
#1043 = DIRECTION('',(1.,0.,0.));
#1044 = ORIENTED_EDGE('',*,*,#997,.T.);
#1045 = ORIENTED_EDGE('',*,*,#511,.T.);
#1046 = PLANE('',#1047);
#1047 = AXIS2_PLACEMENT_3D('',#1048,#1049,#1050);
#1048 = CARTESIAN_POINT('',(-1.809303285235,1.309303285235,1.8));
#1049 = DIRECTION('',(1.017838768523E-30,-1.041946317315E-30,1.));
#1050 = DIRECTION('',(0.,1.,1.041946317315E-30));
#1051 = ADVANCED_FACE('',(#1052),#1077,.F.);
#1052 = FACE_BOUND('',#1053,.T.);
#1053 = EDGE_LOOP('',(#1054,#1062,#1070,#1076));
#1054 = ORIENTED_EDGE('',*,*,#1055,.T.);
#1055 = EDGE_CURVE('',#560,#1056,#1058,.T.);
#1056 = VERTEX_POINT('',#1057);
#1057 = CARTESIAN_POINT('',(2.1,0.8,1.8));
#1058 = LINE('',#1059,#1060);
#1059 = CARTESIAN_POINT('',(2.1,0.8,1.4));
#1060 = VECTOR('',#1061,1.);
#1061 = DIRECTION('',(0.,0.,1.));
#1062 = ORIENTED_EDGE('',*,*,#1063,.T.);
#1063 = EDGE_CURVE('',#1056,#1064,#1066,.T.);
#1064 = VERTEX_POINT('',#1065);
#1065 = CARTESIAN_POINT('',(1.3,1.6,1.8));
#1066 = LINE('',#1067,#1068);
#1067 = CARTESIAN_POINT('',(2.1,0.8,1.8));
#1068 = VECTOR('',#1069,1.);
#1069 = DIRECTION('',(-0.707106781187,0.707106781187,0.));
#1070 = ORIENTED_EDGE('',*,*,#1071,.F.);
#1071 = EDGE_CURVE('',#568,#1064,#1072,.T.);
#1072 = LINE('',#1073,#1074);
#1073 = CARTESIAN_POINT('',(1.3,1.6,1.4));
#1074 = VECTOR('',#1075,1.);
#1075 = DIRECTION('',(0.,0.,1.));
#1076 = ORIENTED_EDGE('',*,*,#567,.F.);
#1077 = PLANE('',#1078);
#1078 = AXIS2_PLACEMENT_3D('',#1079,#1080,#1081);
#1079 = CARTESIAN_POINT('',(2.1,0.8,1.4));
#1080 = DIRECTION('',(0.707106781187,0.707106781187,0.));
#1081 = DIRECTION('',(0.707106781187,-0.707106781187,0.));
#1082 = ADVANCED_FACE('',(#1083),#1108,.F.);
#1083 = FACE_BOUND('',#1084,.F.);
#1084 = EDGE_LOOP('',(#1085,#1093,#1101,#1107));
#1085 = ORIENTED_EDGE('',*,*,#1086,.T.);
#1086 = EDGE_CURVE('',#552,#1087,#1089,.T.);
#1087 = VERTEX_POINT('',#1088);
#1088 = CARTESIAN_POINT('',(2.1,-0.8,1.8));
#1089 = LINE('',#1090,#1091);
#1090 = CARTESIAN_POINT('',(2.1,-0.8,1.4));
#1091 = VECTOR('',#1092,1.);
#1092 = DIRECTION('',(0.,0.,1.));
#1093 = ORIENTED_EDGE('',*,*,#1094,.T.);
#1094 = EDGE_CURVE('',#1087,#1095,#1097,.T.);
#1095 = VERTEX_POINT('',#1096);
#1096 = CARTESIAN_POINT('',(1.3,-1.6,1.8));
#1097 = LINE('',#1098,#1099);
#1098 = CARTESIAN_POINT('',(2.1,-0.8,1.8));
#1099 = VECTOR('',#1100,1.);
#1100 = DIRECTION('',(-0.707106781187,-0.707106781187,0.));
#1101 = ORIENTED_EDGE('',*,*,#1102,.F.);
#1102 = EDGE_CURVE('',#544,#1095,#1103,.T.);
#1103 = LINE('',#1104,#1105);
#1104 = CARTESIAN_POINT('',(1.3,-1.6,1.4));
#1105 = VECTOR('',#1106,1.);
#1106 = DIRECTION('',(0.,0.,1.));
#1107 = ORIENTED_EDGE('',*,*,#551,.F.);
#1108 = PLANE('',#1109);
#1109 = AXIS2_PLACEMENT_3D('',#1110,#1111,#1112);
#1110 = CARTESIAN_POINT('',(2.1,-0.8,1.4));
#1111 = DIRECTION('',(0.707106781187,-0.707106781187,0.));
#1112 = DIRECTION('',(-0.707106781187,-0.707106781187,0.));
#1113 = ADVANCED_FACE('',(#1114),#1132,.F.);
#1114 = FACE_BOUND('',#1115,.T.);
#1115 = EDGE_LOOP('',(#1116,#1117,#1125,#1131));
#1116 = ORIENTED_EDGE('',*,*,#613,.T.);
#1117 = ORIENTED_EDGE('',*,*,#1118,.T.);
#1118 = EDGE_CURVE('',#606,#1119,#1121,.T.);
#1119 = VERTEX_POINT('',#1120);
#1120 = CARTESIAN_POINT('',(-1.3,-1.6,1.8));
#1121 = LINE('',#1122,#1123);
#1122 = CARTESIAN_POINT('',(-2.1,-0.8,1.8));
#1123 = VECTOR('',#1124,1.);
#1124 = DIRECTION('',(0.707106781187,-0.707106781187,0.));
#1125 = ORIENTED_EDGE('',*,*,#1126,.F.);
#1126 = EDGE_CURVE('',#536,#1119,#1127,.T.);
#1127 = LINE('',#1128,#1129);
#1128 = CARTESIAN_POINT('',(-1.3,-1.6,1.4));
#1129 = VECTOR('',#1130,1.);
#1130 = DIRECTION('',(0.,0.,1.));
#1131 = ORIENTED_EDGE('',*,*,#535,.F.);
#1132 = PLANE('',#1133);
#1133 = AXIS2_PLACEMENT_3D('',#1134,#1135,#1136);
#1134 = CARTESIAN_POINT('',(-2.1,-0.8,1.4));
#1135 = DIRECTION('',(-0.707106781187,-0.707106781187,-0.));
#1136 = DIRECTION('',(-0.707106781187,0.707106781187,0.));
#1137 = ADVANCED_FACE('',(#1138),#1157,.T.);
#1138 = FACE_BOUND('',#1139,.T.);
#1139 = EDGE_LOOP('',(#1140,#1148,#1155,#1156));
#1140 = ORIENTED_EDGE('',*,*,#1141,.T.);
#1141 = EDGE_CURVE('',#630,#1142,#1144,.T.);
#1142 = VERTEX_POINT('',#1143);
#1143 = CARTESIAN_POINT('',(-1.95,-1.6,1.8));
#1144 = LINE('',#1145,#1146);
#1145 = CARTESIAN_POINT('',(-1.95,-1.6,1.4));
#1146 = VECTOR('',#1147,1.);
#1147 = DIRECTION('',(0.,0.,1.));
#1148 = ORIENTED_EDGE('',*,*,#1149,.T.);
#1149 = EDGE_CURVE('',#1142,#598,#1150,.T.);
#1150 = CIRCLE('',#1151,0.15);
#1151 = AXIS2_PLACEMENT_3D('',#1152,#1153,#1154);
#1152 = CARTESIAN_POINT('',(-1.95,-1.45,1.8));
#1153 = DIRECTION('',(0.,0.,-1.));
#1154 = DIRECTION('',(1.,0.,0.));
#1155 = ORIENTED_EDGE('',*,*,#597,.F.);
#1156 = ORIENTED_EDGE('',*,*,#629,.T.);
#1157 = CYLINDRICAL_SURFACE('',#1158,0.15);
#1158 = AXIS2_PLACEMENT_3D('',#1159,#1160,#1161);
#1159 = CARTESIAN_POINT('',(-1.95,-1.45,1.4));
#1160 = DIRECTION('',(0.,0.,-1.));
#1161 = DIRECTION('',(1.,0.,0.));
#1162 = ADVANCED_FACE('',(#1163),#1174,.T.);
#1163 = FACE_BOUND('',#1164,.F.);
#1164 = EDGE_LOOP('',(#1165,#1166,#1172,#1173));
#1165 = ORIENTED_EDGE('',*,*,#1118,.T.);
#1166 = ORIENTED_EDGE('',*,*,#1167,.F.);
#1167 = EDGE_CURVE('',#1142,#1119,#1168,.T.);
#1168 = LINE('',#1169,#1170);
#1169 = CARTESIAN_POINT('',(-1.95,-1.6,1.8));
#1170 = VECTOR('',#1171,1.);
#1171 = DIRECTION('',(1.,0.,0.));
#1172 = ORIENTED_EDGE('',*,*,#1149,.T.);
#1173 = ORIENTED_EDGE('',*,*,#605,.T.);
#1174 = PLANE('',#1175);
#1175 = AXIS2_PLACEMENT_3D('',#1176,#1177,#1178);
#1176 = CARTESIAN_POINT('',(-1.809303285235,-1.309303285235,1.8));
#1177 = DIRECTION('',(1.017838768523E-30,1.041946317315E-30,1.));
#1178 = DIRECTION('',(0.,1.,-1.041946317315E-30));
#1179 = ADVANCED_FACE('',(#1180),#1186,.T.);
#1180 = FACE_BOUND('',#1181,.T.);
#1181 = EDGE_LOOP('',(#1182,#1183,#1184,#1185));
#1182 = ORIENTED_EDGE('',*,*,#989,.T.);
#1183 = ORIENTED_EDGE('',*,*,#1039,.T.);
#1184 = ORIENTED_EDGE('',*,*,#1023,.F.);
#1185 = ORIENTED_EDGE('',*,*,#678,.F.);
#1186 = PLANE('',#1187);
#1187 = AXIS2_PLACEMENT_3D('',#1188,#1189,#1190);
#1188 = CARTESIAN_POINT('',(-1.95,1.6,1.4));
#1189 = DIRECTION('',(0.,1.,0.));
#1190 = DIRECTION('',(1.,0.,0.));
#1191 = ADVANCED_FACE('',(#1192),#1210,.T.);
#1192 = FACE_BOUND('',#1193,.F.);
#1193 = EDGE_LOOP('',(#1194,#1202,#1208,#1209));
#1194 = ORIENTED_EDGE('',*,*,#1195,.T.);
#1195 = EDGE_CURVE('',#686,#1196,#1198,.T.);
#1196 = VERTEX_POINT('',#1197);
#1197 = CARTESIAN_POINT('',(1.95,1.6,1.8));
#1198 = LINE('',#1199,#1200);
#1199 = CARTESIAN_POINT('',(1.95,1.6,1.4));
#1200 = VECTOR('',#1201,1.);
#1201 = DIRECTION('',(0.,0.,1.));
#1202 = ORIENTED_EDGE('',*,*,#1203,.T.);
#1203 = EDGE_CURVE('',#1196,#1064,#1204,.T.);
#1204 = LINE('',#1205,#1206);
#1205 = CARTESIAN_POINT('',(1.95,1.6,1.8));
#1206 = VECTOR('',#1207,1.);
#1207 = DIRECTION('',(-1.,-0.,-0.));
#1208 = ORIENTED_EDGE('',*,*,#1071,.F.);
#1209 = ORIENTED_EDGE('',*,*,#685,.T.);
#1210 = PLANE('',#1211);
#1211 = AXIS2_PLACEMENT_3D('',#1212,#1213,#1214);
#1212 = CARTESIAN_POINT('',(1.95,1.6,1.4));
#1213 = DIRECTION('',(0.,1.,0.));
#1214 = DIRECTION('',(1.,0.,0.));
#1215 = ADVANCED_FACE('',(#1216),#1235,.T.);
#1216 = FACE_BOUND('',#1217,.T.);
#1217 = EDGE_LOOP('',(#1218,#1219,#1228,#1234));
#1218 = ORIENTED_EDGE('',*,*,#1195,.T.);
#1219 = ORIENTED_EDGE('',*,*,#1220,.T.);
#1220 = EDGE_CURVE('',#1196,#1221,#1223,.T.);
#1221 = VERTEX_POINT('',#1222);
#1222 = CARTESIAN_POINT('',(2.1,1.45,1.8));
#1223 = CIRCLE('',#1224,0.15);
#1224 = AXIS2_PLACEMENT_3D('',#1225,#1226,#1227);
#1225 = CARTESIAN_POINT('',(1.95,1.45,1.8));
#1226 = DIRECTION('',(0.,0.,-1.));
#1227 = DIRECTION('',(-1.,-0.,-0.));
#1228 = ORIENTED_EDGE('',*,*,#1229,.F.);
#1229 = EDGE_CURVE('',#709,#1221,#1230,.T.);
#1230 = LINE('',#1231,#1232);
#1231 = CARTESIAN_POINT('',(2.1,1.45,1.4));
#1232 = VECTOR('',#1233,1.);
#1233 = DIRECTION('',(0.,0.,1.));
#1234 = ORIENTED_EDGE('',*,*,#716,.T.);
#1235 = CYLINDRICAL_SURFACE('',#1236,0.15);
#1236 = AXIS2_PLACEMENT_3D('',#1237,#1238,#1239);
#1237 = CARTESIAN_POINT('',(1.95,1.45,1.4));
#1238 = DIRECTION('',(0.,0.,-1.));
#1239 = DIRECTION('',(-1.,-0.,-0.));
#1240 = ADVANCED_FACE('',(#1241),#1247,.F.);
#1241 = FACE_BOUND('',#1242,.F.);
#1242 = EDGE_LOOP('',(#1243,#1244,#1245,#1246));
#1243 = ORIENTED_EDGE('',*,*,#788,.T.);
#1244 = ORIENTED_EDGE('',*,*,#811,.T.);
#1245 = ORIENTED_EDGE('',*,*,#834,.F.);
#1246 = ORIENTED_EDGE('',*,*,#859,.F.);
#1247 = PLANE('',#1248);
#1248 = AXIS2_PLACEMENT_3D('',#1249,#1250,#1251);
#1249 = CARTESIAN_POINT('',(2.1,0.825,0.1));
#1250 = DIRECTION('',(-2.22044604925E-16,2.465190328816E-32,1.));
#1251 = DIRECTION('',(-1.,2.22044604925E-16,-2.22044604925E-16));
#1252 = ADVANCED_FACE('',(#1253),#1259,.F.);
#1253 = FACE_BOUND('',#1254,.T.);
#1254 = EDGE_LOOP('',(#1255,#1256,#1257,#1258));
#1255 = ORIENTED_EDGE('',*,*,#765,.T.);
#1256 = ORIENTED_EDGE('',*,*,#924,.T.);
#1257 = ORIENTED_EDGE('',*,*,#899,.F.);
#1258 = ORIENTED_EDGE('',*,*,#876,.F.);
#1259 = PLANE('',#1260);
#1260 = AXIS2_PLACEMENT_3D('',#1261,#1262,#1263);
#1261 = CARTESIAN_POINT('',(2.1,-0.825,0.1));
#1262 = DIRECTION('',(-2.22044604925E-16,2.465190328816E-32,1.));
#1263 = DIRECTION('',(1.,-2.22044604925E-16,2.22044604925E-16));
#1264 = ADVANCED_FACE('',(#1265),#1283,.F.);
#1265 = FACE_BOUND('',#1266,.F.);
#1266 = EDGE_LOOP('',(#1267,#1275,#1281,#1282));
#1267 = ORIENTED_EDGE('',*,*,#1268,.T.);
#1268 = EDGE_CURVE('',#743,#1269,#1271,.T.);
#1269 = VERTEX_POINT('',#1270);
#1270 = CARTESIAN_POINT('',(2.1,-1.45,1.8));
#1271 = LINE('',#1272,#1273);
#1272 = CARTESIAN_POINT('',(2.1,-1.45,1.4));
#1273 = VECTOR('',#1274,1.);
#1274 = DIRECTION('',(0.,0.,1.));
#1275 = ORIENTED_EDGE('',*,*,#1276,.T.);
#1276 = EDGE_CURVE('',#1269,#1087,#1277,.T.);
#1277 = LINE('',#1278,#1279);
#1278 = CARTESIAN_POINT('',(2.1,-1.45,1.8));
#1279 = VECTOR('',#1280,1.);
#1280 = DIRECTION('',(0.,1.,0.));
#1281 = ORIENTED_EDGE('',*,*,#1086,.F.);
#1282 = ORIENTED_EDGE('',*,*,#742,.T.);
#1283 = PLANE('',#1284);
#1284 = AXIS2_PLACEMENT_3D('',#1285,#1286,#1287);
#1285 = CARTESIAN_POINT('',(2.1,-1.45,1.4));
#1286 = DIRECTION('',(-1.,0.,0.));
#1287 = DIRECTION('',(0.,1.,0.));
#1288 = ADVANCED_FACE('',(#1289),#1300,.F.);
#1289 = FACE_BOUND('',#1290,.T.);
#1290 = EDGE_LOOP('',(#1291,#1292,#1298,#1299));
#1291 = ORIENTED_EDGE('',*,*,#1229,.T.);
#1292 = ORIENTED_EDGE('',*,*,#1293,.T.);
#1293 = EDGE_CURVE('',#1221,#1056,#1294,.T.);
#1294 = LINE('',#1295,#1296);
#1295 = CARTESIAN_POINT('',(2.1,1.45,1.8));
#1296 = VECTOR('',#1297,1.);
#1297 = DIRECTION('',(-0.,-1.,-0.));
#1298 = ORIENTED_EDGE('',*,*,#1055,.F.);
#1299 = ORIENTED_EDGE('',*,*,#735,.F.);
#1300 = PLANE('',#1301);
#1301 = AXIS2_PLACEMENT_3D('',#1302,#1303,#1304);
#1302 = CARTESIAN_POINT('',(2.1,1.45,1.4));
#1303 = DIRECTION('',(-1.,-0.,-0.));
#1304 = DIRECTION('',(0.,1.,0.));
#1305 = ADVANCED_FACE('',(#1306),#1325,.T.);
#1306 = FACE_BOUND('',#1307,.F.);
#1307 = EDGE_LOOP('',(#1308,#1316,#1323,#1324));
#1308 = ORIENTED_EDGE('',*,*,#1309,.T.);
#1309 = EDGE_CURVE('',#941,#1310,#1312,.T.);
#1310 = VERTEX_POINT('',#1311);
#1311 = CARTESIAN_POINT('',(1.95,-1.6,1.8));
#1312 = LINE('',#1313,#1314);
#1313 = CARTESIAN_POINT('',(1.95,-1.6,1.4));
#1314 = VECTOR('',#1315,1.);
#1315 = DIRECTION('',(0.,0.,1.));
#1316 = ORIENTED_EDGE('',*,*,#1317,.T.);
#1317 = EDGE_CURVE('',#1310,#1269,#1318,.T.);
#1318 = CIRCLE('',#1319,0.15);
#1319 = AXIS2_PLACEMENT_3D('',#1320,#1321,#1322);
#1320 = CARTESIAN_POINT('',(1.95,-1.45,1.8));
#1321 = DIRECTION('',(0.,0.,1.));
#1322 = DIRECTION('',(-1.,0.,0.));
#1323 = ORIENTED_EDGE('',*,*,#1268,.F.);
#1324 = ORIENTED_EDGE('',*,*,#948,.F.);
#1325 = CYLINDRICAL_SURFACE('',#1326,0.15);
#1326 = AXIS2_PLACEMENT_3D('',#1327,#1328,#1329);
#1327 = CARTESIAN_POINT('',(1.95,-1.45,1.4));
#1328 = DIRECTION('',(0.,0.,-1.));
#1329 = DIRECTION('',(-1.,0.,0.));
#1330 = ADVANCED_FACE('',(#1331),#1342,.T.);
#1331 = FACE_BOUND('',#1332,.T.);
#1332 = EDGE_LOOP('',(#1333,#1334,#1340,#1341));
#1333 = ORIENTED_EDGE('',*,*,#1309,.T.);
#1334 = ORIENTED_EDGE('',*,*,#1335,.T.);
#1335 = EDGE_CURVE('',#1310,#1095,#1336,.T.);
#1336 = LINE('',#1337,#1338);
#1337 = CARTESIAN_POINT('',(1.95,-1.6,1.8));
#1338 = VECTOR('',#1339,1.);
#1339 = DIRECTION('',(-1.,0.,0.));
#1340 = ORIENTED_EDGE('',*,*,#1102,.F.);
#1341 = ORIENTED_EDGE('',*,*,#966,.F.);
#1342 = PLANE('',#1343);
#1343 = AXIS2_PLACEMENT_3D('',#1344,#1345,#1346);
#1344 = CARTESIAN_POINT('',(1.95,-1.6,1.4));
#1345 = DIRECTION('',(0.,-1.,0.));
#1346 = DIRECTION('',(-1.,0.,0.));
#1347 = ADVANCED_FACE('',(#1348),#1354,.T.);
#1348 = FACE_BOUND('',#1349,.F.);
#1349 = EDGE_LOOP('',(#1350,#1351,#1352,#1353));
#1350 = ORIENTED_EDGE('',*,*,#1141,.T.);
#1351 = ORIENTED_EDGE('',*,*,#1167,.T.);
#1352 = ORIENTED_EDGE('',*,*,#1126,.F.);
#1353 = ORIENTED_EDGE('',*,*,#973,.T.);
#1354 = PLANE('',#1355);
#1355 = AXIS2_PLACEMENT_3D('',#1356,#1357,#1358);
#1356 = CARTESIAN_POINT('',(-1.95,-1.6,1.4));
#1357 = DIRECTION('',(-0.,-1.,-0.));
#1358 = DIRECTION('',(-1.,-0.,-0.));
#1359 = ADVANCED_FACE('',(#1360),#1366,.T.);
#1360 = FACE_BOUND('',#1361,.F.);
#1361 = EDGE_LOOP('',(#1362,#1363,#1364,#1365));
#1362 = ORIENTED_EDGE('',*,*,#1063,.T.);
#1363 = ORIENTED_EDGE('',*,*,#1203,.F.);
#1364 = ORIENTED_EDGE('',*,*,#1220,.T.);
#1365 = ORIENTED_EDGE('',*,*,#1293,.T.);
#1366 = PLANE('',#1367);
#1367 = AXIS2_PLACEMENT_3D('',#1368,#1369,#1370);
#1368 = CARTESIAN_POINT('',(1.809303285235,1.309303285235,1.8));
#1369 = DIRECTION('',(-1.017838768523E-30,-1.041946317315E-30,1.));
#1370 = DIRECTION('',(-0.,-1.,-1.041946317315E-30));
#1371 = ADVANCED_FACE('',(#1372),#1378,.T.);
#1372 = FACE_BOUND('',#1373,.T.);
#1373 = EDGE_LOOP('',(#1374,#1375,#1376,#1377));
#1374 = ORIENTED_EDGE('',*,*,#1094,.T.);
#1375 = ORIENTED_EDGE('',*,*,#1335,.F.);
#1376 = ORIENTED_EDGE('',*,*,#1317,.T.);
#1377 = ORIENTED_EDGE('',*,*,#1276,.T.);
#1378 = PLANE('',#1379);
#1379 = AXIS2_PLACEMENT_3D('',#1380,#1381,#1382);
#1380 = CARTESIAN_POINT('',(1.809303285235,-1.309303285235,1.8));
#1381 = DIRECTION('',(-1.017838768523E-30,1.041946317315E-30,1.));
#1382 = DIRECTION('',(0.,-1.,1.041946317315E-30));
#1383 = ( GEOMETRIC_REPRESENTATION_CONTEXT(3) 
GLOBAL_UNCERTAINTY_ASSIGNED_CONTEXT((#1387)) 
GLOBAL_UNIT_ASSIGNED_CONTEXT((#1384,#1385,#1386)) REPRESENTATION_CONTEXT
('Context #1','3D Context with UNIT and UNCERTAINTY') );
#1384 = ( LENGTH_UNIT() NAMED_UNIT(*) SI_UNIT(.MILLI.,.METRE.) );
#1385 = ( NAMED_UNIT(*) PLANE_ANGLE_UNIT() SI_UNIT($,.RADIAN.) );
#1386 = ( NAMED_UNIT(*) SI_UNIT($,.STERADIAN.) SOLID_ANGLE_UNIT() );
#1387 = UNCERTAINTY_MEASURE_WITH_UNIT(LENGTH_MEASURE(1.E-07),#1384,
  'distance_accuracy_value','confusion accuracy');
#1388 = CONTEXT_DEPENDENT_SHAPE_REPRESENTATION(#1389,#1391);
#1389 = ( REPRESENTATION_RELATIONSHIP('','',#44,#10) 
REPRESENTATION_RELATIONSHIP_WITH_TRANSFORMATION(#1390) 
SHAPE_REPRESENTATION_RELATIONSHIP() );
#1390 = ITEM_DEFINED_TRANSFORMATION('','',#11,#15);
#1391 = PRODUCT_DEFINITION_SHAPE('Placement','Placement of an item',
  #1392);
#1392 = NEXT_ASSEMBLY_USAGE_OCCURRENCE('5','Plastic_Body','',#5,#39,$);
#1393 = PRODUCT_RELATED_PRODUCT_CATEGORY('part',$,(#41));
#1394 = SHAPE_DEFINITION_REPRESENTATION(#1395,#1401);
#1395 = PRODUCT_DEFINITION_SHAPE('','',#1396);
#1396 = PRODUCT_DEFINITION('design','',#1397,#1400);
#1397 = PRODUCT_DEFINITION_FORMATION('','',#1398);
#1398 = PRODUCT('Metal_Plate','Metal_Plate','',(#1399));
#1399 = PRODUCT_CONTEXT('',#2,'mechanical');
#1400 = PRODUCT_DEFINITION_CONTEXT('part definition',#2,'design');
#1401 = ADVANCED_BREP_SHAPE_REPRESENTATION('',(#11,#1402),#1684);
#1402 = MANIFOLD_SOLID_BREP('',#1403);
#1403 = CLOSED_SHELL('',(#1404,#1444,#1475,#1506,#1537,#1568,#1599,#1630
    ,#1652,#1668));
#1404 = ADVANCED_FACE('',(#1405),#1439,.T.);
#1405 = FACE_BOUND('',#1406,.T.);
#1406 = EDGE_LOOP('',(#1407,#1417,#1425,#1433));
#1407 = ORIENTED_EDGE('',*,*,#1408,.T.);
#1408 = EDGE_CURVE('',#1409,#1411,#1413,.T.);
#1409 = VERTEX_POINT('',#1410);
#1410 = CARTESIAN_POINT('',(-2.1,-0.8,1.4));
#1411 = VERTEX_POINT('',#1412);
#1412 = CARTESIAN_POINT('',(-2.1,-0.8,1.6));
#1413 = LINE('',#1414,#1415);
#1414 = CARTESIAN_POINT('',(-2.1,-0.8,1.4));
#1415 = VECTOR('',#1416,1.);
#1416 = DIRECTION('',(0.,0.,1.));
#1417 = ORIENTED_EDGE('',*,*,#1418,.T.);
#1418 = EDGE_CURVE('',#1411,#1419,#1421,.T.);
#1419 = VERTEX_POINT('',#1420);
#1420 = CARTESIAN_POINT('',(-2.1,0.8,1.6));
#1421 = LINE('',#1422,#1423);
#1422 = CARTESIAN_POINT('',(-2.1,-1.45,1.6));
#1423 = VECTOR('',#1424,1.);
#1424 = DIRECTION('',(0.,1.,0.));
#1425 = ORIENTED_EDGE('',*,*,#1426,.F.);
#1426 = EDGE_CURVE('',#1427,#1419,#1429,.T.);
#1427 = VERTEX_POINT('',#1428);
#1428 = CARTESIAN_POINT('',(-2.1,0.8,1.4));
#1429 = LINE('',#1430,#1431);
#1430 = CARTESIAN_POINT('',(-2.1,0.8,1.4));
#1431 = VECTOR('',#1432,1.);
#1432 = DIRECTION('',(0.,0.,1.));
#1433 = ORIENTED_EDGE('',*,*,#1434,.F.);
#1434 = EDGE_CURVE('',#1409,#1427,#1435,.T.);
#1435 = LINE('',#1436,#1437);
#1436 = CARTESIAN_POINT('',(-2.1,-1.45,1.4));
#1437 = VECTOR('',#1438,1.);
#1438 = DIRECTION('',(0.,1.,0.));
#1439 = PLANE('',#1440);
#1440 = AXIS2_PLACEMENT_3D('',#1441,#1442,#1443);
#1441 = CARTESIAN_POINT('',(-2.1,-0.8,1.4));
#1442 = DIRECTION('',(-1.,0.,0.));
#1443 = DIRECTION('',(0.,1.,0.));
#1444 = ADVANCED_FACE('',(#1445),#1470,.T.);
#1445 = FACE_BOUND('',#1446,.T.);
#1446 = EDGE_LOOP('',(#1447,#1448,#1456,#1464));
#1447 = ORIENTED_EDGE('',*,*,#1426,.T.);
#1448 = ORIENTED_EDGE('',*,*,#1449,.T.);
#1449 = EDGE_CURVE('',#1419,#1450,#1452,.T.);
#1450 = VERTEX_POINT('',#1451);
#1451 = CARTESIAN_POINT('',(-1.3,1.6,1.6));
#1452 = LINE('',#1453,#1454);
#1453 = CARTESIAN_POINT('',(-2.1,0.8,1.6));
#1454 = VECTOR('',#1455,1.);
#1455 = DIRECTION('',(0.707106781187,0.707106781187,0.));
#1456 = ORIENTED_EDGE('',*,*,#1457,.F.);
#1457 = EDGE_CURVE('',#1458,#1450,#1460,.T.);
#1458 = VERTEX_POINT('',#1459);
#1459 = CARTESIAN_POINT('',(-1.3,1.6,1.4));
#1460 = LINE('',#1461,#1462);
#1461 = CARTESIAN_POINT('',(-1.3,1.6,1.4));
#1462 = VECTOR('',#1463,1.);
#1463 = DIRECTION('',(0.,0.,1.));
#1464 = ORIENTED_EDGE('',*,*,#1465,.F.);
#1465 = EDGE_CURVE('',#1427,#1458,#1466,.T.);
#1466 = LINE('',#1467,#1468);
#1467 = CARTESIAN_POINT('',(-2.1,0.8,1.4));
#1468 = VECTOR('',#1469,1.);
#1469 = DIRECTION('',(0.707106781187,0.707106781187,0.));
#1470 = PLANE('',#1471);
#1471 = AXIS2_PLACEMENT_3D('',#1472,#1473,#1474);
#1472 = CARTESIAN_POINT('',(-2.1,0.8,1.4));
#1473 = DIRECTION('',(-0.707106781187,0.707106781187,0.));
#1474 = DIRECTION('',(0.707106781187,0.707106781187,0.));
#1475 = ADVANCED_FACE('',(#1476),#1501,.T.);
#1476 = FACE_BOUND('',#1477,.T.);
#1477 = EDGE_LOOP('',(#1478,#1479,#1487,#1495));
#1478 = ORIENTED_EDGE('',*,*,#1457,.T.);
#1479 = ORIENTED_EDGE('',*,*,#1480,.T.);
#1480 = EDGE_CURVE('',#1450,#1481,#1483,.T.);
#1481 = VERTEX_POINT('',#1482);
#1482 = CARTESIAN_POINT('',(1.3,1.6,1.6));
#1483 = LINE('',#1484,#1485);
#1484 = CARTESIAN_POINT('',(-1.95,1.6,1.6));
#1485 = VECTOR('',#1486,1.);
#1486 = DIRECTION('',(1.,0.,0.));
#1487 = ORIENTED_EDGE('',*,*,#1488,.F.);
#1488 = EDGE_CURVE('',#1489,#1481,#1491,.T.);
#1489 = VERTEX_POINT('',#1490);
#1490 = CARTESIAN_POINT('',(1.3,1.6,1.4));
#1491 = LINE('',#1492,#1493);
#1492 = CARTESIAN_POINT('',(1.3,1.6,1.4));
#1493 = VECTOR('',#1494,1.);
#1494 = DIRECTION('',(0.,0.,1.));
#1495 = ORIENTED_EDGE('',*,*,#1496,.F.);
#1496 = EDGE_CURVE('',#1458,#1489,#1497,.T.);
#1497 = LINE('',#1498,#1499);
#1498 = CARTESIAN_POINT('',(-1.95,1.6,1.4));
#1499 = VECTOR('',#1500,1.);
#1500 = DIRECTION('',(1.,0.,0.));
#1501 = PLANE('',#1502);
#1502 = AXIS2_PLACEMENT_3D('',#1503,#1504,#1505);
#1503 = CARTESIAN_POINT('',(-1.3,1.6,1.4));
#1504 = DIRECTION('',(0.,1.,0.));
#1505 = DIRECTION('',(1.,0.,0.));
#1506 = ADVANCED_FACE('',(#1507),#1532,.F.);
#1507 = FACE_BOUND('',#1508,.F.);
#1508 = EDGE_LOOP('',(#1509,#1519,#1525,#1526));
#1509 = ORIENTED_EDGE('',*,*,#1510,.T.);
#1510 = EDGE_CURVE('',#1511,#1513,#1515,.T.);
#1511 = VERTEX_POINT('',#1512);
#1512 = CARTESIAN_POINT('',(2.1,0.8,1.4));
#1513 = VERTEX_POINT('',#1514);
#1514 = CARTESIAN_POINT('',(2.1,0.8,1.6));
#1515 = LINE('',#1516,#1517);
#1516 = CARTESIAN_POINT('',(2.1,0.8,1.4));
#1517 = VECTOR('',#1518,1.);
#1518 = DIRECTION('',(0.,0.,1.));
#1519 = ORIENTED_EDGE('',*,*,#1520,.T.);
#1520 = EDGE_CURVE('',#1513,#1481,#1521,.T.);
#1521 = LINE('',#1522,#1523);
#1522 = CARTESIAN_POINT('',(2.1,0.8,1.6));
#1523 = VECTOR('',#1524,1.);
#1524 = DIRECTION('',(-0.707106781187,0.707106781187,0.));
#1525 = ORIENTED_EDGE('',*,*,#1488,.F.);
#1526 = ORIENTED_EDGE('',*,*,#1527,.F.);
#1527 = EDGE_CURVE('',#1511,#1489,#1528,.T.);
#1528 = LINE('',#1529,#1530);
#1529 = CARTESIAN_POINT('',(2.1,0.8,1.4));
#1530 = VECTOR('',#1531,1.);
#1531 = DIRECTION('',(-0.707106781187,0.707106781187,0.));
#1532 = PLANE('',#1533);
#1533 = AXIS2_PLACEMENT_3D('',#1534,#1535,#1536);
#1534 = CARTESIAN_POINT('',(2.1,0.8,1.4));
#1535 = DIRECTION('',(-0.707106781187,-0.707106781187,0.));
#1536 = DIRECTION('',(-0.707106781187,0.707106781187,0.));
#1537 = ADVANCED_FACE('',(#1538),#1563,.T.);
#1538 = FACE_BOUND('',#1539,.T.);
#1539 = EDGE_LOOP('',(#1540,#1541,#1549,#1557));
#1540 = ORIENTED_EDGE('',*,*,#1510,.T.);
#1541 = ORIENTED_EDGE('',*,*,#1542,.T.);
#1542 = EDGE_CURVE('',#1513,#1543,#1545,.T.);
#1543 = VERTEX_POINT('',#1544);
#1544 = CARTESIAN_POINT('',(2.1,-0.8,1.6));
#1545 = LINE('',#1546,#1547);
#1546 = CARTESIAN_POINT('',(2.1,1.45,1.6));
#1547 = VECTOR('',#1548,1.);
#1548 = DIRECTION('',(0.,-1.,0.));
#1549 = ORIENTED_EDGE('',*,*,#1550,.F.);
#1550 = EDGE_CURVE('',#1551,#1543,#1553,.T.);
#1551 = VERTEX_POINT('',#1552);
#1552 = CARTESIAN_POINT('',(2.1,-0.8,1.4));
#1553 = LINE('',#1554,#1555);
#1554 = CARTESIAN_POINT('',(2.1,-0.8,1.4));
#1555 = VECTOR('',#1556,1.);
#1556 = DIRECTION('',(0.,0.,1.));
#1557 = ORIENTED_EDGE('',*,*,#1558,.F.);
#1558 = EDGE_CURVE('',#1511,#1551,#1559,.T.);
#1559 = LINE('',#1560,#1561);
#1560 = CARTESIAN_POINT('',(2.1,1.45,1.4));
#1561 = VECTOR('',#1562,1.);
#1562 = DIRECTION('',(0.,-1.,0.));
#1563 = PLANE('',#1564);
#1564 = AXIS2_PLACEMENT_3D('',#1565,#1566,#1567);
#1565 = CARTESIAN_POINT('',(2.1,0.8,1.4));
#1566 = DIRECTION('',(1.,0.,0.));
#1567 = DIRECTION('',(0.,-1.,0.));
#1568 = ADVANCED_FACE('',(#1569),#1594,.T.);
#1569 = FACE_BOUND('',#1570,.T.);
#1570 = EDGE_LOOP('',(#1571,#1572,#1580,#1588));
#1571 = ORIENTED_EDGE('',*,*,#1550,.T.);
#1572 = ORIENTED_EDGE('',*,*,#1573,.T.);
#1573 = EDGE_CURVE('',#1543,#1574,#1576,.T.);
#1574 = VERTEX_POINT('',#1575);
#1575 = CARTESIAN_POINT('',(1.3,-1.6,1.6));
#1576 = LINE('',#1577,#1578);
#1577 = CARTESIAN_POINT('',(2.1,-0.8,1.6));
#1578 = VECTOR('',#1579,1.);
#1579 = DIRECTION('',(-0.707106781187,-0.707106781187,0.));
#1580 = ORIENTED_EDGE('',*,*,#1581,.F.);
#1581 = EDGE_CURVE('',#1582,#1574,#1584,.T.);
#1582 = VERTEX_POINT('',#1583);
#1583 = CARTESIAN_POINT('',(1.3,-1.6,1.4));
#1584 = LINE('',#1585,#1586);
#1585 = CARTESIAN_POINT('',(1.3,-1.6,1.4));
#1586 = VECTOR('',#1587,1.);
#1587 = DIRECTION('',(0.,0.,1.));
#1588 = ORIENTED_EDGE('',*,*,#1589,.F.);
#1589 = EDGE_CURVE('',#1551,#1582,#1590,.T.);
#1590 = LINE('',#1591,#1592);
#1591 = CARTESIAN_POINT('',(2.1,-0.8,1.4));
#1592 = VECTOR('',#1593,1.);
#1593 = DIRECTION('',(-0.707106781187,-0.707106781187,0.));
#1594 = PLANE('',#1595);
#1595 = AXIS2_PLACEMENT_3D('',#1596,#1597,#1598);
#1596 = CARTESIAN_POINT('',(2.1,-0.8,1.4));
#1597 = DIRECTION('',(0.707106781187,-0.707106781187,0.));
#1598 = DIRECTION('',(-0.707106781187,-0.707106781187,0.));
#1599 = ADVANCED_FACE('',(#1600),#1625,.T.);
#1600 = FACE_BOUND('',#1601,.T.);
#1601 = EDGE_LOOP('',(#1602,#1603,#1611,#1619));
#1602 = ORIENTED_EDGE('',*,*,#1581,.T.);
#1603 = ORIENTED_EDGE('',*,*,#1604,.T.);
#1604 = EDGE_CURVE('',#1574,#1605,#1607,.T.);
#1605 = VERTEX_POINT('',#1606);
#1606 = CARTESIAN_POINT('',(-1.3,-1.6,1.6));
#1607 = LINE('',#1608,#1609);
#1608 = CARTESIAN_POINT('',(1.95,-1.6,1.6));
#1609 = VECTOR('',#1610,1.);
#1610 = DIRECTION('',(-1.,0.,0.));
#1611 = ORIENTED_EDGE('',*,*,#1612,.F.);
#1612 = EDGE_CURVE('',#1613,#1605,#1615,.T.);
#1613 = VERTEX_POINT('',#1614);
#1614 = CARTESIAN_POINT('',(-1.3,-1.6,1.4));
#1615 = LINE('',#1616,#1617);
#1616 = CARTESIAN_POINT('',(-1.3,-1.6,1.4));
#1617 = VECTOR('',#1618,1.);
#1618 = DIRECTION('',(0.,0.,1.));
#1619 = ORIENTED_EDGE('',*,*,#1620,.F.);
#1620 = EDGE_CURVE('',#1582,#1613,#1621,.T.);
#1621 = LINE('',#1622,#1623);
#1622 = CARTESIAN_POINT('',(1.95,-1.6,1.4));
#1623 = VECTOR('',#1624,1.);
#1624 = DIRECTION('',(-1.,0.,0.));
#1625 = PLANE('',#1626);
#1626 = AXIS2_PLACEMENT_3D('',#1627,#1628,#1629);
#1627 = CARTESIAN_POINT('',(1.3,-1.6,1.4));
#1628 = DIRECTION('',(0.,-1.,0.));
#1629 = DIRECTION('',(-1.,0.,0.));
#1630 = ADVANCED_FACE('',(#1631),#1647,.F.);
#1631 = FACE_BOUND('',#1632,.F.);
#1632 = EDGE_LOOP('',(#1633,#1634,#1640,#1641));
#1633 = ORIENTED_EDGE('',*,*,#1408,.T.);
#1634 = ORIENTED_EDGE('',*,*,#1635,.T.);
#1635 = EDGE_CURVE('',#1411,#1605,#1636,.T.);
#1636 = LINE('',#1637,#1638);
#1637 = CARTESIAN_POINT('',(-2.1,-0.8,1.6));
#1638 = VECTOR('',#1639,1.);
#1639 = DIRECTION('',(0.707106781187,-0.707106781187,0.));
#1640 = ORIENTED_EDGE('',*,*,#1612,.F.);
#1641 = ORIENTED_EDGE('',*,*,#1642,.F.);
#1642 = EDGE_CURVE('',#1409,#1613,#1643,.T.);
#1643 = LINE('',#1644,#1645);
#1644 = CARTESIAN_POINT('',(-2.1,-0.8,1.4));
#1645 = VECTOR('',#1646,1.);
#1646 = DIRECTION('',(0.707106781187,-0.707106781187,0.));
#1647 = PLANE('',#1648);
#1648 = AXIS2_PLACEMENT_3D('',#1649,#1650,#1651);
#1649 = CARTESIAN_POINT('',(-2.1,-0.8,1.4));
#1650 = DIRECTION('',(0.707106781187,0.707106781187,0.));
#1651 = DIRECTION('',(0.707106781187,-0.707106781187,0.));
#1652 = ADVANCED_FACE('',(#1653),#1663,.F.);
#1653 = FACE_BOUND('',#1654,.F.);
#1654 = EDGE_LOOP('',(#1655,#1656,#1657,#1658,#1659,#1660,#1661,#1662));
#1655 = ORIENTED_EDGE('',*,*,#1434,.F.);
#1656 = ORIENTED_EDGE('',*,*,#1642,.T.);
#1657 = ORIENTED_EDGE('',*,*,#1620,.F.);
#1658 = ORIENTED_EDGE('',*,*,#1589,.F.);
#1659 = ORIENTED_EDGE('',*,*,#1558,.F.);
#1660 = ORIENTED_EDGE('',*,*,#1527,.T.);
#1661 = ORIENTED_EDGE('',*,*,#1496,.F.);
#1662 = ORIENTED_EDGE('',*,*,#1465,.F.);
#1663 = PLANE('',#1664);
#1664 = AXIS2_PLACEMENT_3D('',#1665,#1666,#1667);
#1665 = CARTESIAN_POINT('',(3.504841900896E-16,-1.914770575285E-16,1.4)
  );
#1666 = DIRECTION('',(0.,0.,1.));
#1667 = DIRECTION('',(1.,0.,0.));
#1668 = ADVANCED_FACE('',(#1669),#1679,.T.);
#1669 = FACE_BOUND('',#1670,.T.);
#1670 = EDGE_LOOP('',(#1671,#1672,#1673,#1674,#1675,#1676,#1677,#1678));
#1671 = ORIENTED_EDGE('',*,*,#1418,.F.);
#1672 = ORIENTED_EDGE('',*,*,#1635,.T.);
#1673 = ORIENTED_EDGE('',*,*,#1604,.F.);
#1674 = ORIENTED_EDGE('',*,*,#1573,.F.);
#1675 = ORIENTED_EDGE('',*,*,#1542,.F.);
#1676 = ORIENTED_EDGE('',*,*,#1520,.T.);
#1677 = ORIENTED_EDGE('',*,*,#1480,.F.);
#1678 = ORIENTED_EDGE('',*,*,#1449,.F.);
#1679 = PLANE('',#1680);
#1680 = AXIS2_PLACEMENT_3D('',#1681,#1682,#1683);
#1681 = CARTESIAN_POINT('',(3.504841900896E-16,-1.914770575285E-16,1.6)
  );
#1682 = DIRECTION('',(0.,0.,1.));
#1683 = DIRECTION('',(1.,0.,0.));
#1684 = ( GEOMETRIC_REPRESENTATION_CONTEXT(3) 
GLOBAL_UNCERTAINTY_ASSIGNED_CONTEXT((#1688)) 
GLOBAL_UNIT_ASSIGNED_CONTEXT((#1685,#1686,#1687)) REPRESENTATION_CONTEXT
('Context #1','3D Context with UNIT and UNCERTAINTY') );
#1685 = ( LENGTH_UNIT() NAMED_UNIT(*) SI_UNIT(.MILLI.,.METRE.) );
#1686 = ( NAMED_UNIT(*) PLANE_ANGLE_UNIT() SI_UNIT($,.RADIAN.) );
#1687 = ( NAMED_UNIT(*) SI_UNIT($,.STERADIAN.) SOLID_ANGLE_UNIT() );
#1688 = UNCERTAINTY_MEASURE_WITH_UNIT(LENGTH_MEASURE(1.E-07),#1685,
  'distance_accuracy_value','confusion accuracy');
#1689 = CONTEXT_DEPENDENT_SHAPE_REPRESENTATION(#1690,#1692);
#1690 = ( REPRESENTATION_RELATIONSHIP('','',#1401,#10) 
REPRESENTATION_RELATIONSHIP_WITH_TRANSFORMATION(#1691) 
SHAPE_REPRESENTATION_RELATIONSHIP() );
#1691 = ITEM_DEFINED_TRANSFORMATION('','',#11,#19);
#1692 = PRODUCT_DEFINITION_SHAPE('Placement','Placement of an item',
  #1693);
#1693 = NEXT_ASSEMBLY_USAGE_OCCURRENCE('6','Metal_Plate','',#5,#1396,$);
#1694 = PRODUCT_RELATED_PRODUCT_CATEGORY('part',$,(#1398));
#1695 = SHAPE_DEFINITION_REPRESENTATION(#1696,#1702);
#1696 = PRODUCT_DEFINITION_SHAPE('','',#1697);
#1697 = PRODUCT_DEFINITION('design','',#1698,#1701);
#1698 = PRODUCT_DEFINITION_FORMATION('','',#1699);
#1699 = PRODUCT('Plastic_Plunger','Plastic_Plunger','',(#1700));
#1700 = PRODUCT_CONTEXT('',#2,'mechanical');
#1701 = PRODUCT_DEFINITION_CONTEXT('part definition',#2,'design');
#1702 = ADVANCED_BREP_SHAPE_REPRESENTATION('',(#11,#1703),#1959);
#1703 = MANIFOLD_SOLID_BREP('',#1704);
#1704 = CLOSED_SHELL('',(#1705,#1747,#1778,#1812,#1837,#1861,#1879,#1904
    ,#1929,#1947));
#1705 = ADVANCED_FACE('',(#1706),#1742,.T.);
#1706 = FACE_BOUND('',#1707,.F.);
#1707 = EDGE_LOOP('',(#1708,#1718,#1727,#1735));
#1708 = ORIENTED_EDGE('',*,*,#1709,.T.);
#1709 = EDGE_CURVE('',#1710,#1712,#1714,.T.);
#1710 = VERTEX_POINT('',#1711);
#1711 = CARTESIAN_POINT('',(-0.4,1.1,1.4));
#1712 = VERTEX_POINT('',#1713);
#1713 = CARTESIAN_POINT('',(-0.4,1.1,2.4));
#1714 = LINE('',#1715,#1716);
#1715 = CARTESIAN_POINT('',(-0.4,1.1,1.4));
#1716 = VECTOR('',#1717,1.);
#1717 = DIRECTION('',(0.,0.,1.));
#1718 = ORIENTED_EDGE('',*,*,#1719,.T.);
#1719 = EDGE_CURVE('',#1712,#1720,#1722,.T.);
#1720 = VERTEX_POINT('',#1721);
#1721 = CARTESIAN_POINT('',(-0.4,-1.1,2.4));
#1722 = CIRCLE('',#1723,1.1);
#1723 = AXIS2_PLACEMENT_3D('',#1724,#1725,#1726);
#1724 = CARTESIAN_POINT('',(-0.4,9.266683883243E-24,2.4));
#1725 = DIRECTION('',(0.,-0.,1.));
#1726 = DIRECTION('',(5.046468293751E-17,1.,0.));
#1727 = ORIENTED_EDGE('',*,*,#1728,.F.);
#1728 = EDGE_CURVE('',#1729,#1720,#1731,.T.);
#1729 = VERTEX_POINT('',#1730);
#1730 = CARTESIAN_POINT('',(-0.4,-1.1,1.4));
#1731 = LINE('',#1732,#1733);
#1732 = CARTESIAN_POINT('',(-0.4,-1.1,1.4));
#1733 = VECTOR('',#1734,1.);
#1734 = DIRECTION('',(0.,0.,1.));
#1735 = ORIENTED_EDGE('',*,*,#1736,.F.);
#1736 = EDGE_CURVE('',#1710,#1729,#1737,.T.);
#1737 = CIRCLE('',#1738,1.1);
#1738 = AXIS2_PLACEMENT_3D('',#1739,#1740,#1741);
#1739 = CARTESIAN_POINT('',(-0.4,9.266683884055E-24,1.4));
#1740 = DIRECTION('',(0.,0.,1.));
#1741 = DIRECTION('',(1.,0.,0.));
#1742 = CYLINDRICAL_SURFACE('',#1743,1.1);
#1743 = AXIS2_PLACEMENT_3D('',#1744,#1745,#1746);
#1744 = CARTESIAN_POINT('',(-0.4,9.266683884055E-24,1.4));
#1745 = DIRECTION('',(-0.,-0.,-1.));
#1746 = DIRECTION('',(1.,0.,0.));
#1747 = ADVANCED_FACE('',(#1748),#1773,.F.);
#1748 = FACE_BOUND('',#1749,.F.);
#1749 = EDGE_LOOP('',(#1750,#1760,#1766,#1767));
#1750 = ORIENTED_EDGE('',*,*,#1751,.T.);
#1751 = EDGE_CURVE('',#1752,#1754,#1756,.T.);
#1752 = VERTEX_POINT('',#1753);
#1753 = CARTESIAN_POINT('',(0.4,1.1,1.4));
#1754 = VERTEX_POINT('',#1755);
#1755 = CARTESIAN_POINT('',(0.4,1.1,2.4));
#1756 = LINE('',#1757,#1758);
#1757 = CARTESIAN_POINT('',(0.4,1.1,1.4));
#1758 = VECTOR('',#1759,1.);
#1759 = DIRECTION('',(0.,0.,1.));
#1760 = ORIENTED_EDGE('',*,*,#1761,.T.);
#1761 = EDGE_CURVE('',#1754,#1712,#1762,.T.);
#1762 = LINE('',#1763,#1764);
#1763 = CARTESIAN_POINT('',(0.4,1.1,2.4));
#1764 = VECTOR('',#1765,1.);
#1765 = DIRECTION('',(-1.,0.,0.));
#1766 = ORIENTED_EDGE('',*,*,#1709,.F.);
#1767 = ORIENTED_EDGE('',*,*,#1768,.F.);
#1768 = EDGE_CURVE('',#1752,#1710,#1769,.T.);
#1769 = LINE('',#1770,#1771);
#1770 = CARTESIAN_POINT('',(0.4,1.1,1.4));
#1771 = VECTOR('',#1772,1.);
#1772 = DIRECTION('',(-1.,0.,0.));
#1773 = PLANE('',#1774);
#1774 = AXIS2_PLACEMENT_3D('',#1775,#1776,#1777);
#1775 = CARTESIAN_POINT('',(0.4,1.1,1.4));
#1776 = DIRECTION('',(0.,-1.,0.));
#1777 = DIRECTION('',(-1.,0.,0.));
#1778 = ADVANCED_FACE('',(#1779),#1807,.T.);
#1779 = FACE_BOUND('',#1780,.T.);
#1780 = EDGE_LOOP('',(#1781,#1790,#1791,#1800));
#1781 = ORIENTED_EDGE('',*,*,#1782,.F.);
#1782 = EDGE_CURVE('',#1712,#1783,#1785,.T.);
#1783 = VERTEX_POINT('',#1784);
#1784 = CARTESIAN_POINT('',(-0.4,1.,2.5));
#1785 = CIRCLE('',#1786,0.1);
#1786 = AXIS2_PLACEMENT_3D('',#1787,#1788,#1789);
#1787 = CARTESIAN_POINT('',(-0.4,1.,2.4));
#1788 = DIRECTION('',(1.,-5.046468293751E-17,0.));
#1789 = DIRECTION('',(5.046468293751E-17,1.,0.));
#1790 = ORIENTED_EDGE('',*,*,#1719,.T.);
#1791 = ORIENTED_EDGE('',*,*,#1792,.T.);
#1792 = EDGE_CURVE('',#1720,#1793,#1795,.T.);
#1793 = VERTEX_POINT('',#1794);
#1794 = CARTESIAN_POINT('',(-0.4,-1.,2.5));
#1795 = CIRCLE('',#1796,0.1);
#1796 = AXIS2_PLACEMENT_3D('',#1797,#1798,#1799);
#1797 = CARTESIAN_POINT('',(-0.4,-1.,2.4));
#1798 = DIRECTION('',(-1.,1.729293628522E-16,0.));
#1799 = DIRECTION('',(-1.729293628522E-16,-1.,0.));
#1800 = ORIENTED_EDGE('',*,*,#1801,.F.);
#1801 = EDGE_CURVE('',#1783,#1793,#1802,.T.);
#1802 = CIRCLE('',#1803,1.);
#1803 = AXIS2_PLACEMENT_3D('',#1804,#1805,#1806);
#1804 = CARTESIAN_POINT('',(-0.4,9.266683883243E-24,2.5));
#1805 = DIRECTION('',(0.,-0.,1.));
#1806 = DIRECTION('',(5.046468293751E-17,1.,0.));
#1807 = TOROIDAL_SURFACE('',#1808,1.,0.1);
#1808 = AXIS2_PLACEMENT_3D('',#1809,#1810,#1811);
#1809 = CARTESIAN_POINT('',(-0.4,9.266683883243E-24,2.4));
#1810 = DIRECTION('',(0.,0.,1.));
#1811 = DIRECTION('',(5.046468293751E-17,1.,0.));
#1812 = ADVANCED_FACE('',(#1813),#1832,.F.);
#1813 = FACE_BOUND('',#1814,.F.);
#1814 = EDGE_LOOP('',(#1815,#1816,#1824,#1831));
#1815 = ORIENTED_EDGE('',*,*,#1736,.T.);
#1816 = ORIENTED_EDGE('',*,*,#1817,.T.);
#1817 = EDGE_CURVE('',#1729,#1818,#1820,.T.);
#1818 = VERTEX_POINT('',#1819);
#1819 = CARTESIAN_POINT('',(0.4,-1.1,1.4));
#1820 = LINE('',#1821,#1822);
#1821 = CARTESIAN_POINT('',(-0.4,-1.1,1.4));
#1822 = VECTOR('',#1823,1.);
#1823 = DIRECTION('',(1.,0.,0.));
#1824 = ORIENTED_EDGE('',*,*,#1825,.T.);
#1825 = EDGE_CURVE('',#1818,#1752,#1826,.T.);
#1826 = CIRCLE('',#1827,1.1);
#1827 = AXIS2_PLACEMENT_3D('',#1828,#1829,#1830);
#1828 = CARTESIAN_POINT('',(0.4,-6.98875163818E-24,1.4));
#1829 = DIRECTION('',(0.,0.,1.));
#1830 = DIRECTION('',(1.,0.,0.));
#1831 = ORIENTED_EDGE('',*,*,#1768,.T.);
#1832 = PLANE('',#1833);
#1833 = AXIS2_PLACEMENT_3D('',#1834,#1835,#1836);
#1834 = CARTESIAN_POINT('',(-8.462065736472E-17,2.707861035671E-17,1.4)
  );
#1835 = DIRECTION('',(0.,0.,1.));
#1836 = DIRECTION('',(1.,0.,0.));
#1837 = ADVANCED_FACE('',(#1838),#1856,.F.);
#1838 = FACE_BOUND('',#1839,.F.);
#1839 = EDGE_LOOP('',(#1840,#1841,#1849,#1855));
#1840 = ORIENTED_EDGE('',*,*,#1728,.T.);
#1841 = ORIENTED_EDGE('',*,*,#1842,.T.);
#1842 = EDGE_CURVE('',#1720,#1843,#1845,.T.);
#1843 = VERTEX_POINT('',#1844);
#1844 = CARTESIAN_POINT('',(0.4,-1.1,2.4));
#1845 = LINE('',#1846,#1847);
#1846 = CARTESIAN_POINT('',(-0.4,-1.1,2.4));
#1847 = VECTOR('',#1848,1.);
#1848 = DIRECTION('',(1.,0.,0.));
#1849 = ORIENTED_EDGE('',*,*,#1850,.F.);
#1850 = EDGE_CURVE('',#1818,#1843,#1851,.T.);
#1851 = LINE('',#1852,#1853);
#1852 = CARTESIAN_POINT('',(0.4,-1.1,1.4));
#1853 = VECTOR('',#1854,1.);
#1854 = DIRECTION('',(0.,0.,1.));
#1855 = ORIENTED_EDGE('',*,*,#1817,.F.);
#1856 = PLANE('',#1857);
#1857 = AXIS2_PLACEMENT_3D('',#1858,#1859,#1860);
#1858 = CARTESIAN_POINT('',(-0.4,-1.1,1.4));
#1859 = DIRECTION('',(0.,1.,0.));
#1860 = DIRECTION('',(1.,0.,0.));
#1861 = ADVANCED_FACE('',(#1862),#1874,.T.);
#1862 = FACE_BOUND('',#1863,.F.);
#1863 = EDGE_LOOP('',(#1864,#1865,#1872,#1873));
#1864 = ORIENTED_EDGE('',*,*,#1850,.T.);
#1865 = ORIENTED_EDGE('',*,*,#1866,.T.);
#1866 = EDGE_CURVE('',#1843,#1754,#1867,.T.);
#1867 = CIRCLE('',#1868,1.1);
#1868 = AXIS2_PLACEMENT_3D('',#1869,#1870,#1871);
#1869 = CARTESIAN_POINT('',(0.4,-6.988751636639E-24,2.4));
#1870 = DIRECTION('',(0.,0.,1.));
#1871 = DIRECTION('',(-2.0185873175E-16,-1.,0.));
#1872 = ORIENTED_EDGE('',*,*,#1751,.F.);
#1873 = ORIENTED_EDGE('',*,*,#1825,.F.);
#1874 = CYLINDRICAL_SURFACE('',#1875,1.1);
#1875 = AXIS2_PLACEMENT_3D('',#1876,#1877,#1878);
#1876 = CARTESIAN_POINT('',(0.4,-6.98875163818E-24,1.4));
#1877 = DIRECTION('',(-0.,-0.,-1.));
#1878 = DIRECTION('',(1.,0.,0.));
#1879 = ADVANCED_FACE('',(#1880),#1899,.T.);
#1880 = FACE_BOUND('',#1881,.F.);
#1881 = EDGE_LOOP('',(#1882,#1891,#1897,#1898));
#1882 = ORIENTED_EDGE('',*,*,#1883,.T.);
#1883 = EDGE_CURVE('',#1754,#1884,#1886,.T.);
#1884 = VERTEX_POINT('',#1885);
#1885 = CARTESIAN_POINT('',(0.4,1.,2.5));
#1886 = CIRCLE('',#1887,0.1);
#1887 = AXIS2_PLACEMENT_3D('',#1888,#1889,#1890);
#1888 = CARTESIAN_POINT('',(0.4,1.,2.4));
#1889 = DIRECTION('',(1.,-3.243234116648E-16,0.));
#1890 = DIRECTION('',(3.243234116648E-16,1.,0.));
#1891 = ORIENTED_EDGE('',*,*,#1892,.T.);
#1892 = EDGE_CURVE('',#1884,#1783,#1893,.T.);
#1893 = LINE('',#1894,#1895);
#1894 = CARTESIAN_POINT('',(0.4,1.,2.5));
#1895 = VECTOR('',#1896,1.);
#1896 = DIRECTION('',(-1.,0.,0.));
#1897 = ORIENTED_EDGE('',*,*,#1782,.F.);
#1898 = ORIENTED_EDGE('',*,*,#1761,.F.);
#1899 = CYLINDRICAL_SURFACE('',#1900,0.1);
#1900 = AXIS2_PLACEMENT_3D('',#1901,#1902,#1903);
#1901 = CARTESIAN_POINT('',(0.4,1.,2.4));
#1902 = DIRECTION('',(-1.,0.,0.));
#1903 = DIRECTION('',(0.,1.,0.));
#1904 = ADVANCED_FACE('',(#1905),#1924,.T.);
#1905 = FACE_BOUND('',#1906,.T.);
#1906 = EDGE_LOOP('',(#1907,#1908,#1916,#1923));
#1907 = ORIENTED_EDGE('',*,*,#1801,.T.);
#1908 = ORIENTED_EDGE('',*,*,#1909,.T.);
#1909 = EDGE_CURVE('',#1793,#1910,#1912,.T.);
#1910 = VERTEX_POINT('',#1911);
#1911 = CARTESIAN_POINT('',(0.4,-1.,2.5));
#1912 = LINE('',#1913,#1914);
#1913 = CARTESIAN_POINT('',(-0.4,-1.,2.5));
#1914 = VECTOR('',#1915,1.);
#1915 = DIRECTION('',(1.,0.,0.));
#1916 = ORIENTED_EDGE('',*,*,#1917,.T.);
#1917 = EDGE_CURVE('',#1910,#1884,#1918,.T.);
#1918 = CIRCLE('',#1919,1.);
#1919 = AXIS2_PLACEMENT_3D('',#1920,#1921,#1922);
#1920 = CARTESIAN_POINT('',(0.4,-6.988751636639E-24,2.5));
#1921 = DIRECTION('',(0.,0.,1.));
#1922 = DIRECTION('',(-2.0185873175E-16,-1.,0.));
#1923 = ORIENTED_EDGE('',*,*,#1892,.T.);
#1924 = PLANE('',#1925);
#1925 = AXIS2_PLACEMENT_3D('',#1926,#1927,#1928);
#1926 = CARTESIAN_POINT('',(-8.462065736472E-17,2.707861035671E-17,2.5)
  );
#1927 = DIRECTION('',(0.,0.,1.));
#1928 = DIRECTION('',(1.,0.,0.));
#1929 = ADVANCED_FACE('',(#1930),#1942,.T.);
#1930 = FACE_BOUND('',#1931,.F.);
#1931 = EDGE_LOOP('',(#1932,#1933,#1934,#1941));
#1932 = ORIENTED_EDGE('',*,*,#1792,.T.);
#1933 = ORIENTED_EDGE('',*,*,#1909,.T.);
#1934 = ORIENTED_EDGE('',*,*,#1935,.F.);
#1935 = EDGE_CURVE('',#1843,#1910,#1936,.T.);
#1936 = CIRCLE('',#1937,0.1);
#1937 = AXIS2_PLACEMENT_3D('',#1938,#1939,#1940);
#1938 = CARTESIAN_POINT('',(0.4,-1.,2.4));
#1939 = DIRECTION('',(-1.,0.,0.));
#1940 = DIRECTION('',(0.,-1.,0.));
#1941 = ORIENTED_EDGE('',*,*,#1842,.F.);
#1942 = CYLINDRICAL_SURFACE('',#1943,0.1);
#1943 = AXIS2_PLACEMENT_3D('',#1944,#1945,#1946);
#1944 = CARTESIAN_POINT('',(-0.4,-1.,2.4));
#1945 = DIRECTION('',(1.,0.,0.));
#1946 = DIRECTION('',(0.,-1.,0.));
#1947 = ADVANCED_FACE('',(#1948),#1954,.T.);
#1948 = FACE_BOUND('',#1949,.T.);
#1949 = EDGE_LOOP('',(#1950,#1951,#1952,#1953));
#1950 = ORIENTED_EDGE('',*,*,#1935,.F.);
#1951 = ORIENTED_EDGE('',*,*,#1866,.T.);
#1952 = ORIENTED_EDGE('',*,*,#1883,.T.);
#1953 = ORIENTED_EDGE('',*,*,#1917,.F.);
#1954 = TOROIDAL_SURFACE('',#1955,1.,0.1);
#1955 = AXIS2_PLACEMENT_3D('',#1956,#1957,#1958);
#1956 = CARTESIAN_POINT('',(0.4,-6.988751636639E-24,2.4));
#1957 = DIRECTION('',(0.,0.,1.));
#1958 = DIRECTION('',(-2.0185873175E-16,-1.,0.));
#1959 = ( GEOMETRIC_REPRESENTATION_CONTEXT(3) 
GLOBAL_UNCERTAINTY_ASSIGNED_CONTEXT((#1963)) 
GLOBAL_UNIT_ASSIGNED_CONTEXT((#1960,#1961,#1962)) REPRESENTATION_CONTEXT
('Context #1','3D Context with UNIT and UNCERTAINTY') );
#1960 = ( LENGTH_UNIT() NAMED_UNIT(*) SI_UNIT(.MILLI.,.METRE.) );
#1961 = ( NAMED_UNIT(*) PLANE_ANGLE_UNIT() SI_UNIT($,.RADIAN.) );
#1962 = ( NAMED_UNIT(*) SI_UNIT($,.STERADIAN.) SOLID_ANGLE_UNIT() );
#1963 = UNCERTAINTY_MEASURE_WITH_UNIT(LENGTH_MEASURE(1.E-07),#1960,
  'distance_accuracy_value','confusion accuracy');
#1964 = CONTEXT_DEPENDENT_SHAPE_REPRESENTATION(#1965,#1967);
#1965 = ( REPRESENTATION_RELATIONSHIP('','',#1702,#10) 
REPRESENTATION_RELATIONSHIP_WITH_TRANSFORMATION(#1966) 
SHAPE_REPRESENTATION_RELATIONSHIP() );
#1966 = ITEM_DEFINED_TRANSFORMATION('','',#11,#23);
#1967 = PRODUCT_DEFINITION_SHAPE('Placement','Placement of an item',
  #1968);
#1968 = NEXT_ASSEMBLY_USAGE_OCCURRENCE('7','Plastic_Plunger','',#5,#1697
  ,$);
#1969 = PRODUCT_RELATED_PRODUCT_CATEGORY('part',$,(#1699));
#1970 = SHAPE_DEFINITION_REPRESENTATION(#1971,#1977);
#1971 = PRODUCT_DEFINITION_SHAPE('','',#1972);
#1972 = PRODUCT_DEFINITION('design','',#1973,#1976);
#1973 = PRODUCT_DEFINITION_FORMATION('','',#1974);
#1974 = PRODUCT('Contacts','Contacts','',(#1975));
#1975 = PRODUCT_CONTEXT('',#2,'mechanical');
#1976 = PRODUCT_DEFINITION_CONTEXT('part definition',#2,'design');
#1977 = ADVANCED_BREP_SHAPE_REPRESENTATION('',(#11,#1978),#3252);
#1978 = MANIFOLD_SOLID_BREP('',#1979);
#1979 = CLOSED_SHELL('',(#1980,#2020,#2083,#2146,#2255,#2272,#2284,#2315
    ,#2346,#2377,#2408,#2465,#2489,#2539,#2596,#2620,#2670,#2727,#2751,
    #2801,#2858,#2882,#2932,#2949,#2966,#2983,#3000,#3017,#3034,#3051,
    #3063,#3080,#3097,#3114,#3126,#3143,#3160,#3177,#3189,#3206,#3223,
    #3240));
#1980 = ADVANCED_FACE('',(#1981),#2015,.F.);
#1981 = FACE_BOUND('',#1982,.F.);
#1982 = EDGE_LOOP('',(#1983,#1993,#2001,#2009));
#1983 = ORIENTED_EDGE('',*,*,#1984,.T.);
#1984 = EDGE_CURVE('',#1985,#1987,#1989,.T.);
#1985 = VERTEX_POINT('',#1986);
#1986 = CARTESIAN_POINT('',(-1.944154,-1.43833,0.1));
#1987 = VERTEX_POINT('',#1988);
#1988 = CARTESIAN_POINT('',(-1.944154,-1.43833,0.11));
#1989 = LINE('',#1990,#1991);
#1990 = CARTESIAN_POINT('',(-1.944154,-1.43833,0.1));
#1991 = VECTOR('',#1992,1.);
#1992 = DIRECTION('',(0.,0.,1.));
#1993 = ORIENTED_EDGE('',*,*,#1994,.T.);
#1994 = EDGE_CURVE('',#1987,#1995,#1997,.T.);
#1995 = VERTEX_POINT('',#1996);
#1996 = CARTESIAN_POINT('',(1.940423,-1.43833,0.11));
#1997 = LINE('',#1998,#1999);
#1998 = CARTESIAN_POINT('',(-1.944154,-1.43833,0.11));
#1999 = VECTOR('',#2000,1.);
#2000 = DIRECTION('',(1.,0.,0.));
#2001 = ORIENTED_EDGE('',*,*,#2002,.F.);
#2002 = EDGE_CURVE('',#2003,#1995,#2005,.T.);
#2003 = VERTEX_POINT('',#2004);
#2004 = CARTESIAN_POINT('',(1.940423,-1.43833,0.1));
#2005 = LINE('',#2006,#2007);
#2006 = CARTESIAN_POINT('',(1.940423,-1.43833,0.1));
#2007 = VECTOR('',#2008,1.);
#2008 = DIRECTION('',(0.,0.,1.));
#2009 = ORIENTED_EDGE('',*,*,#2010,.F.);
#2010 = EDGE_CURVE('',#1985,#2003,#2011,.T.);
#2011 = LINE('',#2012,#2013);
#2012 = CARTESIAN_POINT('',(-1.944154,-1.43833,0.1));
#2013 = VECTOR('',#2014,1.);
#2014 = DIRECTION('',(1.,0.,0.));
#2015 = PLANE('',#2016);
#2016 = AXIS2_PLACEMENT_3D('',#2017,#2018,#2019);
#2017 = CARTESIAN_POINT('',(-1.944154,-1.43833,0.1));
#2018 = DIRECTION('',(0.,1.,0.));
#2019 = DIRECTION('',(1.,0.,0.));
#2020 = ADVANCED_FACE('',(#2021),#2078,.F.);
#2021 = FACE_BOUND('',#2022,.F.);
#2022 = EDGE_LOOP('',(#2023,#2033,#2039,#2040,#2048,#2056,#2064,#2072));
#2023 = ORIENTED_EDGE('',*,*,#2024,.T.);
#2024 = EDGE_CURVE('',#2025,#2027,#2029,.T.);
#2025 = VERTEX_POINT('',#2026);
#2026 = CARTESIAN_POINT('',(-1.944154,1.436256,0.1));
#2027 = VERTEX_POINT('',#2028);
#2028 = CARTESIAN_POINT('',(-1.944154,1.436256,0.11));
#2029 = LINE('',#2030,#2031);
#2030 = CARTESIAN_POINT('',(-1.944154,1.436256,0.1));
#2031 = VECTOR('',#2032,1.);
#2032 = DIRECTION('',(0.,0.,1.));
#2033 = ORIENTED_EDGE('',*,*,#2034,.T.);
#2034 = EDGE_CURVE('',#2027,#1987,#2035,.T.);
#2035 = LINE('',#2036,#2037);
#2036 = CARTESIAN_POINT('',(-1.944154,1.436256,0.11));
#2037 = VECTOR('',#2038,1.);
#2038 = DIRECTION('',(0.,-1.,0.));
#2039 = ORIENTED_EDGE('',*,*,#1984,.F.);
#2040 = ORIENTED_EDGE('',*,*,#2041,.F.);
#2041 = EDGE_CURVE('',#2042,#1985,#2044,.T.);
#2042 = VERTEX_POINT('',#2043);
#2043 = CARTESIAN_POINT('',(-1.944154,-1.375,0.1));
#2044 = LINE('',#2045,#2046);
#2045 = CARTESIAN_POINT('',(-1.944154,1.436256,0.1));
#2046 = VECTOR('',#2047,1.);
#2047 = DIRECTION('',(0.,-1.,0.));
#2048 = ORIENTED_EDGE('',*,*,#2049,.F.);
#2049 = EDGE_CURVE('',#2050,#2042,#2052,.T.);
#2050 = VERTEX_POINT('',#2051);
#2051 = CARTESIAN_POINT('',(-1.944154,-0.825,0.1));
#2052 = LINE('',#2053,#2054);
#2053 = CARTESIAN_POINT('',(-1.944154,1.436256,0.1));
#2054 = VECTOR('',#2055,1.);
#2055 = DIRECTION('',(0.,-1.,0.));
#2056 = ORIENTED_EDGE('',*,*,#2057,.F.);
#2057 = EDGE_CURVE('',#2058,#2050,#2060,.T.);
#2058 = VERTEX_POINT('',#2059);
#2059 = CARTESIAN_POINT('',(-1.944154,0.825,0.1));
#2060 = LINE('',#2061,#2062);
#2061 = CARTESIAN_POINT('',(-1.944154,1.436256,0.1));
#2062 = VECTOR('',#2063,1.);
#2063 = DIRECTION('',(0.,-1.,0.));
#2064 = ORIENTED_EDGE('',*,*,#2065,.F.);
#2065 = EDGE_CURVE('',#2066,#2058,#2068,.T.);
#2066 = VERTEX_POINT('',#2067);
#2067 = CARTESIAN_POINT('',(-1.944154,1.375,0.1));
#2068 = LINE('',#2069,#2070);
#2069 = CARTESIAN_POINT('',(-1.944154,1.436256,0.1));
#2070 = VECTOR('',#2071,1.);
#2071 = DIRECTION('',(0.,-1.,0.));
#2072 = ORIENTED_EDGE('',*,*,#2073,.F.);
#2073 = EDGE_CURVE('',#2025,#2066,#2074,.T.);
#2074 = LINE('',#2075,#2076);
#2075 = CARTESIAN_POINT('',(-1.944154,1.436256,0.1));
#2076 = VECTOR('',#2077,1.);
#2077 = DIRECTION('',(0.,-1.,0.));
#2078 = PLANE('',#2079);
#2079 = AXIS2_PLACEMENT_3D('',#2080,#2081,#2082);
#2080 = CARTESIAN_POINT('',(-1.944154,1.436256,0.1));
#2081 = DIRECTION('',(1.,0.,0.));
#2082 = DIRECTION('',(0.,-1.,0.));
#2083 = ADVANCED_FACE('',(#2084),#2141,.F.);
#2084 = FACE_BOUND('',#2085,.F.);
#2085 = EDGE_LOOP('',(#2086,#2087,#2095,#2103,#2111,#2119,#2127,#2135));
#2086 = ORIENTED_EDGE('',*,*,#2002,.T.);
#2087 = ORIENTED_EDGE('',*,*,#2088,.T.);
#2088 = EDGE_CURVE('',#1995,#2089,#2091,.T.);
#2089 = VERTEX_POINT('',#2090);
#2090 = CARTESIAN_POINT('',(1.940423,1.436256,0.11));
#2091 = LINE('',#2092,#2093);
#2092 = CARTESIAN_POINT('',(1.940423,-1.43833,0.11));
#2093 = VECTOR('',#2094,1.);
#2094 = DIRECTION('',(0.,1.,0.));
#2095 = ORIENTED_EDGE('',*,*,#2096,.F.);
#2096 = EDGE_CURVE('',#2097,#2089,#2099,.T.);
#2097 = VERTEX_POINT('',#2098);
#2098 = CARTESIAN_POINT('',(1.940423,1.436256,0.1));
#2099 = LINE('',#2100,#2101);
#2100 = CARTESIAN_POINT('',(1.940423,1.436256,0.1));
#2101 = VECTOR('',#2102,1.);
#2102 = DIRECTION('',(0.,0.,1.));
#2103 = ORIENTED_EDGE('',*,*,#2104,.F.);
#2104 = EDGE_CURVE('',#2105,#2097,#2107,.T.);
#2105 = VERTEX_POINT('',#2106);
#2106 = CARTESIAN_POINT('',(1.940423,1.375,0.1));
#2107 = LINE('',#2108,#2109);
#2108 = CARTESIAN_POINT('',(1.940423,-1.43833,0.1));
#2109 = VECTOR('',#2110,1.);
#2110 = DIRECTION('',(0.,1.,0.));
#2111 = ORIENTED_EDGE('',*,*,#2112,.F.);
#2112 = EDGE_CURVE('',#2113,#2105,#2115,.T.);
#2113 = VERTEX_POINT('',#2114);
#2114 = CARTESIAN_POINT('',(1.940423,0.825,0.1));
#2115 = LINE('',#2116,#2117);
#2116 = CARTESIAN_POINT('',(1.940423,-1.43833,0.1));
#2117 = VECTOR('',#2118,1.);
#2118 = DIRECTION('',(0.,1.,0.));
#2119 = ORIENTED_EDGE('',*,*,#2120,.F.);
#2120 = EDGE_CURVE('',#2121,#2113,#2123,.T.);
#2121 = VERTEX_POINT('',#2122);
#2122 = CARTESIAN_POINT('',(1.940423,-0.825,0.1));
#2123 = LINE('',#2124,#2125);
#2124 = CARTESIAN_POINT('',(1.940423,-1.43833,0.1));
#2125 = VECTOR('',#2126,1.);
#2126 = DIRECTION('',(0.,1.,0.));
#2127 = ORIENTED_EDGE('',*,*,#2128,.F.);
#2128 = EDGE_CURVE('',#2129,#2121,#2131,.T.);
#2129 = VERTEX_POINT('',#2130);
#2130 = CARTESIAN_POINT('',(1.940423,-1.375,0.1));
#2131 = LINE('',#2132,#2133);
#2132 = CARTESIAN_POINT('',(1.940423,-1.43833,0.1));
#2133 = VECTOR('',#2134,1.);
#2134 = DIRECTION('',(0.,1.,0.));
#2135 = ORIENTED_EDGE('',*,*,#2136,.F.);
#2136 = EDGE_CURVE('',#2003,#2129,#2137,.T.);
#2137 = LINE('',#2138,#2139);
#2138 = CARTESIAN_POINT('',(1.940423,-1.43833,0.1));
#2139 = VECTOR('',#2140,1.);
#2140 = DIRECTION('',(0.,1.,0.));
#2141 = PLANE('',#2142);
#2142 = AXIS2_PLACEMENT_3D('',#2143,#2144,#2145);
#2143 = CARTESIAN_POINT('',(1.940423,-1.43833,0.1));
#2144 = DIRECTION('',(-1.,0.,0.));
#2145 = DIRECTION('',(0.,1.,0.));
#2146 = ADVANCED_FACE('',(#2147),#2250,.F.);
#2147 = FACE_BOUND('',#2148,.F.);
#2148 = EDGE_LOOP('',(#2149,#2157,#2158,#2159,#2160,#2168,#2176,#2182,
    #2183,#2191,#2199,#2205,#2206,#2212,#2213,#2221,#2229,#2235,#2236,
    #2244));
#2149 = ORIENTED_EDGE('',*,*,#2150,.F.);
#2150 = EDGE_CURVE('',#2042,#2151,#2153,.T.);
#2151 = VERTEX_POINT('',#2152);
#2152 = CARTESIAN_POINT('',(-1.1,-1.375,0.1));
#2153 = LINE('',#2154,#2155);
#2154 = CARTESIAN_POINT('',(-2.1,-1.375,0.1));
#2155 = VECTOR('',#2156,1.);
#2156 = DIRECTION('',(1.,0.,0.));
#2157 = ORIENTED_EDGE('',*,*,#2041,.T.);
#2158 = ORIENTED_EDGE('',*,*,#2010,.T.);
#2159 = ORIENTED_EDGE('',*,*,#2136,.T.);
#2160 = ORIENTED_EDGE('',*,*,#2161,.T.);
#2161 = EDGE_CURVE('',#2129,#2162,#2164,.T.);
#2162 = VERTEX_POINT('',#2163);
#2163 = CARTESIAN_POINT('',(1.1,-1.375,0.1));
#2164 = LINE('',#2165,#2166);
#2165 = CARTESIAN_POINT('',(2.1,-1.375,0.1));
#2166 = VECTOR('',#2167,1.);
#2167 = DIRECTION('',(-1.,2.22044604925E-16,-2.22044604925E-16));
#2168 = ORIENTED_EDGE('',*,*,#2169,.F.);
#2169 = EDGE_CURVE('',#2170,#2162,#2172,.T.);
#2170 = VERTEX_POINT('',#2171);
#2171 = CARTESIAN_POINT('',(1.1,-0.825,0.1));
#2172 = LINE('',#2173,#2174);
#2173 = CARTESIAN_POINT('',(1.1,-0.825,0.1));
#2174 = VECTOR('',#2175,1.);
#2175 = DIRECTION('',(-2.22044604925E-16,-1.,2.22044604925E-16));
#2176 = ORIENTED_EDGE('',*,*,#2177,.F.);
#2177 = EDGE_CURVE('',#2121,#2170,#2178,.T.);
#2178 = LINE('',#2179,#2180);
#2179 = CARTESIAN_POINT('',(2.1,-0.825,0.1));
#2180 = VECTOR('',#2181,1.);
#2181 = DIRECTION('',(-1.,2.22044604925E-16,-2.22044604925E-16));
#2182 = ORIENTED_EDGE('',*,*,#2120,.T.);
#2183 = ORIENTED_EDGE('',*,*,#2184,.T.);
#2184 = EDGE_CURVE('',#2113,#2185,#2187,.T.);
#2185 = VERTEX_POINT('',#2186);
#2186 = CARTESIAN_POINT('',(1.1,0.825,0.1));
#2187 = LINE('',#2188,#2189);
#2188 = CARTESIAN_POINT('',(2.1,0.825,0.1));
#2189 = VECTOR('',#2190,1.);
#2190 = DIRECTION('',(-1.,2.22044604925E-16,-2.22044604925E-16));
#2191 = ORIENTED_EDGE('',*,*,#2192,.T.);
#2192 = EDGE_CURVE('',#2185,#2193,#2195,.T.);
#2193 = VERTEX_POINT('',#2194);
#2194 = CARTESIAN_POINT('',(1.1,1.375,0.1));
#2195 = LINE('',#2196,#2197);
#2196 = CARTESIAN_POINT('',(1.1,0.825,0.1));
#2197 = VECTOR('',#2198,1.);
#2198 = DIRECTION('',(2.22044604925E-16,1.,2.22044604925E-16));
#2199 = ORIENTED_EDGE('',*,*,#2200,.F.);
#2200 = EDGE_CURVE('',#2105,#2193,#2201,.T.);
#2201 = LINE('',#2202,#2203);
#2202 = CARTESIAN_POINT('',(2.1,1.375,0.1));
#2203 = VECTOR('',#2204,1.);
#2204 = DIRECTION('',(-1.,2.22044604925E-16,-2.22044604925E-16));
#2205 = ORIENTED_EDGE('',*,*,#2104,.T.);
#2206 = ORIENTED_EDGE('',*,*,#2207,.T.);
#2207 = EDGE_CURVE('',#2097,#2025,#2208,.T.);
#2208 = LINE('',#2209,#2210);
#2209 = CARTESIAN_POINT('',(1.940423,1.436256,0.1));
#2210 = VECTOR('',#2211,1.);
#2211 = DIRECTION('',(-1.,0.,0.));
#2212 = ORIENTED_EDGE('',*,*,#2073,.T.);
#2213 = ORIENTED_EDGE('',*,*,#2214,.T.);
#2214 = EDGE_CURVE('',#2066,#2215,#2217,.T.);
#2215 = VERTEX_POINT('',#2216);
#2216 = CARTESIAN_POINT('',(-1.1,1.375,0.1));
#2217 = LINE('',#2218,#2219);
#2218 = CARTESIAN_POINT('',(-2.1,1.375,0.1));
#2219 = VECTOR('',#2220,1.);
#2220 = DIRECTION('',(1.,0.,0.));
#2221 = ORIENTED_EDGE('',*,*,#2222,.F.);
#2222 = EDGE_CURVE('',#2223,#2215,#2225,.T.);
#2223 = VERTEX_POINT('',#2224);
#2224 = CARTESIAN_POINT('',(-1.1,0.825,0.1));
#2225 = LINE('',#2226,#2227);
#2226 = CARTESIAN_POINT('',(-1.1,0.825,0.1));
#2227 = VECTOR('',#2228,1.);
#2228 = DIRECTION('',(0.,1.,2.22044604925E-16));
#2229 = ORIENTED_EDGE('',*,*,#2230,.F.);
#2230 = EDGE_CURVE('',#2058,#2223,#2231,.T.);
#2231 = LINE('',#2232,#2233);
#2232 = CARTESIAN_POINT('',(-2.1,0.825,0.1));
#2233 = VECTOR('',#2234,1.);
#2234 = DIRECTION('',(1.,0.,0.));
#2235 = ORIENTED_EDGE('',*,*,#2057,.T.);
#2236 = ORIENTED_EDGE('',*,*,#2237,.T.);
#2237 = EDGE_CURVE('',#2050,#2238,#2240,.T.);
#2238 = VERTEX_POINT('',#2239);
#2239 = CARTESIAN_POINT('',(-1.1,-0.825,0.1));
#2240 = LINE('',#2241,#2242);
#2241 = CARTESIAN_POINT('',(-2.1,-0.825,0.1));
#2242 = VECTOR('',#2243,1.);
#2243 = DIRECTION('',(1.,0.,0.));
#2244 = ORIENTED_EDGE('',*,*,#2245,.T.);
#2245 = EDGE_CURVE('',#2238,#2151,#2246,.T.);
#2246 = LINE('',#2247,#2248);
#2247 = CARTESIAN_POINT('',(-1.1,-0.825,0.1));
#2248 = VECTOR('',#2249,1.);
#2249 = DIRECTION('',(0.,-1.,2.22044604925E-16));
#2250 = PLANE('',#2251);
#2251 = AXIS2_PLACEMENT_3D('',#2252,#2253,#2254);
#2252 = CARTESIAN_POINT('',(-1.8655E-03,-1.037E-03,1.E-01));
#2253 = DIRECTION('',(-9.388880275269E-34,-1.714551986296E-33,1.));
#2254 = DIRECTION('',(0.,1.,1.714551986296E-33));
#2255 = ADVANCED_FACE('',(#2256),#2267,.T.);
#2256 = FACE_BOUND('',#2257,.T.);
#2257 = EDGE_LOOP('',(#2258,#2259,#2260,#2266));
#2258 = ORIENTED_EDGE('',*,*,#1994,.T.);
#2259 = ORIENTED_EDGE('',*,*,#2088,.T.);
#2260 = ORIENTED_EDGE('',*,*,#2261,.T.);
#2261 = EDGE_CURVE('',#2089,#2027,#2262,.T.);
#2262 = LINE('',#2263,#2264);
#2263 = CARTESIAN_POINT('',(1.940423,1.436256,0.11));
#2264 = VECTOR('',#2265,1.);
#2265 = DIRECTION('',(-1.,0.,0.));
#2266 = ORIENTED_EDGE('',*,*,#2034,.T.);
#2267 = PLANE('',#2268);
#2268 = AXIS2_PLACEMENT_3D('',#2269,#2270,#2271);
#2269 = CARTESIAN_POINT('',(-1.8655E-03,-1.037E-03,0.11));
#2270 = DIRECTION('',(-9.388880275269E-34,-1.714551986296E-33,1.));
#2271 = DIRECTION('',(0.,1.,1.714551986296E-33));
#2272 = ADVANCED_FACE('',(#2273),#2279,.F.);
#2273 = FACE_BOUND('',#2274,.F.);
#2274 = EDGE_LOOP('',(#2275,#2276,#2277,#2278));
#2275 = ORIENTED_EDGE('',*,*,#2096,.T.);
#2276 = ORIENTED_EDGE('',*,*,#2261,.T.);
#2277 = ORIENTED_EDGE('',*,*,#2024,.F.);
#2278 = ORIENTED_EDGE('',*,*,#2207,.F.);
#2279 = PLANE('',#2280);
#2280 = AXIS2_PLACEMENT_3D('',#2281,#2282,#2283);
#2281 = CARTESIAN_POINT('',(1.940423,1.436256,0.1));
#2282 = DIRECTION('',(-0.,-1.,-0.));
#2283 = DIRECTION('',(-1.,0.,0.));
#2284 = ADVANCED_FACE('',(#2285),#2310,.T.);
#2285 = FACE_BOUND('',#2286,.F.);
#2286 = EDGE_LOOP('',(#2287,#2295,#2303,#2309));
#2287 = ORIENTED_EDGE('',*,*,#2288,.F.);
#2288 = EDGE_CURVE('',#2289,#2058,#2291,.T.);
#2289 = VERTEX_POINT('',#2290);
#2290 = CARTESIAN_POINT('',(-2.1,0.825,0.1));
#2291 = LINE('',#2292,#2293);
#2292 = CARTESIAN_POINT('',(-2.1,0.825,0.1));
#2293 = VECTOR('',#2294,1.);
#2294 = DIRECTION('',(1.,0.,0.));
#2295 = ORIENTED_EDGE('',*,*,#2296,.T.);
#2296 = EDGE_CURVE('',#2289,#2297,#2299,.T.);
#2297 = VERTEX_POINT('',#2298);
#2298 = CARTESIAN_POINT('',(-2.1,1.375,0.1));
#2299 = LINE('',#2300,#2301);
#2300 = CARTESIAN_POINT('',(-2.1,0.825,0.1));
#2301 = VECTOR('',#2302,1.);
#2302 = DIRECTION('',(0.,1.,2.22044604925E-16));
#2303 = ORIENTED_EDGE('',*,*,#2304,.T.);
#2304 = EDGE_CURVE('',#2297,#2066,#2305,.T.);
#2305 = LINE('',#2306,#2307);
#2306 = CARTESIAN_POINT('',(-2.1,1.375,0.1));
#2307 = VECTOR('',#2308,1.);
#2308 = DIRECTION('',(1.,0.,0.));
#2309 = ORIENTED_EDGE('',*,*,#2065,.T.);
#2310 = PLANE('',#2311);
#2311 = AXIS2_PLACEMENT_3D('',#2312,#2313,#2314);
#2312 = CARTESIAN_POINT('',(-2.1,0.825,0.1));
#2313 = DIRECTION('',(0.,-2.22044604925E-16,1.));
#2314 = DIRECTION('',(-1.,-0.,-0.));
#2315 = ADVANCED_FACE('',(#2316),#2341,.T.);
#2316 = FACE_BOUND('',#2317,.T.);
#2317 = EDGE_LOOP('',(#2318,#2326,#2334,#2340));
#2318 = ORIENTED_EDGE('',*,*,#2319,.F.);
#2319 = EDGE_CURVE('',#2320,#2050,#2322,.T.);
#2320 = VERTEX_POINT('',#2321);
#2321 = CARTESIAN_POINT('',(-2.1,-0.825,0.1));
#2322 = LINE('',#2323,#2324);
#2323 = CARTESIAN_POINT('',(-2.1,-0.825,0.1));
#2324 = VECTOR('',#2325,1.);
#2325 = DIRECTION('',(1.,0.,0.));
#2326 = ORIENTED_EDGE('',*,*,#2327,.T.);
#2327 = EDGE_CURVE('',#2320,#2328,#2330,.T.);
#2328 = VERTEX_POINT('',#2329);
#2329 = CARTESIAN_POINT('',(-2.1,-1.375,0.1));
#2330 = LINE('',#2331,#2332);
#2331 = CARTESIAN_POINT('',(-2.1,-0.825,0.1));
#2332 = VECTOR('',#2333,1.);
#2333 = DIRECTION('',(0.,-1.,2.22044604925E-16));
#2334 = ORIENTED_EDGE('',*,*,#2335,.T.);
#2335 = EDGE_CURVE('',#2328,#2042,#2336,.T.);
#2336 = LINE('',#2337,#2338);
#2337 = CARTESIAN_POINT('',(-2.1,-1.375,0.1));
#2338 = VECTOR('',#2339,1.);
#2339 = DIRECTION('',(1.,0.,0.));
#2340 = ORIENTED_EDGE('',*,*,#2049,.F.);
#2341 = PLANE('',#2342);
#2342 = AXIS2_PLACEMENT_3D('',#2343,#2344,#2345);
#2343 = CARTESIAN_POINT('',(-2.1,-0.825,0.1));
#2344 = DIRECTION('',(0.,2.22044604925E-16,1.));
#2345 = DIRECTION('',(1.,0.,0.));
#2346 = ADVANCED_FACE('',(#2347),#2372,.T.);
#2347 = FACE_BOUND('',#2348,.F.);
#2348 = EDGE_LOOP('',(#2349,#2357,#2365,#2371));
#2349 = ORIENTED_EDGE('',*,*,#2350,.F.);
#2350 = EDGE_CURVE('',#2351,#2121,#2353,.T.);
#2351 = VERTEX_POINT('',#2352);
#2352 = CARTESIAN_POINT('',(2.1,-0.825,0.1));
#2353 = LINE('',#2354,#2355);
#2354 = CARTESIAN_POINT('',(2.1,-0.825,0.1));
#2355 = VECTOR('',#2356,1.);
#2356 = DIRECTION('',(-1.,2.22044604925E-16,-2.22044604925E-16));
#2357 = ORIENTED_EDGE('',*,*,#2358,.T.);
#2358 = EDGE_CURVE('',#2351,#2359,#2361,.T.);
#2359 = VERTEX_POINT('',#2360);
#2360 = CARTESIAN_POINT('',(2.1,-1.375,0.1));
#2361 = LINE('',#2362,#2363);
#2362 = CARTESIAN_POINT('',(2.1,-0.825,0.1));
#2363 = VECTOR('',#2364,1.);
#2364 = DIRECTION('',(-2.22044604925E-16,-1.,2.22044604925E-16));
#2365 = ORIENTED_EDGE('',*,*,#2366,.T.);
#2366 = EDGE_CURVE('',#2359,#2129,#2367,.T.);
#2367 = LINE('',#2368,#2369);
#2368 = CARTESIAN_POINT('',(2.1,-1.375,0.1));
#2369 = VECTOR('',#2370,1.);
#2370 = DIRECTION('',(-1.,2.22044604925E-16,-2.22044604925E-16));
#2371 = ORIENTED_EDGE('',*,*,#2128,.T.);
#2372 = PLANE('',#2373);
#2373 = AXIS2_PLACEMENT_3D('',#2374,#2375,#2376);
#2374 = CARTESIAN_POINT('',(2.1,-0.825,0.1));
#2375 = DIRECTION('',(-2.22044604925E-16,2.22044604925E-16,1.));
#2376 = DIRECTION('',(1.,-2.22044604925E-16,2.22044604925E-16));
#2377 = ADVANCED_FACE('',(#2378),#2403,.T.);
#2378 = FACE_BOUND('',#2379,.T.);
#2379 = EDGE_LOOP('',(#2380,#2388,#2396,#2402));
#2380 = ORIENTED_EDGE('',*,*,#2381,.F.);
#2381 = EDGE_CURVE('',#2382,#2113,#2384,.T.);
#2382 = VERTEX_POINT('',#2383);
#2383 = CARTESIAN_POINT('',(2.1,0.825,0.1));
#2384 = LINE('',#2385,#2386);
#2385 = CARTESIAN_POINT('',(2.1,0.825,0.1));
#2386 = VECTOR('',#2387,1.);
#2387 = DIRECTION('',(-1.,2.22044604925E-16,-2.22044604925E-16));
#2388 = ORIENTED_EDGE('',*,*,#2389,.T.);
#2389 = EDGE_CURVE('',#2382,#2390,#2392,.T.);
#2390 = VERTEX_POINT('',#2391);
#2391 = CARTESIAN_POINT('',(2.1,1.375,0.1));
#2392 = LINE('',#2393,#2394);
#2393 = CARTESIAN_POINT('',(2.1,0.825,0.1));
#2394 = VECTOR('',#2395,1.);
#2395 = DIRECTION('',(2.22044604925E-16,1.,2.22044604925E-16));
#2396 = ORIENTED_EDGE('',*,*,#2397,.T.);
#2397 = EDGE_CURVE('',#2390,#2105,#2398,.T.);
#2398 = LINE('',#2399,#2400);
#2399 = CARTESIAN_POINT('',(2.1,1.375,0.1));
#2400 = VECTOR('',#2401,1.);
#2401 = DIRECTION('',(-1.,2.22044604925E-16,-2.22044604925E-16));
#2402 = ORIENTED_EDGE('',*,*,#2112,.F.);
#2403 = PLANE('',#2404);
#2404 = AXIS2_PLACEMENT_3D('',#2405,#2406,#2407);
#2405 = CARTESIAN_POINT('',(2.1,0.825,0.1));
#2406 = DIRECTION('',(-2.22044604925E-16,-2.22044604925E-16,1.));
#2407 = DIRECTION('',(-1.,2.22044604925E-16,-2.22044604925E-16));
#2408 = ADVANCED_FACE('',(#2409),#2460,.F.);
#2409 = FACE_BOUND('',#2410,.F.);
#2410 = EDGE_LOOP('',(#2411,#2421,#2427,#2428,#2429,#2437,#2445,#2454));
#2411 = ORIENTED_EDGE('',*,*,#2412,.T.);
#2412 = EDGE_CURVE('',#2413,#2415,#2417,.T.);
#2413 = VERTEX_POINT('',#2414);
#2414 = CARTESIAN_POINT('',(-2.3,-1.375,0.475025105414));
#2415 = VERTEX_POINT('',#2416);
#2416 = CARTESIAN_POINT('',(-2.203168937626,-1.375,0.5));
#2417 = LINE('',#2418,#2419);
#2418 = CARTESIAN_POINT('',(-2.3,-1.375,0.475025105414));
#2419 = VECTOR('',#2420,1.);
#2420 = DIRECTION('',(0.968310623737,5.545540601349E-17,0.249748945858)
  );
#2421 = ORIENTED_EDGE('',*,*,#2422,.T.);
#2422 = EDGE_CURVE('',#2415,#2328,#2423,.T.);
#2423 = LINE('',#2424,#2425);
#2424 = CARTESIAN_POINT('',(-2.203168937626,-1.375,0.5));
#2425 = VECTOR('',#2426,1.);
#2426 = DIRECTION('',(0.249748945858,-2.150081498925E-16,-0.968310623737
    ));
#2427 = ORIENTED_EDGE('',*,*,#2335,.T.);
#2428 = ORIENTED_EDGE('',*,*,#2150,.T.);
#2429 = ORIENTED_EDGE('',*,*,#2430,.T.);
#2430 = EDGE_CURVE('',#2151,#2431,#2433,.T.);
#2431 = VERTEX_POINT('',#2432);
#2432 = CARTESIAN_POINT('',(-1.1,-1.375,3.053113317719E-16));
#2433 = LINE('',#2434,#2435);
#2434 = CARTESIAN_POINT('',(-1.1,-1.375,0.1));
#2435 = VECTOR('',#2436,1.);
#2436 = DIRECTION('',(0.,-2.22044604925E-16,-1.));
#2437 = ORIENTED_EDGE('',*,*,#2438,.F.);
#2438 = EDGE_CURVE('',#2439,#2431,#2441,.T.);
#2439 = VERTEX_POINT('',#2440);
#2440 = CARTESIAN_POINT('',(-2.1,-1.375,3.053113317719E-16));
#2441 = LINE('',#2442,#2443);
#2442 = CARTESIAN_POINT('',(-2.1,-1.375,3.053113317719E-16));
#2443 = VECTOR('',#2444,1.);
#2444 = DIRECTION('',(1.,0.,0.));
#2445 = ORIENTED_EDGE('',*,*,#2446,.F.);
#2446 = EDGE_CURVE('',#2447,#2439,#2449,.T.);
#2447 = VERTEX_POINT('',#2448);
#2448 = CARTESIAN_POINT('',(-2.196831062374,-1.375,7.50251054142E-02));
#2449 = CIRCLE('',#2450,0.1);
#2450 = AXIS2_PLACEMENT_3D('',#2451,#2452,#2453);
#2451 = CARTESIAN_POINT('',(-2.1,-1.375,0.1));
#2452 = DIRECTION('',(0.,-1.,2.22044604925E-16));
#2453 = DIRECTION('',(1.,0.,0.));
#2454 = ORIENTED_EDGE('',*,*,#2455,.F.);
#2455 = EDGE_CURVE('',#2413,#2447,#2456,.T.);
#2456 = LINE('',#2457,#2458);
#2457 = CARTESIAN_POINT('',(-2.3,-1.375,0.475025105414));
#2458 = VECTOR('',#2459,1.);
#2459 = DIRECTION('',(0.249748945858,-2.150081498925E-16,-0.968310623737
    ));
#2460 = PLANE('',#2461);
#2461 = AXIS2_PLACEMENT_3D('',#2462,#2463,#2464);
#2462 = CARTESIAN_POINT('',(-1.784854673165,-1.375,0.125093854365));
#2463 = DIRECTION('',(1.713751706232E-31,1.,6.963156348774E-31));
#2464 = DIRECTION('',(0.,-6.963156348774E-31,1.));
#2465 = ADVANCED_FACE('',(#2466),#2484,.T.);
#2466 = FACE_BOUND('',#2467,.T.);
#2467 = EDGE_LOOP('',(#2468,#2469,#2470,#2478));
#2468 = ORIENTED_EDGE('',*,*,#2245,.T.);
#2469 = ORIENTED_EDGE('',*,*,#2430,.T.);
#2470 = ORIENTED_EDGE('',*,*,#2471,.F.);
#2471 = EDGE_CURVE('',#2472,#2431,#2474,.T.);
#2472 = VERTEX_POINT('',#2473);
#2473 = CARTESIAN_POINT('',(-1.1,-0.825,1.831867990632E-16));
#2474 = LINE('',#2475,#2476);
#2475 = CARTESIAN_POINT('',(-1.1,-0.825,1.831867990632E-16));
#2476 = VECTOR('',#2477,1.);
#2477 = DIRECTION('',(0.,-1.,2.22044604925E-16));
#2478 = ORIENTED_EDGE('',*,*,#2479,.F.);
#2479 = EDGE_CURVE('',#2238,#2472,#2480,.T.);
#2480 = LINE('',#2481,#2482);
#2481 = CARTESIAN_POINT('',(-1.1,-0.825,0.1));
#2482 = VECTOR('',#2483,1.);
#2483 = DIRECTION('',(0.,-2.22044604925E-16,-1.));
#2484 = PLANE('',#2485);
#2485 = AXIS2_PLACEMENT_3D('',#2486,#2487,#2488);
#2486 = CARTESIAN_POINT('',(-1.1,-0.825,0.1));
#2487 = DIRECTION('',(1.,0.,0.));
#2488 = DIRECTION('',(0.,-2.22044604925E-16,-1.));
#2489 = ADVANCED_FACE('',(#2490),#2534,.T.);
#2490 = FACE_BOUND('',#2491,.T.);
#2491 = EDGE_LOOP('',(#2492,#2502,#2508,#2509,#2510,#2511,#2519,#2528));
#2492 = ORIENTED_EDGE('',*,*,#2493,.T.);
#2493 = EDGE_CURVE('',#2494,#2496,#2498,.T.);
#2494 = VERTEX_POINT('',#2495);
#2495 = CARTESIAN_POINT('',(-2.3,-0.825,0.475025105414));
#2496 = VERTEX_POINT('',#2497);
#2497 = CARTESIAN_POINT('',(-2.203168937626,-0.825,0.5));
#2498 = LINE('',#2499,#2500);
#2499 = CARTESIAN_POINT('',(-2.3,-0.825,0.475025105414));
#2500 = VECTOR('',#2501,1.);
#2501 = DIRECTION('',(0.968310623737,5.545540601349E-17,0.249748945858)
  );
#2502 = ORIENTED_EDGE('',*,*,#2503,.T.);
#2503 = EDGE_CURVE('',#2496,#2320,#2504,.T.);
#2504 = LINE('',#2505,#2506);
#2505 = CARTESIAN_POINT('',(-2.203168937626,-0.825,0.5));
#2506 = VECTOR('',#2507,1.);
#2507 = DIRECTION('',(0.249748945858,-2.150081498925E-16,-0.968310623737
    ));
#2508 = ORIENTED_EDGE('',*,*,#2319,.T.);
#2509 = ORIENTED_EDGE('',*,*,#2237,.T.);
#2510 = ORIENTED_EDGE('',*,*,#2479,.T.);
#2511 = ORIENTED_EDGE('',*,*,#2512,.F.);
#2512 = EDGE_CURVE('',#2513,#2472,#2515,.T.);
#2513 = VERTEX_POINT('',#2514);
#2514 = CARTESIAN_POINT('',(-2.1,-0.825,1.831867990632E-16));
#2515 = LINE('',#2516,#2517);
#2516 = CARTESIAN_POINT('',(-2.1,-0.825,1.831867990632E-16));
#2517 = VECTOR('',#2518,1.);
#2518 = DIRECTION('',(1.,0.,0.));
#2519 = ORIENTED_EDGE('',*,*,#2520,.F.);
#2520 = EDGE_CURVE('',#2521,#2513,#2523,.T.);
#2521 = VERTEX_POINT('',#2522);
#2522 = CARTESIAN_POINT('',(-2.196831062374,-0.825,7.50251054142E-02));
#2523 = CIRCLE('',#2524,0.1);
#2524 = AXIS2_PLACEMENT_3D('',#2525,#2526,#2527);
#2525 = CARTESIAN_POINT('',(-2.1,-0.825,0.1));
#2526 = DIRECTION('',(0.,-1.,2.22044604925E-16));
#2527 = DIRECTION('',(1.,0.,0.));
#2528 = ORIENTED_EDGE('',*,*,#2529,.F.);
#2529 = EDGE_CURVE('',#2494,#2521,#2530,.T.);
#2530 = LINE('',#2531,#2532);
#2531 = CARTESIAN_POINT('',(-2.3,-0.825,0.475025105414));
#2532 = VECTOR('',#2533,1.);
#2533 = DIRECTION('',(0.249748945858,-2.150081498925E-16,-0.968310623737
    ));
#2534 = PLANE('',#2535);
#2535 = AXIS2_PLACEMENT_3D('',#2536,#2537,#2538);
#2536 = CARTESIAN_POINT('',(-1.784854673165,-0.825,0.125093854365));
#2537 = DIRECTION('',(1.713751706232E-31,1.,6.963156348774E-31));
#2538 = DIRECTION('',(0.,-6.963156348774E-31,1.));
#2539 = ADVANCED_FACE('',(#2540),#2591,.T.);
#2540 = FACE_BOUND('',#2541,.F.);
#2541 = EDGE_LOOP('',(#2542,#2552,#2558,#2559,#2560,#2568,#2576,#2585));
#2542 = ORIENTED_EDGE('',*,*,#2543,.T.);
#2543 = EDGE_CURVE('',#2544,#2546,#2548,.T.);
#2544 = VERTEX_POINT('',#2545);
#2545 = CARTESIAN_POINT('',(-2.3,0.825,0.475025105414));
#2546 = VERTEX_POINT('',#2547);
#2547 = CARTESIAN_POINT('',(-2.203168937626,0.825,0.5));
#2548 = LINE('',#2549,#2550);
#2549 = CARTESIAN_POINT('',(-2.3,0.825,0.475025105414));
#2550 = VECTOR('',#2551,1.);
#2551 = DIRECTION('',(0.968310623737,-5.545540601349E-17,0.249748945858)
  );
#2552 = ORIENTED_EDGE('',*,*,#2553,.T.);
#2553 = EDGE_CURVE('',#2546,#2289,#2554,.T.);
#2554 = LINE('',#2555,#2556);
#2555 = CARTESIAN_POINT('',(-2.203168937626,0.825,0.5));
#2556 = VECTOR('',#2557,1.);
#2557 = DIRECTION('',(0.249748945858,2.150081498925E-16,-0.968310623737)
  );
#2558 = ORIENTED_EDGE('',*,*,#2288,.T.);
#2559 = ORIENTED_EDGE('',*,*,#2230,.T.);
#2560 = ORIENTED_EDGE('',*,*,#2561,.T.);
#2561 = EDGE_CURVE('',#2223,#2562,#2564,.T.);
#2562 = VERTEX_POINT('',#2563);
#2563 = CARTESIAN_POINT('',(-1.1,0.825,1.831867990632E-16));
#2564 = LINE('',#2565,#2566);
#2565 = CARTESIAN_POINT('',(-1.1,0.825,0.1));
#2566 = VECTOR('',#2567,1.);
#2567 = DIRECTION('',(-0.,2.22044604925E-16,-1.));
#2568 = ORIENTED_EDGE('',*,*,#2569,.F.);
#2569 = EDGE_CURVE('',#2570,#2562,#2572,.T.);
#2570 = VERTEX_POINT('',#2571);
#2571 = CARTESIAN_POINT('',(-2.1,0.825,1.831867990632E-16));
#2572 = LINE('',#2573,#2574);
#2573 = CARTESIAN_POINT('',(-2.1,0.825,1.831867990632E-16));
#2574 = VECTOR('',#2575,1.);
#2575 = DIRECTION('',(1.,0.,0.));
#2576 = ORIENTED_EDGE('',*,*,#2577,.F.);
#2577 = EDGE_CURVE('',#2578,#2570,#2580,.T.);
#2578 = VERTEX_POINT('',#2579);
#2579 = CARTESIAN_POINT('',(-2.196831062374,0.825,7.50251054142E-02));
#2580 = CIRCLE('',#2581,0.1);
#2581 = AXIS2_PLACEMENT_3D('',#2582,#2583,#2584);
#2582 = CARTESIAN_POINT('',(-2.1,0.825,0.1));
#2583 = DIRECTION('',(0.,-1.,-2.22044604925E-16));
#2584 = DIRECTION('',(1.,0.,0.));
#2585 = ORIENTED_EDGE('',*,*,#2586,.F.);
#2586 = EDGE_CURVE('',#2544,#2578,#2587,.T.);
#2587 = LINE('',#2588,#2589);
#2588 = CARTESIAN_POINT('',(-2.3,0.825,0.475025105414));
#2589 = VECTOR('',#2590,1.);
#2590 = DIRECTION('',(0.249748945858,2.150081498925E-16,-0.968310623737)
  );
#2591 = PLANE('',#2592);
#2592 = AXIS2_PLACEMENT_3D('',#2593,#2594,#2595);
#2593 = CARTESIAN_POINT('',(-1.784854673165,0.825,0.125093854365));
#2594 = DIRECTION('',(1.713751706232E-31,-1.,6.963156348774E-31));
#2595 = DIRECTION('',(-0.,-6.963156348774E-31,-1.));
#2596 = ADVANCED_FACE('',(#2597),#2615,.T.);
#2597 = FACE_BOUND('',#2598,.F.);
#2598 = EDGE_LOOP('',(#2599,#2600,#2608,#2614));
#2599 = ORIENTED_EDGE('',*,*,#2222,.T.);
#2600 = ORIENTED_EDGE('',*,*,#2601,.T.);
#2601 = EDGE_CURVE('',#2215,#2602,#2604,.T.);
#2602 = VERTEX_POINT('',#2603);
#2603 = CARTESIAN_POINT('',(-1.1,1.375,3.053113317719E-16));
#2604 = LINE('',#2605,#2606);
#2605 = CARTESIAN_POINT('',(-1.1,1.375,0.1));
#2606 = VECTOR('',#2607,1.);
#2607 = DIRECTION('',(-0.,2.22044604925E-16,-1.));
#2608 = ORIENTED_EDGE('',*,*,#2609,.F.);
#2609 = EDGE_CURVE('',#2562,#2602,#2610,.T.);
#2610 = LINE('',#2611,#2612);
#2611 = CARTESIAN_POINT('',(-1.1,0.825,1.831867990632E-16));
#2612 = VECTOR('',#2613,1.);
#2613 = DIRECTION('',(0.,1.,2.22044604925E-16));
#2614 = ORIENTED_EDGE('',*,*,#2561,.F.);
#2615 = PLANE('',#2616);
#2616 = AXIS2_PLACEMENT_3D('',#2617,#2618,#2619);
#2617 = CARTESIAN_POINT('',(-1.1,0.825,0.1));
#2618 = DIRECTION('',(1.,0.,0.));
#2619 = DIRECTION('',(0.,-2.22044604925E-16,1.));
#2620 = ADVANCED_FACE('',(#2621),#2665,.F.);
#2621 = FACE_BOUND('',#2622,.T.);
#2622 = EDGE_LOOP('',(#2623,#2633,#2639,#2640,#2641,#2642,#2650,#2659));
#2623 = ORIENTED_EDGE('',*,*,#2624,.T.);
#2624 = EDGE_CURVE('',#2625,#2627,#2629,.T.);
#2625 = VERTEX_POINT('',#2626);
#2626 = CARTESIAN_POINT('',(-2.3,1.375,0.475025105414));
#2627 = VERTEX_POINT('',#2628);
#2628 = CARTESIAN_POINT('',(-2.203168937626,1.375,0.5));
#2629 = LINE('',#2630,#2631);
#2630 = CARTESIAN_POINT('',(-2.3,1.375,0.475025105414));
#2631 = VECTOR('',#2632,1.);
#2632 = DIRECTION('',(0.968310623737,-5.545540601349E-17,0.249748945858)
  );
#2633 = ORIENTED_EDGE('',*,*,#2634,.T.);
#2634 = EDGE_CURVE('',#2627,#2297,#2635,.T.);
#2635 = LINE('',#2636,#2637);
#2636 = CARTESIAN_POINT('',(-2.203168937626,1.375,0.5));
#2637 = VECTOR('',#2638,1.);
#2638 = DIRECTION('',(0.249748945858,2.150081498925E-16,-0.968310623737)
  );
#2639 = ORIENTED_EDGE('',*,*,#2304,.T.);
#2640 = ORIENTED_EDGE('',*,*,#2214,.T.);
#2641 = ORIENTED_EDGE('',*,*,#2601,.T.);
#2642 = ORIENTED_EDGE('',*,*,#2643,.F.);
#2643 = EDGE_CURVE('',#2644,#2602,#2646,.T.);
#2644 = VERTEX_POINT('',#2645);
#2645 = CARTESIAN_POINT('',(-2.1,1.375,3.053113317719E-16));
#2646 = LINE('',#2647,#2648);
#2647 = CARTESIAN_POINT('',(-2.1,1.375,3.053113317719E-16));
#2648 = VECTOR('',#2649,1.);
#2649 = DIRECTION('',(1.,0.,0.));
#2650 = ORIENTED_EDGE('',*,*,#2651,.F.);
#2651 = EDGE_CURVE('',#2652,#2644,#2654,.T.);
#2652 = VERTEX_POINT('',#2653);
#2653 = CARTESIAN_POINT('',(-2.196831062374,1.375,7.50251054142E-02));
#2654 = CIRCLE('',#2655,0.1);
#2655 = AXIS2_PLACEMENT_3D('',#2656,#2657,#2658);
#2656 = CARTESIAN_POINT('',(-2.1,1.375,0.1));
#2657 = DIRECTION('',(0.,-1.,-2.22044604925E-16));
#2658 = DIRECTION('',(1.,0.,0.));
#2659 = ORIENTED_EDGE('',*,*,#2660,.F.);
#2660 = EDGE_CURVE('',#2625,#2652,#2661,.T.);
#2661 = LINE('',#2662,#2663);
#2662 = CARTESIAN_POINT('',(-2.3,1.375,0.475025105414));
#2663 = VECTOR('',#2664,1.);
#2664 = DIRECTION('',(0.249748945858,2.150081498925E-16,-0.968310623737)
  );
#2665 = PLANE('',#2666);
#2666 = AXIS2_PLACEMENT_3D('',#2667,#2668,#2669);
#2667 = CARTESIAN_POINT('',(-1.784854673165,1.375,0.125093854365));
#2668 = DIRECTION('',(1.713751706232E-31,-1.,6.963156348774E-31));
#2669 = DIRECTION('',(-0.,-6.963156348774E-31,-1.));
#2670 = ADVANCED_FACE('',(#2671),#2722,.F.);
#2671 = FACE_BOUND('',#2672,.F.);
#2672 = EDGE_LOOP('',(#2673,#2683,#2689,#2690,#2691,#2699,#2707,#2716));
#2673 = ORIENTED_EDGE('',*,*,#2674,.T.);
#2674 = EDGE_CURVE('',#2675,#2677,#2679,.T.);
#2675 = VERTEX_POINT('',#2676);
#2676 = CARTESIAN_POINT('',(2.3,1.375,0.475025105414));
#2677 = VERTEX_POINT('',#2678);
#2678 = CARTESIAN_POINT('',(2.203168937626,1.375,0.5));
#2679 = LINE('',#2680,#2681);
#2680 = CARTESIAN_POINT('',(2.3,1.375,0.475025105414));
#2681 = VECTOR('',#2682,1.);
#2682 = DIRECTION('',(-0.968310623737,1.59552743879E-16,0.249748945858)
  );
#2683 = ORIENTED_EDGE('',*,*,#2684,.T.);
#2684 = EDGE_CURVE('',#2677,#2390,#2685,.T.);
#2685 = LINE('',#2686,#2687);
#2686 = CARTESIAN_POINT('',(2.203168937626,1.375,0.5));
#2687 = VECTOR('',#2688,1.);
#2688 = DIRECTION('',(-0.249748945858,2.70463555906E-16,-0.968310623737)
  );
#2689 = ORIENTED_EDGE('',*,*,#2397,.T.);
#2690 = ORIENTED_EDGE('',*,*,#2200,.T.);
#2691 = ORIENTED_EDGE('',*,*,#2692,.T.);
#2692 = EDGE_CURVE('',#2193,#2693,#2695,.T.);
#2693 = VERTEX_POINT('',#2694);
#2694 = CARTESIAN_POINT('',(1.1,1.375,5.495603971895E-16));
#2695 = LINE('',#2696,#2697);
#2696 = CARTESIAN_POINT('',(1.1,1.375,0.1));
#2697 = VECTOR('',#2698,1.);
#2698 = DIRECTION('',(2.22044604925E-16,2.22044604925E-16,-1.));
#2699 = ORIENTED_EDGE('',*,*,#2700,.F.);
#2700 = EDGE_CURVE('',#2701,#2693,#2703,.T.);
#2701 = VERTEX_POINT('',#2702);
#2702 = CARTESIAN_POINT('',(2.1,1.375,7.716050021145E-16));
#2703 = LINE('',#2704,#2705);
#2704 = CARTESIAN_POINT('',(2.1,1.375,7.716050021145E-16));
#2705 = VECTOR('',#2706,1.);
#2706 = DIRECTION('',(-1.,2.22044604925E-16,-2.22044604925E-16));
#2707 = ORIENTED_EDGE('',*,*,#2708,.F.);
#2708 = EDGE_CURVE('',#2709,#2701,#2711,.T.);
#2709 = VERTEX_POINT('',#2710);
#2710 = CARTESIAN_POINT('',(2.196831062374,1.375,7.50251054142E-02));
#2711 = CIRCLE('',#2712,0.1);
#2712 = AXIS2_PLACEMENT_3D('',#2713,#2714,#2715);
#2713 = CARTESIAN_POINT('',(2.1,1.375,0.1));
#2714 = DIRECTION('',(2.22044604925E-16,1.,2.22044604925E-16));
#2715 = DIRECTION('',(-1.,2.22044604925E-16,-2.22044604925E-16));
#2716 = ORIENTED_EDGE('',*,*,#2717,.F.);
#2717 = EDGE_CURVE('',#2675,#2709,#2718,.T.);
#2718 = LINE('',#2719,#2720);
#2719 = CARTESIAN_POINT('',(2.3,1.375,0.475025105414));
#2720 = VECTOR('',#2721,1.);
#2721 = DIRECTION('',(-0.249748945858,2.70463555906E-16,-0.968310623737)
  );
#2722 = PLANE('',#2723);
#2723 = AXIS2_PLACEMENT_3D('',#2724,#2725,#2726);
#2724 = CARTESIAN_POINT('',(1.784854673165,1.375,0.125093854365));
#2725 = DIRECTION('',(-2.22044604925E-16,-1.,6.716637315892E-31));
#2726 = DIRECTION('',(-2.22044604925E-16,7.209675381655E-31,1.));
#2727 = ADVANCED_FACE('',(#2728),#2746,.T.);
#2728 = FACE_BOUND('',#2729,.T.);
#2729 = EDGE_LOOP('',(#2730,#2731,#2732,#2740));
#2730 = ORIENTED_EDGE('',*,*,#2192,.T.);
#2731 = ORIENTED_EDGE('',*,*,#2692,.T.);
#2732 = ORIENTED_EDGE('',*,*,#2733,.F.);
#2733 = EDGE_CURVE('',#2734,#2693,#2736,.T.);
#2734 = VERTEX_POINT('',#2735);
#2735 = CARTESIAN_POINT('',(1.1,0.825,4.274358644807E-16));
#2736 = LINE('',#2737,#2738);
#2737 = CARTESIAN_POINT('',(1.1,0.825,4.274358644807E-16));
#2738 = VECTOR('',#2739,1.);
#2739 = DIRECTION('',(2.22044604925E-16,1.,2.22044604925E-16));
#2740 = ORIENTED_EDGE('',*,*,#2741,.F.);
#2741 = EDGE_CURVE('',#2185,#2734,#2742,.T.);
#2742 = LINE('',#2743,#2744);
#2743 = CARTESIAN_POINT('',(1.1,0.825,0.1));
#2744 = VECTOR('',#2745,1.);
#2745 = DIRECTION('',(2.22044604925E-16,2.22044604925E-16,-1.));
#2746 = PLANE('',#2747);
#2747 = AXIS2_PLACEMENT_3D('',#2748,#2749,#2750);
#2748 = CARTESIAN_POINT('',(1.1,0.825,0.1));
#2749 = DIRECTION('',(-1.,2.22044604925E-16,-2.22044604925E-16));
#2750 = DIRECTION('',(2.22044604925E-16,2.22044604925E-16,-1.));
#2751 = ADVANCED_FACE('',(#2752),#2796,.T.);
#2752 = FACE_BOUND('',#2753,.T.);
#2753 = EDGE_LOOP('',(#2754,#2764,#2770,#2771,#2772,#2773,#2781,#2790));
#2754 = ORIENTED_EDGE('',*,*,#2755,.T.);
#2755 = EDGE_CURVE('',#2756,#2758,#2760,.T.);
#2756 = VERTEX_POINT('',#2757);
#2757 = CARTESIAN_POINT('',(2.3,0.825,0.475025105414));
#2758 = VERTEX_POINT('',#2759);
#2759 = CARTESIAN_POINT('',(2.203168937626,0.825,0.5));
#2760 = LINE('',#2761,#2762);
#2761 = CARTESIAN_POINT('',(2.3,0.825,0.475025105414));
#2762 = VECTOR('',#2763,1.);
#2763 = DIRECTION('',(-0.968310623737,1.59552743879E-16,0.249748945858)
  );
#2764 = ORIENTED_EDGE('',*,*,#2765,.T.);
#2765 = EDGE_CURVE('',#2758,#2382,#2766,.T.);
#2766 = LINE('',#2767,#2768);
#2767 = CARTESIAN_POINT('',(2.203168937626,0.825,0.5));
#2768 = VECTOR('',#2769,1.);
#2769 = DIRECTION('',(-0.249748945858,2.70463555906E-16,-0.968310623737)
  );
#2770 = ORIENTED_EDGE('',*,*,#2381,.T.);
#2771 = ORIENTED_EDGE('',*,*,#2184,.T.);
#2772 = ORIENTED_EDGE('',*,*,#2741,.T.);
#2773 = ORIENTED_EDGE('',*,*,#2774,.F.);
#2774 = EDGE_CURVE('',#2775,#2734,#2777,.T.);
#2775 = VERTEX_POINT('',#2776);
#2776 = CARTESIAN_POINT('',(2.1,0.825,6.494804694057E-16));
#2777 = LINE('',#2778,#2779);
#2778 = CARTESIAN_POINT('',(2.1,0.825,6.494804694057E-16));
#2779 = VECTOR('',#2780,1.);
#2780 = DIRECTION('',(-1.,2.22044604925E-16,-2.22044604925E-16));
#2781 = ORIENTED_EDGE('',*,*,#2782,.F.);
#2782 = EDGE_CURVE('',#2783,#2775,#2785,.T.);
#2783 = VERTEX_POINT('',#2784);
#2784 = CARTESIAN_POINT('',(2.196831062374,0.825,7.50251054142E-02));
#2785 = CIRCLE('',#2786,0.1);
#2786 = AXIS2_PLACEMENT_3D('',#2787,#2788,#2789);
#2787 = CARTESIAN_POINT('',(2.1,0.825,0.1));
#2788 = DIRECTION('',(2.22044604925E-16,1.,2.22044604925E-16));
#2789 = DIRECTION('',(-1.,2.22044604925E-16,-2.22044604925E-16));
#2790 = ORIENTED_EDGE('',*,*,#2791,.F.);
#2791 = EDGE_CURVE('',#2756,#2783,#2792,.T.);
#2792 = LINE('',#2793,#2794);
#2793 = CARTESIAN_POINT('',(2.3,0.825,0.475025105414));
#2794 = VECTOR('',#2795,1.);
#2795 = DIRECTION('',(-0.249748945858,2.70463555906E-16,-0.968310623737)
  );
#2796 = PLANE('',#2797);
#2797 = AXIS2_PLACEMENT_3D('',#2798,#2799,#2800);
#2798 = CARTESIAN_POINT('',(1.784854673165,0.825,0.125093854365));
#2799 = DIRECTION('',(-2.22044604925E-16,-1.,6.716637315892E-31));
#2800 = DIRECTION('',(-2.22044604925E-16,7.209675381655E-31,1.));
#2801 = ADVANCED_FACE('',(#2802),#2853,.T.);
#2802 = FACE_BOUND('',#2803,.F.);
#2803 = EDGE_LOOP('',(#2804,#2814,#2820,#2821,#2822,#2830,#2838,#2847));
#2804 = ORIENTED_EDGE('',*,*,#2805,.T.);
#2805 = EDGE_CURVE('',#2806,#2808,#2810,.T.);
#2806 = VERTEX_POINT('',#2807);
#2807 = CARTESIAN_POINT('',(2.3,-0.825,0.475025105414));
#2808 = VERTEX_POINT('',#2809);
#2809 = CARTESIAN_POINT('',(2.203168937626,-0.825,0.5));
#2810 = LINE('',#2811,#2812);
#2811 = CARTESIAN_POINT('',(2.3,-0.825,0.475025105414));
#2812 = VECTOR('',#2813,1.);
#2813 = DIRECTION('',(-0.968310623737,2.70463555906E-16,0.249748945858)
  );
#2814 = ORIENTED_EDGE('',*,*,#2815,.T.);
#2815 = EDGE_CURVE('',#2808,#2351,#2816,.T.);
#2816 = LINE('',#2817,#2818);
#2817 = CARTESIAN_POINT('',(2.203168937626,-0.825,0.5));
#2818 = VECTOR('',#2819,1.);
#2819 = DIRECTION('',(-0.249748945858,-1.59552743879E-16,-0.968310623737
    ));
#2820 = ORIENTED_EDGE('',*,*,#2350,.T.);
#2821 = ORIENTED_EDGE('',*,*,#2177,.T.);
#2822 = ORIENTED_EDGE('',*,*,#2823,.T.);
#2823 = EDGE_CURVE('',#2170,#2824,#2826,.T.);
#2824 = VERTEX_POINT('',#2825);
#2825 = CARTESIAN_POINT('',(1.1,-0.825,4.274358644807E-16));
#2826 = LINE('',#2827,#2828);
#2827 = CARTESIAN_POINT('',(1.1,-0.825,0.1));
#2828 = VECTOR('',#2829,1.);
#2829 = DIRECTION('',(2.22044604925E-16,-2.22044604925E-16,-1.));
#2830 = ORIENTED_EDGE('',*,*,#2831,.F.);
#2831 = EDGE_CURVE('',#2832,#2824,#2834,.T.);
#2832 = VERTEX_POINT('',#2833);
#2833 = CARTESIAN_POINT('',(2.1,-0.825,6.494804694057E-16));
#2834 = LINE('',#2835,#2836);
#2835 = CARTESIAN_POINT('',(2.1,-0.825,6.494804694057E-16));
#2836 = VECTOR('',#2837,1.);
#2837 = DIRECTION('',(-1.,2.22044604925E-16,-2.22044604925E-16));
#2838 = ORIENTED_EDGE('',*,*,#2839,.F.);
#2839 = EDGE_CURVE('',#2840,#2832,#2842,.T.);
#2840 = VERTEX_POINT('',#2841);
#2841 = CARTESIAN_POINT('',(2.196831062374,-0.825,7.50251054142E-02));
#2842 = CIRCLE('',#2843,0.1);
#2843 = AXIS2_PLACEMENT_3D('',#2844,#2845,#2846);
#2844 = CARTESIAN_POINT('',(2.1,-0.825,0.1));
#2845 = DIRECTION('',(2.22044604925E-16,1.,-2.22044604925E-16));
#2846 = DIRECTION('',(-1.,2.22044604925E-16,-2.22044604925E-16));
#2847 = ORIENTED_EDGE('',*,*,#2848,.F.);
#2848 = EDGE_CURVE('',#2806,#2840,#2849,.T.);
#2849 = LINE('',#2850,#2851);
#2850 = CARTESIAN_POINT('',(2.3,-0.825,0.475025105414));
#2851 = VECTOR('',#2852,1.);
#2852 = DIRECTION('',(-0.249748945858,-1.59552743879E-16,-0.968310623737
    ));
#2853 = PLANE('',#2854);
#2854 = AXIS2_PLACEMENT_3D('',#2855,#2856,#2857);
#2855 = CARTESIAN_POINT('',(1.784854673165,-0.825,0.125093854365));
#2856 = DIRECTION('',(2.22044604925E-16,1.,7.209675381655E-31));
#2857 = DIRECTION('',(2.22044604925E-16,6.716637315892E-31,-1.));
#2858 = ADVANCED_FACE('',(#2859),#2877,.T.);
#2859 = FACE_BOUND('',#2860,.F.);
#2860 = EDGE_LOOP('',(#2861,#2862,#2870,#2876));
#2861 = ORIENTED_EDGE('',*,*,#2169,.T.);
#2862 = ORIENTED_EDGE('',*,*,#2863,.T.);
#2863 = EDGE_CURVE('',#2162,#2864,#2866,.T.);
#2864 = VERTEX_POINT('',#2865);
#2865 = CARTESIAN_POINT('',(1.1,-1.375,5.495603971895E-16));
#2866 = LINE('',#2867,#2868);
#2867 = CARTESIAN_POINT('',(1.1,-1.375,0.1));
#2868 = VECTOR('',#2869,1.);
#2869 = DIRECTION('',(2.22044604925E-16,-2.22044604925E-16,-1.));
#2870 = ORIENTED_EDGE('',*,*,#2871,.F.);
#2871 = EDGE_CURVE('',#2824,#2864,#2872,.T.);
#2872 = LINE('',#2873,#2874);
#2873 = CARTESIAN_POINT('',(1.1,-0.825,4.274358644807E-16));
#2874 = VECTOR('',#2875,1.);
#2875 = DIRECTION('',(-2.22044604925E-16,-1.,2.22044604925E-16));
#2876 = ORIENTED_EDGE('',*,*,#2823,.F.);
#2877 = PLANE('',#2878);
#2878 = AXIS2_PLACEMENT_3D('',#2879,#2880,#2881);
#2879 = CARTESIAN_POINT('',(1.1,-0.825,0.1));
#2880 = DIRECTION('',(-1.,2.22044604925E-16,-2.22044604925E-16));
#2881 = DIRECTION('',(-2.22044604925E-16,2.22044604925E-16,1.));
#2882 = ADVANCED_FACE('',(#2883),#2927,.F.);
#2883 = FACE_BOUND('',#2884,.T.);
#2884 = EDGE_LOOP('',(#2885,#2895,#2901,#2902,#2903,#2904,#2912,#2921));
#2885 = ORIENTED_EDGE('',*,*,#2886,.T.);
#2886 = EDGE_CURVE('',#2887,#2889,#2891,.T.);
#2887 = VERTEX_POINT('',#2888);
#2888 = CARTESIAN_POINT('',(2.3,-1.375,0.475025105414));
#2889 = VERTEX_POINT('',#2890);
#2890 = CARTESIAN_POINT('',(2.203168937626,-1.375,0.5));
#2891 = LINE('',#2892,#2893);
#2892 = CARTESIAN_POINT('',(2.3,-1.375,0.475025105414));
#2893 = VECTOR('',#2894,1.);
#2894 = DIRECTION('',(-0.968310623737,2.70463555906E-16,0.249748945858)
  );
#2895 = ORIENTED_EDGE('',*,*,#2896,.T.);
#2896 = EDGE_CURVE('',#2889,#2359,#2897,.T.);
#2897 = LINE('',#2898,#2899);
#2898 = CARTESIAN_POINT('',(2.203168937626,-1.375,0.5));
#2899 = VECTOR('',#2900,1.);
#2900 = DIRECTION('',(-0.249748945858,-1.59552743879E-16,-0.968310623737
    ));
#2901 = ORIENTED_EDGE('',*,*,#2366,.T.);
#2902 = ORIENTED_EDGE('',*,*,#2161,.T.);
#2903 = ORIENTED_EDGE('',*,*,#2863,.T.);
#2904 = ORIENTED_EDGE('',*,*,#2905,.F.);
#2905 = EDGE_CURVE('',#2906,#2864,#2908,.T.);
#2906 = VERTEX_POINT('',#2907);
#2907 = CARTESIAN_POINT('',(2.1,-1.375,7.716050021145E-16));
#2908 = LINE('',#2909,#2910);
#2909 = CARTESIAN_POINT('',(2.1,-1.375,7.716050021145E-16));
#2910 = VECTOR('',#2911,1.);
#2911 = DIRECTION('',(-1.,2.22044604925E-16,-2.22044604925E-16));
#2912 = ORIENTED_EDGE('',*,*,#2913,.F.);
#2913 = EDGE_CURVE('',#2914,#2906,#2916,.T.);
#2914 = VERTEX_POINT('',#2915);
#2915 = CARTESIAN_POINT('',(2.196831062374,-1.375,7.50251054142E-02));
#2916 = CIRCLE('',#2917,0.1);
#2917 = AXIS2_PLACEMENT_3D('',#2918,#2919,#2920);
#2918 = CARTESIAN_POINT('',(2.1,-1.375,0.1));
#2919 = DIRECTION('',(2.22044604925E-16,1.,-2.22044604925E-16));
#2920 = DIRECTION('',(-1.,2.22044604925E-16,-2.22044604925E-16));
#2921 = ORIENTED_EDGE('',*,*,#2922,.F.);
#2922 = EDGE_CURVE('',#2887,#2914,#2923,.T.);
#2923 = LINE('',#2924,#2925);
#2924 = CARTESIAN_POINT('',(2.3,-1.375,0.475025105414));
#2925 = VECTOR('',#2926,1.);
#2926 = DIRECTION('',(-0.249748945858,-1.59552743879E-16,-0.968310623737
    ));
#2927 = PLANE('',#2928);
#2928 = AXIS2_PLACEMENT_3D('',#2929,#2930,#2931);
#2929 = CARTESIAN_POINT('',(1.784854673165,-1.375,0.125093854365));
#2930 = DIRECTION('',(2.22044604925E-16,1.,7.209675381655E-31));
#2931 = DIRECTION('',(2.22044604925E-16,6.716637315892E-31,-1.));
#2932 = ADVANCED_FACE('',(#2933),#2944,.T.);
#2933 = FACE_BOUND('',#2934,.F.);
#2934 = EDGE_LOOP('',(#2935,#2941,#2942,#2943));
#2935 = ORIENTED_EDGE('',*,*,#2936,.T.);
#2936 = EDGE_CURVE('',#2546,#2627,#2937,.T.);
#2937 = LINE('',#2938,#2939);
#2938 = CARTESIAN_POINT('',(-2.203168937626,0.825,0.5));
#2939 = VECTOR('',#2940,1.);
#2940 = DIRECTION('',(0.,1.,2.22044604925E-16));
#2941 = ORIENTED_EDGE('',*,*,#2634,.T.);
#2942 = ORIENTED_EDGE('',*,*,#2296,.F.);
#2943 = ORIENTED_EDGE('',*,*,#2553,.F.);
#2944 = PLANE('',#2945);
#2945 = AXIS2_PLACEMENT_3D('',#2946,#2947,#2948);
#2946 = CARTESIAN_POINT('',(-2.203168937626,0.825,0.5));
#2947 = DIRECTION('',(0.968310623737,-5.545540601349E-17,0.249748945858)
  );
#2948 = DIRECTION('',(-0.249748945858,-2.150081498925E-16,0.968310623737
    ));
#2949 = ADVANCED_FACE('',(#2950),#2961,.T.);
#2950 = FACE_BOUND('',#2951,.T.);
#2951 = EDGE_LOOP('',(#2952,#2958,#2959,#2960));
#2952 = ORIENTED_EDGE('',*,*,#2953,.T.);
#2953 = EDGE_CURVE('',#2496,#2415,#2954,.T.);
#2954 = LINE('',#2955,#2956);
#2955 = CARTESIAN_POINT('',(-2.203168937626,-0.825,0.5));
#2956 = VECTOR('',#2957,1.);
#2957 = DIRECTION('',(0.,-1.,2.22044604925E-16));
#2958 = ORIENTED_EDGE('',*,*,#2422,.T.);
#2959 = ORIENTED_EDGE('',*,*,#2327,.F.);
#2960 = ORIENTED_EDGE('',*,*,#2503,.F.);
#2961 = PLANE('',#2962);
#2962 = AXIS2_PLACEMENT_3D('',#2963,#2964,#2965);
#2963 = CARTESIAN_POINT('',(-2.203168937626,-0.825,0.5));
#2964 = DIRECTION('',(0.968310623737,5.545540601349E-17,0.249748945858)
  );
#2965 = DIRECTION('',(0.249748945858,-2.150081498925E-16,-0.968310623737
    ));
#2966 = ADVANCED_FACE('',(#2967),#2978,.T.);
#2967 = FACE_BOUND('',#2968,.F.);
#2968 = EDGE_LOOP('',(#2969,#2975,#2976,#2977));
#2969 = ORIENTED_EDGE('',*,*,#2970,.T.);
#2970 = EDGE_CURVE('',#2808,#2889,#2971,.T.);
#2971 = LINE('',#2972,#2973);
#2972 = CARTESIAN_POINT('',(2.203168937626,-0.825,0.5));
#2973 = VECTOR('',#2974,1.);
#2974 = DIRECTION('',(-2.22044604925E-16,-1.,2.22044604925E-16));
#2975 = ORIENTED_EDGE('',*,*,#2896,.T.);
#2976 = ORIENTED_EDGE('',*,*,#2358,.F.);
#2977 = ORIENTED_EDGE('',*,*,#2815,.F.);
#2978 = PLANE('',#2979);
#2979 = AXIS2_PLACEMENT_3D('',#2980,#2981,#2982);
#2980 = CARTESIAN_POINT('',(2.203168937626,-0.825,0.5));
#2981 = DIRECTION('',(-0.968310623737,2.70463555906E-16,0.249748945858)
  );
#2982 = DIRECTION('',(0.249748945858,1.59552743879E-16,0.968310623737));
#2983 = ADVANCED_FACE('',(#2984),#2995,.T.);
#2984 = FACE_BOUND('',#2985,.T.);
#2985 = EDGE_LOOP('',(#2986,#2992,#2993,#2994));
#2986 = ORIENTED_EDGE('',*,*,#2987,.T.);
#2987 = EDGE_CURVE('',#2758,#2677,#2988,.T.);
#2988 = LINE('',#2989,#2990);
#2989 = CARTESIAN_POINT('',(2.203168937626,0.825,0.5));
#2990 = VECTOR('',#2991,1.);
#2991 = DIRECTION('',(2.22044604925E-16,1.,2.22044604925E-16));
#2992 = ORIENTED_EDGE('',*,*,#2684,.T.);
#2993 = ORIENTED_EDGE('',*,*,#2389,.F.);
#2994 = ORIENTED_EDGE('',*,*,#2765,.F.);
#2995 = PLANE('',#2996);
#2996 = AXIS2_PLACEMENT_3D('',#2997,#2998,#2999);
#2997 = CARTESIAN_POINT('',(2.203168937626,0.825,0.5));
#2998 = DIRECTION('',(-0.968310623737,1.59552743879E-16,0.249748945858)
  );
#2999 = DIRECTION('',(-0.249748945858,2.70463555906E-16,-0.968310623737)
  );
#3000 = ADVANCED_FACE('',(#3001),#3012,.T.);
#3001 = FACE_BOUND('',#3002,.T.);
#3002 = EDGE_LOOP('',(#3003,#3009,#3010,#3011));
#3003 = ORIENTED_EDGE('',*,*,#3004,.T.);
#3004 = EDGE_CURVE('',#2494,#2413,#3005,.T.);
#3005 = LINE('',#3006,#3007);
#3006 = CARTESIAN_POINT('',(-2.3,-0.825,0.475025105414));
#3007 = VECTOR('',#3008,1.);
#3008 = DIRECTION('',(0.,-1.,2.22044604925E-16));
#3009 = ORIENTED_EDGE('',*,*,#2412,.T.);
#3010 = ORIENTED_EDGE('',*,*,#2953,.F.);
#3011 = ORIENTED_EDGE('',*,*,#2493,.F.);
#3012 = PLANE('',#3013);
#3013 = AXIS2_PLACEMENT_3D('',#3014,#3015,#3016);
#3014 = CARTESIAN_POINT('',(-2.3,-0.825,0.475025105414));
#3015 = DIRECTION('',(-0.249748945858,2.150081498925E-16,0.968310623737)
  );
#3016 = DIRECTION('',(0.968310623737,5.545540601349E-17,0.249748945858)
  );
#3017 = ADVANCED_FACE('',(#3018),#3029,.F.);
#3018 = FACE_BOUND('',#3019,.F.);
#3019 = EDGE_LOOP('',(#3020,#3026,#3027,#3028));
#3020 = ORIENTED_EDGE('',*,*,#3021,.T.);
#3021 = EDGE_CURVE('',#2513,#2439,#3022,.T.);
#3022 = LINE('',#3023,#3024);
#3023 = CARTESIAN_POINT('',(-2.1,-0.825,1.831867990632E-16));
#3024 = VECTOR('',#3025,1.);
#3025 = DIRECTION('',(0.,-1.,2.22044604925E-16));
#3026 = ORIENTED_EDGE('',*,*,#2438,.T.);
#3027 = ORIENTED_EDGE('',*,*,#2471,.F.);
#3028 = ORIENTED_EDGE('',*,*,#2512,.F.);
#3029 = PLANE('',#3030);
#3030 = AXIS2_PLACEMENT_3D('',#3031,#3032,#3033);
#3031 = CARTESIAN_POINT('',(-2.1,-0.825,1.831867990632E-16));
#3032 = DIRECTION('',(0.,2.22044604925E-16,1.));
#3033 = DIRECTION('',(1.,0.,0.));
#3034 = ADVANCED_FACE('',(#3035),#3046,.T.);
#3035 = FACE_BOUND('',#3036,.F.);
#3036 = EDGE_LOOP('',(#3037,#3043,#3044,#3045));
#3037 = ORIENTED_EDGE('',*,*,#3038,.T.);
#3038 = EDGE_CURVE('',#2521,#2447,#3039,.T.);
#3039 = LINE('',#3040,#3041);
#3040 = CARTESIAN_POINT('',(-2.196831062374,-0.825,7.50251054142E-02));
#3041 = VECTOR('',#3042,1.);
#3042 = DIRECTION('',(0.,-1.,2.22044604925E-16));
#3043 = ORIENTED_EDGE('',*,*,#2446,.T.);
#3044 = ORIENTED_EDGE('',*,*,#3021,.F.);
#3045 = ORIENTED_EDGE('',*,*,#2520,.F.);
#3046 = CYLINDRICAL_SURFACE('',#3047,0.1);
#3047 = AXIS2_PLACEMENT_3D('',#3048,#3049,#3050);
#3048 = CARTESIAN_POINT('',(-2.1,-0.825,0.1));
#3049 = DIRECTION('',(0.,1.,-2.22044604925E-16));
#3050 = DIRECTION('',(1.,0.,0.));
#3051 = ADVANCED_FACE('',(#3052),#3058,.F.);
#3052 = FACE_BOUND('',#3053,.F.);
#3053 = EDGE_LOOP('',(#3054,#3055,#3056,#3057));
#3054 = ORIENTED_EDGE('',*,*,#3004,.T.);
#3055 = ORIENTED_EDGE('',*,*,#2455,.T.);
#3056 = ORIENTED_EDGE('',*,*,#3038,.F.);
#3057 = ORIENTED_EDGE('',*,*,#2529,.F.);
#3058 = PLANE('',#3059);
#3059 = AXIS2_PLACEMENT_3D('',#3060,#3061,#3062);
#3060 = CARTESIAN_POINT('',(-2.3,-0.825,0.475025105414));
#3061 = DIRECTION('',(0.968310623737,5.545540601349E-17,0.249748945858)
  );
#3062 = DIRECTION('',(0.249748945858,-2.150081498925E-16,-0.968310623737
    ));
#3063 = ADVANCED_FACE('',(#3064),#3075,.T.);
#3064 = FACE_BOUND('',#3065,.F.);
#3065 = EDGE_LOOP('',(#3066,#3072,#3073,#3074));
#3066 = ORIENTED_EDGE('',*,*,#3067,.T.);
#3067 = EDGE_CURVE('',#2544,#2625,#3068,.T.);
#3068 = LINE('',#3069,#3070);
#3069 = CARTESIAN_POINT('',(-2.3,0.825,0.475025105414));
#3070 = VECTOR('',#3071,1.);
#3071 = DIRECTION('',(0.,1.,2.22044604925E-16));
#3072 = ORIENTED_EDGE('',*,*,#2624,.T.);
#3073 = ORIENTED_EDGE('',*,*,#2936,.F.);
#3074 = ORIENTED_EDGE('',*,*,#2543,.F.);
#3075 = PLANE('',#3076);
#3076 = AXIS2_PLACEMENT_3D('',#3077,#3078,#3079);
#3077 = CARTESIAN_POINT('',(-2.3,0.825,0.475025105414));
#3078 = DIRECTION('',(-0.249748945858,-2.150081498925E-16,0.968310623737
    ));
#3079 = DIRECTION('',(-0.968310623737,5.545540601349E-17,-0.249748945858
    ));
#3080 = ADVANCED_FACE('',(#3081),#3092,.F.);
#3081 = FACE_BOUND('',#3082,.T.);
#3082 = EDGE_LOOP('',(#3083,#3089,#3090,#3091));
#3083 = ORIENTED_EDGE('',*,*,#3084,.T.);
#3084 = EDGE_CURVE('',#2570,#2644,#3085,.T.);
#3085 = LINE('',#3086,#3087);
#3086 = CARTESIAN_POINT('',(-2.1,0.825,1.831867990632E-16));
#3087 = VECTOR('',#3088,1.);
#3088 = DIRECTION('',(0.,1.,2.22044604925E-16));
#3089 = ORIENTED_EDGE('',*,*,#2643,.T.);
#3090 = ORIENTED_EDGE('',*,*,#2609,.F.);
#3091 = ORIENTED_EDGE('',*,*,#2569,.F.);
#3092 = PLANE('',#3093);
#3093 = AXIS2_PLACEMENT_3D('',#3094,#3095,#3096);
#3094 = CARTESIAN_POINT('',(-2.1,0.825,1.831867990632E-16));
#3095 = DIRECTION('',(0.,-2.22044604925E-16,1.));
#3096 = DIRECTION('',(-1.,-0.,-0.));
#3097 = ADVANCED_FACE('',(#3098),#3109,.T.);
#3098 = FACE_BOUND('',#3099,.T.);
#3099 = EDGE_LOOP('',(#3100,#3106,#3107,#3108));
#3100 = ORIENTED_EDGE('',*,*,#3101,.T.);
#3101 = EDGE_CURVE('',#2578,#2652,#3102,.T.);
#3102 = LINE('',#3103,#3104);
#3103 = CARTESIAN_POINT('',(-2.196831062374,0.825,7.50251054142E-02));
#3104 = VECTOR('',#3105,1.);
#3105 = DIRECTION('',(0.,1.,2.22044604925E-16));
#3106 = ORIENTED_EDGE('',*,*,#2651,.T.);
#3107 = ORIENTED_EDGE('',*,*,#3084,.F.);
#3108 = ORIENTED_EDGE('',*,*,#2577,.F.);
#3109 = CYLINDRICAL_SURFACE('',#3110,0.1);
#3110 = AXIS2_PLACEMENT_3D('',#3111,#3112,#3113);
#3111 = CARTESIAN_POINT('',(-2.1,0.825,0.1));
#3112 = DIRECTION('',(-0.,-1.,-2.22044604925E-16));
#3113 = DIRECTION('',(1.,0.,0.));
#3114 = ADVANCED_FACE('',(#3115),#3121,.F.);
#3115 = FACE_BOUND('',#3116,.T.);
#3116 = EDGE_LOOP('',(#3117,#3118,#3119,#3120));
#3117 = ORIENTED_EDGE('',*,*,#3067,.T.);
#3118 = ORIENTED_EDGE('',*,*,#2660,.T.);
#3119 = ORIENTED_EDGE('',*,*,#3101,.F.);
#3120 = ORIENTED_EDGE('',*,*,#2586,.F.);
#3121 = PLANE('',#3122);
#3122 = AXIS2_PLACEMENT_3D('',#3123,#3124,#3125);
#3123 = CARTESIAN_POINT('',(-2.3,0.825,0.475025105414));
#3124 = DIRECTION('',(0.968310623737,-5.545540601349E-17,0.249748945858)
  );
#3125 = DIRECTION('',(-0.249748945858,-2.150081498925E-16,0.968310623737
    ));
#3126 = ADVANCED_FACE('',(#3127),#3138,.T.);
#3127 = FACE_BOUND('',#3128,.T.);
#3128 = EDGE_LOOP('',(#3129,#3135,#3136,#3137));
#3129 = ORIENTED_EDGE('',*,*,#3130,.T.);
#3130 = EDGE_CURVE('',#2756,#2675,#3131,.T.);
#3131 = LINE('',#3132,#3133);
#3132 = CARTESIAN_POINT('',(2.3,0.825,0.475025105414));
#3133 = VECTOR('',#3134,1.);
#3134 = DIRECTION('',(2.22044604925E-16,1.,2.22044604925E-16));
#3135 = ORIENTED_EDGE('',*,*,#2674,.T.);
#3136 = ORIENTED_EDGE('',*,*,#2987,.F.);
#3137 = ORIENTED_EDGE('',*,*,#2755,.F.);
#3138 = PLANE('',#3139);
#3139 = AXIS2_PLACEMENT_3D('',#3140,#3141,#3142);
#3140 = CARTESIAN_POINT('',(2.3,0.825,0.475025105414));
#3141 = DIRECTION('',(0.249748945858,-2.70463555906E-16,0.968310623737)
  );
#3142 = DIRECTION('',(-0.968310623737,1.59552743879E-16,0.249748945858)
  );
#3143 = ADVANCED_FACE('',(#3144),#3155,.F.);
#3144 = FACE_BOUND('',#3145,.F.);
#3145 = EDGE_LOOP('',(#3146,#3152,#3153,#3154));
#3146 = ORIENTED_EDGE('',*,*,#3147,.T.);
#3147 = EDGE_CURVE('',#2775,#2701,#3148,.T.);
#3148 = LINE('',#3149,#3150);
#3149 = CARTESIAN_POINT('',(2.1,0.825,6.494804694057E-16));
#3150 = VECTOR('',#3151,1.);
#3151 = DIRECTION('',(2.22044604925E-16,1.,2.22044604925E-16));
#3152 = ORIENTED_EDGE('',*,*,#2700,.T.);
#3153 = ORIENTED_EDGE('',*,*,#2733,.F.);
#3154 = ORIENTED_EDGE('',*,*,#2774,.F.);
#3155 = PLANE('',#3156);
#3156 = AXIS2_PLACEMENT_3D('',#3157,#3158,#3159);
#3157 = CARTESIAN_POINT('',(2.1,0.825,6.494804694057E-16));
#3158 = DIRECTION('',(-2.22044604925E-16,-2.22044604925E-16,1.));
#3159 = DIRECTION('',(-1.,2.22044604925E-16,-2.22044604925E-16));
#3160 = ADVANCED_FACE('',(#3161),#3172,.T.);
#3161 = FACE_BOUND('',#3162,.F.);
#3162 = EDGE_LOOP('',(#3163,#3169,#3170,#3171));
#3163 = ORIENTED_EDGE('',*,*,#3164,.T.);
#3164 = EDGE_CURVE('',#2783,#2709,#3165,.T.);
#3165 = LINE('',#3166,#3167);
#3166 = CARTESIAN_POINT('',(2.196831062374,0.825,7.50251054142E-02));
#3167 = VECTOR('',#3168,1.);
#3168 = DIRECTION('',(2.22044604925E-16,1.,2.22044604925E-16));
#3169 = ORIENTED_EDGE('',*,*,#2708,.T.);
#3170 = ORIENTED_EDGE('',*,*,#3147,.F.);
#3171 = ORIENTED_EDGE('',*,*,#2782,.F.);
#3172 = CYLINDRICAL_SURFACE('',#3173,0.1);
#3173 = AXIS2_PLACEMENT_3D('',#3174,#3175,#3176);
#3174 = CARTESIAN_POINT('',(2.1,0.825,0.1));
#3175 = DIRECTION('',(-2.22044604925E-16,-1.,-2.22044604925E-16));
#3176 = DIRECTION('',(-1.,2.22044604925E-16,-2.22044604925E-16));
#3177 = ADVANCED_FACE('',(#3178),#3184,.F.);
#3178 = FACE_BOUND('',#3179,.F.);
#3179 = EDGE_LOOP('',(#3180,#3181,#3182,#3183));
#3180 = ORIENTED_EDGE('',*,*,#3130,.T.);
#3181 = ORIENTED_EDGE('',*,*,#2717,.T.);
#3182 = ORIENTED_EDGE('',*,*,#3164,.F.);
#3183 = ORIENTED_EDGE('',*,*,#2791,.F.);
#3184 = PLANE('',#3185);
#3185 = AXIS2_PLACEMENT_3D('',#3186,#3187,#3188);
#3186 = CARTESIAN_POINT('',(2.3,0.825,0.475025105414));
#3187 = DIRECTION('',(-0.968310623737,1.59552743879E-16,0.249748945858)
  );
#3188 = DIRECTION('',(-0.249748945858,2.70463555906E-16,-0.968310623737)
  );
#3189 = ADVANCED_FACE('',(#3190),#3201,.T.);
#3190 = FACE_BOUND('',#3191,.F.);
#3191 = EDGE_LOOP('',(#3192,#3198,#3199,#3200));
#3192 = ORIENTED_EDGE('',*,*,#3193,.T.);
#3193 = EDGE_CURVE('',#2806,#2887,#3194,.T.);
#3194 = LINE('',#3195,#3196);
#3195 = CARTESIAN_POINT('',(2.3,-0.825,0.475025105414));
#3196 = VECTOR('',#3197,1.);
#3197 = DIRECTION('',(-2.22044604925E-16,-1.,2.22044604925E-16));
#3198 = ORIENTED_EDGE('',*,*,#2886,.T.);
#3199 = ORIENTED_EDGE('',*,*,#2970,.F.);
#3200 = ORIENTED_EDGE('',*,*,#2805,.F.);
#3201 = PLANE('',#3202);
#3202 = AXIS2_PLACEMENT_3D('',#3203,#3204,#3205);
#3203 = CARTESIAN_POINT('',(2.3,-0.825,0.475025105414));
#3204 = DIRECTION('',(0.249748945858,1.59552743879E-16,0.968310623737));
#3205 = DIRECTION('',(0.968310623737,-2.70463555906E-16,-0.249748945858)
  );
#3206 = ADVANCED_FACE('',(#3207),#3218,.F.);
#3207 = FACE_BOUND('',#3208,.T.);
#3208 = EDGE_LOOP('',(#3209,#3215,#3216,#3217));
#3209 = ORIENTED_EDGE('',*,*,#3210,.T.);
#3210 = EDGE_CURVE('',#2832,#2906,#3211,.T.);
#3211 = LINE('',#3212,#3213);
#3212 = CARTESIAN_POINT('',(2.1,-0.825,6.494804694057E-16));
#3213 = VECTOR('',#3214,1.);
#3214 = DIRECTION('',(-2.22044604925E-16,-1.,2.22044604925E-16));
#3215 = ORIENTED_EDGE('',*,*,#2905,.T.);
#3216 = ORIENTED_EDGE('',*,*,#2871,.F.);
#3217 = ORIENTED_EDGE('',*,*,#2831,.F.);
#3218 = PLANE('',#3219);
#3219 = AXIS2_PLACEMENT_3D('',#3220,#3221,#3222);
#3220 = CARTESIAN_POINT('',(2.1,-0.825,6.494804694057E-16));
#3221 = DIRECTION('',(-2.22044604925E-16,2.22044604925E-16,1.));
#3222 = DIRECTION('',(1.,-2.22044604925E-16,2.22044604925E-16));
#3223 = ADVANCED_FACE('',(#3224),#3235,.T.);
#3224 = FACE_BOUND('',#3225,.T.);
#3225 = EDGE_LOOP('',(#3226,#3232,#3233,#3234));
#3226 = ORIENTED_EDGE('',*,*,#3227,.T.);
#3227 = EDGE_CURVE('',#2840,#2914,#3228,.T.);
#3228 = LINE('',#3229,#3230);
#3229 = CARTESIAN_POINT('',(2.196831062374,-0.825,7.50251054142E-02));
#3230 = VECTOR('',#3231,1.);
#3231 = DIRECTION('',(-2.22044604925E-16,-1.,2.22044604925E-16));
#3232 = ORIENTED_EDGE('',*,*,#2913,.T.);
#3233 = ORIENTED_EDGE('',*,*,#3210,.F.);
#3234 = ORIENTED_EDGE('',*,*,#2839,.F.);
#3235 = CYLINDRICAL_SURFACE('',#3236,0.1);
#3236 = AXIS2_PLACEMENT_3D('',#3237,#3238,#3239);
#3237 = CARTESIAN_POINT('',(2.1,-0.825,0.1));
#3238 = DIRECTION('',(2.22044604925E-16,1.,-2.22044604925E-16));
#3239 = DIRECTION('',(-1.,2.22044604925E-16,-2.22044604925E-16));
#3240 = ADVANCED_FACE('',(#3241),#3247,.F.);
#3241 = FACE_BOUND('',#3242,.T.);
#3242 = EDGE_LOOP('',(#3243,#3244,#3245,#3246));
#3243 = ORIENTED_EDGE('',*,*,#3193,.T.);
#3244 = ORIENTED_EDGE('',*,*,#2922,.T.);
#3245 = ORIENTED_EDGE('',*,*,#3227,.F.);
#3246 = ORIENTED_EDGE('',*,*,#2848,.F.);
#3247 = PLANE('',#3248);
#3248 = AXIS2_PLACEMENT_3D('',#3249,#3250,#3251);
#3249 = CARTESIAN_POINT('',(2.3,-0.825,0.475025105414));
#3250 = DIRECTION('',(-0.968310623737,2.70463555906E-16,0.249748945858)
  );
#3251 = DIRECTION('',(0.249748945858,1.59552743879E-16,0.968310623737));
#3252 = ( GEOMETRIC_REPRESENTATION_CONTEXT(3) 
GLOBAL_UNCERTAINTY_ASSIGNED_CONTEXT((#3256)) 
GLOBAL_UNIT_ASSIGNED_CONTEXT((#3253,#3254,#3255)) REPRESENTATION_CONTEXT
('Context #1','3D Context with UNIT and UNCERTAINTY') );
#3253 = ( LENGTH_UNIT() NAMED_UNIT(*) SI_UNIT(.MILLI.,.METRE.) );
#3254 = ( NAMED_UNIT(*) PLANE_ANGLE_UNIT() SI_UNIT($,.RADIAN.) );
#3255 = ( NAMED_UNIT(*) SI_UNIT($,.STERADIAN.) SOLID_ANGLE_UNIT() );
#3256 = UNCERTAINTY_MEASURE_WITH_UNIT(LENGTH_MEASURE(1.E-07),#3253,
  'distance_accuracy_value','confusion accuracy');
#3257 = CONTEXT_DEPENDENT_SHAPE_REPRESENTATION(#3258,#3260);
#3258 = ( REPRESENTATION_RELATIONSHIP('','',#1977,#10) 
REPRESENTATION_RELATIONSHIP_WITH_TRANSFORMATION(#3259) 
SHAPE_REPRESENTATION_RELATIONSHIP() );
#3259 = ITEM_DEFINED_TRANSFORMATION('','',#11,#27);
#3260 = PRODUCT_DEFINITION_SHAPE('Placement','Placement of an item',
  #3261);
#3261 = NEXT_ASSEMBLY_USAGE_OCCURRENCE('8','Contacts','',#5,#1972,$);
#3262 = PRODUCT_RELATED_PRODUCT_CATEGORY('part',$,(#1974));
#3263 = MECHANICAL_DESIGN_GEOMETRIC_PRESENTATION_REPRESENTATION('',(
    #3264),#3252);
#3264 = STYLED_ITEM('color',(#3265),#1978);
#3265 = PRESENTATION_STYLE_ASSIGNMENT((#3266,#3272));
#3266 = SURFACE_STYLE_USAGE(.BOTH.,#3267);
#3267 = SURFACE_SIDE_STYLE('',(#3268));
#3268 = SURFACE_STYLE_FILL_AREA(#3269);
#3269 = FILL_AREA_STYLE('',(#3270));
#3270 = FILL_AREA_STYLE_COLOUR('',#3271);
#3271 = COLOUR_RGB('',0.800000010877,0.800000010877,0.800000010877);
#3272 = CURVE_STYLE('',#3273,POSITIVE_LENGTH_MEASURE(0.1),#3274);
#3273 = DRAUGHTING_PRE_DEFINED_CURVE_FONT('continuous');
#3274 = COLOUR_RGB('',9.803921802644E-02,9.803921802644E-02,
  9.803921802644E-02);
#3275 = MECHANICAL_DESIGN_GEOMETRIC_PRESENTATION_REPRESENTATION('',(
    #3276),#1959);
#3276 = STYLED_ITEM('color',(#3277),#1703);
#3277 = PRESENTATION_STYLE_ASSIGNMENT((#3278,#3284));
#3278 = SURFACE_STYLE_USAGE(.BOTH.,#3279);
#3279 = SURFACE_SIDE_STYLE('',(#3280));
#3280 = SURFACE_STYLE_FILL_AREA(#3281);
#3281 = FILL_AREA_STYLE('',(#3282));
#3282 = FILL_AREA_STYLE_COLOUR('',#3283);
#3283 = COLOUR_RGB('',0.266666683833,0.266666683833,0.266666683833);
#3284 = CURVE_STYLE('',#3285,POSITIVE_LENGTH_MEASURE(0.1),#3274);
#3285 = DRAUGHTING_PRE_DEFINED_CURVE_FONT('continuous');
#3286 = MECHANICAL_DESIGN_GEOMETRIC_PRESENTATION_REPRESENTATION('',(
    #3287),#1383);
#3287 = STYLED_ITEM('color',(#3288),#45);
#3288 = PRESENTATION_STYLE_ASSIGNMENT((#3289,#3294));
#3289 = SURFACE_STYLE_USAGE(.BOTH.,#3290);
#3290 = SURFACE_SIDE_STYLE('',(#3291));
#3291 = SURFACE_STYLE_FILL_AREA(#3292);
#3292 = FILL_AREA_STYLE('',(#3293));
#3293 = FILL_AREA_STYLE_COLOUR('',#3283);
#3294 = CURVE_STYLE('',#3295,POSITIVE_LENGTH_MEASURE(0.1),#3274);
#3295 = DRAUGHTING_PRE_DEFINED_CURVE_FONT('continuous');
#3296 = MECHANICAL_DESIGN_GEOMETRIC_PRESENTATION_REPRESENTATION('',(
    #3297),#1684);
#3297 = STYLED_ITEM('color',(#3298),#1402);
#3298 = PRESENTATION_STYLE_ASSIGNMENT((#3299,#3305));
#3299 = SURFACE_STYLE_USAGE(.BOTH.,#3300);
#3300 = SURFACE_SIDE_STYLE('',(#3301));
#3301 = SURFACE_STYLE_FILL_AREA(#3302);
#3302 = FILL_AREA_STYLE('',(#3303));
#3303 = FILL_AREA_STYLE_COLOUR('',#3304);
#3304 = COLOUR_RGB('',0.666666687201,0.666666687201,0.666666687201);
#3305 = CURVE_STYLE('',#3306,POSITIVE_LENGTH_MEASURE(0.1),#3274);
#3306 = DRAUGHTING_PRE_DEFINED_CURVE_FONT('continuous');
ENDSEC;
END-ISO-10303-21;
