solid 
 facet normal  0.000000e+00  1.000000e+00  0.000000e+00
   outer loop
     vertex  1.408700e+02 -7.851250e+01  1.795000e+00
     vertex  1.414875e+02 -7.851250e+01  1.620000e+00
     vertex  1.408700e+02 -7.851250e+01  1.620000e+00
   endloop
 endfacet
 facet normal -0.000000e+00  1.000000e+00  0.000000e+00
   outer loop
     vertex  1.408700e+02 -7.851250e+01  1.795000e+00
     vertex  1.414875e+02 -7.851250e+01  2.370000e+00
     vertex  1.414875e+02 -7.851250e+01  1.620000e+00
   endloop
 endfacet
 facet normal  0.000000e+00  1.000000e+00  0.000000e+00
   outer loop
     vertex  1.406300e+02 -7.851250e+01  1.795000e+00
     vertex  1.414875e+02 -7.851250e+01  2.370000e+00
     vertex  1.408700e+02 -7.851250e+01  1.795000e+00
   endloop
 endfacet
 facet normal  0.000000e+00  1.000000e+00  0.000000e+00
   outer loop
     vertex  1.403700e+02 -7.851250e+01  1.620000e+00
     vertex  1.406300e+02 -7.851250e+01  1.795000e+00
     vertex  1.406300e+02 -7.851250e+01  1.620000e+00
   endloop
 endfacet
 facet normal -0.000000e+00  1.000000e+00  0.000000e+00
   outer loop
     vertex  1.403700e+02 -7.851250e+01  1.795000e+00
     vertex  1.406300e+02 -7.851250e+01  1.795000e+00
     vertex  1.403700e+02 -7.851250e+01  1.620000e+00
   endloop
 endfacet
 facet normal  0.000000e+00  1.000000e+00  0.000000e+00
   outer loop
     vertex  1.403700e+02 -7.851250e+01  1.795000e+00
     vertex  1.414875e+02 -7.851250e+01  2.370000e+00
     vertex  1.406300e+02 -7.851250e+01  1.795000e+00
   endloop
 endfacet
 facet normal  0.000000e+00  1.000000e+00  0.000000e+00
   outer loop
     vertex  1.401300e+02 -7.851250e+01  1.795000e+00
     vertex  1.414875e+02 -7.851250e+01  2.370000e+00
     vertex  1.403700e+02 -7.851250e+01  1.795000e+00
   endloop
 endfacet
 facet normal  0.000000e+00  1.000000e+00  0.000000e+00
   outer loop
     vertex  1.398700e+02 -7.851250e+01  1.795000e+00
     vertex  1.401300e+02 -7.851250e+01  1.620000e+00
     vertex  1.398700e+02 -7.851250e+01  1.620000e+00
   endloop
 endfacet
 facet normal -0.000000e+00  1.000000e+00  0.000000e+00
   outer loop
     vertex  1.398700e+02 -7.851250e+01  1.795000e+00
     vertex  1.401300e+02 -7.851250e+01  1.795000e+00
     vertex  1.401300e+02 -7.851250e+01  1.620000e+00
   endloop
 endfacet
 facet normal  0.000000e+00  1.000000e+00  0.000000e+00
   outer loop
     vertex  1.393700e+02 -7.851250e+01  1.795000e+00
     vertex  1.396300e+02 -7.851250e+01  1.620000e+00
     vertex  1.393700e+02 -7.851250e+01  1.620000e+00
   endloop
 endfacet
 facet normal -0.000000e+00  1.000000e+00  0.000000e+00
   outer loop
     vertex  1.393700e+02 -7.851250e+01  1.795000e+00
     vertex  1.396300e+02 -7.851250e+01  1.795000e+00
     vertex  1.396300e+02 -7.851250e+01  1.620000e+00
   endloop
 endfacet
 facet normal  0.000000e+00  1.000000e+00  0.000000e+00
   outer loop
     vertex  1.385125e+02 -7.851250e+01  1.620000e+00
     vertex  1.391300e+02 -7.851250e+01  1.795000e+00
     vertex  1.391300e+02 -7.851250e+01  1.620000e+00
   endloop
 endfacet
 facet normal  0.000000e+00  1.000000e+00  0.000000e+00
   outer loop
     vertex  1.385125e+02 -7.851250e+01  2.370000e+00
     vertex  1.393700e+02 -7.851250e+01  1.795000e+00
     vertex  1.391300e+02 -7.851250e+01  1.795000e+00
   endloop
 endfacet
 facet normal  0.000000e+00  1.000000e+00  0.000000e+00
   outer loop
     vertex  1.385125e+02 -7.851250e+01  2.370000e+00
     vertex  1.398700e+02 -7.851250e+01  1.795000e+00
     vertex  1.396300e+02 -7.851250e+01  1.795000e+00
   endloop
 endfacet
 facet normal  0.000000e+00  1.000000e+00  0.000000e+00
   outer loop
     vertex  1.385125e+02 -7.851250e+01  2.370000e+00
     vertex  1.401300e+02 -7.851250e+01  1.795000e+00
     vertex  1.398700e+02 -7.851250e+01  1.795000e+00
   endloop
 endfacet
 facet normal -0.000000e+00  1.000000e+00  0.000000e+00
   outer loop
     vertex  1.385125e+02 -7.851250e+01  2.370000e+00
     vertex  1.414875e+02 -7.851250e+01  2.370000e+00
     vertex  1.401300e+02 -7.851250e+01  1.795000e+00
   endloop
 endfacet
 facet normal  0.000000e+00  1.000000e+00  0.000000e+00
   outer loop
     vertex  1.385125e+02 -7.851250e+01  2.370000e+00
     vertex  1.396300e+02 -7.851250e+01  1.795000e+00
     vertex  1.393700e+02 -7.851250e+01  1.795000e+00
   endloop
 endfacet
 facet normal  0.000000e+00  1.000000e+00  0.000000e+00
   outer loop
     vertex  1.385125e+02 -7.851250e+01  2.370000e+00
     vertex  1.391300e+02 -7.851250e+01  1.795000e+00
     vertex  1.385125e+02 -7.851250e+01  1.620000e+00
   endloop
 endfacet
 facet normal  0.000000e+00 -0.000000e+00  1.000000e+00
   outer loop
     vertex  1.389134e+02 -7.895000e+01  2.370000e+00
     vertex  1.389293e+02 -7.892929e+01  2.370000e+00
     vertex  1.385125e+02 -7.851250e+01  2.370000e+00
   endloop
 endfacet
 facet normal  0.000000e+00  0.000000e+00  1.000000e+00
   outer loop
     vertex  1.389500e+02 -7.891340e+01  2.370000e+00
     vertex  1.385125e+02 -7.851250e+01  2.370000e+00
     vertex  1.389293e+02 -7.892929e+01  2.370000e+00
   endloop
 endfacet
 facet normal  0.000000e+00 -0.000000e+00  1.000000e+00
   outer loop
     vertex  1.389034e+02 -7.897412e+01  2.370000e+00
     vertex  1.389134e+02 -7.895000e+01  2.370000e+00
     vertex  1.385125e+02 -7.851250e+01  2.370000e+00
   endloop
 endfacet
 facet normal  0.000000e+00  0.000000e+00  1.000000e+00
   outer loop
     vertex  1.389741e+02 -7.890341e+01  2.370000e+00
     vertex  1.385125e+02 -7.851250e+01  2.370000e+00
     vertex  1.389500e+02 -7.891340e+01  2.370000e+00
   endloop
 endfacet
 facet normal  0.000000e+00 -0.000000e+00  1.000000e+00
   outer loop
     vertex  1.389000e+02 -7.900000e+01  2.370000e+00
     vertex  1.389034e+02 -7.897412e+01  2.370000e+00
     vertex  1.385125e+02 -7.851250e+01  2.370000e+00
   endloop
 endfacet
 facet normal  0.000000e+00  0.000000e+00  1.000000e+00
   outer loop
     vertex  1.390000e+02 -7.890000e+01  2.370000e+00
     vertex  1.385125e+02 -7.851250e+01  2.370000e+00
     vertex  1.389741e+02 -7.890341e+01  2.370000e+00
   endloop
 endfacet
 facet normal  0.000000e+00  0.000000e+00  1.000000e+00
   outer loop
     vertex  1.389034e+02 -7.902588e+01  2.370000e+00
     vertex  1.389000e+02 -7.900000e+01  2.370000e+00
     vertex  1.385125e+02 -7.851250e+01  2.370000e+00
   endloop
 endfacet
 facet normal  0.000000e+00  0.000000e+00  1.000000e+00
   outer loop
     vertex  1.390259e+02 -7.890341e+01  2.370000e+00
     vertex  1.385125e+02 -7.851250e+01  2.370000e+00
     vertex  1.390000e+02 -7.890000e+01  2.370000e+00
   endloop
 endfacet
 facet normal  0.000000e+00  0.000000e+00  1.000000e+00
   outer loop
     vertex  1.389134e+02 -7.905000e+01  2.370000e+00
     vertex  1.389034e+02 -7.902588e+01  2.370000e+00
     vertex  1.385125e+02 -7.851250e+01  2.370000e+00
   endloop
 endfacet
 facet normal  0.000000e+00  0.000000e+00  1.000000e+00
   outer loop
     vertex  1.390500e+02 -7.891340e+01  2.370000e+00
     vertex  1.385125e+02 -7.851250e+01  2.370000e+00
     vertex  1.390259e+02 -7.890341e+01  2.370000e+00
   endloop
 endfacet
 facet normal  0.000000e+00  0.000000e+00  1.000000e+00
   outer loop
     vertex  1.385125e+02 -8.148750e+01  2.370000e+00
     vertex  1.390000e+02 -7.910000e+01  2.370000e+00
     vertex  1.389741e+02 -7.909659e+01  2.370000e+00
   endloop
 endfacet
 facet normal  0.000000e+00  0.000000e+00  1.000000e+00
   outer loop
     vertex  1.385125e+02 -8.148750e+01  2.370000e+00
     vertex  1.389741e+02 -7.909659e+01  2.370000e+00
     vertex  1.389500e+02 -7.908660e+01  2.370000e+00
   endloop
 endfacet
 facet normal  0.000000e+00  0.000000e+00  1.000000e+00
   outer loop
     vertex  1.385125e+02 -8.148750e+01  2.370000e+00
     vertex  1.389500e+02 -7.908660e+01  2.370000e+00
     vertex  1.389293e+02 -7.907071e+01  2.370000e+00
   endloop
 endfacet
 facet normal  0.000000e+00  0.000000e+00  1.000000e+00
   outer loop
     vertex  1.385125e+02 -8.148750e+01  2.370000e+00
     vertex  1.389293e+02 -7.907071e+01  2.370000e+00
     vertex  1.389134e+02 -7.905000e+01  2.370000e+00
   endloop
 endfacet
 facet normal  0.000000e+00  0.000000e+00  1.000000e+00
   outer loop
     vertex  1.385125e+02 -8.148750e+01  2.370000e+00
     vertex  1.390500e+02 -7.908660e+01  2.370000e+00
     vertex  1.390259e+02 -7.909659e+01  2.370000e+00
   endloop
 endfacet
 facet normal  0.000000e+00  0.000000e+00  1.000000e+00
   outer loop
     vertex  1.385125e+02 -8.148750e+01  2.370000e+00
     vertex  1.390259e+02 -7.909659e+01  2.370000e+00
     vertex  1.390000e+02 -7.910000e+01  2.370000e+00
   endloop
 endfacet
 facet normal  0.000000e+00  0.000000e+00  1.000000e+00
   outer loop
     vertex  1.385125e+02 -8.148750e+01  2.370000e+00
     vertex  1.389134e+02 -7.905000e+01  2.370000e+00
     vertex  1.385125e+02 -7.851250e+01  2.370000e+00
   endloop
 endfacet
 facet normal  0.000000e+00  0.000000e+00  1.000000e+00
   outer loop
     vertex  1.414875e+02 -7.851250e+01  2.370000e+00
     vertex  1.390500e+02 -7.891340e+01  2.370000e+00
     vertex  1.390707e+02 -7.892929e+01  2.370000e+00
   endloop
 endfacet
 facet normal  0.000000e+00  0.000000e+00  1.000000e+00
   outer loop
     vertex  1.414875e+02 -7.851250e+01  2.370000e+00
     vertex  1.390707e+02 -7.892929e+01  2.370000e+00
     vertex  1.390866e+02 -7.895000e+01  2.370000e+00
   endloop
 endfacet
 facet normal  0.000000e+00  0.000000e+00  1.000000e+00
   outer loop
     vertex  1.414875e+02 -7.851250e+01  2.370000e+00
     vertex  1.390866e+02 -7.895000e+01  2.370000e+00
     vertex  1.390966e+02 -7.897412e+01  2.370000e+00
   endloop
 endfacet
 facet normal  0.000000e+00  0.000000e+00  1.000000e+00
   outer loop
     vertex  1.414875e+02 -7.851250e+01  2.370000e+00
     vertex  1.390966e+02 -7.897412e+01  2.370000e+00
     vertex  1.391000e+02 -7.900000e+01  2.370000e+00
   endloop
 endfacet
 facet normal  0.000000e+00  0.000000e+00  1.000000e+00
   outer loop
     vertex  1.414875e+02 -7.851250e+01  2.370000e+00
     vertex  1.391000e+02 -7.900000e+01  2.370000e+00
     vertex  1.390966e+02 -7.902588e+01  2.370000e+00
   endloop
 endfacet
 facet normal  0.000000e+00  0.000000e+00  1.000000e+00
   outer loop
     vertex  1.414875e+02 -7.851250e+01  2.370000e+00
     vertex  1.390966e+02 -7.902588e+01  2.370000e+00
     vertex  1.390866e+02 -7.905000e+01  2.370000e+00
   endloop
 endfacet
 facet normal  0.000000e+00  0.000000e+00  1.000000e+00
   outer loop
     vertex  1.414875e+02 -7.851250e+01  2.370000e+00
     vertex  1.385125e+02 -7.851250e+01  2.370000e+00
     vertex  1.390500e+02 -7.891340e+01  2.370000e+00
   endloop
 endfacet
 facet normal  0.000000e+00  0.000000e+00  1.000000e+00
   outer loop
     vertex  1.414875e+02 -8.148750e+01  2.370000e+00
     vertex  1.390866e+02 -7.905000e+01  2.370000e+00
     vertex  1.390707e+02 -7.907071e+01  2.370000e+00
   endloop
 endfacet
 facet normal  0.000000e+00  0.000000e+00  1.000000e+00
   outer loop
     vertex  1.414875e+02 -8.148750e+01  2.370000e+00
     vertex  1.390707e+02 -7.907071e+01  2.370000e+00
     vertex  1.390500e+02 -7.908660e+01  2.370000e+00
   endloop
 endfacet
 facet normal  0.000000e+00  0.000000e+00  1.000000e+00
   outer loop
     vertex  1.414875e+02 -8.148750e+01  2.370000e+00
     vertex  1.390500e+02 -7.908660e+01  2.370000e+00
     vertex  1.385125e+02 -8.148750e+01  2.370000e+00
   endloop
 endfacet
 facet normal  0.000000e+00 -0.000000e+00  1.000000e+00
   outer loop
     vertex  1.414875e+02 -8.148750e+01  2.370000e+00
     vertex  1.414875e+02 -7.851250e+01  2.370000e+00
     vertex  1.390866e+02 -7.905000e+01  2.370000e+00
   endloop
 endfacet
 facet normal  1.000000e+00  0.000000e+00  0.000000e+00
   outer loop
     vertex  1.414875e+02 -7.913000e+01  1.795000e+00
     vertex  1.414875e+02 -7.913000e+01  1.620000e+00
     vertex  1.414875e+02 -7.851250e+01  1.620000e+00
   endloop
 endfacet
 facet normal  1.000000e+00 -0.000000e+00  0.000000e+00
   outer loop
     vertex  1.414875e+02 -7.913000e+01  1.795000e+00
     vertex  1.414875e+02 -7.851250e+01  1.620000e+00
     vertex  1.414875e+02 -7.851250e+01  2.370000e+00
   endloop
 endfacet
 facet normal  1.000000e+00  0.000000e+00  0.000000e+00
   outer loop
     vertex  1.414875e+02 -7.937000e+01  1.795000e+00
     vertex  1.414875e+02 -7.913000e+01  1.795000e+00
     vertex  1.414875e+02 -7.851250e+01  2.370000e+00
   endloop
 endfacet
 facet normal  1.000000e+00  0.000000e+00  0.000000e+00
   outer loop
     vertex  1.414875e+02 -7.963000e+01  1.795000e+00
     vertex  1.414875e+02 -7.963000e+01  1.620000e+00
     vertex  1.414875e+02 -7.937000e+01  1.620000e+00
   endloop
 endfacet
 facet normal  1.000000e+00 -0.000000e+00  0.000000e+00
   outer loop
     vertex  1.414875e+02 -7.963000e+01  1.795000e+00
     vertex  1.414875e+02 -7.937000e+01  1.620000e+00
     vertex  1.414875e+02 -7.937000e+01  1.795000e+00
   endloop
 endfacet
 facet normal  1.000000e+00  0.000000e+00  0.000000e+00
   outer loop
     vertex  1.414875e+02 -7.963000e+01  1.795000e+00
     vertex  1.414875e+02 -7.937000e+01  1.795000e+00
     vertex  1.414875e+02 -7.851250e+01  2.370000e+00
   endloop
 endfacet
 facet normal  1.000000e+00  0.000000e+00  0.000000e+00
   outer loop
     vertex  1.414875e+02 -7.987000e+01  1.795000e+00
     vertex  1.414875e+02 -7.963000e+01  1.795000e+00
     vertex  1.414875e+02 -7.851250e+01  2.370000e+00
   endloop
 endfacet
 facet normal  1.000000e+00  0.000000e+00  0.000000e+00
   outer loop
     vertex  1.414875e+02 -8.013000e+01  1.795000e+00
     vertex  1.414875e+02 -8.013000e+01  1.620000e+00
     vertex  1.414875e+02 -7.987000e+01  1.620000e+00
   endloop
 endfacet
 facet normal  1.000000e+00 -0.000000e+00  0.000000e+00
   outer loop
     vertex  1.414875e+02 -8.013000e+01  1.795000e+00
     vertex  1.414875e+02 -7.987000e+01  1.620000e+00
     vertex  1.414875e+02 -7.987000e+01  1.795000e+00
   endloop
 endfacet
 facet normal  1.000000e+00  0.000000e+00  0.000000e+00
   outer loop
     vertex  1.414875e+02 -8.063000e+01  1.795000e+00
     vertex  1.414875e+02 -8.063000e+01  1.620000e+00
     vertex  1.414875e+02 -8.037000e+01  1.620000e+00
   endloop
 endfacet
 facet normal  1.000000e+00 -0.000000e+00  0.000000e+00
   outer loop
     vertex  1.414875e+02 -8.063000e+01  1.795000e+00
     vertex  1.414875e+02 -8.037000e+01  1.620000e+00
     vertex  1.414875e+02 -8.037000e+01  1.795000e+00
   endloop
 endfacet
 facet normal  1.000000e+00  0.000000e+00  0.000000e+00
   outer loop
     vertex  1.414875e+02 -8.148750e+01  1.620000e+00
     vertex  1.414875e+02 -8.087000e+01  1.620000e+00
     vertex  1.414875e+02 -8.087000e+01  1.795000e+00
   endloop
 endfacet
 facet normal  1.000000e+00  0.000000e+00  0.000000e+00
   outer loop
     vertex  1.414875e+02 -8.148750e+01  2.370000e+00
     vertex  1.414875e+02 -8.087000e+01  1.795000e+00
     vertex  1.414875e+02 -8.063000e+01  1.795000e+00
   endloop
 endfacet
 facet normal  1.000000e+00  0.000000e+00  0.000000e+00
   outer loop
     vertex  1.414875e+02 -8.148750e+01  2.370000e+00
     vertex  1.414875e+02 -8.037000e+01  1.795000e+00
     vertex  1.414875e+02 -8.013000e+01  1.795000e+00
   endloop
 endfacet
 facet normal  1.000000e+00  0.000000e+00  0.000000e+00
   outer loop
     vertex  1.414875e+02 -8.148750e+01  2.370000e+00
     vertex  1.414875e+02 -8.013000e+01  1.795000e+00
     vertex  1.414875e+02 -7.987000e+01  1.795000e+00
   endloop
 endfacet
 facet normal  1.000000e+00 -0.000000e+00  0.000000e+00
   outer loop
     vertex  1.414875e+02 -8.148750e+01  2.370000e+00
     vertex  1.414875e+02 -7.987000e+01  1.795000e+00
     vertex  1.414875e+02 -7.851250e+01  2.370000e+00
   endloop
 endfacet
 facet normal  1.000000e+00  0.000000e+00  0.000000e+00
   outer loop
     vertex  1.414875e+02 -8.148750e+01  2.370000e+00
     vertex  1.414875e+02 -8.063000e+01  1.795000e+00
     vertex  1.414875e+02 -8.037000e+01  1.795000e+00
   endloop
 endfacet
 facet normal  1.000000e+00  0.000000e+00  0.000000e+00
   outer loop
     vertex  1.414875e+02 -8.148750e+01  2.370000e+00
     vertex  1.414875e+02 -8.148750e+01  1.620000e+00
     vertex  1.414875e+02 -8.087000e+01  1.795000e+00
   endloop
 endfacet
 facet normal  0.000000e+00  0.000000e+00 -1.000000e+00
   outer loop
     vertex  1.389000e+02 -7.913000e+01  1.620000e+00
     vertex  1.385125e+02 -7.913000e+01  1.620000e+00
     vertex  1.385125e+02 -7.851250e+01  1.620000e+00
   endloop
 endfacet
 facet normal  0.000000e+00  0.000000e+00 -1.000000e+00
   outer loop
     vertex  1.391300e+02 -7.890000e+01  1.620000e+00
     vertex  1.385125e+02 -7.851250e+01  1.620000e+00
     vertex  1.391300e+02 -7.851250e+01  1.620000e+00
   endloop
 endfacet
 facet normal -0.000000e+00  0.000000e+00 -1.000000e+00
   outer loop
     vertex  1.391300e+02 -7.890000e+01  1.620000e+00
     vertex  1.389000e+02 -7.913000e+01  1.620000e+00
     vertex  1.385125e+02 -7.851250e+01  1.620000e+00
   endloop
 endfacet
 facet normal -0.000000e+00  0.000000e+00 -1.000000e+00
   outer loop
     vertex  1.391500e+02 -7.935000e+01  1.620000e+00
     vertex  1.389000e+02 -7.937000e+01  1.620000e+00
     vertex  1.389000e+02 -7.913000e+01  1.620000e+00
   endloop
 endfacet
 facet normal  0.000000e+00  0.000000e+00 -1.000000e+00
   outer loop
     vertex  1.391500e+02 -7.935000e+01  1.620000e+00
     vertex  1.389000e+02 -7.913000e+01  1.620000e+00
     vertex  1.391300e+02 -7.890000e+01  1.620000e+00
   endloop
 endfacet
 facet normal -0.000000e+00  0.000000e+00 -1.000000e+00
   outer loop
     vertex  1.393500e+02 -7.915000e+01  1.620000e+00
     vertex  1.391500e+02 -7.935000e+01  1.620000e+00
     vertex  1.391300e+02 -7.890000e+01  1.620000e+00
   endloop
 endfacet
 facet normal  0.000000e+00  0.000000e+00 -1.000000e+00
   outer loop
     vertex  1.393500e+02 -7.915000e+01  1.620000e+00
     vertex  1.391300e+02 -7.890000e+01  1.620000e+00
     vertex  1.393700e+02 -7.890000e+01  1.620000e+00
   endloop
 endfacet
 facet normal  0.000000e+00  0.000000e+00 -1.000000e+00
   outer loop
     vertex  1.389000e+02 -7.963000e+01  1.620000e+00
     vertex  1.385125e+02 -7.937000e+01  1.620000e+00
     vertex  1.389000e+02 -7.937000e+01  1.620000e+00
   endloop
 endfacet
 facet normal  0.000000e+00  0.000000e+00 -1.000000e+00
   outer loop
     vertex  1.389000e+02 -7.963000e+01  1.620000e+00
     vertex  1.385125e+02 -7.963000e+01  1.620000e+00
     vertex  1.385125e+02 -7.937000e+01  1.620000e+00
   endloop
 endfacet
 facet normal  0.000000e+00  0.000000e+00 -1.000000e+00
   outer loop
     vertex  1.389000e+02 -7.963000e+01  1.620000e+00
     vertex  1.389000e+02 -7.937000e+01  1.620000e+00
     vertex  1.391500e+02 -7.935000e+01  1.620000e+00
   endloop
 endfacet
 facet normal -0.000000e+00  0.000000e+00 -1.000000e+00
   outer loop
     vertex  1.396300e+02 -7.890000e+01  1.620000e+00
     vertex  1.393500e+02 -7.915000e+01  1.620000e+00
     vertex  1.393700e+02 -7.890000e+01  1.620000e+00
   endloop
 endfacet
 facet normal  0.000000e+00  0.000000e+00 -1.000000e+00
   outer loop
     vertex  1.396300e+02 -7.890000e+01  1.620000e+00
     vertex  1.393700e+02 -7.851250e+01  1.620000e+00
     vertex  1.396300e+02 -7.851250e+01  1.620000e+00
   endloop
 endfacet
 facet normal  0.000000e+00  0.000000e+00 -1.000000e+00
   outer loop
     vertex  1.396300e+02 -7.890000e+01  1.620000e+00
     vertex  1.393700e+02 -7.890000e+01  1.620000e+00
     vertex  1.393700e+02 -7.851250e+01  1.620000e+00
   endloop
 endfacet
 facet normal  0.000000e+00  0.000000e+00 -1.000000e+00
   outer loop
     vertex  1.389000e+02 -7.987000e+01  1.620000e+00
     vertex  1.389000e+02 -7.963000e+01  1.620000e+00
     vertex  1.391500e+02 -7.935000e+01  1.620000e+00
   endloop
 endfacet
 facet normal -0.000000e+00  0.000000e+00 -1.000000e+00
   outer loop
     vertex  1.398700e+02 -7.890000e+01  1.620000e+00
     vertex  1.393500e+02 -7.915000e+01  1.620000e+00
     vertex  1.396300e+02 -7.890000e+01  1.620000e+00
   endloop
 endfacet
 facet normal  0.000000e+00  0.000000e+00 -1.000000e+00
   outer loop
     vertex  1.389000e+02 -8.013000e+01  1.620000e+00
     vertex  1.385125e+02 -7.987000e+01  1.620000e+00
     vertex  1.389000e+02 -7.987000e+01  1.620000e+00
   endloop
 endfacet
 facet normal  0.000000e+00  0.000000e+00 -1.000000e+00
   outer loop
     vertex  1.389000e+02 -8.013000e+01  1.620000e+00
     vertex  1.385125e+02 -8.013000e+01  1.620000e+00
     vertex  1.385125e+02 -7.987000e+01  1.620000e+00
   endloop
 endfacet
 facet normal  0.000000e+00  0.000000e+00 -1.000000e+00
   outer loop
     vertex  1.389000e+02 -8.013000e+01  1.620000e+00
     vertex  1.389000e+02 -7.987000e+01  1.620000e+00
     vertex  1.391500e+02 -7.935000e+01  1.620000e+00
   endloop
 endfacet
 facet normal -0.000000e+00  0.000000e+00 -1.000000e+00
   outer loop
     vertex  1.401300e+02 -7.890000e+01  1.620000e+00
     vertex  1.393500e+02 -7.915000e+01  1.620000e+00
     vertex  1.398700e+02 -7.890000e+01  1.620000e+00
   endloop
 endfacet
 facet normal  0.000000e+00  0.000000e+00 -1.000000e+00
   outer loop
     vertex  1.401300e+02 -7.890000e+01  1.620000e+00
     vertex  1.398700e+02 -7.851250e+01  1.620000e+00
     vertex  1.401300e+02 -7.851250e+01  1.620000e+00
   endloop
 endfacet
 facet normal  0.000000e+00  0.000000e+00 -1.000000e+00
   outer loop
     vertex  1.401300e+02 -7.890000e+01  1.620000e+00
     vertex  1.398700e+02 -7.890000e+01  1.620000e+00
     vertex  1.398700e+02 -7.851250e+01  1.620000e+00
   endloop
 endfacet
 facet normal  0.000000e+00  0.000000e+00 -1.000000e+00
   outer loop
     vertex  1.389000e+02 -8.063000e+01  1.620000e+00
     vertex  1.385125e+02 -8.037000e+01  1.620000e+00
     vertex  1.389000e+02 -8.037000e+01  1.620000e+00
   endloop
 endfacet
 facet normal  0.000000e+00  0.000000e+00 -1.000000e+00
   outer loop
     vertex  1.389000e+02 -8.063000e+01  1.620000e+00
     vertex  1.385125e+02 -8.063000e+01  1.620000e+00
     vertex  1.385125e+02 -8.037000e+01  1.620000e+00
   endloop
 endfacet
 facet normal  0.000000e+00  0.000000e+00 -1.000000e+00
   outer loop
     vertex  1.406300e+02 -7.890000e+01  1.620000e+00
     vertex  1.403700e+02 -7.851250e+01  1.620000e+00
     vertex  1.406300e+02 -7.851250e+01  1.620000e+00
   endloop
 endfacet
 facet normal  0.000000e+00  0.000000e+00 -1.000000e+00
   outer loop
     vertex  1.406300e+02 -7.890000e+01  1.620000e+00
     vertex  1.403700e+02 -7.890000e+01  1.620000e+00
     vertex  1.403700e+02 -7.851250e+01  1.620000e+00
   endloop
 endfacet
 facet normal  0.000000e+00  0.000000e+00 -1.000000e+00
   outer loop
     vertex  1.385125e+02 -8.148750e+01  1.620000e+00
     vertex  1.385125e+02 -8.087000e+01  1.620000e+00
     vertex  1.389000e+02 -8.087000e+01  1.620000e+00
   endloop
 endfacet
 facet normal  0.000000e+00  0.000000e+00 -1.000000e+00
   outer loop
     vertex  1.391500e+02 -8.085000e+01  1.620000e+00
     vertex  1.389000e+02 -8.037000e+01  1.620000e+00
     vertex  1.389000e+02 -8.013000e+01  1.620000e+00
   endloop
 endfacet
 facet normal -0.000000e+00  0.000000e+00 -1.000000e+00
   outer loop
     vertex  1.391500e+02 -8.085000e+01  1.620000e+00
     vertex  1.389000e+02 -8.087000e+01  1.620000e+00
     vertex  1.389000e+02 -8.063000e+01  1.620000e+00
   endloop
 endfacet
 facet normal  0.000000e+00  0.000000e+00 -1.000000e+00
   outer loop
     vertex  1.391500e+02 -8.085000e+01  1.620000e+00
     vertex  1.389000e+02 -8.063000e+01  1.620000e+00
     vertex  1.389000e+02 -8.037000e+01  1.620000e+00
   endloop
 endfacet
 facet normal  0.000000e+00  0.000000e+00 -1.000000e+00
   outer loop
     vertex  1.408500e+02 -7.915000e+01  1.620000e+00
     vertex  1.403700e+02 -7.890000e+01  1.620000e+00
     vertex  1.406300e+02 -7.890000e+01  1.620000e+00
   endloop
 endfacet
 facet normal  0.000000e+00  0.000000e+00 -1.000000e+00
   outer loop
     vertex  1.408500e+02 -7.915000e+01  1.620000e+00
     vertex  1.406300e+02 -7.890000e+01  1.620000e+00
     vertex  1.408700e+02 -7.890000e+01  1.620000e+00
   endloop
 endfacet
 facet normal  0.000000e+00  0.000000e+00 -1.000000e+00
   outer loop
     vertex  1.408500e+02 -7.915000e+01  1.620000e+00
     vertex  1.401300e+02 -7.890000e+01  1.620000e+00
     vertex  1.403700e+02 -7.890000e+01  1.620000e+00
   endloop
 endfacet
 facet normal -0.000000e+00  0.000000e+00 -1.000000e+00
   outer loop
     vertex  1.414875e+02 -7.851250e+01  1.620000e+00
     vertex  1.408700e+02 -7.890000e+01  1.620000e+00
     vertex  1.408700e+02 -7.851250e+01  1.620000e+00
   endloop
 endfacet
 facet normal  0.000000e+00  0.000000e+00 -1.000000e+00
   outer loop
     vertex  1.391300e+02 -8.110000e+01  1.620000e+00
     vertex  1.389000e+02 -8.087000e+01  1.620000e+00
     vertex  1.391500e+02 -8.085000e+01  1.620000e+00
   endloop
 endfacet
 facet normal -0.000000e+00  0.000000e+00 -1.000000e+00
   outer loop
     vertex  1.391300e+02 -8.110000e+01  1.620000e+00
     vertex  1.385125e+02 -8.148750e+01  1.620000e+00
     vertex  1.389000e+02 -8.087000e+01  1.620000e+00
   endloop
 endfacet
 facet normal -0.000000e+00  0.000000e+00 -1.000000e+00
   outer loop
     vertex  1.411000e+02 -7.913000e+01  1.620000e+00
     vertex  1.408500e+02 -7.915000e+01  1.620000e+00
     vertex  1.408700e+02 -7.890000e+01  1.620000e+00
   endloop
 endfacet
 facet normal  0.000000e+00  0.000000e+00 -1.000000e+00
   outer loop
     vertex  1.411000e+02 -7.913000e+01  1.620000e+00
     vertex  1.408700e+02 -7.890000e+01  1.620000e+00
     vertex  1.414875e+02 -7.851250e+01  1.620000e+00
   endloop
 endfacet
 facet normal  0.000000e+00  0.000000e+00 -1.000000e+00
   outer loop
     vertex  1.393700e+02 -8.110000e+01  1.620000e+00
     vertex  1.391300e+02 -8.110000e+01  1.620000e+00
     vertex  1.391500e+02 -8.085000e+01  1.620000e+00
   endloop
 endfacet
 facet normal  0.000000e+00  0.000000e+00 -1.000000e+00
   outer loop
     vertex  1.411000e+02 -7.937000e+01  1.620000e+00
     vertex  1.408500e+02 -7.915000e+01  1.620000e+00
     vertex  1.411000e+02 -7.913000e+01  1.620000e+00
   endloop
 endfacet
 facet normal  0.000000e+00  0.000000e+00 -1.000000e+00
   outer loop
     vertex  1.391300e+02 -8.148750e+01  1.620000e+00
     vertex  1.385125e+02 -8.148750e+01  1.620000e+00
     vertex  1.391300e+02 -8.110000e+01  1.620000e+00
   endloop
 endfacet
 facet normal  0.000000e+00  0.000000e+00 -1.000000e+00
   outer loop
     vertex  1.414875e+02 -7.913000e+01  1.620000e+00
     vertex  1.411000e+02 -7.913000e+01  1.620000e+00
     vertex  1.414875e+02 -7.851250e+01  1.620000e+00
   endloop
 endfacet
 facet normal  0.000000e+00  0.000000e+00 -1.000000e+00
   outer loop
     vertex  1.396300e+02 -8.110000e+01  1.620000e+00
     vertex  1.393700e+02 -8.110000e+01  1.620000e+00
     vertex  1.391500e+02 -8.085000e+01  1.620000e+00
   endloop
 endfacet
 facet normal  0.000000e+00  0.000000e+00 -1.000000e+00
   outer loop
     vertex  1.411000e+02 -7.963000e+01  1.620000e+00
     vertex  1.408500e+02 -7.915000e+01  1.620000e+00
     vertex  1.411000e+02 -7.937000e+01  1.620000e+00
   endloop
 endfacet
 facet normal  0.000000e+00  0.000000e+00 -1.000000e+00
   outer loop
     vertex  1.393700e+02 -8.148750e+01  1.620000e+00
     vertex  1.393700e+02 -8.110000e+01  1.620000e+00
     vertex  1.396300e+02 -8.110000e+01  1.620000e+00
   endloop
 endfacet
 facet normal -0.000000e+00  0.000000e+00 -1.000000e+00
   outer loop
     vertex  1.414875e+02 -7.937000e+01  1.620000e+00
     vertex  1.411000e+02 -7.963000e+01  1.620000e+00
     vertex  1.411000e+02 -7.937000e+01  1.620000e+00
   endloop
 endfacet
 facet normal  0.000000e+00  0.000000e+00 -1.000000e+00
   outer loop
     vertex  1.398700e+02 -8.110000e+01  1.620000e+00
     vertex  1.396300e+02 -8.110000e+01  1.620000e+00
     vertex  1.391500e+02 -8.085000e+01  1.620000e+00
   endloop
 endfacet
 facet normal  0.000000e+00  0.000000e+00 -1.000000e+00
   outer loop
     vertex  1.411000e+02 -7.987000e+01  1.620000e+00
     vertex  1.408500e+02 -7.915000e+01  1.620000e+00
     vertex  1.411000e+02 -7.963000e+01  1.620000e+00
   endloop
 endfacet
 facet normal  0.000000e+00  0.000000e+00 -1.000000e+00
   outer loop
     vertex  1.396300e+02 -8.148750e+01  1.620000e+00
     vertex  1.393700e+02 -8.148750e+01  1.620000e+00
     vertex  1.396300e+02 -8.110000e+01  1.620000e+00
   endloop
 endfacet
 facet normal  0.000000e+00  0.000000e+00 -1.000000e+00
   outer loop
     vertex  1.414875e+02 -7.963000e+01  1.620000e+00
     vertex  1.411000e+02 -7.963000e+01  1.620000e+00
     vertex  1.414875e+02 -7.937000e+01  1.620000e+00
   endloop
 endfacet
 facet normal -0.000000e+00  0.000000e+00 -1.000000e+00
   outer loop
     vertex  1.414875e+02 -7.987000e+01  1.620000e+00
     vertex  1.411000e+02 -8.013000e+01  1.620000e+00
     vertex  1.411000e+02 -7.987000e+01  1.620000e+00
   endloop
 endfacet
 facet normal  0.000000e+00  0.000000e+00 -1.000000e+00
   outer loop
     vertex  1.401300e+02 -8.148750e+01  1.620000e+00
     vertex  1.398700e+02 -8.148750e+01  1.620000e+00
     vertex  1.398700e+02 -8.110000e+01  1.620000e+00
   endloop
 endfacet
 facet normal  0.000000e+00  0.000000e+00 -1.000000e+00
   outer loop
     vertex  1.401300e+02 -8.148750e+01  1.620000e+00
     vertex  1.398700e+02 -8.110000e+01  1.620000e+00
     vertex  1.401300e+02 -8.110000e+01  1.620000e+00
   endloop
 endfacet
 facet normal  0.000000e+00  0.000000e+00 -1.000000e+00
   outer loop
     vertex  1.414875e+02 -8.013000e+01  1.620000e+00
     vertex  1.411000e+02 -8.013000e+01  1.620000e+00
     vertex  1.414875e+02 -7.987000e+01  1.620000e+00
   endloop
 endfacet
 facet normal  0.000000e+00  0.000000e+00 -1.000000e+00
   outer loop
     vertex  1.408500e+02 -8.085000e+01  1.620000e+00
     vertex  1.403700e+02 -8.110000e+01  1.620000e+00
     vertex  1.401300e+02 -8.110000e+01  1.620000e+00
   endloop
 endfacet
 facet normal  0.000000e+00  0.000000e+00 -1.000000e+00
   outer loop
     vertex  1.408500e+02 -8.085000e+01  1.620000e+00
     vertex  1.411000e+02 -8.013000e+01  1.620000e+00
     vertex  1.411000e+02 -8.037000e+01  1.620000e+00
   endloop
 endfacet
 facet normal  0.000000e+00  0.000000e+00 -1.000000e+00
   outer loop
     vertex  1.406300e+02 -8.110000e+01  1.620000e+00
     vertex  1.403700e+02 -8.110000e+01  1.620000e+00
     vertex  1.408500e+02 -8.085000e+01  1.620000e+00
   endloop
 endfacet
 facet normal -0.000000e+00  0.000000e+00 -1.000000e+00
   outer loop
     vertex  1.411000e+02 -8.063000e+01  1.620000e+00
     vertex  1.408500e+02 -8.085000e+01  1.620000e+00
     vertex  1.411000e+02 -8.037000e+01  1.620000e+00
   endloop
 endfacet
 facet normal  0.000000e+00  0.000000e+00 -1.000000e+00
   outer loop
     vertex  1.403700e+02 -8.148750e+01  1.620000e+00
     vertex  1.403700e+02 -8.110000e+01  1.620000e+00
     vertex  1.406300e+02 -8.110000e+01  1.620000e+00
   endloop
 endfacet
 facet normal  0.000000e+00  0.000000e+00 -1.000000e+00
   outer loop
     vertex  1.408700e+02 -8.110000e+01  1.620000e+00
     vertex  1.406300e+02 -8.110000e+01  1.620000e+00
     vertex  1.408500e+02 -8.085000e+01  1.620000e+00
   endloop
 endfacet
 facet normal  0.000000e+00  0.000000e+00 -1.000000e+00
   outer loop
     vertex  1.411000e+02 -8.087000e+01  1.620000e+00
     vertex  1.408500e+02 -8.085000e+01  1.620000e+00
     vertex  1.411000e+02 -8.063000e+01  1.620000e+00
   endloop
 endfacet
 facet normal -0.000000e+00  0.000000e+00 -1.000000e+00
   outer loop
     vertex  1.411000e+02 -8.087000e+01  1.620000e+00
     vertex  1.408700e+02 -8.110000e+01  1.620000e+00
     vertex  1.408500e+02 -8.085000e+01  1.620000e+00
   endloop
 endfacet
 facet normal  0.000000e+00  0.000000e+00 -1.000000e+00
   outer loop
     vertex  1.406300e+02 -8.148750e+01  1.620000e+00
     vertex  1.403700e+02 -8.148750e+01  1.620000e+00
     vertex  1.406300e+02 -8.110000e+01  1.620000e+00
   endloop
 endfacet
 facet normal  0.000000e+00  0.000000e+00 -1.000000e+00
   outer loop
     vertex  1.414875e+02 -8.063000e+01  1.620000e+00
     vertex  1.411000e+02 -8.063000e+01  1.620000e+00
     vertex  1.411000e+02 -8.037000e+01  1.620000e+00
   endloop
 endfacet
 facet normal  0.000000e+00  0.000000e+00 -1.000000e+00
   outer loop
     vertex  1.414875e+02 -8.063000e+01  1.620000e+00
     vertex  1.411000e+02 -8.037000e+01  1.620000e+00
     vertex  1.414875e+02 -8.037000e+01  1.620000e+00
   endloop
 endfacet
 facet normal  0.000000e+00  0.000000e+00 -1.000000e+00
   outer loop
     vertex  1.414875e+02 -8.148750e+01  1.620000e+00
     vertex  1.408700e+02 -8.148750e+01  1.620000e+00
     vertex  1.408700e+02 -8.110000e+01  1.620000e+00
   endloop
 endfacet
 facet normal  0.000000e+00  0.000000e+00 -1.000000e+00
   outer loop
     vertex  1.414875e+02 -8.148750e+01  1.620000e+00
     vertex  1.411000e+02 -8.087000e+01  1.620000e+00
     vertex  1.414875e+02 -8.087000e+01  1.620000e+00
   endloop
 endfacet
 facet normal  0.000000e+00  0.000000e+00 -1.000000e+00
   outer loop
     vertex  1.414875e+02 -8.148750e+01  1.620000e+00
     vertex  1.408700e+02 -8.110000e+01  1.620000e+00
     vertex  1.411000e+02 -8.087000e+01  1.620000e+00
   endloop
 endfacet
 facet normal -0.000000e+00  0.000000e+00 -1.000000e+00
   outer loop
     vertex  1.408500e+02 -8.085000e+01  1.620000e+00
     vertex  1.398700e+02 -8.110000e+01  1.620000e+00
     vertex  1.391500e+02 -8.085000e+01  1.620000e+00
   endloop
 endfacet
 facet normal  0.000000e+00  0.000000e+00 -1.000000e+00
   outer loop
     vertex  1.408500e+02 -8.085000e+01  1.620000e+00
     vertex  1.401300e+02 -8.110000e+01  1.620000e+00
     vertex  1.398700e+02 -8.110000e+01  1.620000e+00
   endloop
 endfacet
 facet normal  0.000000e+00  0.000000e+00 -1.000000e+00
   outer loop
     vertex  1.391500e+02 -8.085000e+01  1.620000e+00
     vertex  1.389000e+02 -8.013000e+01  1.620000e+00
     vertex  1.391500e+02 -7.935000e+01  1.620000e+00
   endloop
 endfacet
 facet normal  0.000000e+00  0.000000e+00 -1.000000e+00
   outer loop
     vertex  1.393500e+02 -7.915000e+01  1.620000e+00
     vertex  1.401300e+02 -7.890000e+01  1.620000e+00
     vertex  1.408500e+02 -7.915000e+01  1.620000e+00
   endloop
 endfacet
 facet normal  0.000000e+00  0.000000e+00 -1.000000e+00
   outer loop
     vertex  1.408500e+02 -7.915000e+01  1.620000e+00
     vertex  1.411000e+02 -8.013000e+01  1.620000e+00
     vertex  1.408500e+02 -8.085000e+01  1.620000e+00
   endloop
 endfacet
 facet normal  0.000000e+00  0.000000e+00 -1.000000e+00
   outer loop
     vertex  1.408500e+02 -7.915000e+01  1.620000e+00
     vertex  1.411000e+02 -7.987000e+01  1.620000e+00
     vertex  1.411000e+02 -8.013000e+01  1.620000e+00
   endloop
 endfacet
 facet normal  1.000000e+00  0.000000e+00  0.000000e+00
   outer loop
     vertex  1.408700e+02 -7.851250e+01  1.620000e+00
     vertex  1.408700e+02 -7.890000e+01  1.620000e+00
     vertex  1.408700e+02 -7.890000e+01  1.595000e+00
   endloop
 endfacet
 facet normal  1.000000e+00  0.000000e+00  0.000000e+00
   outer loop
     vertex  1.408700e+02 -7.851250e+01  1.620000e+00
     vertex  1.408700e+02 -7.850000e+01  1.795000e+00
     vertex  1.408700e+02 -7.851250e+01  1.795000e+00
   endloop
 endfacet
 facet normal  1.000000e+00  0.000000e+00 -0.000000e+00
   outer loop
     vertex  1.408700e+02 -7.850000e+01  1.595000e+00
     vertex  1.408700e+02 -7.850000e+01  1.795000e+00
     vertex  1.408700e+02 -7.851250e+01  1.620000e+00
   endloop
 endfacet
 facet normal  1.000000e+00  0.000000e+00  0.000000e+00
   outer loop
     vertex  1.408700e+02 -7.850000e+01  1.595000e+00
     vertex  1.408700e+02 -7.851250e+01  1.620000e+00
     vertex  1.408700e+02 -7.890000e+01  1.595000e+00
   endloop
 endfacet
 facet normal  0.000000e+00  0.000000e+00  1.000000e+00
   outer loop
     vertex  1.406300e+02 -7.851250e+01  1.795000e+00
     vertex  1.408700e+02 -7.850000e+01  1.795000e+00
     vertex  1.406300e+02 -7.850000e+01  1.795000e+00
   endloop
 endfacet
 facet normal  0.000000e+00  0.000000e+00  1.000000e+00
   outer loop
     vertex  1.406300e+02 -7.851250e+01  1.795000e+00
     vertex  1.408700e+02 -7.851250e+01  1.795000e+00
     vertex  1.408700e+02 -7.850000e+01  1.795000e+00
   endloop
 endfacet
 facet normal -1.000000e+00  0.000000e+00  0.000000e+00
   outer loop
     vertex  1.406300e+02 -7.851250e+01  1.620000e+00
     vertex  1.406300e+02 -7.851250e+01  1.795000e+00
     vertex  1.406300e+02 -7.850000e+01  1.795000e+00
   endloop
 endfacet
 facet normal -1.000000e+00  0.000000e+00  0.000000e+00
   outer loop
     vertex  1.406300e+02 -7.850000e+01  1.595000e+00
     vertex  1.406300e+02 -7.851250e+01  1.620000e+00
     vertex  1.406300e+02 -7.850000e+01  1.795000e+00
   endloop
 endfacet
 facet normal -1.000000e+00  0.000000e+00  0.000000e+00
   outer loop
     vertex  1.406300e+02 -7.890000e+01  1.595000e+00
     vertex  1.406300e+02 -7.890000e+01  1.620000e+00
     vertex  1.406300e+02 -7.851250e+01  1.620000e+00
   endloop
 endfacet
 facet normal -1.000000e+00  0.000000e+00  0.000000e+00
   outer loop
     vertex  1.406300e+02 -7.890000e+01  1.595000e+00
     vertex  1.406300e+02 -7.851250e+01  1.620000e+00
     vertex  1.406300e+02 -7.850000e+01  1.595000e+00
   endloop
 endfacet
 facet normal  1.000000e+00  0.000000e+00  0.000000e+00
   outer loop
     vertex  1.403700e+02 -7.851250e+01  1.620000e+00
     vertex  1.403700e+02 -7.890000e+01  1.620000e+00
     vertex  1.403700e+02 -7.890000e+01  1.595000e+00
   endloop
 endfacet
 facet normal  1.000000e+00  0.000000e+00  0.000000e+00
   outer loop
     vertex  1.403700e+02 -7.851250e+01  1.620000e+00
     vertex  1.403700e+02 -7.850000e+01  1.795000e+00
     vertex  1.403700e+02 -7.851250e+01  1.795000e+00
   endloop
 endfacet
 facet normal  1.000000e+00  0.000000e+00 -0.000000e+00
   outer loop
     vertex  1.403700e+02 -7.850000e+01  1.595000e+00
     vertex  1.403700e+02 -7.850000e+01  1.795000e+00
     vertex  1.403700e+02 -7.851250e+01  1.620000e+00
   endloop
 endfacet
 facet normal  1.000000e+00  0.000000e+00  0.000000e+00
   outer loop
     vertex  1.403700e+02 -7.850000e+01  1.595000e+00
     vertex  1.403700e+02 -7.851250e+01  1.620000e+00
     vertex  1.403700e+02 -7.890000e+01  1.595000e+00
   endloop
 endfacet
 facet normal  0.000000e+00  0.000000e+00  1.000000e+00
   outer loop
     vertex  1.401300e+02 -7.851250e+01  1.795000e+00
     vertex  1.403700e+02 -7.850000e+01  1.795000e+00
     vertex  1.401300e+02 -7.850000e+01  1.795000e+00
   endloop
 endfacet
 facet normal  0.000000e+00  0.000000e+00  1.000000e+00
   outer loop
     vertex  1.401300e+02 -7.851250e+01  1.795000e+00
     vertex  1.403700e+02 -7.851250e+01  1.795000e+00
     vertex  1.403700e+02 -7.850000e+01  1.795000e+00
   endloop
 endfacet
 facet normal -1.000000e+00  0.000000e+00  0.000000e+00
   outer loop
     vertex  1.401300e+02 -7.851250e+01  1.620000e+00
     vertex  1.401300e+02 -7.851250e+01  1.795000e+00
     vertex  1.401300e+02 -7.850000e+01  1.795000e+00
   endloop
 endfacet
 facet normal -1.000000e+00  0.000000e+00  0.000000e+00
   outer loop
     vertex  1.401300e+02 -7.850000e+01  1.595000e+00
     vertex  1.401300e+02 -7.851250e+01  1.620000e+00
     vertex  1.401300e+02 -7.850000e+01  1.795000e+00
   endloop
 endfacet
 facet normal -1.000000e+00  0.000000e+00  0.000000e+00
   outer loop
     vertex  1.401300e+02 -7.890000e+01  1.595000e+00
     vertex  1.401300e+02 -7.890000e+01  1.620000e+00
     vertex  1.401300e+02 -7.851250e+01  1.620000e+00
   endloop
 endfacet
 facet normal -1.000000e+00  0.000000e+00  0.000000e+00
   outer loop
     vertex  1.401300e+02 -7.890000e+01  1.595000e+00
     vertex  1.401300e+02 -7.851250e+01  1.620000e+00
     vertex  1.401300e+02 -7.850000e+01  1.595000e+00
   endloop
 endfacet
 facet normal  1.000000e+00  0.000000e+00  0.000000e+00
   outer loop
     vertex  1.398700e+02 -7.851250e+01  1.620000e+00
     vertex  1.398700e+02 -7.890000e+01  1.620000e+00
     vertex  1.398700e+02 -7.890000e+01  1.595000e+00
   endloop
 endfacet
 facet normal  1.000000e+00  0.000000e+00  0.000000e+00
   outer loop
     vertex  1.398700e+02 -7.851250e+01  1.620000e+00
     vertex  1.398700e+02 -7.850000e+01  1.795000e+00
     vertex  1.398700e+02 -7.851250e+01  1.795000e+00
   endloop
 endfacet
 facet normal  1.000000e+00  0.000000e+00 -0.000000e+00
   outer loop
     vertex  1.398700e+02 -7.850000e+01  1.595000e+00
     vertex  1.398700e+02 -7.850000e+01  1.795000e+00
     vertex  1.398700e+02 -7.851250e+01  1.620000e+00
   endloop
 endfacet
 facet normal  1.000000e+00  0.000000e+00  0.000000e+00
   outer loop
     vertex  1.398700e+02 -7.850000e+01  1.595000e+00
     vertex  1.398700e+02 -7.851250e+01  1.620000e+00
     vertex  1.398700e+02 -7.890000e+01  1.595000e+00
   endloop
 endfacet
 facet normal  0.000000e+00  0.000000e+00  1.000000e+00
   outer loop
     vertex  1.396300e+02 -7.851250e+01  1.795000e+00
     vertex  1.398700e+02 -7.850000e+01  1.795000e+00
     vertex  1.396300e+02 -7.850000e+01  1.795000e+00
   endloop
 endfacet
 facet normal  0.000000e+00  0.000000e+00  1.000000e+00
   outer loop
     vertex  1.396300e+02 -7.851250e+01  1.795000e+00
     vertex  1.398700e+02 -7.851250e+01  1.795000e+00
     vertex  1.398700e+02 -7.850000e+01  1.795000e+00
   endloop
 endfacet
 facet normal -1.000000e+00  0.000000e+00  0.000000e+00
   outer loop
     vertex  1.396300e+02 -7.851250e+01  1.620000e+00
     vertex  1.396300e+02 -7.851250e+01  1.795000e+00
     vertex  1.396300e+02 -7.850000e+01  1.795000e+00
   endloop
 endfacet
 facet normal -1.000000e+00  0.000000e+00  0.000000e+00
   outer loop
     vertex  1.396300e+02 -7.850000e+01  1.595000e+00
     vertex  1.396300e+02 -7.851250e+01  1.620000e+00
     vertex  1.396300e+02 -7.850000e+01  1.795000e+00
   endloop
 endfacet
 facet normal -1.000000e+00  0.000000e+00  0.000000e+00
   outer loop
     vertex  1.396300e+02 -7.890000e+01  1.595000e+00
     vertex  1.396300e+02 -7.890000e+01  1.620000e+00
     vertex  1.396300e+02 -7.851250e+01  1.620000e+00
   endloop
 endfacet
 facet normal -1.000000e+00  0.000000e+00  0.000000e+00
   outer loop
     vertex  1.396300e+02 -7.890000e+01  1.595000e+00
     vertex  1.396300e+02 -7.851250e+01  1.620000e+00
     vertex  1.396300e+02 -7.850000e+01  1.595000e+00
   endloop
 endfacet
 facet normal  1.000000e+00  0.000000e+00  0.000000e+00
   outer loop
     vertex  1.393700e+02 -7.851250e+01  1.620000e+00
     vertex  1.393700e+02 -7.890000e+01  1.620000e+00
     vertex  1.393700e+02 -7.890000e+01  1.595000e+00
   endloop
 endfacet
 facet normal  1.000000e+00  0.000000e+00  0.000000e+00
   outer loop
     vertex  1.393700e+02 -7.851250e+01  1.620000e+00
     vertex  1.393700e+02 -7.850000e+01  1.795000e+00
     vertex  1.393700e+02 -7.851250e+01  1.795000e+00
   endloop
 endfacet
 facet normal  1.000000e+00  0.000000e+00 -0.000000e+00
   outer loop
     vertex  1.393700e+02 -7.850000e+01  1.595000e+00
     vertex  1.393700e+02 -7.850000e+01  1.795000e+00
     vertex  1.393700e+02 -7.851250e+01  1.620000e+00
   endloop
 endfacet
 facet normal  1.000000e+00  0.000000e+00  0.000000e+00
   outer loop
     vertex  1.393700e+02 -7.850000e+01  1.595000e+00
     vertex  1.393700e+02 -7.851250e+01  1.620000e+00
     vertex  1.393700e+02 -7.890000e+01  1.595000e+00
   endloop
 endfacet
 facet normal  0.000000e+00  0.000000e+00  1.000000e+00
   outer loop
     vertex  1.391300e+02 -7.851250e+01  1.795000e+00
     vertex  1.393700e+02 -7.850000e+01  1.795000e+00
     vertex  1.391300e+02 -7.850000e+01  1.795000e+00
   endloop
 endfacet
 facet normal  0.000000e+00  0.000000e+00  1.000000e+00
   outer loop
     vertex  1.391300e+02 -7.851250e+01  1.795000e+00
     vertex  1.393700e+02 -7.851250e+01  1.795000e+00
     vertex  1.393700e+02 -7.850000e+01  1.795000e+00
   endloop
 endfacet
 facet normal -1.000000e+00  0.000000e+00  0.000000e+00
   outer loop
     vertex  1.391300e+02 -7.851250e+01  1.620000e+00
     vertex  1.391300e+02 -7.851250e+01  1.795000e+00
     vertex  1.391300e+02 -7.850000e+01  1.795000e+00
   endloop
 endfacet
 facet normal -1.000000e+00  0.000000e+00  0.000000e+00
   outer loop
     vertex  1.391300e+02 -7.850000e+01  1.595000e+00
     vertex  1.391300e+02 -7.851250e+01  1.620000e+00
     vertex  1.391300e+02 -7.850000e+01  1.795000e+00
   endloop
 endfacet
 facet normal -1.000000e+00  0.000000e+00  0.000000e+00
   outer loop
     vertex  1.391300e+02 -7.890000e+01  1.595000e+00
     vertex  1.391300e+02 -7.890000e+01  1.620000e+00
     vertex  1.391300e+02 -7.851250e+01  1.620000e+00
   endloop
 endfacet
 facet normal -1.000000e+00  0.000000e+00  0.000000e+00
   outer loop
     vertex  1.391300e+02 -7.890000e+01  1.595000e+00
     vertex  1.391300e+02 -7.851250e+01  1.620000e+00
     vertex  1.391300e+02 -7.850000e+01  1.595000e+00
   endloop
 endfacet
 facet normal -1.000000e+00  0.000000e+00  0.000000e+00
   outer loop
     vertex  1.385125e+02 -7.913000e+01  1.795000e+00
     vertex  1.385125e+02 -7.851250e+01  1.620000e+00
     vertex  1.385125e+02 -7.913000e+01  1.620000e+00
   endloop
 endfacet
 facet normal -1.000000e+00  0.000000e+00  0.000000e+00
   outer loop
     vertex  1.385125e+02 -7.913000e+01  1.795000e+00
     vertex  1.385125e+02 -7.851250e+01  2.370000e+00
     vertex  1.385125e+02 -7.851250e+01  1.620000e+00
   endloop
 endfacet
 facet normal -1.000000e+00  0.000000e+00  0.000000e+00
   outer loop
     vertex  1.385125e+02 -7.937000e+01  1.795000e+00
     vertex  1.385125e+02 -7.851250e+01  2.370000e+00
     vertex  1.385125e+02 -7.913000e+01  1.795000e+00
   endloop
 endfacet
 facet normal -1.000000e+00  0.000000e+00  0.000000e+00
   outer loop
     vertex  1.385125e+02 -7.963000e+01  1.795000e+00
     vertex  1.385125e+02 -7.937000e+01  1.620000e+00
     vertex  1.385125e+02 -7.963000e+01  1.620000e+00
   endloop
 endfacet
 facet normal -1.000000e+00  0.000000e+00  0.000000e+00
   outer loop
     vertex  1.385125e+02 -7.963000e+01  1.795000e+00
     vertex  1.385125e+02 -7.937000e+01  1.795000e+00
     vertex  1.385125e+02 -7.937000e+01  1.620000e+00
   endloop
 endfacet
 facet normal -1.000000e+00  0.000000e+00  0.000000e+00
   outer loop
     vertex  1.385125e+02 -7.963000e+01  1.795000e+00
     vertex  1.385125e+02 -7.851250e+01  2.370000e+00
     vertex  1.385125e+02 -7.937000e+01  1.795000e+00
   endloop
 endfacet
 facet normal -1.000000e+00  0.000000e+00  0.000000e+00
   outer loop
     vertex  1.385125e+02 -7.987000e+01  1.795000e+00
     vertex  1.385125e+02 -7.851250e+01  2.370000e+00
     vertex  1.385125e+02 -7.963000e+01  1.795000e+00
   endloop
 endfacet
 facet normal -1.000000e+00  0.000000e+00  0.000000e+00
   outer loop
     vertex  1.385125e+02 -8.013000e+01  1.795000e+00
     vertex  1.385125e+02 -7.987000e+01  1.620000e+00
     vertex  1.385125e+02 -8.013000e+01  1.620000e+00
   endloop
 endfacet
 facet normal -1.000000e+00  0.000000e+00  0.000000e+00
   outer loop
     vertex  1.385125e+02 -8.013000e+01  1.795000e+00
     vertex  1.385125e+02 -7.987000e+01  1.795000e+00
     vertex  1.385125e+02 -7.987000e+01  1.620000e+00
   endloop
 endfacet
 facet normal -1.000000e+00  0.000000e+00  0.000000e+00
   outer loop
     vertex  1.385125e+02 -8.063000e+01  1.795000e+00
     vertex  1.385125e+02 -8.037000e+01  1.620000e+00
     vertex  1.385125e+02 -8.063000e+01  1.620000e+00
   endloop
 endfacet
 facet normal -1.000000e+00  0.000000e+00  0.000000e+00
   outer loop
     vertex  1.385125e+02 -8.063000e+01  1.795000e+00
     vertex  1.385125e+02 -8.037000e+01  1.795000e+00
     vertex  1.385125e+02 -8.037000e+01  1.620000e+00
   endloop
 endfacet
 facet normal -1.000000e+00  0.000000e+00  0.000000e+00
   outer loop
     vertex  1.385125e+02 -8.148750e+01  1.620000e+00
     vertex  1.385125e+02 -8.087000e+01  1.795000e+00
     vertex  1.385125e+02 -8.087000e+01  1.620000e+00
   endloop
 endfacet
 facet normal -1.000000e+00  0.000000e+00  0.000000e+00
   outer loop
     vertex  1.385125e+02 -8.148750e+01  2.370000e+00
     vertex  1.385125e+02 -8.063000e+01  1.795000e+00
     vertex  1.385125e+02 -8.087000e+01  1.795000e+00
   endloop
 endfacet
 facet normal -1.000000e+00  0.000000e+00  0.000000e+00
   outer loop
     vertex  1.385125e+02 -8.148750e+01  2.370000e+00
     vertex  1.385125e+02 -8.013000e+01  1.795000e+00
     vertex  1.385125e+02 -8.037000e+01  1.795000e+00
   endloop
 endfacet
 facet normal -1.000000e+00  0.000000e+00  0.000000e+00
   outer loop
     vertex  1.385125e+02 -8.148750e+01  2.370000e+00
     vertex  1.385125e+02 -7.987000e+01  1.795000e+00
     vertex  1.385125e+02 -8.013000e+01  1.795000e+00
   endloop
 endfacet
 facet normal -1.000000e+00  0.000000e+00  0.000000e+00
   outer loop
     vertex  1.385125e+02 -8.148750e+01  2.370000e+00
     vertex  1.385125e+02 -7.851250e+01  2.370000e+00
     vertex  1.385125e+02 -7.987000e+01  1.795000e+00
   endloop
 endfacet
 facet normal -1.000000e+00  0.000000e+00  0.000000e+00
   outer loop
     vertex  1.385125e+02 -8.148750e+01  2.370000e+00
     vertex  1.385125e+02 -8.037000e+01  1.795000e+00
     vertex  1.385125e+02 -8.063000e+01  1.795000e+00
   endloop
 endfacet
 facet normal -1.000000e+00  0.000000e+00  0.000000e+00
   outer loop
     vertex  1.385125e+02 -8.148750e+01  2.370000e+00
     vertex  1.385125e+02 -8.087000e+01  1.795000e+00
     vertex  1.385125e+02 -8.148750e+01  1.620000e+00
   endloop
 endfacet
 facet normal  0.000000e+00 -1.000000e+00  0.000000e+00
   outer loop
     vertex  1.408700e+02 -8.148750e+01  1.795000e+00
     vertex  1.408700e+02 -8.148750e+01  1.620000e+00
     vertex  1.414875e+02 -8.148750e+01  1.620000e+00
   endloop
 endfacet
 facet normal  0.000000e+00 -1.000000e+00  0.000000e+00
   outer loop
     vertex  1.408700e+02 -8.148750e+01  1.795000e+00
     vertex  1.414875e+02 -8.148750e+01  1.620000e+00
     vertex  1.414875e+02 -8.148750e+01  2.370000e+00
   endloop
 endfacet
 facet normal  0.000000e+00 -1.000000e+00  0.000000e+00
   outer loop
     vertex  1.406300e+02 -8.148750e+01  1.795000e+00
     vertex  1.408700e+02 -8.148750e+01  1.795000e+00
     vertex  1.414875e+02 -8.148750e+01  2.370000e+00
   endloop
 endfacet
 facet normal  0.000000e+00 -1.000000e+00  0.000000e+00
   outer loop
     vertex  1.403700e+02 -8.148750e+01  1.620000e+00
     vertex  1.406300e+02 -8.148750e+01  1.620000e+00
     vertex  1.406300e+02 -8.148750e+01  1.795000e+00
   endloop
 endfacet
 facet normal  0.000000e+00 -1.000000e+00  0.000000e+00
   outer loop
     vertex  1.403700e+02 -8.148750e+01  1.795000e+00
     vertex  1.403700e+02 -8.148750e+01  1.620000e+00
     vertex  1.406300e+02 -8.148750e+01  1.795000e+00
   endloop
 endfacet
 facet normal  0.000000e+00 -1.000000e+00  0.000000e+00
   outer loop
     vertex  1.403700e+02 -8.148750e+01  1.795000e+00
     vertex  1.406300e+02 -8.148750e+01  1.795000e+00
     vertex  1.414875e+02 -8.148750e+01  2.370000e+00
   endloop
 endfacet
 facet normal  0.000000e+00 -1.000000e+00  0.000000e+00
   outer loop
     vertex  1.401300e+02 -8.148750e+01  1.795000e+00
     vertex  1.403700e+02 -8.148750e+01  1.795000e+00
     vertex  1.414875e+02 -8.148750e+01  2.370000e+00
   endloop
 endfacet
 facet normal  0.000000e+00 -1.000000e+00  0.000000e+00
   outer loop
     vertex  1.398700e+02 -8.148750e+01  1.795000e+00
     vertex  1.398700e+02 -8.148750e+01  1.620000e+00
     vertex  1.401300e+02 -8.148750e+01  1.620000e+00
   endloop
 endfacet
 facet normal  0.000000e+00 -1.000000e+00  0.000000e+00
   outer loop
     vertex  1.398700e+02 -8.148750e+01  1.795000e+00
     vertex  1.401300e+02 -8.148750e+01  1.620000e+00
     vertex  1.401300e+02 -8.148750e+01  1.795000e+00
   endloop
 endfacet
 facet normal  0.000000e+00 -1.000000e+00  0.000000e+00
   outer loop
     vertex  1.393700e+02 -8.148750e+01  1.795000e+00
     vertex  1.393700e+02 -8.148750e+01  1.620000e+00
     vertex  1.396300e+02 -8.148750e+01  1.620000e+00
   endloop
 endfacet
 facet normal  0.000000e+00 -1.000000e+00  0.000000e+00
   outer loop
     vertex  1.393700e+02 -8.148750e+01  1.795000e+00
     vertex  1.396300e+02 -8.148750e+01  1.620000e+00
     vertex  1.396300e+02 -8.148750e+01  1.795000e+00
   endloop
 endfacet
 facet normal  0.000000e+00 -1.000000e+00  0.000000e+00
   outer loop
     vertex  1.385125e+02 -8.148750e+01  1.620000e+00
     vertex  1.391300e+02 -8.148750e+01  1.620000e+00
     vertex  1.391300e+02 -8.148750e+01  1.795000e+00
   endloop
 endfacet
 facet normal  0.000000e+00 -1.000000e+00  0.000000e+00
   outer loop
     vertex  1.385125e+02 -8.148750e+01  2.370000e+00
     vertex  1.391300e+02 -8.148750e+01  1.795000e+00
     vertex  1.393700e+02 -8.148750e+01  1.795000e+00
   endloop
 endfacet
 facet normal  0.000000e+00 -1.000000e+00  0.000000e+00
   outer loop
     vertex  1.385125e+02 -8.148750e+01  2.370000e+00
     vertex  1.396300e+02 -8.148750e+01  1.795000e+00
     vertex  1.398700e+02 -8.148750e+01  1.795000e+00
   endloop
 endfacet
 facet normal  0.000000e+00 -1.000000e+00  0.000000e+00
   outer loop
     vertex  1.385125e+02 -8.148750e+01  2.370000e+00
     vertex  1.398700e+02 -8.148750e+01  1.795000e+00
     vertex  1.401300e+02 -8.148750e+01  1.795000e+00
   endloop
 endfacet
 facet normal  0.000000e+00 -1.000000e+00  0.000000e+00
   outer loop
     vertex  1.385125e+02 -8.148750e+01  2.370000e+00
     vertex  1.401300e+02 -8.148750e+01  1.795000e+00
     vertex  1.414875e+02 -8.148750e+01  2.370000e+00
   endloop
 endfacet
 facet normal  0.000000e+00 -1.000000e+00  0.000000e+00
   outer loop
     vertex  1.385125e+02 -8.148750e+01  2.370000e+00
     vertex  1.393700e+02 -8.148750e+01  1.795000e+00
     vertex  1.396300e+02 -8.148750e+01  1.795000e+00
   endloop
 endfacet
 facet normal  0.000000e+00 -1.000000e+00  0.000000e+00
   outer loop
     vertex  1.385125e+02 -8.148750e+01  2.370000e+00
     vertex  1.385125e+02 -8.148750e+01  1.620000e+00
     vertex  1.391300e+02 -8.148750e+01  1.795000e+00
   endloop
 endfacet
 facet normal -1.305262e-01 -9.914449e-01  1.084199e-17
   outer loop
     vertex  1.389741e+02 -7.909659e+01  2.370000e+00
     vertex  1.390000e+02 -7.910000e+01  2.370000e+00
     vertex  1.390000e+02 -7.910000e+01  2.380000e+00
   endloop
 endfacet
 facet normal -1.305262e-01 -9.914449e-01  0.000000e+00
   outer loop
     vertex  1.389741e+02 -7.909659e+01  2.370000e+00
     vertex  1.390000e+02 -7.910000e+01  2.380000e+00
     vertex  1.389741e+02 -7.909659e+01  2.380000e+00
   endloop
 endfacet
 facet normal -3.826834e-01 -9.238795e-01  0.000000e+00
   outer loop
     vertex  1.389500e+02 -7.908660e+01  2.370000e+00
     vertex  1.389741e+02 -7.909659e+01  2.380000e+00
     vertex  1.389500e+02 -7.908660e+01  2.380000e+00
   endloop
 endfacet
 facet normal -3.826834e-01 -9.238795e-01 -1.816451e-17
   outer loop
     vertex  1.389500e+02 -7.908660e+01  2.370000e+00
     vertex  1.389741e+02 -7.909659e+01  2.370000e+00
     vertex  1.389741e+02 -7.909659e+01  2.380000e+00
   endloop
 endfacet
 facet normal -6.087614e-01 -7.933533e-01  0.000000e+00
   outer loop
     vertex  1.389293e+02 -7.907071e+01  2.370000e+00
     vertex  1.389500e+02 -7.908660e+01  2.380000e+00
     vertex  1.389293e+02 -7.907071e+01  2.380000e+00
   endloop
 endfacet
 facet normal -6.087614e-01 -7.933533e-01 -3.230900e-17
   outer loop
     vertex  1.389293e+02 -7.907071e+01  2.370000e+00
     vertex  1.389500e+02 -7.908660e+01  2.370000e+00
     vertex  1.389500e+02 -7.908660e+01  2.380000e+00
   endloop
 endfacet
 facet normal -7.933533e-01 -6.087614e-01  0.000000e+00
   outer loop
     vertex  1.389134e+02 -7.905000e+01  2.370000e+00
     vertex  1.389293e+02 -7.907071e+01  2.380000e+00
     vertex  1.389134e+02 -7.905000e+01  2.380000e+00
   endloop
 endfacet
 facet normal -7.933533e-01 -6.087614e-01 -1.417624e-17
   outer loop
     vertex  1.389134e+02 -7.905000e+01  2.370000e+00
     vertex  1.389293e+02 -7.907071e+01  2.370000e+00
     vertex  1.389293e+02 -7.907071e+01  2.380000e+00
   endloop
 endfacet
 facet normal -9.238795e-01 -3.826834e-01  0.000000e+00
   outer loop
     vertex  1.389034e+02 -7.902588e+01  2.370000e+00
     vertex  1.389134e+02 -7.905000e+01  2.380000e+00
     vertex  1.389034e+02 -7.902588e+01  2.380000e+00
   endloop
 endfacet
 facet normal -9.238795e-01 -3.826834e-01  5.061728e-17
   outer loop
     vertex  1.389034e+02 -7.902588e+01  2.370000e+00
     vertex  1.389134e+02 -7.905000e+01  2.370000e+00
     vertex  1.389134e+02 -7.905000e+01  2.380000e+00
   endloop
 endfacet
 facet normal -9.914449e-01 -1.305262e-01  0.000000e+00
   outer loop
     vertex  1.389000e+02 -7.900000e+01  2.370000e+00
     vertex  1.389034e+02 -7.902588e+01  2.380000e+00
     vertex  1.389000e+02 -7.900000e+01  2.380000e+00
   endloop
 endfacet
 facet normal -9.914449e-01 -1.305262e-01  2.163129e-17
   outer loop
     vertex  1.389000e+02 -7.900000e+01  2.370000e+00
     vertex  1.389034e+02 -7.902588e+01  2.370000e+00
     vertex  1.389034e+02 -7.902588e+01  2.380000e+00
   endloop
 endfacet
 facet normal -9.914449e-01  1.305262e-01  0.000000e+00
   outer loop
     vertex  1.389034e+02 -7.897412e+01  2.370000e+00
     vertex  1.389000e+02 -7.900000e+01  2.380000e+00
     vertex  1.389034e+02 -7.897412e+01  2.380000e+00
   endloop
 endfacet
 facet normal -9.914449e-01  1.305262e-01 -2.163129e-17
   outer loop
     vertex  1.389034e+02 -7.897412e+01  2.370000e+00
     vertex  1.389000e+02 -7.900000e+01  2.370000e+00
     vertex  1.389000e+02 -7.900000e+01  2.380000e+00
   endloop
 endfacet
 facet normal -9.238795e-01  3.826834e-01  0.000000e+00
   outer loop
     vertex  1.389134e+02 -7.895000e+01  2.370000e+00
     vertex  1.389034e+02 -7.897412e+01  2.380000e+00
     vertex  1.389134e+02 -7.895000e+01  2.380000e+00
   endloop
 endfacet
 facet normal -9.238795e-01  3.826834e-01 -5.061728e-17
   outer loop
     vertex  1.389134e+02 -7.895000e+01  2.370000e+00
     vertex  1.389034e+02 -7.897412e+01  2.370000e+00
     vertex  1.389034e+02 -7.897412e+01  2.380000e+00
   endloop
 endfacet
 facet normal -7.933533e-01  6.087614e-01  0.000000e+00
   outer loop
     vertex  1.389293e+02 -7.892929e+01  2.370000e+00
     vertex  1.389134e+02 -7.895000e+01  2.380000e+00
     vertex  1.389293e+02 -7.892929e+01  2.380000e+00
   endloop
 endfacet
 facet normal -7.933533e-01  6.087614e-01  1.417624e-17
   outer loop
     vertex  1.389293e+02 -7.892929e+01  2.370000e+00
     vertex  1.389134e+02 -7.895000e+01  2.370000e+00
     vertex  1.389134e+02 -7.895000e+01  2.380000e+00
   endloop
 endfacet
 facet normal -6.087614e-01  7.933533e-01  0.000000e+00
   outer loop
     vertex  1.389500e+02 -7.891340e+01  2.370000e+00
     vertex  1.389293e+02 -7.892929e+01  2.380000e+00
     vertex  1.389500e+02 -7.891340e+01  2.380000e+00
   endloop
 endfacet
 facet normal -6.087614e-01  7.933533e-01  3.230900e-17
   outer loop
     vertex  1.389500e+02 -7.891340e+01  2.370000e+00
     vertex  1.389293e+02 -7.892929e+01  2.370000e+00
     vertex  1.389293e+02 -7.892929e+01  2.380000e+00
   endloop
 endfacet
 facet normal -3.826834e-01  9.238795e-01  0.000000e+00
   outer loop
     vertex  1.389741e+02 -7.890341e+01  2.370000e+00
     vertex  1.389500e+02 -7.891340e+01  2.380000e+00
     vertex  1.389741e+02 -7.890341e+01  2.380000e+00
   endloop
 endfacet
 facet normal -3.826834e-01  9.238795e-01  1.816451e-17
   outer loop
     vertex  1.389741e+02 -7.890341e+01  2.370000e+00
     vertex  1.389500e+02 -7.891340e+01  2.370000e+00
     vertex  1.389500e+02 -7.891340e+01  2.380000e+00
   endloop
 endfacet
 facet normal -1.305262e-01  9.914449e-01 -1.084199e-17
   outer loop
     vertex  1.390000e+02 -7.890000e+01  2.370000e+00
     vertex  1.389741e+02 -7.890341e+01  2.370000e+00
     vertex  1.389741e+02 -7.890341e+01  2.380000e+00
   endloop
 endfacet
 facet normal -1.305262e-01  9.914449e-01  0.000000e+00
   outer loop
     vertex  1.390000e+02 -7.890000e+01  2.370000e+00
     vertex  1.389741e+02 -7.890341e+01  2.380000e+00
     vertex  1.390000e+02 -7.890000e+01  2.380000e+00
   endloop
 endfacet
 facet normal  1.305262e-01  9.914449e-01  1.084199e-17
   outer loop
     vertex  1.390259e+02 -7.890341e+01  2.370000e+00
     vertex  1.390000e+02 -7.890000e+01  2.370000e+00
     vertex  1.390000e+02 -7.890000e+01  2.380000e+00
   endloop
 endfacet
 facet normal  1.305262e-01  9.914449e-01 -0.000000e+00
   outer loop
     vertex  1.390259e+02 -7.890341e+01  2.370000e+00
     vertex  1.390000e+02 -7.890000e+01  2.380000e+00
     vertex  1.390259e+02 -7.890341e+01  2.380000e+00
   endloop
 endfacet
 facet normal  3.826834e-01  9.238795e-01 -1.816451e-17
   outer loop
     vertex  1.390500e+02 -7.891340e+01  2.370000e+00
     vertex  1.390259e+02 -7.890341e+01  2.370000e+00
     vertex  1.390259e+02 -7.890341e+01  2.380000e+00
   endloop
 endfacet
 facet normal  3.826834e-01  9.238795e-01 -0.000000e+00
   outer loop
     vertex  1.390500e+02 -7.891340e+01  2.370000e+00
     vertex  1.390259e+02 -7.890341e+01  2.380000e+00
     vertex  1.390500e+02 -7.891340e+01  2.380000e+00
   endloop
 endfacet
 facet normal  6.087614e-01  7.933533e-01 -0.000000e+00
   outer loop
     vertex  1.390707e+02 -7.892929e+01  2.370000e+00
     vertex  1.390500e+02 -7.891340e+01  2.380000e+00
     vertex  1.390707e+02 -7.892929e+01  2.380000e+00
   endloop
 endfacet
 facet normal  6.087614e-01  7.933533e-01 -3.230900e-17
   outer loop
     vertex  1.390707e+02 -7.892929e+01  2.370000e+00
     vertex  1.390500e+02 -7.891340e+01  2.370000e+00
     vertex  1.390500e+02 -7.891340e+01  2.380000e+00
   endloop
 endfacet
 facet normal  7.933533e-01  6.087614e-01 -0.000000e+00
   outer loop
     vertex  1.390866e+02 -7.895000e+01  2.370000e+00
     vertex  1.390707e+02 -7.892929e+01  2.380000e+00
     vertex  1.390866e+02 -7.895000e+01  2.380000e+00
   endloop
 endfacet
 facet normal  7.933533e-01  6.087614e-01 -1.417624e-17
   outer loop
     vertex  1.390866e+02 -7.895000e+01  2.370000e+00
     vertex  1.390707e+02 -7.892929e+01  2.370000e+00
     vertex  1.390707e+02 -7.892929e+01  2.380000e+00
   endloop
 endfacet
 facet normal  9.238795e-01  3.826834e-01 -0.000000e+00
   outer loop
     vertex  1.390966e+02 -7.897412e+01  2.370000e+00
     vertex  1.390866e+02 -7.895000e+01  2.380000e+00
     vertex  1.390966e+02 -7.897412e+01  2.380000e+00
   endloop
 endfacet
 facet normal  9.238795e-01  3.826834e-01  5.061728e-17
   outer loop
     vertex  1.390966e+02 -7.897412e+01  2.370000e+00
     vertex  1.390866e+02 -7.895000e+01  2.370000e+00
     vertex  1.390866e+02 -7.895000e+01  2.380000e+00
   endloop
 endfacet
 facet normal  9.914449e-01  1.305262e-01 -0.000000e+00
   outer loop
     vertex  1.391000e+02 -7.900000e+01  2.370000e+00
     vertex  1.390966e+02 -7.897412e+01  2.380000e+00
     vertex  1.391000e+02 -7.900000e+01  2.380000e+00
   endloop
 endfacet
 facet normal  9.914449e-01  1.305262e-01  2.163129e-17
   outer loop
     vertex  1.391000e+02 -7.900000e+01  2.370000e+00
     vertex  1.390966e+02 -7.897412e+01  2.370000e+00
     vertex  1.390966e+02 -7.897412e+01  2.380000e+00
   endloop
 endfacet
 facet normal  9.914449e-01 -1.305262e-01  0.000000e+00
   outer loop
     vertex  1.390966e+02 -7.902588e+01  2.370000e+00
     vertex  1.391000e+02 -7.900000e+01  2.380000e+00
     vertex  1.390966e+02 -7.902588e+01  2.380000e+00
   endloop
 endfacet
 facet normal  9.914449e-01 -1.305262e-01 -2.163129e-17
   outer loop
     vertex  1.390966e+02 -7.902588e+01  2.370000e+00
     vertex  1.391000e+02 -7.900000e+01  2.370000e+00
     vertex  1.391000e+02 -7.900000e+01  2.380000e+00
   endloop
 endfacet
 facet normal  9.238795e-01 -3.826834e-01  0.000000e+00
   outer loop
     vertex  1.390866e+02 -7.905000e+01  2.370000e+00
     vertex  1.390966e+02 -7.902588e+01  2.380000e+00
     vertex  1.390866e+02 -7.905000e+01  2.380000e+00
   endloop
 endfacet
 facet normal  9.238795e-01 -3.826834e-01 -5.061728e-17
   outer loop
     vertex  1.390866e+02 -7.905000e+01  2.370000e+00
     vertex  1.390966e+02 -7.902588e+01  2.370000e+00
     vertex  1.390966e+02 -7.902588e+01  2.380000e+00
   endloop
 endfacet
 facet normal  7.933533e-01 -6.087614e-01  0.000000e+00
   outer loop
     vertex  1.390707e+02 -7.907071e+01  2.370000e+00
     vertex  1.390866e+02 -7.905000e+01  2.380000e+00
     vertex  1.390707e+02 -7.907071e+01  2.380000e+00
   endloop
 endfacet
 facet normal  7.933533e-01 -6.087614e-01  1.417624e-17
   outer loop
     vertex  1.390707e+02 -7.907071e+01  2.370000e+00
     vertex  1.390866e+02 -7.905000e+01  2.370000e+00
     vertex  1.390866e+02 -7.905000e+01  2.380000e+00
   endloop
 endfacet
 facet normal  6.087614e-01 -7.933533e-01  0.000000e+00
   outer loop
     vertex  1.390500e+02 -7.908660e+01  2.370000e+00
     vertex  1.390707e+02 -7.907071e+01  2.380000e+00
     vertex  1.390500e+02 -7.908660e+01  2.380000e+00
   endloop
 endfacet
 facet normal  6.087614e-01 -7.933533e-01  3.230900e-17
   outer loop
     vertex  1.390500e+02 -7.908660e+01  2.370000e+00
     vertex  1.390707e+02 -7.907071e+01  2.370000e+00
     vertex  1.390707e+02 -7.907071e+01  2.380000e+00
   endloop
 endfacet
 facet normal  3.826834e-01 -9.238795e-01  0.000000e+00
   outer loop
     vertex  1.390259e+02 -7.909659e+01  2.370000e+00
     vertex  1.390500e+02 -7.908660e+01  2.380000e+00
     vertex  1.390259e+02 -7.909659e+01  2.380000e+00
   endloop
 endfacet
 facet normal  3.826834e-01 -9.238795e-01  1.816451e-17
   outer loop
     vertex  1.390259e+02 -7.909659e+01  2.370000e+00
     vertex  1.390500e+02 -7.908660e+01  2.370000e+00
     vertex  1.390500e+02 -7.908660e+01  2.380000e+00
   endloop
 endfacet
 facet normal  1.305262e-01 -9.914449e-01  0.000000e+00
   outer loop
     vertex  1.390000e+02 -7.910000e+01  2.370000e+00
     vertex  1.390259e+02 -7.909659e+01  2.380000e+00
     vertex  1.390000e+02 -7.910000e+01  2.380000e+00
   endloop
 endfacet
 facet normal  1.305262e-01 -9.914449e-01 -1.084199e-17
   outer loop
     vertex  1.390000e+02 -7.910000e+01  2.370000e+00
     vertex  1.390259e+02 -7.909659e+01  2.370000e+00
     vertex  1.390259e+02 -7.909659e+01  2.380000e+00
   endloop
 endfacet
 facet normal  0.000000e+00  1.000000e+00  0.000000e+00
   outer loop
     vertex  1.414875e+02 -7.913000e+01  1.620000e+00
     vertex  1.414875e+02 -7.913000e+01  1.795000e+00
     vertex  1.415000e+02 -7.913000e+01  1.795000e+00
   endloop
 endfacet
 facet normal  0.000000e+00  1.000000e+00 -0.000000e+00
   outer loop
     vertex  1.415000e+02 -7.913000e+01  1.595000e+00
     vertex  1.414875e+02 -7.913000e+01  1.620000e+00
     vertex  1.415000e+02 -7.913000e+01  1.795000e+00
   endloop
 endfacet
 facet normal  0.000000e+00  1.000000e+00  0.000000e+00
   outer loop
     vertex  1.411000e+02 -7.913000e+01  1.595000e+00
     vertex  1.411000e+02 -7.913000e+01  1.620000e+00
     vertex  1.414875e+02 -7.913000e+01  1.620000e+00
   endloop
 endfacet
 facet normal  0.000000e+00  1.000000e+00  0.000000e+00
   outer loop
     vertex  1.411000e+02 -7.913000e+01  1.595000e+00
     vertex  1.414875e+02 -7.913000e+01  1.620000e+00
     vertex  1.415000e+02 -7.913000e+01  1.595000e+00
   endloop
 endfacet
 facet normal -0.000000e+00  0.000000e+00  1.000000e+00
   outer loop
     vertex  1.414875e+02 -7.913000e+01  1.795000e+00
     vertex  1.415000e+02 -7.937000e+01  1.795000e+00
     vertex  1.415000e+02 -7.913000e+01  1.795000e+00
   endloop
 endfacet
 facet normal  0.000000e+00  0.000000e+00  1.000000e+00
   outer loop
     vertex  1.414875e+02 -7.913000e+01  1.795000e+00
     vertex  1.414875e+02 -7.937000e+01  1.795000e+00
     vertex  1.415000e+02 -7.937000e+01  1.795000e+00
   endloop
 endfacet
 facet normal -0.000000e+00 -1.000000e+00  0.000000e+00
   outer loop
     vertex  1.414875e+02 -7.937000e+01  1.620000e+00
     vertex  1.411000e+02 -7.937000e+01  1.620000e+00
     vertex  1.411000e+02 -7.937000e+01  1.595000e+00
   endloop
 endfacet
 facet normal  0.000000e+00 -1.000000e+00  0.000000e+00
   outer loop
     vertex  1.414875e+02 -7.937000e+01  1.620000e+00
     vertex  1.415000e+02 -7.937000e+01  1.795000e+00
     vertex  1.414875e+02 -7.937000e+01  1.795000e+00
   endloop
 endfacet
 facet normal  0.000000e+00 -1.000000e+00  0.000000e+00
   outer loop
     vertex  1.415000e+02 -7.937000e+01  1.595000e+00
     vertex  1.415000e+02 -7.937000e+01  1.795000e+00
     vertex  1.414875e+02 -7.937000e+01  1.620000e+00
   endloop
 endfacet
 facet normal  0.000000e+00 -1.000000e+00  0.000000e+00
   outer loop
     vertex  1.415000e+02 -7.937000e+01  1.595000e+00
     vertex  1.414875e+02 -7.937000e+01  1.620000e+00
     vertex  1.411000e+02 -7.937000e+01  1.595000e+00
   endloop
 endfacet
 facet normal  0.000000e+00  1.000000e+00  0.000000e+00
   outer loop
     vertex  1.414875e+02 -7.963000e+01  1.620000e+00
     vertex  1.414875e+02 -7.963000e+01  1.795000e+00
     vertex  1.415000e+02 -7.963000e+01  1.795000e+00
   endloop
 endfacet
 facet normal  0.000000e+00  1.000000e+00 -0.000000e+00
   outer loop
     vertex  1.415000e+02 -7.963000e+01  1.595000e+00
     vertex  1.414875e+02 -7.963000e+01  1.620000e+00
     vertex  1.415000e+02 -7.963000e+01  1.795000e+00
   endloop
 endfacet
 facet normal  0.000000e+00  1.000000e+00  0.000000e+00
   outer loop
     vertex  1.411000e+02 -7.963000e+01  1.595000e+00
     vertex  1.411000e+02 -7.963000e+01  1.620000e+00
     vertex  1.414875e+02 -7.963000e+01  1.620000e+00
   endloop
 endfacet
 facet normal  0.000000e+00  1.000000e+00  0.000000e+00
   outer loop
     vertex  1.411000e+02 -7.963000e+01  1.595000e+00
     vertex  1.414875e+02 -7.963000e+01  1.620000e+00
     vertex  1.415000e+02 -7.963000e+01  1.595000e+00
   endloop
 endfacet
 facet normal -0.000000e+00  0.000000e+00  1.000000e+00
   outer loop
     vertex  1.414875e+02 -7.963000e+01  1.795000e+00
     vertex  1.415000e+02 -7.987000e+01  1.795000e+00
     vertex  1.415000e+02 -7.963000e+01  1.795000e+00
   endloop
 endfacet
 facet normal  0.000000e+00  0.000000e+00  1.000000e+00
   outer loop
     vertex  1.414875e+02 -7.963000e+01  1.795000e+00
     vertex  1.414875e+02 -7.987000e+01  1.795000e+00
     vertex  1.415000e+02 -7.987000e+01  1.795000e+00
   endloop
 endfacet
 facet normal -0.000000e+00 -1.000000e+00  0.000000e+00
   outer loop
     vertex  1.414875e+02 -7.987000e+01  1.620000e+00
     vertex  1.411000e+02 -7.987000e+01  1.620000e+00
     vertex  1.411000e+02 -7.987000e+01  1.595000e+00
   endloop
 endfacet
 facet normal  0.000000e+00 -1.000000e+00  0.000000e+00
   outer loop
     vertex  1.414875e+02 -7.987000e+01  1.620000e+00
     vertex  1.415000e+02 -7.987000e+01  1.795000e+00
     vertex  1.414875e+02 -7.987000e+01  1.795000e+00
   endloop
 endfacet
 facet normal  0.000000e+00 -1.000000e+00  0.000000e+00
   outer loop
     vertex  1.415000e+02 -7.987000e+01  1.595000e+00
     vertex  1.415000e+02 -7.987000e+01  1.795000e+00
     vertex  1.414875e+02 -7.987000e+01  1.620000e+00
   endloop
 endfacet
 facet normal  0.000000e+00 -1.000000e+00  0.000000e+00
   outer loop
     vertex  1.415000e+02 -7.987000e+01  1.595000e+00
     vertex  1.414875e+02 -7.987000e+01  1.620000e+00
     vertex  1.411000e+02 -7.987000e+01  1.595000e+00
   endloop
 endfacet
 facet normal  0.000000e+00  1.000000e+00  0.000000e+00
   outer loop
     vertex  1.414875e+02 -8.013000e+01  1.620000e+00
     vertex  1.414875e+02 -8.013000e+01  1.795000e+00
     vertex  1.415000e+02 -8.013000e+01  1.795000e+00
   endloop
 endfacet
 facet normal  0.000000e+00  1.000000e+00 -0.000000e+00
   outer loop
     vertex  1.415000e+02 -8.013000e+01  1.595000e+00
     vertex  1.414875e+02 -8.013000e+01  1.620000e+00
     vertex  1.415000e+02 -8.013000e+01  1.795000e+00
   endloop
 endfacet
 facet normal  0.000000e+00  1.000000e+00  0.000000e+00
   outer loop
     vertex  1.411000e+02 -8.013000e+01  1.595000e+00
     vertex  1.411000e+02 -8.013000e+01  1.620000e+00
     vertex  1.414875e+02 -8.013000e+01  1.620000e+00
   endloop
 endfacet
 facet normal  0.000000e+00  1.000000e+00  0.000000e+00
   outer loop
     vertex  1.411000e+02 -8.013000e+01  1.595000e+00
     vertex  1.414875e+02 -8.013000e+01  1.620000e+00
     vertex  1.415000e+02 -8.013000e+01  1.595000e+00
   endloop
 endfacet
 facet normal -0.000000e+00  0.000000e+00  1.000000e+00
   outer loop
     vertex  1.414875e+02 -8.013000e+01  1.795000e+00
     vertex  1.415000e+02 -8.037000e+01  1.795000e+00
     vertex  1.415000e+02 -8.013000e+01  1.795000e+00
   endloop
 endfacet
 facet normal  0.000000e+00  0.000000e+00  1.000000e+00
   outer loop
     vertex  1.414875e+02 -8.013000e+01  1.795000e+00
     vertex  1.414875e+02 -8.037000e+01  1.795000e+00
     vertex  1.415000e+02 -8.037000e+01  1.795000e+00
   endloop
 endfacet
 facet normal -0.000000e+00 -1.000000e+00  0.000000e+00
   outer loop
     vertex  1.414875e+02 -8.037000e+01  1.620000e+00
     vertex  1.411000e+02 -8.037000e+01  1.620000e+00
     vertex  1.411000e+02 -8.037000e+01  1.595000e+00
   endloop
 endfacet
 facet normal  0.000000e+00 -1.000000e+00  0.000000e+00
   outer loop
     vertex  1.414875e+02 -8.037000e+01  1.620000e+00
     vertex  1.415000e+02 -8.037000e+01  1.795000e+00
     vertex  1.414875e+02 -8.037000e+01  1.795000e+00
   endloop
 endfacet
 facet normal  0.000000e+00 -1.000000e+00  0.000000e+00
   outer loop
     vertex  1.415000e+02 -8.037000e+01  1.595000e+00
     vertex  1.415000e+02 -8.037000e+01  1.795000e+00
     vertex  1.414875e+02 -8.037000e+01  1.620000e+00
   endloop
 endfacet
 facet normal  0.000000e+00 -1.000000e+00  0.000000e+00
   outer loop
     vertex  1.415000e+02 -8.037000e+01  1.595000e+00
     vertex  1.414875e+02 -8.037000e+01  1.620000e+00
     vertex  1.411000e+02 -8.037000e+01  1.595000e+00
   endloop
 endfacet
 facet normal  0.000000e+00  1.000000e+00  0.000000e+00
   outer loop
     vertex  1.414875e+02 -8.063000e+01  1.620000e+00
     vertex  1.414875e+02 -8.063000e+01  1.795000e+00
     vertex  1.415000e+02 -8.063000e+01  1.795000e+00
   endloop
 endfacet
 facet normal  0.000000e+00  1.000000e+00 -0.000000e+00
   outer loop
     vertex  1.415000e+02 -8.063000e+01  1.595000e+00
     vertex  1.414875e+02 -8.063000e+01  1.620000e+00
     vertex  1.415000e+02 -8.063000e+01  1.795000e+00
   endloop
 endfacet
 facet normal  0.000000e+00  1.000000e+00  0.000000e+00
   outer loop
     vertex  1.411000e+02 -8.063000e+01  1.595000e+00
     vertex  1.411000e+02 -8.063000e+01  1.620000e+00
     vertex  1.414875e+02 -8.063000e+01  1.620000e+00
   endloop
 endfacet
 facet normal  0.000000e+00  1.000000e+00  0.000000e+00
   outer loop
     vertex  1.411000e+02 -8.063000e+01  1.595000e+00
     vertex  1.414875e+02 -8.063000e+01  1.620000e+00
     vertex  1.415000e+02 -8.063000e+01  1.595000e+00
   endloop
 endfacet
 facet normal -0.000000e+00  0.000000e+00  1.000000e+00
   outer loop
     vertex  1.414875e+02 -8.063000e+01  1.795000e+00
     vertex  1.415000e+02 -8.087000e+01  1.795000e+00
     vertex  1.415000e+02 -8.063000e+01  1.795000e+00
   endloop
 endfacet
 facet normal  0.000000e+00  0.000000e+00  1.000000e+00
   outer loop
     vertex  1.414875e+02 -8.063000e+01  1.795000e+00
     vertex  1.414875e+02 -8.087000e+01  1.795000e+00
     vertex  1.415000e+02 -8.087000e+01  1.795000e+00
   endloop
 endfacet
 facet normal -0.000000e+00 -1.000000e+00  0.000000e+00
   outer loop
     vertex  1.414875e+02 -8.087000e+01  1.620000e+00
     vertex  1.411000e+02 -8.087000e+01  1.620000e+00
     vertex  1.411000e+02 -8.087000e+01  1.595000e+00
   endloop
 endfacet
 facet normal  0.000000e+00 -1.000000e+00  0.000000e+00
   outer loop
     vertex  1.414875e+02 -8.087000e+01  1.620000e+00
     vertex  1.415000e+02 -8.087000e+01  1.795000e+00
     vertex  1.414875e+02 -8.087000e+01  1.795000e+00
   endloop
 endfacet
 facet normal  0.000000e+00 -1.000000e+00  0.000000e+00
   outer loop
     vertex  1.415000e+02 -8.087000e+01  1.595000e+00
     vertex  1.415000e+02 -8.087000e+01  1.795000e+00
     vertex  1.414875e+02 -8.087000e+01  1.620000e+00
   endloop
 endfacet
 facet normal  0.000000e+00 -1.000000e+00  0.000000e+00
   outer loop
     vertex  1.415000e+02 -8.087000e+01  1.595000e+00
     vertex  1.414875e+02 -8.087000e+01  1.620000e+00
     vertex  1.411000e+02 -8.087000e+01  1.595000e+00
   endloop
 endfacet
 facet normal  0.000000e+00 -1.000000e+00  0.000000e+00
   outer loop
     vertex  1.393700e+02 -7.890000e+01  1.595000e+00
     vertex  1.391300e+02 -7.890000e+01  1.620000e+00
     vertex  1.391300e+02 -7.890000e+01  1.595000e+00
   endloop
 endfacet
 facet normal  0.000000e+00 -1.000000e+00  0.000000e+00
   outer loop
     vertex  1.393700e+02 -7.890000e+01  1.595000e+00
     vertex  1.393700e+02 -7.890000e+01  1.620000e+00
     vertex  1.391300e+02 -7.890000e+01  1.620000e+00
   endloop
 endfacet
 facet normal  0.000000e+00 -1.000000e+00  0.000000e+00
   outer loop
     vertex  1.398700e+02 -7.890000e+01  1.595000e+00
     vertex  1.396300e+02 -7.890000e+01  1.620000e+00
     vertex  1.396300e+02 -7.890000e+01  1.595000e+00
   endloop
 endfacet
 facet normal  0.000000e+00 -1.000000e+00  0.000000e+00
   outer loop
     vertex  1.398700e+02 -7.890000e+01  1.595000e+00
     vertex  1.398700e+02 -7.890000e+01  1.620000e+00
     vertex  1.396300e+02 -7.890000e+01  1.620000e+00
   endloop
 endfacet
 facet normal  0.000000e+00 -1.000000e+00  0.000000e+00
   outer loop
     vertex  1.403700e+02 -7.890000e+01  1.595000e+00
     vertex  1.401300e+02 -7.890000e+01  1.620000e+00
     vertex  1.401300e+02 -7.890000e+01  1.595000e+00
   endloop
 endfacet
 facet normal  0.000000e+00 -1.000000e+00  0.000000e+00
   outer loop
     vertex  1.403700e+02 -7.890000e+01  1.595000e+00
     vertex  1.403700e+02 -7.890000e+01  1.620000e+00
     vertex  1.401300e+02 -7.890000e+01  1.620000e+00
   endloop
 endfacet
 facet normal  0.000000e+00 -1.000000e+00  0.000000e+00
   outer loop
     vertex  1.408700e+02 -7.890000e+01  1.595000e+00
     vertex  1.406300e+02 -7.890000e+01  1.620000e+00
     vertex  1.406300e+02 -7.890000e+01  1.595000e+00
   endloop
 endfacet
 facet normal  0.000000e+00 -1.000000e+00  0.000000e+00
   outer loop
     vertex  1.408700e+02 -7.890000e+01  1.595000e+00
     vertex  1.408700e+02 -7.890000e+01  1.620000e+00
     vertex  1.406300e+02 -7.890000e+01  1.620000e+00
   endloop
 endfacet
 facet normal -1.000000e+00  0.000000e+00  0.000000e+00
   outer loop
     vertex  1.411000e+02 -7.937000e+01  1.595000e+00
     vertex  1.411000e+02 -7.913000e+01  1.620000e+00
     vertex  1.411000e+02 -7.913000e+01  1.595000e+00
   endloop
 endfacet
 facet normal -1.000000e+00  0.000000e+00  0.000000e+00
   outer loop
     vertex  1.411000e+02 -7.937000e+01  1.595000e+00
     vertex  1.411000e+02 -7.937000e+01  1.620000e+00
     vertex  1.411000e+02 -7.913000e+01  1.620000e+00
   endloop
 endfacet
 facet normal -1.000000e+00  0.000000e+00  0.000000e+00
   outer loop
     vertex  1.411000e+02 -7.987000e+01  1.595000e+00
     vertex  1.411000e+02 -7.963000e+01  1.620000e+00
     vertex  1.411000e+02 -7.963000e+01  1.595000e+00
   endloop
 endfacet
 facet normal -1.000000e+00  0.000000e+00  0.000000e+00
   outer loop
     vertex  1.411000e+02 -7.987000e+01  1.595000e+00
     vertex  1.411000e+02 -7.987000e+01  1.620000e+00
     vertex  1.411000e+02 -7.963000e+01  1.620000e+00
   endloop
 endfacet
 facet normal -1.000000e+00  0.000000e+00  0.000000e+00
   outer loop
     vertex  1.411000e+02 -8.037000e+01  1.595000e+00
     vertex  1.411000e+02 -8.013000e+01  1.620000e+00
     vertex  1.411000e+02 -8.013000e+01  1.595000e+00
   endloop
 endfacet
 facet normal -1.000000e+00  0.000000e+00  0.000000e+00
   outer loop
     vertex  1.411000e+02 -8.037000e+01  1.595000e+00
     vertex  1.411000e+02 -8.037000e+01  1.620000e+00
     vertex  1.411000e+02 -8.013000e+01  1.620000e+00
   endloop
 endfacet
 facet normal -1.000000e+00  0.000000e+00  0.000000e+00
   outer loop
     vertex  1.411000e+02 -8.087000e+01  1.595000e+00
     vertex  1.411000e+02 -8.063000e+01  1.620000e+00
     vertex  1.411000e+02 -8.063000e+01  1.595000e+00
   endloop
 endfacet
 facet normal -1.000000e+00  0.000000e+00  0.000000e+00
   outer loop
     vertex  1.411000e+02 -8.087000e+01  1.595000e+00
     vertex  1.411000e+02 -8.087000e+01  1.620000e+00
     vertex  1.411000e+02 -8.063000e+01  1.620000e+00
   endloop
 endfacet
 facet normal  1.000000e+00  0.000000e+00 -0.000000e+00
   outer loop
     vertex  1.408700e+02 -8.148750e+01  1.620000e+00
     vertex  1.408700e+02 -8.148750e+01  1.795000e+00
     vertex  1.408700e+02 -8.150000e+01  1.795000e+00
   endloop
 endfacet
 facet normal  1.000000e+00  0.000000e+00  0.000000e+00
   outer loop
     vertex  1.408700e+02 -8.150000e+01  1.595000e+00
     vertex  1.408700e+02 -8.148750e+01  1.620000e+00
     vertex  1.408700e+02 -8.150000e+01  1.795000e+00
   endloop
 endfacet
 facet normal  1.000000e+00  0.000000e+00 -0.000000e+00
   outer loop
     vertex  1.408700e+02 -8.110000e+01  1.595000e+00
     vertex  1.408700e+02 -8.110000e+01  1.620000e+00
     vertex  1.408700e+02 -8.148750e+01  1.620000e+00
   endloop
 endfacet
 facet normal  1.000000e+00  0.000000e+00  0.000000e+00
   outer loop
     vertex  1.408700e+02 -8.110000e+01  1.595000e+00
     vertex  1.408700e+02 -8.148750e+01  1.620000e+00
     vertex  1.408700e+02 -8.150000e+01  1.595000e+00
   endloop
 endfacet
 facet normal  0.000000e+00  1.000000e+00  0.000000e+00
   outer loop
     vertex  1.406300e+02 -8.110000e+01  1.595000e+00
     vertex  1.408700e+02 -8.110000e+01  1.620000e+00
     vertex  1.408700e+02 -8.110000e+01  1.595000e+00
   endloop
 endfacet
 facet normal  0.000000e+00  1.000000e+00  0.000000e+00
   outer loop
     vertex  1.406300e+02 -8.110000e+01  1.595000e+00
     vertex  1.406300e+02 -8.110000e+01  1.620000e+00
     vertex  1.408700e+02 -8.110000e+01  1.620000e+00
   endloop
 endfacet
 facet normal -1.000000e+00  0.000000e+00  0.000000e+00
   outer loop
     vertex  1.406300e+02 -8.148750e+01  1.620000e+00
     vertex  1.406300e+02 -8.110000e+01  1.620000e+00
     vertex  1.406300e+02 -8.110000e+01  1.595000e+00
   endloop
 endfacet
 facet normal -1.000000e+00  0.000000e+00  0.000000e+00
   outer loop
     vertex  1.406300e+02 -8.148750e+01  1.620000e+00
     vertex  1.406300e+02 -8.150000e+01  1.795000e+00
     vertex  1.406300e+02 -8.148750e+01  1.795000e+00
   endloop
 endfacet
 facet normal -1.000000e+00  0.000000e+00  0.000000e+00
   outer loop
     vertex  1.406300e+02 -8.150000e+01  1.595000e+00
     vertex  1.406300e+02 -8.150000e+01  1.795000e+00
     vertex  1.406300e+02 -8.148750e+01  1.620000e+00
   endloop
 endfacet
 facet normal -1.000000e+00  0.000000e+00  0.000000e+00
   outer loop
     vertex  1.406300e+02 -8.150000e+01  1.595000e+00
     vertex  1.406300e+02 -8.148750e+01  1.620000e+00
     vertex  1.406300e+02 -8.110000e+01  1.595000e+00
   endloop
 endfacet
 facet normal  1.000000e+00  0.000000e+00 -0.000000e+00
   outer loop
     vertex  1.403700e+02 -8.148750e+01  1.620000e+00
     vertex  1.403700e+02 -8.148750e+01  1.795000e+00
     vertex  1.403700e+02 -8.150000e+01  1.795000e+00
   endloop
 endfacet
 facet normal  1.000000e+00  0.000000e+00  0.000000e+00
   outer loop
     vertex  1.403700e+02 -8.150000e+01  1.595000e+00
     vertex  1.403700e+02 -8.148750e+01  1.620000e+00
     vertex  1.403700e+02 -8.150000e+01  1.795000e+00
   endloop
 endfacet
 facet normal  1.000000e+00  0.000000e+00 -0.000000e+00
   outer loop
     vertex  1.403700e+02 -8.110000e+01  1.595000e+00
     vertex  1.403700e+02 -8.110000e+01  1.620000e+00
     vertex  1.403700e+02 -8.148750e+01  1.620000e+00
   endloop
 endfacet
 facet normal  1.000000e+00  0.000000e+00  0.000000e+00
   outer loop
     vertex  1.403700e+02 -8.110000e+01  1.595000e+00
     vertex  1.403700e+02 -8.148750e+01  1.620000e+00
     vertex  1.403700e+02 -8.150000e+01  1.595000e+00
   endloop
 endfacet
 facet normal  0.000000e+00  1.000000e+00  0.000000e+00
   outer loop
     vertex  1.401300e+02 -8.110000e+01  1.595000e+00
     vertex  1.403700e+02 -8.110000e+01  1.620000e+00
     vertex  1.403700e+02 -8.110000e+01  1.595000e+00
   endloop
 endfacet
 facet normal  0.000000e+00  1.000000e+00  0.000000e+00
   outer loop
     vertex  1.401300e+02 -8.110000e+01  1.595000e+00
     vertex  1.401300e+02 -8.110000e+01  1.620000e+00
     vertex  1.403700e+02 -8.110000e+01  1.620000e+00
   endloop
 endfacet
 facet normal -1.000000e+00  0.000000e+00  0.000000e+00
   outer loop
     vertex  1.401300e+02 -8.148750e+01  1.620000e+00
     vertex  1.401300e+02 -8.110000e+01  1.620000e+00
     vertex  1.401300e+02 -8.110000e+01  1.595000e+00
   endloop
 endfacet
 facet normal -1.000000e+00  0.000000e+00  0.000000e+00
   outer loop
     vertex  1.401300e+02 -8.148750e+01  1.620000e+00
     vertex  1.401300e+02 -8.150000e+01  1.795000e+00
     vertex  1.401300e+02 -8.148750e+01  1.795000e+00
   endloop
 endfacet
 facet normal -1.000000e+00  0.000000e+00  0.000000e+00
   outer loop
     vertex  1.401300e+02 -8.150000e+01  1.595000e+00
     vertex  1.401300e+02 -8.150000e+01  1.795000e+00
     vertex  1.401300e+02 -8.148750e+01  1.620000e+00
   endloop
 endfacet
 facet normal -1.000000e+00  0.000000e+00  0.000000e+00
   outer loop
     vertex  1.401300e+02 -8.150000e+01  1.595000e+00
     vertex  1.401300e+02 -8.148750e+01  1.620000e+00
     vertex  1.401300e+02 -8.110000e+01  1.595000e+00
   endloop
 endfacet
 facet normal  1.000000e+00  0.000000e+00 -0.000000e+00
   outer loop
     vertex  1.398700e+02 -8.148750e+01  1.620000e+00
     vertex  1.398700e+02 -8.148750e+01  1.795000e+00
     vertex  1.398700e+02 -8.150000e+01  1.795000e+00
   endloop
 endfacet
 facet normal  1.000000e+00  0.000000e+00  0.000000e+00
   outer loop
     vertex  1.398700e+02 -8.150000e+01  1.595000e+00
     vertex  1.398700e+02 -8.148750e+01  1.620000e+00
     vertex  1.398700e+02 -8.150000e+01  1.795000e+00
   endloop
 endfacet
 facet normal  1.000000e+00  0.000000e+00 -0.000000e+00
   outer loop
     vertex  1.398700e+02 -8.110000e+01  1.595000e+00
     vertex  1.398700e+02 -8.110000e+01  1.620000e+00
     vertex  1.398700e+02 -8.148750e+01  1.620000e+00
   endloop
 endfacet
 facet normal  1.000000e+00  0.000000e+00  0.000000e+00
   outer loop
     vertex  1.398700e+02 -8.110000e+01  1.595000e+00
     vertex  1.398700e+02 -8.148750e+01  1.620000e+00
     vertex  1.398700e+02 -8.150000e+01  1.595000e+00
   endloop
 endfacet
 facet normal  0.000000e+00  1.000000e+00  0.000000e+00
   outer loop
     vertex  1.396300e+02 -8.110000e+01  1.595000e+00
     vertex  1.398700e+02 -8.110000e+01  1.620000e+00
     vertex  1.398700e+02 -8.110000e+01  1.595000e+00
   endloop
 endfacet
 facet normal  0.000000e+00  1.000000e+00  0.000000e+00
   outer loop
     vertex  1.396300e+02 -8.110000e+01  1.595000e+00
     vertex  1.396300e+02 -8.110000e+01  1.620000e+00
     vertex  1.398700e+02 -8.110000e+01  1.620000e+00
   endloop
 endfacet
 facet normal -1.000000e+00  0.000000e+00  0.000000e+00
   outer loop
     vertex  1.396300e+02 -8.148750e+01  1.620000e+00
     vertex  1.396300e+02 -8.110000e+01  1.620000e+00
     vertex  1.396300e+02 -8.110000e+01  1.595000e+00
   endloop
 endfacet
 facet normal -1.000000e+00  0.000000e+00  0.000000e+00
   outer loop
     vertex  1.396300e+02 -8.148750e+01  1.620000e+00
     vertex  1.396300e+02 -8.150000e+01  1.795000e+00
     vertex  1.396300e+02 -8.148750e+01  1.795000e+00
   endloop
 endfacet
 facet normal -1.000000e+00  0.000000e+00  0.000000e+00
   outer loop
     vertex  1.396300e+02 -8.150000e+01  1.595000e+00
     vertex  1.396300e+02 -8.150000e+01  1.795000e+00
     vertex  1.396300e+02 -8.148750e+01  1.620000e+00
   endloop
 endfacet
 facet normal -1.000000e+00  0.000000e+00  0.000000e+00
   outer loop
     vertex  1.396300e+02 -8.150000e+01  1.595000e+00
     vertex  1.396300e+02 -8.148750e+01  1.620000e+00
     vertex  1.396300e+02 -8.110000e+01  1.595000e+00
   endloop
 endfacet
 facet normal  1.000000e+00  0.000000e+00 -0.000000e+00
   outer loop
     vertex  1.393700e+02 -8.148750e+01  1.620000e+00
     vertex  1.393700e+02 -8.148750e+01  1.795000e+00
     vertex  1.393700e+02 -8.150000e+01  1.795000e+00
   endloop
 endfacet
 facet normal  1.000000e+00  0.000000e+00  0.000000e+00
   outer loop
     vertex  1.393700e+02 -8.150000e+01  1.595000e+00
     vertex  1.393700e+02 -8.148750e+01  1.620000e+00
     vertex  1.393700e+02 -8.150000e+01  1.795000e+00
   endloop
 endfacet
 facet normal  1.000000e+00  0.000000e+00 -0.000000e+00
   outer loop
     vertex  1.393700e+02 -8.110000e+01  1.595000e+00
     vertex  1.393700e+02 -8.110000e+01  1.620000e+00
     vertex  1.393700e+02 -8.148750e+01  1.620000e+00
   endloop
 endfacet
 facet normal  1.000000e+00  0.000000e+00  0.000000e+00
   outer loop
     vertex  1.393700e+02 -8.110000e+01  1.595000e+00
     vertex  1.393700e+02 -8.148750e+01  1.620000e+00
     vertex  1.393700e+02 -8.150000e+01  1.595000e+00
   endloop
 endfacet
 facet normal  0.000000e+00  1.000000e+00  0.000000e+00
   outer loop
     vertex  1.391300e+02 -8.110000e+01  1.595000e+00
     vertex  1.393700e+02 -8.110000e+01  1.620000e+00
     vertex  1.393700e+02 -8.110000e+01  1.595000e+00
   endloop
 endfacet
 facet normal  0.000000e+00  1.000000e+00  0.000000e+00
   outer loop
     vertex  1.391300e+02 -8.110000e+01  1.595000e+00
     vertex  1.391300e+02 -8.110000e+01  1.620000e+00
     vertex  1.393700e+02 -8.110000e+01  1.620000e+00
   endloop
 endfacet
 facet normal -1.000000e+00  0.000000e+00  0.000000e+00
   outer loop
     vertex  1.391300e+02 -8.148750e+01  1.620000e+00
     vertex  1.391300e+02 -8.110000e+01  1.620000e+00
     vertex  1.391300e+02 -8.110000e+01  1.595000e+00
   endloop
 endfacet
 facet normal -1.000000e+00  0.000000e+00  0.000000e+00
   outer loop
     vertex  1.391300e+02 -8.148750e+01  1.620000e+00
     vertex  1.391300e+02 -8.150000e+01  1.795000e+00
     vertex  1.391300e+02 -8.148750e+01  1.795000e+00
   endloop
 endfacet
 facet normal -1.000000e+00  0.000000e+00  0.000000e+00
   outer loop
     vertex  1.391300e+02 -8.150000e+01  1.595000e+00
     vertex  1.391300e+02 -8.150000e+01  1.795000e+00
     vertex  1.391300e+02 -8.148750e+01  1.620000e+00
   endloop
 endfacet
 facet normal -1.000000e+00  0.000000e+00  0.000000e+00
   outer loop
     vertex  1.391300e+02 -8.150000e+01  1.595000e+00
     vertex  1.391300e+02 -8.148750e+01  1.620000e+00
     vertex  1.391300e+02 -8.110000e+01  1.595000e+00
   endloop
 endfacet
 facet normal  0.000000e+00 -1.000000e+00  0.000000e+00
   outer loop
     vertex  1.385125e+02 -8.087000e+01  1.620000e+00
     vertex  1.385125e+02 -8.087000e+01  1.795000e+00
     vertex  1.385000e+02 -8.087000e+01  1.795000e+00
   endloop
 endfacet
 facet normal  0.000000e+00 -1.000000e+00  0.000000e+00
   outer loop
     vertex  1.385000e+02 -8.087000e+01  1.595000e+00
     vertex  1.385125e+02 -8.087000e+01  1.620000e+00
     vertex  1.385000e+02 -8.087000e+01  1.795000e+00
   endloop
 endfacet
 facet normal  0.000000e+00 -1.000000e+00  0.000000e+00
   outer loop
     vertex  1.389000e+02 -8.087000e+01  1.595000e+00
     vertex  1.389000e+02 -8.087000e+01  1.620000e+00
     vertex  1.385125e+02 -8.087000e+01  1.620000e+00
   endloop
 endfacet
 facet normal  0.000000e+00 -1.000000e+00  0.000000e+00
   outer loop
     vertex  1.389000e+02 -8.087000e+01  1.595000e+00
     vertex  1.385125e+02 -8.087000e+01  1.620000e+00
     vertex  1.385000e+02 -8.087000e+01  1.595000e+00
   endloop
 endfacet
 facet normal  1.000000e+00  0.000000e+00  0.000000e+00
   outer loop
     vertex  1.389000e+02 -8.063000e+01  1.595000e+00
     vertex  1.389000e+02 -8.087000e+01  1.620000e+00
     vertex  1.389000e+02 -8.087000e+01  1.595000e+00
   endloop
 endfacet
 facet normal  1.000000e+00  0.000000e+00 -0.000000e+00
   outer loop
     vertex  1.389000e+02 -8.063000e+01  1.595000e+00
     vertex  1.389000e+02 -8.063000e+01  1.620000e+00
     vertex  1.389000e+02 -8.087000e+01  1.620000e+00
   endloop
 endfacet
 facet normal -0.000000e+00  1.000000e+00  0.000000e+00
   outer loop
     vertex  1.385125e+02 -8.063000e+01  1.620000e+00
     vertex  1.389000e+02 -8.063000e+01  1.620000e+00
     vertex  1.389000e+02 -8.063000e+01  1.595000e+00
   endloop
 endfacet
 facet normal  0.000000e+00  1.000000e+00 -0.000000e+00
   outer loop
     vertex  1.385125e+02 -8.063000e+01  1.620000e+00
     vertex  1.385000e+02 -8.063000e+01  1.795000e+00
     vertex  1.385125e+02 -8.063000e+01  1.795000e+00
   endloop
 endfacet
 facet normal  0.000000e+00  1.000000e+00  0.000000e+00
   outer loop
     vertex  1.385000e+02 -8.063000e+01  1.595000e+00
     vertex  1.385000e+02 -8.063000e+01  1.795000e+00
     vertex  1.385125e+02 -8.063000e+01  1.620000e+00
   endloop
 endfacet
 facet normal  0.000000e+00  1.000000e+00  0.000000e+00
   outer loop
     vertex  1.385000e+02 -8.063000e+01  1.595000e+00
     vertex  1.385125e+02 -8.063000e+01  1.620000e+00
     vertex  1.389000e+02 -8.063000e+01  1.595000e+00
   endloop
 endfacet
 facet normal  0.000000e+00 -1.000000e+00  0.000000e+00
   outer loop
     vertex  1.385125e+02 -8.037000e+01  1.620000e+00
     vertex  1.385125e+02 -8.037000e+01  1.795000e+00
     vertex  1.385000e+02 -8.037000e+01  1.795000e+00
   endloop
 endfacet
 facet normal  0.000000e+00 -1.000000e+00  0.000000e+00
   outer loop
     vertex  1.385000e+02 -8.037000e+01  1.595000e+00
     vertex  1.385125e+02 -8.037000e+01  1.620000e+00
     vertex  1.385000e+02 -8.037000e+01  1.795000e+00
   endloop
 endfacet
 facet normal  0.000000e+00 -1.000000e+00  0.000000e+00
   outer loop
     vertex  1.389000e+02 -8.037000e+01  1.595000e+00
     vertex  1.389000e+02 -8.037000e+01  1.620000e+00
     vertex  1.385125e+02 -8.037000e+01  1.620000e+00
   endloop
 endfacet
 facet normal  0.000000e+00 -1.000000e+00  0.000000e+00
   outer loop
     vertex  1.389000e+02 -8.037000e+01  1.595000e+00
     vertex  1.385125e+02 -8.037000e+01  1.620000e+00
     vertex  1.385000e+02 -8.037000e+01  1.595000e+00
   endloop
 endfacet
 facet normal  1.000000e+00  0.000000e+00  0.000000e+00
   outer loop
     vertex  1.389000e+02 -8.013000e+01  1.595000e+00
     vertex  1.389000e+02 -8.037000e+01  1.620000e+00
     vertex  1.389000e+02 -8.037000e+01  1.595000e+00
   endloop
 endfacet
 facet normal  1.000000e+00  0.000000e+00 -0.000000e+00
   outer loop
     vertex  1.389000e+02 -8.013000e+01  1.595000e+00
     vertex  1.389000e+02 -8.013000e+01  1.620000e+00
     vertex  1.389000e+02 -8.037000e+01  1.620000e+00
   endloop
 endfacet
 facet normal -0.000000e+00  1.000000e+00  0.000000e+00
   outer loop
     vertex  1.385125e+02 -8.013000e+01  1.620000e+00
     vertex  1.389000e+02 -8.013000e+01  1.620000e+00
     vertex  1.389000e+02 -8.013000e+01  1.595000e+00
   endloop
 endfacet
 facet normal  0.000000e+00  1.000000e+00 -0.000000e+00
   outer loop
     vertex  1.385125e+02 -8.013000e+01  1.620000e+00
     vertex  1.385000e+02 -8.013000e+01  1.795000e+00
     vertex  1.385125e+02 -8.013000e+01  1.795000e+00
   endloop
 endfacet
 facet normal  0.000000e+00  1.000000e+00  0.000000e+00
   outer loop
     vertex  1.385000e+02 -8.013000e+01  1.595000e+00
     vertex  1.385000e+02 -8.013000e+01  1.795000e+00
     vertex  1.385125e+02 -8.013000e+01  1.620000e+00
   endloop
 endfacet
 facet normal  0.000000e+00  1.000000e+00  0.000000e+00
   outer loop
     vertex  1.385000e+02 -8.013000e+01  1.595000e+00
     vertex  1.385125e+02 -8.013000e+01  1.620000e+00
     vertex  1.389000e+02 -8.013000e+01  1.595000e+00
   endloop
 endfacet
 facet normal  0.000000e+00 -1.000000e+00  0.000000e+00
   outer loop
     vertex  1.385125e+02 -7.987000e+01  1.620000e+00
     vertex  1.385125e+02 -7.987000e+01  1.795000e+00
     vertex  1.385000e+02 -7.987000e+01  1.795000e+00
   endloop
 endfacet
 facet normal  0.000000e+00 -1.000000e+00  0.000000e+00
   outer loop
     vertex  1.385000e+02 -7.987000e+01  1.595000e+00
     vertex  1.385125e+02 -7.987000e+01  1.620000e+00
     vertex  1.385000e+02 -7.987000e+01  1.795000e+00
   endloop
 endfacet
 facet normal  0.000000e+00 -1.000000e+00  0.000000e+00
   outer loop
     vertex  1.389000e+02 -7.987000e+01  1.595000e+00
     vertex  1.389000e+02 -7.987000e+01  1.620000e+00
     vertex  1.385125e+02 -7.987000e+01  1.620000e+00
   endloop
 endfacet
 facet normal  0.000000e+00 -1.000000e+00  0.000000e+00
   outer loop
     vertex  1.389000e+02 -7.987000e+01  1.595000e+00
     vertex  1.385125e+02 -7.987000e+01  1.620000e+00
     vertex  1.385000e+02 -7.987000e+01  1.595000e+00
   endloop
 endfacet
 facet normal  1.000000e+00  0.000000e+00  0.000000e+00
   outer loop
     vertex  1.389000e+02 -7.963000e+01  1.595000e+00
     vertex  1.389000e+02 -7.987000e+01  1.620000e+00
     vertex  1.389000e+02 -7.987000e+01  1.595000e+00
   endloop
 endfacet
 facet normal  1.000000e+00  0.000000e+00 -0.000000e+00
   outer loop
     vertex  1.389000e+02 -7.963000e+01  1.595000e+00
     vertex  1.389000e+02 -7.963000e+01  1.620000e+00
     vertex  1.389000e+02 -7.987000e+01  1.620000e+00
   endloop
 endfacet
 facet normal -0.000000e+00  1.000000e+00  0.000000e+00
   outer loop
     vertex  1.385125e+02 -7.963000e+01  1.620000e+00
     vertex  1.389000e+02 -7.963000e+01  1.620000e+00
     vertex  1.389000e+02 -7.963000e+01  1.595000e+00
   endloop
 endfacet
 facet normal  0.000000e+00  1.000000e+00 -0.000000e+00
   outer loop
     vertex  1.385125e+02 -7.963000e+01  1.620000e+00
     vertex  1.385000e+02 -7.963000e+01  1.795000e+00
     vertex  1.385125e+02 -7.963000e+01  1.795000e+00
   endloop
 endfacet
 facet normal  0.000000e+00  1.000000e+00  0.000000e+00
   outer loop
     vertex  1.385000e+02 -7.963000e+01  1.595000e+00
     vertex  1.385000e+02 -7.963000e+01  1.795000e+00
     vertex  1.385125e+02 -7.963000e+01  1.620000e+00
   endloop
 endfacet
 facet normal  0.000000e+00  1.000000e+00  0.000000e+00
   outer loop
     vertex  1.385000e+02 -7.963000e+01  1.595000e+00
     vertex  1.385125e+02 -7.963000e+01  1.620000e+00
     vertex  1.389000e+02 -7.963000e+01  1.595000e+00
   endloop
 endfacet
 facet normal  0.000000e+00 -1.000000e+00  0.000000e+00
   outer loop
     vertex  1.385125e+02 -7.937000e+01  1.620000e+00
     vertex  1.385125e+02 -7.937000e+01  1.795000e+00
     vertex  1.385000e+02 -7.937000e+01  1.795000e+00
   endloop
 endfacet
 facet normal  0.000000e+00 -1.000000e+00  0.000000e+00
   outer loop
     vertex  1.385000e+02 -7.937000e+01  1.595000e+00
     vertex  1.385125e+02 -7.937000e+01  1.620000e+00
     vertex  1.385000e+02 -7.937000e+01  1.795000e+00
   endloop
 endfacet
 facet normal  0.000000e+00 -1.000000e+00  0.000000e+00
   outer loop
     vertex  1.389000e+02 -7.937000e+01  1.595000e+00
     vertex  1.389000e+02 -7.937000e+01  1.620000e+00
     vertex  1.385125e+02 -7.937000e+01  1.620000e+00
   endloop
 endfacet
 facet normal  0.000000e+00 -1.000000e+00  0.000000e+00
   outer loop
     vertex  1.389000e+02 -7.937000e+01  1.595000e+00
     vertex  1.385125e+02 -7.937000e+01  1.620000e+00
     vertex  1.385000e+02 -7.937000e+01  1.595000e+00
   endloop
 endfacet
 facet normal  1.000000e+00  0.000000e+00  0.000000e+00
   outer loop
     vertex  1.389000e+02 -7.913000e+01  1.595000e+00
     vertex  1.389000e+02 -7.937000e+01  1.620000e+00
     vertex  1.389000e+02 -7.937000e+01  1.595000e+00
   endloop
 endfacet
 facet normal  1.000000e+00  0.000000e+00 -0.000000e+00
   outer loop
     vertex  1.389000e+02 -7.913000e+01  1.595000e+00
     vertex  1.389000e+02 -7.913000e+01  1.620000e+00
     vertex  1.389000e+02 -7.937000e+01  1.620000e+00
   endloop
 endfacet
 facet normal -0.000000e+00  1.000000e+00  0.000000e+00
   outer loop
     vertex  1.385125e+02 -7.913000e+01  1.620000e+00
     vertex  1.389000e+02 -7.913000e+01  1.620000e+00
     vertex  1.389000e+02 -7.913000e+01  1.595000e+00
   endloop
 endfacet
 facet normal  0.000000e+00  1.000000e+00 -0.000000e+00
   outer loop
     vertex  1.385125e+02 -7.913000e+01  1.620000e+00
     vertex  1.385000e+02 -7.913000e+01  1.795000e+00
     vertex  1.385125e+02 -7.913000e+01  1.795000e+00
   endloop
 endfacet
 facet normal  0.000000e+00  1.000000e+00  0.000000e+00
   outer loop
     vertex  1.385000e+02 -7.913000e+01  1.595000e+00
     vertex  1.385000e+02 -7.913000e+01  1.795000e+00
     vertex  1.385125e+02 -7.913000e+01  1.620000e+00
   endloop
 endfacet
 facet normal  0.000000e+00  1.000000e+00  0.000000e+00
   outer loop
     vertex  1.385000e+02 -7.913000e+01  1.595000e+00
     vertex  1.385125e+02 -7.913000e+01  1.620000e+00
     vertex  1.389000e+02 -7.913000e+01  1.595000e+00
   endloop
 endfacet
 facet normal  0.000000e+00 -1.000000e+00  0.000000e+00
   outer loop
     vertex  1.408500e+02 -8.085000e+01  1.595000e+00
     vertex  1.391500e+02 -8.085000e+01  1.620000e+00
     vertex  1.391500e+02 -8.085000e+01  1.595000e+00
   endloop
 endfacet
 facet normal  0.000000e+00 -1.000000e+00  0.000000e+00
   outer loop
     vertex  1.408500e+02 -8.085000e+01  1.595000e+00
     vertex  1.408500e+02 -8.085000e+01  1.620000e+00
     vertex  1.391500e+02 -8.085000e+01  1.620000e+00
   endloop
 endfacet
 facet normal  1.000000e+00  0.000000e+00  0.000000e+00
   outer loop
     vertex  1.408500e+02 -7.915000e+01  1.595000e+00
     vertex  1.408500e+02 -8.085000e+01  1.620000e+00
     vertex  1.408500e+02 -8.085000e+01  1.595000e+00
   endloop
 endfacet
 facet normal  1.000000e+00  0.000000e+00 -0.000000e+00
   outer loop
     vertex  1.408500e+02 -7.915000e+01  1.595000e+00
     vertex  1.408500e+02 -7.915000e+01  1.620000e+00
     vertex  1.408500e+02 -8.085000e+01  1.620000e+00
   endloop
 endfacet
 facet normal  0.000000e+00  1.000000e+00  0.000000e+00
   outer loop
     vertex  1.393500e+02 -7.915000e+01  1.595000e+00
     vertex  1.408500e+02 -7.915000e+01  1.620000e+00
     vertex  1.408500e+02 -7.915000e+01  1.595000e+00
   endloop
 endfacet
 facet normal  0.000000e+00  1.000000e+00  0.000000e+00
   outer loop
     vertex  1.393500e+02 -7.915000e+01  1.595000e+00
     vertex  1.393500e+02 -7.915000e+01  1.620000e+00
     vertex  1.408500e+02 -7.915000e+01  1.620000e+00
   endloop
 endfacet
 facet normal -7.071068e-01  7.071068e-01 -4.710277e-16
   outer loop
     vertex  1.391500e+02 -7.935000e+01  1.595000e+00
     vertex  1.393500e+02 -7.915000e+01  1.620000e+00
     vertex  1.393500e+02 -7.915000e+01  1.595000e+00
   endloop
 endfacet
 facet normal -7.071068e-01  7.071068e-01  0.000000e+00
   outer loop
     vertex  1.391500e+02 -7.935000e+01  1.595000e+00
     vertex  1.391500e+02 -7.935000e+01  1.620000e+00
     vertex  1.393500e+02 -7.915000e+01  1.620000e+00
   endloop
 endfacet
 facet normal -1.000000e+00  0.000000e+00  0.000000e+00
   outer loop
     vertex  1.391500e+02 -8.085000e+01  1.595000e+00
     vertex  1.391500e+02 -7.935000e+01  1.620000e+00
     vertex  1.391500e+02 -7.935000e+01  1.595000e+00
   endloop
 endfacet
 facet normal -1.000000e+00  0.000000e+00  0.000000e+00
   outer loop
     vertex  1.391500e+02 -8.085000e+01  1.595000e+00
     vertex  1.391500e+02 -8.085000e+01  1.620000e+00
     vertex  1.391500e+02 -7.935000e+01  1.620000e+00
   endloop
 endfacet
 facet normal  0.000000e+00  0.000000e+00 -1.000000e+00
   outer loop
     vertex  1.406300e+02 -7.890000e+01  1.595000e+00
     vertex  1.408700e+02 -7.850000e+01  1.595000e+00
     vertex  1.408700e+02 -7.890000e+01  1.595000e+00
   endloop
 endfacet
 facet normal  0.000000e+00  0.000000e+00 -1.000000e+00
   outer loop
     vertex  1.406300e+02 -7.890000e+01  1.595000e+00
     vertex  1.406300e+02 -7.850000e+01  1.595000e+00
     vertex  1.408700e+02 -7.850000e+01  1.595000e+00
   endloop
 endfacet
 facet normal  0.000000e+00  1.000000e+00  0.000000e+00
   outer loop
     vertex  1.406300e+02 -7.850000e+01  1.595000e+00
     vertex  1.408700e+02 -7.850000e+01  1.795000e+00
     vertex  1.408700e+02 -7.850000e+01  1.595000e+00
   endloop
 endfacet
 facet normal  0.000000e+00  1.000000e+00  0.000000e+00
   outer loop
     vertex  1.406300e+02 -7.850000e+01  1.595000e+00
     vertex  1.406300e+02 -7.850000e+01  1.795000e+00
     vertex  1.408700e+02 -7.850000e+01  1.795000e+00
   endloop
 endfacet
 facet normal  0.000000e+00  0.000000e+00 -1.000000e+00
   outer loop
     vertex  1.401300e+02 -7.890000e+01  1.595000e+00
     vertex  1.403700e+02 -7.850000e+01  1.595000e+00
     vertex  1.403700e+02 -7.890000e+01  1.595000e+00
   endloop
 endfacet
 facet normal  0.000000e+00  0.000000e+00 -1.000000e+00
   outer loop
     vertex  1.401300e+02 -7.890000e+01  1.595000e+00
     vertex  1.401300e+02 -7.850000e+01  1.595000e+00
     vertex  1.403700e+02 -7.850000e+01  1.595000e+00
   endloop
 endfacet
 facet normal  0.000000e+00  1.000000e+00  0.000000e+00
   outer loop
     vertex  1.401300e+02 -7.850000e+01  1.595000e+00
     vertex  1.403700e+02 -7.850000e+01  1.795000e+00
     vertex  1.403700e+02 -7.850000e+01  1.595000e+00
   endloop
 endfacet
 facet normal  0.000000e+00  1.000000e+00  0.000000e+00
   outer loop
     vertex  1.401300e+02 -7.850000e+01  1.595000e+00
     vertex  1.401300e+02 -7.850000e+01  1.795000e+00
     vertex  1.403700e+02 -7.850000e+01  1.795000e+00
   endloop
 endfacet
 facet normal  0.000000e+00  0.000000e+00 -1.000000e+00
   outer loop
     vertex  1.396300e+02 -7.890000e+01  1.595000e+00
     vertex  1.398700e+02 -7.850000e+01  1.595000e+00
     vertex  1.398700e+02 -7.890000e+01  1.595000e+00
   endloop
 endfacet
 facet normal  0.000000e+00  0.000000e+00 -1.000000e+00
   outer loop
     vertex  1.396300e+02 -7.890000e+01  1.595000e+00
     vertex  1.396300e+02 -7.850000e+01  1.595000e+00
     vertex  1.398700e+02 -7.850000e+01  1.595000e+00
   endloop
 endfacet
 facet normal  0.000000e+00  1.000000e+00  0.000000e+00
   outer loop
     vertex  1.396300e+02 -7.850000e+01  1.595000e+00
     vertex  1.398700e+02 -7.850000e+01  1.795000e+00
     vertex  1.398700e+02 -7.850000e+01  1.595000e+00
   endloop
 endfacet
 facet normal  0.000000e+00  1.000000e+00  0.000000e+00
   outer loop
     vertex  1.396300e+02 -7.850000e+01  1.595000e+00
     vertex  1.396300e+02 -7.850000e+01  1.795000e+00
     vertex  1.398700e+02 -7.850000e+01  1.795000e+00
   endloop
 endfacet
 facet normal  0.000000e+00  0.000000e+00 -1.000000e+00
   outer loop
     vertex  1.391300e+02 -7.890000e+01  1.595000e+00
     vertex  1.393700e+02 -7.850000e+01  1.595000e+00
     vertex  1.393700e+02 -7.890000e+01  1.595000e+00
   endloop
 endfacet
 facet normal  0.000000e+00  0.000000e+00 -1.000000e+00
   outer loop
     vertex  1.391300e+02 -7.890000e+01  1.595000e+00
     vertex  1.391300e+02 -7.850000e+01  1.595000e+00
     vertex  1.393700e+02 -7.850000e+01  1.595000e+00
   endloop
 endfacet
 facet normal  0.000000e+00  1.000000e+00  0.000000e+00
   outer loop
     vertex  1.391300e+02 -7.850000e+01  1.595000e+00
     vertex  1.393700e+02 -7.850000e+01  1.795000e+00
     vertex  1.393700e+02 -7.850000e+01  1.595000e+00
   endloop
 endfacet
 facet normal  0.000000e+00  1.000000e+00  0.000000e+00
   outer loop
     vertex  1.391300e+02 -7.850000e+01  1.595000e+00
     vertex  1.391300e+02 -7.850000e+01  1.795000e+00
     vertex  1.393700e+02 -7.850000e+01  1.795000e+00
   endloop
 endfacet
 facet normal  0.000000e+00  0.000000e+00  1.000000e+00
   outer loop
     vertex  1.385125e+02 -7.937000e+01  1.795000e+00
     vertex  1.385000e+02 -7.913000e+01  1.795000e+00
     vertex  1.385000e+02 -7.937000e+01  1.795000e+00
   endloop
 endfacet
 facet normal  0.000000e+00 -0.000000e+00  1.000000e+00
   outer loop
     vertex  1.385125e+02 -7.937000e+01  1.795000e+00
     vertex  1.385125e+02 -7.913000e+01  1.795000e+00
     vertex  1.385000e+02 -7.913000e+01  1.795000e+00
   endloop
 endfacet
 facet normal  0.000000e+00  0.000000e+00  1.000000e+00
   outer loop
     vertex  1.385125e+02 -7.987000e+01  1.795000e+00
     vertex  1.385000e+02 -7.963000e+01  1.795000e+00
     vertex  1.385000e+02 -7.987000e+01  1.795000e+00
   endloop
 endfacet
 facet normal  0.000000e+00 -0.000000e+00  1.000000e+00
   outer loop
     vertex  1.385125e+02 -7.987000e+01  1.795000e+00
     vertex  1.385125e+02 -7.963000e+01  1.795000e+00
     vertex  1.385000e+02 -7.963000e+01  1.795000e+00
   endloop
 endfacet
 facet normal  0.000000e+00  0.000000e+00  1.000000e+00
   outer loop
     vertex  1.385125e+02 -8.037000e+01  1.795000e+00
     vertex  1.385000e+02 -8.013000e+01  1.795000e+00
     vertex  1.385000e+02 -8.037000e+01  1.795000e+00
   endloop
 endfacet
 facet normal  0.000000e+00 -0.000000e+00  1.000000e+00
   outer loop
     vertex  1.385125e+02 -8.037000e+01  1.795000e+00
     vertex  1.385125e+02 -8.013000e+01  1.795000e+00
     vertex  1.385000e+02 -8.013000e+01  1.795000e+00
   endloop
 endfacet
 facet normal  0.000000e+00  0.000000e+00  1.000000e+00
   outer loop
     vertex  1.385125e+02 -8.087000e+01  1.795000e+00
     vertex  1.385000e+02 -8.063000e+01  1.795000e+00
     vertex  1.385000e+02 -8.087000e+01  1.795000e+00
   endloop
 endfacet
 facet normal  0.000000e+00 -0.000000e+00  1.000000e+00
   outer loop
     vertex  1.385125e+02 -8.087000e+01  1.795000e+00
     vertex  1.385125e+02 -8.063000e+01  1.795000e+00
     vertex  1.385000e+02 -8.063000e+01  1.795000e+00
   endloop
 endfacet
 facet normal  0.000000e+00  0.000000e+00  1.000000e+00
   outer loop
     vertex  1.408700e+02 -8.148750e+01  1.795000e+00
     vertex  1.406300e+02 -8.150000e+01  1.795000e+00
     vertex  1.408700e+02 -8.150000e+01  1.795000e+00
   endloop
 endfacet
 facet normal  0.000000e+00  0.000000e+00  1.000000e+00
   outer loop
     vertex  1.408700e+02 -8.148750e+01  1.795000e+00
     vertex  1.406300e+02 -8.148750e+01  1.795000e+00
     vertex  1.406300e+02 -8.150000e+01  1.795000e+00
   endloop
 endfacet
 facet normal  0.000000e+00  0.000000e+00  1.000000e+00
   outer loop
     vertex  1.403700e+02 -8.148750e+01  1.795000e+00
     vertex  1.401300e+02 -8.150000e+01  1.795000e+00
     vertex  1.403700e+02 -8.150000e+01  1.795000e+00
   endloop
 endfacet
 facet normal  0.000000e+00  0.000000e+00  1.000000e+00
   outer loop
     vertex  1.403700e+02 -8.148750e+01  1.795000e+00
     vertex  1.401300e+02 -8.148750e+01  1.795000e+00
     vertex  1.401300e+02 -8.150000e+01  1.795000e+00
   endloop
 endfacet
 facet normal  0.000000e+00  0.000000e+00  1.000000e+00
   outer loop
     vertex  1.398700e+02 -8.148750e+01  1.795000e+00
     vertex  1.396300e+02 -8.150000e+01  1.795000e+00
     vertex  1.398700e+02 -8.150000e+01  1.795000e+00
   endloop
 endfacet
 facet normal  0.000000e+00  0.000000e+00  1.000000e+00
   outer loop
     vertex  1.398700e+02 -8.148750e+01  1.795000e+00
     vertex  1.396300e+02 -8.148750e+01  1.795000e+00
     vertex  1.396300e+02 -8.150000e+01  1.795000e+00
   endloop
 endfacet
 facet normal  0.000000e+00  0.000000e+00  1.000000e+00
   outer loop
     vertex  1.393700e+02 -8.148750e+01  1.795000e+00
     vertex  1.391300e+02 -8.150000e+01  1.795000e+00
     vertex  1.393700e+02 -8.150000e+01  1.795000e+00
   endloop
 endfacet
 facet normal  0.000000e+00  0.000000e+00  1.000000e+00
   outer loop
     vertex  1.393700e+02 -8.148750e+01  1.795000e+00
     vertex  1.391300e+02 -8.148750e+01  1.795000e+00
     vertex  1.391300e+02 -8.150000e+01  1.795000e+00
   endloop
 endfacet
 facet normal  0.000000e+00  0.000000e+00  1.000000e+00
   outer loop
     vertex  1.389293e+02 -7.907071e+01  2.380000e+00
     vertex  1.389741e+02 -7.909659e+01  2.380000e+00
     vertex  1.390000e+02 -7.910000e+01  2.380000e+00
   endloop
 endfacet
 facet normal  0.000000e+00  0.000000e+00  1.000000e+00
   outer loop
     vertex  1.389293e+02 -7.907071e+01  2.380000e+00
     vertex  1.389500e+02 -7.908660e+01  2.380000e+00
     vertex  1.389741e+02 -7.909659e+01  2.380000e+00
   endloop
 endfacet
 facet normal  0.000000e+00  0.000000e+00  1.000000e+00
   outer loop
     vertex  1.389293e+02 -7.907071e+01  2.380000e+00
     vertex  1.389034e+02 -7.902588e+01  2.380000e+00
     vertex  1.389134e+02 -7.905000e+01  2.380000e+00
   endloop
 endfacet
 facet normal  0.000000e+00  0.000000e+00  1.000000e+00
   outer loop
     vertex  1.389293e+02 -7.907071e+01  2.380000e+00
     vertex  1.389000e+02 -7.900000e+01  2.380000e+00
     vertex  1.389034e+02 -7.902588e+01  2.380000e+00
   endloop
 endfacet
 facet normal  0.000000e+00  0.000000e+00  1.000000e+00
   outer loop
     vertex  1.389293e+02 -7.907071e+01  2.380000e+00
     vertex  1.389034e+02 -7.897412e+01  2.380000e+00
     vertex  1.389000e+02 -7.900000e+01  2.380000e+00
   endloop
 endfacet
 facet normal  0.000000e+00  0.000000e+00  1.000000e+00
   outer loop
     vertex  1.389293e+02 -7.907071e+01  2.380000e+00
     vertex  1.389134e+02 -7.895000e+01  2.380000e+00
     vertex  1.389034e+02 -7.897412e+01  2.380000e+00
   endloop
 endfacet
 facet normal  0.000000e+00 -0.000000e+00  1.000000e+00
   outer loop
     vertex  1.389293e+02 -7.907071e+01  2.380000e+00
     vertex  1.389293e+02 -7.892929e+01  2.380000e+00
     vertex  1.389134e+02 -7.895000e+01  2.380000e+00
   endloop
 endfacet
 facet normal  0.000000e+00  0.000000e+00  1.000000e+00
   outer loop
     vertex  1.389293e+02 -7.907071e+01  2.380000e+00
     vertex  1.389500e+02 -7.891340e+01  2.380000e+00
     vertex  1.389293e+02 -7.892929e+01  2.380000e+00
   endloop
 endfacet
 facet normal  0.000000e+00  0.000000e+00  1.000000e+00
   outer loop
     vertex  1.389293e+02 -7.907071e+01  2.380000e+00
     vertex  1.389741e+02 -7.890341e+01  2.380000e+00
     vertex  1.389500e+02 -7.891340e+01  2.380000e+00
   endloop
 endfacet
 facet normal  0.000000e+00  0.000000e+00  1.000000e+00
   outer loop
     vertex  1.389293e+02 -7.907071e+01  2.380000e+00
     vertex  1.390000e+02 -7.890000e+01  2.380000e+00
     vertex  1.389741e+02 -7.890341e+01  2.380000e+00
   endloop
 endfacet
 facet normal  0.000000e+00  0.000000e+00  1.000000e+00
   outer loop
     vertex  1.389293e+02 -7.907071e+01  2.380000e+00
     vertex  1.390259e+02 -7.890341e+01  2.380000e+00
     vertex  1.390000e+02 -7.890000e+01  2.380000e+00
   endloop
 endfacet
 facet normal  0.000000e+00  0.000000e+00  1.000000e+00
   outer loop
     vertex  1.389293e+02 -7.907071e+01  2.380000e+00
     vertex  1.390500e+02 -7.891340e+01  2.380000e+00
     vertex  1.390259e+02 -7.890341e+01  2.380000e+00
   endloop
 endfacet
 facet normal  0.000000e+00  0.000000e+00  1.000000e+00
   outer loop
     vertex  1.389293e+02 -7.907071e+01  2.380000e+00
     vertex  1.390707e+02 -7.892929e+01  2.380000e+00
     vertex  1.390500e+02 -7.891340e+01  2.380000e+00
   endloop
 endfacet
 facet normal  0.000000e+00  0.000000e+00  1.000000e+00
   outer loop
     vertex  1.389293e+02 -7.907071e+01  2.380000e+00
     vertex  1.390866e+02 -7.895000e+01  2.380000e+00
     vertex  1.390707e+02 -7.892929e+01  2.380000e+00
   endloop
 endfacet
 facet normal  0.000000e+00  0.000000e+00  1.000000e+00
   outer loop
     vertex  1.389293e+02 -7.907071e+01  2.380000e+00
     vertex  1.390966e+02 -7.897412e+01  2.380000e+00
     vertex  1.390866e+02 -7.895000e+01  2.380000e+00
   endloop
 endfacet
 facet normal  0.000000e+00  0.000000e+00  1.000000e+00
   outer loop
     vertex  1.389293e+02 -7.907071e+01  2.380000e+00
     vertex  1.391000e+02 -7.900000e+01  2.380000e+00
     vertex  1.390966e+02 -7.897412e+01  2.380000e+00
   endloop
 endfacet
 facet normal  0.000000e+00  0.000000e+00  1.000000e+00
   outer loop
     vertex  1.389293e+02 -7.907071e+01  2.380000e+00
     vertex  1.390966e+02 -7.902588e+01  2.380000e+00
     vertex  1.391000e+02 -7.900000e+01  2.380000e+00
   endloop
 endfacet
 facet normal  0.000000e+00  0.000000e+00  1.000000e+00
   outer loop
     vertex  1.389293e+02 -7.907071e+01  2.380000e+00
     vertex  1.390866e+02 -7.905000e+01  2.380000e+00
     vertex  1.390966e+02 -7.902588e+01  2.380000e+00
   endloop
 endfacet
 facet normal  0.000000e+00  0.000000e+00  1.000000e+00
   outer loop
     vertex  1.389293e+02 -7.907071e+01  2.380000e+00
     vertex  1.390707e+02 -7.907071e+01  2.380000e+00
     vertex  1.390866e+02 -7.905000e+01  2.380000e+00
   endloop
 endfacet
 facet normal -0.000000e+00  0.000000e+00  1.000000e+00
   outer loop
     vertex  1.389293e+02 -7.907071e+01  2.380000e+00
     vertex  1.390500e+02 -7.908660e+01  2.380000e+00
     vertex  1.390707e+02 -7.907071e+01  2.380000e+00
   endloop
 endfacet
 facet normal  0.000000e+00  0.000000e+00  1.000000e+00
   outer loop
     vertex  1.389293e+02 -7.907071e+01  2.380000e+00
     vertex  1.390259e+02 -7.909659e+01  2.380000e+00
     vertex  1.390500e+02 -7.908660e+01  2.380000e+00
   endloop
 endfacet
 facet normal  0.000000e+00  0.000000e+00  1.000000e+00
   outer loop
     vertex  1.389293e+02 -7.907071e+01  2.380000e+00
     vertex  1.390000e+02 -7.910000e+01  2.380000e+00
     vertex  1.390259e+02 -7.909659e+01  2.380000e+00
   endloop
 endfacet
 facet normal  0.000000e+00  0.000000e+00 -1.000000e+00
   outer loop
     vertex  1.411000e+02 -7.913000e+01  1.595000e+00
     vertex  1.415000e+02 -7.937000e+01  1.595000e+00
     vertex  1.411000e+02 -7.937000e+01  1.595000e+00
   endloop
 endfacet
 facet normal  0.000000e+00  0.000000e+00 -1.000000e+00
   outer loop
     vertex  1.411000e+02 -7.913000e+01  1.595000e+00
     vertex  1.415000e+02 -7.913000e+01  1.595000e+00
     vertex  1.415000e+02 -7.937000e+01  1.595000e+00
   endloop
 endfacet
 facet normal  1.000000e+00  0.000000e+00  0.000000e+00
   outer loop
     vertex  1.415000e+02 -7.913000e+01  1.595000e+00
     vertex  1.415000e+02 -7.937000e+01  1.795000e+00
     vertex  1.415000e+02 -7.937000e+01  1.595000e+00
   endloop
 endfacet
 facet normal  1.000000e+00  0.000000e+00 -0.000000e+00
   outer loop
     vertex  1.415000e+02 -7.913000e+01  1.595000e+00
     vertex  1.415000e+02 -7.913000e+01  1.795000e+00
     vertex  1.415000e+02 -7.937000e+01  1.795000e+00
   endloop
 endfacet
 facet normal  0.000000e+00  0.000000e+00 -1.000000e+00
   outer loop
     vertex  1.411000e+02 -7.963000e+01  1.595000e+00
     vertex  1.415000e+02 -7.987000e+01  1.595000e+00
     vertex  1.411000e+02 -7.987000e+01  1.595000e+00
   endloop
 endfacet
 facet normal  0.000000e+00  0.000000e+00 -1.000000e+00
   outer loop
     vertex  1.411000e+02 -7.963000e+01  1.595000e+00
     vertex  1.415000e+02 -7.963000e+01  1.595000e+00
     vertex  1.415000e+02 -7.987000e+01  1.595000e+00
   endloop
 endfacet
 facet normal  1.000000e+00  0.000000e+00  0.000000e+00
   outer loop
     vertex  1.415000e+02 -7.963000e+01  1.595000e+00
     vertex  1.415000e+02 -7.987000e+01  1.795000e+00
     vertex  1.415000e+02 -7.987000e+01  1.595000e+00
   endloop
 endfacet
 facet normal  1.000000e+00  0.000000e+00 -0.000000e+00
   outer loop
     vertex  1.415000e+02 -7.963000e+01  1.595000e+00
     vertex  1.415000e+02 -7.963000e+01  1.795000e+00
     vertex  1.415000e+02 -7.987000e+01  1.795000e+00
   endloop
 endfacet
 facet normal  0.000000e+00  0.000000e+00 -1.000000e+00
   outer loop
     vertex  1.411000e+02 -8.013000e+01  1.595000e+00
     vertex  1.415000e+02 -8.037000e+01  1.595000e+00
     vertex  1.411000e+02 -8.037000e+01  1.595000e+00
   endloop
 endfacet
 facet normal  0.000000e+00  0.000000e+00 -1.000000e+00
   outer loop
     vertex  1.411000e+02 -8.013000e+01  1.595000e+00
     vertex  1.415000e+02 -8.013000e+01  1.595000e+00
     vertex  1.415000e+02 -8.037000e+01  1.595000e+00
   endloop
 endfacet
 facet normal  1.000000e+00  0.000000e+00  0.000000e+00
   outer loop
     vertex  1.415000e+02 -8.013000e+01  1.595000e+00
     vertex  1.415000e+02 -8.037000e+01  1.795000e+00
     vertex  1.415000e+02 -8.037000e+01  1.595000e+00
   endloop
 endfacet
 facet normal  1.000000e+00  0.000000e+00 -0.000000e+00
   outer loop
     vertex  1.415000e+02 -8.013000e+01  1.595000e+00
     vertex  1.415000e+02 -8.013000e+01  1.795000e+00
     vertex  1.415000e+02 -8.037000e+01  1.795000e+00
   endloop
 endfacet
 facet normal  0.000000e+00  0.000000e+00 -1.000000e+00
   outer loop
     vertex  1.411000e+02 -8.063000e+01  1.595000e+00
     vertex  1.415000e+02 -8.087000e+01  1.595000e+00
     vertex  1.411000e+02 -8.087000e+01  1.595000e+00
   endloop
 endfacet
 facet normal  0.000000e+00  0.000000e+00 -1.000000e+00
   outer loop
     vertex  1.411000e+02 -8.063000e+01  1.595000e+00
     vertex  1.415000e+02 -8.063000e+01  1.595000e+00
     vertex  1.415000e+02 -8.087000e+01  1.595000e+00
   endloop
 endfacet
 facet normal  1.000000e+00  0.000000e+00  0.000000e+00
   outer loop
     vertex  1.415000e+02 -8.063000e+01  1.595000e+00
     vertex  1.415000e+02 -8.087000e+01  1.795000e+00
     vertex  1.415000e+02 -8.087000e+01  1.595000e+00
   endloop
 endfacet
 facet normal  1.000000e+00  0.000000e+00 -0.000000e+00
   outer loop
     vertex  1.415000e+02 -8.063000e+01  1.595000e+00
     vertex  1.415000e+02 -8.063000e+01  1.795000e+00
     vertex  1.415000e+02 -8.087000e+01  1.795000e+00
   endloop
 endfacet
 facet normal -0.000000e+00  0.000000e+00 -1.000000e+00
   outer loop
     vertex  1.408700e+02 -8.110000e+01  1.595000e+00
     vertex  1.406300e+02 -8.150000e+01  1.595000e+00
     vertex  1.406300e+02 -8.110000e+01  1.595000e+00
   endloop
 endfacet
 facet normal  0.000000e+00 -0.000000e+00 -1.000000e+00
   outer loop
     vertex  1.408700e+02 -8.110000e+01  1.595000e+00
     vertex  1.408700e+02 -8.150000e+01  1.595000e+00
     vertex  1.406300e+02 -8.150000e+01  1.595000e+00
   endloop
 endfacet
 facet normal  0.000000e+00 -1.000000e+00  0.000000e+00
   outer loop
     vertex  1.408700e+02 -8.150000e+01  1.595000e+00
     vertex  1.406300e+02 -8.150000e+01  1.795000e+00
     vertex  1.406300e+02 -8.150000e+01  1.595000e+00
   endloop
 endfacet
 facet normal  0.000000e+00 -1.000000e+00  0.000000e+00
   outer loop
     vertex  1.408700e+02 -8.150000e+01  1.595000e+00
     vertex  1.408700e+02 -8.150000e+01  1.795000e+00
     vertex  1.406300e+02 -8.150000e+01  1.795000e+00
   endloop
 endfacet
 facet normal -0.000000e+00  0.000000e+00 -1.000000e+00
   outer loop
     vertex  1.403700e+02 -8.110000e+01  1.595000e+00
     vertex  1.401300e+02 -8.150000e+01  1.595000e+00
     vertex  1.401300e+02 -8.110000e+01  1.595000e+00
   endloop
 endfacet
 facet normal  0.000000e+00 -0.000000e+00 -1.000000e+00
   outer loop
     vertex  1.403700e+02 -8.110000e+01  1.595000e+00
     vertex  1.403700e+02 -8.150000e+01  1.595000e+00
     vertex  1.401300e+02 -8.150000e+01  1.595000e+00
   endloop
 endfacet
 facet normal  0.000000e+00 -1.000000e+00  0.000000e+00
   outer loop
     vertex  1.403700e+02 -8.150000e+01  1.595000e+00
     vertex  1.401300e+02 -8.150000e+01  1.795000e+00
     vertex  1.401300e+02 -8.150000e+01  1.595000e+00
   endloop
 endfacet
 facet normal  0.000000e+00 -1.000000e+00  0.000000e+00
   outer loop
     vertex  1.403700e+02 -8.150000e+01  1.595000e+00
     vertex  1.403700e+02 -8.150000e+01  1.795000e+00
     vertex  1.401300e+02 -8.150000e+01  1.795000e+00
   endloop
 endfacet
 facet normal -0.000000e+00  0.000000e+00 -1.000000e+00
   outer loop
     vertex  1.398700e+02 -8.110000e+01  1.595000e+00
     vertex  1.396300e+02 -8.150000e+01  1.595000e+00
     vertex  1.396300e+02 -8.110000e+01  1.595000e+00
   endloop
 endfacet
 facet normal  0.000000e+00 -0.000000e+00 -1.000000e+00
   outer loop
     vertex  1.398700e+02 -8.110000e+01  1.595000e+00
     vertex  1.398700e+02 -8.150000e+01  1.595000e+00
     vertex  1.396300e+02 -8.150000e+01  1.595000e+00
   endloop
 endfacet
 facet normal  0.000000e+00 -1.000000e+00  0.000000e+00
   outer loop
     vertex  1.398700e+02 -8.150000e+01  1.595000e+00
     vertex  1.396300e+02 -8.150000e+01  1.795000e+00
     vertex  1.396300e+02 -8.150000e+01  1.595000e+00
   endloop
 endfacet
 facet normal  0.000000e+00 -1.000000e+00  0.000000e+00
   outer loop
     vertex  1.398700e+02 -8.150000e+01  1.595000e+00
     vertex  1.398700e+02 -8.150000e+01  1.795000e+00
     vertex  1.396300e+02 -8.150000e+01  1.795000e+00
   endloop
 endfacet
 facet normal -0.000000e+00  0.000000e+00 -1.000000e+00
   outer loop
     vertex  1.393700e+02 -8.110000e+01  1.595000e+00
     vertex  1.391300e+02 -8.150000e+01  1.595000e+00
     vertex  1.391300e+02 -8.110000e+01  1.595000e+00
   endloop
 endfacet
 facet normal  0.000000e+00 -0.000000e+00 -1.000000e+00
   outer loop
     vertex  1.393700e+02 -8.110000e+01  1.595000e+00
     vertex  1.393700e+02 -8.150000e+01  1.595000e+00
     vertex  1.391300e+02 -8.150000e+01  1.595000e+00
   endloop
 endfacet
 facet normal  0.000000e+00 -1.000000e+00  0.000000e+00
   outer loop
     vertex  1.393700e+02 -8.150000e+01  1.595000e+00
     vertex  1.391300e+02 -8.150000e+01  1.795000e+00
     vertex  1.391300e+02 -8.150000e+01  1.595000e+00
   endloop
 endfacet
 facet normal  0.000000e+00 -1.000000e+00  0.000000e+00
   outer loop
     vertex  1.393700e+02 -8.150000e+01  1.595000e+00
     vertex  1.393700e+02 -8.150000e+01  1.795000e+00
     vertex  1.391300e+02 -8.150000e+01  1.795000e+00
   endloop
 endfacet
 facet normal  0.000000e+00  0.000000e+00 -1.000000e+00
   outer loop
     vertex  1.389000e+02 -8.087000e+01  1.595000e+00
     vertex  1.385000e+02 -8.063000e+01  1.595000e+00
     vertex  1.389000e+02 -8.063000e+01  1.595000e+00
   endloop
 endfacet
 facet normal  0.000000e+00  0.000000e+00 -1.000000e+00
   outer loop
     vertex  1.389000e+02 -8.087000e+01  1.595000e+00
     vertex  1.385000e+02 -8.087000e+01  1.595000e+00
     vertex  1.385000e+02 -8.063000e+01  1.595000e+00
   endloop
 endfacet
 facet normal -1.000000e+00  0.000000e+00  0.000000e+00
   outer loop
     vertex  1.385000e+02 -8.087000e+01  1.595000e+00
     vertex  1.385000e+02 -8.063000e+01  1.795000e+00
     vertex  1.385000e+02 -8.063000e+01  1.595000e+00
   endloop
 endfacet
 facet normal -1.000000e+00  0.000000e+00  0.000000e+00
   outer loop
     vertex  1.385000e+02 -8.087000e+01  1.595000e+00
     vertex  1.385000e+02 -8.087000e+01  1.795000e+00
     vertex  1.385000e+02 -8.063000e+01  1.795000e+00
   endloop
 endfacet
 facet normal  0.000000e+00  0.000000e+00 -1.000000e+00
   outer loop
     vertex  1.389000e+02 -8.037000e+01  1.595000e+00
     vertex  1.385000e+02 -8.013000e+01  1.595000e+00
     vertex  1.389000e+02 -8.013000e+01  1.595000e+00
   endloop
 endfacet
 facet normal  0.000000e+00  0.000000e+00 -1.000000e+00
   outer loop
     vertex  1.389000e+02 -8.037000e+01  1.595000e+00
     vertex  1.385000e+02 -8.037000e+01  1.595000e+00
     vertex  1.385000e+02 -8.013000e+01  1.595000e+00
   endloop
 endfacet
 facet normal -1.000000e+00  0.000000e+00  0.000000e+00
   outer loop
     vertex  1.385000e+02 -8.037000e+01  1.595000e+00
     vertex  1.385000e+02 -8.013000e+01  1.795000e+00
     vertex  1.385000e+02 -8.013000e+01  1.595000e+00
   endloop
 endfacet
 facet normal -1.000000e+00  0.000000e+00  0.000000e+00
   outer loop
     vertex  1.385000e+02 -8.037000e+01  1.595000e+00
     vertex  1.385000e+02 -8.037000e+01  1.795000e+00
     vertex  1.385000e+02 -8.013000e+01  1.795000e+00
   endloop
 endfacet
 facet normal  0.000000e+00  0.000000e+00 -1.000000e+00
   outer loop
     vertex  1.389000e+02 -7.987000e+01  1.595000e+00
     vertex  1.385000e+02 -7.963000e+01  1.595000e+00
     vertex  1.389000e+02 -7.963000e+01  1.595000e+00
   endloop
 endfacet
 facet normal  0.000000e+00  0.000000e+00 -1.000000e+00
   outer loop
     vertex  1.389000e+02 -7.987000e+01  1.595000e+00
     vertex  1.385000e+02 -7.987000e+01  1.595000e+00
     vertex  1.385000e+02 -7.963000e+01  1.595000e+00
   endloop
 endfacet
 facet normal -1.000000e+00  0.000000e+00  0.000000e+00
   outer loop
     vertex  1.385000e+02 -7.987000e+01  1.595000e+00
     vertex  1.385000e+02 -7.963000e+01  1.795000e+00
     vertex  1.385000e+02 -7.963000e+01  1.595000e+00
   endloop
 endfacet
 facet normal -1.000000e+00  0.000000e+00  0.000000e+00
   outer loop
     vertex  1.385000e+02 -7.987000e+01  1.595000e+00
     vertex  1.385000e+02 -7.987000e+01  1.795000e+00
     vertex  1.385000e+02 -7.963000e+01  1.795000e+00
   endloop
 endfacet
 facet normal  0.000000e+00  0.000000e+00 -1.000000e+00
   outer loop
     vertex  1.389000e+02 -7.937000e+01  1.595000e+00
     vertex  1.385000e+02 -7.913000e+01  1.595000e+00
     vertex  1.389000e+02 -7.913000e+01  1.595000e+00
   endloop
 endfacet
 facet normal  0.000000e+00  0.000000e+00 -1.000000e+00
   outer loop
     vertex  1.389000e+02 -7.937000e+01  1.595000e+00
     vertex  1.385000e+02 -7.937000e+01  1.595000e+00
     vertex  1.385000e+02 -7.913000e+01  1.595000e+00
   endloop
 endfacet
 facet normal -1.000000e+00  0.000000e+00  0.000000e+00
   outer loop
     vertex  1.385000e+02 -7.937000e+01  1.595000e+00
     vertex  1.385000e+02 -7.913000e+01  1.795000e+00
     vertex  1.385000e+02 -7.913000e+01  1.595000e+00
   endloop
 endfacet
 facet normal -1.000000e+00  0.000000e+00  0.000000e+00
   outer loop
     vertex  1.385000e+02 -7.937000e+01  1.595000e+00
     vertex  1.385000e+02 -7.937000e+01  1.795000e+00
     vertex  1.385000e+02 -7.913000e+01  1.795000e+00
   endloop
 endfacet
 facet normal  0.000000e+00  0.000000e+00 -1.000000e+00
   outer loop
     vertex  1.408500e+02 -8.085000e+01  1.595000e+00
     vertex  1.391500e+02 -8.085000e+01  1.595000e+00
     vertex  1.391500e+02 -7.935000e+01  1.595000e+00
   endloop
 endfacet
 facet normal  0.000000e+00  0.000000e+00 -1.000000e+00
   outer loop
     vertex  1.408500e+02 -8.085000e+01  1.595000e+00
     vertex  1.393500e+02 -7.915000e+01  1.595000e+00
     vertex  1.408500e+02 -7.915000e+01  1.595000e+00
   endloop
 endfacet
 facet normal  0.000000e+00  0.000000e+00 -1.000000e+00
   outer loop
     vertex  1.408500e+02 -8.085000e+01  1.595000e+00
     vertex  1.391500e+02 -7.935000e+01  1.595000e+00
     vertex  1.393500e+02 -7.915000e+01  1.595000e+00
   endloop
 endfacet
 facet normal  0.000000e+00 -1.000000e+00  0.000000e+00
   outer loop
     vertex  1.000000e+02 -1.155000e+02  1.510000e+00
     vertex  1.800000e+02 -1.155000e+02  0.000000e+00
     vertex  1.800000e+02 -1.155000e+02  1.510000e+00
   endloop
 endfacet
 facet normal  0.000000e+00 -1.000000e+00  0.000000e+00
   outer loop
     vertex  1.000000e+02 -1.155000e+02  0.000000e+00
     vertex  1.800000e+02 -1.155000e+02  0.000000e+00
     vertex  1.000000e+02 -1.155000e+02  1.510000e+00
   endloop
 endfacet
 facet normal  1.000000e+00  0.000000e+00  0.000000e+00
   outer loop
     vertex  1.800000e+02 -1.155000e+02  0.000000e+00
     vertex  1.800000e+02 -5.000000e+01  0.000000e+00
     vertex  1.800000e+02 -5.000000e+01  1.510000e+00
   endloop
 endfacet
 facet normal  1.000000e+00  0.000000e+00  0.000000e+00
   outer loop
     vertex  1.800000e+02 -1.155000e+02  0.000000e+00
     vertex  1.800000e+02 -5.000000e+01  1.510000e+00
     vertex  1.800000e+02 -1.155000e+02  1.510000e+00
   endloop
 endfacet
 facet normal -1.000000e+00  0.000000e+00  0.000000e+00
   outer loop
     vertex  1.000000e+02 -5.000000e+01  0.000000e+00
     vertex  1.000000e+02 -1.155000e+02  0.000000e+00
     vertex  1.000000e+02 -1.155000e+02  1.510000e+00
   endloop
 endfacet
 facet normal -1.000000e+00  0.000000e+00  0.000000e+00
   outer loop
     vertex  1.000000e+02 -5.000000e+01  0.000000e+00
     vertex  1.000000e+02 -1.155000e+02  1.510000e+00
     vertex  1.000000e+02 -5.000000e+01  1.510000e+00
   endloop
 endfacet
 facet normal -0.000000e+00  0.000000e+00 -1.000000e+00
   outer loop
     vertex  1.055900e+02 -1.114330e+02  0.000000e+00
     vertex  1.000000e+02 -1.155000e+02  0.000000e+00
     vertex  1.054864e+02 -1.113536e+02  0.000000e+00
   endloop
 endfacet
 facet normal  0.000000e+00 -0.000000e+00 -1.000000e+00
   outer loop
     vertex  1.054070e+02 -1.112500e+02  0.000000e+00
     vertex  1.054864e+02 -1.113536e+02  0.000000e+00
     vertex  1.000000e+02 -1.155000e+02  0.000000e+00
   endloop
 endfacet
 facet normal -0.000000e+00  0.000000e+00 -1.000000e+00
   outer loop
     vertex  1.057106e+02 -1.114830e+02  0.000000e+00
     vertex  1.000000e+02 -1.155000e+02  0.000000e+00
     vertex  1.055900e+02 -1.114330e+02  0.000000e+00
   endloop
 endfacet
 facet normal  0.000000e+00 -0.000000e+00 -1.000000e+00
   outer loop
     vertex  1.053570e+02 -1.111294e+02  0.000000e+00
     vertex  1.054070e+02 -1.112500e+02  0.000000e+00
     vertex  1.000000e+02 -1.155000e+02  0.000000e+00
   endloop
 endfacet
 facet normal -0.000000e+00  0.000000e+00 -1.000000e+00
   outer loop
     vertex  1.058400e+02 -1.115000e+02  0.000000e+00
     vertex  1.000000e+02 -1.155000e+02  0.000000e+00
     vertex  1.057106e+02 -1.114830e+02  0.000000e+00
   endloop
 endfacet
 facet normal  0.000000e+00 -0.000000e+00 -1.000000e+00
   outer loop
     vertex  1.053400e+02 -1.110000e+02  0.000000e+00
     vertex  1.053570e+02 -1.111294e+02  0.000000e+00
     vertex  1.000000e+02 -1.155000e+02  0.000000e+00
   endloop
 endfacet
 facet normal  0.000000e+00  0.000000e+00 -1.000000e+00
   outer loop
     vertex  1.059694e+02 -1.114830e+02  0.000000e+00
     vertex  1.000000e+02 -1.155000e+02  0.000000e+00
     vertex  1.058400e+02 -1.115000e+02  0.000000e+00
   endloop
 endfacet
 facet normal  0.000000e+00  0.000000e+00 -1.000000e+00
   outer loop
     vertex  1.053570e+02 -1.108706e+02  0.000000e+00
     vertex  1.053400e+02 -1.110000e+02  0.000000e+00
     vertex  1.000000e+02 -1.155000e+02  0.000000e+00
   endloop
 endfacet
 facet normal  0.000000e+00  0.000000e+00 -1.000000e+00
   outer loop
     vertex  1.054070e+02 -1.107500e+02  0.000000e+00
     vertex  1.053570e+02 -1.108706e+02  0.000000e+00
     vertex  1.000000e+02 -1.155000e+02  0.000000e+00
   endloop
 endfacet
 facet normal  0.000000e+00  0.000000e+00 -1.000000e+00
   outer loop
     vertex  1.054864e+02 -1.106464e+02  0.000000e+00
     vertex  1.054070e+02 -1.107500e+02  0.000000e+00
     vertex  1.000000e+02 -1.155000e+02  0.000000e+00
   endloop
 endfacet
 facet normal -0.000000e+00  0.000000e+00 -1.000000e+00
   outer loop
     vertex  1.080264e+02 -1.113536e+02  0.000000e+00
     vertex  1.060900e+02 -1.114330e+02  0.000000e+00
     vertex  1.061936e+02 -1.113536e+02  0.000000e+00
   endloop
 endfacet
 facet normal  0.000000e+00  0.000000e+00 -1.000000e+00
   outer loop
     vertex  1.081300e+02 -1.114330e+02  0.000000e+00
     vertex  1.060900e+02 -1.114330e+02  0.000000e+00
     vertex  1.080264e+02 -1.113536e+02  0.000000e+00
   endloop
 endfacet
 facet normal -0.000000e+00  0.000000e+00 -1.000000e+00
   outer loop
     vertex  1.079470e+02 -1.112500e+02  0.000000e+00
     vertex  1.061936e+02 -1.113536e+02  0.000000e+00
     vertex  1.062730e+02 -1.112500e+02  0.000000e+00
   endloop
 endfacet
 facet normal  0.000000e+00 -0.000000e+00 -1.000000e+00
   outer loop
     vertex  1.079470e+02 -1.112500e+02  0.000000e+00
     vertex  1.080264e+02 -1.113536e+02  0.000000e+00
     vertex  1.061936e+02 -1.113536e+02  0.000000e+00
   endloop
 endfacet
 facet normal  0.000000e+00  0.000000e+00 -1.000000e+00
   outer loop
     vertex  1.082506e+02 -1.114830e+02  0.000000e+00
     vertex  1.059694e+02 -1.114830e+02  0.000000e+00
     vertex  1.060900e+02 -1.114330e+02  0.000000e+00
   endloop
 endfacet
 facet normal -0.000000e+00  0.000000e+00 -1.000000e+00
   outer loop
     vertex  1.082506e+02 -1.114830e+02  0.000000e+00
     vertex  1.000000e+02 -1.155000e+02  0.000000e+00
     vertex  1.059694e+02 -1.114830e+02  0.000000e+00
   endloop
 endfacet
 facet normal  0.000000e+00  0.000000e+00 -1.000000e+00
   outer loop
     vertex  1.082506e+02 -1.114830e+02  0.000000e+00
     vertex  1.060900e+02 -1.114330e+02  0.000000e+00
     vertex  1.081300e+02 -1.114330e+02  0.000000e+00
   endloop
 endfacet
 facet normal -0.000000e+00  0.000000e+00 -1.000000e+00
   outer loop
     vertex  1.078970e+02 -1.111294e+02  0.000000e+00
     vertex  1.062730e+02 -1.112500e+02  0.000000e+00
     vertex  1.063230e+02 -1.111294e+02  0.000000e+00
   endloop
 endfacet
 facet normal  0.000000e+00 -0.000000e+00 -1.000000e+00
   outer loop
     vertex  1.078970e+02 -1.111294e+02  0.000000e+00
     vertex  1.079470e+02 -1.112500e+02  0.000000e+00
     vertex  1.062730e+02 -1.112500e+02  0.000000e+00
   endloop
 endfacet
 facet normal -0.000000e+00  0.000000e+00 -1.000000e+00
   outer loop
     vertex  1.083800e+02 -1.115000e+02  0.000000e+00
     vertex  1.000000e+02 -1.155000e+02  0.000000e+00
     vertex  1.082506e+02 -1.114830e+02  0.000000e+00
   endloop
 endfacet
 facet normal -0.000000e+00  0.000000e+00 -1.000000e+00
   outer loop
     vertex  1.078800e+02 -1.110000e+02  0.000000e+00
     vertex  1.063230e+02 -1.111294e+02  0.000000e+00
     vertex  1.063400e+02 -1.110000e+02  0.000000e+00
   endloop
 endfacet
 facet normal  0.000000e+00 -0.000000e+00 -1.000000e+00
   outer loop
     vertex  1.078800e+02 -1.110000e+02  0.000000e+00
     vertex  1.078970e+02 -1.111294e+02  0.000000e+00
     vertex  1.063230e+02 -1.111294e+02  0.000000e+00
   endloop
 endfacet
 facet normal  0.000000e+00  0.000000e+00 -1.000000e+00
   outer loop
     vertex  1.078970e+02 -1.108706e+02  0.000000e+00
     vertex  1.063230e+02 -1.108706e+02  0.000000e+00
     vertex  1.062730e+02 -1.107500e+02  0.000000e+00
   endloop
 endfacet
 facet normal -0.000000e+00  0.000000e+00 -1.000000e+00
   outer loop
     vertex  1.078970e+02 -1.108706e+02  0.000000e+00
     vertex  1.063400e+02 -1.110000e+02  0.000000e+00
     vertex  1.063230e+02 -1.108706e+02  0.000000e+00
   endloop
 endfacet
 facet normal  0.000000e+00  0.000000e+00 -1.000000e+00
   outer loop
     vertex  1.078970e+02 -1.108706e+02  0.000000e+00
     vertex  1.078800e+02 -1.110000e+02  0.000000e+00
     vertex  1.063400e+02 -1.110000e+02  0.000000e+00
   endloop
 endfacet
 facet normal -0.000000e+00  0.000000e+00 -1.000000e+00
   outer loop
     vertex  1.079470e+02 -1.107500e+02  0.000000e+00
     vertex  1.078970e+02 -1.108706e+02  0.000000e+00
     vertex  1.062730e+02 -1.107500e+02  0.000000e+00
   endloop
 endfacet
 facet normal  0.000000e+00  0.000000e+00 -1.000000e+00
   outer loop
     vertex  1.080264e+02 -1.106464e+02  0.000000e+00
     vertex  1.079470e+02 -1.107500e+02  0.000000e+00
     vertex  1.062730e+02 -1.107500e+02  0.000000e+00
   endloop
 endfacet
 facet normal -0.000000e+00  0.000000e+00 -1.000000e+00
   outer loop
     vertex  1.080264e+02 -1.106464e+02  0.000000e+00
     vertex  1.062730e+02 -1.107500e+02  0.000000e+00
     vertex  1.061936e+02 -1.106464e+02  0.000000e+00
   endloop
 endfacet
 facet normal  0.000000e+00  0.000000e+00 -1.000000e+00
   outer loop
     vertex  1.081300e+02 -1.105670e+02  0.000000e+00
     vertex  1.060900e+02 -1.105670e+02  0.000000e+00
     vertex  1.059694e+02 -1.105170e+02  0.000000e+00
   endloop
 endfacet
 facet normal -0.000000e+00  0.000000e+00 -1.000000e+00
   outer loop
     vertex  1.081300e+02 -1.105670e+02  0.000000e+00
     vertex  1.061936e+02 -1.106464e+02  0.000000e+00
     vertex  1.060900e+02 -1.105670e+02  0.000000e+00
   endloop
 endfacet
 facet normal  0.000000e+00  0.000000e+00 -1.000000e+00
   outer loop
     vertex  1.081300e+02 -1.105670e+02  0.000000e+00
     vertex  1.080264e+02 -1.106464e+02  0.000000e+00
     vertex  1.061936e+02 -1.106464e+02  0.000000e+00
   endloop
 endfacet
 facet normal -0.000000e+00  0.000000e+00 -1.000000e+00
   outer loop
     vertex  1.082506e+02 -1.105170e+02  0.000000e+00
     vertex  1.081300e+02 -1.105670e+02  0.000000e+00
     vertex  1.059694e+02 -1.105170e+02  0.000000e+00
   endloop
 endfacet
 facet normal -0.000000e+00  0.000000e+00 -1.000000e+00
   outer loop
     vertex  1.083800e+02 -1.105000e+02  0.000000e+00
     vertex  1.059694e+02 -1.105170e+02  0.000000e+00
     vertex  1.058400e+02 -1.105000e+02  0.000000e+00
   endloop
 endfacet
 facet normal  0.000000e+00  0.000000e+00 -1.000000e+00
   outer loop
     vertex  1.083800e+02 -1.105000e+02  0.000000e+00
     vertex  1.082506e+02 -1.105170e+02  0.000000e+00
     vertex  1.059694e+02 -1.105170e+02  0.000000e+00
   endloop
 endfacet
 facet normal -0.000000e+00  0.000000e+00 -1.000000e+00
   outer loop
     vertex  1.105664e+02 -1.113536e+02  0.000000e+00
     vertex  1.086300e+02 -1.114330e+02  0.000000e+00
     vertex  1.087336e+02 -1.113536e+02  0.000000e+00
   endloop
 endfacet
 facet normal  0.000000e+00 -0.000000e+00 -1.000000e+00
   outer loop
     vertex  1.104870e+02 -1.112500e+02  0.000000e+00
     vertex  1.105664e+02 -1.113536e+02  0.000000e+00
     vertex  1.087336e+02 -1.113536e+02  0.000000e+00
   endloop
 endfacet
 facet normal -0.000000e+00  0.000000e+00 -1.000000e+00
   outer loop
     vertex  1.104870e+02 -1.112500e+02  0.000000e+00
     vertex  1.087336e+02 -1.113536e+02  0.000000e+00
     vertex  1.088130e+02 -1.112500e+02  0.000000e+00
   endloop
 endfacet
 facet normal  0.000000e+00  0.000000e+00 -1.000000e+00
   outer loop
     vertex  1.106700e+02 -1.114330e+02  0.000000e+00
     vertex  1.086300e+02 -1.114330e+02  0.000000e+00
     vertex  1.105664e+02 -1.113536e+02  0.000000e+00
   endloop
 endfacet
 facet normal  0.000000e+00 -0.000000e+00 -1.000000e+00
   outer loop
     vertex  1.104370e+02 -1.111294e+02  0.000000e+00
     vertex  1.104870e+02 -1.112500e+02  0.000000e+00
     vertex  1.088130e+02 -1.112500e+02  0.000000e+00
   endloop
 endfacet
 facet normal -0.000000e+00  0.000000e+00 -1.000000e+00
   outer loop
     vertex  1.104370e+02 -1.111294e+02  0.000000e+00
     vertex  1.088130e+02 -1.112500e+02  0.000000e+00
     vertex  1.088630e+02 -1.111294e+02  0.000000e+00
   endloop
 endfacet
 facet normal  0.000000e+00  0.000000e+00 -1.000000e+00
   outer loop
     vertex  1.107906e+02 -1.114830e+02  0.000000e+00
     vertex  1.086300e+02 -1.114330e+02  0.000000e+00
     vertex  1.106700e+02 -1.114330e+02  0.000000e+00
   endloop
 endfacet
 facet normal  0.000000e+00  0.000000e+00 -1.000000e+00
   outer loop
     vertex  1.107906e+02 -1.114830e+02  0.000000e+00
     vertex  1.085094e+02 -1.114830e+02  0.000000e+00
     vertex  1.086300e+02 -1.114330e+02  0.000000e+00
   endloop
 endfacet
 facet normal -0.000000e+00  0.000000e+00 -1.000000e+00
   outer loop
     vertex  1.109200e+02 -1.115000e+02  0.000000e+00
     vertex  1.000000e+02 -1.155000e+02  0.000000e+00
     vertex  1.083800e+02 -1.115000e+02  0.000000e+00
   endloop
 endfacet
 facet normal  0.000000e+00  0.000000e+00 -1.000000e+00
   outer loop
     vertex  1.109200e+02 -1.115000e+02  0.000000e+00
     vertex  1.083800e+02 -1.115000e+02  0.000000e+00
     vertex  1.085094e+02 -1.114830e+02  0.000000e+00
   endloop
 endfacet
 facet normal  0.000000e+00  0.000000e+00 -1.000000e+00
   outer loop
     vertex  1.109200e+02 -1.115000e+02  0.000000e+00
     vertex  1.085094e+02 -1.114830e+02  0.000000e+00
     vertex  1.107906e+02 -1.114830e+02  0.000000e+00
   endloop
 endfacet
 facet normal  0.000000e+00 -0.000000e+00 -1.000000e+00
   outer loop
     vertex  1.104200e+02 -1.110000e+02  0.000000e+00
     vertex  1.104370e+02 -1.111294e+02  0.000000e+00
     vertex  1.088630e+02 -1.111294e+02  0.000000e+00
   endloop
 endfacet
 facet normal -0.000000e+00  0.000000e+00 -1.000000e+00
   outer loop
     vertex  1.104200e+02 -1.110000e+02  0.000000e+00
     vertex  1.088630e+02 -1.111294e+02  0.000000e+00
     vertex  1.088800e+02 -1.110000e+02  0.000000e+00
   endloop
 endfacet
 facet normal  0.000000e+00  0.000000e+00 -1.000000e+00
   outer loop
     vertex  1.104370e+02 -1.108706e+02  0.000000e+00
     vertex  1.104200e+02 -1.110000e+02  0.000000e+00
     vertex  1.088800e+02 -1.110000e+02  0.000000e+00
   endloop
 endfacet
 facet normal -0.000000e+00  0.000000e+00 -1.000000e+00
   outer loop
     vertex  1.104370e+02 -1.108706e+02  0.000000e+00
     vertex  1.088800e+02 -1.110000e+02  0.000000e+00
     vertex  1.088630e+02 -1.108706e+02  0.000000e+00
   endloop
 endfacet
 facet normal  0.000000e+00  0.000000e+00 -1.000000e+00
   outer loop
     vertex  1.104870e+02 -1.107500e+02  0.000000e+00
     vertex  1.104370e+02 -1.108706e+02  0.000000e+00
     vertex  1.088630e+02 -1.108706e+02  0.000000e+00
   endloop
 endfacet
 facet normal -0.000000e+00  0.000000e+00 -1.000000e+00
   outer loop
     vertex  1.104870e+02 -1.107500e+02  0.000000e+00
     vertex  1.088630e+02 -1.108706e+02  0.000000e+00
     vertex  1.088130e+02 -1.107500e+02  0.000000e+00
   endloop
 endfacet
 facet normal -0.000000e+00  0.000000e+00 -1.000000e+00
   outer loop
     vertex  1.105664e+02 -1.106464e+02  0.000000e+00
     vertex  1.088130e+02 -1.107500e+02  0.000000e+00
     vertex  1.087336e+02 -1.106464e+02  0.000000e+00
   endloop
 endfacet
 facet normal  0.000000e+00  0.000000e+00 -1.000000e+00
   outer loop
     vertex  1.105664e+02 -1.106464e+02  0.000000e+00
     vertex  1.104870e+02 -1.107500e+02  0.000000e+00
     vertex  1.088130e+02 -1.107500e+02  0.000000e+00
   endloop
 endfacet
 facet normal -0.000000e+00  0.000000e+00 -1.000000e+00
   outer loop
     vertex  1.106700e+02 -1.105670e+02  0.000000e+00
     vertex  1.087336e+02 -1.106464e+02  0.000000e+00
     vertex  1.086300e+02 -1.105670e+02  0.000000e+00
   endloop
 endfacet
 facet normal  0.000000e+00  0.000000e+00 -1.000000e+00
   outer loop
     vertex  1.106700e+02 -1.105670e+02  0.000000e+00
     vertex  1.105664e+02 -1.106464e+02  0.000000e+00
     vertex  1.087336e+02 -1.106464e+02  0.000000e+00
   endloop
 endfacet
 facet normal  0.000000e+00  0.000000e+00 -1.000000e+00
   outer loop
     vertex  1.107906e+02 -1.105170e+02  0.000000e+00
     vertex  1.085094e+02 -1.105170e+02  0.000000e+00
     vertex  1.083800e+02 -1.105000e+02  0.000000e+00
   endloop
 endfacet
 facet normal -0.000000e+00  0.000000e+00 -1.000000e+00
   outer loop
     vertex  1.107906e+02 -1.105170e+02  0.000000e+00
     vertex  1.086300e+02 -1.105670e+02  0.000000e+00
     vertex  1.085094e+02 -1.105170e+02  0.000000e+00
   endloop
 endfacet
 facet normal  0.000000e+00  0.000000e+00 -1.000000e+00
   outer loop
     vertex  1.107906e+02 -1.105170e+02  0.000000e+00
     vertex  1.106700e+02 -1.105670e+02  0.000000e+00
     vertex  1.086300e+02 -1.105670e+02  0.000000e+00
   endloop
 endfacet
 facet normal -0.000000e+00  0.000000e+00 -1.000000e+00
   outer loop
     vertex  1.109200e+02 -1.105000e+02  0.000000e+00
     vertex  1.107906e+02 -1.105170e+02  0.000000e+00
     vertex  1.083800e+02 -1.105000e+02  0.000000e+00
   endloop
 endfacet
 facet normal  0.000000e+00  0.000000e+00 -1.000000e+00
   outer loop
     vertex  1.131064e+02 -1.113536e+02  0.000000e+00
     vertex  1.112736e+02 -1.113536e+02  0.000000e+00
     vertex  1.113530e+02 -1.112500e+02  0.000000e+00
   endloop
 endfacet
 facet normal -0.000000e+00  0.000000e+00 -1.000000e+00
   outer loop
     vertex  1.131064e+02 -1.113536e+02  0.000000e+00
     vertex  1.111700e+02 -1.114330e+02  0.000000e+00
     vertex  1.112736e+02 -1.113536e+02  0.000000e+00
   endloop
 endfacet
 facet normal -0.000000e+00 -0.000000e+00 -1.000000e+00
   outer loop
     vertex  1.130270e+02 -1.112500e+02  0.000000e+00
     vertex  1.131064e+02 -1.113536e+02  0.000000e+00
     vertex  1.113530e+02 -1.112500e+02  0.000000e+00
   endloop
 endfacet
 facet normal -0.000000e+00  0.000000e+00 -1.000000e+00
   outer loop
     vertex  1.132100e+02 -1.114330e+02  0.000000e+00
     vertex  1.110494e+02 -1.114830e+02  0.000000e+00
     vertex  1.111700e+02 -1.114330e+02  0.000000e+00
   endloop
 endfacet
 facet normal  0.000000e+00  0.000000e+00 -1.000000e+00
   outer loop
     vertex  1.132100e+02 -1.114330e+02  0.000000e+00
     vertex  1.111700e+02 -1.114330e+02  0.000000e+00
     vertex  1.131064e+02 -1.113536e+02  0.000000e+00
   endloop
 endfacet
 facet normal -0.000000e+00  0.000000e+00 -1.000000e+00
   outer loop
     vertex  1.129770e+02 -1.111294e+02  0.000000e+00
     vertex  1.113530e+02 -1.112500e+02  0.000000e+00
     vertex  1.114030e+02 -1.111294e+02  0.000000e+00
   endloop
 endfacet
 facet normal  0.000000e+00 -0.000000e+00 -1.000000e+00
   outer loop
     vertex  1.129770e+02 -1.111294e+02  0.000000e+00
     vertex  1.130270e+02 -1.112500e+02  0.000000e+00
     vertex  1.113530e+02 -1.112500e+02  0.000000e+00
   endloop
 endfacet
 facet normal  0.000000e+00  0.000000e+00 -1.000000e+00
   outer loop
     vertex  1.133306e+02 -1.114830e+02  0.000000e+00
     vertex  1.110494e+02 -1.114830e+02  0.000000e+00
     vertex  1.132100e+02 -1.114330e+02  0.000000e+00
   endloop
 endfacet
 facet normal -0.000000e+00  0.000000e+00 -1.000000e+00
   outer loop
     vertex  1.134600e+02 -1.115000e+02  0.000000e+00
     vertex  1.000000e+02 -1.155000e+02  0.000000e+00
     vertex  1.109200e+02 -1.115000e+02  0.000000e+00
   endloop
 endfacet
 facet normal  0.000000e+00  0.000000e+00 -1.000000e+00
   outer loop
     vertex  1.134600e+02 -1.115000e+02  0.000000e+00
     vertex  1.109200e+02 -1.115000e+02  0.000000e+00
     vertex  1.110494e+02 -1.114830e+02  0.000000e+00
   endloop
 endfacet
 facet normal  0.000000e+00  0.000000e+00 -1.000000e+00
   outer loop
     vertex  1.134600e+02 -1.115000e+02  0.000000e+00
     vertex  1.110494e+02 -1.114830e+02  0.000000e+00
     vertex  1.133306e+02 -1.114830e+02  0.000000e+00
   endloop
 endfacet
 facet normal  0.000000e+00 -0.000000e+00 -1.000000e+00
   outer loop
     vertex  1.129600e+02 -1.110000e+02  0.000000e+00
     vertex  1.129770e+02 -1.111294e+02  0.000000e+00
     vertex  1.114030e+02 -1.111294e+02  0.000000e+00
   endloop
 endfacet
 facet normal -0.000000e+00  0.000000e+00 -1.000000e+00
   outer loop
     vertex  1.129600e+02 -1.110000e+02  0.000000e+00
     vertex  1.114030e+02 -1.111294e+02  0.000000e+00
     vertex  1.114200e+02 -1.110000e+02  0.000000e+00
   endloop
 endfacet
 facet normal  0.000000e+00  0.000000e+00 -1.000000e+00
   outer loop
     vertex  1.129770e+02 -1.108706e+02  0.000000e+00
     vertex  1.129600e+02 -1.110000e+02  0.000000e+00
     vertex  1.114200e+02 -1.110000e+02  0.000000e+00
   endloop
 endfacet
 facet normal -0.000000e+00  0.000000e+00 -1.000000e+00
   outer loop
     vertex  1.129770e+02 -1.108706e+02  0.000000e+00
     vertex  1.114200e+02 -1.110000e+02  0.000000e+00
     vertex  1.114030e+02 -1.108706e+02  0.000000e+00
   endloop
 endfacet
 facet normal  0.000000e+00  0.000000e+00 -1.000000e+00
   outer loop
     vertex  1.130270e+02 -1.107500e+02  0.000000e+00
     vertex  1.129770e+02 -1.108706e+02  0.000000e+00
     vertex  1.114030e+02 -1.108706e+02  0.000000e+00
   endloop
 endfacet
 facet normal -0.000000e+00  0.000000e+00 -1.000000e+00
   outer loop
     vertex  1.130270e+02 -1.107500e+02  0.000000e+00
     vertex  1.114030e+02 -1.108706e+02  0.000000e+00
     vertex  1.113530e+02 -1.107500e+02  0.000000e+00
   endloop
 endfacet
 facet normal  0.000000e+00  0.000000e+00 -1.000000e+00
   outer loop
     vertex  1.131064e+02 -1.106464e+02  0.000000e+00
     vertex  1.130270e+02 -1.107500e+02  0.000000e+00
     vertex  1.113530e+02 -1.107500e+02  0.000000e+00
   endloop
 endfacet
 facet normal -0.000000e+00  0.000000e+00 -1.000000e+00
   outer loop
     vertex  1.131064e+02 -1.106464e+02  0.000000e+00
     vertex  1.113530e+02 -1.107500e+02  0.000000e+00
     vertex  1.112736e+02 -1.106464e+02  0.000000e+00
   endloop
 endfacet
 facet normal  0.000000e+00  0.000000e+00 -1.000000e+00
   outer loop
     vertex  1.132100e+02 -1.105670e+02  0.000000e+00
     vertex  1.131064e+02 -1.106464e+02  0.000000e+00
     vertex  1.112736e+02 -1.106464e+02  0.000000e+00
   endloop
 endfacet
 facet normal  0.000000e+00  0.000000e+00 -1.000000e+00
   outer loop
     vertex  1.132100e+02 -1.105670e+02  0.000000e+00
     vertex  1.111700e+02 -1.105670e+02  0.000000e+00
     vertex  1.110494e+02 -1.105170e+02  0.000000e+00
   endloop
 endfacet
 facet normal -0.000000e+00  0.000000e+00 -1.000000e+00
   outer loop
     vertex  1.132100e+02 -1.105670e+02  0.000000e+00
     vertex  1.112736e+02 -1.106464e+02  0.000000e+00
     vertex  1.111700e+02 -1.105670e+02  0.000000e+00
   endloop
 endfacet
 facet normal -0.000000e+00  0.000000e+00 -1.000000e+00
   outer loop
     vertex  1.133306e+02 -1.105170e+02  0.000000e+00
     vertex  1.132100e+02 -1.105670e+02  0.000000e+00
     vertex  1.110494e+02 -1.105170e+02  0.000000e+00
   endloop
 endfacet
 facet normal  0.000000e+00  0.000000e+00 -1.000000e+00
   outer loop
     vertex  1.133306e+02 -1.105170e+02  0.000000e+00
     vertex  1.110494e+02 -1.105170e+02  0.000000e+00
     vertex  1.109200e+02 -1.105000e+02  0.000000e+00
   endloop
 endfacet
 facet normal -0.000000e+00  0.000000e+00 -1.000000e+00
   outer loop
     vertex  1.134600e+02 -1.105000e+02  0.000000e+00
     vertex  1.133306e+02 -1.105170e+02  0.000000e+00
     vertex  1.109200e+02 -1.105000e+02  0.000000e+00
   endloop
 endfacet
 facet normal  0.000000e+00  0.000000e+00 -1.000000e+00
   outer loop
     vertex  1.156464e+02 -1.113536e+02  0.000000e+00
     vertex  1.138136e+02 -1.113536e+02  0.000000e+00
     vertex  1.138930e+02 -1.112500e+02  0.000000e+00
   endloop
 endfacet
 facet normal -0.000000e+00 -0.000000e+00 -1.000000e+00
   outer loop
     vertex  1.155670e+02 -1.112500e+02  0.000000e+00
     vertex  1.156464e+02 -1.113536e+02  0.000000e+00
     vertex  1.138930e+02 -1.112500e+02  0.000000e+00
   endloop
 endfacet
 facet normal  0.000000e+00  0.000000e+00 -1.000000e+00
   outer loop
     vertex  1.157500e+02 -1.114330e+02  0.000000e+00
     vertex  1.138136e+02 -1.113536e+02  0.000000e+00
     vertex  1.156464e+02 -1.113536e+02  0.000000e+00
   endloop
 endfacet
 facet normal  0.000000e+00  0.000000e+00 -1.000000e+00
   outer loop
     vertex  1.157500e+02 -1.114330e+02  0.000000e+00
     vertex  1.137100e+02 -1.114330e+02  0.000000e+00
     vertex  1.138136e+02 -1.113536e+02  0.000000e+00
   endloop
 endfacet
 facet normal -0.000000e+00  0.000000e+00 -1.000000e+00
   outer loop
     vertex  1.157500e+02 -1.114330e+02  0.000000e+00
     vertex  1.135894e+02 -1.114830e+02  0.000000e+00
     vertex  1.137100e+02 -1.114330e+02  0.000000e+00
   endloop
 endfacet
 facet normal  0.000000e+00 -0.000000e+00 -1.000000e+00
   outer loop
     vertex  1.155170e+02 -1.111294e+02  0.000000e+00
     vertex  1.155670e+02 -1.112500e+02  0.000000e+00
     vertex  1.138930e+02 -1.112500e+02  0.000000e+00
   endloop
 endfacet
 facet normal  0.000000e+00  0.000000e+00 -1.000000e+00
   outer loop
     vertex  1.155170e+02 -1.111294e+02  0.000000e+00
     vertex  1.139430e+02 -1.111294e+02  0.000000e+00
     vertex  1.139600e+02 -1.110000e+02  0.000000e+00
   endloop
 endfacet
 facet normal -0.000000e+00  0.000000e+00 -1.000000e+00
   outer loop
     vertex  1.155170e+02 -1.111294e+02  0.000000e+00
     vertex  1.138930e+02 -1.112500e+02  0.000000e+00
     vertex  1.139430e+02 -1.111294e+02  0.000000e+00
   endloop
 endfacet
 facet normal  0.000000e+00  0.000000e+00 -1.000000e+00
   outer loop
     vertex  1.158706e+02 -1.114830e+02  0.000000e+00
     vertex  1.135894e+02 -1.114830e+02  0.000000e+00
     vertex  1.157500e+02 -1.114330e+02  0.000000e+00
   endloop
 endfacet
 facet normal  0.000000e+00  0.000000e+00 -1.000000e+00
   outer loop
     vertex  1.160000e+02 -1.115000e+02  0.000000e+00
     vertex  1.135894e+02 -1.114830e+02  0.000000e+00
     vertex  1.158706e+02 -1.114830e+02  0.000000e+00
   endloop
 endfacet
 facet normal -0.000000e+00  0.000000e+00 -1.000000e+00
   outer loop
     vertex  1.160000e+02 -1.115000e+02  0.000000e+00
     vertex  1.000000e+02 -1.155000e+02  0.000000e+00
     vertex  1.134600e+02 -1.115000e+02  0.000000e+00
   endloop
 endfacet
 facet normal  0.000000e+00  0.000000e+00 -1.000000e+00
   outer loop
     vertex  1.160000e+02 -1.115000e+02  0.000000e+00
     vertex  1.134600e+02 -1.115000e+02  0.000000e+00
     vertex  1.135894e+02 -1.114830e+02  0.000000e+00
   endloop
 endfacet
 facet normal -0.000000e+00 -0.000000e+00 -1.000000e+00
   outer loop
     vertex  1.155000e+02 -1.110000e+02  0.000000e+00
     vertex  1.155170e+02 -1.111294e+02  0.000000e+00
     vertex  1.139600e+02 -1.110000e+02  0.000000e+00
   endloop
 endfacet
 facet normal  0.000000e+00  0.000000e+00 -1.000000e+00
   outer loop
     vertex  1.155170e+02 -1.108706e+02  0.000000e+00
     vertex  1.155000e+02 -1.110000e+02  0.000000e+00
     vertex  1.139600e+02 -1.110000e+02  0.000000e+00
   endloop
 endfacet
 facet normal -0.000000e+00  0.000000e+00 -1.000000e+00
   outer loop
     vertex  1.155170e+02 -1.108706e+02  0.000000e+00
     vertex  1.139600e+02 -1.110000e+02  0.000000e+00
     vertex  1.139430e+02 -1.108706e+02  0.000000e+00
   endloop
 endfacet
 facet normal  0.000000e+00  0.000000e+00 -1.000000e+00
   outer loop
     vertex  1.155670e+02 -1.107500e+02  0.000000e+00
     vertex  1.155170e+02 -1.108706e+02  0.000000e+00
     vertex  1.139430e+02 -1.108706e+02  0.000000e+00
   endloop
 endfacet
 facet normal -0.000000e+00  0.000000e+00 -1.000000e+00
   outer loop
     vertex  1.155670e+02 -1.107500e+02  0.000000e+00
     vertex  1.139430e+02 -1.108706e+02  0.000000e+00
     vertex  1.138930e+02 -1.107500e+02  0.000000e+00
   endloop
 endfacet
 facet normal  0.000000e+00  0.000000e+00 -1.000000e+00
   outer loop
     vertex  1.156464e+02 -1.106464e+02  0.000000e+00
     vertex  1.155670e+02 -1.107500e+02  0.000000e+00
     vertex  1.138930e+02 -1.107500e+02  0.000000e+00
   endloop
 endfacet
 facet normal -0.000000e+00  0.000000e+00 -1.000000e+00
   outer loop
     vertex  1.156464e+02 -1.106464e+02  0.000000e+00
     vertex  1.138930e+02 -1.107500e+02  0.000000e+00
     vertex  1.138136e+02 -1.106464e+02  0.000000e+00
   endloop
 endfacet
 facet normal  0.000000e+00  0.000000e+00 -1.000000e+00
   outer loop
     vertex  1.157500e+02 -1.105670e+02  0.000000e+00
     vertex  1.156464e+02 -1.106464e+02  0.000000e+00
     vertex  1.138136e+02 -1.106464e+02  0.000000e+00
   endloop
 endfacet
 facet normal -0.000000e+00  0.000000e+00 -1.000000e+00
   outer loop
     vertex  1.157500e+02 -1.105670e+02  0.000000e+00
     vertex  1.138136e+02 -1.106464e+02  0.000000e+00
     vertex  1.137100e+02 -1.105670e+02  0.000000e+00
   endloop
 endfacet
 facet normal  0.000000e+00  0.000000e+00 -1.000000e+00
   outer loop
     vertex  1.158706e+02 -1.105170e+02  0.000000e+00
     vertex  1.157500e+02 -1.105670e+02  0.000000e+00
     vertex  1.137100e+02 -1.105670e+02  0.000000e+00
   endloop
 endfacet
 facet normal -0.000000e+00  0.000000e+00 -1.000000e+00
   outer loop
     vertex  1.158706e+02 -1.105170e+02  0.000000e+00
     vertex  1.137100e+02 -1.105670e+02  0.000000e+00
     vertex  1.135894e+02 -1.105170e+02  0.000000e+00
   endloop
 endfacet
 facet normal  0.000000e+00  0.000000e+00 -1.000000e+00
   outer loop
     vertex  1.160000e+02 -1.105000e+02  0.000000e+00
     vertex  1.158706e+02 -1.105170e+02  0.000000e+00
     vertex  1.135894e+02 -1.105170e+02  0.000000e+00
   endloop
 endfacet
 facet normal -0.000000e+00  0.000000e+00 -1.000000e+00
   outer loop
     vertex  1.160000e+02 -1.105000e+02  0.000000e+00
     vertex  1.135894e+02 -1.105170e+02  0.000000e+00
     vertex  1.134600e+02 -1.105000e+02  0.000000e+00
   endloop
 endfacet
 facet normal -0.000000e+00  0.000000e+00 -1.000000e+00
   outer loop
     vertex  1.181864e+02 -1.113536e+02  0.000000e+00
     vertex  1.162500e+02 -1.114330e+02  0.000000e+00
     vertex  1.163536e+02 -1.113536e+02  0.000000e+00
   endloop
 endfacet
 facet normal  0.000000e+00  0.000000e+00 -1.000000e+00
   outer loop
     vertex  1.182900e+02 -1.114330e+02  0.000000e+00
     vertex  1.162500e+02 -1.114330e+02  0.000000e+00
     vertex  1.181864e+02 -1.113536e+02  0.000000e+00
   endloop
 endfacet
 facet normal -0.000000e+00  0.000000e+00 -1.000000e+00
   outer loop
     vertex  1.181070e+02 -1.112500e+02  0.000000e+00
     vertex  1.163536e+02 -1.113536e+02  0.000000e+00
     vertex  1.164330e+02 -1.112500e+02  0.000000e+00
   endloop
 endfacet
 facet normal  0.000000e+00 -0.000000e+00 -1.000000e+00
   outer loop
     vertex  1.181070e+02 -1.112500e+02  0.000000e+00
     vertex  1.181864e+02 -1.113536e+02  0.000000e+00
     vertex  1.163536e+02 -1.113536e+02  0.000000e+00
   endloop
 endfacet
 facet normal  0.000000e+00  0.000000e+00 -1.000000e+00
   outer loop
     vertex  1.184106e+02 -1.114830e+02  0.000000e+00
     vertex  1.161294e+02 -1.114830e+02  0.000000e+00
     vertex  1.162500e+02 -1.114330e+02  0.000000e+00
   endloop
 endfacet
 facet normal  0.000000e+00  0.000000e+00 -1.000000e+00
   outer loop
     vertex  1.184106e+02 -1.114830e+02  0.000000e+00
     vertex  1.162500e+02 -1.114330e+02  0.000000e+00
     vertex  1.182900e+02 -1.114330e+02  0.000000e+00
   endloop
 endfacet
 facet normal -0.000000e+00  0.000000e+00 -1.000000e+00
   outer loop
     vertex  1.180570e+02 -1.111294e+02  0.000000e+00
     vertex  1.164330e+02 -1.112500e+02  0.000000e+00
     vertex  1.164830e+02 -1.111294e+02  0.000000e+00
   endloop
 endfacet
 facet normal  0.000000e+00 -0.000000e+00 -1.000000e+00
   outer loop
     vertex  1.180570e+02 -1.111294e+02  0.000000e+00
     vertex  1.181070e+02 -1.112500e+02  0.000000e+00
     vertex  1.164330e+02 -1.112500e+02  0.000000e+00
   endloop
 endfacet
 facet normal  0.000000e+00  0.000000e+00 -1.000000e+00
   outer loop
     vertex  1.185400e+02 -1.115000e+02  0.000000e+00
     vertex  1.160000e+02 -1.115000e+02  0.000000e+00
     vertex  1.161294e+02 -1.114830e+02  0.000000e+00
   endloop
 endfacet
 facet normal -0.000000e+00  0.000000e+00 -1.000000e+00
   outer loop
     vertex  1.185400e+02 -1.115000e+02  0.000000e+00
     vertex  1.000000e+02 -1.155000e+02  0.000000e+00
     vertex  1.160000e+02 -1.115000e+02  0.000000e+00
   endloop
 endfacet
 facet normal  0.000000e+00  0.000000e+00 -1.000000e+00
   outer loop
     vertex  1.185400e+02 -1.115000e+02  0.000000e+00
     vertex  1.161294e+02 -1.114830e+02  0.000000e+00
     vertex  1.184106e+02 -1.114830e+02  0.000000e+00
   endloop
 endfacet
 facet normal -0.000000e+00  0.000000e+00 -1.000000e+00
   outer loop
     vertex  1.180400e+02 -1.110000e+02  0.000000e+00
     vertex  1.164830e+02 -1.111294e+02  0.000000e+00
     vertex  1.165000e+02 -1.110000e+02  0.000000e+00
   endloop
 endfacet
 facet normal  0.000000e+00 -0.000000e+00 -1.000000e+00
   outer loop
     vertex  1.180400e+02 -1.110000e+02  0.000000e+00
     vertex  1.180570e+02 -1.111294e+02  0.000000e+00
     vertex  1.164830e+02 -1.111294e+02  0.000000e+00
   endloop
 endfacet
 facet normal  0.000000e+00  0.000000e+00 -1.000000e+00
   outer loop
     vertex  1.180570e+02 -1.108706e+02  0.000000e+00
     vertex  1.164830e+02 -1.108706e+02  0.000000e+00
     vertex  1.164330e+02 -1.107500e+02  0.000000e+00
   endloop
 endfacet
 facet normal -0.000000e+00  0.000000e+00 -1.000000e+00
   outer loop
     vertex  1.180570e+02 -1.108706e+02  0.000000e+00
     vertex  1.165000e+02 -1.110000e+02  0.000000e+00
     vertex  1.164830e+02 -1.108706e+02  0.000000e+00
   endloop
 endfacet
 facet normal  0.000000e+00  0.000000e+00 -1.000000e+00
   outer loop
     vertex  1.180570e+02 -1.108706e+02  0.000000e+00
     vertex  1.180400e+02 -1.110000e+02  0.000000e+00
     vertex  1.165000e+02 -1.110000e+02  0.000000e+00
   endloop
 endfacet
 facet normal -0.000000e+00  0.000000e+00 -1.000000e+00
   outer loop
     vertex  1.181070e+02 -1.107500e+02  0.000000e+00
     vertex  1.180570e+02 -1.108706e+02  0.000000e+00
     vertex  1.164330e+02 -1.107500e+02  0.000000e+00
   endloop
 endfacet
 facet normal  0.000000e+00  0.000000e+00 -1.000000e+00
   outer loop
     vertex  1.181864e+02 -1.106464e+02  0.000000e+00
     vertex  1.181070e+02 -1.107500e+02  0.000000e+00
     vertex  1.164330e+02 -1.107500e+02  0.000000e+00
   endloop
 endfacet
 facet normal  0.000000e+00  0.000000e+00 -1.000000e+00
   outer loop
     vertex  1.181864e+02 -1.106464e+02  0.000000e+00
     vertex  1.163536e+02 -1.106464e+02  0.000000e+00
     vertex  1.162500e+02 -1.105670e+02  0.000000e+00
   endloop
 endfacet
 facet normal -0.000000e+00  0.000000e+00 -1.000000e+00
   outer loop
     vertex  1.181864e+02 -1.106464e+02  0.000000e+00
     vertex  1.164330e+02 -1.107500e+02  0.000000e+00
     vertex  1.163536e+02 -1.106464e+02  0.000000e+00
   endloop
 endfacet
 facet normal -0.000000e+00  0.000000e+00 -1.000000e+00
   outer loop
     vertex  1.182900e+02 -1.105670e+02  0.000000e+00
     vertex  1.181864e+02 -1.106464e+02  0.000000e+00
     vertex  1.162500e+02 -1.105670e+02  0.000000e+00
   endloop
 endfacet
 facet normal  0.000000e+00  0.000000e+00 -1.000000e+00
   outer loop
     vertex  1.184106e+02 -1.105170e+02  0.000000e+00
     vertex  1.182900e+02 -1.105670e+02  0.000000e+00
     vertex  1.162500e+02 -1.105670e+02  0.000000e+00
   endloop
 endfacet
 facet normal  0.000000e+00  0.000000e+00 -1.000000e+00
   outer loop
     vertex  1.184106e+02 -1.105170e+02  0.000000e+00
     vertex  1.161294e+02 -1.105170e+02  0.000000e+00
     vertex  1.160000e+02 -1.105000e+02  0.000000e+00
   endloop
 endfacet
 facet normal -0.000000e+00  0.000000e+00 -1.000000e+00
   outer loop
     vertex  1.184106e+02 -1.105170e+02  0.000000e+00
     vertex  1.162500e+02 -1.105670e+02  0.000000e+00
     vertex  1.161294e+02 -1.105170e+02  0.000000e+00
   endloop
 endfacet
 facet normal -0.000000e+00  0.000000e+00 -1.000000e+00
   outer loop
     vertex  1.185400e+02 -1.105000e+02  0.000000e+00
     vertex  1.184106e+02 -1.105170e+02  0.000000e+00
     vertex  1.160000e+02 -1.105000e+02  0.000000e+00
   endloop
 endfacet
 facet normal -0.000000e+00  0.000000e+00 -1.000000e+00
   outer loop
     vertex  1.207264e+02 -1.113536e+02  0.000000e+00
     vertex  1.187900e+02 -1.114330e+02  0.000000e+00
     vertex  1.188936e+02 -1.113536e+02  0.000000e+00
   endloop
 endfacet
 facet normal  0.000000e+00 -0.000000e+00 -1.000000e+00
   outer loop
     vertex  1.206470e+02 -1.112500e+02  0.000000e+00
     vertex  1.207264e+02 -1.113536e+02  0.000000e+00
     vertex  1.188936e+02 -1.113536e+02  0.000000e+00
   endloop
 endfacet
 facet normal -0.000000e+00  0.000000e+00 -1.000000e+00
   outer loop
     vertex  1.206470e+02 -1.112500e+02  0.000000e+00
     vertex  1.188936e+02 -1.113536e+02  0.000000e+00
     vertex  1.189730e+02 -1.112500e+02  0.000000e+00
   endloop
 endfacet
 facet normal -0.000000e+00  0.000000e+00 -1.000000e+00
   outer loop
     vertex  1.208300e+02 -1.114330e+02  0.000000e+00
     vertex  1.186694e+02 -1.114830e+02  0.000000e+00
     vertex  1.187900e+02 -1.114330e+02  0.000000e+00
   endloop
 endfacet
 facet normal  0.000000e+00  0.000000e+00 -1.000000e+00
   outer loop
     vertex  1.208300e+02 -1.114330e+02  0.000000e+00
     vertex  1.187900e+02 -1.114330e+02  0.000000e+00
     vertex  1.207264e+02 -1.113536e+02  0.000000e+00
   endloop
 endfacet
 facet normal  0.000000e+00 -0.000000e+00 -1.000000e+00
   outer loop
     vertex  1.205970e+02 -1.111294e+02  0.000000e+00
     vertex  1.206470e+02 -1.112500e+02  0.000000e+00
     vertex  1.189730e+02 -1.112500e+02  0.000000e+00
   endloop
 endfacet
 facet normal  0.000000e+00  0.000000e+00 -1.000000e+00
   outer loop
     vertex  1.205970e+02 -1.111294e+02  0.000000e+00
     vertex  1.190230e+02 -1.111294e+02  0.000000e+00
     vertex  1.190400e+02 -1.110000e+02  0.000000e+00
   endloop
 endfacet
 facet normal -0.000000e+00  0.000000e+00 -1.000000e+00
   outer loop
     vertex  1.205970e+02 -1.111294e+02  0.000000e+00
     vertex  1.189730e+02 -1.112500e+02  0.000000e+00
     vertex  1.190230e+02 -1.111294e+02  0.000000e+00
   endloop
 endfacet
 facet normal  0.000000e+00  0.000000e+00 -1.000000e+00
   outer loop
     vertex  1.209506e+02 -1.114830e+02  0.000000e+00
     vertex  1.186694e+02 -1.114830e+02  0.000000e+00
     vertex  1.208300e+02 -1.114330e+02  0.000000e+00
   endloop
 endfacet
 facet normal  0.000000e+00  0.000000e+00 -1.000000e+00
   outer loop
     vertex  1.210800e+02 -1.115000e+02  0.000000e+00
     vertex  1.186694e+02 -1.114830e+02  0.000000e+00
     vertex  1.209506e+02 -1.114830e+02  0.000000e+00
   endloop
 endfacet
 facet normal  0.000000e+00  0.000000e+00 -1.000000e+00
   outer loop
     vertex  1.210800e+02 -1.115000e+02  0.000000e+00
     vertex  1.185400e+02 -1.115000e+02  0.000000e+00
     vertex  1.186694e+02 -1.114830e+02  0.000000e+00
   endloop
 endfacet
 facet normal -0.000000e+00  0.000000e+00 -1.000000e+00
   outer loop
     vertex  1.210800e+02 -1.115000e+02  0.000000e+00
     vertex  1.000000e+02 -1.155000e+02  0.000000e+00
     vertex  1.185400e+02 -1.115000e+02  0.000000e+00
   endloop
 endfacet
 facet normal -0.000000e+00 -0.000000e+00 -1.000000e+00
   outer loop
     vertex  1.205800e+02 -1.110000e+02  0.000000e+00
     vertex  1.205970e+02 -1.111294e+02  0.000000e+00
     vertex  1.190400e+02 -1.110000e+02  0.000000e+00
   endloop
 endfacet
 facet normal -0.000000e+00  0.000000e+00 -1.000000e+00
   outer loop
     vertex  1.205970e+02 -1.108706e+02  0.000000e+00
     vertex  1.190400e+02 -1.110000e+02  0.000000e+00
     vertex  1.190230e+02 -1.108706e+02  0.000000e+00
   endloop
 endfacet
 facet normal  0.000000e+00  0.000000e+00 -1.000000e+00
   outer loop
     vertex  1.205970e+02 -1.108706e+02  0.000000e+00
     vertex  1.205800e+02 -1.110000e+02  0.000000e+00
     vertex  1.190400e+02 -1.110000e+02  0.000000e+00
   endloop
 endfacet
 facet normal  0.000000e+00  0.000000e+00 -1.000000e+00
   outer loop
     vertex  1.206470e+02 -1.107500e+02  0.000000e+00
     vertex  1.205970e+02 -1.108706e+02  0.000000e+00
     vertex  1.190230e+02 -1.108706e+02  0.000000e+00
   endloop
 endfacet
 facet normal -0.000000e+00  0.000000e+00 -1.000000e+00
   outer loop
     vertex  1.206470e+02 -1.107500e+02  0.000000e+00
     vertex  1.190230e+02 -1.108706e+02  0.000000e+00
     vertex  1.189730e+02 -1.107500e+02  0.000000e+00
   endloop
 endfacet
 facet normal -0.000000e+00  0.000000e+00 -1.000000e+00
   outer loop
     vertex  1.207264e+02 -1.106464e+02  0.000000e+00
     vertex  1.189730e+02 -1.107500e+02  0.000000e+00
     vertex  1.188936e+02 -1.106464e+02  0.000000e+00
   endloop
 endfacet
 facet normal  0.000000e+00  0.000000e+00 -1.000000e+00
   outer loop
     vertex  1.207264e+02 -1.106464e+02  0.000000e+00
     vertex  1.206470e+02 -1.107500e+02  0.000000e+00
     vertex  1.189730e+02 -1.107500e+02  0.000000e+00
   endloop
 endfacet
 facet normal  0.000000e+00  0.000000e+00 -1.000000e+00
   outer loop
     vertex  1.208300e+02 -1.105670e+02  0.000000e+00
     vertex  1.207264e+02 -1.106464e+02  0.000000e+00
     vertex  1.188936e+02 -1.106464e+02  0.000000e+00
   endloop
 endfacet
 facet normal  0.000000e+00  0.000000e+00 -1.000000e+00
   outer loop
     vertex  1.208300e+02 -1.105670e+02  0.000000e+00
     vertex  1.187900e+02 -1.105670e+02  0.000000e+00
     vertex  1.186694e+02 -1.105170e+02  0.000000e+00
   endloop
 endfacet
 facet normal -0.000000e+00  0.000000e+00 -1.000000e+00
   outer loop
     vertex  1.208300e+02 -1.105670e+02  0.000000e+00
     vertex  1.188936e+02 -1.106464e+02  0.000000e+00
     vertex  1.187900e+02 -1.105670e+02  0.000000e+00
   endloop
 endfacet
 facet normal -0.000000e+00  0.000000e+00 -1.000000e+00
   outer loop
     vertex  1.209506e+02 -1.105170e+02  0.000000e+00
     vertex  1.208300e+02 -1.105670e+02  0.000000e+00
     vertex  1.186694e+02 -1.105170e+02  0.000000e+00
   endloop
 endfacet
 facet normal -0.000000e+00  0.000000e+00 -1.000000e+00
   outer loop
     vertex  1.210800e+02 -1.105000e+02  0.000000e+00
     vertex  1.186694e+02 -1.105170e+02  0.000000e+00
     vertex  1.185400e+02 -1.105000e+02  0.000000e+00
   endloop
 endfacet
 facet normal  0.000000e+00  0.000000e+00 -1.000000e+00
   outer loop
     vertex  1.210800e+02 -1.105000e+02  0.000000e+00
     vertex  1.209506e+02 -1.105170e+02  0.000000e+00
     vertex  1.186694e+02 -1.105170e+02  0.000000e+00
   endloop
 endfacet
 facet normal -0.000000e+00  0.000000e+00 -1.000000e+00
   outer loop
     vertex  1.231870e+02 -1.112500e+02  0.000000e+00
     vertex  1.214336e+02 -1.113536e+02  0.000000e+00
     vertex  1.215130e+02 -1.112500e+02  0.000000e+00
   endloop
 endfacet
 facet normal  0.000000e+00 -0.000000e+00 -1.000000e+00
   outer loop
     vertex  1.231870e+02 -1.112500e+02  0.000000e+00
     vertex  1.232664e+02 -1.113536e+02  0.000000e+00
     vertex  1.214336e+02 -1.113536e+02  0.000000e+00
   endloop
 endfacet
 facet normal  0.000000e+00  0.000000e+00 -1.000000e+00
   outer loop
     vertex  1.233700e+02 -1.114330e+02  0.000000e+00
     vertex  1.213300e+02 -1.114330e+02  0.000000e+00
     vertex  1.214336e+02 -1.113536e+02  0.000000e+00
   endloop
 endfacet
 facet normal  0.000000e+00  0.000000e+00 -1.000000e+00
   outer loop
     vertex  1.233700e+02 -1.114330e+02  0.000000e+00
     vertex  1.214336e+02 -1.113536e+02  0.000000e+00
     vertex  1.232664e+02 -1.113536e+02  0.000000e+00
   endloop
 endfacet
 facet normal -0.000000e+00  0.000000e+00 -1.000000e+00
   outer loop
     vertex  1.231370e+02 -1.111294e+02  0.000000e+00
     vertex  1.215130e+02 -1.112500e+02  0.000000e+00
     vertex  1.215630e+02 -1.111294e+02  0.000000e+00
   endloop
 endfacet
 facet normal  0.000000e+00 -0.000000e+00 -1.000000e+00
   outer loop
     vertex  1.231370e+02 -1.111294e+02  0.000000e+00
     vertex  1.231870e+02 -1.112500e+02  0.000000e+00
     vertex  1.215130e+02 -1.112500e+02  0.000000e+00
   endloop
 endfacet
 facet normal  0.000000e+00  0.000000e+00 -1.000000e+00
   outer loop
     vertex  1.234906e+02 -1.114830e+02  0.000000e+00
     vertex  1.212094e+02 -1.114830e+02  0.000000e+00
     vertex  1.213300e+02 -1.114330e+02  0.000000e+00
   endloop
 endfacet
 facet normal -0.000000e+00  0.000000e+00 -1.000000e+00
   outer loop
     vertex  1.234906e+02 -1.114830e+02  0.000000e+00
     vertex  1.210800e+02 -1.115000e+02  0.000000e+00
     vertex  1.212094e+02 -1.114830e+02  0.000000e+00
   endloop
 endfacet
 facet normal  0.000000e+00  0.000000e+00 -1.000000e+00
   outer loop
     vertex  1.234906e+02 -1.114830e+02  0.000000e+00
     vertex  1.213300e+02 -1.114330e+02  0.000000e+00
     vertex  1.233700e+02 -1.114330e+02  0.000000e+00
   endloop
 endfacet
 facet normal -0.000000e+00  0.000000e+00 -1.000000e+00
   outer loop
     vertex  1.236200e+02 -1.115000e+02  0.000000e+00
     vertex  1.000000e+02 -1.155000e+02  0.000000e+00
     vertex  1.210800e+02 -1.115000e+02  0.000000e+00
   endloop
 endfacet
 facet normal  0.000000e+00  0.000000e+00 -1.000000e+00
   outer loop
     vertex  1.236200e+02 -1.115000e+02  0.000000e+00
     vertex  1.210800e+02 -1.115000e+02  0.000000e+00
     vertex  1.234906e+02 -1.114830e+02  0.000000e+00
   endloop
 endfacet
 facet normal  0.000000e+00 -0.000000e+00 -1.000000e+00
   outer loop
     vertex  1.231200e+02 -1.110000e+02  0.000000e+00
     vertex  1.231370e+02 -1.111294e+02  0.000000e+00
     vertex  1.215630e+02 -1.111294e+02  0.000000e+00
   endloop
 endfacet
 facet normal  0.000000e+00  0.000000e+00 -1.000000e+00
   outer loop
     vertex  1.231200e+02 -1.110000e+02  0.000000e+00
     vertex  1.215800e+02 -1.110000e+02  0.000000e+00
     vertex  1.215630e+02 -1.108706e+02  0.000000e+00
   endloop
 endfacet
 facet normal -0.000000e+00  0.000000e+00 -1.000000e+00
   outer loop
     vertex  1.231200e+02 -1.110000e+02  0.000000e+00
     vertex  1.215630e+02 -1.111294e+02  0.000000e+00
     vertex  1.215800e+02 -1.110000e+02  0.000000e+00
   endloop
 endfacet
 facet normal  0.000000e+00  0.000000e+00 -1.000000e+00
   outer loop
     vertex  1.231370e+02 -1.108706e+02  0.000000e+00
     vertex  1.215630e+02 -1.108706e+02  0.000000e+00
     vertex  1.215130e+02 -1.107500e+02  0.000000e+00
   endloop
 endfacet
 facet normal -0.000000e+00  0.000000e+00 -1.000000e+00
   outer loop
     vertex  1.231370e+02 -1.108706e+02  0.000000e+00
     vertex  1.231200e+02 -1.110000e+02  0.000000e+00
     vertex  1.215630e+02 -1.108706e+02  0.000000e+00
   endloop
 endfacet
 facet normal -0.000000e+00  0.000000e+00 -1.000000e+00
   outer loop
     vertex  1.231870e+02 -1.107500e+02  0.000000e+00
     vertex  1.231370e+02 -1.108706e+02  0.000000e+00
     vertex  1.215130e+02 -1.107500e+02  0.000000e+00
   endloop
 endfacet
 facet normal  0.000000e+00  0.000000e+00 -1.000000e+00
   outer loop
     vertex  1.232664e+02 -1.106464e+02  0.000000e+00
     vertex  1.231870e+02 -1.107500e+02  0.000000e+00
     vertex  1.215130e+02 -1.107500e+02  0.000000e+00
   endloop
 endfacet
 facet normal -0.000000e+00  0.000000e+00 -1.000000e+00
   outer loop
     vertex  1.232664e+02 -1.106464e+02  0.000000e+00
     vertex  1.215130e+02 -1.107500e+02  0.000000e+00
     vertex  1.214336e+02 -1.106464e+02  0.000000e+00
   endloop
 endfacet
 facet normal  0.000000e+00  0.000000e+00 -1.000000e+00
   outer loop
     vertex  1.233700e+02 -1.105670e+02  0.000000e+00
     vertex  1.232664e+02 -1.106464e+02  0.000000e+00
     vertex  1.214336e+02 -1.106464e+02  0.000000e+00
   endloop
 endfacet
 facet normal  0.000000e+00  0.000000e+00 -1.000000e+00
   outer loop
     vertex  1.233700e+02 -1.105670e+02  0.000000e+00
     vertex  1.213300e+02 -1.105670e+02  0.000000e+00
     vertex  1.212094e+02 -1.105170e+02  0.000000e+00
   endloop
 endfacet
 facet normal -0.000000e+00  0.000000e+00 -1.000000e+00
   outer loop
     vertex  1.233700e+02 -1.105670e+02  0.000000e+00
     vertex  1.214336e+02 -1.106464e+02  0.000000e+00
     vertex  1.213300e+02 -1.105670e+02  0.000000e+00
   endloop
 endfacet
 facet normal -0.000000e+00  0.000000e+00 -1.000000e+00
   outer loop
     vertex  1.234906e+02 -1.105170e+02  0.000000e+00
     vertex  1.233700e+02 -1.105670e+02  0.000000e+00
     vertex  1.212094e+02 -1.105170e+02  0.000000e+00
   endloop
 endfacet
 facet normal  0.000000e+00  0.000000e+00 -1.000000e+00
   outer loop
     vertex  1.236200e+02 -1.105000e+02  0.000000e+00
     vertex  1.234906e+02 -1.105170e+02  0.000000e+00
     vertex  1.212094e+02 -1.105170e+02  0.000000e+00
   endloop
 endfacet
 facet normal -0.000000e+00  0.000000e+00 -1.000000e+00
   outer loop
     vertex  1.236200e+02 -1.105000e+02  0.000000e+00
     vertex  1.212094e+02 -1.105170e+02  0.000000e+00
     vertex  1.210800e+02 -1.105000e+02  0.000000e+00
   endloop
 endfacet
 facet normal  0.000000e+00  0.000000e+00 -1.000000e+00
   outer loop
     vertex  1.053787e+02 -8.212132e+01  0.000000e+00
     vertex  1.055900e+02 -1.105670e+02  0.000000e+00
     vertex  1.054864e+02 -1.106464e+02  0.000000e+00
   endloop
 endfacet
 facet normal  0.000000e+00 -0.000000e+00 -1.000000e+00
   outer loop
     vertex  1.053787e+02 -8.212132e+01  0.000000e+00
     vertex  1.054864e+02 -1.106464e+02  0.000000e+00
     vertex  1.000000e+02 -1.155000e+02  0.000000e+00
   endloop
 endfacet
 facet normal  0.000000e+00 -0.000000e+00 -1.000000e+00
   outer loop
     vertex  1.049019e+02 -8.150000e+01  0.000000e+00
     vertex  1.053787e+02 -8.212132e+01  0.000000e+00
     vertex  1.000000e+02 -1.155000e+02  0.000000e+00
   endloop
 endfacet
 facet normal  0.000000e+00  0.000000e+00 -1.000000e+00
   outer loop
     vertex  1.060000e+02 -8.259808e+01  0.000000e+00
     vertex  1.057106e+02 -1.105170e+02  0.000000e+00
     vertex  1.055900e+02 -1.105670e+02  0.000000e+00
   endloop
 endfacet
 facet normal -0.000000e+00  0.000000e+00 -1.000000e+00
   outer loop
     vertex  1.060000e+02 -8.259808e+01  0.000000e+00
     vertex  1.055900e+02 -1.105670e+02  0.000000e+00
     vertex  1.053787e+02 -8.212132e+01  0.000000e+00
   endloop
 endfacet
 facet normal  0.000000e+00 -0.000000e+00 -1.000000e+00
   outer loop
     vertex  1.046022e+02 -8.077646e+01  0.000000e+00
     vertex  1.049019e+02 -8.150000e+01  0.000000e+00
     vertex  1.000000e+02 -1.155000e+02  0.000000e+00
   endloop
 endfacet
 facet normal  0.000000e+00  0.000000e+00 -1.000000e+00
   outer loop
     vertex  1.067235e+02 -8.289778e+01  0.000000e+00
     vertex  1.058400e+02 -1.105000e+02  0.000000e+00
     vertex  1.057106e+02 -1.105170e+02  0.000000e+00
   endloop
 endfacet
 facet normal -0.000000e+00  0.000000e+00 -1.000000e+00
   outer loop
     vertex  1.067235e+02 -8.289778e+01  0.000000e+00
     vertex  1.057106e+02 -1.105170e+02  0.000000e+00
     vertex  1.060000e+02 -8.259808e+01  0.000000e+00
   endloop
 endfacet
 facet normal  0.000000e+00 -0.000000e+00 -1.000000e+00
   outer loop
     vertex  1.075000e+02 -8.300000e+01  0.000000e+00
     vertex  1.083800e+02 -1.105000e+02  0.000000e+00
     vertex  1.058400e+02 -1.105000e+02  0.000000e+00
   endloop
 endfacet
 facet normal -0.000000e+00  0.000000e+00 -1.000000e+00
   outer loop
     vertex  1.075000e+02 -8.300000e+01  0.000000e+00
     vertex  1.058400e+02 -1.105000e+02  0.000000e+00
     vertex  1.067235e+02 -8.289778e+01  0.000000e+00
   endloop
 endfacet
 facet normal  0.000000e+00  0.000000e+00 -1.000000e+00
   outer loop
     vertex  1.075000e+02 -8.300000e+01  0.000000e+00
     vertex  1.109200e+02 -1.105000e+02  0.000000e+00
     vertex  1.083800e+02 -1.105000e+02  0.000000e+00
   endloop
 endfacet
 facet normal  0.000000e+00 -0.000000e+00 -1.000000e+00
   outer loop
     vertex  1.045000e+02 -8.000000e+01  0.000000e+00
     vertex  1.046022e+02 -8.077646e+01  0.000000e+00
     vertex  1.000000e+02 -1.155000e+02  0.000000e+00
   endloop
 endfacet
 facet normal  0.000000e+00  0.000000e+00 -1.000000e+00
   outer loop
     vertex  1.082765e+02 -8.289778e+01  0.000000e+00
     vertex  1.134600e+02 -1.105000e+02  0.000000e+00
     vertex  1.109200e+02 -1.105000e+02  0.000000e+00
   endloop
 endfacet
 facet normal  0.000000e+00 -0.000000e+00 -1.000000e+00
   outer loop
     vertex  1.082765e+02 -8.289778e+01  0.000000e+00
     vertex  1.109200e+02 -1.105000e+02  0.000000e+00
     vertex  1.075000e+02 -8.300000e+01  0.000000e+00
   endloop
 endfacet
 facet normal  0.000000e+00  0.000000e+00 -1.000000e+00
   outer loop
     vertex  1.090000e+02 -8.259808e+01  0.000000e+00
     vertex  1.160000e+02 -1.105000e+02  0.000000e+00
     vertex  1.134600e+02 -1.105000e+02  0.000000e+00
   endloop
 endfacet
 facet normal  0.000000e+00  0.000000e+00 -1.000000e+00
   outer loop
     vertex  1.090000e+02 -8.259808e+01  0.000000e+00
     vertex  1.185400e+02 -1.105000e+02  0.000000e+00
     vertex  1.160000e+02 -1.105000e+02  0.000000e+00
   endloop
 endfacet
 facet normal  0.000000e+00 -0.000000e+00 -1.000000e+00
   outer loop
     vertex  1.090000e+02 -8.259808e+01  0.000000e+00
     vertex  1.134600e+02 -1.105000e+02  0.000000e+00
     vertex  1.082765e+02 -8.289778e+01  0.000000e+00
   endloop
 endfacet
 facet normal  0.000000e+00  0.000000e+00 -1.000000e+00
   outer loop
     vertex  1.096213e+02 -8.212132e+01  0.000000e+00
     vertex  1.236200e+02 -1.105000e+02  0.000000e+00
     vertex  1.210800e+02 -1.105000e+02  0.000000e+00
   endloop
 endfacet
 facet normal  0.000000e+00 -0.000000e+00 -1.000000e+00
   outer loop
     vertex  1.096213e+02 -8.212132e+01  0.000000e+00
     vertex  1.185400e+02 -1.105000e+02  0.000000e+00
     vertex  1.090000e+02 -8.259808e+01  0.000000e+00
   endloop
 endfacet
 facet normal  0.000000e+00  0.000000e+00 -1.000000e+00
   outer loop
     vertex  1.096213e+02 -8.212132e+01  0.000000e+00
     vertex  1.210800e+02 -1.105000e+02  0.000000e+00
     vertex  1.185400e+02 -1.105000e+02  0.000000e+00
   endloop
 endfacet
 facet normal  0.000000e+00 -0.000000e+00 -1.000000e+00
   outer loop
     vertex  1.100981e+02 -8.150000e+01  0.000000e+00
     vertex  1.236200e+02 -1.105000e+02  0.000000e+00
     vertex  1.096213e+02 -8.212132e+01  0.000000e+00
   endloop
 endfacet
 facet normal  0.000000e+00  0.000000e+00 -1.000000e+00
   outer loop
     vertex  1.100981e+02 -8.150000e+01  0.000000e+00
     vertex  1.237494e+02 -1.105170e+02  0.000000e+00
     vertex  1.236200e+02 -1.105000e+02  0.000000e+00
   endloop
 endfacet
 facet normal  0.000000e+00 -0.000000e+00 -1.000000e+00
   outer loop
     vertex  1.103978e+02 -8.077646e+01  0.000000e+00
     vertex  1.237494e+02 -1.105170e+02  0.000000e+00
     vertex  1.100981e+02 -8.150000e+01  0.000000e+00
   endloop
 endfacet
 facet normal  0.000000e+00  0.000000e+00 -1.000000e+00
   outer loop
     vertex  1.103978e+02 -8.077646e+01  0.000000e+00
     vertex  1.238700e+02 -1.105670e+02  0.000000e+00
     vertex  1.237494e+02 -1.105170e+02  0.000000e+00
   endloop
 endfacet
 facet normal  0.000000e+00  0.000000e+00 -1.000000e+00
   outer loop
     vertex  1.000000e+02 -5.000000e+01  0.000000e+00
     vertex  1.046022e+02 -7.922354e+01  0.000000e+00
     vertex  1.045000e+02 -8.000000e+01  0.000000e+00
   endloop
 endfacet
 facet normal  0.000000e+00  0.000000e+00 -1.000000e+00
   outer loop
     vertex  1.000000e+02 -5.000000e+01  0.000000e+00
     vertex  1.049019e+02 -7.850000e+01  0.000000e+00
     vertex  1.046022e+02 -7.922354e+01  0.000000e+00
   endloop
 endfacet
 facet normal  0.000000e+00  0.000000e+00 -1.000000e+00
   outer loop
     vertex  1.000000e+02 -5.000000e+01  0.000000e+00
     vertex  1.053787e+02 -7.787868e+01  0.000000e+00
     vertex  1.049019e+02 -7.850000e+01  0.000000e+00
   endloop
 endfacet
 facet normal  0.000000e+00  0.000000e+00 -1.000000e+00
   outer loop
     vertex  1.000000e+02 -5.000000e+01  0.000000e+00
     vertex  1.060000e+02 -7.740192e+01  0.000000e+00
     vertex  1.053787e+02 -7.787868e+01  0.000000e+00
   endloop
 endfacet
 facet normal  0.000000e+00  0.000000e+00 -1.000000e+00
   outer loop
     vertex  1.000000e+02 -5.000000e+01  0.000000e+00
     vertex  1.067235e+02 -7.710222e+01  0.000000e+00
     vertex  1.060000e+02 -7.740192e+01  0.000000e+00
   endloop
 endfacet
 facet normal  0.000000e+00  0.000000e+00 -1.000000e+00
   outer loop
     vertex  1.000000e+02 -5.000000e+01  0.000000e+00
     vertex  1.075000e+02 -7.700000e+01  0.000000e+00
     vertex  1.067235e+02 -7.710222e+01  0.000000e+00
   endloop
 endfacet
 facet normal  0.000000e+00  0.000000e+00 -1.000000e+00
   outer loop
     vertex  1.000000e+02 -5.000000e+01  0.000000e+00
     vertex  1.082765e+02 -7.710222e+01  0.000000e+00
     vertex  1.075000e+02 -7.700000e+01  0.000000e+00
   endloop
 endfacet
 facet normal  0.000000e+00  0.000000e+00 -1.000000e+00
   outer loop
     vertex  1.000000e+02 -5.000000e+01  0.000000e+00
     vertex  1.090000e+02 -7.740192e+01  0.000000e+00
     vertex  1.082765e+02 -7.710222e+01  0.000000e+00
   endloop
 endfacet
 facet normal  0.000000e+00  0.000000e+00 -1.000000e+00
   outer loop
     vertex  1.000000e+02 -5.000000e+01  0.000000e+00
     vertex  1.096213e+02 -7.787868e+01  0.000000e+00
     vertex  1.090000e+02 -7.740192e+01  0.000000e+00
   endloop
 endfacet
 facet normal  0.000000e+00  0.000000e+00 -1.000000e+00
   outer loop
     vertex  1.800000e+02 -1.155000e+02  0.000000e+00
     vertex  1.000000e+02 -1.155000e+02  0.000000e+00
     vertex  1.236200e+02 -1.115000e+02  0.000000e+00
   endloop
 endfacet
 facet normal  0.000000e+00  0.000000e+00 -1.000000e+00
   outer loop
     vertex  1.800000e+02 -1.155000e+02  0.000000e+00
     vertex  1.241200e+02 -1.110000e+02  0.000000e+00
     vertex  1.241030e+02 -1.108706e+02  0.000000e+00
   endloop
 endfacet
 facet normal  0.000000e+00  0.000000e+00 -1.000000e+00
   outer loop
     vertex  1.800000e+02 -1.155000e+02  0.000000e+00
     vertex  1.241030e+02 -1.111294e+02  0.000000e+00
     vertex  1.241200e+02 -1.110000e+02  0.000000e+00
   endloop
 endfacet
 facet normal  0.000000e+00  0.000000e+00 -1.000000e+00
   outer loop
     vertex  1.800000e+02 -1.155000e+02  0.000000e+00
     vertex  1.240530e+02 -1.112500e+02  0.000000e+00
     vertex  1.241030e+02 -1.111294e+02  0.000000e+00
   endloop
 endfacet
 facet normal  0.000000e+00  0.000000e+00 -1.000000e+00
   outer loop
     vertex  1.800000e+02 -1.155000e+02  0.000000e+00
     vertex  1.239736e+02 -1.113536e+02  0.000000e+00
     vertex  1.240530e+02 -1.112500e+02  0.000000e+00
   endloop
 endfacet
 facet normal  0.000000e+00  0.000000e+00 -1.000000e+00
   outer loop
     vertex  1.800000e+02 -1.155000e+02  0.000000e+00
     vertex  1.238700e+02 -1.114330e+02  0.000000e+00
     vertex  1.239736e+02 -1.113536e+02  0.000000e+00
   endloop
 endfacet
 facet normal  0.000000e+00  0.000000e+00 -1.000000e+00
   outer loop
     vertex  1.800000e+02 -1.155000e+02  0.000000e+00
     vertex  1.237494e+02 -1.114830e+02  0.000000e+00
     vertex  1.238700e+02 -1.114330e+02  0.000000e+00
   endloop
 endfacet
 facet normal  0.000000e+00  0.000000e+00 -1.000000e+00
   outer loop
     vertex  1.800000e+02 -1.155000e+02  0.000000e+00
     vertex  1.236200e+02 -1.115000e+02  0.000000e+00
     vertex  1.237494e+02 -1.114830e+02  0.000000e+00
   endloop
 endfacet
 facet normal  0.000000e+00 -0.000000e+00 -1.000000e+00
   outer loop
     vertex  1.703787e+02 -8.212132e+01  0.000000e+00
     vertex  1.800000e+02 -1.155000e+02  0.000000e+00
     vertex  1.241030e+02 -1.108706e+02  0.000000e+00
   endloop
 endfacet
 facet normal  0.000000e+00  0.000000e+00 -1.000000e+00
   outer loop
     vertex  1.703787e+02 -8.212132e+01  0.000000e+00
     vertex  1.241030e+02 -1.108706e+02  0.000000e+00
     vertex  1.240530e+02 -1.107500e+02  0.000000e+00
   endloop
 endfacet
 facet normal  0.000000e+00 -0.000000e+00 -1.000000e+00
   outer loop
     vertex  1.699019e+02 -8.150000e+01  0.000000e+00
     vertex  1.703787e+02 -8.212132e+01  0.000000e+00
     vertex  1.240530e+02 -1.107500e+02  0.000000e+00
   endloop
 endfacet
 facet normal  0.000000e+00  0.000000e+00 -1.000000e+00
   outer loop
     vertex  1.699019e+02 -8.150000e+01  0.000000e+00
     vertex  1.240530e+02 -1.107500e+02  0.000000e+00
     vertex  1.239736e+02 -1.106464e+02  0.000000e+00
   endloop
 endfacet
 facet normal -0.000000e+00 -0.000000e+00 -1.000000e+00
   outer loop
     vertex  1.710000e+02 -8.259808e+01  0.000000e+00
     vertex  1.800000e+02 -1.155000e+02  0.000000e+00
     vertex  1.703787e+02 -8.212132e+01  0.000000e+00
   endloop
 endfacet
 facet normal  0.000000e+00  0.000000e+00 -1.000000e+00
   outer loop
     vertex  1.696022e+02 -8.077646e+01  0.000000e+00
     vertex  1.103978e+02 -8.077646e+01  0.000000e+00
     vertex  1.105000e+02 -8.000000e+01  0.000000e+00
   endloop
 endfacet
 facet normal -0.000000e+00  0.000000e+00 -1.000000e+00
   outer loop
     vertex  1.696022e+02 -8.077646e+01  0.000000e+00
     vertex  1.238700e+02 -1.105670e+02  0.000000e+00
     vertex  1.103978e+02 -8.077646e+01  0.000000e+00
   endloop
 endfacet
 facet normal  0.000000e+00 -0.000000e+00 -1.000000e+00
   outer loop
     vertex  1.696022e+02 -8.077646e+01  0.000000e+00
     vertex  1.699019e+02 -8.150000e+01  0.000000e+00
     vertex  1.239736e+02 -1.106464e+02  0.000000e+00
   endloop
 endfacet
 facet normal  0.000000e+00  0.000000e+00 -1.000000e+00
   outer loop
     vertex  1.696022e+02 -8.077646e+01  0.000000e+00
     vertex  1.239736e+02 -1.106464e+02  0.000000e+00
     vertex  1.238700e+02 -1.105670e+02  0.000000e+00
   endloop
 endfacet
 facet normal -0.000000e+00 -0.000000e+00 -1.000000e+00
   outer loop
     vertex  1.717235e+02 -8.289778e+01  0.000000e+00
     vertex  1.800000e+02 -1.155000e+02  0.000000e+00
     vertex  1.710000e+02 -8.259808e+01  0.000000e+00
   endloop
 endfacet
 facet normal -0.000000e+00 -0.000000e+00 -1.000000e+00
   outer loop
     vertex  1.725000e+02 -8.300000e+01  0.000000e+00
     vertex  1.800000e+02 -1.155000e+02  0.000000e+00
     vertex  1.717235e+02 -8.289778e+01  0.000000e+00
   endloop
 endfacet
 facet normal -0.000000e+00 -0.000000e+00 -1.000000e+00
   outer loop
     vertex  1.695000e+02 -8.000000e+01  0.000000e+00
     vertex  1.696022e+02 -8.077646e+01  0.000000e+00
     vertex  1.105000e+02 -8.000000e+01  0.000000e+00
   endloop
 endfacet
 facet normal  0.000000e+00 -0.000000e+00 -1.000000e+00
   outer loop
     vertex  1.732765e+02 -8.289778e+01  0.000000e+00
     vertex  1.800000e+02 -1.155000e+02  0.000000e+00
     vertex  1.725000e+02 -8.300000e+01  0.000000e+00
   endloop
 endfacet
 facet normal -0.000000e+00  0.000000e+00 -1.000000e+00
   outer loop
     vertex  1.696022e+02 -7.922354e+01  0.000000e+00
     vertex  1.105000e+02 -8.000000e+01  0.000000e+00
     vertex  1.103978e+02 -7.922354e+01  0.000000e+00
   endloop
 endfacet
 facet normal  0.000000e+00  0.000000e+00 -1.000000e+00
   outer loop
     vertex  1.696022e+02 -7.922354e+01  0.000000e+00
     vertex  1.695000e+02 -8.000000e+01  0.000000e+00
     vertex  1.105000e+02 -8.000000e+01  0.000000e+00
   endloop
 endfacet
 facet normal  0.000000e+00 -0.000000e+00 -1.000000e+00
   outer loop
     vertex  1.740000e+02 -8.259808e+01  0.000000e+00
     vertex  1.800000e+02 -1.155000e+02  0.000000e+00
     vertex  1.732765e+02 -8.289778e+01  0.000000e+00
   endloop
 endfacet
 facet normal  0.000000e+00  0.000000e+00 -1.000000e+00
   outer loop
     vertex  1.699019e+02 -7.850000e+01  0.000000e+00
     vertex  1.100981e+02 -7.850000e+01  0.000000e+00
     vertex  1.096213e+02 -7.787868e+01  0.000000e+00
   endloop
 endfacet
 facet normal -0.000000e+00  0.000000e+00 -1.000000e+00
   outer loop
     vertex  1.699019e+02 -7.850000e+01  0.000000e+00
     vertex  1.103978e+02 -7.922354e+01  0.000000e+00
     vertex  1.100981e+02 -7.850000e+01  0.000000e+00
   endloop
 endfacet
 facet normal  0.000000e+00  0.000000e+00 -1.000000e+00
   outer loop
     vertex  1.699019e+02 -7.850000e+01  0.000000e+00
     vertex  1.696022e+02 -7.922354e+01  0.000000e+00
     vertex  1.103978e+02 -7.922354e+01  0.000000e+00
   endloop
 endfacet
 facet normal  0.000000e+00 -0.000000e+00 -1.000000e+00
   outer loop
     vertex  1.746213e+02 -8.212132e+01  0.000000e+00
     vertex  1.800000e+02 -1.155000e+02  0.000000e+00
     vertex  1.740000e+02 -8.259808e+01  0.000000e+00
   endloop
 endfacet
 facet normal -0.000000e+00  0.000000e+00 -1.000000e+00
   outer loop
     vertex  1.703787e+02 -7.787868e+01  0.000000e+00
     vertex  1.699019e+02 -7.850000e+01  0.000000e+00
     vertex  1.096213e+02 -7.787868e+01  0.000000e+00
   endloop
 endfacet
 facet normal  0.000000e+00 -0.000000e+00 -1.000000e+00
   outer loop
     vertex  1.750981e+02 -8.150000e+01  0.000000e+00
     vertex  1.800000e+02 -1.155000e+02  0.000000e+00
     vertex  1.746213e+02 -8.212132e+01  0.000000e+00
   endloop
 endfacet
 facet normal  0.000000e+00 -0.000000e+00 -1.000000e+00
   outer loop
     vertex  1.753978e+02 -8.077646e+01  0.000000e+00
     vertex  1.800000e+02 -1.155000e+02  0.000000e+00
     vertex  1.750981e+02 -8.150000e+01  0.000000e+00
   endloop
 endfacet
 facet normal  0.000000e+00 -0.000000e+00 -1.000000e+00
   outer loop
     vertex  1.755000e+02 -8.000000e+01  0.000000e+00
     vertex  1.800000e+02 -1.155000e+02  0.000000e+00
     vertex  1.753978e+02 -8.077646e+01  0.000000e+00
   endloop
 endfacet
 facet normal  0.000000e+00  0.000000e+00 -1.000000e+00
   outer loop
     vertex  1.800000e+02 -5.000000e+01  0.000000e+00
     vertex  1.703787e+02 -7.787868e+01  0.000000e+00
     vertex  1.096213e+02 -7.787868e+01  0.000000e+00
   endloop
 endfacet
 facet normal  0.000000e+00  0.000000e+00 -1.000000e+00
   outer loop
     vertex  1.800000e+02 -5.000000e+01  0.000000e+00
     vertex  1.710000e+02 -7.740192e+01  0.000000e+00
     vertex  1.703787e+02 -7.787868e+01  0.000000e+00
   endloop
 endfacet
 facet normal  0.000000e+00  0.000000e+00 -1.000000e+00
   outer loop
     vertex  1.800000e+02 -5.000000e+01  0.000000e+00
     vertex  1.717235e+02 -7.710222e+01  0.000000e+00
     vertex  1.710000e+02 -7.740192e+01  0.000000e+00
   endloop
 endfacet
 facet normal  0.000000e+00  0.000000e+00 -1.000000e+00
   outer loop
     vertex  1.800000e+02 -5.000000e+01  0.000000e+00
     vertex  1.725000e+02 -7.700000e+01  0.000000e+00
     vertex  1.717235e+02 -7.710222e+01  0.000000e+00
   endloop
 endfacet
 facet normal  0.000000e+00  0.000000e+00 -1.000000e+00
   outer loop
     vertex  1.800000e+02 -5.000000e+01  0.000000e+00
     vertex  1.732765e+02 -7.710222e+01  0.000000e+00
     vertex  1.725000e+02 -7.700000e+01  0.000000e+00
   endloop
 endfacet
 facet normal  0.000000e+00  0.000000e+00 -1.000000e+00
   outer loop
     vertex  1.800000e+02 -5.000000e+01  0.000000e+00
     vertex  1.740000e+02 -7.740192e+01  0.000000e+00
     vertex  1.732765e+02 -7.710222e+01  0.000000e+00
   endloop
 endfacet
 facet normal  0.000000e+00  0.000000e+00 -1.000000e+00
   outer loop
     vertex  1.800000e+02 -5.000000e+01  0.000000e+00
     vertex  1.746213e+02 -7.787868e+01  0.000000e+00
     vertex  1.740000e+02 -7.740192e+01  0.000000e+00
   endloop
 endfacet
 facet normal  0.000000e+00  0.000000e+00 -1.000000e+00
   outer loop
     vertex  1.800000e+02 -5.000000e+01  0.000000e+00
     vertex  1.750981e+02 -7.850000e+01  0.000000e+00
     vertex  1.746213e+02 -7.787868e+01  0.000000e+00
   endloop
 endfacet
 facet normal  0.000000e+00  0.000000e+00 -1.000000e+00
   outer loop
     vertex  1.800000e+02 -5.000000e+01  0.000000e+00
     vertex  1.753978e+02 -7.922354e+01  0.000000e+00
     vertex  1.750981e+02 -7.850000e+01  0.000000e+00
   endloop
 endfacet
 facet normal  0.000000e+00  0.000000e+00 -1.000000e+00
   outer loop
     vertex  1.800000e+02 -5.000000e+01  0.000000e+00
     vertex  1.755000e+02 -8.000000e+01  0.000000e+00
     vertex  1.753978e+02 -7.922354e+01  0.000000e+00
   endloop
 endfacet
 facet normal -0.000000e+00  0.000000e+00 -1.000000e+00
   outer loop
     vertex  1.800000e+02 -5.000000e+01  0.000000e+00
     vertex  1.096213e+02 -7.787868e+01  0.000000e+00
     vertex  1.000000e+02 -5.000000e+01  0.000000e+00
   endloop
 endfacet
 facet normal  0.000000e+00  0.000000e+00 -1.000000e+00
   outer loop
     vertex  1.800000e+02 -1.155000e+02  0.000000e+00
     vertex  1.755000e+02 -8.000000e+01  0.000000e+00
     vertex  1.800000e+02 -5.000000e+01  0.000000e+00
   endloop
 endfacet
 facet normal  0.000000e+00  0.000000e+00 -1.000000e+00
   outer loop
     vertex  1.000000e+02 -5.000000e+01  0.000000e+00
     vertex  1.045000e+02 -8.000000e+01  0.000000e+00
     vertex  1.000000e+02 -1.155000e+02  0.000000e+00
   endloop
 endfacet
 facet normal  0.000000e+00  0.000000e+00  1.000000e+00
   outer loop
     vertex  1.055900e+02 -1.114330e+02  1.510000e+00
     vertex  1.054864e+02 -1.113536e+02  1.510000e+00
     vertex  1.000000e+02 -1.155000e+02  1.510000e+00
   endloop
 endfacet
 facet normal  0.000000e+00  0.000000e+00  1.000000e+00
   outer loop
     vertex  1.054070e+02 -1.112500e+02  1.510000e+00
     vertex  1.000000e+02 -1.155000e+02  1.510000e+00
     vertex  1.054864e+02 -1.113536e+02  1.510000e+00
   endloop
 endfacet
 facet normal  0.000000e+00  0.000000e+00  1.000000e+00
   outer loop
     vertex  1.057106e+02 -1.114830e+02  1.510000e+00
     vertex  1.055900e+02 -1.114330e+02  1.510000e+00
     vertex  1.000000e+02 -1.155000e+02  1.510000e+00
   endloop
 endfacet
 facet normal  0.000000e+00  0.000000e+00  1.000000e+00
   outer loop
     vertex  1.053570e+02 -1.111294e+02  1.510000e+00
     vertex  1.000000e+02 -1.155000e+02  1.510000e+00
     vertex  1.054070e+02 -1.112500e+02  1.510000e+00
   endloop
 endfacet
 facet normal  0.000000e+00  0.000000e+00  1.000000e+00
   outer loop
     vertex  1.058400e+02 -1.115000e+02  1.510000e+00
     vertex  1.057106e+02 -1.114830e+02  1.510000e+00
     vertex  1.000000e+02 -1.155000e+02  1.510000e+00
   endloop
 endfacet
 facet normal  0.000000e+00  0.000000e+00  1.000000e+00
   outer loop
     vertex  1.053400e+02 -1.110000e+02  1.510000e+00
     vertex  1.000000e+02 -1.155000e+02  1.510000e+00
     vertex  1.053570e+02 -1.111294e+02  1.510000e+00
   endloop
 endfacet
 facet normal  0.000000e+00  0.000000e+00  1.000000e+00
   outer loop
     vertex  1.059694e+02 -1.114830e+02  1.510000e+00
     vertex  1.058400e+02 -1.115000e+02  1.510000e+00
     vertex  1.000000e+02 -1.155000e+02  1.510000e+00
   endloop
 endfacet
 facet normal  0.000000e+00  0.000000e+00  1.000000e+00
   outer loop
     vertex  1.053570e+02 -1.108706e+02  1.510000e+00
     vertex  1.000000e+02 -1.155000e+02  1.510000e+00
     vertex  1.053400e+02 -1.110000e+02  1.510000e+00
   endloop
 endfacet
 facet normal  0.000000e+00  0.000000e+00  1.000000e+00
   outer loop
     vertex  1.054070e+02 -1.107500e+02  1.510000e+00
     vertex  1.000000e+02 -1.155000e+02  1.510000e+00
     vertex  1.053570e+02 -1.108706e+02  1.510000e+00
   endloop
 endfacet
 facet normal  0.000000e+00  0.000000e+00  1.000000e+00
   outer loop
     vertex  1.054864e+02 -1.106464e+02  1.510000e+00
     vertex  1.000000e+02 -1.155000e+02  1.510000e+00
     vertex  1.054070e+02 -1.107500e+02  1.510000e+00
   endloop
 endfacet
 facet normal  0.000000e+00  0.000000e+00  1.000000e+00
   outer loop
     vertex  1.080264e+02 -1.113536e+02  1.510000e+00
     vertex  1.061936e+02 -1.113536e+02  1.510000e+00
     vertex  1.060900e+02 -1.114330e+02  1.510000e+00
   endloop
 endfacet
 facet normal  0.000000e+00  0.000000e+00  1.000000e+00
   outer loop
     vertex  1.081300e+02 -1.114330e+02  1.510000e+00
     vertex  1.080264e+02 -1.113536e+02  1.510000e+00
     vertex  1.060900e+02 -1.114330e+02  1.510000e+00
   endloop
 endfacet
 facet normal  0.000000e+00  0.000000e+00  1.000000e+00
   outer loop
     vertex  1.079470e+02 -1.112500e+02  1.510000e+00
     vertex  1.062730e+02 -1.112500e+02  1.510000e+00
     vertex  1.061936e+02 -1.113536e+02  1.510000e+00
   endloop
 endfacet
 facet normal  0.000000e+00  0.000000e+00  1.000000e+00
   outer loop
     vertex  1.079470e+02 -1.112500e+02  1.510000e+00
     vertex  1.061936e+02 -1.113536e+02  1.510000e+00
     vertex  1.080264e+02 -1.113536e+02  1.510000e+00
   endloop
 endfacet
 facet normal  0.000000e+00  0.000000e+00  1.000000e+00
   outer loop
     vertex  1.082506e+02 -1.114830e+02  1.510000e+00
     vertex  1.060900e+02 -1.114330e+02  1.510000e+00
     vertex  1.059694e+02 -1.114830e+02  1.510000e+00
   endloop
 endfacet
 facet normal  0.000000e+00  0.000000e+00  1.000000e+00
   outer loop
     vertex  1.082506e+02 -1.114830e+02  1.510000e+00
     vertex  1.059694e+02 -1.114830e+02  1.510000e+00
     vertex  1.000000e+02 -1.155000e+02  1.510000e+00
   endloop
 endfacet
 facet normal  0.000000e+00  0.000000e+00  1.000000e+00
   outer loop
     vertex  1.082506e+02 -1.114830e+02  1.510000e+00
     vertex  1.081300e+02 -1.114330e+02  1.510000e+00
     vertex  1.060900e+02 -1.114330e+02  1.510000e+00
   endloop
 endfacet
 facet normal  0.000000e+00  0.000000e+00  1.000000e+00
   outer loop
     vertex  1.078970e+02 -1.111294e+02  1.510000e+00
     vertex  1.063230e+02 -1.111294e+02  1.510000e+00
     vertex  1.062730e+02 -1.112500e+02  1.510000e+00
   endloop
 endfacet
 facet normal  0.000000e+00  0.000000e+00  1.000000e+00
   outer loop
     vertex  1.078970e+02 -1.111294e+02  1.510000e+00
     vertex  1.062730e+02 -1.112500e+02  1.510000e+00
     vertex  1.079470e+02 -1.112500e+02  1.510000e+00
   endloop
 endfacet
 facet normal  0.000000e+00  0.000000e+00  1.000000e+00
   outer loop
     vertex  1.083800e+02 -1.115000e+02  1.510000e+00
     vertex  1.082506e+02 -1.114830e+02  1.510000e+00
     vertex  1.000000e+02 -1.155000e+02  1.510000e+00
   endloop
 endfacet
 facet normal  0.000000e+00  0.000000e+00  1.000000e+00
   outer loop
     vertex  1.078800e+02 -1.110000e+02  1.510000e+00
     vertex  1.063400e+02 -1.110000e+02  1.510000e+00
     vertex  1.063230e+02 -1.111294e+02  1.510000e+00
   endloop
 endfacet
 facet normal  0.000000e+00  0.000000e+00  1.000000e+00
   outer loop
     vertex  1.078800e+02 -1.110000e+02  1.510000e+00
     vertex  1.063230e+02 -1.111294e+02  1.510000e+00
     vertex  1.078970e+02 -1.111294e+02  1.510000e+00
   endloop
 endfacet
 facet normal  0.000000e+00  0.000000e+00  1.000000e+00
   outer loop
     vertex  1.078970e+02 -1.108706e+02  1.510000e+00
     vertex  1.062730e+02 -1.107500e+02  1.510000e+00
     vertex  1.063230e+02 -1.108706e+02  1.510000e+00
   endloop
 endfacet
 facet normal  0.000000e+00  0.000000e+00  1.000000e+00
   outer loop
     vertex  1.078970e+02 -1.108706e+02  1.510000e+00
     vertex  1.063230e+02 -1.108706e+02  1.510000e+00
     vertex  1.063400e+02 -1.110000e+02  1.510000e+00
   endloop
 endfacet
 facet normal  0.000000e+00  0.000000e+00  1.000000e+00
   outer loop
     vertex  1.078970e+02 -1.108706e+02  1.510000e+00
     vertex  1.063400e+02 -1.110000e+02  1.510000e+00
     vertex  1.078800e+02 -1.110000e+02  1.510000e+00
   endloop
 endfacet
 facet normal  0.000000e+00  0.000000e+00  1.000000e+00
   outer loop
     vertex  1.079470e+02 -1.107500e+02  1.510000e+00
     vertex  1.062730e+02 -1.107500e+02  1.510000e+00
     vertex  1.078970e+02 -1.108706e+02  1.510000e+00
   endloop
 endfacet
 facet normal  0.000000e+00  0.000000e+00  1.000000e+00
   outer loop
     vertex  1.080264e+02 -1.106464e+02  1.510000e+00
     vertex  1.062730e+02 -1.107500e+02  1.510000e+00
     vertex  1.079470e+02 -1.107500e+02  1.510000e+00
   endloop
 endfacet
 facet normal  0.000000e+00  0.000000e+00  1.000000e+00
   outer loop
     vertex  1.080264e+02 -1.106464e+02  1.510000e+00
     vertex  1.061936e+02 -1.106464e+02  1.510000e+00
     vertex  1.062730e+02 -1.107500e+02  1.510000e+00
   endloop
 endfacet
 facet normal  0.000000e+00  0.000000e+00  1.000000e+00
   outer loop
     vertex  1.081300e+02 -1.105670e+02  1.510000e+00
     vertex  1.059694e+02 -1.105170e+02  1.510000e+00
     vertex  1.060900e+02 -1.105670e+02  1.510000e+00
   endloop
 endfacet
 facet normal  0.000000e+00  0.000000e+00  1.000000e+00
   outer loop
     vertex  1.081300e+02 -1.105670e+02  1.510000e+00
     vertex  1.060900e+02 -1.105670e+02  1.510000e+00
     vertex  1.061936e+02 -1.106464e+02  1.510000e+00
   endloop
 endfacet
 facet normal  0.000000e+00  0.000000e+00  1.000000e+00
   outer loop
     vertex  1.081300e+02 -1.105670e+02  1.510000e+00
     vertex  1.061936e+02 -1.106464e+02  1.510000e+00
     vertex  1.080264e+02 -1.106464e+02  1.510000e+00
   endloop
 endfacet
 facet normal  0.000000e+00  0.000000e+00  1.000000e+00
   outer loop
     vertex  1.082506e+02 -1.105170e+02  1.510000e+00
     vertex  1.059694e+02 -1.105170e+02  1.510000e+00
     vertex  1.081300e+02 -1.105670e+02  1.510000e+00
   endloop
 endfacet
 facet normal  0.000000e+00  0.000000e+00  1.000000e+00
   outer loop
     vertex  1.083800e+02 -1.105000e+02  1.510000e+00
     vertex  1.058400e+02 -1.105000e+02  1.510000e+00
     vertex  1.059694e+02 -1.105170e+02  1.510000e+00
   endloop
 endfacet
 facet normal  0.000000e+00  0.000000e+00  1.000000e+00
   outer loop
     vertex  1.083800e+02 -1.105000e+02  1.510000e+00
     vertex  1.059694e+02 -1.105170e+02  1.510000e+00
     vertex  1.082506e+02 -1.105170e+02  1.510000e+00
   endloop
 endfacet
 facet normal  0.000000e+00  0.000000e+00  1.000000e+00
   outer loop
     vertex  1.105664e+02 -1.113536e+02  1.510000e+00
     vertex  1.087336e+02 -1.113536e+02  1.510000e+00
     vertex  1.086300e+02 -1.114330e+02  1.510000e+00
   endloop
 endfacet
 facet normal  0.000000e+00  0.000000e+00  1.000000e+00
   outer loop
     vertex  1.104870e+02 -1.112500e+02  1.510000e+00
     vertex  1.087336e+02 -1.113536e+02  1.510000e+00
     vertex  1.105664e+02 -1.113536e+02  1.510000e+00
   endloop
 endfacet
 facet normal  0.000000e+00  0.000000e+00  1.000000e+00
   outer loop
     vertex  1.104870e+02 -1.112500e+02  1.510000e+00
     vertex  1.088130e+02 -1.112500e+02  1.510000e+00
     vertex  1.087336e+02 -1.113536e+02  1.510000e+00
   endloop
 endfacet
 facet normal  0.000000e+00  0.000000e+00  1.000000e+00
   outer loop
     vertex  1.106700e+02 -1.114330e+02  1.510000e+00
     vertex  1.105664e+02 -1.113536e+02  1.510000e+00
     vertex  1.086300e+02 -1.114330e+02  1.510000e+00
   endloop
 endfacet
 facet normal  0.000000e+00  0.000000e+00  1.000000e+00
   outer loop
     vertex  1.104370e+02 -1.111294e+02  1.510000e+00
     vertex  1.088130e+02 -1.112500e+02  1.510000e+00
     vertex  1.104870e+02 -1.112500e+02  1.510000e+00
   endloop
 endfacet
 facet normal  0.000000e+00  0.000000e+00  1.000000e+00
   outer loop
     vertex  1.104370e+02 -1.111294e+02  1.510000e+00
     vertex  1.088630e+02 -1.111294e+02  1.510000e+00
     vertex  1.088130e+02 -1.112500e+02  1.510000e+00
   endloop
 endfacet
 facet normal  0.000000e+00  0.000000e+00  1.000000e+00
   outer loop
     vertex  1.107906e+02 -1.114830e+02  1.510000e+00
     vertex  1.106700e+02 -1.114330e+02  1.510000e+00
     vertex  1.086300e+02 -1.114330e+02  1.510000e+00
   endloop
 endfacet
 facet normal  0.000000e+00  0.000000e+00  1.000000e+00
   outer loop
     vertex  1.107906e+02 -1.114830e+02  1.510000e+00
     vertex  1.086300e+02 -1.114330e+02  1.510000e+00
     vertex  1.085094e+02 -1.114830e+02  1.510000e+00
   endloop
 endfacet
 facet normal  0.000000e+00  0.000000e+00  1.000000e+00
   outer loop
     vertex  1.109200e+02 -1.115000e+02  1.510000e+00
     vertex  1.083800e+02 -1.115000e+02  1.510000e+00
     vertex  1.000000e+02 -1.155000e+02  1.510000e+00
   endloop
 endfacet
 facet normal  0.000000e+00  0.000000e+00  1.000000e+00
   outer loop
     vertex  1.109200e+02 -1.115000e+02  1.510000e+00
     vertex  1.085094e+02 -1.114830e+02  1.510000e+00
     vertex  1.083800e+02 -1.115000e+02  1.510000e+00
   endloop
 endfacet
 facet normal  0.000000e+00  0.000000e+00  1.000000e+00
   outer loop
     vertex  1.109200e+02 -1.115000e+02  1.510000e+00
     vertex  1.107906e+02 -1.114830e+02  1.510000e+00
     vertex  1.085094e+02 -1.114830e+02  1.510000e+00
   endloop
 endfacet
 facet normal  0.000000e+00  0.000000e+00  1.000000e+00
   outer loop
     vertex  1.104200e+02 -1.110000e+02  1.510000e+00
     vertex  1.088630e+02 -1.111294e+02  1.510000e+00
     vertex  1.104370e+02 -1.111294e+02  1.510000e+00
   endloop
 endfacet
 facet normal  0.000000e+00  0.000000e+00  1.000000e+00
   outer loop
     vertex  1.104200e+02 -1.110000e+02  1.510000e+00
     vertex  1.088800e+02 -1.110000e+02  1.510000e+00
     vertex  1.088630e+02 -1.111294e+02  1.510000e+00
   endloop
 endfacet
 facet normal  0.000000e+00  0.000000e+00  1.000000e+00
   outer loop
     vertex  1.104370e+02 -1.108706e+02  1.510000e+00
     vertex  1.088800e+02 -1.110000e+02  1.510000e+00
     vertex  1.104200e+02 -1.110000e+02  1.510000e+00
   endloop
 endfacet
 facet normal  0.000000e+00  0.000000e+00  1.000000e+00
   outer loop
     vertex  1.104370e+02 -1.108706e+02  1.510000e+00
     vertex  1.088630e+02 -1.108706e+02  1.510000e+00
     vertex  1.088800e+02 -1.110000e+02  1.510000e+00
   endloop
 endfacet
 facet normal  0.000000e+00  0.000000e+00  1.000000e+00
   outer loop
     vertex  1.104870e+02 -1.107500e+02  1.510000e+00
     vertex  1.088630e+02 -1.108706e+02  1.510000e+00
     vertex  1.104370e+02 -1.108706e+02  1.510000e+00
   endloop
 endfacet
 facet normal  0.000000e+00  0.000000e+00  1.000000e+00
   outer loop
     vertex  1.104870e+02 -1.107500e+02  1.510000e+00
     vertex  1.088130e+02 -1.107500e+02  1.510000e+00
     vertex  1.088630e+02 -1.108706e+02  1.510000e+00
   endloop
 endfacet
 facet normal  0.000000e+00  0.000000e+00  1.000000e+00
   outer loop
     vertex  1.105664e+02 -1.106464e+02  1.510000e+00
     vertex  1.087336e+02 -1.106464e+02  1.510000e+00
     vertex  1.088130e+02 -1.107500e+02  1.510000e+00
   endloop
 endfacet
 facet normal  0.000000e+00  0.000000e+00  1.000000e+00
   outer loop
     vertex  1.105664e+02 -1.106464e+02  1.510000e+00
     vertex  1.088130e+02 -1.107500e+02  1.510000e+00
     vertex  1.104870e+02 -1.107500e+02  1.510000e+00
   endloop
 endfacet
 facet normal  0.000000e+00  0.000000e+00  1.000000e+00
   outer loop
     vertex  1.106700e+02 -1.105670e+02  1.510000e+00
     vertex  1.086300e+02 -1.105670e+02  1.510000e+00
     vertex  1.087336e+02 -1.106464e+02  1.510000e+00
   endloop
 endfacet
 facet normal  0.000000e+00  0.000000e+00  1.000000e+00
   outer loop
     vertex  1.106700e+02 -1.105670e+02  1.510000e+00
     vertex  1.087336e+02 -1.106464e+02  1.510000e+00
     vertex  1.105664e+02 -1.106464e+02  1.510000e+00
   endloop
 endfacet
 facet normal  0.000000e+00  0.000000e+00  1.000000e+00
   outer loop
     vertex  1.107906e+02 -1.105170e+02  1.510000e+00
     vertex  1.083800e+02 -1.105000e+02  1.510000e+00
     vertex  1.085094e+02 -1.105170e+02  1.510000e+00
   endloop
 endfacet
 facet normal  0.000000e+00  0.000000e+00  1.000000e+00
   outer loop
     vertex  1.107906e+02 -1.105170e+02  1.510000e+00
     vertex  1.085094e+02 -1.105170e+02  1.510000e+00
     vertex  1.086300e+02 -1.105670e+02  1.510000e+00
   endloop
 endfacet
 facet normal  0.000000e+00  0.000000e+00  1.000000e+00
   outer loop
     vertex  1.107906e+02 -1.105170e+02  1.510000e+00
     vertex  1.086300e+02 -1.105670e+02  1.510000e+00
     vertex  1.106700e+02 -1.105670e+02  1.510000e+00
   endloop
 endfacet
 facet normal  0.000000e+00  0.000000e+00  1.000000e+00
   outer loop
     vertex  1.109200e+02 -1.105000e+02  1.510000e+00
     vertex  1.083800e+02 -1.105000e+02  1.510000e+00
     vertex  1.107906e+02 -1.105170e+02  1.510000e+00
   endloop
 endfacet
 facet normal  0.000000e+00  0.000000e+00  1.000000e+00
   outer loop
     vertex  1.131064e+02 -1.113536e+02  1.510000e+00
     vertex  1.113530e+02 -1.112500e+02  1.510000e+00
     vertex  1.112736e+02 -1.113536e+02  1.510000e+00
   endloop
 endfacet
 facet normal  0.000000e+00  0.000000e+00  1.000000e+00
   outer loop
     vertex  1.131064e+02 -1.113536e+02  1.510000e+00
     vertex  1.112736e+02 -1.113536e+02  1.510000e+00
     vertex  1.111700e+02 -1.114330e+02  1.510000e+00
   endloop
 endfacet
 facet normal  0.000000e+00  0.000000e+00  1.000000e+00
   outer loop
     vertex  1.130270e+02 -1.112500e+02  1.510000e+00
     vertex  1.113530e+02 -1.112500e+02  1.510000e+00
     vertex  1.131064e+02 -1.113536e+02  1.510000e+00
   endloop
 endfacet
 facet normal  0.000000e+00  0.000000e+00  1.000000e+00
   outer loop
     vertex  1.132100e+02 -1.114330e+02  1.510000e+00
     vertex  1.111700e+02 -1.114330e+02  1.510000e+00
     vertex  1.110494e+02 -1.114830e+02  1.510000e+00
   endloop
 endfacet
 facet normal  0.000000e+00  0.000000e+00  1.000000e+00
   outer loop
     vertex  1.132100e+02 -1.114330e+02  1.510000e+00
     vertex  1.131064e+02 -1.113536e+02  1.510000e+00
     vertex  1.111700e+02 -1.114330e+02  1.510000e+00
   endloop
 endfacet
 facet normal  0.000000e+00  0.000000e+00  1.000000e+00
   outer loop
     vertex  1.129770e+02 -1.111294e+02  1.510000e+00
     vertex  1.114030e+02 -1.111294e+02  1.510000e+00
     vertex  1.113530e+02 -1.112500e+02  1.510000e+00
   endloop
 endfacet
 facet normal  0.000000e+00  0.000000e+00  1.000000e+00
   outer loop
     vertex  1.129770e+02 -1.111294e+02  1.510000e+00
     vertex  1.113530e+02 -1.112500e+02  1.510000e+00
     vertex  1.130270e+02 -1.112500e+02  1.510000e+00
   endloop
 endfacet
 facet normal  0.000000e+00  0.000000e+00  1.000000e+00
   outer loop
     vertex  1.133306e+02 -1.114830e+02  1.510000e+00
     vertex  1.132100e+02 -1.114330e+02  1.510000e+00
     vertex  1.110494e+02 -1.114830e+02  1.510000e+00
   endloop
 endfacet
 facet normal  0.000000e+00  0.000000e+00  1.000000e+00
   outer loop
     vertex  1.134600e+02 -1.115000e+02  1.510000e+00
     vertex  1.109200e+02 -1.115000e+02  1.510000e+00
     vertex  1.000000e+02 -1.155000e+02  1.510000e+00
   endloop
 endfacet
 facet normal  0.000000e+00  0.000000e+00  1.000000e+00
   outer loop
     vertex  1.134600e+02 -1.115000e+02  1.510000e+00
     vertex  1.110494e+02 -1.114830e+02  1.510000e+00
     vertex  1.109200e+02 -1.115000e+02  1.510000e+00
   endloop
 endfacet
 facet normal  0.000000e+00  0.000000e+00  1.000000e+00
   outer loop
     vertex  1.134600e+02 -1.115000e+02  1.510000e+00
     vertex  1.133306e+02 -1.114830e+02  1.510000e+00
     vertex  1.110494e+02 -1.114830e+02  1.510000e+00
   endloop
 endfacet
 facet normal  0.000000e+00  0.000000e+00  1.000000e+00
   outer loop
     vertex  1.129600e+02 -1.110000e+02  1.510000e+00
     vertex  1.114030e+02 -1.111294e+02  1.510000e+00
     vertex  1.129770e+02 -1.111294e+02  1.510000e+00
   endloop
 endfacet
 facet normal  0.000000e+00  0.000000e+00  1.000000e+00
   outer loop
     vertex  1.129600e+02 -1.110000e+02  1.510000e+00
     vertex  1.114200e+02 -1.110000e+02  1.510000e+00
     vertex  1.114030e+02 -1.111294e+02  1.510000e+00
   endloop
 endfacet
 facet normal  0.000000e+00  0.000000e+00  1.000000e+00
   outer loop
     vertex  1.129770e+02 -1.108706e+02  1.510000e+00
     vertex  1.114200e+02 -1.110000e+02  1.510000e+00
     vertex  1.129600e+02 -1.110000e+02  1.510000e+00
   endloop
 endfacet
 facet normal  0.000000e+00  0.000000e+00  1.000000e+00
   outer loop
     vertex  1.129770e+02 -1.108706e+02  1.510000e+00
     vertex  1.114030e+02 -1.108706e+02  1.510000e+00
     vertex  1.114200e+02 -1.110000e+02  1.510000e+00
   endloop
 endfacet
 facet normal  0.000000e+00  0.000000e+00  1.000000e+00
   outer loop
     vertex  1.130270e+02 -1.107500e+02  1.510000e+00
     vertex  1.114030e+02 -1.108706e+02  1.510000e+00
     vertex  1.129770e+02 -1.108706e+02  1.510000e+00
   endloop
 endfacet
 facet normal  0.000000e+00  0.000000e+00  1.000000e+00
   outer loop
     vertex  1.130270e+02 -1.107500e+02  1.510000e+00
     vertex  1.113530e+02 -1.107500e+02  1.510000e+00
     vertex  1.114030e+02 -1.108706e+02  1.510000e+00
   endloop
 endfacet
 facet normal  0.000000e+00  0.000000e+00  1.000000e+00
   outer loop
     vertex  1.131064e+02 -1.106464e+02  1.510000e+00
     vertex  1.113530e+02 -1.107500e+02  1.510000e+00
     vertex  1.130270e+02 -1.107500e+02  1.510000e+00
   endloop
 endfacet
 facet normal  0.000000e+00  0.000000e+00  1.000000e+00
   outer loop
     vertex  1.131064e+02 -1.106464e+02  1.510000e+00
     vertex  1.112736e+02 -1.106464e+02  1.510000e+00
     vertex  1.113530e+02 -1.107500e+02  1.510000e+00
   endloop
 endfacet
 facet normal  0.000000e+00  0.000000e+00  1.000000e+00
   outer loop
     vertex  1.132100e+02 -1.105670e+02  1.510000e+00
     vertex  1.112736e+02 -1.106464e+02  1.510000e+00
     vertex  1.131064e+02 -1.106464e+02  1.510000e+00
   endloop
 endfacet
 facet normal  0.000000e+00  0.000000e+00  1.000000e+00
   outer loop
     vertex  1.132100e+02 -1.105670e+02  1.510000e+00
     vertex  1.110494e+02 -1.105170e+02  1.510000e+00
     vertex  1.111700e+02 -1.105670e+02  1.510000e+00
   endloop
 endfacet
 facet normal  0.000000e+00  0.000000e+00  1.000000e+00
   outer loop
     vertex  1.132100e+02 -1.105670e+02  1.510000e+00
     vertex  1.111700e+02 -1.105670e+02  1.510000e+00
     vertex  1.112736e+02 -1.106464e+02  1.510000e+00
   endloop
 endfacet
 facet normal  0.000000e+00  0.000000e+00  1.000000e+00
   outer loop
     vertex  1.133306e+02 -1.105170e+02  1.510000e+00
     vertex  1.110494e+02 -1.105170e+02  1.510000e+00
     vertex  1.132100e+02 -1.105670e+02  1.510000e+00
   endloop
 endfacet
 facet normal  0.000000e+00  0.000000e+00  1.000000e+00
   outer loop
     vertex  1.133306e+02 -1.105170e+02  1.510000e+00
     vertex  1.109200e+02 -1.105000e+02  1.510000e+00
     vertex  1.110494e+02 -1.105170e+02  1.510000e+00
   endloop
 endfacet
 facet normal  0.000000e+00  0.000000e+00  1.000000e+00
   outer loop
     vertex  1.134600e+02 -1.105000e+02  1.510000e+00
     vertex  1.109200e+02 -1.105000e+02  1.510000e+00
     vertex  1.133306e+02 -1.105170e+02  1.510000e+00
   endloop
 endfacet
 facet normal  0.000000e+00  0.000000e+00  1.000000e+00
   outer loop
     vertex  1.156464e+02 -1.113536e+02  1.510000e+00
     vertex  1.138930e+02 -1.112500e+02  1.510000e+00
     vertex  1.138136e+02 -1.113536e+02  1.510000e+00
   endloop
 endfacet
 facet normal  0.000000e+00  0.000000e+00  1.000000e+00
   outer loop
     vertex  1.155670e+02 -1.112500e+02  1.510000e+00
     vertex  1.138930e+02 -1.112500e+02  1.510000e+00
     vertex  1.156464e+02 -1.113536e+02  1.510000e+00
   endloop
 endfacet
 facet normal  0.000000e+00  0.000000e+00  1.000000e+00
   outer loop
     vertex  1.157500e+02 -1.114330e+02  1.510000e+00
     vertex  1.156464e+02 -1.113536e+02  1.510000e+00
     vertex  1.138136e+02 -1.113536e+02  1.510000e+00
   endloop
 endfacet
 facet normal  0.000000e+00  0.000000e+00  1.000000e+00
   outer loop
     vertex  1.157500e+02 -1.114330e+02  1.510000e+00
     vertex  1.138136e+02 -1.113536e+02  1.510000e+00
     vertex  1.137100e+02 -1.114330e+02  1.510000e+00
   endloop
 endfacet
 facet normal  0.000000e+00  0.000000e+00  1.000000e+00
   outer loop
     vertex  1.157500e+02 -1.114330e+02  1.510000e+00
     vertex  1.137100e+02 -1.114330e+02  1.510000e+00
     vertex  1.135894e+02 -1.114830e+02  1.510000e+00
   endloop
 endfacet
 facet normal  0.000000e+00  0.000000e+00  1.000000e+00
   outer loop
     vertex  1.155170e+02 -1.111294e+02  1.510000e+00
     vertex  1.138930e+02 -1.112500e+02  1.510000e+00
     vertex  1.155670e+02 -1.112500e+02  1.510000e+00
   endloop
 endfacet
 facet normal  0.000000e+00  0.000000e+00  1.000000e+00
   outer loop
     vertex  1.155170e+02 -1.111294e+02  1.510000e+00
     vertex  1.139600e+02 -1.110000e+02  1.510000e+00
     vertex  1.139430e+02 -1.111294e+02  1.510000e+00
   endloop
 endfacet
 facet normal  0.000000e+00  0.000000e+00  1.000000e+00
   outer loop
     vertex  1.155170e+02 -1.111294e+02  1.510000e+00
     vertex  1.139430e+02 -1.111294e+02  1.510000e+00
     vertex  1.138930e+02 -1.112500e+02  1.510000e+00
   endloop
 endfacet
 facet normal  0.000000e+00  0.000000e+00  1.000000e+00
   outer loop
     vertex  1.158706e+02 -1.114830e+02  1.510000e+00
     vertex  1.157500e+02 -1.114330e+02  1.510000e+00
     vertex  1.135894e+02 -1.114830e+02  1.510000e+00
   endloop
 endfacet
 facet normal  0.000000e+00  0.000000e+00  1.000000e+00
   outer loop
     vertex  1.160000e+02 -1.115000e+02  1.510000e+00
     vertex  1.158706e+02 -1.114830e+02  1.510000e+00
     vertex  1.135894e+02 -1.114830e+02  1.510000e+00
   endloop
 endfacet
 facet normal  0.000000e+00  0.000000e+00  1.000000e+00
   outer loop
     vertex  1.160000e+02 -1.115000e+02  1.510000e+00
     vertex  1.134600e+02 -1.115000e+02  1.510000e+00
     vertex  1.000000e+02 -1.155000e+02  1.510000e+00
   endloop
 endfacet
 facet normal  0.000000e+00  0.000000e+00  1.000000e+00
   outer loop
     vertex  1.160000e+02 -1.115000e+02  1.510000e+00
     vertex  1.135894e+02 -1.114830e+02  1.510000e+00
     vertex  1.134600e+02 -1.115000e+02  1.510000e+00
   endloop
 endfacet
 facet normal  0.000000e+00  0.000000e+00  1.000000e+00
   outer loop
     vertex  1.155000e+02 -1.110000e+02  1.510000e+00
     vertex  1.139600e+02 -1.110000e+02  1.510000e+00
     vertex  1.155170e+02 -1.111294e+02  1.510000e+00
   endloop
 endfacet
 facet normal  0.000000e+00  0.000000e+00  1.000000e+00
   outer loop
     vertex  1.155170e+02 -1.108706e+02  1.510000e+00
     vertex  1.139600e+02 -1.110000e+02  1.510000e+00
     vertex  1.155000e+02 -1.110000e+02  1.510000e+00
   endloop
 endfacet
 facet normal  0.000000e+00  0.000000e+00  1.000000e+00
   outer loop
     vertex  1.155170e+02 -1.108706e+02  1.510000e+00
     vertex  1.139430e+02 -1.108706e+02  1.510000e+00
     vertex  1.139600e+02 -1.110000e+02  1.510000e+00
   endloop
 endfacet
 facet normal  0.000000e+00  0.000000e+00  1.000000e+00
   outer loop
     vertex  1.155670e+02 -1.107500e+02  1.510000e+00
     vertex  1.139430e+02 -1.108706e+02  1.510000e+00
     vertex  1.155170e+02 -1.108706e+02  1.510000e+00
   endloop
 endfacet
 facet normal  0.000000e+00  0.000000e+00  1.000000e+00
   outer loop
     vertex  1.155670e+02 -1.107500e+02  1.510000e+00
     vertex  1.138930e+02 -1.107500e+02  1.510000e+00
     vertex  1.139430e+02 -1.108706e+02  1.510000e+00
   endloop
 endfacet
 facet normal  0.000000e+00  0.000000e+00  1.000000e+00
   outer loop
     vertex  1.156464e+02 -1.106464e+02  1.510000e+00
     vertex  1.138930e+02 -1.107500e+02  1.510000e+00
     vertex  1.155670e+02 -1.107500e+02  1.510000e+00
   endloop
 endfacet
 facet normal  0.000000e+00  0.000000e+00  1.000000e+00
   outer loop
     vertex  1.156464e+02 -1.106464e+02  1.510000e+00
     vertex  1.138136e+02 -1.106464e+02  1.510000e+00
     vertex  1.138930e+02 -1.107500e+02  1.510000e+00
   endloop
 endfacet
 facet normal  0.000000e+00  0.000000e+00  1.000000e+00
   outer loop
     vertex  1.157500e+02 -1.105670e+02  1.510000e+00
     vertex  1.138136e+02 -1.106464e+02  1.510000e+00
     vertex  1.156464e+02 -1.106464e+02  1.510000e+00
   endloop
 endfacet
 facet normal  0.000000e+00  0.000000e+00  1.000000e+00
   outer loop
     vertex  1.157500e+02 -1.105670e+02  1.510000e+00
     vertex  1.137100e+02 -1.105670e+02  1.510000e+00
     vertex  1.138136e+02 -1.106464e+02  1.510000e+00
   endloop
 endfacet
 facet normal  0.000000e+00  0.000000e+00  1.000000e+00
   outer loop
     vertex  1.158706e+02 -1.105170e+02  1.510000e+00
     vertex  1.137100e+02 -1.105670e+02  1.510000e+00
     vertex  1.157500e+02 -1.105670e+02  1.510000e+00
   endloop
 endfacet
 facet normal  0.000000e+00  0.000000e+00  1.000000e+00
   outer loop
     vertex  1.158706e+02 -1.105170e+02  1.510000e+00
     vertex  1.135894e+02 -1.105170e+02  1.510000e+00
     vertex  1.137100e+02 -1.105670e+02  1.510000e+00
   endloop
 endfacet
 facet normal  0.000000e+00  0.000000e+00  1.000000e+00
   outer loop
     vertex  1.160000e+02 -1.105000e+02  1.510000e+00
     vertex  1.135894e+02 -1.105170e+02  1.510000e+00
     vertex  1.158706e+02 -1.105170e+02  1.510000e+00
   endloop
 endfacet
 facet normal  0.000000e+00  0.000000e+00  1.000000e+00
   outer loop
     vertex  1.160000e+02 -1.105000e+02  1.510000e+00
     vertex  1.134600e+02 -1.105000e+02  1.510000e+00
     vertex  1.135894e+02 -1.105170e+02  1.510000e+00
   endloop
 endfacet
 facet normal  0.000000e+00  0.000000e+00  1.000000e+00
   outer loop
     vertex  1.181864e+02 -1.113536e+02  1.510000e+00
     vertex  1.163536e+02 -1.113536e+02  1.510000e+00
     vertex  1.162500e+02 -1.114330e+02  1.510000e+00
   endloop
 endfacet
 facet normal  0.000000e+00  0.000000e+00  1.000000e+00
   outer loop
     vertex  1.182900e+02 -1.114330e+02  1.510000e+00
     vertex  1.181864e+02 -1.113536e+02  1.510000e+00
     vertex  1.162500e+02 -1.114330e+02  1.510000e+00
   endloop
 endfacet
 facet normal  0.000000e+00  0.000000e+00  1.000000e+00
   outer loop
     vertex  1.181070e+02 -1.112500e+02  1.510000e+00
     vertex  1.164330e+02 -1.112500e+02  1.510000e+00
     vertex  1.163536e+02 -1.113536e+02  1.510000e+00
   endloop
 endfacet
 facet normal  0.000000e+00  0.000000e+00  1.000000e+00
   outer loop
     vertex  1.181070e+02 -1.112500e+02  1.510000e+00
     vertex  1.163536e+02 -1.113536e+02  1.510000e+00
     vertex  1.181864e+02 -1.113536e+02  1.510000e+00
   endloop
 endfacet
 facet normal  0.000000e+00  0.000000e+00  1.000000e+00
   outer loop
     vertex  1.184106e+02 -1.114830e+02  1.510000e+00
     vertex  1.162500e+02 -1.114330e+02  1.510000e+00
     vertex  1.161294e+02 -1.114830e+02  1.510000e+00
   endloop
 endfacet
 facet normal  0.000000e+00  0.000000e+00  1.000000e+00
   outer loop
     vertex  1.184106e+02 -1.114830e+02  1.510000e+00
     vertex  1.182900e+02 -1.114330e+02  1.510000e+00
     vertex  1.162500e+02 -1.114330e+02  1.510000e+00
   endloop
 endfacet
 facet normal  0.000000e+00  0.000000e+00  1.000000e+00
   outer loop
     vertex  1.180570e+02 -1.111294e+02  1.510000e+00
     vertex  1.164830e+02 -1.111294e+02  1.510000e+00
     vertex  1.164330e+02 -1.112500e+02  1.510000e+00
   endloop
 endfacet
 facet normal  0.000000e+00  0.000000e+00  1.000000e+00
   outer loop
     vertex  1.180570e+02 -1.111294e+02  1.510000e+00
     vertex  1.164330e+02 -1.112500e+02  1.510000e+00
     vertex  1.181070e+02 -1.112500e+02  1.510000e+00
   endloop
 endfacet
 facet normal  0.000000e+00  0.000000e+00  1.000000e+00
   outer loop
     vertex  1.185400e+02 -1.115000e+02  1.510000e+00
     vertex  1.161294e+02 -1.114830e+02  1.510000e+00
     vertex  1.160000e+02 -1.115000e+02  1.510000e+00
   endloop
 endfacet
 facet normal  0.000000e+00  0.000000e+00  1.000000e+00
   outer loop
     vertex  1.185400e+02 -1.115000e+02  1.510000e+00
     vertex  1.160000e+02 -1.115000e+02  1.510000e+00
     vertex  1.000000e+02 -1.155000e+02  1.510000e+00
   endloop
 endfacet
 facet normal  0.000000e+00  0.000000e+00  1.000000e+00
   outer loop
     vertex  1.185400e+02 -1.115000e+02  1.510000e+00
     vertex  1.184106e+02 -1.114830e+02  1.510000e+00
     vertex  1.161294e+02 -1.114830e+02  1.510000e+00
   endloop
 endfacet
 facet normal  0.000000e+00  0.000000e+00  1.000000e+00
   outer loop
     vertex  1.180400e+02 -1.110000e+02  1.510000e+00
     vertex  1.165000e+02 -1.110000e+02  1.510000e+00
     vertex  1.164830e+02 -1.111294e+02  1.510000e+00
   endloop
 endfacet
 facet normal  0.000000e+00  0.000000e+00  1.000000e+00
   outer loop
     vertex  1.180400e+02 -1.110000e+02  1.510000e+00
     vertex  1.164830e+02 -1.111294e+02  1.510000e+00
     vertex  1.180570e+02 -1.111294e+02  1.510000e+00
   endloop
 endfacet
 facet normal  0.000000e+00  0.000000e+00  1.000000e+00
   outer loop
     vertex  1.180570e+02 -1.108706e+02  1.510000e+00
     vertex  1.164330e+02 -1.107500e+02  1.510000e+00
     vertex  1.164830e+02 -1.108706e+02  1.510000e+00
   endloop
 endfacet
 facet normal  0.000000e+00  0.000000e+00  1.000000e+00
   outer loop
     vertex  1.180570e+02 -1.108706e+02  1.510000e+00
     vertex  1.164830e+02 -1.108706e+02  1.510000e+00
     vertex  1.165000e+02 -1.110000e+02  1.510000e+00
   endloop
 endfacet
 facet normal  0.000000e+00  0.000000e+00  1.000000e+00
   outer loop
     vertex  1.180570e+02 -1.108706e+02  1.510000e+00
     vertex  1.165000e+02 -1.110000e+02  1.510000e+00
     vertex  1.180400e+02 -1.110000e+02  1.510000e+00
   endloop
 endfacet
 facet normal  0.000000e+00  0.000000e+00  1.000000e+00
   outer loop
     vertex  1.181070e+02 -1.107500e+02  1.510000e+00
     vertex  1.164330e+02 -1.107500e+02  1.510000e+00
     vertex  1.180570e+02 -1.108706e+02  1.510000e+00
   endloop
 endfacet
 facet normal  0.000000e+00  0.000000e+00  1.000000e+00
   outer loop
     vertex  1.181864e+02 -1.106464e+02  1.510000e+00
     vertex  1.164330e+02 -1.107500e+02  1.510000e+00
     vertex  1.181070e+02 -1.107500e+02  1.510000e+00
   endloop
 endfacet
 facet normal  0.000000e+00  0.000000e+00  1.000000e+00
   outer loop
     vertex  1.181864e+02 -1.106464e+02  1.510000e+00
     vertex  1.162500e+02 -1.105670e+02  1.510000e+00
     vertex  1.163536e+02 -1.106464e+02  1.510000e+00
   endloop
 endfacet
 facet normal  0.000000e+00  0.000000e+00  1.000000e+00
   outer loop
     vertex  1.181864e+02 -1.106464e+02  1.510000e+00
     vertex  1.163536e+02 -1.106464e+02  1.510000e+00
     vertex  1.164330e+02 -1.107500e+02  1.510000e+00
   endloop
 endfacet
 facet normal  0.000000e+00  0.000000e+00  1.000000e+00
   outer loop
     vertex  1.182900e+02 -1.105670e+02  1.510000e+00
     vertex  1.162500e+02 -1.105670e+02  1.510000e+00
     vertex  1.181864e+02 -1.106464e+02  1.510000e+00
   endloop
 endfacet
 facet normal  0.000000e+00  0.000000e+00  1.000000e+00
   outer loop
     vertex  1.184106e+02 -1.105170e+02  1.510000e+00
     vertex  1.162500e+02 -1.105670e+02  1.510000e+00
     vertex  1.182900e+02 -1.105670e+02  1.510000e+00
   endloop
 endfacet
 facet normal  0.000000e+00  0.000000e+00  1.000000e+00
   outer loop
     vertex  1.184106e+02 -1.105170e+02  1.510000e+00
     vertex  1.160000e+02 -1.105000e+02  1.510000e+00
     vertex  1.161294e+02 -1.105170e+02  1.510000e+00
   endloop
 endfacet
 facet normal  0.000000e+00  0.000000e+00  1.000000e+00
   outer loop
     vertex  1.184106e+02 -1.105170e+02  1.510000e+00
     vertex  1.161294e+02 -1.105170e+02  1.510000e+00
     vertex  1.162500e+02 -1.105670e+02  1.510000e+00
   endloop
 endfacet
 facet normal  0.000000e+00  0.000000e+00  1.000000e+00
   outer loop
     vertex  1.185400e+02 -1.105000e+02  1.510000e+00
     vertex  1.160000e+02 -1.105000e+02  1.510000e+00
     vertex  1.184106e+02 -1.105170e+02  1.510000e+00
   endloop
 endfacet
 facet normal  0.000000e+00  0.000000e+00  1.000000e+00
   outer loop
     vertex  1.207264e+02 -1.113536e+02  1.510000e+00
     vertex  1.188936e+02 -1.113536e+02  1.510000e+00
     vertex  1.187900e+02 -1.114330e+02  1.510000e+00
   endloop
 endfacet
 facet normal  0.000000e+00  0.000000e+00  1.000000e+00
   outer loop
     vertex  1.206470e+02 -1.112500e+02  1.510000e+00
     vertex  1.188936e+02 -1.113536e+02  1.510000e+00
     vertex  1.207264e+02 -1.113536e+02  1.510000e+00
   endloop
 endfacet
 facet normal  0.000000e+00  0.000000e+00  1.000000e+00
   outer loop
     vertex  1.206470e+02 -1.112500e+02  1.510000e+00
     vertex  1.189730e+02 -1.112500e+02  1.510000e+00
     vertex  1.188936e+02 -1.113536e+02  1.510000e+00
   endloop
 endfacet
 facet normal  0.000000e+00  0.000000e+00  1.000000e+00
   outer loop
     vertex  1.208300e+02 -1.114330e+02  1.510000e+00
     vertex  1.187900e+02 -1.114330e+02  1.510000e+00
     vertex  1.186694e+02 -1.114830e+02  1.510000e+00
   endloop
 endfacet
 facet normal  0.000000e+00  0.000000e+00  1.000000e+00
   outer loop
     vertex  1.208300e+02 -1.114330e+02  1.510000e+00
     vertex  1.207264e+02 -1.113536e+02  1.510000e+00
     vertex  1.187900e+02 -1.114330e+02  1.510000e+00
   endloop
 endfacet
 facet normal  0.000000e+00  0.000000e+00  1.000000e+00
   outer loop
     vertex  1.205970e+02 -1.111294e+02  1.510000e+00
     vertex  1.189730e+02 -1.112500e+02  1.510000e+00
     vertex  1.206470e+02 -1.112500e+02  1.510000e+00
   endloop
 endfacet
 facet normal  0.000000e+00  0.000000e+00  1.000000e+00
   outer loop
     vertex  1.205970e+02 -1.111294e+02  1.510000e+00
     vertex  1.190400e+02 -1.110000e+02  1.510000e+00
     vertex  1.190230e+02 -1.111294e+02  1.510000e+00
   endloop
 endfacet
 facet normal  0.000000e+00  0.000000e+00  1.000000e+00
   outer loop
     vertex  1.205970e+02 -1.111294e+02  1.510000e+00
     vertex  1.190230e+02 -1.111294e+02  1.510000e+00
     vertex  1.189730e+02 -1.112500e+02  1.510000e+00
   endloop
 endfacet
 facet normal  0.000000e+00  0.000000e+00  1.000000e+00
   outer loop
     vertex  1.209506e+02 -1.114830e+02  1.510000e+00
     vertex  1.208300e+02 -1.114330e+02  1.510000e+00
     vertex  1.186694e+02 -1.114830e+02  1.510000e+00
   endloop
 endfacet
 facet normal  0.000000e+00  0.000000e+00  1.000000e+00
   outer loop
     vertex  1.210800e+02 -1.115000e+02  1.510000e+00
     vertex  1.209506e+02 -1.114830e+02  1.510000e+00
     vertex  1.186694e+02 -1.114830e+02  1.510000e+00
   endloop
 endfacet
 facet normal  0.000000e+00  0.000000e+00  1.000000e+00
   outer loop
     vertex  1.210800e+02 -1.115000e+02  1.510000e+00
     vertex  1.186694e+02 -1.114830e+02  1.510000e+00
     vertex  1.185400e+02 -1.115000e+02  1.510000e+00
   endloop
 endfacet
 facet normal  0.000000e+00  0.000000e+00  1.000000e+00
   outer loop
     vertex  1.210800e+02 -1.115000e+02  1.510000e+00
     vertex  1.185400e+02 -1.115000e+02  1.510000e+00
     vertex  1.000000e+02 -1.155000e+02  1.510000e+00
   endloop
 endfacet
 facet normal  0.000000e+00  0.000000e+00  1.000000e+00
   outer loop
     vertex  1.205800e+02 -1.110000e+02  1.510000e+00
     vertex  1.190400e+02 -1.110000e+02  1.510000e+00
     vertex  1.205970e+02 -1.111294e+02  1.510000e+00
   endloop
 endfacet
 facet normal  0.000000e+00  0.000000e+00  1.000000e+00
   outer loop
     vertex  1.205970e+02 -1.108706e+02  1.510000e+00
     vertex  1.190230e+02 -1.108706e+02  1.510000e+00
     vertex  1.190400e+02 -1.110000e+02  1.510000e+00
   endloop
 endfacet
 facet normal  0.000000e+00  0.000000e+00  1.000000e+00
   outer loop
     vertex  1.205970e+02 -1.108706e+02  1.510000e+00
     vertex  1.190400e+02 -1.110000e+02  1.510000e+00
     vertex  1.205800e+02 -1.110000e+02  1.510000e+00
   endloop
 endfacet
 facet normal  0.000000e+00  0.000000e+00  1.000000e+00
   outer loop
     vertex  1.206470e+02 -1.107500e+02  1.510000e+00
     vertex  1.190230e+02 -1.108706e+02  1.510000e+00
     vertex  1.205970e+02 -1.108706e+02  1.510000e+00
   endloop
 endfacet
 facet normal  0.000000e+00  0.000000e+00  1.000000e+00
   outer loop
     vertex  1.206470e+02 -1.107500e+02  1.510000e+00
     vertex  1.189730e+02 -1.107500e+02  1.510000e+00
     vertex  1.190230e+02 -1.108706e+02  1.510000e+00
   endloop
 endfacet
 facet normal  0.000000e+00  0.000000e+00  1.000000e+00
   outer loop
     vertex  1.207264e+02 -1.106464e+02  1.510000e+00
     vertex  1.188936e+02 -1.106464e+02  1.510000e+00
     vertex  1.189730e+02 -1.107500e+02  1.510000e+00
   endloop
 endfacet
 facet normal  0.000000e+00  0.000000e+00  1.000000e+00
   outer loop
     vertex  1.207264e+02 -1.106464e+02  1.510000e+00
     vertex  1.189730e+02 -1.107500e+02  1.510000e+00
     vertex  1.206470e+02 -1.107500e+02  1.510000e+00
   endloop
 endfacet
 facet normal  0.000000e+00  0.000000e+00  1.000000e+00
   outer loop
     vertex  1.208300e+02 -1.105670e+02  1.510000e+00
     vertex  1.188936e+02 -1.106464e+02  1.510000e+00
     vertex  1.207264e+02 -1.106464e+02  1.510000e+00
   endloop
 endfacet
 facet normal  0.000000e+00  0.000000e+00  1.000000e+00
   outer loop
     vertex  1.208300e+02 -1.105670e+02  1.510000e+00
     vertex  1.186694e+02 -1.105170e+02  1.510000e+00
     vertex  1.187900e+02 -1.105670e+02  1.510000e+00
   endloop
 endfacet
 facet normal  0.000000e+00  0.000000e+00  1.000000e+00
   outer loop
     vertex  1.208300e+02 -1.105670e+02  1.510000e+00
     vertex  1.187900e+02 -1.105670e+02  1.510000e+00
     vertex  1.188936e+02 -1.106464e+02  1.510000e+00
   endloop
 endfacet
 facet normal  0.000000e+00  0.000000e+00  1.000000e+00
   outer loop
     vertex  1.209506e+02 -1.105170e+02  1.510000e+00
     vertex  1.186694e+02 -1.105170e+02  1.510000e+00
     vertex  1.208300e+02 -1.105670e+02  1.510000e+00
   endloop
 endfacet
 facet normal  0.000000e+00  0.000000e+00  1.000000e+00
   outer loop
     vertex  1.210800e+02 -1.105000e+02  1.510000e+00
     vertex  1.185400e+02 -1.105000e+02  1.510000e+00
     vertex  1.186694e+02 -1.105170e+02  1.510000e+00
   endloop
 endfacet
 facet normal  0.000000e+00  0.000000e+00  1.000000e+00
   outer loop
     vertex  1.210800e+02 -1.105000e+02  1.510000e+00
     vertex  1.186694e+02 -1.105170e+02  1.510000e+00
     vertex  1.209506e+02 -1.105170e+02  1.510000e+00
   endloop
 endfacet
 facet normal  0.000000e+00  0.000000e+00  1.000000e+00
   outer loop
     vertex  1.231870e+02 -1.112500e+02  1.510000e+00
     vertex  1.215130e+02 -1.112500e+02  1.510000e+00
     vertex  1.214336e+02 -1.113536e+02  1.510000e+00
   endloop
 endfacet
 facet normal  0.000000e+00  0.000000e+00  1.000000e+00
   outer loop
     vertex  1.231870e+02 -1.112500e+02  1.510000e+00
     vertex  1.214336e+02 -1.113536e+02  1.510000e+00
     vertex  1.232664e+02 -1.113536e+02  1.510000e+00
   endloop
 endfacet
 facet normal  0.000000e+00  0.000000e+00  1.000000e+00
   outer loop
     vertex  1.233700e+02 -1.114330e+02  1.510000e+00
     vertex  1.214336e+02 -1.113536e+02  1.510000e+00
     vertex  1.213300e+02 -1.114330e+02  1.510000e+00
   endloop
 endfacet
 facet normal  0.000000e+00  0.000000e+00  1.000000e+00
   outer loop
     vertex  1.233700e+02 -1.114330e+02  1.510000e+00
     vertex  1.232664e+02 -1.113536e+02  1.510000e+00
     vertex  1.214336e+02 -1.113536e+02  1.510000e+00
   endloop
 endfacet
 facet normal  0.000000e+00  0.000000e+00  1.000000e+00
   outer loop
     vertex  1.231370e+02 -1.111294e+02  1.510000e+00
     vertex  1.215630e+02 -1.111294e+02  1.510000e+00
     vertex  1.215130e+02 -1.112500e+02  1.510000e+00
   endloop
 endfacet
 facet normal  0.000000e+00  0.000000e+00  1.000000e+00
   outer loop
     vertex  1.231370e+02 -1.111294e+02  1.510000e+00
     vertex  1.215130e+02 -1.112500e+02  1.510000e+00
     vertex  1.231870e+02 -1.112500e+02  1.510000e+00
   endloop
 endfacet
 facet normal  0.000000e+00  0.000000e+00  1.000000e+00
   outer loop
     vertex  1.234906e+02 -1.114830e+02  1.510000e+00
     vertex  1.213300e+02 -1.114330e+02  1.510000e+00
     vertex  1.212094e+02 -1.114830e+02  1.510000e+00
   endloop
 endfacet
 facet normal  0.000000e+00  0.000000e+00  1.000000e+00
   outer loop
     vertex  1.234906e+02 -1.114830e+02  1.510000e+00
     vertex  1.212094e+02 -1.114830e+02  1.510000e+00
     vertex  1.210800e+02 -1.115000e+02  1.510000e+00
   endloop
 endfacet
 facet normal  0.000000e+00  0.000000e+00  1.000000e+00
   outer loop
     vertex  1.234906e+02 -1.114830e+02  1.510000e+00
     vertex  1.233700e+02 -1.114330e+02  1.510000e+00
     vertex  1.213300e+02 -1.114330e+02  1.510000e+00
   endloop
 endfacet
 facet normal  0.000000e+00  0.000000e+00  1.000000e+00
   outer loop
     vertex  1.236200e+02 -1.115000e+02  1.510000e+00
     vertex  1.210800e+02 -1.115000e+02  1.510000e+00
     vertex  1.000000e+02 -1.155000e+02  1.510000e+00
   endloop
 endfacet
 facet normal  0.000000e+00  0.000000e+00  1.000000e+00
   outer loop
     vertex  1.236200e+02 -1.115000e+02  1.510000e+00
     vertex  1.234906e+02 -1.114830e+02  1.510000e+00
     vertex  1.210800e+02 -1.115000e+02  1.510000e+00
   endloop
 endfacet
 facet normal  0.000000e+00  0.000000e+00  1.000000e+00
   outer loop
     vertex  1.231200e+02 -1.110000e+02  1.510000e+00
     vertex  1.215630e+02 -1.111294e+02  1.510000e+00
     vertex  1.231370e+02 -1.111294e+02  1.510000e+00
   endloop
 endfacet
 facet normal  0.000000e+00  0.000000e+00  1.000000e+00
   outer loop
     vertex  1.231200e+02 -1.110000e+02  1.510000e+00
     vertex  1.215630e+02 -1.108706e+02  1.510000e+00
     vertex  1.215800e+02 -1.110000e+02  1.510000e+00
   endloop
 endfacet
 facet normal  0.000000e+00  0.000000e+00  1.000000e+00
   outer loop
     vertex  1.231200e+02 -1.110000e+02  1.510000e+00
     vertex  1.215800e+02 -1.110000e+02  1.510000e+00
     vertex  1.215630e+02 -1.111294e+02  1.510000e+00
   endloop
 endfacet
 facet normal  0.000000e+00  0.000000e+00  1.000000e+00
   outer loop
     vertex  1.231370e+02 -1.108706e+02  1.510000e+00
     vertex  1.215130e+02 -1.107500e+02  1.510000e+00
     vertex  1.215630e+02 -1.108706e+02  1.510000e+00
   endloop
 endfacet
 facet normal  0.000000e+00  0.000000e+00  1.000000e+00
   outer loop
     vertex  1.231370e+02 -1.108706e+02  1.510000e+00
     vertex  1.215630e+02 -1.108706e+02  1.510000e+00
     vertex  1.231200e+02 -1.110000e+02  1.510000e+00
   endloop
 endfacet
 facet normal  0.000000e+00  0.000000e+00  1.000000e+00
   outer loop
     vertex  1.231870e+02 -1.107500e+02  1.510000e+00
     vertex  1.215130e+02 -1.107500e+02  1.510000e+00
     vertex  1.231370e+02 -1.108706e+02  1.510000e+00
   endloop
 endfacet
 facet normal  0.000000e+00  0.000000e+00  1.000000e+00
   outer loop
     vertex  1.232664e+02 -1.106464e+02  1.510000e+00
     vertex  1.215130e+02 -1.107500e+02  1.510000e+00
     vertex  1.231870e+02 -1.107500e+02  1.510000e+00
   endloop
 endfacet
 facet normal  0.000000e+00  0.000000e+00  1.000000e+00
   outer loop
     vertex  1.232664e+02 -1.106464e+02  1.510000e+00
     vertex  1.214336e+02 -1.106464e+02  1.510000e+00
     vertex  1.215130e+02 -1.107500e+02  1.510000e+00
   endloop
 endfacet
 facet normal  0.000000e+00  0.000000e+00  1.000000e+00
   outer loop
     vertex  1.233700e+02 -1.105670e+02  1.510000e+00
     vertex  1.214336e+02 -1.106464e+02  1.510000e+00
     vertex  1.232664e+02 -1.106464e+02  1.510000e+00
   endloop
 endfacet
 facet normal  0.000000e+00  0.000000e+00  1.000000e+00
   outer loop
     vertex  1.233700e+02 -1.105670e+02  1.510000e+00
     vertex  1.212094e+02 -1.105170e+02  1.510000e+00
     vertex  1.213300e+02 -1.105670e+02  1.510000e+00
   endloop
 endfacet
 facet normal  0.000000e+00  0.000000e+00  1.000000e+00
   outer loop
     vertex  1.233700e+02 -1.105670e+02  1.510000e+00
     vertex  1.213300e+02 -1.105670e+02  1.510000e+00
     vertex  1.214336e+02 -1.106464e+02  1.510000e+00
   endloop
 endfacet
 facet normal  0.000000e+00  0.000000e+00  1.000000e+00
   outer loop
     vertex  1.234906e+02 -1.105170e+02  1.510000e+00
     vertex  1.212094e+02 -1.105170e+02  1.510000e+00
     vertex  1.233700e+02 -1.105670e+02  1.510000e+00
   endloop
 endfacet
 facet normal  0.000000e+00  0.000000e+00  1.000000e+00
   outer loop
     vertex  1.236200e+02 -1.105000e+02  1.510000e+00
     vertex  1.212094e+02 -1.105170e+02  1.510000e+00
     vertex  1.234906e+02 -1.105170e+02  1.510000e+00
   endloop
 endfacet
 facet normal  0.000000e+00  0.000000e+00  1.000000e+00
   outer loop
     vertex  1.236200e+02 -1.105000e+02  1.510000e+00
     vertex  1.210800e+02 -1.105000e+02  1.510000e+00
     vertex  1.212094e+02 -1.105170e+02  1.510000e+00
   endloop
 endfacet
 facet normal  0.000000e+00  0.000000e+00  1.000000e+00
   outer loop
     vertex  1.053787e+02 -8.212132e+01  1.510000e+00
     vertex  1.054864e+02 -1.106464e+02  1.510000e+00
     vertex  1.055900e+02 -1.105670e+02  1.510000e+00
   endloop
 endfacet
 facet normal  0.000000e+00  0.000000e+00  1.000000e+00
   outer loop
     vertex  1.053787e+02 -8.212132e+01  1.510000e+00
     vertex  1.000000e+02 -1.155000e+02  1.510000e+00
     vertex  1.054864e+02 -1.106464e+02  1.510000e+00
   endloop
 endfacet
 facet normal  0.000000e+00  0.000000e+00  1.000000e+00
   outer loop
     vertex  1.049019e+02 -8.150000e+01  1.510000e+00
     vertex  1.000000e+02 -1.155000e+02  1.510000e+00
     vertex  1.053787e+02 -8.212132e+01  1.510000e+00
   endloop
 endfacet
 facet normal  0.000000e+00  0.000000e+00  1.000000e+00
   outer loop
     vertex  1.060000e+02 -8.259808e+01  1.510000e+00
     vertex  1.055900e+02 -1.105670e+02  1.510000e+00
     vertex  1.057106e+02 -1.105170e+02  1.510000e+00
   endloop
 endfacet
 facet normal  0.000000e+00  0.000000e+00  1.000000e+00
   outer loop
     vertex  1.060000e+02 -8.259808e+01  1.510000e+00
     vertex  1.053787e+02 -8.212132e+01  1.510000e+00
     vertex  1.055900e+02 -1.105670e+02  1.510000e+00
   endloop
 endfacet
 facet normal  0.000000e+00  0.000000e+00  1.000000e+00
   outer loop
     vertex  1.046022e+02 -8.077646e+01  1.510000e+00
     vertex  1.000000e+02 -1.155000e+02  1.510000e+00
     vertex  1.049019e+02 -8.150000e+01  1.510000e+00
   endloop
 endfacet
 facet normal  0.000000e+00  0.000000e+00  1.000000e+00
   outer loop
     vertex  1.067235e+02 -8.289778e+01  1.510000e+00
     vertex  1.057106e+02 -1.105170e+02  1.510000e+00
     vertex  1.058400e+02 -1.105000e+02  1.510000e+00
   endloop
 endfacet
 facet normal  0.000000e+00  0.000000e+00  1.000000e+00
   outer loop
     vertex  1.067235e+02 -8.289778e+01  1.510000e+00
     vertex  1.060000e+02 -8.259808e+01  1.510000e+00
     vertex  1.057106e+02 -1.105170e+02  1.510000e+00
   endloop
 endfacet
 facet normal  0.000000e+00  0.000000e+00  1.000000e+00
   outer loop
     vertex  1.075000e+02 -8.300000e+01  1.510000e+00
     vertex  1.058400e+02 -1.105000e+02  1.510000e+00
     vertex  1.083800e+02 -1.105000e+02  1.510000e+00
   endloop
 endfacet
 facet normal  0.000000e+00  0.000000e+00  1.000000e+00
   outer loop
     vertex  1.075000e+02 -8.300000e+01  1.510000e+00
     vertex  1.067235e+02 -8.289778e+01  1.510000e+00
     vertex  1.058400e+02 -1.105000e+02  1.510000e+00
   endloop
 endfacet
 facet normal  0.000000e+00  0.000000e+00  1.000000e+00
   outer loop
     vertex  1.075000e+02 -8.300000e+01  1.510000e+00
     vertex  1.083800e+02 -1.105000e+02  1.510000e+00
     vertex  1.109200e+02 -1.105000e+02  1.510000e+00
   endloop
 endfacet
 facet normal  0.000000e+00  0.000000e+00  1.000000e+00
   outer loop
     vertex  1.045000e+02 -8.000000e+01  1.510000e+00
     vertex  1.000000e+02 -1.155000e+02  1.510000e+00
     vertex  1.046022e+02 -8.077646e+01  1.510000e+00
   endloop
 endfacet
 facet normal  0.000000e+00  0.000000e+00  1.000000e+00
   outer loop
     vertex  1.082765e+02 -8.289778e+01  1.510000e+00
     vertex  1.109200e+02 -1.105000e+02  1.510000e+00
     vertex  1.134600e+02 -1.105000e+02  1.510000e+00
   endloop
 endfacet
 facet normal  0.000000e+00  0.000000e+00  1.000000e+00
   outer loop
     vertex  1.082765e+02 -8.289778e+01  1.510000e+00
     vertex  1.075000e+02 -8.300000e+01  1.510000e+00
     vertex  1.109200e+02 -1.105000e+02  1.510000e+00
   endloop
 endfacet
 facet normal  0.000000e+00  0.000000e+00  1.000000e+00
   outer loop
     vertex  1.090000e+02 -8.259808e+01  1.510000e+00
     vertex  1.134600e+02 -1.105000e+02  1.510000e+00
     vertex  1.160000e+02 -1.105000e+02  1.510000e+00
   endloop
 endfacet
 facet normal  0.000000e+00  0.000000e+00  1.000000e+00
   outer loop
     vertex  1.090000e+02 -8.259808e+01  1.510000e+00
     vertex  1.160000e+02 -1.105000e+02  1.510000e+00
     vertex  1.185400e+02 -1.105000e+02  1.510000e+00
   endloop
 endfacet
 facet normal  0.000000e+00  0.000000e+00  1.000000e+00
   outer loop
     vertex  1.090000e+02 -8.259808e+01  1.510000e+00
     vertex  1.082765e+02 -8.289778e+01  1.510000e+00
     vertex  1.134600e+02 -1.105000e+02  1.510000e+00
   endloop
 endfacet
 facet normal  0.000000e+00  0.000000e+00  1.000000e+00
   outer loop
     vertex  1.096213e+02 -8.212132e+01  1.510000e+00
     vertex  1.210800e+02 -1.105000e+02  1.510000e+00
     vertex  1.236200e+02 -1.105000e+02  1.510000e+00
   endloop
 endfacet
 facet normal  0.000000e+00  0.000000e+00  1.000000e+00
   outer loop
     vertex  1.096213e+02 -8.212132e+01  1.510000e+00
     vertex  1.090000e+02 -8.259808e+01  1.510000e+00
     vertex  1.185400e+02 -1.105000e+02  1.510000e+00
   endloop
 endfacet
 facet normal  0.000000e+00  0.000000e+00  1.000000e+00
   outer loop
     vertex  1.096213e+02 -8.212132e+01  1.510000e+00
     vertex  1.185400e+02 -1.105000e+02  1.510000e+00
     vertex  1.210800e+02 -1.105000e+02  1.510000e+00
   endloop
 endfacet
 facet normal  0.000000e+00  0.000000e+00  1.000000e+00
   outer loop
     vertex  1.100981e+02 -8.150000e+01  1.510000e+00
     vertex  1.096213e+02 -8.212132e+01  1.510000e+00
     vertex  1.236200e+02 -1.105000e+02  1.510000e+00
   endloop
 endfacet
 facet normal  0.000000e+00  0.000000e+00  1.000000e+00
   outer loop
     vertex  1.100981e+02 -8.150000e+01  1.510000e+00
     vertex  1.236200e+02 -1.105000e+02  1.510000e+00
     vertex  1.237494e+02 -1.105170e+02  1.510000e+00
   endloop
 endfacet
 facet normal  0.000000e+00  0.000000e+00  1.000000e+00
   outer loop
     vertex  1.103978e+02 -8.077646e+01  1.510000e+00
     vertex  1.100981e+02 -8.150000e+01  1.510000e+00
     vertex  1.237494e+02 -1.105170e+02  1.510000e+00
   endloop
 endfacet
 facet normal  0.000000e+00  0.000000e+00  1.000000e+00
   outer loop
     vertex  1.103978e+02 -8.077646e+01  1.510000e+00
     vertex  1.237494e+02 -1.105170e+02  1.510000e+00
     vertex  1.238700e+02 -1.105670e+02  1.510000e+00
   endloop
 endfacet
 facet normal  0.000000e+00  0.000000e+00  1.000000e+00
   outer loop
     vertex  1.000000e+02 -5.000000e+01  1.510000e+00
     vertex  1.045000e+02 -8.000000e+01  1.510000e+00
     vertex  1.046022e+02 -7.922354e+01  1.510000e+00
   endloop
 endfacet
 facet normal  0.000000e+00  0.000000e+00  1.000000e+00
   outer loop
     vertex  1.000000e+02 -5.000000e+01  1.510000e+00
     vertex  1.046022e+02 -7.922354e+01  1.510000e+00
     vertex  1.049019e+02 -7.850000e+01  1.510000e+00
   endloop
 endfacet
 facet normal  0.000000e+00  0.000000e+00  1.000000e+00
   outer loop
     vertex  1.000000e+02 -5.000000e+01  1.510000e+00
     vertex  1.049019e+02 -7.850000e+01  1.510000e+00
     vertex  1.053787e+02 -7.787868e+01  1.510000e+00
   endloop
 endfacet
 facet normal  0.000000e+00  0.000000e+00  1.000000e+00
   outer loop
     vertex  1.000000e+02 -5.000000e+01  1.510000e+00
     vertex  1.053787e+02 -7.787868e+01  1.510000e+00
     vertex  1.060000e+02 -7.740192e+01  1.510000e+00
   endloop
 endfacet
 facet normal  0.000000e+00  0.000000e+00  1.000000e+00
   outer loop
     vertex  1.000000e+02 -5.000000e+01  1.510000e+00
     vertex  1.060000e+02 -7.740192e+01  1.510000e+00
     vertex  1.067235e+02 -7.710222e+01  1.510000e+00
   endloop
 endfacet
 facet normal  0.000000e+00  0.000000e+00  1.000000e+00
   outer loop
     vertex  1.000000e+02 -5.000000e+01  1.510000e+00
     vertex  1.067235e+02 -7.710222e+01  1.510000e+00
     vertex  1.075000e+02 -7.700000e+01  1.510000e+00
   endloop
 endfacet
 facet normal  0.000000e+00  0.000000e+00  1.000000e+00
   outer loop
     vertex  1.000000e+02 -5.000000e+01  1.510000e+00
     vertex  1.075000e+02 -7.700000e+01  1.510000e+00
     vertex  1.082765e+02 -7.710222e+01  1.510000e+00
   endloop
 endfacet
 facet normal  0.000000e+00  0.000000e+00  1.000000e+00
   outer loop
     vertex  1.000000e+02 -5.000000e+01  1.510000e+00
     vertex  1.082765e+02 -7.710222e+01  1.510000e+00
     vertex  1.090000e+02 -7.740192e+01  1.510000e+00
   endloop
 endfacet
 facet normal  0.000000e+00  0.000000e+00  1.000000e+00
   outer loop
     vertex  1.000000e+02 -5.000000e+01  1.510000e+00
     vertex  1.090000e+02 -7.740192e+01  1.510000e+00
     vertex  1.096213e+02 -7.787868e+01  1.510000e+00
   endloop
 endfacet
 facet normal  0.000000e+00  0.000000e+00  1.000000e+00
   outer loop
     vertex  1.800000e+02 -1.155000e+02  1.510000e+00
     vertex  1.236200e+02 -1.115000e+02  1.510000e+00
     vertex  1.000000e+02 -1.155000e+02  1.510000e+00
   endloop
 endfacet
 facet normal  0.000000e+00  0.000000e+00  1.000000e+00
   outer loop
     vertex  1.800000e+02 -1.155000e+02  1.510000e+00
     vertex  1.241030e+02 -1.108706e+02  1.510000e+00
     vertex  1.241200e+02 -1.110000e+02  1.510000e+00
   endloop
 endfacet
 facet normal  0.000000e+00  0.000000e+00  1.000000e+00
   outer loop
     vertex  1.800000e+02 -1.155000e+02  1.510000e+00
     vertex  1.241200e+02 -1.110000e+02  1.510000e+00
     vertex  1.241030e+02 -1.111294e+02  1.510000e+00
   endloop
 endfacet
 facet normal  0.000000e+00  0.000000e+00  1.000000e+00
   outer loop
     vertex  1.800000e+02 -1.155000e+02  1.510000e+00
     vertex  1.241030e+02 -1.111294e+02  1.510000e+00
     vertex  1.240530e+02 -1.112500e+02  1.510000e+00
   endloop
 endfacet
 facet normal  0.000000e+00  0.000000e+00  1.000000e+00
   outer loop
     vertex  1.800000e+02 -1.155000e+02  1.510000e+00
     vertex  1.240530e+02 -1.112500e+02  1.510000e+00
     vertex  1.239736e+02 -1.113536e+02  1.510000e+00
   endloop
 endfacet
 facet normal  0.000000e+00  0.000000e+00  1.000000e+00
   outer loop
     vertex  1.800000e+02 -1.155000e+02  1.510000e+00
     vertex  1.239736e+02 -1.113536e+02  1.510000e+00
     vertex  1.238700e+02 -1.114330e+02  1.510000e+00
   endloop
 endfacet
 facet normal  0.000000e+00  0.000000e+00  1.000000e+00
   outer loop
     vertex  1.800000e+02 -1.155000e+02  1.510000e+00
     vertex  1.238700e+02 -1.114330e+02  1.510000e+00
     vertex  1.237494e+02 -1.114830e+02  1.510000e+00
   endloop
 endfacet
 facet normal  0.000000e+00  0.000000e+00  1.000000e+00
   outer loop
     vertex  1.800000e+02 -1.155000e+02  1.510000e+00
     vertex  1.237494e+02 -1.114830e+02  1.510000e+00
     vertex  1.236200e+02 -1.115000e+02  1.510000e+00
   endloop
 endfacet
 facet normal  0.000000e+00  0.000000e+00  1.000000e+00
   outer loop
     vertex  1.703787e+02 -8.212132e+01  1.510000e+00
     vertex  1.241030e+02 -1.108706e+02  1.510000e+00
     vertex  1.800000e+02 -1.155000e+02  1.510000e+00
   endloop
 endfacet
 facet normal  0.000000e+00  0.000000e+00  1.000000e+00
   outer loop
     vertex  1.703787e+02 -8.212132e+01  1.510000e+00
     vertex  1.240530e+02 -1.107500e+02  1.510000e+00
     vertex  1.241030e+02 -1.108706e+02  1.510000e+00
   endloop
 endfacet
 facet normal  0.000000e+00  0.000000e+00  1.000000e+00
   outer loop
     vertex  1.699019e+02 -8.150000e+01  1.510000e+00
     vertex  1.240530e+02 -1.107500e+02  1.510000e+00
     vertex  1.703787e+02 -8.212132e+01  1.510000e+00
   endloop
 endfacet
 facet normal  0.000000e+00  0.000000e+00  1.000000e+00
   outer loop
     vertex  1.699019e+02 -8.150000e+01  1.510000e+00
     vertex  1.239736e+02 -1.106464e+02  1.510000e+00
     vertex  1.240530e+02 -1.107500e+02  1.510000e+00
   endloop
 endfacet
 facet normal  0.000000e+00  0.000000e+00  1.000000e+00
   outer loop
     vertex  1.710000e+02 -8.259808e+01  1.510000e+00
     vertex  1.703787e+02 -8.212132e+01  1.510000e+00
     vertex  1.800000e+02 -1.155000e+02  1.510000e+00
   endloop
 endfacet
 facet normal  0.000000e+00  0.000000e+00  1.000000e+00
   outer loop
     vertex  1.696022e+02 -8.077646e+01  1.510000e+00
     vertex  1.105000e+02 -8.000000e+01  1.510000e+00
     vertex  1.103978e+02 -8.077646e+01  1.510000e+00
   endloop
 endfacet
 facet normal  0.000000e+00  0.000000e+00  1.000000e+00
   outer loop
     vertex  1.696022e+02 -8.077646e+01  1.510000e+00
     vertex  1.103978e+02 -8.077646e+01  1.510000e+00
     vertex  1.238700e+02 -1.105670e+02  1.510000e+00
   endloop
 endfacet
 facet normal  0.000000e+00  0.000000e+00  1.000000e+00
   outer loop
     vertex  1.696022e+02 -8.077646e+01  1.510000e+00
     vertex  1.239736e+02 -1.106464e+02  1.510000e+00
     vertex  1.699019e+02 -8.150000e+01  1.510000e+00
   endloop
 endfacet
 facet normal  0.000000e+00  0.000000e+00  1.000000e+00
   outer loop
     vertex  1.696022e+02 -8.077646e+01  1.510000e+00
     vertex  1.238700e+02 -1.105670e+02  1.510000e+00
     vertex  1.239736e+02 -1.106464e+02  1.510000e+00
   endloop
 endfacet
 facet normal  0.000000e+00  0.000000e+00  1.000000e+00
   outer loop
     vertex  1.717235e+02 -8.289778e+01  1.510000e+00
     vertex  1.710000e+02 -8.259808e+01  1.510000e+00
     vertex  1.800000e+02 -1.155000e+02  1.510000e+00
   endloop
 endfacet
 facet normal  0.000000e+00  0.000000e+00  1.000000e+00
   outer loop
     vertex  1.725000e+02 -8.300000e+01  1.510000e+00
     vertex  1.717235e+02 -8.289778e+01  1.510000e+00
     vertex  1.800000e+02 -1.155000e+02  1.510000e+00
   endloop
 endfacet
 facet normal  0.000000e+00  0.000000e+00  1.000000e+00
   outer loop
     vertex  1.695000e+02 -8.000000e+01  1.510000e+00
     vertex  1.105000e+02 -8.000000e+01  1.510000e+00
     vertex  1.696022e+02 -8.077646e+01  1.510000e+00
   endloop
 endfacet
 facet normal  0.000000e+00  0.000000e+00  1.000000e+00
   outer loop
     vertex  1.732765e+02 -8.289778e+01  1.510000e+00
     vertex  1.725000e+02 -8.300000e+01  1.510000e+00
     vertex  1.800000e+02 -1.155000e+02  1.510000e+00
   endloop
 endfacet
 facet normal  0.000000e+00  0.000000e+00  1.000000e+00
   outer loop
     vertex  1.696022e+02 -7.922354e+01  1.510000e+00
     vertex  1.103978e+02 -7.922354e+01  1.510000e+00
     vertex  1.105000e+02 -8.000000e+01  1.510000e+00
   endloop
 endfacet
 facet normal  0.000000e+00  0.000000e+00  1.000000e+00
   outer loop
     vertex  1.696022e+02 -7.922354e+01  1.510000e+00
     vertex  1.105000e+02 -8.000000e+01  1.510000e+00
     vertex  1.695000e+02 -8.000000e+01  1.510000e+00
   endloop
 endfacet
 facet normal  0.000000e+00  0.000000e+00  1.000000e+00
   outer loop
     vertex  1.740000e+02 -8.259808e+01  1.510000e+00
     vertex  1.732765e+02 -8.289778e+01  1.510000e+00
     vertex  1.800000e+02 -1.155000e+02  1.510000e+00
   endloop
 endfacet
 facet normal  0.000000e+00  0.000000e+00  1.000000e+00
   outer loop
     vertex  1.699019e+02 -7.850000e+01  1.510000e+00
     vertex  1.096213e+02 -7.787868e+01  1.510000e+00
     vertex  1.100981e+02 -7.850000e+01  1.510000e+00
   endloop
 endfacet
 facet normal  0.000000e+00  0.000000e+00  1.000000e+00
   outer loop
     vertex  1.699019e+02 -7.850000e+01  1.510000e+00
     vertex  1.100981e+02 -7.850000e+01  1.510000e+00
     vertex  1.103978e+02 -7.922354e+01  1.510000e+00
   endloop
 endfacet
 facet normal  0.000000e+00  0.000000e+00  1.000000e+00
   outer loop
     vertex  1.699019e+02 -7.850000e+01  1.510000e+00
     vertex  1.103978e+02 -7.922354e+01  1.510000e+00
     vertex  1.696022e+02 -7.922354e+01  1.510000e+00
   endloop
 endfacet
 facet normal  0.000000e+00  0.000000e+00  1.000000e+00
   outer loop
     vertex  1.746213e+02 -8.212132e+01  1.510000e+00
     vertex  1.740000e+02 -8.259808e+01  1.510000e+00
     vertex  1.800000e+02 -1.155000e+02  1.510000e+00
   endloop
 endfacet
 facet normal  0.000000e+00  0.000000e+00  1.000000e+00
   outer loop
     vertex  1.703787e+02 -7.787868e+01  1.510000e+00
     vertex  1.096213e+02 -7.787868e+01  1.510000e+00
     vertex  1.699019e+02 -7.850000e+01  1.510000e+00
   endloop
 endfacet
 facet normal  0.000000e+00  0.000000e+00  1.000000e+00
   outer loop
     vertex  1.750981e+02 -8.150000e+01  1.510000e+00
     vertex  1.746213e+02 -8.212132e+01  1.510000e+00
     vertex  1.800000e+02 -1.155000e+02  1.510000e+00
   endloop
 endfacet
 facet normal  0.000000e+00  0.000000e+00  1.000000e+00
   outer loop
     vertex  1.753978e+02 -8.077646e+01  1.510000e+00
     vertex  1.750981e+02 -8.150000e+01  1.510000e+00
     vertex  1.800000e+02 -1.155000e+02  1.510000e+00
   endloop
 endfacet
 facet normal  0.000000e+00  0.000000e+00  1.000000e+00
   outer loop
     vertex  1.755000e+02 -8.000000e+01  1.510000e+00
     vertex  1.753978e+02 -8.077646e+01  1.510000e+00
     vertex  1.800000e+02 -1.155000e+02  1.510000e+00
   endloop
 endfacet
 facet normal  0.000000e+00  0.000000e+00  1.000000e+00
   outer loop
     vertex  1.800000e+02 -5.000000e+01  1.510000e+00
     vertex  1.096213e+02 -7.787868e+01  1.510000e+00
     vertex  1.703787e+02 -7.787868e+01  1.510000e+00
   endloop
 endfacet
 facet normal  0.000000e+00  0.000000e+00  1.000000e+00
   outer loop
     vertex  1.800000e+02 -5.000000e+01  1.510000e+00
     vertex  1.703787e+02 -7.787868e+01  1.510000e+00
     vertex  1.710000e+02 -7.740192e+01  1.510000e+00
   endloop
 endfacet
 facet normal  0.000000e+00  0.000000e+00  1.000000e+00
   outer loop
     vertex  1.800000e+02 -5.000000e+01  1.510000e+00
     vertex  1.710000e+02 -7.740192e+01  1.510000e+00
     vertex  1.717235e+02 -7.710222e+01  1.510000e+00
   endloop
 endfacet
 facet normal  0.000000e+00  0.000000e+00  1.000000e+00
   outer loop
     vertex  1.800000e+02 -5.000000e+01  1.510000e+00
     vertex  1.717235e+02 -7.710222e+01  1.510000e+00
     vertex  1.725000e+02 -7.700000e+01  1.510000e+00
   endloop
 endfacet
 facet normal  0.000000e+00  0.000000e+00  1.000000e+00
   outer loop
     vertex  1.800000e+02 -5.000000e+01  1.510000e+00
     vertex  1.725000e+02 -7.700000e+01  1.510000e+00
     vertex  1.732765e+02 -7.710222e+01  1.510000e+00
   endloop
 endfacet
 facet normal  0.000000e+00  0.000000e+00  1.000000e+00
   outer loop
     vertex  1.800000e+02 -5.000000e+01  1.510000e+00
     vertex  1.732765e+02 -7.710222e+01  1.510000e+00
     vertex  1.740000e+02 -7.740192e+01  1.510000e+00
   endloop
 endfacet
 facet normal  0.000000e+00  0.000000e+00  1.000000e+00
   outer loop
     vertex  1.800000e+02 -5.000000e+01  1.510000e+00
     vertex  1.740000e+02 -7.740192e+01  1.510000e+00
     vertex  1.746213e+02 -7.787868e+01  1.510000e+00
   endloop
 endfacet
 facet normal  0.000000e+00  0.000000e+00  1.000000e+00
   outer loop
     vertex  1.800000e+02 -5.000000e+01  1.510000e+00
     vertex  1.746213e+02 -7.787868e+01  1.510000e+00
     vertex  1.750981e+02 -7.850000e+01  1.510000e+00
   endloop
 endfacet
 facet normal  0.000000e+00  0.000000e+00  1.000000e+00
   outer loop
     vertex  1.800000e+02 -5.000000e+01  1.510000e+00
     vertex  1.750981e+02 -7.850000e+01  1.510000e+00
     vertex  1.753978e+02 -7.922354e+01  1.510000e+00
   endloop
 endfacet
 facet normal  0.000000e+00  0.000000e+00  1.000000e+00
   outer loop
     vertex  1.800000e+02 -5.000000e+01  1.510000e+00
     vertex  1.753978e+02 -7.922354e+01  1.510000e+00
     vertex  1.755000e+02 -8.000000e+01  1.510000e+00
   endloop
 endfacet
 facet normal  0.000000e+00  0.000000e+00  1.000000e+00
   outer loop
     vertex  1.800000e+02 -5.000000e+01  1.510000e+00
     vertex  1.000000e+02 -5.000000e+01  1.510000e+00
     vertex  1.096213e+02 -7.787868e+01  1.510000e+00
   endloop
 endfacet
 facet normal  0.000000e+00 -0.000000e+00  1.000000e+00
   outer loop
     vertex  1.800000e+02 -1.155000e+02  1.510000e+00
     vertex  1.800000e+02 -5.000000e+01  1.510000e+00
     vertex  1.755000e+02 -8.000000e+01  1.510000e+00
   endloop
 endfacet
 facet normal  0.000000e+00  0.000000e+00  1.000000e+00
   outer loop
     vertex  1.000000e+02 -5.000000e+01  1.510000e+00
     vertex  1.000000e+02 -1.155000e+02  1.510000e+00
     vertex  1.045000e+02 -8.000000e+01  1.510000e+00
   endloop
 endfacet
 facet normal  0.000000e+00  1.000000e+00  0.000000e+00
   outer loop
     vertex  1.800000e+02 -5.000000e+01  1.510000e+00
     vertex  1.000000e+02 -5.000000e+01  0.000000e+00
     vertex  1.000000e+02 -5.000000e+01  1.510000e+00
   endloop
 endfacet
 facet normal  0.000000e+00  1.000000e+00 -0.000000e+00
   outer loop
     vertex  1.800000e+02 -5.000000e+01  0.000000e+00
     vertex  1.000000e+02 -5.000000e+01  0.000000e+00
     vertex  1.800000e+02 -5.000000e+01  1.510000e+00
   endloop
 endfacet
 facet normal -1.305262e-01  9.914449e-01 -4.936992e-19
   outer loop
     vertex  1.059694e+02 -1.114830e+02  0.000000e+00
     vertex  1.058400e+02 -1.115000e+02  0.000000e+00
     vertex  1.058400e+02 -1.115000e+02  1.510000e+00
   endloop
 endfacet
 facet normal -1.305262e-01  9.914449e-01  0.000000e+00
   outer loop
     vertex  1.059694e+02 -1.114830e+02  0.000000e+00
     vertex  1.058400e+02 -1.115000e+02  1.510000e+00
     vertex  1.059694e+02 -1.114830e+02  1.510000e+00
   endloop
 endfacet
 facet normal -3.826834e-01  9.238795e-01  0.000000e+00
   outer loop
     vertex  1.060900e+02 -1.114330e+02  0.000000e+00
     vertex  1.059694e+02 -1.114830e+02  1.510000e+00
     vertex  1.060900e+02 -1.114330e+02  1.510000e+00
   endloop
 endfacet
 facet normal -3.826834e-01  9.238795e-01  5.308507e-19
   outer loop
     vertex  1.060900e+02 -1.114330e+02  0.000000e+00
     vertex  1.059694e+02 -1.114830e+02  0.000000e+00
     vertex  1.059694e+02 -1.114830e+02  1.510000e+00
   endloop
 endfacet
 facet normal -6.087614e-01  7.933533e-01  0.000000e+00
   outer loop
     vertex  1.061936e+02 -1.113536e+02  0.000000e+00
     vertex  1.060900e+02 -1.114330e+02  1.510000e+00
     vertex  1.061936e+02 -1.113536e+02  1.510000e+00
   endloop
 endfacet
 facet normal -6.087614e-01  7.933533e-01 -4.058791e-18
   outer loop
     vertex  1.061936e+02 -1.113536e+02  0.000000e+00
     vertex  1.060900e+02 -1.114330e+02  0.000000e+00
     vertex  1.060900e+02 -1.114330e+02  1.510000e+00
   endloop
 endfacet
 facet normal -7.933533e-01  6.087614e-01  0.000000e+00
   outer loop
     vertex  1.062730e+02 -1.112500e+02  0.000000e+00
     vertex  1.061936e+02 -1.113536e+02  1.510000e+00
     vertex  1.062730e+02 -1.112500e+02  1.510000e+00
   endloop
 endfacet
 facet normal -7.933533e-01  6.087614e-01 -4.058791e-18
   outer loop
     vertex  1.062730e+02 -1.112500e+02  0.000000e+00
     vertex  1.061936e+02 -1.113536e+02  0.000000e+00
     vertex  1.061936e+02 -1.113536e+02  1.510000e+00
   endloop
 endfacet
 facet normal -9.238795e-01  3.826834e-01  0.000000e+00
   outer loop
     vertex  1.063230e+02 -1.111294e+02  0.000000e+00
     vertex  1.062730e+02 -1.112500e+02  1.510000e+00
     vertex  1.063230e+02 -1.111294e+02  1.510000e+00
   endloop
 endfacet
 facet normal -9.238795e-01  3.826834e-01  5.308507e-19
   outer loop
     vertex  1.063230e+02 -1.111294e+02  0.000000e+00
     vertex  1.062730e+02 -1.112500e+02  0.000000e+00
     vertex  1.062730e+02 -1.112500e+02  1.510000e+00
   endloop
 endfacet
 facet normal -9.914449e-01  1.305262e-01  0.000000e+00
   outer loop
     vertex  1.063400e+02 -1.110000e+02  0.000000e+00
     vertex  1.063230e+02 -1.111294e+02  1.510000e+00
     vertex  1.063400e+02 -1.110000e+02  1.510000e+00
   endloop
 endfacet
 facet normal -9.914449e-01  1.305262e-01 -4.936992e-19
   outer loop
     vertex  1.063400e+02 -1.110000e+02  0.000000e+00
     vertex  1.063230e+02 -1.111294e+02  0.000000e+00
     vertex  1.063230e+02 -1.111294e+02  1.510000e+00
   endloop
 endfacet
 facet normal -9.914449e-01 -1.305262e-01  0.000000e+00
   outer loop
     vertex  1.063230e+02 -1.108706e+02  0.000000e+00
     vertex  1.063400e+02 -1.110000e+02  1.510000e+00
     vertex  1.063230e+02 -1.108706e+02  1.510000e+00
   endloop
 endfacet
 facet normal -9.914449e-01 -1.305262e-01  4.936992e-19
   outer loop
     vertex  1.063230e+02 -1.108706e+02  0.000000e+00
     vertex  1.063400e+02 -1.110000e+02  0.000000e+00
     vertex  1.063400e+02 -1.110000e+02  1.510000e+00
   endloop
 endfacet
 facet normal -9.238795e-01 -3.826834e-01  0.000000e+00
   outer loop
     vertex  1.062730e+02 -1.107500e+02  0.000000e+00
     vertex  1.063230e+02 -1.108706e+02  1.510000e+00
     vertex  1.062730e+02 -1.107500e+02  1.510000e+00
   endloop
 endfacet
 facet normal -9.238795e-01 -3.826834e-01 -5.308507e-19
   outer loop
     vertex  1.062730e+02 -1.107500e+02  0.000000e+00
     vertex  1.063230e+02 -1.108706e+02  0.000000e+00
     vertex  1.063230e+02 -1.108706e+02  1.510000e+00
   endloop
 endfacet
 facet normal -7.933533e-01 -6.087614e-01  0.000000e+00
   outer loop
     vertex  1.061936e+02 -1.106464e+02  0.000000e+00
     vertex  1.062730e+02 -1.107500e+02  1.510000e+00
     vertex  1.061936e+02 -1.106464e+02  1.510000e+00
   endloop
 endfacet
 facet normal -7.933533e-01 -6.087614e-01  4.058791e-18
   outer loop
     vertex  1.061936e+02 -1.106464e+02  0.000000e+00
     vertex  1.062730e+02 -1.107500e+02  0.000000e+00
     vertex  1.062730e+02 -1.107500e+02  1.510000e+00
   endloop
 endfacet
 facet normal -6.087614e-01 -7.933533e-01  0.000000e+00
   outer loop
     vertex  1.060900e+02 -1.105670e+02  0.000000e+00
     vertex  1.061936e+02 -1.106464e+02  1.510000e+00
     vertex  1.060900e+02 -1.105670e+02  1.510000e+00
   endloop
 endfacet
 facet normal -6.087614e-01 -7.933533e-01  4.058791e-18
   outer loop
     vertex  1.060900e+02 -1.105670e+02  0.000000e+00
     vertex  1.061936e+02 -1.106464e+02  0.000000e+00
     vertex  1.061936e+02 -1.106464e+02  1.510000e+00
   endloop
 endfacet
 facet normal -1.305262e-01 -9.914449e-01  0.000000e+00
   outer loop
     vertex  1.059694e+02 -1.105170e+02  0.000000e+00
     vertex  1.059694e+02 -1.105170e+02  1.510000e+00
     vertex  1.058400e+02 -1.105000e+02  1.510000e+00
   endloop
 endfacet
 facet normal -3.826834e-01 -9.238795e-01  0.000000e+00
   outer loop
     vertex  1.059694e+02 -1.105170e+02  0.000000e+00
     vertex  1.060900e+02 -1.105670e+02  1.510000e+00
     vertex  1.059694e+02 -1.105170e+02  1.510000e+00
   endloop
 endfacet
 facet normal -3.826834e-01 -9.238795e-01 -5.308507e-19
   outer loop
     vertex  1.059694e+02 -1.105170e+02  0.000000e+00
     vertex  1.060900e+02 -1.105670e+02  0.000000e+00
     vertex  1.060900e+02 -1.105670e+02  1.510000e+00
   endloop
 endfacet
 facet normal -1.305262e-01 -9.914449e-01  0.000000e+00
   outer loop
     vertex  1.058400e+02 -1.105000e+02  0.000000e+00
     vertex  1.059694e+02 -1.105170e+02  0.000000e+00
     vertex  1.058400e+02 -1.105000e+02  1.510000e+00
   endloop
 endfacet
 facet normal  1.305262e-01 -9.914449e-01 -4.936992e-19
   outer loop
     vertex  1.057106e+02 -1.105170e+02  0.000000e+00
     vertex  1.058400e+02 -1.105000e+02  0.000000e+00
     vertex  1.058400e+02 -1.105000e+02  1.510000e+00
   endloop
 endfacet
 facet normal  1.305262e-01 -9.914449e-01  0.000000e+00
   outer loop
     vertex  1.057106e+02 -1.105170e+02  0.000000e+00
     vertex  1.058400e+02 -1.105000e+02  1.510000e+00
     vertex  1.057106e+02 -1.105170e+02  1.510000e+00
   endloop
 endfacet
 facet normal  3.826834e-01 -9.238795e-01  5.308507e-19
   outer loop
     vertex  1.055900e+02 -1.105670e+02  0.000000e+00
     vertex  1.057106e+02 -1.105170e+02  0.000000e+00
     vertex  1.057106e+02 -1.105170e+02  1.510000e+00
   endloop
 endfacet
 facet normal  3.826834e-01 -9.238795e-01  0.000000e+00
   outer loop
     vertex  1.055900e+02 -1.105670e+02  0.000000e+00
     vertex  1.057106e+02 -1.105170e+02  1.510000e+00
     vertex  1.055900e+02 -1.105670e+02  1.510000e+00
   endloop
 endfacet
 facet normal  6.087614e-01 -7.933533e-01 -4.058791e-18
   outer loop
     vertex  1.054864e+02 -1.106464e+02  0.000000e+00
     vertex  1.055900e+02 -1.105670e+02  0.000000e+00
     vertex  1.055900e+02 -1.105670e+02  1.510000e+00
   endloop
 endfacet
 facet normal  7.933533e-01 -6.087614e-01  0.000000e+00
   outer loop
     vertex  1.054864e+02 -1.106464e+02  0.000000e+00
     vertex  1.054864e+02 -1.106464e+02  1.510000e+00
     vertex  1.054070e+02 -1.107500e+02  1.510000e+00
   endloop
 endfacet
 facet normal  6.087614e-01 -7.933533e-01  0.000000e+00
   outer loop
     vertex  1.054864e+02 -1.106464e+02  0.000000e+00
     vertex  1.055900e+02 -1.105670e+02  1.510000e+00
     vertex  1.054864e+02 -1.106464e+02  1.510000e+00
   endloop
 endfacet
 facet normal  7.933533e-01 -6.087614e-01  0.000000e+00
   outer loop
     vertex  1.054070e+02 -1.107500e+02  0.000000e+00
     vertex  1.054864e+02 -1.106464e+02  0.000000e+00
     vertex  1.054070e+02 -1.107500e+02  1.510000e+00
   endloop
 endfacet
 facet normal  9.238795e-01 -3.826834e-01  5.308507e-19
   outer loop
     vertex  1.053570e+02 -1.108706e+02  0.000000e+00
     vertex  1.054070e+02 -1.107500e+02  0.000000e+00
     vertex  1.054070e+02 -1.107500e+02  1.510000e+00
   endloop
 endfacet
 facet normal  9.238795e-01 -3.826834e-01  0.000000e+00
   outer loop
     vertex  1.053570e+02 -1.108706e+02  0.000000e+00
     vertex  1.054070e+02 -1.107500e+02  1.510000e+00
     vertex  1.053570e+02 -1.108706e+02  1.510000e+00
   endloop
 endfacet
 facet normal  9.914449e-01 -1.305262e-01 -4.936992e-19
   outer loop
     vertex  1.053400e+02 -1.110000e+02  0.000000e+00
     vertex  1.053570e+02 -1.108706e+02  0.000000e+00
     vertex  1.053570e+02 -1.108706e+02  1.510000e+00
   endloop
 endfacet
 facet normal  9.914449e-01 -1.305262e-01  0.000000e+00
   outer loop
     vertex  1.053400e+02 -1.110000e+02  0.000000e+00
     vertex  1.053570e+02 -1.108706e+02  1.510000e+00
     vertex  1.053400e+02 -1.110000e+02  1.510000e+00
   endloop
 endfacet
 facet normal  9.914449e-01  1.305262e-01 -0.000000e+00
   outer loop
     vertex  1.053570e+02 -1.111294e+02  0.000000e+00
     vertex  1.053400e+02 -1.110000e+02  1.510000e+00
     vertex  1.053570e+02 -1.111294e+02  1.510000e+00
   endloop
 endfacet
 facet normal  9.914449e-01  1.305262e-01  4.936992e-19
   outer loop
     vertex  1.053570e+02 -1.111294e+02  0.000000e+00
     vertex  1.053400e+02 -1.110000e+02  0.000000e+00
     vertex  1.053400e+02 -1.110000e+02  1.510000e+00
   endloop
 endfacet
 facet normal  9.238795e-01  3.826834e-01 -0.000000e+00
   outer loop
     vertex  1.054070e+02 -1.112500e+02  0.000000e+00
     vertex  1.053570e+02 -1.111294e+02  1.510000e+00
     vertex  1.054070e+02 -1.112500e+02  1.510000e+00
   endloop
 endfacet
 facet normal  9.238795e-01  3.826834e-01 -5.308507e-19
   outer loop
     vertex  1.054070e+02 -1.112500e+02  0.000000e+00
     vertex  1.053570e+02 -1.111294e+02  0.000000e+00
     vertex  1.053570e+02 -1.111294e+02  1.510000e+00
   endloop
 endfacet
 facet normal  7.933533e-01  6.087614e-01  4.058791e-18
   outer loop
     vertex  1.054864e+02 -1.113536e+02  0.000000e+00
     vertex  1.054070e+02 -1.112500e+02  0.000000e+00
     vertex  1.054070e+02 -1.112500e+02  1.510000e+00
   endloop
 endfacet
 facet normal  6.087614e-01  7.933533e-01 -0.000000e+00
   outer loop
     vertex  1.054864e+02 -1.113536e+02  0.000000e+00
     vertex  1.054864e+02 -1.113536e+02  1.510000e+00
     vertex  1.055900e+02 -1.114330e+02  1.510000e+00
   endloop
 endfacet
 facet normal  7.933533e-01  6.087614e-01 -0.000000e+00
   outer loop
     vertex  1.054864e+02 -1.113536e+02  0.000000e+00
     vertex  1.054070e+02 -1.112500e+02  1.510000e+00
     vertex  1.054864e+02 -1.113536e+02  1.510000e+00
   endloop
 endfacet
 facet normal  6.087614e-01  7.933533e-01 -0.000000e+00
   outer loop
     vertex  1.055900e+02 -1.114330e+02  0.000000e+00
     vertex  1.054864e+02 -1.113536e+02  0.000000e+00
     vertex  1.055900e+02 -1.114330e+02  1.510000e+00
   endloop
 endfacet
 facet normal  1.305262e-01  9.914449e-01 -0.000000e+00
   outer loop
     vertex  1.057106e+02 -1.114830e+02  0.000000e+00
     vertex  1.057106e+02 -1.114830e+02  1.510000e+00
     vertex  1.058400e+02 -1.115000e+02  1.510000e+00
   endloop
 endfacet
 facet normal  3.826834e-01  9.238795e-01 -0.000000e+00
   outer loop
     vertex  1.057106e+02 -1.114830e+02  0.000000e+00
     vertex  1.055900e+02 -1.114330e+02  1.510000e+00
     vertex  1.057106e+02 -1.114830e+02  1.510000e+00
   endloop
 endfacet
 facet normal  3.826834e-01  9.238795e-01 -5.308507e-19
   outer loop
     vertex  1.057106e+02 -1.114830e+02  0.000000e+00
     vertex  1.055900e+02 -1.114330e+02  0.000000e+00
     vertex  1.055900e+02 -1.114330e+02  1.510000e+00
   endloop
 endfacet
 facet normal  1.305262e-01  9.914449e-01 -0.000000e+00
   outer loop
     vertex  1.058400e+02 -1.115000e+02  0.000000e+00
     vertex  1.057106e+02 -1.114830e+02  0.000000e+00
     vertex  1.058400e+02 -1.115000e+02  1.510000e+00
   endloop
 endfacet
 facet normal -1.305262e-01  9.914449e-01 -4.936992e-19
   outer loop
     vertex  1.085094e+02 -1.114830e+02  0.000000e+00
     vertex  1.083800e+02 -1.115000e+02  0.000000e+00
     vertex  1.083800e+02 -1.115000e+02  1.510000e+00
   endloop
 endfacet
 facet normal -1.305262e-01  9.914449e-01  0.000000e+00
   outer loop
     vertex  1.085094e+02 -1.114830e+02  0.000000e+00
     vertex  1.083800e+02 -1.115000e+02  1.510000e+00
     vertex  1.085094e+02 -1.114830e+02  1.510000e+00
   endloop
 endfacet
 facet normal -3.826834e-01  9.238795e-01  0.000000e+00
   outer loop
     vertex  1.086300e+02 -1.114330e+02  0.000000e+00
     vertex  1.085094e+02 -1.114830e+02  1.510000e+00
     vertex  1.086300e+02 -1.114330e+02  1.510000e+00
   endloop
 endfacet
 facet normal -3.826834e-01  9.238795e-01  5.308507e-19
   outer loop
     vertex  1.086300e+02 -1.114330e+02  0.000000e+00
     vertex  1.085094e+02 -1.114830e+02  0.000000e+00
     vertex  1.085094e+02 -1.114830e+02  1.510000e+00
   endloop
 endfacet
 facet normal -6.087614e-01  7.933533e-01  0.000000e+00
   outer loop
     vertex  1.087336e+02 -1.113536e+02  0.000000e+00
     vertex  1.086300e+02 -1.114330e+02  1.510000e+00
     vertex  1.087336e+02 -1.113536e+02  1.510000e+00
   endloop
 endfacet
 facet normal -6.087614e-01  7.933533e-01 -4.058791e-18
   outer loop
     vertex  1.087336e+02 -1.113536e+02  0.000000e+00
     vertex  1.086300e+02 -1.114330e+02  0.000000e+00
     vertex  1.086300e+02 -1.114330e+02  1.510000e+00
   endloop
 endfacet
 facet normal -7.933533e-01  6.087614e-01  0.000000e+00
   outer loop
     vertex  1.088130e+02 -1.112500e+02  0.000000e+00
     vertex  1.087336e+02 -1.113536e+02  1.510000e+00
     vertex  1.088130e+02 -1.112500e+02  1.510000e+00
   endloop
 endfacet
 facet normal -7.933533e-01  6.087614e-01 -4.058791e-18
   outer loop
     vertex  1.088130e+02 -1.112500e+02  0.000000e+00
     vertex  1.087336e+02 -1.113536e+02  0.000000e+00
     vertex  1.087336e+02 -1.113536e+02  1.510000e+00
   endloop
 endfacet
 facet normal -9.238795e-01  3.826834e-01  0.000000e+00
   outer loop
     vertex  1.088630e+02 -1.111294e+02  0.000000e+00
     vertex  1.088130e+02 -1.112500e+02  1.510000e+00
     vertex  1.088630e+02 -1.111294e+02  1.510000e+00
   endloop
 endfacet
 facet normal -9.238795e-01  3.826834e-01  5.308507e-19
   outer loop
     vertex  1.088630e+02 -1.111294e+02  0.000000e+00
     vertex  1.088130e+02 -1.112500e+02  0.000000e+00
     vertex  1.088130e+02 -1.112500e+02  1.510000e+00
   endloop
 endfacet
 facet normal -9.914449e-01  1.305262e-01  0.000000e+00
   outer loop
     vertex  1.088800e+02 -1.110000e+02  0.000000e+00
     vertex  1.088630e+02 -1.111294e+02  1.510000e+00
     vertex  1.088800e+02 -1.110000e+02  1.510000e+00
   endloop
 endfacet
 facet normal -9.914449e-01  1.305262e-01 -4.936992e-19
   outer loop
     vertex  1.088800e+02 -1.110000e+02  0.000000e+00
     vertex  1.088630e+02 -1.111294e+02  0.000000e+00
     vertex  1.088630e+02 -1.111294e+02  1.510000e+00
   endloop
 endfacet
 facet normal -9.914449e-01 -1.305262e-01  0.000000e+00
   outer loop
     vertex  1.088630e+02 -1.108706e+02  0.000000e+00
     vertex  1.088800e+02 -1.110000e+02  1.510000e+00
     vertex  1.088630e+02 -1.108706e+02  1.510000e+00
   endloop
 endfacet
 facet normal -9.914449e-01 -1.305262e-01  4.936992e-19
   outer loop
     vertex  1.088630e+02 -1.108706e+02  0.000000e+00
     vertex  1.088800e+02 -1.110000e+02  0.000000e+00
     vertex  1.088800e+02 -1.110000e+02  1.510000e+00
   endloop
 endfacet
 facet normal -9.238795e-01 -3.826834e-01  0.000000e+00
   outer loop
     vertex  1.088130e+02 -1.107500e+02  0.000000e+00
     vertex  1.088630e+02 -1.108706e+02  1.510000e+00
     vertex  1.088130e+02 -1.107500e+02  1.510000e+00
   endloop
 endfacet
 facet normal -9.238795e-01 -3.826834e-01 -5.308507e-19
   outer loop
     vertex  1.088130e+02 -1.107500e+02  0.000000e+00
     vertex  1.088630e+02 -1.108706e+02  0.000000e+00
     vertex  1.088630e+02 -1.108706e+02  1.510000e+00
   endloop
 endfacet
 facet normal -7.933533e-01 -6.087614e-01  0.000000e+00
   outer loop
     vertex  1.087336e+02 -1.106464e+02  0.000000e+00
     vertex  1.088130e+02 -1.107500e+02  1.510000e+00
     vertex  1.087336e+02 -1.106464e+02  1.510000e+00
   endloop
 endfacet
 facet normal -7.933533e-01 -6.087614e-01  4.058791e-18
   outer loop
     vertex  1.087336e+02 -1.106464e+02  0.000000e+00
     vertex  1.088130e+02 -1.107500e+02  0.000000e+00
     vertex  1.088130e+02 -1.107500e+02  1.510000e+00
   endloop
 endfacet
 facet normal -6.087614e-01 -7.933533e-01  0.000000e+00
   outer loop
     vertex  1.086300e+02 -1.105670e+02  0.000000e+00
     vertex  1.087336e+02 -1.106464e+02  1.510000e+00
     vertex  1.086300e+02 -1.105670e+02  1.510000e+00
   endloop
 endfacet
 facet normal -6.087614e-01 -7.933533e-01  4.058791e-18
   outer loop
     vertex  1.086300e+02 -1.105670e+02  0.000000e+00
     vertex  1.087336e+02 -1.106464e+02  0.000000e+00
     vertex  1.087336e+02 -1.106464e+02  1.510000e+00
   endloop
 endfacet
 facet normal -1.305262e-01 -9.914449e-01  0.000000e+00
   outer loop
     vertex  1.085094e+02 -1.105170e+02  0.000000e+00
     vertex  1.085094e+02 -1.105170e+02  1.510000e+00
     vertex  1.083800e+02 -1.105000e+02  1.510000e+00
   endloop
 endfacet
 facet normal -3.826834e-01 -9.238795e-01  0.000000e+00
   outer loop
     vertex  1.085094e+02 -1.105170e+02  0.000000e+00
     vertex  1.086300e+02 -1.105670e+02  1.510000e+00
     vertex  1.085094e+02 -1.105170e+02  1.510000e+00
   endloop
 endfacet
 facet normal -3.826834e-01 -9.238795e-01 -5.308507e-19
   outer loop
     vertex  1.085094e+02 -1.105170e+02  0.000000e+00
     vertex  1.086300e+02 -1.105670e+02  0.000000e+00
     vertex  1.086300e+02 -1.105670e+02  1.510000e+00
   endloop
 endfacet
 facet normal -1.305262e-01 -9.914449e-01  0.000000e+00
   outer loop
     vertex  1.083800e+02 -1.105000e+02  0.000000e+00
     vertex  1.085094e+02 -1.105170e+02  0.000000e+00
     vertex  1.083800e+02 -1.105000e+02  1.510000e+00
   endloop
 endfacet
 facet normal  1.305262e-01 -9.914449e-01 -4.936992e-19
   outer loop
     vertex  1.082506e+02 -1.105170e+02  0.000000e+00
     vertex  1.083800e+02 -1.105000e+02  0.000000e+00
     vertex  1.083800e+02 -1.105000e+02  1.510000e+00
   endloop
 endfacet
 facet normal  1.305262e-01 -9.914449e-01  0.000000e+00
   outer loop
     vertex  1.082506e+02 -1.105170e+02  0.000000e+00
     vertex  1.083800e+02 -1.105000e+02  1.510000e+00
     vertex  1.082506e+02 -1.105170e+02  1.510000e+00
   endloop
 endfacet
 facet normal  3.826834e-01 -9.238795e-01  5.308507e-19
   outer loop
     vertex  1.081300e+02 -1.105670e+02  0.000000e+00
     vertex  1.082506e+02 -1.105170e+02  0.000000e+00
     vertex  1.082506e+02 -1.105170e+02  1.510000e+00
   endloop
 endfacet
 facet normal  3.826834e-01 -9.238795e-01  0.000000e+00
   outer loop
     vertex  1.081300e+02 -1.105670e+02  0.000000e+00
     vertex  1.082506e+02 -1.105170e+02  1.510000e+00
     vertex  1.081300e+02 -1.105670e+02  1.510000e+00
   endloop
 endfacet
 facet normal  6.087614e-01 -7.933533e-01 -4.058791e-18
   outer loop
     vertex  1.080264e+02 -1.106464e+02  0.000000e+00
     vertex  1.081300e+02 -1.105670e+02  0.000000e+00
     vertex  1.081300e+02 -1.105670e+02  1.510000e+00
   endloop
 endfacet
 facet normal  7.933533e-01 -6.087614e-01  0.000000e+00
   outer loop
     vertex  1.080264e+02 -1.106464e+02  0.000000e+00
     vertex  1.080264e+02 -1.106464e+02  1.510000e+00
     vertex  1.079470e+02 -1.107500e+02  1.510000e+00
   endloop
 endfacet
 facet normal  6.087614e-01 -7.933533e-01  0.000000e+00
   outer loop
     vertex  1.080264e+02 -1.106464e+02  0.000000e+00
     vertex  1.081300e+02 -1.105670e+02  1.510000e+00
     vertex  1.080264e+02 -1.106464e+02  1.510000e+00
   endloop
 endfacet
 facet normal  7.933533e-01 -6.087614e-01  0.000000e+00
   outer loop
     vertex  1.079470e+02 -1.107500e+02  0.000000e+00
     vertex  1.080264e+02 -1.106464e+02  0.000000e+00
     vertex  1.079470e+02 -1.107500e+02  1.510000e+00
   endloop
 endfacet
 facet normal  9.238795e-01 -3.826834e-01  5.308507e-19
   outer loop
     vertex  1.078970e+02 -1.108706e+02  0.000000e+00
     vertex  1.079470e+02 -1.107500e+02  0.000000e+00
     vertex  1.079470e+02 -1.107500e+02  1.510000e+00
   endloop
 endfacet
 facet normal  9.238795e-01 -3.826834e-01  0.000000e+00
   outer loop
     vertex  1.078970e+02 -1.108706e+02  0.000000e+00
     vertex  1.079470e+02 -1.107500e+02  1.510000e+00
     vertex  1.078970e+02 -1.108706e+02  1.510000e+00
   endloop
 endfacet
 facet normal  9.914449e-01 -1.305262e-01 -4.936992e-19
   outer loop
     vertex  1.078800e+02 -1.110000e+02  0.000000e+00
     vertex  1.078970e+02 -1.108706e+02  0.000000e+00
     vertex  1.078970e+02 -1.108706e+02  1.510000e+00
   endloop
 endfacet
 facet normal  9.914449e-01 -1.305262e-01  0.000000e+00
   outer loop
     vertex  1.078800e+02 -1.110000e+02  0.000000e+00
     vertex  1.078970e+02 -1.108706e+02  1.510000e+00
     vertex  1.078800e+02 -1.110000e+02  1.510000e+00
   endloop
 endfacet
 facet normal  9.914449e-01  1.305262e-01 -0.000000e+00
   outer loop
     vertex  1.078970e+02 -1.111294e+02  0.000000e+00
     vertex  1.078800e+02 -1.110000e+02  1.510000e+00
     vertex  1.078970e+02 -1.111294e+02  1.510000e+00
   endloop
 endfacet
 facet normal  9.914449e-01  1.305262e-01  4.936992e-19
   outer loop
     vertex  1.078970e+02 -1.111294e+02  0.000000e+00
     vertex  1.078800e+02 -1.110000e+02  0.000000e+00
     vertex  1.078800e+02 -1.110000e+02  1.510000e+00
   endloop
 endfacet
 facet normal  9.238795e-01  3.826834e-01 -0.000000e+00
   outer loop
     vertex  1.079470e+02 -1.112500e+02  0.000000e+00
     vertex  1.078970e+02 -1.111294e+02  1.510000e+00
     vertex  1.079470e+02 -1.112500e+02  1.510000e+00
   endloop
 endfacet
 facet normal  9.238795e-01  3.826834e-01 -5.308507e-19
   outer loop
     vertex  1.079470e+02 -1.112500e+02  0.000000e+00
     vertex  1.078970e+02 -1.111294e+02  0.000000e+00
     vertex  1.078970e+02 -1.111294e+02  1.510000e+00
   endloop
 endfacet
 facet normal  7.933533e-01  6.087614e-01  4.058791e-18
   outer loop
     vertex  1.080264e+02 -1.113536e+02  0.000000e+00
     vertex  1.079470e+02 -1.112500e+02  0.000000e+00
     vertex  1.079470e+02 -1.112500e+02  1.510000e+00
   endloop
 endfacet
 facet normal  6.087614e-01  7.933533e-01 -0.000000e+00
   outer loop
     vertex  1.080264e+02 -1.113536e+02  0.000000e+00
     vertex  1.080264e+02 -1.113536e+02  1.510000e+00
     vertex  1.081300e+02 -1.114330e+02  1.510000e+00
   endloop
 endfacet
 facet normal  7.933533e-01  6.087614e-01 -0.000000e+00
   outer loop
     vertex  1.080264e+02 -1.113536e+02  0.000000e+00
     vertex  1.079470e+02 -1.112500e+02  1.510000e+00
     vertex  1.080264e+02 -1.113536e+02  1.510000e+00
   endloop
 endfacet
 facet normal  6.087614e-01  7.933533e-01 -0.000000e+00
   outer loop
     vertex  1.081300e+02 -1.114330e+02  0.000000e+00
     vertex  1.080264e+02 -1.113536e+02  0.000000e+00
     vertex  1.081300e+02 -1.114330e+02  1.510000e+00
   endloop
 endfacet
 facet normal  1.305262e-01  9.914449e-01 -0.000000e+00
   outer loop
     vertex  1.082506e+02 -1.114830e+02  0.000000e+00
     vertex  1.082506e+02 -1.114830e+02  1.510000e+00
     vertex  1.083800e+02 -1.115000e+02  1.510000e+00
   endloop
 endfacet
 facet normal  3.826834e-01  9.238795e-01 -0.000000e+00
   outer loop
     vertex  1.082506e+02 -1.114830e+02  0.000000e+00
     vertex  1.081300e+02 -1.114330e+02  1.510000e+00
     vertex  1.082506e+02 -1.114830e+02  1.510000e+00
   endloop
 endfacet
 facet normal  3.826834e-01  9.238795e-01 -5.308507e-19
   outer loop
     vertex  1.082506e+02 -1.114830e+02  0.000000e+00
     vertex  1.081300e+02 -1.114330e+02  0.000000e+00
     vertex  1.081300e+02 -1.114330e+02  1.510000e+00
   endloop
 endfacet
 facet normal  1.305262e-01  9.914449e-01 -0.000000e+00
   outer loop
     vertex  1.083800e+02 -1.115000e+02  0.000000e+00
     vertex  1.082506e+02 -1.114830e+02  0.000000e+00
     vertex  1.083800e+02 -1.115000e+02  1.510000e+00
   endloop
 endfacet
 facet normal -1.305262e-01  9.914449e-01 -4.936992e-19
   outer loop
     vertex  1.110494e+02 -1.114830e+02  0.000000e+00
     vertex  1.109200e+02 -1.115000e+02  0.000000e+00
     vertex  1.109200e+02 -1.115000e+02  1.510000e+00
   endloop
 endfacet
 facet normal -1.305262e-01  9.914449e-01  0.000000e+00
   outer loop
     vertex  1.110494e+02 -1.114830e+02  0.000000e+00
     vertex  1.109200e+02 -1.115000e+02  1.510000e+00
     vertex  1.110494e+02 -1.114830e+02  1.510000e+00
   endloop
 endfacet
 facet normal -3.826834e-01  9.238795e-01  0.000000e+00
   outer loop
     vertex  1.111700e+02 -1.114330e+02  0.000000e+00
     vertex  1.110494e+02 -1.114830e+02  1.510000e+00
     vertex  1.111700e+02 -1.114330e+02  1.510000e+00
   endloop
 endfacet
 facet normal -3.826834e-01  9.238795e-01  5.308507e-19
   outer loop
     vertex  1.111700e+02 -1.114330e+02  0.000000e+00
     vertex  1.110494e+02 -1.114830e+02  0.000000e+00
     vertex  1.110494e+02 -1.114830e+02  1.510000e+00
   endloop
 endfacet
 facet normal -6.087614e-01  7.933533e-01  0.000000e+00
   outer loop
     vertex  1.112736e+02 -1.113536e+02  0.000000e+00
     vertex  1.111700e+02 -1.114330e+02  1.510000e+00
     vertex  1.112736e+02 -1.113536e+02  1.510000e+00
   endloop
 endfacet
 facet normal -6.087614e-01  7.933533e-01 -4.058791e-18
   outer loop
     vertex  1.112736e+02 -1.113536e+02  0.000000e+00
     vertex  1.111700e+02 -1.114330e+02  0.000000e+00
     vertex  1.111700e+02 -1.114330e+02  1.510000e+00
   endloop
 endfacet
 facet normal -7.933533e-01  6.087614e-01  0.000000e+00
   outer loop
     vertex  1.113530e+02 -1.112500e+02  0.000000e+00
     vertex  1.112736e+02 -1.113536e+02  1.510000e+00
     vertex  1.113530e+02 -1.112500e+02  1.510000e+00
   endloop
 endfacet
 facet normal -7.933533e-01  6.087614e-01 -4.058791e-18
   outer loop
     vertex  1.113530e+02 -1.112500e+02  0.000000e+00
     vertex  1.112736e+02 -1.113536e+02  0.000000e+00
     vertex  1.112736e+02 -1.113536e+02  1.510000e+00
   endloop
 endfacet
 facet normal -9.238795e-01  3.826834e-01  0.000000e+00
   outer loop
     vertex  1.114030e+02 -1.111294e+02  0.000000e+00
     vertex  1.113530e+02 -1.112500e+02  1.510000e+00
     vertex  1.114030e+02 -1.111294e+02  1.510000e+00
   endloop
 endfacet
 facet normal -9.238795e-01  3.826834e-01  5.308507e-19
   outer loop
     vertex  1.114030e+02 -1.111294e+02  0.000000e+00
     vertex  1.113530e+02 -1.112500e+02  0.000000e+00
     vertex  1.113530e+02 -1.112500e+02  1.510000e+00
   endloop
 endfacet
 facet normal -9.914449e-01  1.305262e-01  0.000000e+00
   outer loop
     vertex  1.114200e+02 -1.110000e+02  0.000000e+00
     vertex  1.114030e+02 -1.111294e+02  1.510000e+00
     vertex  1.114200e+02 -1.110000e+02  1.510000e+00
   endloop
 endfacet
 facet normal -9.914449e-01  1.305262e-01 -4.936992e-19
   outer loop
     vertex  1.114200e+02 -1.110000e+02  0.000000e+00
     vertex  1.114030e+02 -1.111294e+02  0.000000e+00
     vertex  1.114030e+02 -1.111294e+02  1.510000e+00
   endloop
 endfacet
 facet normal -9.914449e-01 -1.305262e-01  0.000000e+00
   outer loop
     vertex  1.114030e+02 -1.108706e+02  0.000000e+00
     vertex  1.114200e+02 -1.110000e+02  1.510000e+00
     vertex  1.114030e+02 -1.108706e+02  1.510000e+00
   endloop
 endfacet
 facet normal -9.914449e-01 -1.305262e-01  4.936992e-19
   outer loop
     vertex  1.114030e+02 -1.108706e+02  0.000000e+00
     vertex  1.114200e+02 -1.110000e+02  0.000000e+00
     vertex  1.114200e+02 -1.110000e+02  1.510000e+00
   endloop
 endfacet
 facet normal -9.238795e-01 -3.826834e-01  0.000000e+00
   outer loop
     vertex  1.113530e+02 -1.107500e+02  0.000000e+00
     vertex  1.114030e+02 -1.108706e+02  1.510000e+00
     vertex  1.113530e+02 -1.107500e+02  1.510000e+00
   endloop
 endfacet
 facet normal -9.238795e-01 -3.826834e-01 -5.308507e-19
   outer loop
     vertex  1.113530e+02 -1.107500e+02  0.000000e+00
     vertex  1.114030e+02 -1.108706e+02  0.000000e+00
     vertex  1.114030e+02 -1.108706e+02  1.510000e+00
   endloop
 endfacet
 facet normal -7.933533e-01 -6.087614e-01  0.000000e+00
   outer loop
     vertex  1.112736e+02 -1.106464e+02  0.000000e+00
     vertex  1.113530e+02 -1.107500e+02  1.510000e+00
     vertex  1.112736e+02 -1.106464e+02  1.510000e+00
   endloop
 endfacet
 facet normal -7.933533e-01 -6.087614e-01  4.058791e-18
   outer loop
     vertex  1.112736e+02 -1.106464e+02  0.000000e+00
     vertex  1.113530e+02 -1.107500e+02  0.000000e+00
     vertex  1.113530e+02 -1.107500e+02  1.510000e+00
   endloop
 endfacet
 facet normal -6.087614e-01 -7.933533e-01  0.000000e+00
   outer loop
     vertex  1.111700e+02 -1.105670e+02  0.000000e+00
     vertex  1.112736e+02 -1.106464e+02  1.510000e+00
     vertex  1.111700e+02 -1.105670e+02  1.510000e+00
   endloop
 endfacet
 facet normal -6.087614e-01 -7.933533e-01  4.058791e-18
   outer loop
     vertex  1.111700e+02 -1.105670e+02  0.000000e+00
     vertex  1.112736e+02 -1.106464e+02  0.000000e+00
     vertex  1.112736e+02 -1.106464e+02  1.510000e+00
   endloop
 endfacet
 facet normal -1.305262e-01 -9.914449e-01  0.000000e+00
   outer loop
     vertex  1.110494e+02 -1.105170e+02  0.000000e+00
     vertex  1.110494e+02 -1.105170e+02  1.510000e+00
     vertex  1.109200e+02 -1.105000e+02  1.510000e+00
   endloop
 endfacet
 facet normal -3.826834e-01 -9.238795e-01  0.000000e+00
   outer loop
     vertex  1.110494e+02 -1.105170e+02  0.000000e+00
     vertex  1.111700e+02 -1.105670e+02  1.510000e+00
     vertex  1.110494e+02 -1.105170e+02  1.510000e+00
   endloop
 endfacet
 facet normal -3.826834e-01 -9.238795e-01 -5.308507e-19
   outer loop
     vertex  1.110494e+02 -1.105170e+02  0.000000e+00
     vertex  1.111700e+02 -1.105670e+02  0.000000e+00
     vertex  1.111700e+02 -1.105670e+02  1.510000e+00
   endloop
 endfacet
 facet normal -1.305262e-01 -9.914449e-01  0.000000e+00
   outer loop
     vertex  1.109200e+02 -1.105000e+02  0.000000e+00
     vertex  1.110494e+02 -1.105170e+02  0.000000e+00
     vertex  1.109200e+02 -1.105000e+02  1.510000e+00
   endloop
 endfacet
 facet normal  1.305262e-01 -9.914449e-01 -4.936992e-19
   outer loop
     vertex  1.107906e+02 -1.105170e+02  0.000000e+00
     vertex  1.109200e+02 -1.105000e+02  0.000000e+00
     vertex  1.109200e+02 -1.105000e+02  1.510000e+00
   endloop
 endfacet
 facet normal  1.305262e-01 -9.914449e-01  0.000000e+00
   outer loop
     vertex  1.107906e+02 -1.105170e+02  0.000000e+00
     vertex  1.109200e+02 -1.105000e+02  1.510000e+00
     vertex  1.107906e+02 -1.105170e+02  1.510000e+00
   endloop
 endfacet
 facet normal  3.826834e-01 -9.238795e-01  5.308507e-19
   outer loop
     vertex  1.106700e+02 -1.105670e+02  0.000000e+00
     vertex  1.107906e+02 -1.105170e+02  0.000000e+00
     vertex  1.107906e+02 -1.105170e+02  1.510000e+00
   endloop
 endfacet
 facet normal  3.826834e-01 -9.238795e-01  0.000000e+00
   outer loop
     vertex  1.106700e+02 -1.105670e+02  0.000000e+00
     vertex  1.107906e+02 -1.105170e+02  1.510000e+00
     vertex  1.106700e+02 -1.105670e+02  1.510000e+00
   endloop
 endfacet
 facet normal  6.087614e-01 -7.933533e-01 -4.058791e-18
   outer loop
     vertex  1.105664e+02 -1.106464e+02  0.000000e+00
     vertex  1.106700e+02 -1.105670e+02  0.000000e+00
     vertex  1.106700e+02 -1.105670e+02  1.510000e+00
   endloop
 endfacet
 facet normal  7.933533e-01 -6.087614e-01  0.000000e+00
   outer loop
     vertex  1.105664e+02 -1.106464e+02  0.000000e+00
     vertex  1.105664e+02 -1.106464e+02  1.510000e+00
     vertex  1.104870e+02 -1.107500e+02  1.510000e+00
   endloop
 endfacet
 facet normal  6.087614e-01 -7.933533e-01  0.000000e+00
   outer loop
     vertex  1.105664e+02 -1.106464e+02  0.000000e+00
     vertex  1.106700e+02 -1.105670e+02  1.510000e+00
     vertex  1.105664e+02 -1.106464e+02  1.510000e+00
   endloop
 endfacet
 facet normal  7.933533e-01 -6.087614e-01  0.000000e+00
   outer loop
     vertex  1.104870e+02 -1.107500e+02  0.000000e+00
     vertex  1.105664e+02 -1.106464e+02  0.000000e+00
     vertex  1.104870e+02 -1.107500e+02  1.510000e+00
   endloop
 endfacet
 facet normal  9.238795e-01 -3.826834e-01  5.308507e-19
   outer loop
     vertex  1.104370e+02 -1.108706e+02  0.000000e+00
     vertex  1.104870e+02 -1.107500e+02  0.000000e+00
     vertex  1.104870e+02 -1.107500e+02  1.510000e+00
   endloop
 endfacet
 facet normal  9.238795e-01 -3.826834e-01  0.000000e+00
   outer loop
     vertex  1.104370e+02 -1.108706e+02  0.000000e+00
     vertex  1.104870e+02 -1.107500e+02  1.510000e+00
     vertex  1.104370e+02 -1.108706e+02  1.510000e+00
   endloop
 endfacet
 facet normal  9.914449e-01 -1.305262e-01 -4.936992e-19
   outer loop
     vertex  1.104200e+02 -1.110000e+02  0.000000e+00
     vertex  1.104370e+02 -1.108706e+02  0.000000e+00
     vertex  1.104370e+02 -1.108706e+02  1.510000e+00
   endloop
 endfacet
 facet normal  9.914449e-01 -1.305262e-01  0.000000e+00
   outer loop
     vertex  1.104200e+02 -1.110000e+02  0.000000e+00
     vertex  1.104370e+02 -1.108706e+02  1.510000e+00
     vertex  1.104200e+02 -1.110000e+02  1.510000e+00
   endloop
 endfacet
 facet normal  9.914449e-01  1.305262e-01 -0.000000e+00
   outer loop
     vertex  1.104370e+02 -1.111294e+02  0.000000e+00
     vertex  1.104200e+02 -1.110000e+02  1.510000e+00
     vertex  1.104370e+02 -1.111294e+02  1.510000e+00
   endloop
 endfacet
 facet normal  9.914449e-01  1.305262e-01  4.936992e-19
   outer loop
     vertex  1.104370e+02 -1.111294e+02  0.000000e+00
     vertex  1.104200e+02 -1.110000e+02  0.000000e+00
     vertex  1.104200e+02 -1.110000e+02  1.510000e+00
   endloop
 endfacet
 facet normal  9.238795e-01  3.826834e-01 -0.000000e+00
   outer loop
     vertex  1.104870e+02 -1.112500e+02  0.000000e+00
     vertex  1.104370e+02 -1.111294e+02  1.510000e+00
     vertex  1.104870e+02 -1.112500e+02  1.510000e+00
   endloop
 endfacet
 facet normal  9.238795e-01  3.826834e-01 -5.308507e-19
   outer loop
     vertex  1.104870e+02 -1.112500e+02  0.000000e+00
     vertex  1.104370e+02 -1.111294e+02  0.000000e+00
     vertex  1.104370e+02 -1.111294e+02  1.510000e+00
   endloop
 endfacet
 facet normal  7.933533e-01  6.087614e-01  4.058791e-18
   outer loop
     vertex  1.105664e+02 -1.113536e+02  0.000000e+00
     vertex  1.104870e+02 -1.112500e+02  0.000000e+00
     vertex  1.104870e+02 -1.112500e+02  1.510000e+00
   endloop
 endfacet
 facet normal  6.087614e-01  7.933533e-01 -0.000000e+00
   outer loop
     vertex  1.105664e+02 -1.113536e+02  0.000000e+00
     vertex  1.105664e+02 -1.113536e+02  1.510000e+00
     vertex  1.106700e+02 -1.114330e+02  1.510000e+00
   endloop
 endfacet
 facet normal  7.933533e-01  6.087614e-01 -0.000000e+00
   outer loop
     vertex  1.105664e+02 -1.113536e+02  0.000000e+00
     vertex  1.104870e+02 -1.112500e+02  1.510000e+00
     vertex  1.105664e+02 -1.113536e+02  1.510000e+00
   endloop
 endfacet
 facet normal  6.087614e-01  7.933533e-01 -0.000000e+00
   outer loop
     vertex  1.106700e+02 -1.114330e+02  0.000000e+00
     vertex  1.105664e+02 -1.113536e+02  0.000000e+00
     vertex  1.106700e+02 -1.114330e+02  1.510000e+00
   endloop
 endfacet
 facet normal  1.305262e-01  9.914449e-01 -0.000000e+00
   outer loop
     vertex  1.107906e+02 -1.114830e+02  0.000000e+00
     vertex  1.107906e+02 -1.114830e+02  1.510000e+00
     vertex  1.109200e+02 -1.115000e+02  1.510000e+00
   endloop
 endfacet
 facet normal  3.826834e-01  9.238795e-01 -0.000000e+00
   outer loop
     vertex  1.107906e+02 -1.114830e+02  0.000000e+00
     vertex  1.106700e+02 -1.114330e+02  1.510000e+00
     vertex  1.107906e+02 -1.114830e+02  1.510000e+00
   endloop
 endfacet
 facet normal  3.826834e-01  9.238795e-01 -5.308507e-19
   outer loop
     vertex  1.107906e+02 -1.114830e+02  0.000000e+00
     vertex  1.106700e+02 -1.114330e+02  0.000000e+00
     vertex  1.106700e+02 -1.114330e+02  1.510000e+00
   endloop
 endfacet
 facet normal  1.305262e-01  9.914449e-01 -0.000000e+00
   outer loop
     vertex  1.109200e+02 -1.115000e+02  0.000000e+00
     vertex  1.107906e+02 -1.114830e+02  0.000000e+00
     vertex  1.109200e+02 -1.115000e+02  1.510000e+00
   endloop
 endfacet
 facet normal -1.305262e-01  9.914449e-01 -4.936992e-19
   outer loop
     vertex  1.135894e+02 -1.114830e+02  0.000000e+00
     vertex  1.134600e+02 -1.115000e+02  0.000000e+00
     vertex  1.134600e+02 -1.115000e+02  1.510000e+00
   endloop
 endfacet
 facet normal -1.305262e-01  9.914449e-01  0.000000e+00
   outer loop
     vertex  1.135894e+02 -1.114830e+02  0.000000e+00
     vertex  1.134600e+02 -1.115000e+02  1.510000e+00
     vertex  1.135894e+02 -1.114830e+02  1.510000e+00
   endloop
 endfacet
 facet normal -3.826834e-01  9.238795e-01  0.000000e+00
   outer loop
     vertex  1.137100e+02 -1.114330e+02  0.000000e+00
     vertex  1.135894e+02 -1.114830e+02  1.510000e+00
     vertex  1.137100e+02 -1.114330e+02  1.510000e+00
   endloop
 endfacet
 facet normal -3.826834e-01  9.238795e-01  5.308507e-19
   outer loop
     vertex  1.137100e+02 -1.114330e+02  0.000000e+00
     vertex  1.135894e+02 -1.114830e+02  0.000000e+00
     vertex  1.135894e+02 -1.114830e+02  1.510000e+00
   endloop
 endfacet
 facet normal -6.087614e-01  7.933533e-01  0.000000e+00
   outer loop
     vertex  1.138136e+02 -1.113536e+02  0.000000e+00
     vertex  1.137100e+02 -1.114330e+02  1.510000e+00
     vertex  1.138136e+02 -1.113536e+02  1.510000e+00
   endloop
 endfacet
 facet normal -6.087614e-01  7.933533e-01 -4.058791e-18
   outer loop
     vertex  1.138136e+02 -1.113536e+02  0.000000e+00
     vertex  1.137100e+02 -1.114330e+02  0.000000e+00
     vertex  1.137100e+02 -1.114330e+02  1.510000e+00
   endloop
 endfacet
 facet normal -7.933533e-01  6.087614e-01  0.000000e+00
   outer loop
     vertex  1.138930e+02 -1.112500e+02  0.000000e+00
     vertex  1.138136e+02 -1.113536e+02  1.510000e+00
     vertex  1.138930e+02 -1.112500e+02  1.510000e+00
   endloop
 endfacet
 facet normal -7.933533e-01  6.087614e-01 -4.058791e-18
   outer loop
     vertex  1.138930e+02 -1.112500e+02  0.000000e+00
     vertex  1.138136e+02 -1.113536e+02  0.000000e+00
     vertex  1.138136e+02 -1.113536e+02  1.510000e+00
   endloop
 endfacet
 facet normal -9.238795e-01  3.826834e-01  0.000000e+00
   outer loop
     vertex  1.139430e+02 -1.111294e+02  0.000000e+00
     vertex  1.138930e+02 -1.112500e+02  1.510000e+00
     vertex  1.139430e+02 -1.111294e+02  1.510000e+00
   endloop
 endfacet
 facet normal -9.238795e-01  3.826834e-01  5.308507e-19
   outer loop
     vertex  1.139430e+02 -1.111294e+02  0.000000e+00
     vertex  1.138930e+02 -1.112500e+02  0.000000e+00
     vertex  1.138930e+02 -1.112500e+02  1.510000e+00
   endloop
 endfacet
 facet normal -9.914449e-01  1.305262e-01  0.000000e+00
   outer loop
     vertex  1.139600e+02 -1.110000e+02  0.000000e+00
     vertex  1.139430e+02 -1.111294e+02  1.510000e+00
     vertex  1.139600e+02 -1.110000e+02  1.510000e+00
   endloop
 endfacet
 facet normal -9.914449e-01  1.305262e-01 -4.936992e-19
   outer loop
     vertex  1.139600e+02 -1.110000e+02  0.000000e+00
     vertex  1.139430e+02 -1.111294e+02  0.000000e+00
     vertex  1.139430e+02 -1.111294e+02  1.510000e+00
   endloop
 endfacet
 facet normal -9.914449e-01 -1.305262e-01  0.000000e+00
   outer loop
     vertex  1.139430e+02 -1.108706e+02  0.000000e+00
     vertex  1.139600e+02 -1.110000e+02  1.510000e+00
     vertex  1.139430e+02 -1.108706e+02  1.510000e+00
   endloop
 endfacet
 facet normal -9.914449e-01 -1.305262e-01  4.936992e-19
   outer loop
     vertex  1.139430e+02 -1.108706e+02  0.000000e+00
     vertex  1.139600e+02 -1.110000e+02  0.000000e+00
     vertex  1.139600e+02 -1.110000e+02  1.510000e+00
   endloop
 endfacet
 facet normal -9.238795e-01 -3.826834e-01  0.000000e+00
   outer loop
     vertex  1.138930e+02 -1.107500e+02  0.000000e+00
     vertex  1.139430e+02 -1.108706e+02  1.510000e+00
     vertex  1.138930e+02 -1.107500e+02  1.510000e+00
   endloop
 endfacet
 facet normal -9.238795e-01 -3.826834e-01 -5.308507e-19
   outer loop
     vertex  1.138930e+02 -1.107500e+02  0.000000e+00
     vertex  1.139430e+02 -1.108706e+02  0.000000e+00
     vertex  1.139430e+02 -1.108706e+02  1.510000e+00
   endloop
 endfacet
 facet normal -7.933533e-01 -6.087614e-01  0.000000e+00
   outer loop
     vertex  1.138136e+02 -1.106464e+02  0.000000e+00
     vertex  1.138930e+02 -1.107500e+02  1.510000e+00
     vertex  1.138136e+02 -1.106464e+02  1.510000e+00
   endloop
 endfacet
 facet normal -7.933533e-01 -6.087614e-01  4.058791e-18
   outer loop
     vertex  1.138136e+02 -1.106464e+02  0.000000e+00
     vertex  1.138930e+02 -1.107500e+02  0.000000e+00
     vertex  1.138930e+02 -1.107500e+02  1.510000e+00
   endloop
 endfacet
 facet normal -6.087614e-01 -7.933533e-01  0.000000e+00
   outer loop
     vertex  1.137100e+02 -1.105670e+02  0.000000e+00
     vertex  1.138136e+02 -1.106464e+02  1.510000e+00
     vertex  1.137100e+02 -1.105670e+02  1.510000e+00
   endloop
 endfacet
 facet normal -6.087614e-01 -7.933533e-01  4.058791e-18
   outer loop
     vertex  1.137100e+02 -1.105670e+02  0.000000e+00
     vertex  1.138136e+02 -1.106464e+02  0.000000e+00
     vertex  1.138136e+02 -1.106464e+02  1.510000e+00
   endloop
 endfacet
 facet normal -1.305262e-01 -9.914449e-01  0.000000e+00
   outer loop
     vertex  1.135894e+02 -1.105170e+02  0.000000e+00
     vertex  1.135894e+02 -1.105170e+02  1.510000e+00
     vertex  1.134600e+02 -1.105000e+02  1.510000e+00
   endloop
 endfacet
 facet normal -3.826834e-01 -9.238795e-01  0.000000e+00
   outer loop
     vertex  1.135894e+02 -1.105170e+02  0.000000e+00
     vertex  1.137100e+02 -1.105670e+02  1.510000e+00
     vertex  1.135894e+02 -1.105170e+02  1.510000e+00
   endloop
 endfacet
 facet normal -3.826834e-01 -9.238795e-01 -5.308507e-19
   outer loop
     vertex  1.135894e+02 -1.105170e+02  0.000000e+00
     vertex  1.137100e+02 -1.105670e+02  0.000000e+00
     vertex  1.137100e+02 -1.105670e+02  1.510000e+00
   endloop
 endfacet
 facet normal -1.305262e-01 -9.914449e-01  0.000000e+00
   outer loop
     vertex  1.134600e+02 -1.105000e+02  0.000000e+00
     vertex  1.135894e+02 -1.105170e+02  0.000000e+00
     vertex  1.134600e+02 -1.105000e+02  1.510000e+00
   endloop
 endfacet
 facet normal  1.305262e-01 -9.914449e-01 -4.936992e-19
   outer loop
     vertex  1.133306e+02 -1.105170e+02  0.000000e+00
     vertex  1.134600e+02 -1.105000e+02  0.000000e+00
     vertex  1.134600e+02 -1.105000e+02  1.510000e+00
   endloop
 endfacet
 facet normal  1.305262e-01 -9.914449e-01  0.000000e+00
   outer loop
     vertex  1.133306e+02 -1.105170e+02  0.000000e+00
     vertex  1.134600e+02 -1.105000e+02  1.510000e+00
     vertex  1.133306e+02 -1.105170e+02  1.510000e+00
   endloop
 endfacet
 facet normal  3.826834e-01 -9.238795e-01  5.308507e-19
   outer loop
     vertex  1.132100e+02 -1.105670e+02  0.000000e+00
     vertex  1.133306e+02 -1.105170e+02  0.000000e+00
     vertex  1.133306e+02 -1.105170e+02  1.510000e+00
   endloop
 endfacet
 facet normal  3.826834e-01 -9.238795e-01  0.000000e+00
   outer loop
     vertex  1.132100e+02 -1.105670e+02  0.000000e+00
     vertex  1.133306e+02 -1.105170e+02  1.510000e+00
     vertex  1.132100e+02 -1.105670e+02  1.510000e+00
   endloop
 endfacet
 facet normal  6.087614e-01 -7.933533e-01 -4.058791e-18
   outer loop
     vertex  1.131064e+02 -1.106464e+02  0.000000e+00
     vertex  1.132100e+02 -1.105670e+02  0.000000e+00
     vertex  1.132100e+02 -1.105670e+02  1.510000e+00
   endloop
 endfacet
 facet normal  7.933533e-01 -6.087614e-01  0.000000e+00
   outer loop
     vertex  1.131064e+02 -1.106464e+02  0.000000e+00
     vertex  1.131064e+02 -1.106464e+02  1.510000e+00
     vertex  1.130270e+02 -1.107500e+02  1.510000e+00
   endloop
 endfacet
 facet normal  6.087614e-01 -7.933533e-01  0.000000e+00
   outer loop
     vertex  1.131064e+02 -1.106464e+02  0.000000e+00
     vertex  1.132100e+02 -1.105670e+02  1.510000e+00
     vertex  1.131064e+02 -1.106464e+02  1.510000e+00
   endloop
 endfacet
 facet normal  7.933533e-01 -6.087614e-01  0.000000e+00
   outer loop
     vertex  1.130270e+02 -1.107500e+02  0.000000e+00
     vertex  1.131064e+02 -1.106464e+02  0.000000e+00
     vertex  1.130270e+02 -1.107500e+02  1.510000e+00
   endloop
 endfacet
 facet normal  9.238795e-01 -3.826834e-01  5.308507e-19
   outer loop
     vertex  1.129770e+02 -1.108706e+02  0.000000e+00
     vertex  1.130270e+02 -1.107500e+02  0.000000e+00
     vertex  1.130270e+02 -1.107500e+02  1.510000e+00
   endloop
 endfacet
 facet normal  9.238795e-01 -3.826834e-01  0.000000e+00
   outer loop
     vertex  1.129770e+02 -1.108706e+02  0.000000e+00
     vertex  1.130270e+02 -1.107500e+02  1.510000e+00
     vertex  1.129770e+02 -1.108706e+02  1.510000e+00
   endloop
 endfacet
 facet normal  9.914449e-01 -1.305262e-01 -4.936992e-19
   outer loop
     vertex  1.129600e+02 -1.110000e+02  0.000000e+00
     vertex  1.129770e+02 -1.108706e+02  0.000000e+00
     vertex  1.129770e+02 -1.108706e+02  1.510000e+00
   endloop
 endfacet
 facet normal  9.914449e-01 -1.305262e-01  0.000000e+00
   outer loop
     vertex  1.129600e+02 -1.110000e+02  0.000000e+00
     vertex  1.129770e+02 -1.108706e+02  1.510000e+00
     vertex  1.129600e+02 -1.110000e+02  1.510000e+00
   endloop
 endfacet
 facet normal  9.914449e-01  1.305262e-01 -0.000000e+00
   outer loop
     vertex  1.129770e+02 -1.111294e+02  0.000000e+00
     vertex  1.129600e+02 -1.110000e+02  1.510000e+00
     vertex  1.129770e+02 -1.111294e+02  1.510000e+00
   endloop
 endfacet
 facet normal  9.914449e-01  1.305262e-01  4.936992e-19
   outer loop
     vertex  1.129770e+02 -1.111294e+02  0.000000e+00
     vertex  1.129600e+02 -1.110000e+02  0.000000e+00
     vertex  1.129600e+02 -1.110000e+02  1.510000e+00
   endloop
 endfacet
 facet normal  9.238795e-01  3.826834e-01 -0.000000e+00
   outer loop
     vertex  1.130270e+02 -1.112500e+02  0.000000e+00
     vertex  1.129770e+02 -1.111294e+02  1.510000e+00
     vertex  1.130270e+02 -1.112500e+02  1.510000e+00
   endloop
 endfacet
 facet normal  9.238795e-01  3.826834e-01 -5.308507e-19
   outer loop
     vertex  1.130270e+02 -1.112500e+02  0.000000e+00
     vertex  1.129770e+02 -1.111294e+02  0.000000e+00
     vertex  1.129770e+02 -1.111294e+02  1.510000e+00
   endloop
 endfacet
 facet normal  7.933533e-01  6.087614e-01  4.058791e-18
   outer loop
     vertex  1.131064e+02 -1.113536e+02  0.000000e+00
     vertex  1.130270e+02 -1.112500e+02  0.000000e+00
     vertex  1.130270e+02 -1.112500e+02  1.510000e+00
   endloop
 endfacet
 facet normal  6.087614e-01  7.933533e-01 -0.000000e+00
   outer loop
     vertex  1.131064e+02 -1.113536e+02  0.000000e+00
     vertex  1.131064e+02 -1.113536e+02  1.510000e+00
     vertex  1.132100e+02 -1.114330e+02  1.510000e+00
   endloop
 endfacet
 facet normal  7.933533e-01  6.087614e-01 -0.000000e+00
   outer loop
     vertex  1.131064e+02 -1.113536e+02  0.000000e+00
     vertex  1.130270e+02 -1.112500e+02  1.510000e+00
     vertex  1.131064e+02 -1.113536e+02  1.510000e+00
   endloop
 endfacet
 facet normal  6.087614e-01  7.933533e-01 -0.000000e+00
   outer loop
     vertex  1.132100e+02 -1.114330e+02  0.000000e+00
     vertex  1.131064e+02 -1.113536e+02  0.000000e+00
     vertex  1.132100e+02 -1.114330e+02  1.510000e+00
   endloop
 endfacet
 facet normal  1.305262e-01  9.914449e-01 -0.000000e+00
   outer loop
     vertex  1.133306e+02 -1.114830e+02  0.000000e+00
     vertex  1.133306e+02 -1.114830e+02  1.510000e+00
     vertex  1.134600e+02 -1.115000e+02  1.510000e+00
   endloop
 endfacet
 facet normal  3.826834e-01  9.238795e-01 -0.000000e+00
   outer loop
     vertex  1.133306e+02 -1.114830e+02  0.000000e+00
     vertex  1.132100e+02 -1.114330e+02  1.510000e+00
     vertex  1.133306e+02 -1.114830e+02  1.510000e+00
   endloop
 endfacet
 facet normal  3.826834e-01  9.238795e-01 -5.308507e-19
   outer loop
     vertex  1.133306e+02 -1.114830e+02  0.000000e+00
     vertex  1.132100e+02 -1.114330e+02  0.000000e+00
     vertex  1.132100e+02 -1.114330e+02  1.510000e+00
   endloop
 endfacet
 facet normal  1.305262e-01  9.914449e-01 -0.000000e+00
   outer loop
     vertex  1.134600e+02 -1.115000e+02  0.000000e+00
     vertex  1.133306e+02 -1.114830e+02  0.000000e+00
     vertex  1.134600e+02 -1.115000e+02  1.510000e+00
   endloop
 endfacet
 facet normal -1.305262e-01  9.914449e-01 -4.936992e-19
   outer loop
     vertex  1.161294e+02 -1.114830e+02  0.000000e+00
     vertex  1.160000e+02 -1.115000e+02  0.000000e+00
     vertex  1.160000e+02 -1.115000e+02  1.510000e+00
   endloop
 endfacet
 facet normal -1.305262e-01  9.914449e-01  0.000000e+00
   outer loop
     vertex  1.161294e+02 -1.114830e+02  0.000000e+00
     vertex  1.160000e+02 -1.115000e+02  1.510000e+00
     vertex  1.161294e+02 -1.114830e+02  1.510000e+00
   endloop
 endfacet
 facet normal -3.826834e-01  9.238795e-01  0.000000e+00
   outer loop
     vertex  1.162500e+02 -1.114330e+02  0.000000e+00
     vertex  1.161294e+02 -1.114830e+02  1.510000e+00
     vertex  1.162500e+02 -1.114330e+02  1.510000e+00
   endloop
 endfacet
 facet normal -3.826834e-01  9.238795e-01  5.308507e-19
   outer loop
     vertex  1.162500e+02 -1.114330e+02  0.000000e+00
     vertex  1.161294e+02 -1.114830e+02  0.000000e+00
     vertex  1.161294e+02 -1.114830e+02  1.510000e+00
   endloop
 endfacet
 facet normal -6.087614e-01  7.933533e-01  0.000000e+00
   outer loop
     vertex  1.163536e+02 -1.113536e+02  0.000000e+00
     vertex  1.162500e+02 -1.114330e+02  1.510000e+00
     vertex  1.163536e+02 -1.113536e+02  1.510000e+00
   endloop
 endfacet
 facet normal -6.087614e-01  7.933533e-01 -4.058791e-18
   outer loop
     vertex  1.163536e+02 -1.113536e+02  0.000000e+00
     vertex  1.162500e+02 -1.114330e+02  0.000000e+00
     vertex  1.162500e+02 -1.114330e+02  1.510000e+00
   endloop
 endfacet
 facet normal -7.933533e-01  6.087614e-01  0.000000e+00
   outer loop
     vertex  1.164330e+02 -1.112500e+02  0.000000e+00
     vertex  1.163536e+02 -1.113536e+02  1.510000e+00
     vertex  1.164330e+02 -1.112500e+02  1.510000e+00
   endloop
 endfacet
 facet normal -7.933533e-01  6.087614e-01 -4.058791e-18
   outer loop
     vertex  1.164330e+02 -1.112500e+02  0.000000e+00
     vertex  1.163536e+02 -1.113536e+02  0.000000e+00
     vertex  1.163536e+02 -1.113536e+02  1.510000e+00
   endloop
 endfacet
 facet normal -9.238795e-01  3.826834e-01  0.000000e+00
   outer loop
     vertex  1.164830e+02 -1.111294e+02  0.000000e+00
     vertex  1.164330e+02 -1.112500e+02  1.510000e+00
     vertex  1.164830e+02 -1.111294e+02  1.510000e+00
   endloop
 endfacet
 facet normal -9.238795e-01  3.826834e-01  5.308507e-19
   outer loop
     vertex  1.164830e+02 -1.111294e+02  0.000000e+00
     vertex  1.164330e+02 -1.112500e+02  0.000000e+00
     vertex  1.164330e+02 -1.112500e+02  1.510000e+00
   endloop
 endfacet
 facet normal -9.914449e-01  1.305262e-01  0.000000e+00
   outer loop
     vertex  1.165000e+02 -1.110000e+02  0.000000e+00
     vertex  1.164830e+02 -1.111294e+02  1.510000e+00
     vertex  1.165000e+02 -1.110000e+02  1.510000e+00
   endloop
 endfacet
 facet normal -9.914449e-01  1.305262e-01 -4.936992e-19
   outer loop
     vertex  1.165000e+02 -1.110000e+02  0.000000e+00
     vertex  1.164830e+02 -1.111294e+02  0.000000e+00
     vertex  1.164830e+02 -1.111294e+02  1.510000e+00
   endloop
 endfacet
 facet normal -9.914449e-01 -1.305262e-01  0.000000e+00
   outer loop
     vertex  1.164830e+02 -1.108706e+02  0.000000e+00
     vertex  1.165000e+02 -1.110000e+02  1.510000e+00
     vertex  1.164830e+02 -1.108706e+02  1.510000e+00
   endloop
 endfacet
 facet normal -9.914449e-01 -1.305262e-01  4.936992e-19
   outer loop
     vertex  1.164830e+02 -1.108706e+02  0.000000e+00
     vertex  1.165000e+02 -1.110000e+02  0.000000e+00
     vertex  1.165000e+02 -1.110000e+02  1.510000e+00
   endloop
 endfacet
 facet normal -9.238795e-01 -3.826834e-01  0.000000e+00
   outer loop
     vertex  1.164330e+02 -1.107500e+02  0.000000e+00
     vertex  1.164830e+02 -1.108706e+02  1.510000e+00
     vertex  1.164330e+02 -1.107500e+02  1.510000e+00
   endloop
 endfacet
 facet normal -9.238795e-01 -3.826834e-01 -5.308507e-19
   outer loop
     vertex  1.164330e+02 -1.107500e+02  0.000000e+00
     vertex  1.164830e+02 -1.108706e+02  0.000000e+00
     vertex  1.164830e+02 -1.108706e+02  1.510000e+00
   endloop
 endfacet
 facet normal -7.933533e-01 -6.087614e-01  0.000000e+00
   outer loop
     vertex  1.163536e+02 -1.106464e+02  0.000000e+00
     vertex  1.164330e+02 -1.107500e+02  1.510000e+00
     vertex  1.163536e+02 -1.106464e+02  1.510000e+00
   endloop
 endfacet
 facet normal -7.933533e-01 -6.087614e-01  4.058791e-18
   outer loop
     vertex  1.163536e+02 -1.106464e+02  0.000000e+00
     vertex  1.164330e+02 -1.107500e+02  0.000000e+00
     vertex  1.164330e+02 -1.107500e+02  1.510000e+00
   endloop
 endfacet
 facet normal -6.087614e-01 -7.933533e-01  0.000000e+00
   outer loop
     vertex  1.162500e+02 -1.105670e+02  0.000000e+00
     vertex  1.163536e+02 -1.106464e+02  1.510000e+00
     vertex  1.162500e+02 -1.105670e+02  1.510000e+00
   endloop
 endfacet
 facet normal -6.087614e-01 -7.933533e-01  4.058791e-18
   outer loop
     vertex  1.162500e+02 -1.105670e+02  0.000000e+00
     vertex  1.163536e+02 -1.106464e+02  0.000000e+00
     vertex  1.163536e+02 -1.106464e+02  1.510000e+00
   endloop
 endfacet
 facet normal -1.305262e-01 -9.914449e-01  0.000000e+00
   outer loop
     vertex  1.161294e+02 -1.105170e+02  0.000000e+00
     vertex  1.161294e+02 -1.105170e+02  1.510000e+00
     vertex  1.160000e+02 -1.105000e+02  1.510000e+00
   endloop
 endfacet
 facet normal -3.826834e-01 -9.238795e-01  0.000000e+00
   outer loop
     vertex  1.161294e+02 -1.105170e+02  0.000000e+00
     vertex  1.162500e+02 -1.105670e+02  1.510000e+00
     vertex  1.161294e+02 -1.105170e+02  1.510000e+00
   endloop
 endfacet
 facet normal -3.826834e-01 -9.238795e-01 -5.308507e-19
   outer loop
     vertex  1.161294e+02 -1.105170e+02  0.000000e+00
     vertex  1.162500e+02 -1.105670e+02  0.000000e+00
     vertex  1.162500e+02 -1.105670e+02  1.510000e+00
   endloop
 endfacet
 facet normal -1.305262e-01 -9.914449e-01  0.000000e+00
   outer loop
     vertex  1.160000e+02 -1.105000e+02  0.000000e+00
     vertex  1.161294e+02 -1.105170e+02  0.000000e+00
     vertex  1.160000e+02 -1.105000e+02  1.510000e+00
   endloop
 endfacet
 facet normal  1.305262e-01 -9.914449e-01 -4.936992e-19
   outer loop
     vertex  1.158706e+02 -1.105170e+02  0.000000e+00
     vertex  1.160000e+02 -1.105000e+02  0.000000e+00
     vertex  1.160000e+02 -1.105000e+02  1.510000e+00
   endloop
 endfacet
 facet normal  1.305262e-01 -9.914449e-01  0.000000e+00
   outer loop
     vertex  1.158706e+02 -1.105170e+02  0.000000e+00
     vertex  1.160000e+02 -1.105000e+02  1.510000e+00
     vertex  1.158706e+02 -1.105170e+02  1.510000e+00
   endloop
 endfacet
 facet normal  3.826834e-01 -9.238795e-01  5.308507e-19
   outer loop
     vertex  1.157500e+02 -1.105670e+02  0.000000e+00
     vertex  1.158706e+02 -1.105170e+02  0.000000e+00
     vertex  1.158706e+02 -1.105170e+02  1.510000e+00
   endloop
 endfacet
 facet normal  3.826834e-01 -9.238795e-01  0.000000e+00
   outer loop
     vertex  1.157500e+02 -1.105670e+02  0.000000e+00
     vertex  1.158706e+02 -1.105170e+02  1.510000e+00
     vertex  1.157500e+02 -1.105670e+02  1.510000e+00
   endloop
 endfacet
 facet normal  6.087614e-01 -7.933533e-01 -4.058791e-18
   outer loop
     vertex  1.156464e+02 -1.106464e+02  0.000000e+00
     vertex  1.157500e+02 -1.105670e+02  0.000000e+00
     vertex  1.157500e+02 -1.105670e+02  1.510000e+00
   endloop
 endfacet
 facet normal  7.933533e-01 -6.087614e-01  0.000000e+00
   outer loop
     vertex  1.156464e+02 -1.106464e+02  0.000000e+00
     vertex  1.156464e+02 -1.106464e+02  1.510000e+00
     vertex  1.155670e+02 -1.107500e+02  1.510000e+00
   endloop
 endfacet
 facet normal  6.087614e-01 -7.933533e-01  0.000000e+00
   outer loop
     vertex  1.156464e+02 -1.106464e+02  0.000000e+00
     vertex  1.157500e+02 -1.105670e+02  1.510000e+00
     vertex  1.156464e+02 -1.106464e+02  1.510000e+00
   endloop
 endfacet
 facet normal  7.933533e-01 -6.087614e-01  0.000000e+00
   outer loop
     vertex  1.155670e+02 -1.107500e+02  0.000000e+00
     vertex  1.156464e+02 -1.106464e+02  0.000000e+00
     vertex  1.155670e+02 -1.107500e+02  1.510000e+00
   endloop
 endfacet
 facet normal  9.238795e-01 -3.826834e-01  5.308507e-19
   outer loop
     vertex  1.155170e+02 -1.108706e+02  0.000000e+00
     vertex  1.155670e+02 -1.107500e+02  0.000000e+00
     vertex  1.155670e+02 -1.107500e+02  1.510000e+00
   endloop
 endfacet
 facet normal  9.238795e-01 -3.826834e-01  0.000000e+00
   outer loop
     vertex  1.155170e+02 -1.108706e+02  0.000000e+00
     vertex  1.155670e+02 -1.107500e+02  1.510000e+00
     vertex  1.155170e+02 -1.108706e+02  1.510000e+00
   endloop
 endfacet
 facet normal  9.914449e-01 -1.305262e-01 -4.936992e-19
   outer loop
     vertex  1.155000e+02 -1.110000e+02  0.000000e+00
     vertex  1.155170e+02 -1.108706e+02  0.000000e+00
     vertex  1.155170e+02 -1.108706e+02  1.510000e+00
   endloop
 endfacet
 facet normal  9.914449e-01 -1.305262e-01  0.000000e+00
   outer loop
     vertex  1.155000e+02 -1.110000e+02  0.000000e+00
     vertex  1.155170e+02 -1.108706e+02  1.510000e+00
     vertex  1.155000e+02 -1.110000e+02  1.510000e+00
   endloop
 endfacet
 facet normal  9.914449e-01  1.305262e-01 -0.000000e+00
   outer loop
     vertex  1.155170e+02 -1.111294e+02  0.000000e+00
     vertex  1.155000e+02 -1.110000e+02  1.510000e+00
     vertex  1.155170e+02 -1.111294e+02  1.510000e+00
   endloop
 endfacet
 facet normal  9.914449e-01  1.305262e-01  4.936992e-19
   outer loop
     vertex  1.155170e+02 -1.111294e+02  0.000000e+00
     vertex  1.155000e+02 -1.110000e+02  0.000000e+00
     vertex  1.155000e+02 -1.110000e+02  1.510000e+00
   endloop
 endfacet
 facet normal  9.238795e-01  3.826834e-01 -0.000000e+00
   outer loop
     vertex  1.155670e+02 -1.112500e+02  0.000000e+00
     vertex  1.155170e+02 -1.111294e+02  1.510000e+00
     vertex  1.155670e+02 -1.112500e+02  1.510000e+00
   endloop
 endfacet
 facet normal  9.238795e-01  3.826834e-01 -5.308507e-19
   outer loop
     vertex  1.155670e+02 -1.112500e+02  0.000000e+00
     vertex  1.155170e+02 -1.111294e+02  0.000000e+00
     vertex  1.155170e+02 -1.111294e+02  1.510000e+00
   endloop
 endfacet
 facet normal  7.933533e-01  6.087614e-01  4.058791e-18
   outer loop
     vertex  1.156464e+02 -1.113536e+02  0.000000e+00
     vertex  1.155670e+02 -1.112500e+02  0.000000e+00
     vertex  1.155670e+02 -1.112500e+02  1.510000e+00
   endloop
 endfacet
 facet normal  6.087614e-01  7.933533e-01 -0.000000e+00
   outer loop
     vertex  1.156464e+02 -1.113536e+02  0.000000e+00
     vertex  1.156464e+02 -1.113536e+02  1.510000e+00
     vertex  1.157500e+02 -1.114330e+02  1.510000e+00
   endloop
 endfacet
 facet normal  7.933533e-01  6.087614e-01 -0.000000e+00
   outer loop
     vertex  1.156464e+02 -1.113536e+02  0.000000e+00
     vertex  1.155670e+02 -1.112500e+02  1.510000e+00
     vertex  1.156464e+02 -1.113536e+02  1.510000e+00
   endloop
 endfacet
 facet normal  6.087614e-01  7.933533e-01 -0.000000e+00
   outer loop
     vertex  1.157500e+02 -1.114330e+02  0.000000e+00
     vertex  1.156464e+02 -1.113536e+02  0.000000e+00
     vertex  1.157500e+02 -1.114330e+02  1.510000e+00
   endloop
 endfacet
 facet normal  1.305262e-01  9.914449e-01 -0.000000e+00
   outer loop
     vertex  1.158706e+02 -1.114830e+02  0.000000e+00
     vertex  1.158706e+02 -1.114830e+02  1.510000e+00
     vertex  1.160000e+02 -1.115000e+02  1.510000e+00
   endloop
 endfacet
 facet normal  3.826834e-01  9.238795e-01 -0.000000e+00
   outer loop
     vertex  1.158706e+02 -1.114830e+02  0.000000e+00
     vertex  1.157500e+02 -1.114330e+02  1.510000e+00
     vertex  1.158706e+02 -1.114830e+02  1.510000e+00
   endloop
 endfacet
 facet normal  3.826834e-01  9.238795e-01 -5.308507e-19
   outer loop
     vertex  1.158706e+02 -1.114830e+02  0.000000e+00
     vertex  1.157500e+02 -1.114330e+02  0.000000e+00
     vertex  1.157500e+02 -1.114330e+02  1.510000e+00
   endloop
 endfacet
 facet normal  1.305262e-01  9.914449e-01 -0.000000e+00
   outer loop
     vertex  1.160000e+02 -1.115000e+02  0.000000e+00
     vertex  1.158706e+02 -1.114830e+02  0.000000e+00
     vertex  1.160000e+02 -1.115000e+02  1.510000e+00
   endloop
 endfacet
 facet normal -1.305262e-01  9.914449e-01 -4.936992e-19
   outer loop
     vertex  1.186694e+02 -1.114830e+02  0.000000e+00
     vertex  1.185400e+02 -1.115000e+02  0.000000e+00
     vertex  1.185400e+02 -1.115000e+02  1.510000e+00
   endloop
 endfacet
 facet normal -1.305262e-01  9.914449e-01  0.000000e+00
   outer loop
     vertex  1.186694e+02 -1.114830e+02  0.000000e+00
     vertex  1.185400e+02 -1.115000e+02  1.510000e+00
     vertex  1.186694e+02 -1.114830e+02  1.510000e+00
   endloop
 endfacet
 facet normal -3.826834e-01  9.238795e-01  0.000000e+00
   outer loop
     vertex  1.187900e+02 -1.114330e+02  0.000000e+00
     vertex  1.186694e+02 -1.114830e+02  1.510000e+00
     vertex  1.187900e+02 -1.114330e+02  1.510000e+00
   endloop
 endfacet
 facet normal -3.826834e-01  9.238795e-01  5.308507e-19
   outer loop
     vertex  1.187900e+02 -1.114330e+02  0.000000e+00
     vertex  1.186694e+02 -1.114830e+02  0.000000e+00
     vertex  1.186694e+02 -1.114830e+02  1.510000e+00
   endloop
 endfacet
 facet normal -6.087614e-01  7.933533e-01  0.000000e+00
   outer loop
     vertex  1.188936e+02 -1.113536e+02  0.000000e+00
     vertex  1.187900e+02 -1.114330e+02  1.510000e+00
     vertex  1.188936e+02 -1.113536e+02  1.510000e+00
   endloop
 endfacet
 facet normal -6.087614e-01  7.933533e-01 -4.058791e-18
   outer loop
     vertex  1.188936e+02 -1.113536e+02  0.000000e+00
     vertex  1.187900e+02 -1.114330e+02  0.000000e+00
     vertex  1.187900e+02 -1.114330e+02  1.510000e+00
   endloop
 endfacet
 facet normal -7.933533e-01  6.087614e-01  0.000000e+00
   outer loop
     vertex  1.189730e+02 -1.112500e+02  0.000000e+00
     vertex  1.188936e+02 -1.113536e+02  1.510000e+00
     vertex  1.189730e+02 -1.112500e+02  1.510000e+00
   endloop
 endfacet
 facet normal -7.933533e-01  6.087614e-01 -4.058791e-18
   outer loop
     vertex  1.189730e+02 -1.112500e+02  0.000000e+00
     vertex  1.188936e+02 -1.113536e+02  0.000000e+00
     vertex  1.188936e+02 -1.113536e+02  1.510000e+00
   endloop
 endfacet
 facet normal -9.238795e-01  3.826834e-01  0.000000e+00
   outer loop
     vertex  1.190230e+02 -1.111294e+02  0.000000e+00
     vertex  1.189730e+02 -1.112500e+02  1.510000e+00
     vertex  1.190230e+02 -1.111294e+02  1.510000e+00
   endloop
 endfacet
 facet normal -9.238795e-01  3.826834e-01  5.308507e-19
   outer loop
     vertex  1.190230e+02 -1.111294e+02  0.000000e+00
     vertex  1.189730e+02 -1.112500e+02  0.000000e+00
     vertex  1.189730e+02 -1.112500e+02  1.510000e+00
   endloop
 endfacet
 facet normal -9.914449e-01  1.305262e-01  0.000000e+00
   outer loop
     vertex  1.190400e+02 -1.110000e+02  0.000000e+00
     vertex  1.190230e+02 -1.111294e+02  1.510000e+00
     vertex  1.190400e+02 -1.110000e+02  1.510000e+00
   endloop
 endfacet
 facet normal -9.914449e-01  1.305262e-01 -4.936992e-19
   outer loop
     vertex  1.190400e+02 -1.110000e+02  0.000000e+00
     vertex  1.190230e+02 -1.111294e+02  0.000000e+00
     vertex  1.190230e+02 -1.111294e+02  1.510000e+00
   endloop
 endfacet
 facet normal -9.914449e-01 -1.305262e-01  0.000000e+00
   outer loop
     vertex  1.190230e+02 -1.108706e+02  0.000000e+00
     vertex  1.190400e+02 -1.110000e+02  1.510000e+00
     vertex  1.190230e+02 -1.108706e+02  1.510000e+00
   endloop
 endfacet
 facet normal -9.914449e-01 -1.305262e-01  4.936992e-19
   outer loop
     vertex  1.190230e+02 -1.108706e+02  0.000000e+00
     vertex  1.190400e+02 -1.110000e+02  0.000000e+00
     vertex  1.190400e+02 -1.110000e+02  1.510000e+00
   endloop
 endfacet
 facet normal -9.238795e-01 -3.826834e-01  0.000000e+00
   outer loop
     vertex  1.189730e+02 -1.107500e+02  0.000000e+00
     vertex  1.190230e+02 -1.108706e+02  1.510000e+00
     vertex  1.189730e+02 -1.107500e+02  1.510000e+00
   endloop
 endfacet
 facet normal -9.238795e-01 -3.826834e-01 -5.308507e-19
   outer loop
     vertex  1.189730e+02 -1.107500e+02  0.000000e+00
     vertex  1.190230e+02 -1.108706e+02  0.000000e+00
     vertex  1.190230e+02 -1.108706e+02  1.510000e+00
   endloop
 endfacet
 facet normal -7.933533e-01 -6.087614e-01  0.000000e+00
   outer loop
     vertex  1.188936e+02 -1.106464e+02  0.000000e+00
     vertex  1.189730e+02 -1.107500e+02  1.510000e+00
     vertex  1.188936e+02 -1.106464e+02  1.510000e+00
   endloop
 endfacet
 facet normal -7.933533e-01 -6.087614e-01  4.058791e-18
   outer loop
     vertex  1.188936e+02 -1.106464e+02  0.000000e+00
     vertex  1.189730e+02 -1.107500e+02  0.000000e+00
     vertex  1.189730e+02 -1.107500e+02  1.510000e+00
   endloop
 endfacet
 facet normal -6.087614e-01 -7.933533e-01  0.000000e+00
   outer loop
     vertex  1.187900e+02 -1.105670e+02  0.000000e+00
     vertex  1.188936e+02 -1.106464e+02  1.510000e+00
     vertex  1.187900e+02 -1.105670e+02  1.510000e+00
   endloop
 endfacet
 facet normal -6.087614e-01 -7.933533e-01  4.058791e-18
   outer loop
     vertex  1.187900e+02 -1.105670e+02  0.000000e+00
     vertex  1.188936e+02 -1.106464e+02  0.000000e+00
     vertex  1.188936e+02 -1.106464e+02  1.510000e+00
   endloop
 endfacet
 facet normal -1.305262e-01 -9.914449e-01  0.000000e+00
   outer loop
     vertex  1.186694e+02 -1.105170e+02  0.000000e+00
     vertex  1.186694e+02 -1.105170e+02  1.510000e+00
     vertex  1.185400e+02 -1.105000e+02  1.510000e+00
   endloop
 endfacet
 facet normal -3.826834e-01 -9.238795e-01  0.000000e+00
   outer loop
     vertex  1.186694e+02 -1.105170e+02  0.000000e+00
     vertex  1.187900e+02 -1.105670e+02  1.510000e+00
     vertex  1.186694e+02 -1.105170e+02  1.510000e+00
   endloop
 endfacet
 facet normal -3.826834e-01 -9.238795e-01 -5.308507e-19
   outer loop
     vertex  1.186694e+02 -1.105170e+02  0.000000e+00
     vertex  1.187900e+02 -1.105670e+02  0.000000e+00
     vertex  1.187900e+02 -1.105670e+02  1.510000e+00
   endloop
 endfacet
 facet normal -1.305262e-01 -9.914449e-01  0.000000e+00
   outer loop
     vertex  1.185400e+02 -1.105000e+02  0.000000e+00
     vertex  1.186694e+02 -1.105170e+02  0.000000e+00
     vertex  1.185400e+02 -1.105000e+02  1.510000e+00
   endloop
 endfacet
 facet normal  1.305262e-01 -9.914449e-01 -4.936992e-19
   outer loop
     vertex  1.184106e+02 -1.105170e+02  0.000000e+00
     vertex  1.185400e+02 -1.105000e+02  0.000000e+00
     vertex  1.185400e+02 -1.105000e+02  1.510000e+00
   endloop
 endfacet
 facet normal  1.305262e-01 -9.914449e-01  0.000000e+00
   outer loop
     vertex  1.184106e+02 -1.105170e+02  0.000000e+00
     vertex  1.185400e+02 -1.105000e+02  1.510000e+00
     vertex  1.184106e+02 -1.105170e+02  1.510000e+00
   endloop
 endfacet
 facet normal  3.826834e-01 -9.238795e-01  5.308507e-19
   outer loop
     vertex  1.182900e+02 -1.105670e+02  0.000000e+00
     vertex  1.184106e+02 -1.105170e+02  0.000000e+00
     vertex  1.184106e+02 -1.105170e+02  1.510000e+00
   endloop
 endfacet
 facet normal  3.826834e-01 -9.238795e-01  0.000000e+00
   outer loop
     vertex  1.182900e+02 -1.105670e+02  0.000000e+00
     vertex  1.184106e+02 -1.105170e+02  1.510000e+00
     vertex  1.182900e+02 -1.105670e+02  1.510000e+00
   endloop
 endfacet
 facet normal  6.087614e-01 -7.933533e-01 -4.058791e-18
   outer loop
     vertex  1.181864e+02 -1.106464e+02  0.000000e+00
     vertex  1.182900e+02 -1.105670e+02  0.000000e+00
     vertex  1.182900e+02 -1.105670e+02  1.510000e+00
   endloop
 endfacet
 facet normal  7.933533e-01 -6.087614e-01  0.000000e+00
   outer loop
     vertex  1.181864e+02 -1.106464e+02  0.000000e+00
     vertex  1.181864e+02 -1.106464e+02  1.510000e+00
     vertex  1.181070e+02 -1.107500e+02  1.510000e+00
   endloop
 endfacet
 facet normal  6.087614e-01 -7.933533e-01  0.000000e+00
   outer loop
     vertex  1.181864e+02 -1.106464e+02  0.000000e+00
     vertex  1.182900e+02 -1.105670e+02  1.510000e+00
     vertex  1.181864e+02 -1.106464e+02  1.510000e+00
   endloop
 endfacet
 facet normal  7.933533e-01 -6.087614e-01  0.000000e+00
   outer loop
     vertex  1.181070e+02 -1.107500e+02  0.000000e+00
     vertex  1.181864e+02 -1.106464e+02  0.000000e+00
     vertex  1.181070e+02 -1.107500e+02  1.510000e+00
   endloop
 endfacet
 facet normal  9.238795e-01 -3.826834e-01  5.308507e-19
   outer loop
     vertex  1.180570e+02 -1.108706e+02  0.000000e+00
     vertex  1.181070e+02 -1.107500e+02  0.000000e+00
     vertex  1.181070e+02 -1.107500e+02  1.510000e+00
   endloop
 endfacet
 facet normal  9.238795e-01 -3.826834e-01  0.000000e+00
   outer loop
     vertex  1.180570e+02 -1.108706e+02  0.000000e+00
     vertex  1.181070e+02 -1.107500e+02  1.510000e+00
     vertex  1.180570e+02 -1.108706e+02  1.510000e+00
   endloop
 endfacet
 facet normal  9.914449e-01 -1.305262e-01 -4.936992e-19
   outer loop
     vertex  1.180400e+02 -1.110000e+02  0.000000e+00
     vertex  1.180570e+02 -1.108706e+02  0.000000e+00
     vertex  1.180570e+02 -1.108706e+02  1.510000e+00
   endloop
 endfacet
 facet normal  9.914449e-01 -1.305262e-01  0.000000e+00
   outer loop
     vertex  1.180400e+02 -1.110000e+02  0.000000e+00
     vertex  1.180570e+02 -1.108706e+02  1.510000e+00
     vertex  1.180400e+02 -1.110000e+02  1.510000e+00
   endloop
 endfacet
 facet normal  9.914449e-01  1.305262e-01 -0.000000e+00
   outer loop
     vertex  1.180570e+02 -1.111294e+02  0.000000e+00
     vertex  1.180400e+02 -1.110000e+02  1.510000e+00
     vertex  1.180570e+02 -1.111294e+02  1.510000e+00
   endloop
 endfacet
 facet normal  9.914449e-01  1.305262e-01  4.936992e-19
   outer loop
     vertex  1.180570e+02 -1.111294e+02  0.000000e+00
     vertex  1.180400e+02 -1.110000e+02  0.000000e+00
     vertex  1.180400e+02 -1.110000e+02  1.510000e+00
   endloop
 endfacet
 facet normal  9.238795e-01  3.826834e-01 -0.000000e+00
   outer loop
     vertex  1.181070e+02 -1.112500e+02  0.000000e+00
     vertex  1.180570e+02 -1.111294e+02  1.510000e+00
     vertex  1.181070e+02 -1.112500e+02  1.510000e+00
   endloop
 endfacet
 facet normal  9.238795e-01  3.826834e-01 -5.308507e-19
   outer loop
     vertex  1.181070e+02 -1.112500e+02  0.000000e+00
     vertex  1.180570e+02 -1.111294e+02  0.000000e+00
     vertex  1.180570e+02 -1.111294e+02  1.510000e+00
   endloop
 endfacet
 facet normal  7.933533e-01  6.087614e-01  4.058791e-18
   outer loop
     vertex  1.181864e+02 -1.113536e+02  0.000000e+00
     vertex  1.181070e+02 -1.112500e+02  0.000000e+00
     vertex  1.181070e+02 -1.112500e+02  1.510000e+00
   endloop
 endfacet
 facet normal  6.087614e-01  7.933533e-01 -0.000000e+00
   outer loop
     vertex  1.181864e+02 -1.113536e+02  0.000000e+00
     vertex  1.181864e+02 -1.113536e+02  1.510000e+00
     vertex  1.182900e+02 -1.114330e+02  1.510000e+00
   endloop
 endfacet
 facet normal  7.933533e-01  6.087614e-01 -0.000000e+00
   outer loop
     vertex  1.181864e+02 -1.113536e+02  0.000000e+00
     vertex  1.181070e+02 -1.112500e+02  1.510000e+00
     vertex  1.181864e+02 -1.113536e+02  1.510000e+00
   endloop
 endfacet
 facet normal  6.087614e-01  7.933533e-01 -0.000000e+00
   outer loop
     vertex  1.182900e+02 -1.114330e+02  0.000000e+00
     vertex  1.181864e+02 -1.113536e+02  0.000000e+00
     vertex  1.182900e+02 -1.114330e+02  1.510000e+00
   endloop
 endfacet
 facet normal  1.305262e-01  9.914449e-01 -0.000000e+00
   outer loop
     vertex  1.184106e+02 -1.114830e+02  0.000000e+00
     vertex  1.184106e+02 -1.114830e+02  1.510000e+00
     vertex  1.185400e+02 -1.115000e+02  1.510000e+00
   endloop
 endfacet
 facet normal  3.826834e-01  9.238795e-01 -0.000000e+00
   outer loop
     vertex  1.184106e+02 -1.114830e+02  0.000000e+00
     vertex  1.182900e+02 -1.114330e+02  1.510000e+00
     vertex  1.184106e+02 -1.114830e+02  1.510000e+00
   endloop
 endfacet
 facet normal  3.826834e-01  9.238795e-01 -5.308507e-19
   outer loop
     vertex  1.184106e+02 -1.114830e+02  0.000000e+00
     vertex  1.182900e+02 -1.114330e+02  0.000000e+00
     vertex  1.182900e+02 -1.114330e+02  1.510000e+00
   endloop
 endfacet
 facet normal  1.305262e-01  9.914449e-01 -0.000000e+00
   outer loop
     vertex  1.185400e+02 -1.115000e+02  0.000000e+00
     vertex  1.184106e+02 -1.114830e+02  0.000000e+00
     vertex  1.185400e+02 -1.115000e+02  1.510000e+00
   endloop
 endfacet
 facet normal -1.305262e-01  9.914449e-01 -4.936992e-19
   outer loop
     vertex  1.212094e+02 -1.114830e+02  0.000000e+00
     vertex  1.210800e+02 -1.115000e+02  0.000000e+00
     vertex  1.210800e+02 -1.115000e+02  1.510000e+00
   endloop
 endfacet
 facet normal -1.305262e-01  9.914449e-01  0.000000e+00
   outer loop
     vertex  1.212094e+02 -1.114830e+02  0.000000e+00
     vertex  1.210800e+02 -1.115000e+02  1.510000e+00
     vertex  1.212094e+02 -1.114830e+02  1.510000e+00
   endloop
 endfacet
 facet normal -3.826834e-01  9.238795e-01  0.000000e+00
   outer loop
     vertex  1.213300e+02 -1.114330e+02  0.000000e+00
     vertex  1.212094e+02 -1.114830e+02  1.510000e+00
     vertex  1.213300e+02 -1.114330e+02  1.510000e+00
   endloop
 endfacet
 facet normal -3.826834e-01  9.238795e-01  5.308507e-19
   outer loop
     vertex  1.213300e+02 -1.114330e+02  0.000000e+00
     vertex  1.212094e+02 -1.114830e+02  0.000000e+00
     vertex  1.212094e+02 -1.114830e+02  1.510000e+00
   endloop
 endfacet
 facet normal -6.087614e-01  7.933533e-01  0.000000e+00
   outer loop
     vertex  1.214336e+02 -1.113536e+02  0.000000e+00
     vertex  1.213300e+02 -1.114330e+02  1.510000e+00
     vertex  1.214336e+02 -1.113536e+02  1.510000e+00
   endloop
 endfacet
 facet normal -6.087614e-01  7.933533e-01 -4.058791e-18
   outer loop
     vertex  1.214336e+02 -1.113536e+02  0.000000e+00
     vertex  1.213300e+02 -1.114330e+02  0.000000e+00
     vertex  1.213300e+02 -1.114330e+02  1.510000e+00
   endloop
 endfacet
 facet normal -7.933533e-01  6.087614e-01  0.000000e+00
   outer loop
     vertex  1.215130e+02 -1.112500e+02  0.000000e+00
     vertex  1.214336e+02 -1.113536e+02  1.510000e+00
     vertex  1.215130e+02 -1.112500e+02  1.510000e+00
   endloop
 endfacet
 facet normal -7.933533e-01  6.087614e-01 -4.058791e-18
   outer loop
     vertex  1.215130e+02 -1.112500e+02  0.000000e+00
     vertex  1.214336e+02 -1.113536e+02  0.000000e+00
     vertex  1.214336e+02 -1.113536e+02  1.510000e+00
   endloop
 endfacet
 facet normal -9.238795e-01  3.826834e-01  0.000000e+00
   outer loop
     vertex  1.215630e+02 -1.111294e+02  0.000000e+00
     vertex  1.215130e+02 -1.112500e+02  1.510000e+00
     vertex  1.215630e+02 -1.111294e+02  1.510000e+00
   endloop
 endfacet
 facet normal -9.238795e-01  3.826834e-01  5.308507e-19
   outer loop
     vertex  1.215630e+02 -1.111294e+02  0.000000e+00
     vertex  1.215130e+02 -1.112500e+02  0.000000e+00
     vertex  1.215130e+02 -1.112500e+02  1.510000e+00
   endloop
 endfacet
 facet normal -9.914449e-01  1.305262e-01  0.000000e+00
   outer loop
     vertex  1.215800e+02 -1.110000e+02  0.000000e+00
     vertex  1.215630e+02 -1.111294e+02  1.510000e+00
     vertex  1.215800e+02 -1.110000e+02  1.510000e+00
   endloop
 endfacet
 facet normal -9.914449e-01  1.305262e-01 -4.936992e-19
   outer loop
     vertex  1.215800e+02 -1.110000e+02  0.000000e+00
     vertex  1.215630e+02 -1.111294e+02  0.000000e+00
     vertex  1.215630e+02 -1.111294e+02  1.510000e+00
   endloop
 endfacet
 facet normal -9.914449e-01 -1.305262e-01  0.000000e+00
   outer loop
     vertex  1.215630e+02 -1.108706e+02  0.000000e+00
     vertex  1.215800e+02 -1.110000e+02  1.510000e+00
     vertex  1.215630e+02 -1.108706e+02  1.510000e+00
   endloop
 endfacet
 facet normal -9.914449e-01 -1.305262e-01  4.936992e-19
   outer loop
     vertex  1.215630e+02 -1.108706e+02  0.000000e+00
     vertex  1.215800e+02 -1.110000e+02  0.000000e+00
     vertex  1.215800e+02 -1.110000e+02  1.510000e+00
   endloop
 endfacet
 facet normal -9.238795e-01 -3.826834e-01  0.000000e+00
   outer loop
     vertex  1.215130e+02 -1.107500e+02  0.000000e+00
     vertex  1.215630e+02 -1.108706e+02  1.510000e+00
     vertex  1.215130e+02 -1.107500e+02  1.510000e+00
   endloop
 endfacet
 facet normal -9.238795e-01 -3.826834e-01 -5.308507e-19
   outer loop
     vertex  1.215130e+02 -1.107500e+02  0.000000e+00
     vertex  1.215630e+02 -1.108706e+02  0.000000e+00
     vertex  1.215630e+02 -1.108706e+02  1.510000e+00
   endloop
 endfacet
 facet normal -7.933533e-01 -6.087614e-01  0.000000e+00
   outer loop
     vertex  1.214336e+02 -1.106464e+02  0.000000e+00
     vertex  1.215130e+02 -1.107500e+02  1.510000e+00
     vertex  1.214336e+02 -1.106464e+02  1.510000e+00
   endloop
 endfacet
 facet normal -7.933533e-01 -6.087614e-01  4.058791e-18
   outer loop
     vertex  1.214336e+02 -1.106464e+02  0.000000e+00
     vertex  1.215130e+02 -1.107500e+02  0.000000e+00
     vertex  1.215130e+02 -1.107500e+02  1.510000e+00
   endloop
 endfacet
 facet normal -6.087614e-01 -7.933533e-01  0.000000e+00
   outer loop
     vertex  1.213300e+02 -1.105670e+02  0.000000e+00
     vertex  1.214336e+02 -1.106464e+02  1.510000e+00
     vertex  1.213300e+02 -1.105670e+02  1.510000e+00
   endloop
 endfacet
 facet normal -6.087614e-01 -7.933533e-01  4.058791e-18
   outer loop
     vertex  1.213300e+02 -1.105670e+02  0.000000e+00
     vertex  1.214336e+02 -1.106464e+02  0.000000e+00
     vertex  1.214336e+02 -1.106464e+02  1.510000e+00
   endloop
 endfacet
 facet normal -1.305262e-01 -9.914449e-01  0.000000e+00
   outer loop
     vertex  1.212094e+02 -1.105170e+02  0.000000e+00
     vertex  1.212094e+02 -1.105170e+02  1.510000e+00
     vertex  1.210800e+02 -1.105000e+02  1.510000e+00
   endloop
 endfacet
 facet normal -3.826834e-01 -9.238795e-01  0.000000e+00
   outer loop
     vertex  1.212094e+02 -1.105170e+02  0.000000e+00
     vertex  1.213300e+02 -1.105670e+02  1.510000e+00
     vertex  1.212094e+02 -1.105170e+02  1.510000e+00
   endloop
 endfacet
 facet normal -3.826834e-01 -9.238795e-01 -5.308507e-19
   outer loop
     vertex  1.212094e+02 -1.105170e+02  0.000000e+00
     vertex  1.213300e+02 -1.105670e+02  0.000000e+00
     vertex  1.213300e+02 -1.105670e+02  1.510000e+00
   endloop
 endfacet
 facet normal -1.305262e-01 -9.914449e-01  0.000000e+00
   outer loop
     vertex  1.210800e+02 -1.105000e+02  0.000000e+00
     vertex  1.212094e+02 -1.105170e+02  0.000000e+00
     vertex  1.210800e+02 -1.105000e+02  1.510000e+00
   endloop
 endfacet
 facet normal  1.305262e-01 -9.914449e-01 -4.936992e-19
   outer loop
     vertex  1.209506e+02 -1.105170e+02  0.000000e+00
     vertex  1.210800e+02 -1.105000e+02  0.000000e+00
     vertex  1.210800e+02 -1.105000e+02  1.510000e+00
   endloop
 endfacet
 facet normal  1.305262e-01 -9.914449e-01  0.000000e+00
   outer loop
     vertex  1.209506e+02 -1.105170e+02  0.000000e+00
     vertex  1.210800e+02 -1.105000e+02  1.510000e+00
     vertex  1.209506e+02 -1.105170e+02  1.510000e+00
   endloop
 endfacet
 facet normal  3.826834e-01 -9.238795e-01  5.308507e-19
   outer loop
     vertex  1.208300e+02 -1.105670e+02  0.000000e+00
     vertex  1.209506e+02 -1.105170e+02  0.000000e+00
     vertex  1.209506e+02 -1.105170e+02  1.510000e+00
   endloop
 endfacet
 facet normal  3.826834e-01 -9.238795e-01  0.000000e+00
   outer loop
     vertex  1.208300e+02 -1.105670e+02  0.000000e+00
     vertex  1.209506e+02 -1.105170e+02  1.510000e+00
     vertex  1.208300e+02 -1.105670e+02  1.510000e+00
   endloop
 endfacet
 facet normal  6.087614e-01 -7.933533e-01 -4.058791e-18
   outer loop
     vertex  1.207264e+02 -1.106464e+02  0.000000e+00
     vertex  1.208300e+02 -1.105670e+02  0.000000e+00
     vertex  1.208300e+02 -1.105670e+02  1.510000e+00
   endloop
 endfacet
 facet normal  7.933533e-01 -6.087614e-01  0.000000e+00
   outer loop
     vertex  1.207264e+02 -1.106464e+02  0.000000e+00
     vertex  1.207264e+02 -1.106464e+02  1.510000e+00
     vertex  1.206470e+02 -1.107500e+02  1.510000e+00
   endloop
 endfacet
 facet normal  6.087614e-01 -7.933533e-01  0.000000e+00
   outer loop
     vertex  1.207264e+02 -1.106464e+02  0.000000e+00
     vertex  1.208300e+02 -1.105670e+02  1.510000e+00
     vertex  1.207264e+02 -1.106464e+02  1.510000e+00
   endloop
 endfacet
 facet normal  7.933533e-01 -6.087614e-01  0.000000e+00
   outer loop
     vertex  1.206470e+02 -1.107500e+02  0.000000e+00
     vertex  1.207264e+02 -1.106464e+02  0.000000e+00
     vertex  1.206470e+02 -1.107500e+02  1.510000e+00
   endloop
 endfacet
 facet normal  9.238795e-01 -3.826834e-01  5.308507e-19
   outer loop
     vertex  1.205970e+02 -1.108706e+02  0.000000e+00
     vertex  1.206470e+02 -1.107500e+02  0.000000e+00
     vertex  1.206470e+02 -1.107500e+02  1.510000e+00
   endloop
 endfacet
 facet normal  9.238795e-01 -3.826834e-01  0.000000e+00
   outer loop
     vertex  1.205970e+02 -1.108706e+02  0.000000e+00
     vertex  1.206470e+02 -1.107500e+02  1.510000e+00
     vertex  1.205970e+02 -1.108706e+02  1.510000e+00
   endloop
 endfacet
 facet normal  9.914449e-01 -1.305262e-01 -4.936992e-19
   outer loop
     vertex  1.205800e+02 -1.110000e+02  0.000000e+00
     vertex  1.205970e+02 -1.108706e+02  0.000000e+00
     vertex  1.205970e+02 -1.108706e+02  1.510000e+00
   endloop
 endfacet
 facet normal  9.914449e-01 -1.305262e-01  0.000000e+00
   outer loop
     vertex  1.205800e+02 -1.110000e+02  0.000000e+00
     vertex  1.205970e+02 -1.108706e+02  1.510000e+00
     vertex  1.205800e+02 -1.110000e+02  1.510000e+00
   endloop
 endfacet
 facet normal  9.914449e-01  1.305262e-01 -0.000000e+00
   outer loop
     vertex  1.205970e+02 -1.111294e+02  0.000000e+00
     vertex  1.205800e+02 -1.110000e+02  1.510000e+00
     vertex  1.205970e+02 -1.111294e+02  1.510000e+00
   endloop
 endfacet
 facet normal  9.914449e-01  1.305262e-01  4.936992e-19
   outer loop
     vertex  1.205970e+02 -1.111294e+02  0.000000e+00
     vertex  1.205800e+02 -1.110000e+02  0.000000e+00
     vertex  1.205800e+02 -1.110000e+02  1.510000e+00
   endloop
 endfacet
 facet normal  9.238795e-01  3.826834e-01 -0.000000e+00
   outer loop
     vertex  1.206470e+02 -1.112500e+02  0.000000e+00
     vertex  1.205970e+02 -1.111294e+02  1.510000e+00
     vertex  1.206470e+02 -1.112500e+02  1.510000e+00
   endloop
 endfacet
 facet normal  9.238795e-01  3.826834e-01 -5.308507e-19
   outer loop
     vertex  1.206470e+02 -1.112500e+02  0.000000e+00
     vertex  1.205970e+02 -1.111294e+02  0.000000e+00
     vertex  1.205970e+02 -1.111294e+02  1.510000e+00
   endloop
 endfacet
 facet normal  7.933533e-01  6.087614e-01  4.058791e-18
   outer loop
     vertex  1.207264e+02 -1.113536e+02  0.000000e+00
     vertex  1.206470e+02 -1.112500e+02  0.000000e+00
     vertex  1.206470e+02 -1.112500e+02  1.510000e+00
   endloop
 endfacet
 facet normal  6.087614e-01  7.933533e-01 -0.000000e+00
   outer loop
     vertex  1.207264e+02 -1.113536e+02  0.000000e+00
     vertex  1.207264e+02 -1.113536e+02  1.510000e+00
     vertex  1.208300e+02 -1.114330e+02  1.510000e+00
   endloop
 endfacet
 facet normal  7.933533e-01  6.087614e-01 -0.000000e+00
   outer loop
     vertex  1.207264e+02 -1.113536e+02  0.000000e+00
     vertex  1.206470e+02 -1.112500e+02  1.510000e+00
     vertex  1.207264e+02 -1.113536e+02  1.510000e+00
   endloop
 endfacet
 facet normal  6.087614e-01  7.933533e-01 -0.000000e+00
   outer loop
     vertex  1.208300e+02 -1.114330e+02  0.000000e+00
     vertex  1.207264e+02 -1.113536e+02  0.000000e+00
     vertex  1.208300e+02 -1.114330e+02  1.510000e+00
   endloop
 endfacet
 facet normal  1.305262e-01  9.914449e-01 -0.000000e+00
   outer loop
     vertex  1.209506e+02 -1.114830e+02  0.000000e+00
     vertex  1.209506e+02 -1.114830e+02  1.510000e+00
     vertex  1.210800e+02 -1.115000e+02  1.510000e+00
   endloop
 endfacet
 facet normal  3.826834e-01  9.238795e-01 -0.000000e+00
   outer loop
     vertex  1.209506e+02 -1.114830e+02  0.000000e+00
     vertex  1.208300e+02 -1.114330e+02  1.510000e+00
     vertex  1.209506e+02 -1.114830e+02  1.510000e+00
   endloop
 endfacet
 facet normal  3.826834e-01  9.238795e-01 -5.308507e-19
   outer loop
     vertex  1.209506e+02 -1.114830e+02  0.000000e+00
     vertex  1.208300e+02 -1.114330e+02  0.000000e+00
     vertex  1.208300e+02 -1.114330e+02  1.510000e+00
   endloop
 endfacet
 facet normal  1.305262e-01  9.914449e-01 -0.000000e+00
   outer loop
     vertex  1.210800e+02 -1.115000e+02  0.000000e+00
     vertex  1.209506e+02 -1.114830e+02  0.000000e+00
     vertex  1.210800e+02 -1.115000e+02  1.510000e+00
   endloop
 endfacet
 facet normal -1.305262e-01  9.914449e-01 -4.936992e-19
   outer loop
     vertex  1.237494e+02 -1.114830e+02  0.000000e+00
     vertex  1.236200e+02 -1.115000e+02  0.000000e+00
     vertex  1.236200e+02 -1.115000e+02  1.510000e+00
   endloop
 endfacet
 facet normal -1.305262e-01  9.914449e-01  0.000000e+00
   outer loop
     vertex  1.237494e+02 -1.114830e+02  0.000000e+00
     vertex  1.236200e+02 -1.115000e+02  1.510000e+00
     vertex  1.237494e+02 -1.114830e+02  1.510000e+00
   endloop
 endfacet
 facet normal -3.826834e-01  9.238795e-01  0.000000e+00
   outer loop
     vertex  1.238700e+02 -1.114330e+02  0.000000e+00
     vertex  1.237494e+02 -1.114830e+02  1.510000e+00
     vertex  1.238700e+02 -1.114330e+02  1.510000e+00
   endloop
 endfacet
 facet normal -3.826834e-01  9.238795e-01  5.308507e-19
   outer loop
     vertex  1.238700e+02 -1.114330e+02  0.000000e+00
     vertex  1.237494e+02 -1.114830e+02  0.000000e+00
     vertex  1.237494e+02 -1.114830e+02  1.510000e+00
   endloop
 endfacet
 facet normal -6.087614e-01  7.933533e-01  0.000000e+00
   outer loop
     vertex  1.239736e+02 -1.113536e+02  0.000000e+00
     vertex  1.238700e+02 -1.114330e+02  1.510000e+00
     vertex  1.239736e+02 -1.113536e+02  1.510000e+00
   endloop
 endfacet
 facet normal -6.087614e-01  7.933533e-01 -4.058791e-18
   outer loop
     vertex  1.239736e+02 -1.113536e+02  0.000000e+00
     vertex  1.238700e+02 -1.114330e+02  0.000000e+00
     vertex  1.238700e+02 -1.114330e+02  1.510000e+00
   endloop
 endfacet
 facet normal -7.933533e-01  6.087614e-01  0.000000e+00
   outer loop
     vertex  1.240530e+02 -1.112500e+02  0.000000e+00
     vertex  1.239736e+02 -1.113536e+02  1.510000e+00
     vertex  1.240530e+02 -1.112500e+02  1.510000e+00
   endloop
 endfacet
 facet normal -7.933533e-01  6.087614e-01 -4.058791e-18
   outer loop
     vertex  1.240530e+02 -1.112500e+02  0.000000e+00
     vertex  1.239736e+02 -1.113536e+02  0.000000e+00
     vertex  1.239736e+02 -1.113536e+02  1.510000e+00
   endloop
 endfacet
 facet normal -9.238795e-01  3.826834e-01  0.000000e+00
   outer loop
     vertex  1.241030e+02 -1.111294e+02  0.000000e+00
     vertex  1.240530e+02 -1.112500e+02  1.510000e+00
     vertex  1.241030e+02 -1.111294e+02  1.510000e+00
   endloop
 endfacet
 facet normal -9.238795e-01  3.826834e-01  5.308507e-19
   outer loop
     vertex  1.241030e+02 -1.111294e+02  0.000000e+00
     vertex  1.240530e+02 -1.112500e+02  0.000000e+00
     vertex  1.240530e+02 -1.112500e+02  1.510000e+00
   endloop
 endfacet
 facet normal -9.914449e-01  1.305262e-01  0.000000e+00
   outer loop
     vertex  1.241200e+02 -1.110000e+02  0.000000e+00
     vertex  1.241030e+02 -1.111294e+02  1.510000e+00
     vertex  1.241200e+02 -1.110000e+02  1.510000e+00
   endloop
 endfacet
 facet normal -9.914449e-01  1.305262e-01 -4.936992e-19
   outer loop
     vertex  1.241200e+02 -1.110000e+02  0.000000e+00
     vertex  1.241030e+02 -1.111294e+02  0.000000e+00
     vertex  1.241030e+02 -1.111294e+02  1.510000e+00
   endloop
 endfacet
 facet normal -9.914449e-01 -1.305262e-01  0.000000e+00
   outer loop
     vertex  1.241030e+02 -1.108706e+02  0.000000e+00
     vertex  1.241200e+02 -1.110000e+02  1.510000e+00
     vertex  1.241030e+02 -1.108706e+02  1.510000e+00
   endloop
 endfacet
 facet normal -9.914449e-01 -1.305262e-01  4.936992e-19
   outer loop
     vertex  1.241030e+02 -1.108706e+02  0.000000e+00
     vertex  1.241200e+02 -1.110000e+02  0.000000e+00
     vertex  1.241200e+02 -1.110000e+02  1.510000e+00
   endloop
 endfacet
 facet normal -9.238795e-01 -3.826834e-01  0.000000e+00
   outer loop
     vertex  1.240530e+02 -1.107500e+02  0.000000e+00
     vertex  1.241030e+02 -1.108706e+02  1.510000e+00
     vertex  1.240530e+02 -1.107500e+02  1.510000e+00
   endloop
 endfacet
 facet normal -9.238795e-01 -3.826834e-01 -5.308507e-19
   outer loop
     vertex  1.240530e+02 -1.107500e+02  0.000000e+00
     vertex  1.241030e+02 -1.108706e+02  0.000000e+00
     vertex  1.241030e+02 -1.108706e+02  1.510000e+00
   endloop
 endfacet
 facet normal -7.933533e-01 -6.087614e-01  0.000000e+00
   outer loop
     vertex  1.239736e+02 -1.106464e+02  0.000000e+00
     vertex  1.240530e+02 -1.107500e+02  1.510000e+00
     vertex  1.239736e+02 -1.106464e+02  1.510000e+00
   endloop
 endfacet
 facet normal -7.933533e-01 -6.087614e-01  4.058791e-18
   outer loop
     vertex  1.239736e+02 -1.106464e+02  0.000000e+00
     vertex  1.240530e+02 -1.107500e+02  0.000000e+00
     vertex  1.240530e+02 -1.107500e+02  1.510000e+00
   endloop
 endfacet
 facet normal -6.087614e-01 -7.933533e-01  0.000000e+00
   outer loop
     vertex  1.238700e+02 -1.105670e+02  0.000000e+00
     vertex  1.239736e+02 -1.106464e+02  1.510000e+00
     vertex  1.238700e+02 -1.105670e+02  1.510000e+00
   endloop
 endfacet
 facet normal -6.087614e-01 -7.933533e-01  4.058791e-18
   outer loop
     vertex  1.238700e+02 -1.105670e+02  0.000000e+00
     vertex  1.239736e+02 -1.106464e+02  0.000000e+00
     vertex  1.239736e+02 -1.106464e+02  1.510000e+00
   endloop
 endfacet
 facet normal -1.305262e-01 -9.914449e-01  0.000000e+00
   outer loop
     vertex  1.237494e+02 -1.105170e+02  0.000000e+00
     vertex  1.237494e+02 -1.105170e+02  1.510000e+00
     vertex  1.236200e+02 -1.105000e+02  1.510000e+00
   endloop
 endfacet
 facet normal -3.826834e-01 -9.238795e-01  0.000000e+00
   outer loop
     vertex  1.237494e+02 -1.105170e+02  0.000000e+00
     vertex  1.238700e+02 -1.105670e+02  1.510000e+00
     vertex  1.237494e+02 -1.105170e+02  1.510000e+00
   endloop
 endfacet
 facet normal -3.826834e-01 -9.238795e-01 -5.308507e-19
   outer loop
     vertex  1.237494e+02 -1.105170e+02  0.000000e+00
     vertex  1.238700e+02 -1.105670e+02  0.000000e+00
     vertex  1.238700e+02 -1.105670e+02  1.510000e+00
   endloop
 endfacet
 facet normal -1.305262e-01 -9.914449e-01  0.000000e+00
   outer loop
     vertex  1.236200e+02 -1.105000e+02  0.000000e+00
     vertex  1.237494e+02 -1.105170e+02  0.000000e+00
     vertex  1.236200e+02 -1.105000e+02  1.510000e+00
   endloop
 endfacet
 facet normal  1.305262e-01 -9.914449e-01 -4.936992e-19
   outer loop
     vertex  1.234906e+02 -1.105170e+02  0.000000e+00
     vertex  1.236200e+02 -1.105000e+02  0.000000e+00
     vertex  1.236200e+02 -1.105000e+02  1.510000e+00
   endloop
 endfacet
 facet normal  1.305262e-01 -9.914449e-01  0.000000e+00
   outer loop
     vertex  1.234906e+02 -1.105170e+02  0.000000e+00
     vertex  1.236200e+02 -1.105000e+02  1.510000e+00
     vertex  1.234906e+02 -1.105170e+02  1.510000e+00
   endloop
 endfacet
 facet normal  3.826834e-01 -9.238795e-01  5.308507e-19
   outer loop
     vertex  1.233700e+02 -1.105670e+02  0.000000e+00
     vertex  1.234906e+02 -1.105170e+02  0.000000e+00
     vertex  1.234906e+02 -1.105170e+02  1.510000e+00
   endloop
 endfacet
 facet normal  3.826834e-01 -9.238795e-01  0.000000e+00
   outer loop
     vertex  1.233700e+02 -1.105670e+02  0.000000e+00
     vertex  1.234906e+02 -1.105170e+02  1.510000e+00
     vertex  1.233700e+02 -1.105670e+02  1.510000e+00
   endloop
 endfacet
 facet normal  6.087614e-01 -7.933533e-01 -4.058791e-18
   outer loop
     vertex  1.232664e+02 -1.106464e+02  0.000000e+00
     vertex  1.233700e+02 -1.105670e+02  0.000000e+00
     vertex  1.233700e+02 -1.105670e+02  1.510000e+00
   endloop
 endfacet
 facet normal  7.933533e-01 -6.087614e-01  0.000000e+00
   outer loop
     vertex  1.232664e+02 -1.106464e+02  0.000000e+00
     vertex  1.232664e+02 -1.106464e+02  1.510000e+00
     vertex  1.231870e+02 -1.107500e+02  1.510000e+00
   endloop
 endfacet
 facet normal  6.087614e-01 -7.933533e-01  0.000000e+00
   outer loop
     vertex  1.232664e+02 -1.106464e+02  0.000000e+00
     vertex  1.233700e+02 -1.105670e+02  1.510000e+00
     vertex  1.232664e+02 -1.106464e+02  1.510000e+00
   endloop
 endfacet
 facet normal  7.933533e-01 -6.087614e-01  0.000000e+00
   outer loop
     vertex  1.231870e+02 -1.107500e+02  0.000000e+00
     vertex  1.232664e+02 -1.106464e+02  0.000000e+00
     vertex  1.231870e+02 -1.107500e+02  1.510000e+00
   endloop
 endfacet
 facet normal  9.238795e-01 -3.826834e-01  5.308507e-19
   outer loop
     vertex  1.231370e+02 -1.108706e+02  0.000000e+00
     vertex  1.231870e+02 -1.107500e+02  0.000000e+00
     vertex  1.231870e+02 -1.107500e+02  1.510000e+00
   endloop
 endfacet
 facet normal  9.238795e-01 -3.826834e-01  0.000000e+00
   outer loop
     vertex  1.231370e+02 -1.108706e+02  0.000000e+00
     vertex  1.231870e+02 -1.107500e+02  1.510000e+00
     vertex  1.231370e+02 -1.108706e+02  1.510000e+00
   endloop
 endfacet
 facet normal  9.914449e-01 -1.305262e-01 -4.936992e-19
   outer loop
     vertex  1.231200e+02 -1.110000e+02  0.000000e+00
     vertex  1.231370e+02 -1.108706e+02  0.000000e+00
     vertex  1.231370e+02 -1.108706e+02  1.510000e+00
   endloop
 endfacet
 facet normal  9.914449e-01 -1.305262e-01  0.000000e+00
   outer loop
     vertex  1.231200e+02 -1.110000e+02  0.000000e+00
     vertex  1.231370e+02 -1.108706e+02  1.510000e+00
     vertex  1.231200e+02 -1.110000e+02  1.510000e+00
   endloop
 endfacet
 facet normal  9.914449e-01  1.305262e-01 -0.000000e+00
   outer loop
     vertex  1.231370e+02 -1.111294e+02  0.000000e+00
     vertex  1.231200e+02 -1.110000e+02  1.510000e+00
     vertex  1.231370e+02 -1.111294e+02  1.510000e+00
   endloop
 endfacet
 facet normal  9.914449e-01  1.305262e-01  4.936992e-19
   outer loop
     vertex  1.231370e+02 -1.111294e+02  0.000000e+00
     vertex  1.231200e+02 -1.110000e+02  0.000000e+00
     vertex  1.231200e+02 -1.110000e+02  1.510000e+00
   endloop
 endfacet
 facet normal  9.238795e-01  3.826834e-01 -0.000000e+00
   outer loop
     vertex  1.231870e+02 -1.112500e+02  0.000000e+00
     vertex  1.231370e+02 -1.111294e+02  1.510000e+00
     vertex  1.231870e+02 -1.112500e+02  1.510000e+00
   endloop
 endfacet
 facet normal  9.238795e-01  3.826834e-01 -5.308507e-19
   outer loop
     vertex  1.231870e+02 -1.112500e+02  0.000000e+00
     vertex  1.231370e+02 -1.111294e+02  0.000000e+00
     vertex  1.231370e+02 -1.111294e+02  1.510000e+00
   endloop
 endfacet
 facet normal  7.933533e-01  6.087614e-01  4.058791e-18
   outer loop
     vertex  1.232664e+02 -1.113536e+02  0.000000e+00
     vertex  1.231870e+02 -1.112500e+02  0.000000e+00
     vertex  1.231870e+02 -1.112500e+02  1.510000e+00
   endloop
 endfacet
 facet normal  6.087614e-01  7.933533e-01 -0.000000e+00
   outer loop
     vertex  1.232664e+02 -1.113536e+02  0.000000e+00
     vertex  1.232664e+02 -1.113536e+02  1.510000e+00
     vertex  1.233700e+02 -1.114330e+02  1.510000e+00
   endloop
 endfacet
 facet normal  7.933533e-01  6.087614e-01 -0.000000e+00
   outer loop
     vertex  1.232664e+02 -1.113536e+02  0.000000e+00
     vertex  1.231870e+02 -1.112500e+02  1.510000e+00
     vertex  1.232664e+02 -1.113536e+02  1.510000e+00
   endloop
 endfacet
 facet normal  6.087614e-01  7.933533e-01 -0.000000e+00
   outer loop
     vertex  1.233700e+02 -1.114330e+02  0.000000e+00
     vertex  1.232664e+02 -1.113536e+02  0.000000e+00
     vertex  1.233700e+02 -1.114330e+02  1.510000e+00
   endloop
 endfacet
 facet normal  1.305262e-01  9.914449e-01 -0.000000e+00
   outer loop
     vertex  1.234906e+02 -1.114830e+02  0.000000e+00
     vertex  1.234906e+02 -1.114830e+02  1.510000e+00
     vertex  1.236200e+02 -1.115000e+02  1.510000e+00
   endloop
 endfacet
 facet normal  3.826834e-01  9.238795e-01 -0.000000e+00
   outer loop
     vertex  1.234906e+02 -1.114830e+02  0.000000e+00
     vertex  1.233700e+02 -1.114330e+02  1.510000e+00
     vertex  1.234906e+02 -1.114830e+02  1.510000e+00
   endloop
 endfacet
 facet normal  3.826834e-01  9.238795e-01 -5.308507e-19
   outer loop
     vertex  1.234906e+02 -1.114830e+02  0.000000e+00
     vertex  1.233700e+02 -1.114330e+02  0.000000e+00
     vertex  1.233700e+02 -1.114330e+02  1.510000e+00
   endloop
 endfacet
 facet normal  1.305262e-01  9.914449e-01 -0.000000e+00
   outer loop
     vertex  1.236200e+02 -1.115000e+02  0.000000e+00
     vertex  1.234906e+02 -1.114830e+02  0.000000e+00
     vertex  1.236200e+02 -1.115000e+02  1.510000e+00
   endloop
 endfacet
 facet normal -1.305262e-01  9.914449e-01  1.165384e-18
   outer loop
     vertex  1.082765e+02 -8.289778e+01  0.000000e+00
     vertex  1.075000e+02 -8.300000e+01  0.000000e+00
     vertex  1.075000e+02 -8.300000e+01  1.510000e+00
   endloop
 endfacet
 facet normal -1.305262e-01  9.914449e-01  0.000000e+00
   outer loop
     vertex  1.082765e+02 -8.289778e+01  0.000000e+00
     vertex  1.075000e+02 -8.300000e+01  1.510000e+00
     vertex  1.082765e+02 -8.289778e+01  1.510000e+00
   endloop
 endfacet
 facet normal -3.826834e-01  9.238795e-01  0.000000e+00
   outer loop
     vertex  1.090000e+02 -8.259808e+01  0.000000e+00
     vertex  1.082765e+02 -8.289778e+01  1.510000e+00
     vertex  1.090000e+02 -8.259808e+01  1.510000e+00
   endloop
 endfacet
 facet normal -3.826834e-01  9.238795e-01 -5.292585e-18
   outer loop
     vertex  1.090000e+02 -8.259808e+01  0.000000e+00
     vertex  1.082765e+02 -8.289778e+01  0.000000e+00
     vertex  1.082765e+02 -8.289778e+01  1.510000e+00
   endloop
 endfacet
 facet normal -6.087614e-01  7.933533e-01  0.000000e+00
   outer loop
     vertex  1.096213e+02 -8.212132e+01  0.000000e+00
     vertex  1.090000e+02 -8.259808e+01  1.510000e+00
     vertex  1.096213e+02 -8.212132e+01  1.510000e+00
   endloop
 endfacet
 facet normal -6.087614e-01  7.933533e-01 -6.113961e-20
   outer loop
     vertex  1.096213e+02 -8.212132e+01  0.000000e+00
     vertex  1.090000e+02 -8.259808e+01  0.000000e+00
     vertex  1.090000e+02 -8.259808e+01  1.510000e+00
   endloop
 endfacet
 facet normal -7.933533e-01  6.087614e-01  0.000000e+00
   outer loop
     vertex  1.100981e+02 -8.150000e+01  0.000000e+00
     vertex  1.096213e+02 -8.212132e+01  1.510000e+00
     vertex  1.100981e+02 -8.150000e+01  1.510000e+00
   endloop
 endfacet
 facet normal -7.933533e-01  6.087614e-01 -6.113961e-20
   outer loop
     vertex  1.100981e+02 -8.150000e+01  0.000000e+00
     vertex  1.096213e+02 -8.212132e+01  0.000000e+00
     vertex  1.096213e+02 -8.212132e+01  1.510000e+00
   endloop
 endfacet
 facet normal -9.238795e-01  3.826834e-01  0.000000e+00
   outer loop
     vertex  1.103978e+02 -8.077646e+01  0.000000e+00
     vertex  1.100981e+02 -8.150000e+01  1.510000e+00
     vertex  1.103978e+02 -8.077646e+01  1.510000e+00
   endloop
 endfacet
 facet normal -9.238795e-01  3.826834e-01 -5.292585e-18
   outer loop
     vertex  1.103978e+02 -8.077646e+01  0.000000e+00
     vertex  1.100981e+02 -8.150000e+01  0.000000e+00
     vertex  1.100981e+02 -8.150000e+01  1.510000e+00
   endloop
 endfacet
 facet normal -9.914449e-01  1.305262e-01  0.000000e+00
   outer loop
     vertex  1.105000e+02 -8.000000e+01  0.000000e+00
     vertex  1.103978e+02 -8.077646e+01  1.510000e+00
     vertex  1.105000e+02 -8.000000e+01  1.510000e+00
   endloop
 endfacet
 facet normal -9.914449e-01  1.305262e-01  1.165384e-18
   outer loop
     vertex  1.105000e+02 -8.000000e+01  0.000000e+00
     vertex  1.103978e+02 -8.077646e+01  0.000000e+00
     vertex  1.103978e+02 -8.077646e+01  1.510000e+00
   endloop
 endfacet
 facet normal -9.914449e-01 -1.305262e-01  0.000000e+00
   outer loop
     vertex  1.103978e+02 -7.922354e+01  0.000000e+00
     vertex  1.105000e+02 -8.000000e+01  1.510000e+00
     vertex  1.103978e+02 -7.922354e+01  1.510000e+00
   endloop
 endfacet
 facet normal -9.914449e-01 -1.305262e-01 -1.165384e-18
   outer loop
     vertex  1.103978e+02 -7.922354e+01  0.000000e+00
     vertex  1.105000e+02 -8.000000e+01  0.000000e+00
     vertex  1.105000e+02 -8.000000e+01  1.510000e+00
   endloop
 endfacet
 facet normal -9.238795e-01 -3.826834e-01  0.000000e+00
   outer loop
     vertex  1.100981e+02 -7.850000e+01  0.000000e+00
     vertex  1.103978e+02 -7.922354e+01  1.510000e+00
     vertex  1.100981e+02 -7.850000e+01  1.510000e+00
   endloop
 endfacet
 facet normal -9.238795e-01 -3.826834e-01  5.292585e-18
   outer loop
     vertex  1.100981e+02 -7.850000e+01  0.000000e+00
     vertex  1.103978e+02 -7.922354e+01  0.000000e+00
     vertex  1.103978e+02 -7.922354e+01  1.510000e+00
   endloop
 endfacet
 facet normal -7.933533e-01 -6.087614e-01  0.000000e+00
   outer loop
     vertex  1.096213e+02 -7.787868e+01  0.000000e+00
     vertex  1.100981e+02 -7.850000e+01  1.510000e+00
     vertex  1.096213e+02 -7.787868e+01  1.510000e+00
   endloop
 endfacet
 facet normal -7.933533e-01 -6.087614e-01  6.113961e-20
   outer loop
     vertex  1.096213e+02 -7.787868e+01  0.000000e+00
     vertex  1.100981e+02 -7.850000e+01  0.000000e+00
     vertex  1.100981e+02 -7.850000e+01  1.510000e+00
   endloop
 endfacet
 facet normal -6.087614e-01 -7.933533e-01  0.000000e+00
   outer loop
     vertex  1.090000e+02 -7.740192e+01  0.000000e+00
     vertex  1.096213e+02 -7.787868e+01  1.510000e+00
     vertex  1.090000e+02 -7.740192e+01  1.510000e+00
   endloop
 endfacet
 facet normal -6.087614e-01 -7.933533e-01  6.113961e-20
   outer loop
     vertex  1.090000e+02 -7.740192e+01  0.000000e+00
     vertex  1.096213e+02 -7.787868e+01  0.000000e+00
     vertex  1.096213e+02 -7.787868e+01  1.510000e+00
   endloop
 endfacet
 facet normal -1.305262e-01 -9.914449e-01  0.000000e+00
   outer loop
     vertex  1.082765e+02 -7.710222e+01  0.000000e+00
     vertex  1.082765e+02 -7.710222e+01  1.510000e+00
     vertex  1.075000e+02 -7.700000e+01  1.510000e+00
   endloop
 endfacet
 facet normal -3.826834e-01 -9.238795e-01  0.000000e+00
   outer loop
     vertex  1.082765e+02 -7.710222e+01  0.000000e+00
     vertex  1.090000e+02 -7.740192e+01  1.510000e+00
     vertex  1.082765e+02 -7.710222e+01  1.510000e+00
   endloop
 endfacet
 facet normal -3.826834e-01 -9.238795e-01  5.292585e-18
   outer loop
     vertex  1.082765e+02 -7.710222e+01  0.000000e+00
     vertex  1.090000e+02 -7.740192e+01  0.000000e+00
     vertex  1.090000e+02 -7.740192e+01  1.510000e+00
   endloop
 endfacet
 facet normal -1.305262e-01 -9.914449e-01  0.000000e+00
   outer loop
     vertex  1.075000e+02 -7.700000e+01  0.000000e+00
     vertex  1.082765e+02 -7.710222e+01  0.000000e+00
     vertex  1.075000e+02 -7.700000e+01  1.510000e+00
   endloop
 endfacet
 facet normal  1.305262e-01 -9.914449e-01  1.165384e-18
   outer loop
     vertex  1.067235e+02 -7.710222e+01  0.000000e+00
     vertex  1.075000e+02 -7.700000e+01  0.000000e+00
     vertex  1.075000e+02 -7.700000e+01  1.510000e+00
   endloop
 endfacet
 facet normal  1.305262e-01 -9.914449e-01  0.000000e+00
   outer loop
     vertex  1.067235e+02 -7.710222e+01  0.000000e+00
     vertex  1.075000e+02 -7.700000e+01  1.510000e+00
     vertex  1.067235e+02 -7.710222e+01  1.510000e+00
   endloop
 endfacet
 facet normal  3.826834e-01 -9.238795e-01 -5.292585e-18
   outer loop
     vertex  1.060000e+02 -7.740192e+01  0.000000e+00
     vertex  1.067235e+02 -7.710222e+01  0.000000e+00
     vertex  1.067235e+02 -7.710222e+01  1.510000e+00
   endloop
 endfacet
 facet normal  3.826834e-01 -9.238795e-01  0.000000e+00
   outer loop
     vertex  1.060000e+02 -7.740192e+01  0.000000e+00
     vertex  1.067235e+02 -7.710222e+01  1.510000e+00
     vertex  1.060000e+02 -7.740192e+01  1.510000e+00
   endloop
 endfacet
 facet normal  6.087614e-01 -7.933533e-01 -6.113961e-20
   outer loop
     vertex  1.053787e+02 -7.787868e+01  0.000000e+00
     vertex  1.060000e+02 -7.740192e+01  0.000000e+00
     vertex  1.060000e+02 -7.740192e+01  1.510000e+00
   endloop
 endfacet
 facet normal  7.933533e-01 -6.087614e-01  0.000000e+00
   outer loop
     vertex  1.053787e+02 -7.787868e+01  0.000000e+00
     vertex  1.053787e+02 -7.787868e+01  1.510000e+00
     vertex  1.049019e+02 -7.850000e+01  1.510000e+00
   endloop
 endfacet
 facet normal  6.087614e-01 -7.933533e-01  0.000000e+00
   outer loop
     vertex  1.053787e+02 -7.787868e+01  0.000000e+00
     vertex  1.060000e+02 -7.740192e+01  1.510000e+00
     vertex  1.053787e+02 -7.787868e+01  1.510000e+00
   endloop
 endfacet
 facet normal  7.933533e-01 -6.087614e-01  0.000000e+00
   outer loop
     vertex  1.049019e+02 -7.850000e+01  0.000000e+00
     vertex  1.053787e+02 -7.787868e+01  0.000000e+00
     vertex  1.049019e+02 -7.850000e+01  1.510000e+00
   endloop
 endfacet
 facet normal  9.238795e-01 -3.826834e-01 -5.292585e-18
   outer loop
     vertex  1.046022e+02 -7.922354e+01  0.000000e+00
     vertex  1.049019e+02 -7.850000e+01  0.000000e+00
     vertex  1.049019e+02 -7.850000e+01  1.510000e+00
   endloop
 endfacet
 facet normal  9.238795e-01 -3.826834e-01  0.000000e+00
   outer loop
     vertex  1.046022e+02 -7.922354e+01  0.000000e+00
     vertex  1.049019e+02 -7.850000e+01  1.510000e+00
     vertex  1.046022e+02 -7.922354e+01  1.510000e+00
   endloop
 endfacet
 facet normal  9.914449e-01 -1.305262e-01  1.165384e-18
   outer loop
     vertex  1.045000e+02 -8.000000e+01  0.000000e+00
     vertex  1.046022e+02 -7.922354e+01  0.000000e+00
     vertex  1.046022e+02 -7.922354e+01  1.510000e+00
   endloop
 endfacet
 facet normal  9.914449e-01 -1.305262e-01  0.000000e+00
   outer loop
     vertex  1.045000e+02 -8.000000e+01  0.000000e+00
     vertex  1.046022e+02 -7.922354e+01  1.510000e+00
     vertex  1.045000e+02 -8.000000e+01  1.510000e+00
   endloop
 endfacet
 facet normal  9.914449e-01  1.305262e-01 -0.000000e+00
   outer loop
     vertex  1.046022e+02 -8.077646e+01  0.000000e+00
     vertex  1.045000e+02 -8.000000e+01  1.510000e+00
     vertex  1.046022e+02 -8.077646e+01  1.510000e+00
   endloop
 endfacet
 facet normal  9.914449e-01  1.305262e-01 -1.165384e-18
   outer loop
     vertex  1.046022e+02 -8.077646e+01  0.000000e+00
     vertex  1.045000e+02 -8.000000e+01  0.000000e+00
     vertex  1.045000e+02 -8.000000e+01  1.510000e+00
   endloop
 endfacet
 facet normal  9.238795e-01  3.826834e-01 -0.000000e+00
   outer loop
     vertex  1.049019e+02 -8.150000e+01  0.000000e+00
     vertex  1.046022e+02 -8.077646e+01  1.510000e+00
     vertex  1.049019e+02 -8.150000e+01  1.510000e+00
   endloop
 endfacet
 facet normal  9.238795e-01  3.826834e-01  5.292585e-18
   outer loop
     vertex  1.049019e+02 -8.150000e+01  0.000000e+00
     vertex  1.046022e+02 -8.077646e+01  0.000000e+00
     vertex  1.046022e+02 -8.077646e+01  1.510000e+00
   endloop
 endfacet
 facet normal  7.933533e-01  6.087614e-01  6.113961e-20
   outer loop
     vertex  1.053787e+02 -8.212132e+01  0.000000e+00
     vertex  1.049019e+02 -8.150000e+01  0.000000e+00
     vertex  1.049019e+02 -8.150000e+01  1.510000e+00
   endloop
 endfacet
 facet normal  6.087614e-01  7.933533e-01 -0.000000e+00
   outer loop
     vertex  1.053787e+02 -8.212132e+01  0.000000e+00
     vertex  1.053787e+02 -8.212132e+01  1.510000e+00
     vertex  1.060000e+02 -8.259808e+01  1.510000e+00
   endloop
 endfacet
 facet normal  7.933533e-01  6.087614e-01 -0.000000e+00
   outer loop
     vertex  1.053787e+02 -8.212132e+01  0.000000e+00
     vertex  1.049019e+02 -8.150000e+01  1.510000e+00
     vertex  1.053787e+02 -8.212132e+01  1.510000e+00
   endloop
 endfacet
 facet normal  6.087614e-01  7.933533e-01 -0.000000e+00
   outer loop
     vertex  1.060000e+02 -8.259808e+01  0.000000e+00
     vertex  1.053787e+02 -8.212132e+01  0.000000e+00
     vertex  1.060000e+02 -8.259808e+01  1.510000e+00
   endloop
 endfacet
 facet normal  1.305262e-01  9.914449e-01 -0.000000e+00
   outer loop
     vertex  1.067235e+02 -8.289778e+01  0.000000e+00
     vertex  1.067235e+02 -8.289778e+01  1.510000e+00
     vertex  1.075000e+02 -8.300000e+01  1.510000e+00
   endloop
 endfacet
 facet normal  3.826834e-01  9.238795e-01 -0.000000e+00
   outer loop
     vertex  1.067235e+02 -8.289778e+01  0.000000e+00
     vertex  1.060000e+02 -8.259808e+01  1.510000e+00
     vertex  1.067235e+02 -8.289778e+01  1.510000e+00
   endloop
 endfacet
 facet normal  3.826834e-01  9.238795e-01  5.292585e-18
   outer loop
     vertex  1.067235e+02 -8.289778e+01  0.000000e+00
     vertex  1.060000e+02 -8.259808e+01  0.000000e+00
     vertex  1.060000e+02 -8.259808e+01  1.510000e+00
   endloop
 endfacet
 facet normal  1.305262e-01  9.914449e-01 -0.000000e+00
   outer loop
     vertex  1.075000e+02 -8.300000e+01  0.000000e+00
     vertex  1.067235e+02 -8.289778e+01  0.000000e+00
     vertex  1.075000e+02 -8.300000e+01  1.510000e+00
   endloop
 endfacet
 facet normal -1.305262e-01  9.914449e-01  1.165384e-18
   outer loop
     vertex  1.732765e+02 -8.289778e+01  0.000000e+00
     vertex  1.725000e+02 -8.300000e+01  0.000000e+00
     vertex  1.725000e+02 -8.300000e+01  1.510000e+00
   endloop
 endfacet
 facet normal -1.305262e-01  9.914449e-01  0.000000e+00
   outer loop
     vertex  1.732765e+02 -8.289778e+01  0.000000e+00
     vertex  1.725000e+02 -8.300000e+01  1.510000e+00
     vertex  1.732765e+02 -8.289778e+01  1.510000e+00
   endloop
 endfacet
 facet normal -3.826834e-01  9.238795e-01  0.000000e+00
   outer loop
     vertex  1.740000e+02 -8.259808e+01  0.000000e+00
     vertex  1.732765e+02 -8.289778e+01  1.510000e+00
     vertex  1.740000e+02 -8.259808e+01  1.510000e+00
   endloop
 endfacet
 facet normal -3.826834e-01  9.238795e-01 -5.292585e-18
   outer loop
     vertex  1.740000e+02 -8.259808e+01  0.000000e+00
     vertex  1.732765e+02 -8.289778e+01  0.000000e+00
     vertex  1.732765e+02 -8.289778e+01  1.510000e+00
   endloop
 endfacet
 facet normal -6.087614e-01  7.933533e-01  0.000000e+00
   outer loop
     vertex  1.746213e+02 -8.212132e+01  0.000000e+00
     vertex  1.740000e+02 -8.259808e+01  1.510000e+00
     vertex  1.746213e+02 -8.212132e+01  1.510000e+00
   endloop
 endfacet
 facet normal -6.087614e-01  7.933533e-01 -2.384831e-18
   outer loop
     vertex  1.746213e+02 -8.212132e+01  0.000000e+00
     vertex  1.740000e+02 -8.259808e+01  0.000000e+00
     vertex  1.740000e+02 -8.259808e+01  1.510000e+00
   endloop
 endfacet
 facet normal -7.933533e-01  6.087614e-01  0.000000e+00
   outer loop
     vertex  1.750981e+02 -8.150000e+01  0.000000e+00
     vertex  1.746213e+02 -8.212132e+01  1.510000e+00
     vertex  1.750981e+02 -8.150000e+01  1.510000e+00
   endloop
 endfacet
 facet normal -7.933533e-01  6.087614e-01  2.661824e-18
   outer loop
     vertex  1.750981e+02 -8.150000e+01  0.000000e+00
     vertex  1.746213e+02 -8.212132e+01  0.000000e+00
     vertex  1.746213e+02 -8.212132e+01  1.510000e+00
   endloop
 endfacet
 facet normal -9.238795e-01  3.826834e-01  0.000000e+00
   outer loop
     vertex  1.753978e+02 -8.077646e+01  0.000000e+00
     vertex  1.750981e+02 -8.150000e+01  1.510000e+00
     vertex  1.753978e+02 -8.077646e+01  1.510000e+00
   endloop
 endfacet
 facet normal -9.238795e-01  3.826834e-01 -5.292585e-18
   outer loop
     vertex  1.753978e+02 -8.077646e+01  0.000000e+00
     vertex  1.750981e+02 -8.150000e+01  0.000000e+00
     vertex  1.750981e+02 -8.150000e+01  1.510000e+00
   endloop
 endfacet
 facet normal -9.914449e-01  1.305262e-01  0.000000e+00
   outer loop
     vertex  1.755000e+02 -8.000000e+01  0.000000e+00
     vertex  1.753978e+02 -8.077646e+01  1.510000e+00
     vertex  1.755000e+02 -8.000000e+01  1.510000e+00
   endloop
 endfacet
 facet normal -9.914449e-01  1.305262e-01  1.165384e-18
   outer loop
     vertex  1.755000e+02 -8.000000e+01  0.000000e+00
     vertex  1.753978e+02 -8.077646e+01  0.000000e+00
     vertex  1.753978e+02 -8.077646e+01  1.510000e+00
   endloop
 endfacet
 facet normal -9.914449e-01 -1.305262e-01  0.000000e+00
   outer loop
     vertex  1.753978e+02 -7.922354e+01  0.000000e+00
     vertex  1.755000e+02 -8.000000e+01  1.510000e+00
     vertex  1.753978e+02 -7.922354e+01  1.510000e+00
   endloop
 endfacet
 facet normal -9.914449e-01 -1.305262e-01 -1.165384e-18
   outer loop
     vertex  1.753978e+02 -7.922354e+01  0.000000e+00
     vertex  1.755000e+02 -8.000000e+01  0.000000e+00
     vertex  1.755000e+02 -8.000000e+01  1.510000e+00
   endloop
 endfacet
 facet normal -9.238795e-01 -3.826834e-01  0.000000e+00
   outer loop
     vertex  1.750981e+02 -7.850000e+01  0.000000e+00
     vertex  1.753978e+02 -7.922354e+01  1.510000e+00
     vertex  1.750981e+02 -7.850000e+01  1.510000e+00
   endloop
 endfacet
 facet normal -9.238795e-01 -3.826834e-01  5.292585e-18
   outer loop
     vertex  1.750981e+02 -7.850000e+01  0.000000e+00
     vertex  1.753978e+02 -7.922354e+01  0.000000e+00
     vertex  1.753978e+02 -7.922354e+01  1.510000e+00
   endloop
 endfacet
 facet normal -7.933533e-01 -6.087614e-01  0.000000e+00
   outer loop
     vertex  1.746213e+02 -7.787868e+01  0.000000e+00
     vertex  1.750981e+02 -7.850000e+01  1.510000e+00
     vertex  1.746213e+02 -7.787868e+01  1.510000e+00
   endloop
 endfacet
 facet normal -7.933533e-01 -6.087614e-01 -2.661824e-18
   outer loop
     vertex  1.746213e+02 -7.787868e+01  0.000000e+00
     vertex  1.750981e+02 -7.850000e+01  0.000000e+00
     vertex  1.750981e+02 -7.850000e+01  1.510000e+00
   endloop
 endfacet
 facet normal -6.087614e-01 -7.933533e-01  0.000000e+00
   outer loop
     vertex  1.740000e+02 -7.740192e+01  0.000000e+00
     vertex  1.746213e+02 -7.787868e+01  1.510000e+00
     vertex  1.740000e+02 -7.740192e+01  1.510000e+00
   endloop
 endfacet
 facet normal -6.087614e-01 -7.933533e-01  2.384831e-18
   outer loop
     vertex  1.740000e+02 -7.740192e+01  0.000000e+00
     vertex  1.746213e+02 -7.787868e+01  0.000000e+00
     vertex  1.746213e+02 -7.787868e+01  1.510000e+00
   endloop
 endfacet
 facet normal -1.305262e-01 -9.914449e-01  0.000000e+00
   outer loop
     vertex  1.732765e+02 -7.710222e+01  0.000000e+00
     vertex  1.732765e+02 -7.710222e+01  1.510000e+00
     vertex  1.725000e+02 -7.700000e+01  1.510000e+00
   endloop
 endfacet
 facet normal -3.826834e-01 -9.238795e-01  0.000000e+00
   outer loop
     vertex  1.732765e+02 -7.710222e+01  0.000000e+00
     vertex  1.740000e+02 -7.740192e+01  1.510000e+00
     vertex  1.732765e+02 -7.710222e+01  1.510000e+00
   endloop
 endfacet
 facet normal -3.826834e-01 -9.238795e-01  5.292585e-18
   outer loop
     vertex  1.732765e+02 -7.710222e+01  0.000000e+00
     vertex  1.740000e+02 -7.740192e+01  0.000000e+00
     vertex  1.740000e+02 -7.740192e+01  1.510000e+00
   endloop
 endfacet
 facet normal -1.305262e-01 -9.914449e-01  0.000000e+00
   outer loop
     vertex  1.725000e+02 -7.700000e+01  0.000000e+00
     vertex  1.732765e+02 -7.710222e+01  0.000000e+00
     vertex  1.725000e+02 -7.700000e+01  1.510000e+00
   endloop
 endfacet
 facet normal  1.305262e-01 -9.914449e-01  1.165384e-18
   outer loop
     vertex  1.717235e+02 -7.710222e+01  0.000000e+00
     vertex  1.725000e+02 -7.700000e+01  0.000000e+00
     vertex  1.725000e+02 -7.700000e+01  1.510000e+00
   endloop
 endfacet
 facet normal  1.305262e-01 -9.914449e-01  0.000000e+00
   outer loop
     vertex  1.717235e+02 -7.710222e+01  0.000000e+00
     vertex  1.725000e+02 -7.700000e+01  1.510000e+00
     vertex  1.717235e+02 -7.710222e+01  1.510000e+00
   endloop
 endfacet
 facet normal  3.826834e-01 -9.238795e-01 -5.292585e-18
   outer loop
     vertex  1.710000e+02 -7.740192e+01  0.000000e+00
     vertex  1.717235e+02 -7.710222e+01  0.000000e+00
     vertex  1.717235e+02 -7.710222e+01  1.510000e+00
   endloop
 endfacet
 facet normal  3.826834e-01 -9.238795e-01  0.000000e+00
   outer loop
     vertex  1.710000e+02 -7.740192e+01  0.000000e+00
     vertex  1.717235e+02 -7.710222e+01  1.510000e+00
     vertex  1.710000e+02 -7.740192e+01  1.510000e+00
   endloop
 endfacet
 facet normal  6.087614e-01 -7.933533e-01 -2.384831e-18
   outer loop
     vertex  1.703787e+02 -7.787868e+01  0.000000e+00
     vertex  1.710000e+02 -7.740192e+01  0.000000e+00
     vertex  1.710000e+02 -7.740192e+01  1.510000e+00
   endloop
 endfacet
 facet normal  7.933533e-01 -6.087614e-01  0.000000e+00
   outer loop
     vertex  1.703787e+02 -7.787868e+01  0.000000e+00
     vertex  1.703787e+02 -7.787868e+01  1.510000e+00
     vertex  1.699019e+02 -7.850000e+01  1.510000e+00
   endloop
 endfacet
 facet normal  6.087614e-01 -7.933533e-01  0.000000e+00
   outer loop
     vertex  1.703787e+02 -7.787868e+01  0.000000e+00
     vertex  1.710000e+02 -7.740192e+01  1.510000e+00
     vertex  1.703787e+02 -7.787868e+01  1.510000e+00
   endloop
 endfacet
 facet normal  7.933533e-01 -6.087614e-01  0.000000e+00
   outer loop
     vertex  1.699019e+02 -7.850000e+01  0.000000e+00
     vertex  1.703787e+02 -7.787868e+01  0.000000e+00
     vertex  1.699019e+02 -7.850000e+01  1.510000e+00
   endloop
 endfacet
 facet normal  9.238795e-01 -3.826834e-01 -5.292585e-18
   outer loop
     vertex  1.696022e+02 -7.922354e+01  0.000000e+00
     vertex  1.699019e+02 -7.850000e+01  0.000000e+00
     vertex  1.699019e+02 -7.850000e+01  1.510000e+00
   endloop
 endfacet
 facet normal  9.238795e-01 -3.826834e-01  0.000000e+00
   outer loop
     vertex  1.696022e+02 -7.922354e+01  0.000000e+00
     vertex  1.699019e+02 -7.850000e+01  1.510000e+00
     vertex  1.696022e+02 -7.922354e+01  1.510000e+00
   endloop
 endfacet
 facet normal  9.914449e-01 -1.305262e-01  1.165384e-18
   outer loop
     vertex  1.695000e+02 -8.000000e+01  0.000000e+00
     vertex  1.696022e+02 -7.922354e+01  0.000000e+00
     vertex  1.696022e+02 -7.922354e+01  1.510000e+00
   endloop
 endfacet
 facet normal  9.914449e-01 -1.305262e-01  0.000000e+00
   outer loop
     vertex  1.695000e+02 -8.000000e+01  0.000000e+00
     vertex  1.696022e+02 -7.922354e+01  1.510000e+00
     vertex  1.695000e+02 -8.000000e+01  1.510000e+00
   endloop
 endfacet
 facet normal  9.914449e-01  1.305262e-01 -0.000000e+00
   outer loop
     vertex  1.696022e+02 -8.077646e+01  0.000000e+00
     vertex  1.695000e+02 -8.000000e+01  1.510000e+00
     vertex  1.696022e+02 -8.077646e+01  1.510000e+00
   endloop
 endfacet
 facet normal  9.914449e-01  1.305262e-01 -1.165384e-18
   outer loop
     vertex  1.696022e+02 -8.077646e+01  0.000000e+00
     vertex  1.695000e+02 -8.000000e+01  0.000000e+00
     vertex  1.695000e+02 -8.000000e+01  1.510000e+00
   endloop
 endfacet
 facet normal  9.238795e-01  3.826834e-01 -0.000000e+00
   outer loop
     vertex  1.699019e+02 -8.150000e+01  0.000000e+00
     vertex  1.696022e+02 -8.077646e+01  1.510000e+00
     vertex  1.699019e+02 -8.150000e+01  1.510000e+00
   endloop
 endfacet
 facet normal  9.238795e-01  3.826834e-01  5.292585e-18
   outer loop
     vertex  1.699019e+02 -8.150000e+01  0.000000e+00
     vertex  1.696022e+02 -8.077646e+01  0.000000e+00
     vertex  1.696022e+02 -8.077646e+01  1.510000e+00
   endloop
 endfacet
 facet normal  7.933533e-01  6.087614e-01 -2.661824e-18
   outer loop
     vertex  1.703787e+02 -8.212132e+01  0.000000e+00
     vertex  1.699019e+02 -8.150000e+01  0.000000e+00
     vertex  1.699019e+02 -8.150000e+01  1.510000e+00
   endloop
 endfacet
 facet normal  6.087614e-01  7.933533e-01 -0.000000e+00
   outer loop
     vertex  1.703787e+02 -8.212132e+01  0.000000e+00
     vertex  1.703787e+02 -8.212132e+01  1.510000e+00
     vertex  1.710000e+02 -8.259808e+01  1.510000e+00
   endloop
 endfacet
 facet normal  7.933533e-01  6.087614e-01 -0.000000e+00
   outer loop
     vertex  1.703787e+02 -8.212132e+01  0.000000e+00
     vertex  1.699019e+02 -8.150000e+01  1.510000e+00
     vertex  1.703787e+02 -8.212132e+01  1.510000e+00
   endloop
 endfacet
 facet normal  6.087614e-01  7.933533e-01 -0.000000e+00
   outer loop
     vertex  1.710000e+02 -8.259808e+01  0.000000e+00
     vertex  1.703787e+02 -8.212132e+01  0.000000e+00
     vertex  1.710000e+02 -8.259808e+01  1.510000e+00
   endloop
 endfacet
 facet normal  1.305262e-01  9.914449e-01 -0.000000e+00
   outer loop
     vertex  1.717235e+02 -8.289778e+01  0.000000e+00
     vertex  1.717235e+02 -8.289778e+01  1.510000e+00
     vertex  1.725000e+02 -8.300000e+01  1.510000e+00
   endloop
 endfacet
 facet normal  3.826834e-01  9.238795e-01 -0.000000e+00
   outer loop
     vertex  1.717235e+02 -8.289778e+01  0.000000e+00
     vertex  1.710000e+02 -8.259808e+01  1.510000e+00
     vertex  1.717235e+02 -8.289778e+01  1.510000e+00
   endloop
 endfacet
 facet normal  3.826834e-01  9.238795e-01  5.292585e-18
   outer loop
     vertex  1.717235e+02 -8.289778e+01  0.000000e+00
     vertex  1.710000e+02 -8.259808e+01  0.000000e+00
     vertex  1.710000e+02 -8.259808e+01  1.510000e+00
   endloop
 endfacet
 facet normal  1.305262e-01  9.914449e-01 -0.000000e+00
   outer loop
     vertex  1.725000e+02 -8.300000e+01  0.000000e+00
     vertex  1.717235e+02 -8.289778e+01  0.000000e+00
     vertex  1.725000e+02 -8.300000e+01  1.510000e+00
   endloop
 endfacet
endsolid
